10:32:30 info: Microsoft.Hosting.Lifetime[14] Now listening on: http://localhost:18771
10:32:30 info: Microsoft.Hosting.Lifetime[0] Application started. Press Ctrl+C to shut down.
10:32:30 info: Microsoft.Hosting.Lifetime[0] Hosting environment: Production
10:32:30 info: Microsoft.Hosting.Lifetime[0] Content root path: D:\wenjian\minecraft\7-M
10:32:30 info: BridgeServer[0] Coordinate mapping loaded: scale=1, offsets=(0, 0, 0); config D:\wenjian\minecraft\7-M\config\coordinate.json
10:32:30 info: BridgeServer[0] Bridge connected ¡ª listening ws://localhost:18771/ws; config D:\wenjian\minecraft\7-M\config\network.json
10:32:48 info: Microsoft.AspNetCore.Hosting.Diagnostics[1] Request starting HTTP/1.1 GET http://localhost:18771/ws - - -
10:32:48 info: Microsoft.AspNetCore.Routing.EndpointMiddleware[0] Executing endpoint '/ws'
10:32:48 info: BridgeServer[0] Minecraft connected
10:32:54 info: Microsoft.AspNetCore.Hosting.Diagnostics[1] Request starting HTTP/1.1 GET http://localhost:18771/ws - - -
10:32:54 info: Microsoft.AspNetCore.Routing.EndpointMiddleware[0] Executing endpoint '/ws'
10:32:54 info: BridgeServer[0] 7DTD connected
10:32:54 info: BridgeServer[0] Test forwarded: minecraft -> 7dtd
10:32:54 info: BridgeServer[0] Test forwarded: 7dtd -> minecraft
10:33:10 info: BridgeServer[0] Player position forwarded: minecraft -> 7dtd (-46.4980827909365, 71, 73.39785432349018)
10:33:10 info: BridgeServer[0] Entity registry: spawned, id=b1309ec5-6389-4794-9f80-3942103123f1, count=1
10:33:10 info: BridgeServer[0] [Presentation] entity=b1309ec5-6389-4794-9f80-3942103123f1 state=[presentation, {   "renderer": "humanoid",   "model": "player",   "scale": 1.0,   "variant": "default" }]
10:33:10 info: BridgeServer[0] Entity state forwarded: minecraft -> 7dtd (spawn, b1309ec5-6389-4794-9f80-3942103123f1)
10:33:10 info: BridgeServer[0] Player position forwarded: minecraft -> 7dtd (-46.4980827909365, 71, 73.39785432349018)
10:33:10 info: BridgeServer[0] Entity registry: updated, id=b1309ec5-6389-4794-9f80-3942103123f1, count=1
10:33:10 info: BridgeServer[0] [Presentation] entity=b1309ec5-6389-4794-9f80-3942103123f1 state=[presentation, {   "renderer": "humanoid",   "model": "player",   "scale": 1.0,   "variant": "default" }]
10:33:10 info: BridgeServer[0] Entity state forwarded: minecraft -> 7dtd (update, b1309ec5-6389-4794-9f80-3942103123f1)
10:33:11 info: BridgeServer[0] Player position forwarded: minecraft -> 7dtd (-46.4980827909365, 71, 73.39785432349018)
10:33:11 info: BridgeServer[0] Entity registry: updated, id=b1309ec5-6389-4794-9f80-3942103123f1, count=1
10:33:11 info: BridgeServer[0] [Presentation] entity=b1309ec5-6389-4794-9f80-3942103123f1 state=[presentation, {   "renderer": "humanoid",   "model": "player",   "scale": 1.0,   "variant": "default" }]
10:33:11 info: BridgeServer[0] Entity state forwarded: minecraft -> 7dtd (update, b1309ec5-6389-4794-9f80-3942103123f1)
10:33:12 info: BridgeServer[0] Player position forwarded: minecraft -> 7dtd (-46.4980827909365, 71, 73.39785432349018)
10:33:12 info: BridgeServer[0] Entity registry: updated, id=b1309ec5-6389-4794-9f80-3942103123f1, count=1
10:33:12 info: BridgeServer[0] [Presentation] entity=b1309ec5-6389-4794-9f80-3942103123f1 state=[presentation, {   "renderer": "humanoid",   "model": "player",   "scale": 1.0,   "variant": "default" }]
10:33:12 info: BridgeServer[0] Entity state forwarded: minecraft -> 7dtd (update, b1309ec5-6389-4794-9f80-3942103123f1)
10:33:12 info: BridgeServer[0] Player position forwarded: minecraft -> 7dtd (-46.4980827909365, 71, 73.39785432349018)
10:33:12 info: BridgeServer[0] Entity registry: updated, id=b1309ec5-6389-4794-9f80-3942103123f1, count=1
10:33:12 info: BridgeServer[0] [Presentation] entity=b1309ec5-6389-4794-9f80-3942103123f1 state=[presentation, {   "renderer": "humanoid",   "model": "player",   "scale": 1.0,   "variant": "default" }]
10:33:12 info: BridgeServer[0] Entity state forwarded: minecraft -> 7dtd (update, b1309ec5-6389-4794-9f80-3942103123f1)
10:33:13 info: BridgeServer[0] Player position forwarded: minecraft -> 7dtd (-46.4980827909365, 71, 73.39785432349018)
10:33:13 info: BridgeServer[0] Entity registry: updated, id=b1309ec5-6389-4794-9f80-3942103123f1, count=1
10:33:13 info: BridgeServer[0] [Presentation] entity=b1309ec5-6389-4794-9f80-3942103123f1 state=[presentation, {   "renderer": "humanoid",   "model": "player",   "scale": 1.0,   "variant": "default" }]
10:33:13 info: BridgeServer[0] Entity state forwarded: minecraft -> 7dtd (update, b1309ec5-6389-4794-9f80-3942103123f1)
10:33:13 info: BridgeServer[0] Player position forwarded: minecraft -> 7dtd (-46.4980827909365, 71, 73.39785432349018)
10:33:13 info: BridgeServer[0] Entity registry: updated, id=b1309ec5-6389-4794-9f80-3942103123f1, count=1
10:33:13 info: BridgeServer[0] [Presentation] entity=b1309ec5-6389-4794-9f80-3942103123f1 state=[presentation, {   "renderer": "humanoid",   "model": "player",   "scale": 1.0,   "variant": "default" }]
10:33:13 info: BridgeServer[0] Entity state forwarded: minecraft -> 7dtd (update, b1309ec5-6389-4794-9f80-3942103123f1)
10:33:14 info: BridgeServer[0] Player position forwarded: minecraft -> 7dtd (-46.4980827909365, 71, 73.39785432349018)
10:33:14 info: BridgeServer[0] Entity registry: updated, id=b1309ec5-6389-4794-9f80-3942103123f1, count=1
10:33:14 info: BridgeServer[0] [Presentation] entity=b1309ec5-6389-4794-9f80-3942103123f1 state=[presentation, {   "renderer": "humanoid",   "model": "player",   "scale": 1.0,   "variant": "default" }]
10:33:14 info: BridgeServer[0] Entity state forwarded: minecraft -> 7dtd (update, b1309ec5-6389-4794-9f80-3942103123f1)
10:33:14 info: BridgeServer[0] Player position forwarded: minecraft -> 7dtd (-46.4980827909365, 71, 73.39785432349018)
10:33:14 info: BridgeServer[0] Entity registry: updated, id=b1309ec5-6389-4794-9f80-3942103123f1, count=1
10:33:14 info: BridgeServer[0] [Presentation] entity=b1309ec5-6389-4794-9f80-3942103123f1 state=[presentation, {   "renderer": "humanoid",   "model": "player",   "scale": 1.0,   "variant": "default" }]
10:33:14 info: BridgeServer[0] Entity state forwarded: minecraft -> 7dtd (update, b1309ec5-6389-4794-9f80-3942103123f1)
10:33:15 info: BridgeServer[0] Player position forwarded: minecraft -> 7dtd (-46.4980827909365, 71, 73.39785432349018)
10:33:15 info: BridgeServer[0] Entity registry: updated, id=b1309ec5-6389-4794-9f80-3942103123f1, count=1
10:33:15 info: BridgeServer[0] [Presentation] entity=b1309ec5-6389-4794-9f80-3942103123f1 state=[presentation, {   "renderer": "humanoid",   "model": "player",   "scale": 1.0,   "variant": "default" }]
10:33:15 info: BridgeServer[0] Entity state forwarded: minecraft -> 7dtd (update, b1309ec5-6389-4794-9f80-3942103123f1)
10:33:15 info: BridgeServer[0] Player position forwarded: minecraft -> 7dtd (-46.4980827909365, 71, 73.39785432349018)
10:33:15 info: BridgeServer[0] Entity registry: updated, id=b1309ec5-6389-4794-9f80-3942103123f1, count=1
10:33:15 info: BridgeServer[0] [Presentation] entity=b1309ec5-6389-4794-9f80-3942103123f1 state=[presentation, {   "renderer": "humanoid",   "model": "player",   "scale": 1.0,   "variant": "default" }]
10:33:15 info: BridgeServer[0] Entity state forwarded: minecraft -> 7dtd (update, b1309ec5-6389-4794-9f80-3942103123f1)
10:33:58 info: BridgeServer[0] Test forwarded: 7dtd -> minecraft
10:33:58 info: BridgeServer[0] Entity registry: despawned, id=b1309ec5-6389-4794-9f80-3942103123f1, count=0
10:33:58 info: BridgeServer[0] Entity state forwarded: minecraft -> 7dtd (despawn, b1309ec5-6389-4794-9f80-3942103123f1)
10:33:58 info: BridgeServer[0] Entity registry: spawned, id=c059d49e-a961-4355-af69-db50d0971c15, count=1
10:33:58 info: BridgeServer[0] [Presentation] entity=c059d49e-a961-4355-af69-db50d0971c15 state=[presentation, {   "renderer": "humanoid",   "model": "player",   "scale": 1.0,   "variant": "default" }]
10:33:58 info: BridgeServer[0] Entity state forwarded: minecraft -> 7dtd (spawn, c059d49e-a961-4355-af69-db50d0971c15)
10:33:58 info: BridgeServer[0] Entity registry: spawned, id=524e1209-5e93-4e0c-80eb-9aed64664243, count=1
10:33:58 info: BridgeServer[0] [Presentation] entity=524e1209-5e93-4e0c-80eb-9aed64664243 state=[presentation, {   "renderer": "humanoid",   "model": "survivor",   "scale": 1.0,   "variant": "default" }]
10:33:58 info: BridgeServer[0] Entity state forwarded: 7dtd -> minecraft (spawn, 524e1209-5e93-4e0c-80eb-9aed64664243)
10:33:58 warn: BridgeServer[0] Health component rejected: unsupported_component
10:33:59 info: BridgeServer[0] Entity registry: updated, id=524e1209-5e93-4e0c-80eb-9aed64664243, count=1
10:33:59 info: BridgeServer[0] [Presentation] entity=524e1209-5e93-4e0c-80eb-9aed64664243 state=[presentation, {   "renderer": "humanoid",   "model": "survivor",   "scale": 1.0,   "variant": "default" }]
10:33:59 info: BridgeServer[0] Entity state forwarded: 7dtd -> minecraft (update, 524e1209-5e93-4e0c-80eb-9aed64664243)
10:34:00 info: BridgeServer[0] Entity registry: updated, id=524e1209-5e93-4e0c-80eb-9aed64664243, count=1
10:34:00 info: BridgeServer[0] [Presentation] entity=524e1209-5e93-4e0c-80eb-9aed64664243 state=[presentation, {   "renderer": "humanoid",   "model": "survivor",   "scale": 1.0,   "variant": "default" }]
10:34:00 info: BridgeServer[0] Entity state forwarded: 7dtd -> minecraft (update, 524e1209-5e93-4e0c-80eb-9aed64664243)
10:34:00 info: BridgeServer[0] Entity registry: updated, id=524e1209-5e93-4e0c-80eb-9aed64664243, count=1
10:34:00 info: BridgeServer[0] [Presentation] entity=524e1209-5e93-4e0c-80eb-9aed64664243 state=[presentation, {   "renderer": "humanoid",   "model": "survivor",   "scale": 1.0,   "variant": "default" }]
10:34:00 info: BridgeServer[0] Entity state forwarded: 7dtd -> minecraft (update, 524e1209-5e93-4e0c-80eb-9aed64664243)
10:34:01 info: BridgeServer[0] Entity registry: updated, id=524e1209-5e93-4e0c-80eb-9aed64664243, count=1
10:34:01 info: BridgeServer[0] [Presentation] entity=524e1209-5e93-4e0c-80eb-9aed64664243 state=[presentation, {   "renderer": "humanoid",   "model": "survivor",   "scale": 1.0,   "variant": "default" }]
10:34:01 info: BridgeServer[0] Entity state forwarded: 7dtd -> minecraft (update, 524e1209-5e93-4e0c-80eb-9aed64664243)
10:34:01 info: BridgeServer[0] Entity registry: updated, id=524e1209-5e93-4e0c-80eb-9aed64664243, count=1
10:34:01 info: BridgeServer[0] [Presentation] entity=524e1209-5e93-4e0c-80eb-9aed64664243 state=[presentation, {   "renderer": "humanoid",   "model": "survivor",   "scale": 1.0,   "variant": "default" }]
10:34:01 info: BridgeServer[0] Entity state forwarded: 7dtd -> minecraft (update, 524e1209-5e93-4e0c-80eb-9aed64664243)
10:34:02 info: BridgeServer[0] Entity registry: updated, id=524e1209-5e93-4e0c-80eb-9aed64664243, count=1
10:34:02 info: BridgeServer[0] [Presentation] entity=524e1209-5e93-4e0c-80eb-9aed64664243 state=[presentation, {   "renderer": "humanoid",   "model": "survivor",   "scale": 1.0,   "variant": "default" }]
10:34:02 info: BridgeServer[0] Entity state forwarded: 7dtd -> minecraft (update, 524e1209-5e93-4e0c-80eb-9aed64664243)
10:34:02 info: BridgeServer[0] Entity registry: updated, id=524e1209-5e93-4e0c-80eb-9aed64664243, count=1
10:34:02 info: BridgeServer[0] [Presentation] entity=524e1209-5e93-4e0c-80eb-9aed64664243 state=[presentation, {   "renderer": "humanoid",   "model": "survivor",   "scale": 1.0,   "variant": "default" }]
10:34:02 info: BridgeServer[0] Entity state forwarded: 7dtd -> minecraft (update, 524e1209-5e93-4e0c-80eb-9aed64664243)
10:34:03 info: BridgeServer[0] Entity registry: updated, id=524e1209-5e93-4e0c-80eb-9aed64664243, count=1
10:34:03 info: BridgeServer[0] [Presentation] entity=524e1209-5e93-4e0c-80eb-9aed64664243 state=[presentation, {   "renderer": "humanoid",   "model": "survivor",   "scale": 1.0,   "variant": "default" }]
10:34:03 info: BridgeServer[0] Entity state forwarded: 7dtd -> minecraft (update, 524e1209-5e93-4e0c-80eb-9aed64664243)
10:34:03 info: BridgeServer[0] Entity registry: updated, id=524e1209-5e93-4e0c-80eb-9aed64664243, count=1
10:34:03 info: BridgeServer[0] [Presentation] entity=524e1209-5e93-4e0c-80eb-9aed64664243 state=[presentation, {   "renderer": "humanoid",   "model": "survivor",   "scale": 1.0,   "variant": "default" }]
10:34:03 info: BridgeServer[0] Entity state forwarded: 7dtd -> minecraft (update, 524e1209-5e93-4e0c-80eb-9aed64664243)
10:34:04 info: BridgeServer[0] Entity registry: updated, id=524e1209-5e93-4e0c-80eb-9aed64664243, count=1
10:34:04 info: BridgeServer[0] [Presentation] entity=524e1209-5e93-4e0c-80eb-9aed64664243 state=[presentation, {   "renderer": "humanoid",   "model": "survivor",   "scale": 1.0,   "variant": "default" }]
10:34:04 info: BridgeServer[0] Entity state forwarded: 7dtd -> minecraft (update, 524e1209-5e93-4e0c-80eb-9aed64664243)
10:34:04 info: BridgeServer[0] Entity registry: updated, id=524e1209-5e93-4e0c-80eb-9aed64664243, count=1
10:34:04 info: BridgeServer[0] [Presentation] entity=524e1209-5e93-4e0c-80eb-9aed64664243 state=[presentation, {   "renderer": "humanoid",   "model": "survivor",   "scale": 1.0,   "variant": "default" }]
10:34:04 info: BridgeServer[0] Entity state forwarded: 7dtd -> minecraft (update, 524e1209-5e93-4e0c-80eb-9aed64664243)
10:34:05 info: BridgeServer[0] Entity registry: updated, id=524e1209-5e93-4e0c-80eb-9aed64664243, count=1
10:34:05 info: BridgeServer[0] [Presentation] entity=524e1209-5e93-4e0c-80eb-9aed64664243 state=[presentation, {   "renderer": "humanoid",   "model": "survivor",   "scale": 1.0,   "variant": "default" }]
10:34:05 info: BridgeServer[0] Entity state forwarded: 7dtd -> minecraft (update, 524e1209-5e93-4e0c-80eb-9aed64664243)
10:34:05 info: BridgeServer[0] Entity registry: updated, id=524e1209-5e93-4e0c-80eb-9aed64664243, count=1
10:34:05 info: BridgeServer[0] [Presentation] entity=524e1209-5e93-4e0c-80eb-9aed64664243 state=[presentation, {   "renderer": "humanoid",   "model": "survivor",   "scale": 1.0,   "variant": "default" }]
10:34:05 info: BridgeServer[0] Entity state forwarded: 7dtd -> minecraft (update, 524e1209-5e93-4e0c-80eb-9aed64664243)
10:34:06 info: BridgeServer[0] Entity registry: updated, id=524e1209-5e93-4e0c-80eb-9aed64664243, count=1
10:34:06 info: BridgeServer[0] [Presentation] entity=524e1209-5e93-4e0c-80eb-9aed64664243 state=[presentation, {   "renderer": "humanoid",   "model": "survivor",   "scale": 1.0,   "variant": "default" }]
10:34:06 info: BridgeServer[0] Entity state forwarded: 7dtd -> minecraft (update, 524e1209-5e93-4e0c-80eb-9aed64664243)
10:34:06 info: BridgeServer[0] Player position forwarded: minecraft -> 7dtd (-46.4980827909365, 71, 73.39785432349018)
10:34:06 info: BridgeServer[0] Entity registry: updated, id=c059d49e-a961-4355-af69-db50d0971c15, count=1
10:34:06 info: BridgeServer[0] [Presentation] entity=c059d49e-a961-4355-af69-db50d0971c15 state=[presentation, {   "renderer": "humanoid",   "model": "player",   "scale": 1.0,   "variant": "default" }]
10:34:06 info: BridgeServer[0] Entity state forwarded: minecraft -> 7dtd (update, c059d49e-a961-4355-af69-db50d0971c15)
10:34:07 info: BridgeServer[0] Entity registry: updated, id=524e1209-5e93-4e0c-80eb-9aed64664243, count=1
10:34:07 info: BridgeServer[0] [Presentation] entity=524e1209-5e93-4e0c-80eb-9aed64664243 state=[presentation, {   "renderer": "humanoid",   "model": "survivor",   "scale": 1.0,   "variant": "default" }]
10:34:07 info: BridgeServer[0] Entity state forwarded: 7dtd -> minecraft (update, 524e1209-5e93-4e0c-80eb-9aed64664243)
10:34:07 info: BridgeServer[0] Player position forwarded: minecraft -> 7dtd (-46.4980827909365, 71, 73.39785432349018)
10:34:07 info: BridgeServer[0] Entity registry: updated, id=c059d49e-a961-4355-af69-db50d0971c15, count=1
10:34:07 info: BridgeServer[0] [Presentation] entity=c059d49e-a961-4355-af69-db50d0971c15 state=[presentation, {   "renderer": "humanoid",   "model": "player",   "scale": 1.0,   "variant": "default" }]
10:34:07 info: BridgeServer[0] Entity state forwarded: minecraft -> 7dtd (update, c059d49e-a961-4355-af69-db50d0971c15)
10:34:07 info: BridgeServer[0] Entity registry: updated, id=524e1209-5e93-4e0c-80eb-9aed64664243, count=1
10:34:07 info: BridgeServer[0] [Presentation] entity=524e1209-5e93-4e0c-80eb-9aed64664243 state=[presentation, {   "renderer": "humanoid",   "model": "survivor",   "scale": 1.0,   "variant": "default" }]
10:34:07 info: BridgeServer[0] Entity state forwarded: 7dtd -> minecraft (update, 524e1209-5e93-4e0c-80eb-9aed64664243)
10:34:07 info: BridgeServer[0] Player position forwarded: minecraft -> 7dtd (-46.4980827909365, 71, 73.39785432349018)
10:34:07 info: BridgeServer[0] Entity registry: updated, id=c059d49e-a961-4355-af69-db50d0971c15, count=1
10:34:07 info: BridgeServer[0] [Presentation] entity=c059d49e-a961-4355-af69-db50d0971c15 state=[presentation, {   "renderer": "humanoid",   "model": "player",   "scale": 1.0,   "variant": "default" }]
10:34:07 info: BridgeServer[0] Entity state forwarded: minecraft -> 7dtd (update, c059d49e-a961-4355-af69-db50d0971c15)
10:34:07 info: BridgeServer[0] Entity registry: updated, id=524e1209-5e93-4e0c-80eb-9aed64664243, count=1
10:34:07 info: BridgeServer[0] [Presentation] entity=524e1209-5e93-4e0c-80eb-9aed64664243 state=[presentation, {   "renderer": "humanoid",   "model": "survivor",   "scale": 1.0,   "variant": "default" }]
10:34:07 info: BridgeServer[0] Entity state forwarded: 7dtd -> minecraft (update, 524e1209-5e93-4e0c-80eb-9aed64664243)
10:34:08 info: BridgeServer[0] Player position forwarded: minecraft -> 7dtd (-46.4980827909365, 71, 73.39785432349018)
10:34:08 info: BridgeServer[0] Entity registry: updated, id=c059d49e-a961-4355-af69-db50d0971c15, count=1
10:34:08 info: BridgeServer[0] [Presentation] entity=c059d49e-a961-4355-af69-db50d0971c15 state=[presentation, {   "renderer": "humanoid",   "model": "player",   "scale": 1.0,   "variant": "default" }]
10:34:08 info: BridgeServer[0] Entity state forwarded: minecraft -> 7dtd (update, c059d49e-a961-4355-af69-db50d0971c15)
10:34:08 info: BridgeServer[0] Entity registry: updated, id=524e1209-5e93-4e0c-80eb-9aed64664243, count=1
10:34:08 info: BridgeServer[0] [Presentation] entity=524e1209-5e93-4e0c-80eb-9aed64664243 state=[presentation, {   "renderer": "humanoid",   "model": "survivor",   "scale": 1.0,   "variant": "default" }]
10:34:08 info: BridgeServer[0] Entity state forwarded: 7dtd -> minecraft (update, 524e1209-5e93-4e0c-80eb-9aed64664243)
10:34:08 info: BridgeServer[0] Player position forwarded: minecraft -> 7dtd (-46.4980827909365, 71, 73.39785432349018)
10:34:08 info: BridgeServer[0] Entity registry: updated, id=c059d49e-a961-4355-af69-db50d0971c15, count=1
10:34:08 info: BridgeServer[0] [Presentation] entity=c059d49e-a961-4355-af69-db50d0971c15 state=[presentation, {   "renderer": "humanoid",   "model": "player",   "scale": 1.0,   "variant": "default" }]
10:34:08 info: BridgeServer[0] Entity state forwarded: minecraft -> 7dtd (update, c059d49e-a961-4355-af69-db50d0971c15)
10:34:08 info: BridgeServer[0] Entity registry: updated, id=524e1209-5e93-4e0c-80eb-9aed64664243, count=1
10:34:08 info: BridgeServer[0] [Presentation] entity=524e1209-5e93-4e0c-80eb-9aed64664243 state=[presentation, {   "renderer": "humanoid",   "model": "survivor",   "scale": 1.0,   "variant": "default" }]
10:34:08 info: BridgeServer[0] Entity state forwarded: 7dtd -> minecraft (update, 524e1209-5e93-4e0c-80eb-9aed64664243)
10:34:09 info: BridgeServer[0] Player position forwarded: minecraft -> 7dtd (-46.4980827909365, 71, 73.39785432349018)
10:34:09 info: BridgeServer[0] Entity registry: updated, id=c059d49e-a961-4355-af69-db50d0971c15, count=1
10:34:09 info: BridgeServer[0] [Presentation] entity=c059d49e-a961-4355-af69-db50d0971c15 state=[presentation, {   "renderer": "humanoid",   "model": "player",   "scale": 1.0,   "variant": "default" }]
10:34:09 info: BridgeServer[0] Entity state forwarded: minecraft -> 7dtd (update, c059d49e-a961-4355-af69-db50d0971c15)
10:34:09 info: BridgeServer[0] Entity registry: updated, id=524e1209-5e93-4e0c-80eb-9aed64664243, count=1
10:34:09 info: BridgeServer[0] [Presentation] entity=524e1209-5e93-4e0c-80eb-9aed64664243 state=[presentation, {   "renderer": "humanoid",   "model": "survivor",   "scale": 1.0,   "variant": "default" }]
10:34:09 info: BridgeServer[0] Entity state forwarded: 7dtd -> minecraft (update, 524e1209-5e93-4e0c-80eb-9aed64664243)
10:34:09 info: BridgeServer[0] Player position forwarded: minecraft -> 7dtd (-46.4980827909365, 71, 73.39785432349018)
10:34:09 info: BridgeServer[0] Entity registry: updated, id=c059d49e-a961-4355-af69-db50d0971c15, count=1
10:34:09 info: BridgeServer[0] [Presentation] entity=c059d49e-a961-4355-af69-db50d0971c15 state=[presentation, {   "renderer": "humanoid",   "model": "player",   "scale": 1.0,   "variant": "default" }]
10:34:09 info: BridgeServer[0] Entity state forwarded: minecraft -> 7dtd (update, c059d49e-a961-4355-af69-db50d0971c15)
10:34:09 info: BridgeServer[0] Entity registry: updated, id=524e1209-5e93-4e0c-80eb-9aed64664243, count=1
10:34:09 info: BridgeServer[0] [Presentation] entity=524e1209-5e93-4e0c-80eb-9aed64664243 state=[presentation, {   "renderer": "humanoid",   "model": "survivor",   "scale": 1.0,   "variant": "default" }]
10:34:09 info: BridgeServer[0] Entity state forwarded: 7dtd -> minecraft (update, 524e1209-5e93-4e0c-80eb-9aed64664243)
10:34:10 info: BridgeServer[0] Player position forwarded: minecraft -> 7dtd (-46.4980827909365, 71, 73.39785432349018)
10:34:10 info: BridgeServer[0] Entity registry: updated, id=c059d49e-a961-4355-af69-db50d0971c15, count=1
10:34:10 info: BridgeServer[0] [Presentation] entity=c059d49e-a961-4355-af69-db50d0971c15 state=[presentation, {   "renderer": "humanoid",   "model": "player",   "scale": 1.0,   "variant": "default" }]
10:34:10 info: BridgeServer[0] Entity state forwarded: minecraft -> 7dtd (update, c059d49e-a961-4355-af69-db50d0971c15)
10:34:10 info: BridgeServer[0] Entity registry: updated, id=524e1209-5e93-4e0c-80eb-9aed64664243, count=1
10:34:10 info: BridgeServer[0] [Presentation] entity=524e1209-5e93-4e0c-80eb-9aed64664243 state=[presentation, {   "renderer": "humanoid",   "model": "survivor",   "scale": 1.0,   "variant": "default" }]
10:34:10 info: BridgeServer[0] Entity state forwarded: 7dtd -> minecraft (update, 524e1209-5e93-4e0c-80eb-9aed64664243)
10:34:10 info: BridgeServer[0] Player position forwarded: minecraft -> 7dtd (-46.4980827909365, 71, 73.39785432349018)
10:34:10 info: BridgeServer[0] Entity registry: updated, id=c059d49e-a961-4355-af69-db50d0971c15, count=1
10:34:10 info: BridgeServer[0] [Presentation] entity=c059d49e-a961-4355-af69-db50d0971c15 state=[presentation, {   "renderer": "humanoid",   "model": "player",   "scale": 1.0,   "variant": "default" }]
10:34:10 info: BridgeServer[0] Entity state forwarded: minecraft -> 7dtd (update, c059d49e-a961-4355-af69-db50d0971c15)
10:34:10 info: BridgeServer[0] Entity registry: updated, id=524e1209-5e93-4e0c-80eb-9aed64664243, count=1
10:34:10 info: BridgeServer[0] [Presentation] entity=524e1209-5e93-4e0c-80eb-9aed64664243 state=[presentation, {   "renderer": "humanoid",   "model": "survivor",   "scale": 1.0,   "variant": "default" }]
10:34:10 info: BridgeServer[0] Entity state forwarded: 7dtd -> minecraft (update, 524e1209-5e93-4e0c-80eb-9aed64664243)
10:34:11 info: BridgeServer[0] Player position forwarded: minecraft -> 7dtd (-46.4980827909365, 71, 73.39785432349018)
10:34:11 info: BridgeServer[0] Entity registry: updated, id=c059d49e-a961-4355-af69-db50d0971c15, count=1
10:34:11 info: BridgeServer[0] [Presentation] entity=c059d49e-a961-4355-af69-db50d0971c15 state=[presentation, {   "renderer": "humanoid",   "model": "player",   "scale": 1.0,   "variant": "default" }]
10:34:11 info: BridgeServer[0] Entity state forwarded: minecraft -> 7dtd (update, c059d49e-a961-4355-af69-db50d0971c15)
10:34:11 info: BridgeServer[0] Entity registry: updated, id=524e1209-5e93-4e0c-80eb-9aed64664243, count=1
10:34:11 info: BridgeServer[0] [Presentation] entity=524e1209-5e93-4e0c-80eb-9aed64664243 state=[presentation, {   "renderer": "humanoid",   "model": "survivor",   "scale": 1.0,   "variant": "default" }]
10:34:11 info: BridgeServer[0] Entity state forwarded: 7dtd -> minecraft (update, 524e1209-5e93-4e0c-80eb-9aed64664243)
10:34:11 info: BridgeServer[0] Player position forwarded: minecraft -> 7dtd (-46.4980827909365, 71, 73.39785432349018)
10:34:11 info: BridgeServer[0] Entity registry: updated, id=c059d49e-a961-4355-af69-db50d0971c15, count=1
10:34:11 info: BridgeServer[0] [Presentation] entity=c059d49e-a961-4355-af69-db50d0971c15 state=[presentation, {   "renderer": "humanoid",   "model": "player",   "scale": 1.0,   "variant": "default" }]
10:34:11 info: BridgeServer[0] Entity state forwarded: minecraft -> 7dtd (update, c059d49e-a961-4355-af69-db50d0971c15)
10:34:12 info: BridgeServer[0] Entity registry: updated, id=524e1209-5e93-4e0c-80eb-9aed64664243, count=1
10:34:12 info: BridgeServer[0] [Presentation] entity=524e1209-5e93-4e0c-80eb-9aed64664243 state=[presentation, {   "renderer": "humanoid",   "model": "survivor",   "scale": 1.0,   "variant": "default" }]
10:34:12 info: BridgeServer[0] Entity state forwarded: 7dtd -> minecraft (update, 524e1209-5e93-4e0c-80eb-9aed64664243)
10:34:12 info: BridgeServer[0] Player position forwarded: minecraft -> 7dtd (-46.4980827909365, 71, 73.39785432349018)
10:34:12 info: BridgeServer[0] Entity registry: updated, id=c059d49e-a961-4355-af69-db50d0971c15, count=1
10:34:12 info: BridgeServer[0] [Presentation] entity=c059d49e-a961-4355-af69-db50d0971c15 state=[presentation, {   "renderer": "humanoid",   "model": "player",   "scale": 1.0,   "variant": "default" }]
10:34:12 info: BridgeServer[0] Entity state forwarded: minecraft -> 7dtd (update, c059d49e-a961-4355-af69-db50d0971c15)
10:34:12 info: BridgeServer[0] Entity registry: updated, id=524e1209-5e93-4e0c-80eb-9aed64664243, count=1
10:34:12 info: BridgeServer[0] [Presentation] entity=524e1209-5e93-4e0c-80eb-9aed64664243 state=[presentation, {   "renderer": "humanoid",   "model": "survivor",   "scale": 1.0,   "variant": "default" }]
10:34:12 info: BridgeServer[0] Entity state forwarded: 7dtd -> minecraft (update, 524e1209-5e93-4e0c-80eb-9aed64664243)
10:34:12 info: BridgeServer[0] Entity registry: updated, id=524e1209-5e93-4e0c-80eb-9aed64664243, count=1
10:34:12 info: BridgeServer[0] [Presentation] entity=524e1209-5e93-4e0c-80eb-9aed64664243 state=[presentation, {   "renderer": "humanoid",   "model": "survivor",   "scale": 1.0,   "variant": "default" }]
10:34:12 info: BridgeServer[0] Entity state forwarded: 7dtd -> minecraft (update, 524e1209-5e93-4e0c-80eb-9aed64664243)
10:34:13 info: BridgeServer[0] Player position forwarded: minecraft -> 7dtd (-46.4980827909365, 71, 73.39785432349018)
10:34:13 info: BridgeServer[0] Entity registry: updated, id=c059d49e-a961-4355-af69-db50d0971c15, count=1
10:34:13 info: BridgeServer[0] [Presentation] entity=c059d49e-a961-4355-af69-db50d0971c15 state=[presentation, {   "renderer": "humanoid",   "model": "player",   "scale": 1.0,   "variant": "default" }]
10:34:13 info: BridgeServer[0] Entity state forwarded: minecraft -> 7dtd (update, c059d49e-a961-4355-af69-db50d0971c15)
10:34:13 info: BridgeServer[0] Player position forwarded: minecraft -> 7dtd (-46.4980827909365, 71, 73.39785432349018)
10:34:13 info: BridgeServer[0] Entity registry: updated, id=c059d49e-a961-4355-af69-db50d0971c15, count=1
10:34:13 info: BridgeServer[0] [Presentation] entity=c059d49e-a961-4355-af69-db50d0971c15 state=[presentation, {   "renderer": "humanoid",   "model": "player",   "scale": 1.0,   "variant": "default" }]
10:34:13 info: BridgeServer[0] Entity state forwarded: minecraft -> 7dtd (update, c059d49e-a961-4355-af69-db50d0971c15)
10:34:13 info: BridgeServer[0] Entity registry: updated, id=524e1209-5e93-4e0c-80eb-9aed64664243, count=1
10:34:13 info: BridgeServer[0] [Presentation] entity=524e1209-5e93-4e0c-80eb-9aed64664243 state=[presentation, {   "renderer": "humanoid",   "model": "survivor",   "scale": 1.0,   "variant": "default" }]
10:34:13 info: BridgeServer[0] Entity state forwarded: 7dtd -> minecraft (update, 524e1209-5e93-4e0c-80eb-9aed64664243)
10:34:14 info: BridgeServer[0] Entity registry: updated, id=524e1209-5e93-4e0c-80eb-9aed64664243, count=1
10:34:14 info: BridgeServer[0] [Presentation] entity=524e1209-5e93-4e0c-80eb-9aed64664243 state=[presentation, {   "renderer": "humanoid",   "model": "survivor",   "scale": 1.0,   "variant": "default" }]
10:34:14 info: BridgeServer[0] Entity state forwarded: 7dtd -> minecraft (update, 524e1209-5e93-4e0c-80eb-9aed64664243)
10:34:14 info: BridgeServer[0] Player position forwarded: minecraft -> 7dtd (-46.4980827909365, 71, 73.39785432349018)
10:34:14 info: BridgeServer[0] Entity registry: updated, id=c059d49e-a961-4355-af69-db50d0971c15, count=1
10:34:14 info: BridgeServer[0] [Presentation] entity=c059d49e-a961-4355-af69-db50d0971c15 state=[presentation, {   "renderer": "humanoid",   "model": "player",   "scale": 1.0,   "variant": "default" }]
10:34:14 info: BridgeServer[0] Entity state forwarded: minecraft -> 7dtd (update, c059d49e-a961-4355-af69-db50d0971c15)
10:34:14 info: BridgeServer[0] Entity registry: updated, id=524e1209-5e93-4e0c-80eb-9aed64664243, count=1
10:34:14 info: BridgeServer[0] [Presentation] entity=524e1209-5e93-4e0c-80eb-9aed64664243 state=[presentation, {   "renderer": "humanoid",   "model": "survivor",   "scale": 1.0,   "variant": "default" }]
10:34:14 info: BridgeServer[0] Entity state forwarded: 7dtd -> minecraft (update, 524e1209-5e93-4e0c-80eb-9aed64664243)
10:34:14 info: BridgeServer[0] Player position forwarded: minecraft -> 7dtd (-46.4980827909365, 71, 73.39785432349018)
10:34:14 info: BridgeServer[0] Entity registry: updated, id=c059d49e-a961-4355-af69-db50d0971c15, count=1
10:34:14 info: BridgeServer[0] [Presentation] entity=c059d49e-a961-4355-af69-db50d0971c15 state=[presentation, {   "renderer": "humanoid",   "model": "player",   "scale": 1.0,   "variant": "default" }]
10:34:14 info: BridgeServer[0] Entity state forwarded: minecraft -> 7dtd (update, c059d49e-a961-4355-af69-db50d0971c15)
10:34:15 info: BridgeServer[0] Entity registry: updated, id=524e1209-5e93-4e0c-80eb-9aed64664243, count=1
10:34:15 info: BridgeServer[0] [Presentation] entity=524e1209-5e93-4e0c-80eb-9aed64664243 state=[presentation, {   "renderer": "humanoid",   "model": "survivor",   "scale": 1.0,   "variant": "default" }]
10:34:15 info: BridgeServer[0] Entity state forwarded: 7dtd -> minecraft (update, 524e1209-5e93-4e0c-80eb-9aed64664243)
10:34:15 info: BridgeServer[0] Player position forwarded: minecraft -> 7dtd (-46.4980827909365, 71, 73.39785432349018)
10:34:15 info: BridgeServer[0] Entity registry: updated, id=c059d49e-a961-4355-af69-db50d0971c15, count=1
10:34:15 info: BridgeServer[0] [Presentation] entity=c059d49e-a961-4355-af69-db50d0971c15 state=[presentation, {   "renderer": "humanoid",   "model": "player",   "scale": 1.0,   "variant": "default" }]
10:34:15 info: BridgeServer[0] Entity state forwarded: minecraft -> 7dtd (update, c059d49e-a961-4355-af69-db50d0971c15)
10:34:15 info: BridgeServer[0] Entity registry: updated, id=524e1209-5e93-4e0c-80eb-9aed64664243, count=1
10:34:15 info: BridgeServer[0] [Presentation] entity=524e1209-5e93-4e0c-80eb-9aed64664243 state=[presentation, {   "renderer": "humanoid",   "model": "survivor",   "scale": 1.0,   "variant": "default" }]
10:34:15 info: BridgeServer[0] Entity state forwarded: 7dtd -> minecraft (update, 524e1209-5e93-4e0c-80eb-9aed64664243)
10:34:15 info: BridgeServer[0] Player position forwarded: minecraft -> 7dtd (-46.4980827909365, 71, 73.39785432349018)
10:34:15 info: BridgeServer[0] Entity registry: updated, id=c059d49e-a961-4355-af69-db50d0971c15, count=1
10:34:15 info: BridgeServer[0] [Presentation] entity=c059d49e-a961-4355-af69-db50d0971c15 state=[presentation, {   "renderer": "humanoid",   "model": "player",   "scale": 1.0,   "variant": "default" }]
10:34:15 info: BridgeServer[0] Entity state forwarded: minecraft -> 7dtd (update, c059d49e-a961-4355-af69-db50d0971c15)
10:34:16 info: BridgeServer[0] Entity registry: updated, id=524e1209-5e93-4e0c-80eb-9aed64664243, count=1
10:34:16 info: BridgeServer[0] [Presentation] entity=524e1209-5e93-4e0c-80eb-9aed64664243 state=[presentation, {   "renderer": "humanoid",   "model": "survivor",   "scale": 1.0,   "variant": "default" }]
10:34:16 info: BridgeServer[0] Entity state forwarded: 7dtd -> minecraft (update, 524e1209-5e93-4e0c-80eb-9aed64664243)
10:34:16 info: BridgeServer[0] Player position forwarded: minecraft -> 7dtd (-46.4980827909365, 71, 73.39785432349018)
10:34:16 info: BridgeServer[0] Entity registry: updated, id=c059d49e-a961-4355-af69-db50d0971c15, count=1
10:34:16 info: BridgeServer[0] [Presentation] entity=c059d49e-a961-4355-af69-db50d0971c15 state=[presentation, {   "renderer": "humanoid",   "model": "player",   "scale": 1.0,   "variant": "default" }]
10:34:16 info: BridgeServer[0] Entity state forwarded: minecraft -> 7dtd (update, c059d49e-a961-4355-af69-db50d0971c15)
10:34:16 info: BridgeServer[0] Entity registry: updated, id=524e1209-5e93-4e0c-80eb-9aed64664243, count=1
10:34:16 info: BridgeServer[0] [Presentation] entity=524e1209-5e93-4e0c-80eb-9aed64664243 state=[presentation, {   "renderer": "humanoid",   "model": "survivor",   "scale": 1.0,   "variant": "default" }]
10:34:16 info: BridgeServer[0] Entity state forwarded: 7dtd -> minecraft (update, 524e1209-5e93-4e0c-80eb-9aed64664243)
10:34:16 info: BridgeServer[0] Player position forwarded: minecraft -> 7dtd (-46.4980827909365, 71, 73.39785432349018)
10:34:16 info: BridgeServer[0] Entity registry: updated, id=c059d49e-a961-4355-af69-db50d0971c15, count=1
10:34:16 info: BridgeServer[0] [Presentation] entity=c059d49e-a961-4355-af69-db50d0971c15 state=[presentation, {   "renderer": "humanoid",   "model": "player",   "scale": 1.0,   "variant": "default" }]
10:34:16 info: BridgeServer[0] Entity state forwarded: minecraft -> 7dtd (update, c059d49e-a961-4355-af69-db50d0971c15)
10:34:17 info: BridgeServer[0] Entity registry: updated, id=524e1209-5e93-4e0c-80eb-9aed64664243, count=1
10:34:17 info: BridgeServer[0] [Presentation] entity=524e1209-5e93-4e0c-80eb-9aed64664243 state=[presentation, {   "renderer": "humanoid",   "model": "survivor",   "scale": 1.0,   "variant": "default" }]
10:34:17 info: BridgeServer[0] Entity state forwarded: 7dtd -> minecraft (update, 524e1209-5e93-4e0c-80eb-9aed64664243)
10:34:17 info: BridgeServer[0] Player position forwarded: minecraft -> 7dtd (-46.4980827909365, 71, 73.39785432349018)
10:34:17 info: BridgeServer[0] Entity registry: updated, id=c059d49e-a961-4355-af69-db50d0971c15, count=1
10:34:17 info: BridgeServer[0] [Presentation] entity=c059d49e-a961-4355-af69-db50d0971c15 state=[presentation, {   "renderer": "humanoid",   "model": "player",   "scale": 1.0,   "variant": "default" }]
10:34:17 info: BridgeServer[0] Entity state forwarded: minecraft -> 7dtd (update, c059d49e-a961-4355-af69-db50d0971c15)
10:34:17 info: BridgeServer[0] Entity registry: updated, id=524e1209-5e93-4e0c-80eb-9aed64664243, count=1
10:34:17 info: BridgeServer[0] [Presentation] entity=524e1209-5e93-4e0c-80eb-9aed64664243 state=[presentation, {   "renderer": "humanoid",   "model": "survivor",   "scale": 1.0,   "variant": "default" }]
10:34:17 info: BridgeServer[0] Entity state forwarded: 7dtd -> minecraft (update, 524e1209-5e93-4e0c-80eb-9aed64664243)
10:34:17 info: BridgeServer[0] Player position forwarded: minecraft -> 7dtd (-46.4980827909365, 71, 73.39785432349018)
10:34:17 info: BridgeServer[0] Entity registry: updated, id=c059d49e-a961-4355-af69-db50d0971c15, count=1
10:34:17 info: BridgeServer[0] [Presentation] entity=c059d49e-a961-4355-af69-db50d0971c15 state=[presentation, {   "renderer": "humanoid",   "model": "player",   "scale": 1.0,   "variant": "default" }]
10:34:17 info: BridgeServer[0] Entity state forwarded: minecraft -> 7dtd (update, c059d49e-a961-4355-af69-db50d0971c15)
10:34:18 info: BridgeServer[0] Entity registry: updated, id=524e1209-5e93-4e0c-80eb-9aed64664243, count=1
10:34:18 info: BridgeServer[0] [Presentation] entity=524e1209-5e93-4e0c-80eb-9aed64664243 state=[presentation, {   "renderer": "humanoid",   "model": "survivor",   "scale": 1.0,   "variant": "default" }]
10:34:18 info: BridgeServer[0] Entity state forwarded: 7dtd -> minecraft (update, 524e1209-5e93-4e0c-80eb-9aed64664243)
10:34:18 info: BridgeServer[0] Player position forwarded: minecraft -> 7dtd (-46.4980827909365, 71, 73.39785432349018)
10:34:18 info: BridgeServer[0] Entity registry: updated, id=c059d49e-a961-4355-af69-db50d0971c15, count=1
10:34:18 info: BridgeServer[0] [Presentation] entity=c059d49e-a961-4355-af69-db50d0971c15 state=[presentation, {   "renderer": "humanoid",   "model": "player",   "scale": 1.0,   "variant": "default" }]
10:34:18 info: BridgeServer[0] Entity state forwarded: minecraft -> 7dtd (update, c059d49e-a961-4355-af69-db50d0971c15)
10:34:18 info: BridgeServer[0] Entity registry: updated, id=524e1209-5e93-4e0c-80eb-9aed64664243, count=1
10:34:18 info: BridgeServer[0] [Presentation] entity=524e1209-5e93-4e0c-80eb-9aed64664243 state=[presentation, {   "renderer": "humanoid",   "model": "survivor",   "scale": 1.0,   "variant": "default" }]
10:34:18 info: BridgeServer[0] Entity state forwarded: 7dtd -> minecraft (update, 524e1209-5e93-4e0c-80eb-9aed64664243)
10:34:18 info: BridgeServer[0] Player position forwarded: minecraft -> 7dtd (-46.4980827909365, 71, 73.39785432349018)
10:34:18 info: BridgeServer[0] Entity registry: updated, id=c059d49e-a961-4355-af69-db50d0971c15, count=1
10:34:18 info: BridgeServer[0] [Presentation] entity=c059d49e-a961-4355-af69-db50d0971c15 state=[presentation, {   "renderer": "humanoid",   "model": "player",   "scale": 1.0,   "variant": "default" }]
10:34:18 info: BridgeServer[0] Entity state forwarded: minecraft -> 7dtd (update, c059d49e-a961-4355-af69-db50d0971c15)
10:34:19 info: BridgeServer[0] Entity registry: updated, id=524e1209-5e93-4e0c-80eb-9aed64664243, count=1
10:34:19 info: BridgeServer[0] [Presentation] entity=524e1209-5e93-4e0c-80eb-9aed64664243 state=[presentation, {   "renderer": "humanoid",   "model": "survivor",   "scale": 1.0,   "variant": "default" }]
10:34:19 info: BridgeServer[0] Entity state forwarded: 7dtd -> minecraft (update, 524e1209-5e93-4e0c-80eb-9aed64664243)
10:34:19 info: BridgeServer[0] Player position forwarded: minecraft -> 7dtd (-46.4980827909365, 71, 73.39785432349018)
10:34:19 info: BridgeServer[0] Entity registry: updated, id=c059d49e-a961-4355-af69-db50d0971c15, count=1
10:34:19 info: BridgeServer[0] [Presentation] entity=c059d49e-a961-4355-af69-db50d0971c15 state=[presentation, {   "renderer": "humanoid",   "model": "player",   "scale": 1.0,   "variant": "default" }]
10:34:19 info: BridgeServer[0] Entity state forwarded: minecraft -> 7dtd (update, c059d49e-a961-4355-af69-db50d0971c15)
10:34:19 info: BridgeServer[0] Entity registry: updated, id=524e1209-5e93-4e0c-80eb-9aed64664243, count=1
10:34:19 info: BridgeServer[0] [Presentation] entity=524e1209-5e93-4e0c-80eb-9aed64664243 state=[presentation, {   "renderer": "humanoid",   "model": "survivor",   "scale": 1.0,   "variant": "default" }]
10:34:19 info: BridgeServer[0] Entity state forwarded: 7dtd -> minecraft (update, 524e1209-5e93-4e0c-80eb-9aed64664243)
10:34:19 info: BridgeServer[0] Player position forwarded: minecraft -> 7dtd (-46.4980827909365, 71, 73.39785432349018)
10:34:19 info: BridgeServer[0] Entity registry: updated, id=c059d49e-a961-4355-af69-db50d0971c15, count=1
10:34:19 info: BridgeServer[0] [Presentation] entity=c059d49e-a961-4355-af69-db50d0971c15 state=[presentation, {   "renderer": "humanoid",   "model": "player",   "scale": 1.0,   "variant": "default" }]
10:34:19 info: BridgeServer[0] Entity state forwarded: minecraft -> 7dtd (update, c059d49e-a961-4355-af69-db50d0971c15)
10:34:20 info: BridgeServer[0] Entity registry: updated, id=524e1209-5e93-4e0c-80eb-9aed64664243, count=1
10:34:20 info: BridgeServer[0] [Presentation] entity=524e1209-5e93-4e0c-80eb-9aed64664243 state=[presentation, {   "renderer": "humanoid",   "model": "survivor",   "scale": 1.0,   "variant": "default" }]
10:34:20 info: BridgeServer[0] Entity state forwarded: 7dtd -> minecraft (update, 524e1209-5e93-4e0c-80eb-9aed64664243)
10:34:20 info: BridgeServer[0] Player position forwarded: minecraft -> 7dtd (-46.4980827909365, 71, 73.39785432349018)
10:34:20 info: BridgeServer[0] Entity registry: updated, id=c059d49e-a961-4355-af69-db50d0971c15, count=1
10:34:20 info: BridgeServer[0] [Presentation] entity=c059d49e-a961-4355-af69-db50d0971c15 state=[presentation, {   "renderer": "humanoid",   "model": "player",   "scale": 1.0,   "variant": "default" }]
10:34:20 info: BridgeServer[0] Entity state forwarded: minecraft -> 7dtd (update, c059d49e-a961-4355-af69-db50d0971c15)
10:34:20 info: BridgeServer[0] Entity registry: updated, id=524e1209-5e93-4e0c-80eb-9aed64664243, count=1
10:34:20 info: BridgeServer[0] [Presentation] entity=524e1209-5e93-4e0c-80eb-9aed64664243 state=[presentation, {   "renderer": "humanoid",   "model": "survivor",   "scale": 1.0,   "variant": "default" }]
10:34:20 info: BridgeServer[0] Entity state forwarded: 7dtd -> minecraft (update, 524e1209-5e93-4e0c-80eb-9aed64664243)
10:34:20 info: BridgeServer[0] Player position forwarded: minecraft -> 7dtd (-46.4980827909365, 71, 73.39785432349018)
10:34:20 info: BridgeServer[0] Entity registry: updated, id=c059d49e-a961-4355-af69-db50d0971c15, count=1
10:34:20 info: BridgeServer[0] [Presentation] entity=c059d49e-a961-4355-af69-db50d0971c15 state=[presentation, {   "renderer": "humanoid",   "model": "player",   "scale": 1.0,   "variant": "default" }]
10:34:20 info: BridgeServer[0] Entity state forwarded: minecraft -> 7dtd (update, c059d49e-a961-4355-af69-db50d0971c15)
10:34:21 info: BridgeServer[0] Entity registry: updated, id=524e1209-5e93-4e0c-80eb-9aed64664243, count=1
10:34:21 info: BridgeServer[0] [Presentation] entity=524e1209-5e93-4e0c-80eb-9aed64664243 state=[presentation, {   "renderer": "humanoid",   "model": "survivor",   "scale": 1.0,   "variant": "default" }]
10:34:21 info: BridgeServer[0] Entity state forwarded: 7dtd -> minecraft (update, 524e1209-5e93-4e0c-80eb-9aed64664243)
10:34:21 info: BridgeServer[0] Player position forwarded: minecraft -> 7dtd (-46.4980827909365, 71, 73.39785432349018)
10:34:21 info: BridgeServer[0] Entity registry: updated, id=c059d49e-a961-4355-af69-db50d0971c15, count=1
10:34:21 info: BridgeServer[0] [Presentation] entity=c059d49e-a961-4355-af69-db50d0971c15 state=[presentation, {   "renderer": "humanoid",   "model": "player",   "scale": 1.0,   "variant": "default" }]
10:34:21 info: BridgeServer[0] Entity state forwarded: minecraft -> 7dtd (update, c059d49e-a961-4355-af69-db50d0971c15)
10:34:21 info: BridgeServer[0] Entity registry: updated, id=524e1209-5e93-4e0c-80eb-9aed64664243, count=1
10:34:21 info: BridgeServer[0] [Presentation] entity=524e1209-5e93-4e0c-80eb-9aed64664243 state=[presentation, {   "renderer": "humanoid",   "model": "survivor",   "scale": 1.0,   "variant": "default" }]
10:34:21 info: BridgeServer[0] Entity state forwarded: 7dtd -> minecraft (update, 524e1209-5e93-4e0c-80eb-9aed64664243)
10:34:21 info: BridgeServer[0] Player position forwarded: minecraft -> 7dtd (-46.4980827909365, 71, 73.39785432349018)
10:34:21 info: BridgeServer[0] Entity registry: updated, id=c059d49e-a961-4355-af69-db50d0971c15, count=1
10:34:21 info: BridgeServer[0] [Presentation] entity=c059d49e-a961-4355-af69-db50d0971c15 state=[presentation, {   "renderer": "humanoid",   "model": "player",   "scale": 1.0,   "variant": "default" }]
10:34:21 info: BridgeServer[0] Entity state forwarded: minecraft -> 7dtd (update, c059d49e-a961-4355-af69-db50d0971c15)
10:34:22 info: BridgeServer[0] Entity registry: updated, id=524e1209-5e93-4e0c-80eb-9aed64664243, count=1
10:34:22 info: BridgeServer[0] [Presentation] entity=524e1209-5e93-4e0c-80eb-9aed64664243 state=[presentation, {   "renderer": "humanoid",   "model": "survivor",   "scale": 1.0,   "variant": "default" }]
10:34:22 info: BridgeServer[0] Entity state forwarded: 7dtd -> minecraft (update, 524e1209-5e93-4e0c-80eb-9aed64664243)
10:34:22 info: BridgeServer[0] Player position forwarded: minecraft -> 7dtd (-46.4980827909365, 71, 73.39785432349018)
10:34:22 info: BridgeServer[0] Entity registry: updated, id=c059d49e-a961-4355-af69-db50d0971c15, count=1
10:34:22 info: BridgeServer[0] [Presentation] entity=c059d49e-a961-4355-af69-db50d0971c15 state=[presentation, {   "renderer": "humanoid",   "model": "player",   "scale": 1.0,   "variant": "default" }]
10:34:22 info: BridgeServer[0] Entity state forwarded: minecraft -> 7dtd (update, c059d49e-a961-4355-af69-db50d0971c15)
10:34:22 info: BridgeServer[0] Entity registry: updated, id=524e1209-5e93-4e0c-80eb-9aed64664243, count=1
10:34:22 info: BridgeServer[0] [Presentation] entity=524e1209-5e93-4e0c-80eb-9aed64664243 state=[presentation, {   "renderer": "humanoid",   "model": "survivor",   "scale": 1.0,   "variant": "default" }]
10:34:22 info: BridgeServer[0] Entity state forwarded: 7dtd -> minecraft (update, 524e1209-5e93-4e0c-80eb-9aed64664243)
10:34:23 info: BridgeServer[0] Player position forwarded: minecraft -> 7dtd (-46.4980827909365, 71, 73.39785432349018)
10:34:23 info: BridgeServer[0] Entity registry: updated, id=c059d49e-a961-4355-af69-db50d0971c15, count=1
10:34:23 info: BridgeServer[0] [Presentation] entity=c059d49e-a961-4355-af69-db50d0971c15 state=[presentation, {   "renderer": "humanoid",   "model": "player",   "scale": 1.0,   "variant": "default" }]
10:34:23 info: BridgeServer[0] Entity state forwarded: minecraft -> 7dtd (update, c059d49e-a961-4355-af69-db50d0971c15)
10:34:23 info: BridgeServer[0] Entity registry: updated, id=524e1209-5e93-4e0c-80eb-9aed64664243, count=1
10:34:23 info: BridgeServer[0] [Presentation] entity=524e1209-5e93-4e0c-80eb-9aed64664243 state=[presentation, {   "renderer": "humanoid",   "model": "survivor",   "scale": 1.0,   "variant": "default" }]
10:34:23 info: BridgeServer[0] Entity state forwarded: 7dtd -> minecraft (update, 524e1209-5e93-4e0c-80eb-9aed64664243)
10:34:23 info: BridgeServer[0] Player position forwarded: minecraft -> 7dtd (-46.4980827909365, 71, 73.39785432349018)
10:34:23 info: BridgeServer[0] Entity registry: updated, id=c059d49e-a961-4355-af69-db50d0971c15, count=1
10:34:23 info: BridgeServer[0] [Presentation] entity=c059d49e-a961-4355-af69-db50d0971c15 state=[presentation, {   "renderer": "humanoid",   "model": "player",   "scale": 1.0,   "variant": "default" }]
10:34:23 info: BridgeServer[0] Entity state forwarded: minecraft -> 7dtd (update, c059d49e-a961-4355-af69-db50d0971c15)
10:34:23 info: BridgeServer[0] Entity registry: updated, id=524e1209-5e93-4e0c-80eb-9aed64664243, count=1
10:34:23 info: BridgeServer[0] [Presentation] entity=524e1209-5e93-4e0c-80eb-9aed64664243 state=[presentation, {   "renderer": "humanoid",   "model": "survivor",   "scale": 1.0,   "variant": "default" }]
10:34:23 info: BridgeServer[0] Entity state forwarded: 7dtd -> minecraft (update, 524e1209-5e93-4e0c-80eb-9aed64664243)
10:34:24 info: BridgeServer[0] Player position forwarded: minecraft -> 7dtd (-46.4980827909365, 71, 73.39785432349018)
10:34:24 info: BridgeServer[0] Entity registry: updated, id=c059d49e-a961-4355-af69-db50d0971c15, count=1
10:34:24 info: BridgeServer[0] [Presentation] entity=c059d49e-a961-4355-af69-db50d0971c15 state=[presentation, {   "renderer": "humanoid",   "model": "player",   "scale": 1.0,   "variant": "default" }]
10:34:24 info: BridgeServer[0] Entity state forwarded: minecraft -> 7dtd (update, c059d49e-a961-4355-af69-db50d0971c15)
10:34:24 info: BridgeServer[0] Entity registry: updated, id=524e1209-5e93-4e0c-80eb-9aed64664243, count=1
10:34:24 info: BridgeServer[0] [Presentation] entity=524e1209-5e93-4e0c-80eb-9aed64664243 state=[presentation, {   "renderer": "humanoid",   "model": "survivor",   "scale": 1.0,   "variant": "default" }]
10:34:24 info: BridgeServer[0] Entity state forwarded: 7dtd -> minecraft (update, 524e1209-5e93-4e0c-80eb-9aed64664243)
10:34:24 info: BridgeServer[0] Player position forwarded: minecraft -> 7dtd (-46.4980827909365, 71, 73.39785432349018)
10:34:24 info: BridgeServer[0] Entity registry: updated, id=c059d49e-a961-4355-af69-db50d0971c15, count=1
10:34:24 info: BridgeServer[0] [Presentation] entity=c059d49e-a961-4355-af69-db50d0971c15 state=[presentation, {   "renderer": "humanoid",   "model": "player",   "scale": 1.0,   "variant": "default" }]
10:34:24 info: BridgeServer[0] Entity state forwarded: minecraft -> 7dtd (update, c059d49e-a961-4355-af69-db50d0971c15)
10:34:24 info: BridgeServer[0] Entity registry: updated, id=524e1209-5e93-4e0c-80eb-9aed64664243, count=1
10:34:24 info: BridgeServer[0] [Presentation] entity=524e1209-5e93-4e0c-80eb-9aed64664243 state=[presentation, {   "renderer": "humanoid",   "model": "survivor",   "scale": 1.0,   "variant": "default" }]
10:34:24 info: BridgeServer[0] Entity state forwarded: 7dtd -> minecraft (update, 524e1209-5e93-4e0c-80eb-9aed64664243)
10:34:25 info: BridgeServer[0] Entity registry: updated, id=524e1209-5e93-4e0c-80eb-9aed64664243, count=1
10:34:25 info: BridgeServer[0] [Presentation] entity=524e1209-5e93-4e0c-80eb-9aed64664243 state=[presentation, {   "renderer": "humanoid",   "model": "survivor",   "scale": 1.0,   "variant": "default" }]
10:34:25 info: BridgeServer[0] Entity state forwarded: 7dtd -> minecraft (update, 524e1209-5e93-4e0c-80eb-9aed64664243)
10:34:25 info: BridgeServer[0] Player position forwarded: minecraft -> 7dtd (-46.4980827909365, 71, 73.39785432349018)
10:34:25 info: BridgeServer[0] Entity registry: updated, id=c059d49e-a961-4355-af69-db50d0971c15, count=1
10:34:25 info: BridgeServer[0] [Presentation] entity=c059d49e-a961-4355-af69-db50d0971c15 state=[presentation, {   "renderer": "humanoid",   "model": "player",   "scale": 1.0,   "variant": "default" }]
10:34:25 info: BridgeServer[0] Entity state forwarded: minecraft -> 7dtd (update, c059d49e-a961-4355-af69-db50d0971c15)
10:34:25 info: BridgeServer[0] Entity registry: updated, id=524e1209-5e93-4e0c-80eb-9aed64664243, count=1
10:34:25 info: BridgeServer[0] [Presentation] entity=524e1209-5e93-4e0c-80eb-9aed64664243 state=[presentation, {   "renderer": "humanoid",   "model": "survivor",   "scale": 1.0,   "variant": "default" }]
10:34:25 info: BridgeServer[0] Entity state forwarded: 7dtd -> minecraft (update, 524e1209-5e93-4e0c-80eb-9aed64664243)
10:34:25 info: BridgeServer[0] Player position forwarded: minecraft -> 7dtd (-46.4980827909365, 71, 73.39785432349018)
10:34:25 info: BridgeServer[0] Entity registry: updated, id=c059d49e-a961-4355-af69-db50d0971c15, count=1
10:34:25 info: BridgeServer[0] [Presentation] entity=c059d49e-a961-4355-af69-db50d0971c15 state=[presentation, {   "renderer": "humanoid",   "model": "player",   "scale": 1.0,   "variant": "default" }]
10:34:25 info: BridgeServer[0] Entity state forwarded: minecraft -> 7dtd (update, c059d49e-a961-4355-af69-db50d0971c15)
10:34:26 info: BridgeServer[0] Entity registry: updated, id=524e1209-5e93-4e0c-80eb-9aed64664243, count=1
10:34:26 info: BridgeServer[0] [Presentation] entity=524e1209-5e93-4e0c-80eb-9aed64664243 state=[presentation, {   "renderer": "humanoid",   "model": "survivor",   "scale": 1.0,   "variant": "default" }]
10:34:26 info: BridgeServer[0] Entity state forwarded: 7dtd -> minecraft (update, 524e1209-5e93-4e0c-80eb-9aed64664243)
10:34:26 info: BridgeServer[0] Player position forwarded: minecraft -> 7dtd (-46.4980827909365, 71, 73.39785432349018)
10:34:26 info: BridgeServer[0] Entity registry: updated, id=c059d49e-a961-4355-af69-db50d0971c15, count=1
10:34:26 info: BridgeServer[0] [Presentation] entity=c059d49e-a961-4355-af69-db50d0971c15 state=[presentation, {   "renderer": "humanoid",   "model": "player",   "scale": 1.0,   "variant": "default" }]
10:34:26 info: BridgeServer[0] Entity state forwarded: minecraft -> 7dtd (update, c059d49e-a961-4355-af69-db50d0971c15)
10:34:26 info: BridgeServer[0] Entity registry: updated, id=524e1209-5e93-4e0c-80eb-9aed64664243, count=1
10:34:26 info: BridgeServer[0] [Presentation] entity=524e1209-5e93-4e0c-80eb-9aed64664243 state=[presentation, {   "renderer": "humanoid",   "model": "survivor",   "scale": 1.0,   "variant": "default" }]
10:34:26 info: BridgeServer[0] Entity state forwarded: 7dtd -> minecraft (update, 524e1209-5e93-4e0c-80eb-9aed64664243)
10:34:26 info: BridgeServer[0] Player position forwarded: minecraft -> 7dtd (-46.4980827909365, 71, 73.39785432349018)
10:34:26 info: BridgeServer[0] Entity registry: updated, id=c059d49e-a961-4355-af69-db50d0971c15, count=1
10:34:26 info: BridgeServer[0] [Presentation] entity=c059d49e-a961-4355-af69-db50d0971c15 state=[presentation, {   "renderer": "humanoid",   "model": "player",   "scale": 1.0,   "variant": "default" }]
10:34:26 info: BridgeServer[0] Entity state forwarded: minecraft -> 7dtd (update, c059d49e-a961-4355-af69-db50d0971c15)
10:34:27 info: BridgeServer[0] Entity registry: updated, id=524e1209-5e93-4e0c-80eb-9aed64664243, count=1
10:34:27 info: BridgeServer[0] [Presentation] entity=524e1209-5e93-4e0c-80eb-9aed64664243 state=[presentation, {   "renderer": "humanoid",   "model": "survivor",   "scale": 1.0,   "variant": "default" }]
10:34:27 info: BridgeServer[0] Entity state forwarded: 7dtd -> minecraft (update, 524e1209-5e93-4e0c-80eb-9aed64664243)
10:34:27 info: BridgeServer[0] Player position forwarded: minecraft -> 7dtd (-46.4980827909365, 71, 73.39785432349018)
10:34:27 info: BridgeServer[0] Entity registry: updated, id=c059d49e-a961-4355-af69-db50d0971c15, count=1
10:34:27 info: BridgeServer[0] [Presentation] entity=c059d49e-a961-4355-af69-db50d0971c15 state=[presentation, {   "renderer": "humanoid",   "model": "player",   "scale": 1.0,   "variant": "default" }]
10:34:27 info: BridgeServer[0] Entity state forwarded: minecraft -> 7dtd (update, c059d49e-a961-4355-af69-db50d0971c15)
10:34:27 info: BridgeServer[0] Entity registry: updated, id=524e1209-5e93-4e0c-80eb-9aed64664243, count=1
10:34:27 info: BridgeServer[0] [Presentation] entity=524e1209-5e93-4e0c-80eb-9aed64664243 state=[presentation, {   "renderer": "humanoid",   "model": "survivor",   "scale": 1.0,   "variant": "default" }]
10:34:27 info: BridgeServer[0] Entity state forwarded: 7dtd -> minecraft (update, 524e1209-5e93-4e0c-80eb-9aed64664243)
10:34:27 info: BridgeServer[0] Player position forwarded: minecraft -> 7dtd (-46.4980827909365, 71, 73.39785432349018)
10:34:27 info: BridgeServer[0] Entity registry: updated, id=c059d49e-a961-4355-af69-db50d0971c15, count=1
10:34:27 info: BridgeServer[0] [Presentation] entity=c059d49e-a961-4355-af69-db50d0971c15 state=[presentation, {   "renderer": "humanoid",   "model": "player",   "scale": 1.0,   "variant": "default" }]
10:34:27 info: BridgeServer[0] Entity state forwarded: minecraft -> 7dtd (update, c059d49e-a961-4355-af69-db50d0971c15)
10:34:28 info: BridgeServer[0] Entity registry: updated, id=524e1209-5e93-4e0c-80eb-9aed64664243, count=1
10:34:28 info: BridgeServer[0] [Presentation] entity=524e1209-5e93-4e0c-80eb-9aed64664243 state=[presentation, {   "renderer": "humanoid",   "model": "survivor",   "scale": 1.0,   "variant": "default" }]
10:34:28 info: BridgeServer[0] Entity state forwarded: 7dtd -> minecraft (update, 524e1209-5e93-4e0c-80eb-9aed64664243)
10:34:28 info: BridgeServer[0] Player position forwarded: minecraft -> 7dtd (-46.4980827909365, 71, 73.39785432349018)
10:34:28 info: BridgeServer[0] Entity registry: updated, id=c059d49e-a961-4355-af69-db50d0971c15, count=1
10:34:28 info: BridgeServer[0] [Presentation] entity=c059d49e-a961-4355-af69-db50d0971c15 state=[presentation, {   "renderer": "humanoid",   "model": "player",   "scale": 1.0,   "variant": "default" }]
10:34:28 info: BridgeServer[0] Entity state forwarded: minecraft -> 7dtd (update, c059d49e-a961-4355-af69-db50d0971c15)
10:34:28 info: BridgeServer[0] Entity registry: updated, id=524e1209-5e93-4e0c-80eb-9aed64664243, count=1
10:34:28 info: BridgeServer[0] [Presentation] entity=524e1209-5e93-4e0c-80eb-9aed64664243 state=[presentation, {   "renderer": "humanoid",   "model": "survivor",   "scale": 1.0,   "variant": "default" }]
10:34:28 info: BridgeServer[0] Entity state forwarded: 7dtd -> minecraft (update, 524e1209-5e93-4e0c-80eb-9aed64664243)
10:34:28 info: BridgeServer[0] Player position forwarded: minecraft -> 7dtd (-46.4980827909365, 71, 73.39785432349018)
10:34:28 info: BridgeServer[0] Entity registry: updated, id=c059d49e-a961-4355-af69-db50d0971c15, count=1
10:34:28 info: BridgeServer[0] [Presentation] entity=c059d49e-a961-4355-af69-db50d0971c15 state=[presentation, {   "renderer": "humanoid",   "model": "player",   "scale": 1.0,   "variant": "default" }]
10:34:28 info: BridgeServer[0] Entity state forwarded: minecraft -> 7dtd (update, c059d49e-a961-4355-af69-db50d0971c15)
10:34:29 info: BridgeServer[0] Entity registry: updated, id=524e1209-5e93-4e0c-80eb-9aed64664243, count=1
10:34:29 info: BridgeServer[0] [Presentation] entity=524e1209-5e93-4e0c-80eb-9aed64664243 state=[presentation, {   "renderer": "humanoid",   "model": "survivor",   "scale": 1.0,   "variant": "default" }]
10:34:29 info: BridgeServer[0] Entity state forwarded: 7dtd -> minecraft (update, 524e1209-5e93-4e0c-80eb-9aed64664243)
10:34:29 info: BridgeServer[0] Player position forwarded: minecraft -> 7dtd (-46.4980827909365, 71, 73.39785432349018)
10:34:29 info: BridgeServer[0] Entity registry: updated, id=c059d49e-a961-4355-af69-db50d0971c15, count=1
10:34:29 info: BridgeServer[0] [Presentation] entity=c059d49e-a961-4355-af69-db50d0971c15 state=[presentation, {   "renderer": "humanoid",   "model": "player",   "scale": 1.0,   "variant": "default" }]
10:34:29 info: BridgeServer[0] Entity state forwarded: minecraft -> 7dtd (update, c059d49e-a961-4355-af69-db50d0971c15)
10:34:29 info: BridgeServer[0] Entity registry: updated, id=524e1209-5e93-4e0c-80eb-9aed64664243, count=1
10:34:29 info: BridgeServer[0] [Presentation] entity=524e1209-5e93-4e0c-80eb-9aed64664243 state=[presentation, {   "renderer": "humanoid",   "model": "survivor",   "scale": 1.0,   "variant": "default" }]
10:34:29 info: BridgeServer[0] Entity state forwarded: 7dtd -> minecraft (update, 524e1209-5e93-4e0c-80eb-9aed64664243)
10:34:29 info: BridgeServer[0] Player position forwarded: minecraft -> 7dtd (-46.4980827909365, 71, 73.39785432349018)
10:34:29 info: BridgeServer[0] Entity registry: updated, id=c059d49e-a961-4355-af69-db50d0971c15, count=1
10:34:29 info: BridgeServer[0] [Presentation] entity=c059d49e-a961-4355-af69-db50d0971c15 state=[presentation, {   "renderer": "humanoid",   "model": "player",   "scale": 1.0,   "variant": "default" }]
10:34:29 info: BridgeServer[0] Entity state forwarded: minecraft -> 7dtd (update, c059d49e-a961-4355-af69-db50d0971c15)
10:34:30 info: BridgeServer[0] Entity registry: updated, id=524e1209-5e93-4e0c-80eb-9aed64664243, count=1
10:34:30 info: BridgeServer[0] [Presentation] entity=524e1209-5e93-4e0c-80eb-9aed64664243 state=[presentation, {   "renderer": "humanoid",   "model": "survivor",   "scale": 1.0,   "variant": "default" }]
10:34:30 info: BridgeServer[0] Entity state forwarded: 7dtd -> minecraft (update, 524e1209-5e93-4e0c-80eb-9aed64664243)
10:34:30 info: BridgeServer[0] Player position forwarded: minecraft -> 7dtd (-46.4980827909365, 71, 73.39785432349018)
10:34:30 info: BridgeServer[0] Entity registry: updated, id=c059d49e-a961-4355-af69-db50d0971c15, count=1
10:34:30 info: BridgeServer[0] [Presentation] entity=c059d49e-a961-4355-af69-db50d0971c15 state=[presentation, {   "renderer": "humanoid",   "model": "player",   "scale": 1.0,   "variant": "default" }]
10:34:30 info: BridgeServer[0] Entity state forwarded: minecraft -> 7dtd (update, c059d49e-a961-4355-af69-db50d0971c15)
10:34:30 info: BridgeServer[0] Entity registry: updated, id=524e1209-5e93-4e0c-80eb-9aed64664243, count=1
10:34:30 info: BridgeServer[0] [Presentation] entity=524e1209-5e93-4e0c-80eb-9aed64664243 state=[presentation, {   "renderer": "humanoid",   "model": "survivor",   "scale": 1.0,   "variant": "default" }]
10:34:30 info: BridgeServer[0] Entity state forwarded: 7dtd -> minecraft (update, 524e1209-5e93-4e0c-80eb-9aed64664243)
10:34:30 info: BridgeServer[0] Player position forwarded: minecraft -> 7dtd (-46.4980827909365, 71, 73.39785432349018)
10:34:30 info: BridgeServer[0] Entity registry: updated, id=c059d49e-a961-4355-af69-db50d0971c15, count=1
10:34:30 info: BridgeServer[0] [Presentation] entity=c059d49e-a961-4355-af69-db50d0971c15 state=[presentation, {   "renderer": "humanoid",   "model": "player",   "scale": 1.0,   "variant": "default" }]
10:34:30 info: BridgeServer[0] Entity state forwarded: minecraft -> 7dtd (update, c059d49e-a961-4355-af69-db50d0971c15)
10:34:31 info: BridgeServer[0] Entity registry: updated, id=524e1209-5e93-4e0c-80eb-9aed64664243, count=1
10:34:31 info: BridgeServer[0] [Presentation] entity=524e1209-5e93-4e0c-80eb-9aed64664243 state=[presentation, {   "renderer": "humanoid",   "model": "survivor",   "scale": 1.0,   "variant": "default" }]
10:34:31 info: BridgeServer[0] Entity state forwarded: 7dtd -> minecraft (update, 524e1209-5e93-4e0c-80eb-9aed64664243)
10:34:31 info: BridgeServer[0] Player position forwarded: minecraft -> 7dtd (-46.4980827909365, 71, 73.39785432349018)
10:34:31 info: BridgeServer[0] Entity registry: updated, id=c059d49e-a961-4355-af69-db50d0971c15, count=1
10:34:31 info: BridgeServer[0] [Presentation] entity=c059d49e-a961-4355-af69-db50d0971c15 state=[presentation, {   "renderer": "humanoid",   "model": "player",   "scale": 1.0,   "variant": "default" }]
10:34:31 info: BridgeServer[0] Entity state forwarded: minecraft -> 7dtd (update, c059d49e-a961-4355-af69-db50d0971c15)
10:34:31 info: BridgeServer[0] Entity registry: updated, id=524e1209-5e93-4e0c-80eb-9aed64664243, count=1
10:34:31 info: BridgeServer[0] [Presentation] entity=524e1209-5e93-4e0c-80eb-9aed64664243 state=[presentation, {   "renderer": "humanoid",   "model": "survivor",   "scale": 1.0,   "variant": "default" }]
10:34:31 info: BridgeServer[0] Entity state forwarded: 7dtd -> minecraft (update, 524e1209-5e93-4e0c-80eb-9aed64664243)
10:34:31 info: BridgeServer[0] Player position forwarded: minecraft -> 7dtd (-46.4980827909365, 71, 73.39785432349018)
10:34:31 info: BridgeServer[0] Entity registry: updated, id=c059d49e-a961-4355-af69-db50d0971c15, count=1
10:34:31 info: BridgeServer[0] [Presentation] entity=c059d49e-a961-4355-af69-db50d0971c15 state=[presentation, {   "renderer": "humanoid",   "model": "player",   "scale": 1.0,   "variant": "default" }]
10:34:31 info: BridgeServer[0] Entity state forwarded: minecraft -> 7dtd (update, c059d49e-a961-4355-af69-db50d0971c15)
10:34:32 info: BridgeServer[0] Entity registry: updated, id=524e1209-5e93-4e0c-80eb-9aed64664243, count=1
10:34:32 info: BridgeServer[0] [Presentation] entity=524e1209-5e93-4e0c-80eb-9aed64664243 state=[presentation, {   "renderer": "humanoid",   "model": "survivor",   "scale": 1.0,   "variant": "default" }]
10:34:32 info: BridgeServer[0] Entity state forwarded: 7dtd -> minecraft (update, 524e1209-5e93-4e0c-80eb-9aed64664243)
10:34:32 info: BridgeServer[0] Player position forwarded: minecraft -> 7dtd (-46.4980827909365, 71, 73.39785432349018)
10:34:32 info: BridgeServer[0] Entity registry: updated, id=c059d49e-a961-4355-af69-db50d0971c15, count=1
10:34:32 info: BridgeServer[0] [Presentation] entity=c059d49e-a961-4355-af69-db50d0971c15 state=[presentation, {   "renderer": "humanoid",   "model": "player",   "scale": 1.0,   "variant": "default" }]
10:34:32 info: BridgeServer[0] Entity state forwarded: minecraft -> 7dtd (update, c059d49e-a961-4355-af69-db50d0971c15)
10:34:32 info: BridgeServer[0] Entity registry: updated, id=524e1209-5e93-4e0c-80eb-9aed64664243, count=1
10:34:32 info: BridgeServer[0] [Presentation] entity=524e1209-5e93-4e0c-80eb-9aed64664243 state=[presentation, {   "renderer": "humanoid",   "model": "survivor",   "scale": 1.0,   "variant": "default" }]
10:34:32 info: BridgeServer[0] Entity state forwarded: 7dtd -> minecraft (update, 524e1209-5e93-4e0c-80eb-9aed64664243)
10:34:32 info: BridgeServer[0] Player position forwarded: minecraft -> 7dtd (-46.4980827909365, 71, 73.39785432349018)
10:34:32 info: BridgeServer[0] Entity registry: updated, id=c059d49e-a961-4355-af69-db50d0971c15, count=1
10:34:32 info: BridgeServer[0] [Presentation] entity=c059d49e-a961-4355-af69-db50d0971c15 state=[presentation, {   "renderer": "humanoid",   "model": "player",   "scale": 1.0,   "variant": "default" }]
10:34:32 info: BridgeServer[0] Entity state forwarded: minecraft -> 7dtd (update, c059d49e-a961-4355-af69-db50d0971c15)
10:34:33 info: BridgeServer[0] Entity registry: updated, id=524e1209-5e93-4e0c-80eb-9aed64664243, count=1
10:34:33 info: BridgeServer[0] [Presentation] entity=524e1209-5e93-4e0c-80eb-9aed64664243 state=[presentation, {   "renderer": "humanoid",   "model": "survivor",   "scale": 1.0,   "variant": "default" }]
10:34:33 info: BridgeServer[0] Entity state forwarded: 7dtd -> minecraft (update, 524e1209-5e93-4e0c-80eb-9aed64664243)
10:34:33 info: BridgeServer[0] Player position forwarded: minecraft -> 7dtd (-46.4980827909365, 71, 73.39785432349018)
10:34:33 info: BridgeServer[0] Entity registry: updated, id=c059d49e-a961-4355-af69-db50d0971c15, count=1
10:34:33 info: BridgeServer[0] [Presentation] entity=c059d49e-a961-4355-af69-db50d0971c15 state=[presentation, {   "renderer": "humanoid",   "model": "player",   "scale": 1.0,   "variant": "default" }]
10:34:33 info: BridgeServer[0] Entity state forwarded: minecraft -> 7dtd (update, c059d49e-a961-4355-af69-db50d0971c15)
10:34:33 info: BridgeServer[0] Entity registry: updated, id=524e1209-5e93-4e0c-80eb-9aed64664243, count=1
10:34:33 info: BridgeServer[0] [Presentation] entity=524e1209-5e93-4e0c-80eb-9aed64664243 state=[presentation, {   "renderer": "humanoid",   "model": "survivor",   "scale": 1.0,   "variant": "default" }]
10:34:33 info: BridgeServer[0] Entity state forwarded: 7dtd -> minecraft (update, 524e1209-5e93-4e0c-80eb-9aed64664243)
10:34:34 info: BridgeServer[0] Player position forwarded: minecraft -> 7dtd (-46.4980827909365, 71, 73.39785432349018)
10:34:34 info: BridgeServer[0] Entity registry: updated, id=c059d49e-a961-4355-af69-db50d0971c15, count=1
10:34:34 info: BridgeServer[0] [Presentation] entity=c059d49e-a961-4355-af69-db50d0971c15 state=[presentation, {   "renderer": "humanoid",   "model": "player",   "scale": 1.0,   "variant": "default" }]
10:34:34 info: BridgeServer[0] Entity state forwarded: minecraft -> 7dtd (update, c059d49e-a961-4355-af69-db50d0971c15)
10:34:34 info: BridgeServer[0] Entity registry: updated, id=524e1209-5e93-4e0c-80eb-9aed64664243, count=1
10:34:34 info: BridgeServer[0] [Presentation] entity=524e1209-5e93-4e0c-80eb-9aed64664243 state=[presentation, {   "renderer": "humanoid",   "model": "survivor",   "scale": 1.0,   "variant": "default" }]
10:34:34 info: BridgeServer[0] Entity state forwarded: 7dtd -> minecraft (update, 524e1209-5e93-4e0c-80eb-9aed64664243)
10:34:34 info: BridgeServer[0] Player position forwarded: minecraft -> 7dtd (-46.4980827909365, 71, 73.39785432349018)
10:34:34 info: BridgeServer[0] Entity registry: updated, id=c059d49e-a961-4355-af69-db50d0971c15, count=1
10:34:34 info: BridgeServer[0] [Presentation] entity=c059d49e-a961-4355-af69-db50d0971c15 state=[presentation, {   "renderer": "humanoid",   "model": "player",   "scale": 1.0,   "variant": "default" }]
10:34:34 info: BridgeServer[0] Entity state forwarded: minecraft -> 7dtd (update, c059d49e-a961-4355-af69-db50d0971c15)
10:34:34 info: BridgeServer[0] Entity registry: updated, id=524e1209-5e93-4e0c-80eb-9aed64664243, count=1
10:34:34 info: BridgeServer[0] [Presentation] entity=524e1209-5e93-4e0c-80eb-9aed64664243 state=[presentation, {   "renderer": "humanoid",   "model": "survivor",   "scale": 1.0,   "variant": "default" }]
10:34:34 info: BridgeServer[0] Entity state forwarded: 7dtd -> minecraft (update, 524e1209-5e93-4e0c-80eb-9aed64664243)
10:34:35 info: BridgeServer[0] Player position forwarded: minecraft -> 7dtd (-46.4980827909365, 71, 73.39785432349018)
10:34:35 info: BridgeServer[0] Entity registry: updated, id=c059d49e-a961-4355-af69-db50d0971c15, count=1
10:34:35 info: BridgeServer[0] [Presentation] entity=c059d49e-a961-4355-af69-db50d0971c15 state=[presentation, {   "renderer": "humanoid",   "model": "player",   "scale": 1.0,   "variant": "default" }]
10:34:35 info: BridgeServer[0] Entity state forwarded: minecraft -> 7dtd (update, c059d49e-a961-4355-af69-db50d0971c15)
10:34:35 info: BridgeServer[0] Entity registry: updated, id=524e1209-5e93-4e0c-80eb-9aed64664243, count=1
10:34:35 info: BridgeServer[0] [Presentation] entity=524e1209-5e93-4e0c-80eb-9aed64664243 state=[presentation, {   "renderer": "humanoid",   "model": "survivor",   "scale": 1.0,   "variant": "default" }]
10:34:35 info: BridgeServer[0] Entity state forwarded: 7dtd -> minecraft (update, 524e1209-5e93-4e0c-80eb-9aed64664243)
10:34:35 info: BridgeServer[0] Entity registry: updated, id=524e1209-5e93-4e0c-80eb-9aed64664243, count=1
10:34:35 info: BridgeServer[0] [Presentation] entity=524e1209-5e93-4e0c-80eb-9aed64664243 state=[presentation, {   "renderer": "humanoid",   "model": "survivor",   "scale": 1.0,   "variant": "default" }]
10:34:35 info: BridgeServer[0] Entity state forwarded: 7dtd -> minecraft (update, 524e1209-5e93-4e0c-80eb-9aed64664243)
10:34:35 info: BridgeServer[0] Player position forwarded: minecraft -> 7dtd (-46.4980827909365, 71, 73.39785432349018)
10:34:35 info: BridgeServer[0] Entity registry: updated, id=c059d49e-a961-4355-af69-db50d0971c15, count=1
10:34:35 info: BridgeServer[0] [Presentation] entity=c059d49e-a961-4355-af69-db50d0971c15 state=[presentation, {   "renderer": "humanoid",   "model": "player",   "scale": 1.0,   "variant": "default" }]
10:34:35 info: BridgeServer[0] Entity state forwarded: minecraft -> 7dtd (update, c059d49e-a961-4355-af69-db50d0971c15)
10:34:36 info: BridgeServer[0] Player position forwarded: minecraft -> 7dtd (-46.4980827909365, 71, 73.39785432349018)
10:34:36 info: BridgeServer[0] Entity registry: updated, id=c059d49e-a961-4355-af69-db50d0971c15, count=1
10:34:36 info: BridgeServer[0] [Presentation] entity=c059d49e-a961-4355-af69-db50d0971c15 state=[presentation, {   "renderer": "humanoid",   "model": "player",   "scale": 1.0,   "variant": "default" }]
10:34:36 info: BridgeServer[0] Entity state forwarded: minecraft -> 7dtd (update, c059d49e-a961-4355-af69-db50d0971c15)
10:34:36 info: BridgeServer[0] Entity registry: updated, id=524e1209-5e93-4e0c-80eb-9aed64664243, count=1
10:34:36 info: BridgeServer[0] [Presentation] entity=524e1209-5e93-4e0c-80eb-9aed64664243 state=[presentation, {   "renderer": "humanoid",   "model": "survivor",   "scale": 1.0,   "variant": "default" }]
10:34:36 info: BridgeServer[0] Entity state forwarded: 7dtd -> minecraft (update, 524e1209-5e93-4e0c-80eb-9aed64664243)
10:34:36 info: BridgeServer[0] Player position forwarded: minecraft -> 7dtd (-46.4980827909365, 71, 73.39785432349018)
10:34:36 info: BridgeServer[0] Entity registry: updated, id=c059d49e-a961-4355-af69-db50d0971c15, count=1
10:34:36 info: BridgeServer[0] [Presentation] entity=c059d49e-a961-4355-af69-db50d0971c15 state=[presentation, {   "renderer": "humanoid",   "model": "player",   "scale": 1.0,   "variant": "default" }]
10:34:36 info: BridgeServer[0] Entity state forwarded: minecraft -> 7dtd (update, c059d49e-a961-4355-af69-db50d0971c15)
10:34:36 info: BridgeServer[0] Entity registry: updated, id=524e1209-5e93-4e0c-80eb-9aed64664243, count=1
10:34:36 info: BridgeServer[0] [Presentation] entity=524e1209-5e93-4e0c-80eb-9aed64664243 state=[presentation, {   "renderer": "humanoid",   "model": "survivor",   "scale": 1.0,   "variant": "default" }]
10:34:36 info: BridgeServer[0] Entity state forwarded: 7dtd -> minecraft (update, 524e1209-5e93-4e0c-80eb-9aed64664243)
10:34:37 info: BridgeServer[0] Player position forwarded: minecraft -> 7dtd (-46.4980827909365, 71, 73.39785432349018)
10:34:37 info: BridgeServer[0] Entity registry: updated, id=c059d49e-a961-4355-af69-db50d0971c15, count=1
10:34:37 info: BridgeServer[0] [Presentation] entity=c059d49e-a961-4355-af69-db50d0971c15 state=[presentation, {   "renderer": "humanoid",   "model": "player",   "scale": 1.0,   "variant": "default" }]
10:34:37 info: BridgeServer[0] Entity state forwarded: minecraft -> 7dtd (update, c059d49e-a961-4355-af69-db50d0971c15)
10:34:37 info: BridgeServer[0] Entity registry: updated, id=524e1209-5e93-4e0c-80eb-9aed64664243, count=1
10:34:37 info: BridgeServer[0] [Presentation] entity=524e1209-5e93-4e0c-80eb-9aed64664243 state=[presentation, {   "renderer": "humanoid",   "model": "survivor",   "scale": 1.0,   "variant": "default" }]
10:34:37 info: BridgeServer[0] Entity state forwarded: 7dtd -> minecraft (update, 524e1209-5e93-4e0c-80eb-9aed64664243)
10:34:37 info: BridgeServer[0] Entity registry: updated, id=524e1209-5e93-4e0c-80eb-9aed64664243, count=1
10:34:37 info: BridgeServer[0] [Presentation] entity=524e1209-5e93-4e0c-80eb-9aed64664243 state=[presentation, {   "renderer": "humanoid",   "model": "survivor",   "scale": 1.0,   "variant": "default" }]
10:34:37 info: BridgeServer[0] Entity state forwarded: 7dtd -> minecraft (update, 524e1209-5e93-4e0c-80eb-9aed64664243)
10:34:37 info: BridgeServer[0] Player position forwarded: minecraft -> 7dtd (-46.4980827909365, 71, 73.39785432349018)
10:34:37 info: BridgeServer[0] Entity registry: updated, id=c059d49e-a961-4355-af69-db50d0971c15, count=1
10:34:37 info: BridgeServer[0] [Presentation] entity=c059d49e-a961-4355-af69-db50d0971c15 state=[presentation, {   "renderer": "humanoid",   "model": "player",   "scale": 1.0,   "variant": "default" }]
10:34:37 info: BridgeServer[0] Entity state forwarded: minecraft -> 7dtd (update, c059d49e-a961-4355-af69-db50d0971c15)
10:34:38 info: BridgeServer[0] Entity registry: updated, id=524e1209-5e93-4e0c-80eb-9aed64664243, count=1
10:34:38 info: BridgeServer[0] [Presentation] entity=524e1209-5e93-4e0c-80eb-9aed64664243 state=[presentation, {   "renderer": "humanoid",   "model": "survivor",   "scale": 1.0,   "variant": "default" }]
10:34:38 info: BridgeServer[0] Entity state forwarded: 7dtd -> minecraft (update, 524e1209-5e93-4e0c-80eb-9aed64664243)
10:34:38 info: BridgeServer[0] Player position forwarded: minecraft -> 7dtd (-46.4980827909365, 71, 73.39785432349018)
10:34:38 info: BridgeServer[0] Entity registry: updated, id=c059d49e-a961-4355-af69-db50d0971c15, count=1
10:34:38 info: BridgeServer[0] [Presentation] entity=c059d49e-a961-4355-af69-db50d0971c15 state=[presentation, {   "renderer": "humanoid",   "model": "player",   "scale": 1.0,   "variant": "default" }]
10:34:38 info: BridgeServer[0] Entity state forwarded: minecraft -> 7dtd (update, c059d49e-a961-4355-af69-db50d0971c15)
10:34:38 info: BridgeServer[0] Entity registry: updated, id=524e1209-5e93-4e0c-80eb-9aed64664243, count=1
10:34:38 info: BridgeServer[0] [Presentation] entity=524e1209-5e93-4e0c-80eb-9aed64664243 state=[presentation, {   "renderer": "humanoid",   "model": "survivor",   "scale": 1.0,   "variant": "default" }]
10:34:38 info: BridgeServer[0] Entity state forwarded: 7dtd -> minecraft (update, 524e1209-5e93-4e0c-80eb-9aed64664243)
10:34:38 info: BridgeServer[0] Player position forwarded: minecraft -> 7dtd (-46.4980827909365, 71, 73.39785432349018)
10:34:38 info: BridgeServer[0] Entity registry: updated, id=c059d49e-a961-4355-af69-db50d0971c15, count=1
10:34:38 info: BridgeServer[0] [Presentation] entity=c059d49e-a961-4355-af69-db50d0971c15 state=[presentation, {   "renderer": "humanoid",   "model": "player",   "scale": 1.0,   "variant": "default" }]
10:34:38 info: BridgeServer[0] Entity state forwarded: minecraft -> 7dtd (update, c059d49e-a961-4355-af69-db50d0971c15)
10:34:39 info: BridgeServer[0] Entity registry: updated, id=524e1209-5e93-4e0c-80eb-9aed64664243, count=1
10:34:39 info: BridgeServer[0] [Presentation] entity=524e1209-5e93-4e0c-80eb-9aed64664243 state=[presentation, {   "renderer": "humanoid",   "model": "survivor",   "scale": 1.0,   "variant": "default" }]
10:34:39 info: BridgeServer[0] Entity state forwarded: 7dtd -> minecraft (update, 524e1209-5e93-4e0c-80eb-9aed64664243)
10:34:39 info: BridgeServer[0] Player position forwarded: minecraft -> 7dtd (-46.4980827909365, 71, 73.39785432349018)
10:34:39 info: BridgeServer[0] Entity registry: updated, id=c059d49e-a961-4355-af69-db50d0971c15, count=1
10:34:39 info: BridgeServer[0] [Presentation] entity=c059d49e-a961-4355-af69-db50d0971c15 state=[presentation, {   "renderer": "humanoid",   "model": "player",   "scale": 1.0,   "variant": "default" }]
10:34:39 info: BridgeServer[0] Entity state forwarded: minecraft -> 7dtd (update, c059d49e-a961-4355-af69-db50d0971c15)
10:34:39 info: BridgeServer[0] Entity registry: updated, id=524e1209-5e93-4e0c-80eb-9aed64664243, count=1
10:34:39 info: BridgeServer[0] [Presentation] entity=524e1209-5e93-4e0c-80eb-9aed64664243 state=[presentation, {   "renderer": "humanoid",   "model": "survivor",   "scale": 1.0,   "variant": "default" }]
10:34:39 info: BridgeServer[0] Entity state forwarded: 7dtd -> minecraft (update, 524e1209-5e93-4e0c-80eb-9aed64664243)
10:34:39 info: BridgeServer[0] Player position forwarded: minecraft -> 7dtd (-46.4980827909365, 71, 73.39785432349018)
10:34:39 info: BridgeServer[0] Entity registry: updated, id=c059d49e-a961-4355-af69-db50d0971c15, count=1
10:34:39 info: BridgeServer[0] [Presentation] entity=c059d49e-a961-4355-af69-db50d0971c15 state=[presentation, {   "renderer": "humanoid",   "model": "player",   "scale": 1.0,   "variant": "default" }]
10:34:39 info: BridgeServer[0] Entity state forwarded: minecraft -> 7dtd (update, c059d49e-a961-4355-af69-db50d0971c15)
10:34:40 info: BridgeServer[0] Entity registry: updated, id=524e1209-5e93-4e0c-80eb-9aed64664243, count=1
10:34:40 info: BridgeServer[0] [Presentation] entity=524e1209-5e93-4e0c-80eb-9aed64664243 state=[presentation, {   "renderer": "humanoid",   "model": "survivor",   "scale": 1.0,   "variant": "default" }]
10:34:40 info: BridgeServer[0] Entity state forwarded: 7dtd -> minecraft (update, 524e1209-5e93-4e0c-80eb-9aed64664243)
10:34:40 info: BridgeServer[0] Player position forwarded: minecraft -> 7dtd (-46.4980827909365, 71, 73.39785432349018)
10:34:40 info: BridgeServer[0] Entity registry: updated, id=c059d49e-a961-4355-af69-db50d0971c15, count=1
10:34:40 info: BridgeServer[0] [Presentation] entity=c059d49e-a961-4355-af69-db50d0971c15 state=[presentation, {   "renderer": "humanoid",   "model": "player",   "scale": 1.0,   "variant": "default" }]
10:34:40 info: BridgeServer[0] Entity state forwarded: minecraft -> 7dtd (update, c059d49e-a961-4355-af69-db50d0971c15)
10:34:40 info: BridgeServer[0] Entity registry: updated, id=524e1209-5e93-4e0c-80eb-9aed64664243, count=1
10:34:40 info: BridgeServer[0] [Presentation] entity=524e1209-5e93-4e0c-80eb-9aed64664243 state=[presentation, {   "renderer": "humanoid",   "model": "survivor",   "scale": 1.0,   "variant": "default" }]
10:34:40 info: BridgeServer[0] Entity state forwarded: 7dtd -> minecraft (update, 524e1209-5e93-4e0c-80eb-9aed64664243)
10:34:40 info: BridgeServer[0] Player position forwarded: minecraft -> 7dtd (-46.4980827909365, 71, 73.39785432349018)
10:34:40 info: BridgeServer[0] Entity registry: updated, id=c059d49e-a961-4355-af69-db50d0971c15, count=1
10:34:40 info: BridgeServer[0] [Presentation] entity=c059d49e-a961-4355-af69-db50d0971c15 state=[presentation, {   "renderer": "humanoid",   "model": "player",   "scale": 1.0,   "variant": "default" }]
10:34:40 info: BridgeServer[0] Entity state forwarded: minecraft -> 7dtd (update, c059d49e-a961-4355-af69-db50d0971c15)
10:34:41 info: BridgeServer[0] Entity registry: updated, id=524e1209-5e93-4e0c-80eb-9aed64664243, count=1
10:34:41 info: BridgeServer[0] [Presentation] entity=524e1209-5e93-4e0c-80eb-9aed64664243 state=[presentation, {   "renderer": "humanoid",   "model": "survivor",   "scale": 1.0,   "variant": "default" }]
10:34:41 info: BridgeServer[0] Entity state forwarded: 7dtd -> minecraft (update, 524e1209-5e93-4e0c-80eb-9aed64664243)
10:34:41 info: BridgeServer[0] Player position forwarded: minecraft -> 7dtd (-46.4980827909365, 71, 73.39785432349018)
10:34:41 info: BridgeServer[0] Entity registry: updated, id=c059d49e-a961-4355-af69-db50d0971c15, count=1
10:34:41 info: BridgeServer[0] [Presentation] entity=c059d49e-a961-4355-af69-db50d0971c15 state=[presentation, {   "renderer": "humanoid",   "model": "player",   "scale": 1.0,   "variant": "default" }]
10:34:41 info: BridgeServer[0] Entity state forwarded: minecraft -> 7dtd (update, c059d49e-a961-4355-af69-db50d0971c15)
10:34:41 info: BridgeServer[0] Entity registry: updated, id=524e1209-5e93-4e0c-80eb-9aed64664243, count=1
10:34:41 info: BridgeServer[0] [Presentation] entity=524e1209-5e93-4e0c-80eb-9aed64664243 state=[presentation, {   "renderer": "humanoid",   "model": "survivor",   "scale": 1.0,   "variant": "default" }]
10:34:41 info: BridgeServer[0] Entity state forwarded: 7dtd -> minecraft (update, 524e1209-5e93-4e0c-80eb-9aed64664243)
10:34:41 info: BridgeServer[0] Player position forwarded: minecraft -> 7dtd (-46.4980827909365, 71, 73.39785432349018)
10:34:41 info: BridgeServer[0] Entity registry: updated, id=c059d49e-a961-4355-af69-db50d0971c15, count=1
10:34:41 info: BridgeServer[0] [Presentation] entity=c059d49e-a961-4355-af69-db50d0971c15 state=[presentation, {   "renderer": "humanoid",   "model": "player",   "scale": 1.0,   "variant": "default" }]
10:34:41 info: BridgeServer[0] Entity state forwarded: minecraft -> 7dtd (update, c059d49e-a961-4355-af69-db50d0971c15)
10:34:42 info: BridgeServer[0] Entity registry: updated, id=524e1209-5e93-4e0c-80eb-9aed64664243, count=1
10:34:42 info: BridgeServer[0] [Presentation] entity=524e1209-5e93-4e0c-80eb-9aed64664243 state=[presentation, {   "renderer": "humanoid",   "model": "survivor",   "scale": 1.0,   "variant": "default" }]
10:34:42 info: BridgeServer[0] Entity state forwarded: 7dtd -> minecraft (update, 524e1209-5e93-4e0c-80eb-9aed64664243)
10:34:42 info: BridgeServer[0] Player position forwarded: minecraft -> 7dtd (-46.4980827909365, 71, 73.39785432349018)
10:34:42 info: BridgeServer[0] Entity registry: updated, id=c059d49e-a961-4355-af69-db50d0971c15, count=1
10:34:42 info: BridgeServer[0] [Presentation] entity=c059d49e-a961-4355-af69-db50d0971c15 state=[presentation, {   "renderer": "humanoid",   "model": "player",   "scale": 1.0,   "variant": "default" }]
10:34:42 info: BridgeServer[0] Entity state forwarded: minecraft -> 7dtd (update, c059d49e-a961-4355-af69-db50d0971c15)
10:34:42 info: BridgeServer[0] Entity registry: updated, id=524e1209-5e93-4e0c-80eb-9aed64664243, count=1
10:34:42 info: BridgeServer[0] [Presentation] entity=524e1209-5e93-4e0c-80eb-9aed64664243 state=[presentation, {   "renderer": "humanoid",   "model": "survivor",   "scale": 1.0,   "variant": "default" }]
10:34:42 info: BridgeServer[0] Entity state forwarded: 7dtd -> minecraft (update, 524e1209-5e93-4e0c-80eb-9aed64664243)
10:34:43 info: BridgeServer[0] Player position forwarded: minecraft -> 7dtd (-46.4980827909365, 71, 73.39785432349018)
10:34:43 info: BridgeServer[0] Entity registry: updated, id=c059d49e-a961-4355-af69-db50d0971c15, count=1
10:34:43 info: BridgeServer[0] [Presentation] entity=c059d49e-a961-4355-af69-db50d0971c15 state=[presentation, {   "renderer": "humanoid",   "model": "player",   "scale": 1.0,   "variant": "default" }]
10:34:43 info: BridgeServer[0] Entity state forwarded: minecraft -> 7dtd (update, c059d49e-a961-4355-af69-db50d0971c15)
10:34:43 info: BridgeServer[0] Entity registry: updated, id=524e1209-5e93-4e0c-80eb-9aed64664243, count=1
10:34:43 info: BridgeServer[0] [Presentation] entity=524e1209-5e93-4e0c-80eb-9aed64664243 state=[presentation, {   "renderer": "humanoid",   "model": "survivor",   "scale": 1.0,   "variant": "default" }]
10:34:43 info: BridgeServer[0] Entity state forwarded: 7dtd -> minecraft (update, 524e1209-5e93-4e0c-80eb-9aed64664243)
10:34:43 info: BridgeServer[0] Player position forwarded: minecraft -> 7dtd (-46.4980827909365, 71, 73.39785432349018)
10:34:43 info: BridgeServer[0] Entity registry: updated, id=c059d49e-a961-4355-af69-db50d0971c15, count=1
10:34:43 info: BridgeServer[0] [Presentation] entity=c059d49e-a961-4355-af69-db50d0971c15 state=[presentation, {   "renderer": "humanoid",   "model": "player",   "scale": 1.0,   "variant": "default" }]
10:34:43 info: BridgeServer[0] Entity state forwarded: minecraft -> 7dtd (update, c059d49e-a961-4355-af69-db50d0971c15)
10:34:43 info: BridgeServer[0] Entity registry: updated, id=524e1209-5e93-4e0c-80eb-9aed64664243, count=1
10:34:43 info: BridgeServer[0] [Presentation] entity=524e1209-5e93-4e0c-80eb-9aed64664243 state=[presentation, {   "renderer": "humanoid",   "model": "survivor",   "scale": 1.0,   "variant": "default" }]
10:34:43 info: BridgeServer[0] Entity state forwarded: 7dtd -> minecraft (update, 524e1209-5e93-4e0c-80eb-9aed64664243)
10:34:44 info: BridgeServer[0] Player position forwarded: minecraft -> 7dtd (-46.4980827909365, 71, 73.39785432349018)
10:34:44 info: BridgeServer[0] Entity registry: updated, id=c059d49e-a961-4355-af69-db50d0971c15, count=1
10:34:44 info: BridgeServer[0] [Presentation] entity=c059d49e-a961-4355-af69-db50d0971c15 state=[presentation, {   "renderer": "humanoid",   "model": "player",   "scale": 1.0,   "variant": "default" }]
10:34:44 info: BridgeServer[0] Entity state forwarded: minecraft -> 7dtd (update, c059d49e-a961-4355-af69-db50d0971c15)
10:34:44 info: BridgeServer[0] Entity registry: updated, id=524e1209-5e93-4e0c-80eb-9aed64664243, count=1
10:34:44 info: BridgeServer[0] [Presentation] entity=524e1209-5e93-4e0c-80eb-9aed64664243 state=[presentation, {   "renderer": "humanoid",   "model": "survivor",   "scale": 1.0,   "variant": "default" }]
10:34:44 info: BridgeServer[0] Entity state forwarded: 7dtd -> minecraft (update, 524e1209-5e93-4e0c-80eb-9aed64664243)
10:34:44 info: BridgeServer[0] Entity registry: updated, id=524e1209-5e93-4e0c-80eb-9aed64664243, count=1
10:34:44 info: BridgeServer[0] [Presentation] entity=524e1209-5e93-4e0c-80eb-9aed64664243 state=[presentation, {   "renderer": "humanoid",   "model": "survivor",   "scale": 1.0,   "variant": "default" }]
10:34:44 info: BridgeServer[0] Entity state forwarded: 7dtd -> minecraft (update, 524e1209-5e93-4e0c-80eb-9aed64664243)
10:34:44 info: BridgeServer[0] Player position forwarded: minecraft -> 7dtd (-46.4980827909365, 71, 73.39785432349018)
10:34:44 info: BridgeServer[0] Entity registry: updated, id=c059d49e-a961-4355-af69-db50d0971c15, count=1
10:34:44 info: BridgeServer[0] [Presentation] entity=c059d49e-a961-4355-af69-db50d0971c15 state=[presentation, {   "renderer": "humanoid",   "model": "player",   "scale": 1.0,   "variant": "default" }]
10:34:44 info: BridgeServer[0] Entity state forwarded: minecraft -> 7dtd (update, c059d49e-a961-4355-af69-db50d0971c15)
10:34:45 info: BridgeServer[0] Entity registry: updated, id=524e1209-5e93-4e0c-80eb-9aed64664243, count=1
10:34:45 info: BridgeServer[0] [Presentation] entity=524e1209-5e93-4e0c-80eb-9aed64664243 state=[presentation, {   "renderer": "humanoid",   "model": "survivor",   "scale": 1.0,   "variant": "default" }]
10:34:45 info: BridgeServer[0] Entity state forwarded: 7dtd -> minecraft (update, 524e1209-5e93-4e0c-80eb-9aed64664243)
10:34:45 info: BridgeServer[0] Player position forwarded: minecraft -> 7dtd (-46.4980827909365, 71, 73.39785432349018)
10:34:45 info: BridgeServer[0] Entity registry: updated, id=c059d49e-a961-4355-af69-db50d0971c15, count=1
10:34:45 info: BridgeServer[0] [Presentation] entity=c059d49e-a961-4355-af69-db50d0971c15 state=[presentation, {   "renderer": "humanoid",   "model": "player",   "scale": 1.0,   "variant": "default" }]
10:34:45 info: BridgeServer[0] Entity state forwarded: minecraft -> 7dtd (update, c059d49e-a961-4355-af69-db50d0971c15)
10:34:45 info: BridgeServer[0] Entity registry: updated, id=524e1209-5e93-4e0c-80eb-9aed64664243, count=1
10:34:45 info: BridgeServer[0] [Presentation] entity=524e1209-5e93-4e0c-80eb-9aed64664243 state=[presentation, {   "renderer": "humanoid",   "model": "survivor",   "scale": 1.0,   "variant": "default" }]
10:34:45 info: BridgeServer[0] Entity state forwarded: 7dtd -> minecraft (update, 524e1209-5e93-4e0c-80eb-9aed64664243)
10:34:45 info: BridgeServer[0] Player position forwarded: minecraft -> 7dtd (-46.4980827909365, 71, 73.39785432349018)
10:34:45 info: BridgeServer[0] Entity registry: updated, id=c059d49e-a961-4355-af69-db50d0971c15, count=1
10:34:45 info: BridgeServer[0] [Presentation] entity=c059d49e-a961-4355-af69-db50d0971c15 state=[presentation, {   "renderer": "humanoid",   "model": "player",   "scale": 1.0,   "variant": "default" }]
10:34:45 info: BridgeServer[0] Entity state forwarded: minecraft -> 7dtd (update, c059d49e-a961-4355-af69-db50d0971c15)
10:34:46 info: BridgeServer[0] Entity registry: updated, id=524e1209-5e93-4e0c-80eb-9aed64664243, count=1
10:34:46 info: BridgeServer[0] [Presentation] entity=524e1209-5e93-4e0c-80eb-9aed64664243 state=[presentation, {   "renderer": "humanoid",   "model": "survivor",   "scale": 1.0,   "variant": "default" }]
10:34:46 info: BridgeServer[0] Entity state forwarded: 7dtd -> minecraft (update, 524e1209-5e93-4e0c-80eb-9aed64664243)
10:34:46 info: BridgeServer[0] Player position forwarded: minecraft -> 7dtd (-46.4980827909365, 71, 73.39785432349018)
10:34:46 info: BridgeServer[0] Entity registry: updated, id=c059d49e-a961-4355-af69-db50d0971c15, count=1
10:34:46 info: BridgeServer[0] [Presentation] entity=c059d49e-a961-4355-af69-db50d0971c15 state=[presentation, {   "renderer": "humanoid",   "model": "player",   "scale": 1.0,   "variant": "default" }]
10:34:46 info: BridgeServer[0] Entity state forwarded: minecraft -> 7dtd (update, c059d49e-a961-4355-af69-db50d0971c15)
10:34:46 info: BridgeServer[0] Entity registry: updated, id=524e1209-5e93-4e0c-80eb-9aed64664243, count=1
10:34:46 info: BridgeServer[0] [Presentation] entity=524e1209-5e93-4e0c-80eb-9aed64664243 state=[presentation, {   "renderer": "humanoid",   "model": "survivor",   "scale": 1.0,   "variant": "default" }]
10:34:46 info: BridgeServer[0] Entity state forwarded: 7dtd -> minecraft (update, 524e1209-5e93-4e0c-80eb-9aed64664243)
10:34:46 info: BridgeServer[0] Player position forwarded: minecraft -> 7dtd (-46.4980827909365, 71, 73.39785432349018)
10:34:46 info: BridgeServer[0] Entity registry: updated, id=c059d49e-a961-4355-af69-db50d0971c15, count=1
10:34:46 info: BridgeServer[0] [Presentation] entity=c059d49e-a961-4355-af69-db50d0971c15 state=[presentation, {   "renderer": "humanoid",   "model": "player",   "scale": 1.0,   "variant": "default" }]
10:34:46 info: BridgeServer[0] Entity state forwarded: minecraft -> 7dtd (update, c059d49e-a961-4355-af69-db50d0971c15)
10:34:47 info: BridgeServer[0] Entity registry: updated, id=524e1209-5e93-4e0c-80eb-9aed64664243, count=1
10:34:47 info: BridgeServer[0] [Presentation] entity=524e1209-5e93-4e0c-80eb-9aed64664243 state=[presentation, {   "renderer": "humanoid",   "model": "survivor",   "scale": 1.0,   "variant": "default" }]
10:34:47 info: BridgeServer[0] Entity state forwarded: 7dtd -> minecraft (update, 524e1209-5e93-4e0c-80eb-9aed64664243)
10:34:47 info: BridgeServer[0] Player position forwarded: minecraft -> 7dtd (-46.4980827909365, 71, 73.39785432349018)
10:34:47 info: BridgeServer[0] Entity registry: updated, id=c059d49e-a961-4355-af69-db50d0971c15, count=1
10:34:47 info: BridgeServer[0] [Presentation] entity=c059d49e-a961-4355-af69-db50d0971c15 state=[presentation, {   "renderer": "humanoid",   "model": "player",   "scale": 1.0,   "variant": "default" }]
10:34:47 info: BridgeServer[0] Entity state forwarded: minecraft -> 7dtd (update, c059d49e-a961-4355-af69-db50d0971c15)
10:34:47 info: BridgeServer[0] Entity registry: updated, id=524e1209-5e93-4e0c-80eb-9aed64664243, count=1
10:34:47 info: BridgeServer[0] [Presentation] entity=524e1209-5e93-4e0c-80eb-9aed64664243 state=[presentation, {   "renderer": "humanoid",   "model": "survivor",   "scale": 1.0,   "variant": "default" }]
10:34:47 info: BridgeServer[0] Entity state forwarded: 7dtd -> minecraft (update, 524e1209-5e93-4e0c-80eb-9aed64664243)
10:34:47 info: BridgeServer[0] Player position forwarded: minecraft -> 7dtd (-46.4980827909365, 71, 73.39785432349018)
10:34:47 info: BridgeServer[0] Entity registry: updated, id=c059d49e-a961-4355-af69-db50d0971c15, count=1
10:34:47 info: BridgeServer[0] [Presentation] entity=c059d49e-a961-4355-af69-db50d0971c15 state=[presentation, {   "renderer": "humanoid",   "model": "player",   "scale": 1.0,   "variant": "default" }]
10:34:47 info: BridgeServer[0] Entity state forwarded: minecraft -> 7dtd (update, c059d49e-a961-4355-af69-db50d0971c15)
10:34:48 info: BridgeServer[0] Entity registry: updated, id=524e1209-5e93-4e0c-80eb-9aed64664243, count=1
10:34:48 info: BridgeServer[0] [Presentation] entity=524e1209-5e93-4e0c-80eb-9aed64664243 state=[presentation, {   "renderer": "humanoid",   "model": "survivor",   "scale": 1.0,   "variant": "default" }]
10:34:48 info: BridgeServer[0] Entity state forwarded: 7dtd -> minecraft (update, 524e1209-5e93-4e0c-80eb-9aed64664243)
10:34:48 info: BridgeServer[0] Player position forwarded: minecraft -> 7dtd (-46.4980827909365, 71, 73.39785432349018)
10:34:48 info: BridgeServer[0] Entity registry: updated, id=c059d49e-a961-4355-af69-db50d0971c15, count=1
10:34:48 info: BridgeServer[0] [Presentation] entity=c059d49e-a961-4355-af69-db50d0971c15 state=[presentation, {   "renderer": "humanoid",   "model": "player",   "scale": 1.0,   "variant": "default" }]
10:34:48 info: BridgeServer[0] Entity state forwarded: minecraft -> 7dtd (update, c059d49e-a961-4355-af69-db50d0971c15)
10:34:48 info: BridgeServer[0] Entity registry: updated, id=524e1209-5e93-4e0c-80eb-9aed64664243, count=1
10:34:48 info: BridgeServer[0] [Presentation] entity=524e1209-5e93-4e0c-80eb-9aed64664243 state=[presentation, {   "renderer": "humanoid",   "model": "survivor",   "scale": 1.0,   "variant": "default" }]
10:34:48 info: BridgeServer[0] Entity state forwarded: 7dtd -> minecraft (update, 524e1209-5e93-4e0c-80eb-9aed64664243)
10:34:48 info: BridgeServer[0] Player position forwarded: minecraft -> 7dtd (-46.4980827909365, 71, 73.39785432349018)
10:34:48 info: BridgeServer[0] Entity registry: updated, id=c059d49e-a961-4355-af69-db50d0971c15, count=1
10:34:48 info: BridgeServer[0] [Presentation] entity=c059d49e-a961-4355-af69-db50d0971c15 state=[presentation, {   "renderer": "humanoid",   "model": "player",   "scale": 1.0,   "variant": "default" }]
10:34:48 info: BridgeServer[0] Entity state forwarded: minecraft -> 7dtd (update, c059d49e-a961-4355-af69-db50d0971c15)
10:34:49 info: BridgeServer[0] Entity registry: updated, id=524e1209-5e93-4e0c-80eb-9aed64664243, count=1
10:34:49 info: BridgeServer[0] [Presentation] entity=524e1209-5e93-4e0c-80eb-9aed64664243 state=[presentation, {   "renderer": "humanoid",   "model": "survivor",   "scale": 1.0,   "variant": "default" }]
10:34:49 info: BridgeServer[0] Entity state forwarded: 7dtd -> minecraft (update, 524e1209-5e93-4e0c-80eb-9aed64664243)
10:34:49 info: BridgeServer[0] Player position forwarded: minecraft -> 7dtd (-46.4980827909365, 71, 73.39785432349018)
10:34:49 info: BridgeServer[0] Entity registry: updated, id=c059d49e-a961-4355-af69-db50d0971c15, count=1
10:34:49 info: BridgeServer[0] [Presentation] entity=c059d49e-a961-4355-af69-db50d0971c15 state=[presentation, {   "renderer": "humanoid",   "model": "player",   "scale": 1.0,   "variant": "default" }]
10:34:49 info: BridgeServer[0] Entity state forwarded: minecraft -> 7dtd (update, c059d49e-a961-4355-af69-db50d0971c15)
10:34:49 info: BridgeServer[0] Entity registry: updated, id=524e1209-5e93-4e0c-80eb-9aed64664243, count=1
10:34:49 info: BridgeServer[0] [Presentation] entity=524e1209-5e93-4e0c-80eb-9aed64664243 state=[presentation, {   "renderer": "humanoid",   "model": "survivor",   "scale": 1.0,   "variant": "default" }]
10:34:49 info: BridgeServer[0] Entity state forwarded: 7dtd -> minecraft (update, 524e1209-5e93-4e0c-80eb-9aed64664243)
10:34:50 info: BridgeServer[0] Player position forwarded: minecraft -> 7dtd (-46.4980827909365, 71, 73.39785432349018)
10:34:50 info: BridgeServer[0] Entity registry: updated, id=c059d49e-a961-4355-af69-db50d0971c15, count=1
10:34:50 info: BridgeServer[0] [Presentation] entity=c059d49e-a961-4355-af69-db50d0971c15 state=[presentation, {   "renderer": "humanoid",   "model": "player",   "scale": 1.0,   "variant": "default" }]
10:34:50 info: BridgeServer[0] Entity state forwarded: minecraft -> 7dtd (update, c059d49e-a961-4355-af69-db50d0971c15)
10:34:50 info: BridgeServer[0] Entity registry: updated, id=524e1209-5e93-4e0c-80eb-9aed64664243, count=1
10:34:50 info: BridgeServer[0] [Presentation] entity=524e1209-5e93-4e0c-80eb-9aed64664243 state=[presentation, {   "renderer": "humanoid",   "model": "survivor",   "scale": 1.0,   "variant": "default" }]
10:34:50 info: BridgeServer[0] Entity state forwarded: 7dtd -> minecraft (update, 524e1209-5e93-4e0c-80eb-9aed64664243)
10:34:50 info: BridgeServer[0] Player position forwarded: minecraft -> 7dtd (-46.4980827909365, 71, 73.39785432349018)
10:34:50 info: BridgeServer[0] Entity registry: updated, id=c059d49e-a961-4355-af69-db50d0971c15, count=1
10:34:50 info: BridgeServer[0] [Presentation] entity=c059d49e-a961-4355-af69-db50d0971c15 state=[presentation, {   "renderer": "humanoid",   "model": "player",   "scale": 1.0,   "variant": "default" }]
10:34:50 info: BridgeServer[0] Entity state forwarded: minecraft -> 7dtd (update, c059d49e-a961-4355-af69-db50d0971c15)
10:34:50 info: BridgeServer[0] Entity registry: updated, id=524e1209-5e93-4e0c-80eb-9aed64664243, count=1
10:34:50 info: BridgeServer[0] [Presentation] entity=524e1209-5e93-4e0c-80eb-9aed64664243 state=[presentation, {   "renderer": "humanoid",   "model": "survivor",   "scale": 1.0,   "variant": "default" }]
10:34:50 info: BridgeServer[0] Entity state forwarded: 7dtd -> minecraft (update, 524e1209-5e93-4e0c-80eb-9aed64664243)
10:34:51 info: BridgeServer[0] Player position forwarded: minecraft -> 7dtd (-46.4980827909365, 71, 73.39785432349018)
10:34:51 info: BridgeServer[0] Entity registry: updated, id=c059d49e-a961-4355-af69-db50d0971c15, count=1
10:34:51 info: BridgeServer[0] [Presentation] entity=c059d49e-a961-4355-af69-db50d0971c15 state=[presentation, {   "renderer": "humanoid",   "model": "player",   "scale": 1.0,   "variant": "default" }]
10:34:51 info: BridgeServer[0] Entity state forwarded: minecraft -> 7dtd (update, c059d49e-a961-4355-af69-db50d0971c15)
10:34:51 info: BridgeServer[0] Entity registry: updated, id=524e1209-5e93-4e0c-80eb-9aed64664243, count=1
10:34:51 info: BridgeServer[0] [Presentation] entity=524e1209-5e93-4e0c-80eb-9aed64664243 state=[presentation, {   "renderer": "humanoid",   "model": "survivor",   "scale": 1.0,   "variant": "default" }]
10:34:51 info: BridgeServer[0] Entity state forwarded: 7dtd -> minecraft (update, 524e1209-5e93-4e0c-80eb-9aed64664243)
10:34:51 info: BridgeServer[0] Entity registry: updated, id=524e1209-5e93-4e0c-80eb-9aed64664243, count=1
10:34:51 info: BridgeServer[0] [Presentation] entity=524e1209-5e93-4e0c-80eb-9aed64664243 state=[presentation, {   "renderer": "humanoid",   "model": "survivor",   "scale": 1.0,   "variant": "default" }]
10:34:51 info: BridgeServer[0] Entity state forwarded: 7dtd -> minecraft (update, 524e1209-5e93-4e0c-80eb-9aed64664243)
10:34:51 info: BridgeServer[0] Player position forwarded: minecraft -> 7dtd (-46.4980827909365, 71, 73.39785432349018)
10:34:51 info: BridgeServer[0] Entity registry: updated, id=c059d49e-a961-4355-af69-db50d0971c15, count=1
10:34:51 info: BridgeServer[0] [Presentation] entity=c059d49e-a961-4355-af69-db50d0971c15 state=[presentation, {   "renderer": "humanoid",   "model": "player",   "scale": 1.0,   "variant": "default" }]
10:34:51 info: BridgeServer[0] Entity state forwarded: minecraft -> 7dtd (update, c059d49e-a961-4355-af69-db50d0971c15)
10:34:52 info: BridgeServer[0] Entity registry: updated, id=524e1209-5e93-4e0c-80eb-9aed64664243, count=1
10:34:52 info: BridgeServer[0] [Presentation] entity=524e1209-5e93-4e0c-80eb-9aed64664243 state=[presentation, {   "renderer": "humanoid",   "model": "survivor",   "scale": 1.0,   "variant": "default" }]
10:34:52 info: BridgeServer[0] Entity state forwarded: 7dtd -> minecraft (update, 524e1209-5e93-4e0c-80eb-9aed64664243)
10:34:52 info: BridgeServer[0] Player position forwarded: minecraft -> 7dtd (-46.4980827909365, 71, 73.39785432349018)
10:34:52 info: BridgeServer[0] Entity registry: updated, id=c059d49e-a961-4355-af69-db50d0971c15, count=1
10:34:52 info: BridgeServer[0] [Presentation] entity=c059d49e-a961-4355-af69-db50d0971c15 state=[presentation, {   "renderer": "humanoid",   "model": "player",   "scale": 1.0,   "variant": "default" }]
10:34:52 info: BridgeServer[0] Entity state forwarded: minecraft -> 7dtd (update, c059d49e-a961-4355-af69-db50d0971c15)
10:34:52 info: BridgeServer[0] Entity registry: updated, id=524e1209-5e93-4e0c-80eb-9aed64664243, count=1
10:34:52 info: BridgeServer[0] [Presentation] entity=524e1209-5e93-4e0c-80eb-9aed64664243 state=[presentation, {   "renderer": "humanoid",   "model": "survivor",   "scale": 1.0,   "variant": "default" }]
10:34:52 info: BridgeServer[0] Entity state forwarded: 7dtd -> minecraft (update, 524e1209-5e93-4e0c-80eb-9aed64664243)
10:34:52 info: BridgeServer[0] Player position forwarded: minecraft -> 7dtd (-46.4980827909365, 71, 73.39785432349018)
10:34:52 info: BridgeServer[0] Entity registry: updated, id=c059d49e-a961-4355-af69-db50d0971c15, count=1
10:34:52 info: BridgeServer[0] [Presentation] entity=c059d49e-a961-4355-af69-db50d0971c15 state=[presentation, {   "renderer": "humanoid",   "model": "player",   "scale": 1.0,   "variant": "default" }]
10:34:52 info: BridgeServer[0] Entity state forwarded: minecraft -> 7dtd (update, c059d49e-a961-4355-af69-db50d0971c15)
10:34:53 info: BridgeServer[0] Entity registry: updated, id=524e1209-5e93-4e0c-80eb-9aed64664243, count=1
10:34:53 info: BridgeServer[0] [Presentation] entity=524e1209-5e93-4e0c-80eb-9aed64664243 state=[presentation, {   "renderer": "humanoid",   "model": "survivor",   "scale": 1.0,   "variant": "default" }]
10:34:53 info: BridgeServer[0] Entity state forwarded: 7dtd -> minecraft (update, 524e1209-5e93-4e0c-80eb-9aed64664243)
10:34:53 info: BridgeServer[0] Player position forwarded: minecraft -> 7dtd (-46.4980827909365, 71, 73.39785432349018)
10:34:53 info: BridgeServer[0] Entity registry: updated, id=c059d49e-a961-4355-af69-db50d0971c15, count=1
10:34:53 info: BridgeServer[0] [Presentation] entity=c059d49e-a961-4355-af69-db50d0971c15 state=[presentation, {   "renderer": "humanoid",   "model": "player",   "scale": 1.0,   "variant": "default" }]
10:34:53 info: BridgeServer[0] Entity state forwarded: minecraft -> 7dtd (update, c059d49e-a961-4355-af69-db50d0971c15)
10:34:53 info: BridgeServer[0] Entity registry: updated, id=524e1209-5e93-4e0c-80eb-9aed64664243, count=1
10:34:53 info: BridgeServer[0] [Presentation] entity=524e1209-5e93-4e0c-80eb-9aed64664243 state=[presentation, {   "renderer": "humanoid",   "model": "survivor",   "scale": 1.0,   "variant": "default" }]
10:34:53 info: BridgeServer[0] Entity state forwarded: 7dtd -> minecraft (update, 524e1209-5e93-4e0c-80eb-9aed64664243)
10:34:53 info: BridgeServer[0] Player position forwarded: minecraft -> 7dtd (-46.4980827909365, 71, 73.39785432349018)
10:34:53 info: BridgeServer[0] Entity registry: updated, id=c059d49e-a961-4355-af69-db50d0971c15, count=1
10:34:53 info: BridgeServer[0] [Presentation] entity=c059d49e-a961-4355-af69-db50d0971c15 state=[presentation, {   "renderer": "humanoid",   "model": "player",   "scale": 1.0,   "variant": "default" }]
10:34:53 info: BridgeServer[0] Entity state forwarded: minecraft -> 7dtd (update, c059d49e-a961-4355-af69-db50d0971c15)
10:34:54 info: BridgeServer[0] Entity registry: updated, id=524e1209-5e93-4e0c-80eb-9aed64664243, count=1
10:34:54 info: BridgeServer[0] [Presentation] entity=524e1209-5e93-4e0c-80eb-9aed64664243 state=[presentation, {   "renderer": "humanoid",   "model": "survivor",   "scale": 1.0,   "variant": "default" }]
10:34:54 info: BridgeServer[0] Entity state forwarded: 7dtd -> minecraft (update, 524e1209-5e93-4e0c-80eb-9aed64664243)
10:34:54 info: BridgeServer[0] Player position forwarded: minecraft -> 7dtd (-46.4980827909365, 71, 73.39785432349018)
10:34:54 info: BridgeServer[0] Entity registry: updated, id=c059d49e-a961-4355-af69-db50d0971c15, count=1
10:34:54 info: BridgeServer[0] [Presentation] entity=c059d49e-a961-4355-af69-db50d0971c15 state=[presentation, {   "renderer": "humanoid",   "model": "player",   "scale": 1.0,   "variant": "default" }]
10:34:54 info: BridgeServer[0] Entity state forwarded: minecraft -> 7dtd (update, c059d49e-a961-4355-af69-db50d0971c15)
10:34:54 info: BridgeServer[0] Entity registry: updated, id=524e1209-5e93-4e0c-80eb-9aed64664243, count=1
10:34:54 info: BridgeServer[0] [Presentation] entity=524e1209-5e93-4e0c-80eb-9aed64664243 state=[presentation, {   "renderer": "humanoid",   "model": "survivor",   "scale": 1.0,   "variant": "default" }]
10:34:54 info: BridgeServer[0] Entity state forwarded: 7dtd -> minecraft (update, 524e1209-5e93-4e0c-80eb-9aed64664243)
10:34:54 info: BridgeServer[0] Player position forwarded: minecraft -> 7dtd (-46.4980827909365, 71, 73.39785432349018)
10:34:54 info: BridgeServer[0] Entity registry: updated, id=c059d49e-a961-4355-af69-db50d0971c15, count=1
10:34:54 info: BridgeServer[0] [Presentation] entity=c059d49e-a961-4355-af69-db50d0971c15 state=[presentation, {   "renderer": "humanoid",   "model": "player",   "scale": 1.0,   "variant": "default" }]
10:34:54 info: BridgeServer[0] Entity state forwarded: minecraft -> 7dtd (update, c059d49e-a961-4355-af69-db50d0971c15)
10:34:55 info: BridgeServer[0] Entity registry: updated, id=524e1209-5e93-4e0c-80eb-9aed64664243, count=1
10:34:55 info: BridgeServer[0] [Presentation] entity=524e1209-5e93-4e0c-80eb-9aed64664243 state=[presentation, {   "renderer": "humanoid",   "model": "survivor",   "scale": 1.0,   "variant": "default" }]
10:34:55 info: BridgeServer[0] Entity state forwarded: 7dtd -> minecraft (update, 524e1209-5e93-4e0c-80eb-9aed64664243)
10:34:55 info: BridgeServer[0] Player position forwarded: minecraft -> 7dtd (-46.4980827909365, 71, 73.39785432349018)
10:34:55 info: BridgeServer[0] Entity registry: updated, id=c059d49e-a961-4355-af69-db50d0971c15, count=1
10:34:55 info: BridgeServer[0] [Presentation] entity=c059d49e-a961-4355-af69-db50d0971c15 state=[presentation, {   "renderer": "humanoid",   "model": "player",   "scale": 1.0,   "variant": "default" }]
10:34:55 info: BridgeServer[0] Entity state forwarded: minecraft -> 7dtd (update, c059d49e-a961-4355-af69-db50d0971c15)
10:34:55 info: BridgeServer[0] Entity registry: updated, id=524e1209-5e93-4e0c-80eb-9aed64664243, count=1
10:34:55 info: BridgeServer[0] [Presentation] entity=524e1209-5e93-4e0c-80eb-9aed64664243 state=[presentation, {   "renderer": "humanoid",   "model": "survivor",   "scale": 1.0,   "variant": "default" }]
10:34:55 info: BridgeServer[0] Entity state forwarded: 7dtd -> minecraft (update, 524e1209-5e93-4e0c-80eb-9aed64664243)
10:34:55 info: BridgeServer[0] Player position forwarded: minecraft -> 7dtd (-46.4980827909365, 71, 73.39785432349018)
10:34:55 info: BridgeServer[0] Entity registry: updated, id=c059d49e-a961-4355-af69-db50d0971c15, count=1
10:34:55 info: BridgeServer[0] [Presentation] entity=c059d49e-a961-4355-af69-db50d0971c15 state=[presentation, {   "renderer": "humanoid",   "model": "player",   "scale": 1.0,   "variant": "default" }]
10:34:55 info: BridgeServer[0] Entity state forwarded: minecraft -> 7dtd (update, c059d49e-a961-4355-af69-db50d0971c15)
10:34:56 info: BridgeServer[0] Entity registry: updated, id=524e1209-5e93-4e0c-80eb-9aed64664243, count=1
10:34:56 info: BridgeServer[0] [Presentation] entity=524e1209-5e93-4e0c-80eb-9aed64664243 state=[presentation, {   "renderer": "humanoid",   "model": "survivor",   "scale": 1.0,   "variant": "default" }]
10:34:56 info: BridgeServer[0] Entity state forwarded: 7dtd -> minecraft (update, 524e1209-5e93-4e0c-80eb-9aed64664243)
10:34:56 info: BridgeServer[0] Player position forwarded: minecraft -> 7dtd (-46.4980827909365, 71, 73.39785432349018)
10:34:56 info: BridgeServer[0] Entity registry: updated, id=c059d49e-a961-4355-af69-db50d0971c15, count=1
10:34:56 info: BridgeServer[0] [Presentation] entity=c059d49e-a961-4355-af69-db50d0971c15 state=[presentation, {   "renderer": "humanoid",   "model": "player",   "scale": 1.0,   "variant": "default" }]
10:34:56 info: BridgeServer[0] Entity state forwarded: minecraft -> 7dtd (update, c059d49e-a961-4355-af69-db50d0971c15)
10:34:56 info: BridgeServer[0] Entity registry: updated, id=524e1209-5e93-4e0c-80eb-9aed64664243, count=1
10:34:56 info: BridgeServer[0] [Presentation] entity=524e1209-5e93-4e0c-80eb-9aed64664243 state=[presentation, {   "renderer": "humanoid",   "model": "survivor",   "scale": 1.0,   "variant": "default" }]
10:34:56 info: BridgeServer[0] Entity state forwarded: 7dtd -> minecraft (update, 524e1209-5e93-4e0c-80eb-9aed64664243)
10:34:56 info: BridgeServer[0] Player position forwarded: minecraft -> 7dtd (-46.4980827909365, 71, 73.39785432349018)
10:34:56 info: BridgeServer[0] Entity registry: updated, id=c059d49e-a961-4355-af69-db50d0971c15, count=1
10:34:56 info: BridgeServer[0] [Presentation] entity=c059d49e-a961-4355-af69-db50d0971c15 state=[presentation, {   "renderer": "humanoid",   "model": "player",   "scale": 1.0,   "variant": "default" }]
10:34:56 info: BridgeServer[0] Entity state forwarded: minecraft -> 7dtd (update, c059d49e-a961-4355-af69-db50d0971c15)
10:34:57 info: BridgeServer[0] Entity registry: updated, id=524e1209-5e93-4e0c-80eb-9aed64664243, count=1
10:34:57 info: BridgeServer[0] [Presentation] entity=524e1209-5e93-4e0c-80eb-9aed64664243 state=[presentation, {   "renderer": "humanoid",   "model": "survivor",   "scale": 1.0,   "variant": "default" }]
10:34:57 info: BridgeServer[0] Entity state forwarded: 7dtd -> minecraft (update, 524e1209-5e93-4e0c-80eb-9aed64664243)
10:34:57 info: BridgeServer[0] Player position forwarded: minecraft -> 7dtd (-46.4980827909365, 71, 73.39785432349018)
10:34:57 info: BridgeServer[0] Entity registry: updated, id=c059d49e-a961-4355-af69-db50d0971c15, count=1
10:34:57 info: BridgeServer[0] [Presentation] entity=c059d49e-a961-4355-af69-db50d0971c15 state=[presentation, {   "renderer": "humanoid",   "model": "player",   "scale": 1.0,   "variant": "default" }]
10:34:57 info: BridgeServer[0] Entity state forwarded: minecraft -> 7dtd (update, c059d49e-a961-4355-af69-db50d0971c15)
10:34:57 info: BridgeServer[0] Entity registry: updated, id=524e1209-5e93-4e0c-80eb-9aed64664243, count=1
10:34:57 info: BridgeServer[0] [Presentation] entity=524e1209-5e93-4e0c-80eb-9aed64664243 state=[presentation, {   "renderer": "humanoid",   "model": "survivor",   "scale": 1.0,   "variant": "default" }]
10:34:57 info: BridgeServer[0] Entity state forwarded: 7dtd -> minecraft (update, 524e1209-5e93-4e0c-80eb-9aed64664243)
10:34:58 info: BridgeServer[0] Player position forwarded: minecraft -> 7dtd (-46.4980827909365, 71, 73.39785432349018)
10:34:58 info: BridgeServer[0] Entity registry: updated, id=c059d49e-a961-4355-af69-db50d0971c15, count=1
10:34:58 info: BridgeServer[0] [Presentation] entity=c059d49e-a961-4355-af69-db50d0971c15 state=[presentation, {   "renderer": "humanoid",   "model": "player",   "scale": 1.0,   "variant": "default" }]
10:34:58 info: BridgeServer[0] Entity state forwarded: minecraft -> 7dtd (update, c059d49e-a961-4355-af69-db50d0971c15)
10:34:58 info: BridgeServer[0] Entity registry: updated, id=524e1209-5e93-4e0c-80eb-9aed64664243, count=1
10:34:58 info: BridgeServer[0] [Presentation] entity=524e1209-5e93-4e0c-80eb-9aed64664243 state=[presentation, {   "renderer": "humanoid",   "model": "survivor",   "scale": 1.0,   "variant": "default" }]
10:34:58 info: BridgeServer[0] Entity state forwarded: 7dtd -> minecraft (update, 524e1209-5e93-4e0c-80eb-9aed64664243)
10:34:58 info: BridgeServer[0] Player position forwarded: minecraft -> 7dtd (-46.4980827909365, 71, 73.39785432349018)
10:34:58 info: BridgeServer[0] Entity registry: updated, id=c059d49e-a961-4355-af69-db50d0971c15, count=1
10:34:58 info: BridgeServer[0] [Presentation] entity=c059d49e-a961-4355-af69-db50d0971c15 state=[presentation, {   "renderer": "humanoid",   "model": "player",   "scale": 1.0,   "variant": "default" }]
10:34:58 info: BridgeServer[0] Entity state forwarded: minecraft -> 7dtd (update, c059d49e-a961-4355-af69-db50d0971c15)
10:34:58 info: BridgeServer[0] Entity registry: updated, id=524e1209-5e93-4e0c-80eb-9aed64664243, count=1
10:34:58 info: BridgeServer[0] [Presentation] entity=524e1209-5e93-4e0c-80eb-9aed64664243 state=[presentation, {   "renderer": "humanoid",   "model": "survivor",   "scale": 1.0,   "variant": "default" }]
10:34:58 info: BridgeServer[0] Entity state forwarded: 7dtd -> minecraft (update, 524e1209-5e93-4e0c-80eb-9aed64664243)
10:34:59 info: BridgeServer[0] Player position forwarded: minecraft -> 7dtd (-46.4980827909365, 71, 73.39785432349018)
10:34:59 info: BridgeServer[0] Entity registry: updated, id=c059d49e-a961-4355-af69-db50d0971c15, count=1
10:34:59 info: BridgeServer[0] [Presentation] entity=c059d49e-a961-4355-af69-db50d0971c15 state=[presentation, {   "renderer": "humanoid",   "model": "player",   "scale": 1.0,   "variant": "default" }]
10:34:59 info: BridgeServer[0] Entity state forwarded: minecraft -> 7dtd (update, c059d49e-a961-4355-af69-db50d0971c15)
10:34:59 info: BridgeServer[0] Entity registry: updated, id=524e1209-5e93-4e0c-80eb-9aed64664243, count=1
10:34:59 info: BridgeServer[0] [Presentation] entity=524e1209-5e93-4e0c-80eb-9aed64664243 state=[presentation, {   "renderer": "humanoid",   "model": "survivor",   "scale": 1.0,   "variant": "default" }]
10:34:59 info: BridgeServer[0] Entity state forwarded: 7dtd -> minecraft (update, 524e1209-5e93-4e0c-80eb-9aed64664243)
10:34:59 info: BridgeServer[0] Player position forwarded: minecraft -> 7dtd (-46.4980827909365, 71, 73.39785432349018)
10:34:59 info: BridgeServer[0] Entity registry: updated, id=c059d49e-a961-4355-af69-db50d0971c15, count=1
10:34:59 info: BridgeServer[0] [Presentation] entity=c059d49e-a961-4355-af69-db50d0971c15 state=[presentation, {   "renderer": "humanoid",   "model": "player",   "scale": 1.0,   "variant": "default" }]
10:34:59 info: BridgeServer[0] Entity state forwarded: minecraft -> 7dtd (update, c059d49e-a961-4355-af69-db50d0971c15)
10:34:59 info: BridgeServer[0] Entity registry: updated, id=524e1209-5e93-4e0c-80eb-9aed64664243, count=1
10:34:59 info: BridgeServer[0] [Presentation] entity=524e1209-5e93-4e0c-80eb-9aed64664243 state=[presentation, {   "renderer": "humanoid",   "model": "survivor",   "scale": 1.0,   "variant": "default" }]
10:34:59 info: BridgeServer[0] Entity state forwarded: 7dtd -> minecraft (update, 524e1209-5e93-4e0c-80eb-9aed64664243)
10:35:00 info: BridgeServer[0] Player position forwarded: minecraft -> 7dtd (-46.4980827909365, 71, 73.39785432349018)
10:35:00 info: BridgeServer[0] Entity registry: updated, id=c059d49e-a961-4355-af69-db50d0971c15, count=1
10:35:00 info: BridgeServer[0] [Presentation] entity=c059d49e-a961-4355-af69-db50d0971c15 state=[presentation, {   "renderer": "humanoid",   "model": "player",   "scale": 1.0,   "variant": "default" }]
10:35:00 info: BridgeServer[0] Entity state forwarded: minecraft -> 7dtd (update, c059d49e-a961-4355-af69-db50d0971c15)
10:35:00 info: BridgeServer[0] Entity registry: updated, id=524e1209-5e93-4e0c-80eb-9aed64664243, count=1
10:35:00 info: BridgeServer[0] [Presentation] entity=524e1209-5e93-4e0c-80eb-9aed64664243 state=[presentation, {   "renderer": "humanoid",   "model": "survivor",   "scale": 1.0,   "variant": "default" }]
10:35:00 info: BridgeServer[0] Entity state forwarded: 7dtd -> minecraft (update, 524e1209-5e93-4e0c-80eb-9aed64664243)
10:35:00 info: BridgeServer[0] Player position forwarded: minecraft -> 7dtd (-46.4980827909365, 71, 73.39785432349018)
10:35:00 info: BridgeServer[0] Entity registry: updated, id=c059d49e-a961-4355-af69-db50d0971c15, count=1
10:35:00 info: BridgeServer[0] [Presentation] entity=c059d49e-a961-4355-af69-db50d0971c15 state=[presentation, {   "renderer": "humanoid",   "model": "player",   "scale": 1.0,   "variant": "default" }]
10:35:00 info: BridgeServer[0] Entity state forwarded: minecraft -> 7dtd (update, c059d49e-a961-4355-af69-db50d0971c15)
10:35:00 info: BridgeServer[0] Entity registry: updated, id=524e1209-5e93-4e0c-80eb-9aed64664243, count=1
10:35:00 info: BridgeServer[0] [Presentation] entity=524e1209-5e93-4e0c-80eb-9aed64664243 state=[presentation, {   "renderer": "humanoid",   "model": "survivor",   "scale": 1.0,   "variant": "default" }]
10:35:00 info: BridgeServer[0] Entity state forwarded: 7dtd -> minecraft (update, 524e1209-5e93-4e0c-80eb-9aed64664243)
10:35:01 info: BridgeServer[0] Player position forwarded: minecraft -> 7dtd (-46.4980827909365, 71, 73.39785432349018)
10:35:01 info: BridgeServer[0] Entity registry: updated, id=c059d49e-a961-4355-af69-db50d0971c15, count=1
10:35:01 info: BridgeServer[0] [Presentation] entity=c059d49e-a961-4355-af69-db50d0971c15 state=[presentation, {   "renderer": "humanoid",   "model": "player",   "scale": 1.0,   "variant": "default" }]
10:35:01 info: BridgeServer[0] Entity state forwarded: minecraft -> 7dtd (update, c059d49e-a961-4355-af69-db50d0971c15)
10:35:01 info: BridgeServer[0] Entity registry: updated, id=524e1209-5e93-4e0c-80eb-9aed64664243, count=1
10:35:01 info: BridgeServer[0] [Presentation] entity=524e1209-5e93-4e0c-80eb-9aed64664243 state=[presentation, {   "renderer": "humanoid",   "model": "survivor",   "scale": 1.0,   "variant": "default" }]
10:35:01 info: BridgeServer[0] Entity state forwarded: 7dtd -> minecraft (update, 524e1209-5e93-4e0c-80eb-9aed64664243)
10:35:01 info: BridgeServer[0] Entity registry: updated, id=524e1209-5e93-4e0c-80eb-9aed64664243, count=1
10:35:01 info: BridgeServer[0] [Presentation] entity=524e1209-5e93-4e0c-80eb-9aed64664243 state=[presentation, {   "renderer": "humanoid",   "model": "survivor",   "scale": 1.0,   "variant": "default" }]
10:35:01 info: BridgeServer[0] Entity state forwarded: 7dtd -> minecraft (update, 524e1209-5e93-4e0c-80eb-9aed64664243)
10:35:01 info: BridgeServer[0] Player position forwarded: minecraft -> 7dtd (-46.4980827909365, 71, 73.39785432349018)
10:35:01 info: BridgeServer[0] Entity registry: updated, id=c059d49e-a961-4355-af69-db50d0971c15, count=1
10:35:01 info: BridgeServer[0] [Presentation] entity=c059d49e-a961-4355-af69-db50d0971c15 state=[presentation, {   "renderer": "humanoid",   "model": "player",   "scale": 1.0,   "variant": "default" }]
10:35:01 info: BridgeServer[0] Entity state forwarded: minecraft -> 7dtd (update, c059d49e-a961-4355-af69-db50d0971c15)
10:35:02 info: BridgeServer[0] Player position forwarded: minecraft -> 7dtd (-46.4980827909365, 71, 73.39785432349018)
10:35:02 info: BridgeServer[0] Entity registry: updated, id=c059d49e-a961-4355-af69-db50d0971c15, count=1
10:35:02 info: BridgeServer[0] [Presentation] entity=c059d49e-a961-4355-af69-db50d0971c15 state=[presentation, {   "renderer": "humanoid",   "model": "player",   "scale": 1.0,   "variant": "default" }]
10:35:02 info: BridgeServer[0] Entity state forwarded: minecraft -> 7dtd (update, c059d49e-a961-4355-af69-db50d0971c15)
10:35:02 info: BridgeServer[0] Entity registry: updated, id=524e1209-5e93-4e0c-80eb-9aed64664243, count=1
10:35:02 info: BridgeServer[0] [Presentation] entity=524e1209-5e93-4e0c-80eb-9aed64664243 state=[presentation, {   "renderer": "humanoid",   "model": "survivor",   "scale": 1.0,   "variant": "default" }]
10:35:02 info: BridgeServer[0] Entity state forwarded: 7dtd -> minecraft (update, 524e1209-5e93-4e0c-80eb-9aed64664243)
10:35:02 info: BridgeServer[0] Player position forwarded: minecraft -> 7dtd (-46.4980827909365, 71, 73.39785432349018)
10:35:02 info: BridgeServer[0] Entity registry: updated, id=c059d49e-a961-4355-af69-db50d0971c15, count=1
10:35:02 info: BridgeServer[0] [Presentation] entity=c059d49e-a961-4355-af69-db50d0971c15 state=[presentation, {   "renderer": "humanoid",   "model": "player",   "scale": 1.0,   "variant": "default" }]
10:35:02 info: BridgeServer[0] Entity state forwarded: minecraft -> 7dtd (update, c059d49e-a961-4355-af69-db50d0971c15)
10:35:02 info: BridgeServer[0] Entity registry: updated, id=524e1209-5e93-4e0c-80eb-9aed64664243, count=1
10:35:02 info: BridgeServer[0] [Presentation] entity=524e1209-5e93-4e0c-80eb-9aed64664243 state=[presentation, {   "renderer": "humanoid",   "model": "survivor",   "scale": 1.0,   "variant": "default" }]
10:35:02 info: BridgeServer[0] Entity state forwarded: 7dtd -> minecraft (update, 524e1209-5e93-4e0c-80eb-9aed64664243)
10:35:03 info: BridgeServer[0] Entity registry: updated, id=524e1209-5e93-4e0c-80eb-9aed64664243, count=1
10:35:03 info: BridgeServer[0] [Presentation] entity=524e1209-5e93-4e0c-80eb-9aed64664243 state=[presentation, {   "renderer": "humanoid",   "model": "survivor",   "scale": 1.0,   "variant": "default" }]
10:35:03 info: BridgeServer[0] Entity state forwarded: 7dtd -> minecraft (update, 524e1209-5e93-4e0c-80eb-9aed64664243)
10:35:03 info: BridgeServer[0] Player position forwarded: minecraft -> 7dtd (-46.4980827909365, 71, 73.39785432349018)
10:35:03 info: BridgeServer[0] Entity registry: updated, id=c059d49e-a961-4355-af69-db50d0971c15, count=1
10:35:03 info: BridgeServer[0] [Presentation] entity=c059d49e-a961-4355-af69-db50d0971c15 state=[presentation, {   "renderer": "humanoid",   "model": "player",   "scale": 1.0,   "variant": "default" }]
10:35:03 info: BridgeServer[0] Entity state forwarded: minecraft -> 7dtd (update, c059d49e-a961-4355-af69-db50d0971c15)
10:35:03 info: BridgeServer[0] Entity registry: updated, id=524e1209-5e93-4e0c-80eb-9aed64664243, count=1
10:35:03 info: BridgeServer[0] [Presentation] entity=524e1209-5e93-4e0c-80eb-9aed64664243 state=[presentation, {   "renderer": "humanoid",   "model": "survivor",   "scale": 1.0,   "variant": "default" }]
10:35:03 info: BridgeServer[0] Entity state forwarded: 7dtd -> minecraft (update, 524e1209-5e93-4e0c-80eb-9aed64664243)
10:35:03 info: BridgeServer[0] Player position forwarded: minecraft -> 7dtd (-46.4980827909365, 71, 73.39785432349018)
10:35:03 info: BridgeServer[0] Entity registry: updated, id=c059d49e-a961-4355-af69-db50d0971c15, count=1
10:35:03 info: BridgeServer[0] [Presentation] entity=c059d49e-a961-4355-af69-db50d0971c15 state=[presentation, {   "renderer": "humanoid",   "model": "player",   "scale": 1.0,   "variant": "default" }]
10:35:03 info: BridgeServer[0] Entity state forwarded: minecraft -> 7dtd (update, c059d49e-a961-4355-af69-db50d0971c15)
10:35:04 info: BridgeServer[0] Entity registry: updated, id=524e1209-5e93-4e0c-80eb-9aed64664243, count=1
10:35:04 info: BridgeServer[0] [Presentation] entity=524e1209-5e93-4e0c-80eb-9aed64664243 state=[presentation, {   "renderer": "humanoid",   "model": "survivor",   "scale": 1.0,   "variant": "default" }]
10:35:04 info: BridgeServer[0] Entity state forwarded: 7dtd -> minecraft (update, 524e1209-5e93-4e0c-80eb-9aed64664243)
10:35:04 info: BridgeServer[0] Player position forwarded: minecraft -> 7dtd (-46.4980827909365, 71, 73.39785432349018)
10:35:04 info: BridgeServer[0] Entity registry: updated, id=c059d49e-a961-4355-af69-db50d0971c15, count=1
10:35:04 info: BridgeServer[0] [Presentation] entity=c059d49e-a961-4355-af69-db50d0971c15 state=[presentation, {   "renderer": "humanoid",   "model": "player",   "scale": 1.0,   "variant": "default" }]
10:35:04 info: BridgeServer[0] Entity state forwarded: minecraft -> 7dtd (update, c059d49e-a961-4355-af69-db50d0971c15)
10:35:04 info: BridgeServer[0] Entity registry: updated, id=524e1209-5e93-4e0c-80eb-9aed64664243, count=1
10:35:04 info: BridgeServer[0] [Presentation] entity=524e1209-5e93-4e0c-80eb-9aed64664243 state=[presentation, {   "renderer": "humanoid",   "model": "survivor",   "scale": 1.0,   "variant": "default" }]
10:35:04 info: BridgeServer[0] Entity state forwarded: 7dtd -> minecraft (update, 524e1209-5e93-4e0c-80eb-9aed64664243)
10:35:04 info: BridgeServer[0] Player position forwarded: minecraft -> 7dtd (-46.4980827909365, 71, 73.39785432349018)
10:35:04 info: BridgeServer[0] Entity registry: updated, id=c059d49e-a961-4355-af69-db50d0971c15, count=1
10:35:04 info: BridgeServer[0] [Presentation] entity=c059d49e-a961-4355-af69-db50d0971c15 state=[presentation, {   "renderer": "humanoid",   "model": "player",   "scale": 1.0,   "variant": "default" }]
10:35:04 info: BridgeServer[0] Entity state forwarded: minecraft -> 7dtd (update, c059d49e-a961-4355-af69-db50d0971c15)
10:35:05 info: BridgeServer[0] Entity registry: updated, id=524e1209-5e93-4e0c-80eb-9aed64664243, count=1
10:35:05 info: BridgeServer[0] [Presentation] entity=524e1209-5e93-4e0c-80eb-9aed64664243 state=[presentation, {   "renderer": "humanoid",   "model": "survivor",   "scale": 1.0,   "variant": "default" }]
10:35:05 info: BridgeServer[0] Entity state forwarded: 7dtd -> minecraft (update, 524e1209-5e93-4e0c-80eb-9aed64664243)
10:35:05 info: BridgeServer[0] Player position forwarded: minecraft -> 7dtd (-46.4980827909365, 71, 73.39785432349018)
10:35:05 info: BridgeServer[0] Entity registry: updated, id=c059d49e-a961-4355-af69-db50d0971c15, count=1
10:35:05 info: BridgeServer[0] [Presentation] entity=c059d49e-a961-4355-af69-db50d0971c15 state=[presentation, {   "renderer": "humanoid",   "model": "player",   "scale": 1.0,   "variant": "default" }]
10:35:05 info: BridgeServer[0] Entity state forwarded: minecraft -> 7dtd (update, c059d49e-a961-4355-af69-db50d0971c15)
10:35:05 info: BridgeServer[0] Entity registry: updated, id=524e1209-5e93-4e0c-80eb-9aed64664243, count=1
10:35:05 info: BridgeServer[0] [Presentation] entity=524e1209-5e93-4e0c-80eb-9aed64664243 state=[presentation, {   "renderer": "humanoid",   "model": "survivor",   "scale": 1.0,   "variant": "default" }]
10:35:05 info: BridgeServer[0] Entity state forwarded: 7dtd -> minecraft (update, 524e1209-5e93-4e0c-80eb-9aed64664243)
10:35:05 info: BridgeServer[0] Player position forwarded: minecraft -> 7dtd (-46.4980827909365, 71, 73.39785432349018)
10:35:05 info: BridgeServer[0] Entity registry: updated, id=c059d49e-a961-4355-af69-db50d0971c15, count=1
10:35:05 info: BridgeServer[0] [Presentation] entity=c059d49e-a961-4355-af69-db50d0971c15 state=[presentation, {   "renderer": "humanoid",   "model": "player",   "scale": 1.0,   "variant": "default" }]
10:35:05 info: BridgeServer[0] Entity state forwarded: minecraft -> 7dtd (update, c059d49e-a961-4355-af69-db50d0971c15)
10:35:06 info: BridgeServer[0] Entity registry: updated, id=524e1209-5e93-4e0c-80eb-9aed64664243, count=1
10:35:06 info: BridgeServer[0] [Presentation] entity=524e1209-5e93-4e0c-80eb-9aed64664243 state=[presentation, {   "renderer": "humanoid",   "model": "survivor",   "scale": 1.0,   "variant": "default" }]
10:35:06 info: BridgeServer[0] Entity state forwarded: 7dtd -> minecraft (update, 524e1209-5e93-4e0c-80eb-9aed64664243)
10:35:06 info: BridgeServer[0] Player position forwarded: minecraft -> 7dtd (-46.4980827909365, 71, 73.39785432349018)
10:35:06 info: BridgeServer[0] Entity registry: updated, id=c059d49e-a961-4355-af69-db50d0971c15, count=1
10:35:06 info: BridgeServer[0] [Presentation] entity=c059d49e-a961-4355-af69-db50d0971c15 state=[presentation, {   "renderer": "humanoid",   "model": "player",   "scale": 1.0,   "variant": "default" }]
10:35:06 info: BridgeServer[0] Entity state forwarded: minecraft -> 7dtd (update, c059d49e-a961-4355-af69-db50d0971c15)
10:35:06 info: BridgeServer[0] Entity registry: updated, id=524e1209-5e93-4e0c-80eb-9aed64664243, count=1
10:35:06 info: BridgeServer[0] [Presentation] entity=524e1209-5e93-4e0c-80eb-9aed64664243 state=[presentation, {   "renderer": "humanoid",   "model": "survivor",   "scale": 1.0,   "variant": "default" }]
10:35:06 info: BridgeServer[0] Entity state forwarded: 7dtd -> minecraft (update, 524e1209-5e93-4e0c-80eb-9aed64664243)
10:35:06 info: BridgeServer[0] Player position forwarded: minecraft -> 7dtd (-46.4980827909365, 71, 73.39785432349018)
10:35:06 info: BridgeServer[0] Entity registry: updated, id=c059d49e-a961-4355-af69-db50d0971c15, count=1
10:35:06 info: BridgeServer[0] [Presentation] entity=c059d49e-a961-4355-af69-db50d0971c15 state=[presentation, {   "renderer": "humanoid",   "model": "player",   "scale": 1.0,   "variant": "default" }]
10:35:06 info: BridgeServer[0] Entity state forwarded: minecraft -> 7dtd (update, c059d49e-a961-4355-af69-db50d0971c15)
10:35:07 info: BridgeServer[0] Entity registry: updated, id=524e1209-5e93-4e0c-80eb-9aed64664243, count=1
10:35:07 info: BridgeServer[0] [Presentation] entity=524e1209-5e93-4e0c-80eb-9aed64664243 state=[presentation, {   "renderer": "humanoid",   "model": "survivor",   "scale": 1.0,   "variant": "default" }]
10:35:07 info: BridgeServer[0] Entity state forwarded: 7dtd -> minecraft (update, 524e1209-5e93-4e0c-80eb-9aed64664243)
10:35:07 info: BridgeServer[0] Player position forwarded: minecraft -> 7dtd (-46.4980827909365, 71, 73.39785432349018)
10:35:07 info: BridgeServer[0] Entity registry: updated, id=c059d49e-a961-4355-af69-db50d0971c15, count=1
10:35:07 info: BridgeServer[0] [Presentation] entity=c059d49e-a961-4355-af69-db50d0971c15 state=[presentation, {   "renderer": "humanoid",   "model": "player",   "scale": 1.0,   "variant": "default" }]
10:35:07 info: BridgeServer[0] Entity state forwarded: minecraft -> 7dtd (update, c059d49e-a961-4355-af69-db50d0971c15)
10:35:07 info: BridgeServer[0] Entity registry: updated, id=524e1209-5e93-4e0c-80eb-9aed64664243, count=1
10:35:07 info: BridgeServer[0] [Presentation] entity=524e1209-5e93-4e0c-80eb-9aed64664243 state=[presentation, {   "renderer": "humanoid",   "model": "survivor",   "scale": 1.0,   "variant": "default" }]
10:35:07 info: BridgeServer[0] Entity state forwarded: 7dtd -> minecraft (update, 524e1209-5e93-4e0c-80eb-9aed64664243)
10:35:07 info: BridgeServer[0] Player position forwarded: minecraft -> 7dtd (-46.4980827909365, 71, 73.39785432349018)
10:35:07 info: BridgeServer[0] Entity registry: updated, id=c059d49e-a961-4355-af69-db50d0971c15, count=1
10:35:07 info: BridgeServer[0] [Presentation] entity=c059d49e-a961-4355-af69-db50d0971c15 state=[presentation, {   "renderer": "humanoid",   "model": "player",   "scale": 1.0,   "variant": "default" }]
10:35:07 info: BridgeServer[0] Entity state forwarded: minecraft -> 7dtd (update, c059d49e-a961-4355-af69-db50d0971c15)
10:35:08 info: BridgeServer[0] Entity registry: updated, id=524e1209-5e93-4e0c-80eb-9aed64664243, count=1
10:35:08 info: BridgeServer[0] [Presentation] entity=524e1209-5e93-4e0c-80eb-9aed64664243 state=[presentation, {   "renderer": "humanoid",   "model": "survivor",   "scale": 1.0,   "variant": "default" }]
10:35:08 info: BridgeServer[0] Entity state forwarded: 7dtd -> minecraft (update, 524e1209-5e93-4e0c-80eb-9aed64664243)
10:35:08 info: BridgeServer[0] Player position forwarded: minecraft -> 7dtd (-46.4980827909365, 71, 73.39785432349018)
10:35:08 info: BridgeServer[0] Entity registry: updated, id=c059d49e-a961-4355-af69-db50d0971c15, count=1
10:35:08 info: BridgeServer[0] [Presentation] entity=c059d49e-a961-4355-af69-db50d0971c15 state=[presentation, {   "renderer": "humanoid",   "model": "player",   "scale": 1.0,   "variant": "default" }]
10:35:08 info: BridgeServer[0] Entity state forwarded: minecraft -> 7dtd (update, c059d49e-a961-4355-af69-db50d0971c15)
10:35:08 info: BridgeServer[0] Entity registry: updated, id=524e1209-5e93-4e0c-80eb-9aed64664243, count=1
10:35:08 info: BridgeServer[0] [Presentation] entity=524e1209-5e93-4e0c-80eb-9aed64664243 state=[presentation, {   "renderer": "humanoid",   "model": "survivor",   "scale": 1.0,   "variant": "default" }]
10:35:08 info: BridgeServer[0] Entity state forwarded: 7dtd -> minecraft (update, 524e1209-5e93-4e0c-80eb-9aed64664243)
10:35:09 info: BridgeServer[0] Player position forwarded: minecraft -> 7dtd (-46.4980827909365, 71, 73.39785432349018)
10:35:09 info: BridgeServer[0] Entity registry: updated, id=c059d49e-a961-4355-af69-db50d0971c15, count=1
10:35:09 info: BridgeServer[0] [Presentation] entity=c059d49e-a961-4355-af69-db50d0971c15 state=[presentation, {   "renderer": "humanoid",   "model": "player",   "scale": 1.0,   "variant": "default" }]
10:35:09 info: BridgeServer[0] Entity state forwarded: minecraft -> 7dtd (update, c059d49e-a961-4355-af69-db50d0971c15)
10:35:09 info: BridgeServer[0] Entity registry: updated, id=524e1209-5e93-4e0c-80eb-9aed64664243, count=1
10:35:09 info: BridgeServer[0] [Presentation] entity=524e1209-5e93-4e0c-80eb-9aed64664243 state=[presentation, {   "renderer": "humanoid",   "model": "survivor",   "scale": 1.0,   "variant": "default" }]
10:35:09 info: BridgeServer[0] Entity state forwarded: 7dtd -> minecraft (update, 524e1209-5e93-4e0c-80eb-9aed64664243)
10:35:09 info: BridgeServer[0] Player position forwarded: minecraft -> 7dtd (-46.4980827909365, 71, 73.39785432349018)
10:35:09 info: BridgeServer[0] Entity registry: updated, id=c059d49e-a961-4355-af69-db50d0971c15, count=1
10:35:09 info: BridgeServer[0] [Presentation] entity=c059d49e-a961-4355-af69-db50d0971c15 state=[presentation, {   "renderer": "humanoid",   "model": "player",   "scale": 1.0,   "variant": "default" }]
10:35:09 info: BridgeServer[0] Entity state forwarded: minecraft -> 7dtd (update, c059d49e-a961-4355-af69-db50d0971c15)
10:35:09 info: BridgeServer[0] Entity registry: updated, id=524e1209-5e93-4e0c-80eb-9aed64664243, count=1
10:35:09 info: BridgeServer[0] [Presentation] entity=524e1209-5e93-4e0c-80eb-9aed64664243 state=[presentation, {   "renderer": "humanoid",   "model": "survivor",   "scale": 1.0,   "variant": "default" }]
10:35:09 info: BridgeServer[0] Entity state forwarded: 7dtd -> minecraft (update, 524e1209-5e93-4e0c-80eb-9aed64664243)
10:35:10 info: BridgeServer[0] Player position forwarded: minecraft -> 7dtd (-46.4980827909365, 71, 73.39785432349018)
10:35:10 info: BridgeServer[0] Entity registry: updated, id=c059d49e-a961-4355-af69-db50d0971c15, count=1
10:35:10 info: BridgeServer[0] [Presentation] entity=c059d49e-a961-4355-af69-db50d0971c15 state=[presentation, {   "renderer": "humanoid",   "model": "player",   "scale": 1.0,   "variant": "default" }]
10:35:10 info: BridgeServer[0] Entity state forwarded: minecraft -> 7dtd (update, c059d49e-a961-4355-af69-db50d0971c15)
10:35:10 info: BridgeServer[0] Entity registry: updated, id=524e1209-5e93-4e0c-80eb-9aed64664243, count=1
10:35:10 info: BridgeServer[0] [Presentation] entity=524e1209-5e93-4e0c-80eb-9aed64664243 state=[presentation, {   "renderer": "humanoid",   "model": "survivor",   "scale": 1.0,   "variant": "default" }]
10:35:10 info: BridgeServer[0] Entity state forwarded: 7dtd -> minecraft (update, 524e1209-5e93-4e0c-80eb-9aed64664243)
10:35:10 info: BridgeServer[0] Player position forwarded: minecraft -> 7dtd (-46.4980827909365, 71, 73.39785432349018)
10:35:10 info: BridgeServer[0] Entity registry: updated, id=c059d49e-a961-4355-af69-db50d0971c15, count=1
10:35:10 info: BridgeServer[0] [Presentation] entity=c059d49e-a961-4355-af69-db50d0971c15 state=[presentation, {   "renderer": "humanoid",   "model": "player",   "scale": 1.0,   "variant": "default" }]
10:35:10 info: BridgeServer[0] Entity state forwarded: minecraft -> 7dtd (update, c059d49e-a961-4355-af69-db50d0971c15)
10:35:10 info: BridgeServer[0] Entity registry: updated, id=524e1209-5e93-4e0c-80eb-9aed64664243, count=1
10:35:10 info: BridgeServer[0] [Presentation] entity=524e1209-5e93-4e0c-80eb-9aed64664243 state=[presentation, {   "renderer": "humanoid",   "model": "survivor",   "scale": 1.0,   "variant": "default" }]
10:35:10 info: BridgeServer[0] Entity state forwarded: 7dtd -> minecraft (update, 524e1209-5e93-4e0c-80eb-9aed64664243)
10:35:11 info: BridgeServer[0] Player position forwarded: minecraft -> 7dtd (-46.4980827909365, 71, 73.39785432349018)
10:35:11 info: BridgeServer[0] Entity registry: updated, id=c059d49e-a961-4355-af69-db50d0971c15, count=1
10:35:11 info: BridgeServer[0] [Presentation] entity=c059d49e-a961-4355-af69-db50d0971c15 state=[presentation, {   "renderer": "humanoid",   "model": "player",   "scale": 1.0,   "variant": "default" }]
10:35:11 info: BridgeServer[0] Entity state forwarded: minecraft -> 7dtd (update, c059d49e-a961-4355-af69-db50d0971c15)
10:35:11 info: BridgeServer[0] Entity registry: updated, id=524e1209-5e93-4e0c-80eb-9aed64664243, count=1
10:35:11 info: BridgeServer[0] [Presentation] entity=524e1209-5e93-4e0c-80eb-9aed64664243 state=[presentation, {   "renderer": "humanoid",   "model": "survivor",   "scale": 1.0,   "variant": "default" }]
10:35:11 info: BridgeServer[0] Entity state forwarded: 7dtd -> minecraft (update, 524e1209-5e93-4e0c-80eb-9aed64664243)
10:35:11 info: BridgeServer[0] Player position forwarded: minecraft -> 7dtd (-46.4980827909365, 71, 73.39785432349018)
10:35:11 info: BridgeServer[0] Entity registry: updated, id=c059d49e-a961-4355-af69-db50d0971c15, count=1
10:35:11 info: BridgeServer[0] [Presentation] entity=c059d49e-a961-4355-af69-db50d0971c15 state=[presentation, {   "renderer": "humanoid",   "model": "player",   "scale": 1.0,   "variant": "default" }]
10:35:11 info: BridgeServer[0] Entity state forwarded: minecraft -> 7dtd (update, c059d49e-a961-4355-af69-db50d0971c15)
10:35:11 info: BridgeServer[0] Entity registry: updated, id=524e1209-5e93-4e0c-80eb-9aed64664243, count=1
10:35:11 info: BridgeServer[0] [Presentation] entity=524e1209-5e93-4e0c-80eb-9aed64664243 state=[presentation, {   "renderer": "humanoid",   "model": "survivor",   "scale": 1.0,   "variant": "default" }]
10:35:11 info: BridgeServer[0] Entity state forwarded: 7dtd -> minecraft (update, 524e1209-5e93-4e0c-80eb-9aed64664243)
10:35:12 info: BridgeServer[0] Player position forwarded: minecraft -> 7dtd (-46.4980827909365, 71, 73.39785432349018)
10:35:12 info: BridgeServer[0] Entity registry: updated, id=c059d49e-a961-4355-af69-db50d0971c15, count=1
10:35:12 info: BridgeServer[0] [Presentation] entity=c059d49e-a961-4355-af69-db50d0971c15 state=[presentation, {   "renderer": "humanoid",   "model": "player",   "scale": 1.0,   "variant": "default" }]
10:35:12 info: BridgeServer[0] Entity state forwarded: minecraft -> 7dtd (update, c059d49e-a961-4355-af69-db50d0971c15)
10:35:12 info: BridgeServer[0] Entity registry: updated, id=524e1209-5e93-4e0c-80eb-9aed64664243, count=1
10:35:12 info: BridgeServer[0] [Presentation] entity=524e1209-5e93-4e0c-80eb-9aed64664243 state=[presentation, {   "renderer": "humanoid",   "model": "survivor",   "scale": 1.0,   "variant": "default" }]
10:35:12 info: BridgeServer[0] Entity state forwarded: 7dtd -> minecraft (update, 524e1209-5e93-4e0c-80eb-9aed64664243)
10:35:12 info: BridgeServer[0] Player position forwarded: minecraft -> 7dtd (-46.4980827909365, 71, 73.39785432349018)
10:35:12 info: BridgeServer[0] Entity registry: updated, id=c059d49e-a961-4355-af69-db50d0971c15, count=1
10:35:12 info: BridgeServer[0] [Presentation] entity=c059d49e-a961-4355-af69-db50d0971c15 state=[presentation, {   "renderer": "humanoid",   "model": "player",   "scale": 1.0,   "variant": "default" }]
10:35:12 info: BridgeServer[0] Entity state forwarded: minecraft -> 7dtd (update, c059d49e-a961-4355-af69-db50d0971c15)
10:35:12 info: BridgeServer[0] Entity registry: updated, id=524e1209-5e93-4e0c-80eb-9aed64664243, count=1
10:35:12 info: BridgeServer[0] [Presentation] entity=524e1209-5e93-4e0c-80eb-9aed64664243 state=[presentation, {   "renderer": "humanoid",   "model": "survivor",   "scale": 1.0,   "variant": "default" }]
10:35:12 info: BridgeServer[0] Entity state forwarded: 7dtd -> minecraft (update, 524e1209-5e93-4e0c-80eb-9aed64664243)
10:35:13 info: BridgeServer[0] Player position forwarded: minecraft -> 7dtd (-46.4980827909365, 71, 73.39785432349018)
10:35:13 info: BridgeServer[0] Entity registry: updated, id=c059d49e-a961-4355-af69-db50d0971c15, count=1
10:35:13 info: BridgeServer[0] [Presentation] entity=c059d49e-a961-4355-af69-db50d0971c15 state=[presentation, {   "renderer": "humanoid",   "model": "player",   "scale": 1.0,   "variant": "default" }]
10:35:13 info: BridgeServer[0] Entity state forwarded: minecraft -> 7dtd (update, c059d49e-a961-4355-af69-db50d0971c15)
10:35:13 info: BridgeServer[0] Entity registry: updated, id=524e1209-5e93-4e0c-80eb-9aed64664243, count=1
10:35:13 info: BridgeServer[0] [Presentation] entity=524e1209-5e93-4e0c-80eb-9aed64664243 state=[presentation, {   "renderer": "humanoid",   "model": "survivor",   "scale": 1.0,   "variant": "default" }]
10:35:13 info: BridgeServer[0] Entity state forwarded: 7dtd -> minecraft (update, 524e1209-5e93-4e0c-80eb-9aed64664243)
10:35:13 info: BridgeServer[0] Entity registry: updated, id=524e1209-5e93-4e0c-80eb-9aed64664243, count=1
10:35:13 info: BridgeServer[0] [Presentation] entity=524e1209-5e93-4e0c-80eb-9aed64664243 state=[presentation, {   "renderer": "humanoid",   "model": "survivor",   "scale": 1.0,   "variant": "default" }]
10:35:13 info: BridgeServer[0] Entity state forwarded: 7dtd -> minecraft (update, 524e1209-5e93-4e0c-80eb-9aed64664243)
10:35:13 info: BridgeServer[0] Player position forwarded: minecraft -> 7dtd (-46.4980827909365, 71, 73.39785432349018)
10:35:13 info: BridgeServer[0] Entity registry: updated, id=c059d49e-a961-4355-af69-db50d0971c15, count=1
10:35:13 info: BridgeServer[0] [Presentation] entity=c059d49e-a961-4355-af69-db50d0971c15 state=[presentation, {   "renderer": "humanoid",   "model": "player",   "scale": 1.0,   "variant": "default" }]
10:35:13 info: BridgeServer[0] Entity state forwarded: minecraft -> 7dtd (update, c059d49e-a961-4355-af69-db50d0971c15)
10:35:14 info: BridgeServer[0] Entity registry: updated, id=524e1209-5e93-4e0c-80eb-9aed64664243, count=1
10:35:14 info: BridgeServer[0] [Presentation] entity=524e1209-5e93-4e0c-80eb-9aed64664243 state=[presentation, {   "renderer": "humanoid",   "model": "survivor",   "scale": 1.0,   "variant": "default" }]
10:35:14 info: BridgeServer[0] Entity state forwarded: 7dtd -> minecraft (update, 524e1209-5e93-4e0c-80eb-9aed64664243)
10:35:14 info: BridgeServer[0] Player position forwarded: minecraft -> 7dtd (-46.4980827909365, 71, 73.39785432349018)
10:35:14 info: BridgeServer[0] Entity registry: updated, id=c059d49e-a961-4355-af69-db50d0971c15, count=1
10:35:14 info: BridgeServer[0] [Presentation] entity=c059d49e-a961-4355-af69-db50d0971c15 state=[presentation, {   "renderer": "humanoid",   "model": "player",   "scale": 1.0,   "variant": "default" }]
10:35:14 info: BridgeServer[0] Entity state forwarded: minecraft -> 7dtd (update, c059d49e-a961-4355-af69-db50d0971c15)
10:35:14 info: BridgeServer[0] Entity registry: updated, id=524e1209-5e93-4e0c-80eb-9aed64664243, count=1
10:35:14 info: BridgeServer[0] [Presentation] entity=524e1209-5e93-4e0c-80eb-9aed64664243 state=[presentation, {   "renderer": "humanoid",   "model": "survivor",   "scale": 1.0,   "variant": "default" }]
10:35:14 info: BridgeServer[0] Entity state forwarded: 7dtd -> minecraft (update, 524e1209-5e93-4e0c-80eb-9aed64664243)
10:35:14 info: BridgeServer[0] Player position forwarded: minecraft -> 7dtd (-46.4980827909365, 71, 73.39785432349018)
10:35:14 info: BridgeServer[0] Entity registry: updated, id=c059d49e-a961-4355-af69-db50d0971c15, count=1
10:35:14 info: BridgeServer[0] [Presentation] entity=c059d49e-a961-4355-af69-db50d0971c15 state=[presentation, {   "renderer": "humanoid",   "model": "player",   "scale": 1.0,   "variant": "default" }]
10:35:14 info: BridgeServer[0] Entity state forwarded: minecraft -> 7dtd (update, c059d49e-a961-4355-af69-db50d0971c15)
10:35:15 info: BridgeServer[0] Entity registry: updated, id=524e1209-5e93-4e0c-80eb-9aed64664243, count=1
10:35:15 info: BridgeServer[0] [Presentation] entity=524e1209-5e93-4e0c-80eb-9aed64664243 state=[presentation, {   "renderer": "humanoid",   "model": "survivor",   "scale": 1.0,   "variant": "default" }]
10:35:15 info: BridgeServer[0] Entity state forwarded: 7dtd -> minecraft (update, 524e1209-5e93-4e0c-80eb-9aed64664243)
10:35:15 info: BridgeServer[0] Player position forwarded: minecraft -> 7dtd (-46.4980827909365, 71, 73.39785432349018)
10:35:15 info: BridgeServer[0] Entity registry: updated, id=c059d49e-a961-4355-af69-db50d0971c15, count=1
10:35:15 info: BridgeServer[0] [Presentation] entity=c059d49e-a961-4355-af69-db50d0971c15 state=[presentation, {   "renderer": "humanoid",   "model": "player",   "scale": 1.0,   "variant": "default" }]
10:35:15 info: BridgeServer[0] Entity state forwarded: minecraft -> 7dtd (update, c059d49e-a961-4355-af69-db50d0971c15)
10:35:15 info: BridgeServer[0] Entity registry: updated, id=524e1209-5e93-4e0c-80eb-9aed64664243, count=1
10:35:15 info: BridgeServer[0] [Presentation] entity=524e1209-5e93-4e0c-80eb-9aed64664243 state=[presentation, {   "renderer": "humanoid",   "model": "survivor",   "scale": 1.0,   "variant": "default" }]
10:35:15 info: BridgeServer[0] Entity state forwarded: 7dtd -> minecraft (update, 524e1209-5e93-4e0c-80eb-9aed64664243)
10:35:15 info: BridgeServer[0] Player position forwarded: minecraft -> 7dtd (-46.4980827909365, 71, 73.39785432349018)
10:35:15 info: BridgeServer[0] Entity registry: updated, id=c059d49e-a961-4355-af69-db50d0971c15, count=1
10:35:15 info: BridgeServer[0] [Presentation] entity=c059d49e-a961-4355-af69-db50d0971c15 state=[presentation, {   "renderer": "humanoid",   "model": "player",   "scale": 1.0,   "variant": "default" }]
10:35:15 info: BridgeServer[0] Entity state forwarded: minecraft -> 7dtd (update, c059d49e-a961-4355-af69-db50d0971c15)
10:35:16 info: BridgeServer[0] Entity registry: updated, id=524e1209-5e93-4e0c-80eb-9aed64664243, count=1
10:35:16 info: BridgeServer[0] [Presentation] entity=524e1209-5e93-4e0c-80eb-9aed64664243 state=[presentation, {   "renderer": "humanoid",   "model": "survivor",   "scale": 1.0,   "variant": "default" }]
10:35:16 info: BridgeServer[0] Entity state forwarded: 7dtd -> minecraft (update, 524e1209-5e93-4e0c-80eb-9aed64664243)
10:35:16 info: BridgeServer[0] Player position forwarded: minecraft -> 7dtd (-46.4980827909365, 71, 73.39785432349018)
10:35:16 info: BridgeServer[0] Entity registry: updated, id=c059d49e-a961-4355-af69-db50d0971c15, count=1
10:35:16 info: BridgeServer[0] [Presentation] entity=c059d49e-a961-4355-af69-db50d0971c15 state=[presentation, {   "renderer": "humanoid",   "model": "player",   "scale": 1.0,   "variant": "default" }]
10:35:16 info: BridgeServer[0] Entity state forwarded: minecraft -> 7dtd (update, c059d49e-a961-4355-af69-db50d0971c15)
10:35:16 info: BridgeServer[0] Entity registry: updated, id=524e1209-5e93-4e0c-80eb-9aed64664243, count=1
10:35:16 info: BridgeServer[0] [Presentation] entity=524e1209-5e93-4e0c-80eb-9aed64664243 state=[presentation, {   "renderer": "humanoid",   "model": "survivor",   "scale": 1.0,   "variant": "default" }]
10:35:16 info: BridgeServer[0] Entity state forwarded: 7dtd -> minecraft (update, 524e1209-5e93-4e0c-80eb-9aed64664243)
10:35:16 info: BridgeServer[0] Player position forwarded: minecraft -> 7dtd (-46.4980827909365, 71, 73.39785432349018)
10:35:16 info: BridgeServer[0] Entity registry: updated, id=c059d49e-a961-4355-af69-db50d0971c15, count=1
10:35:16 info: BridgeServer[0] [Presentation] entity=c059d49e-a961-4355-af69-db50d0971c15 state=[presentation, {   "renderer": "humanoid",   "model": "player",   "scale": 1.0,   "variant": "default" }]
10:35:16 info: BridgeServer[0] Entity state forwarded: minecraft -> 7dtd (update, c059d49e-a961-4355-af69-db50d0971c15)
10:35:17 info: BridgeServer[0] Entity registry: updated, id=524e1209-5e93-4e0c-80eb-9aed64664243, count=1
10:35:17 info: BridgeServer[0] [Presentation] entity=524e1209-5e93-4e0c-80eb-9aed64664243 state=[presentation, {   "renderer": "humanoid",   "model": "survivor",   "scale": 1.0,   "variant": "default" }]
10:35:17 info: BridgeServer[0] Entity state forwarded: 7dtd -> minecraft (update, 524e1209-5e93-4e0c-80eb-9aed64664243)
10:35:17 info: BridgeServer[0] Player position forwarded: minecraft -> 7dtd (-46.4980827909365, 71, 73.39785432349018)
10:35:17 info: BridgeServer[0] Entity registry: updated, id=c059d49e-a961-4355-af69-db50d0971c15, count=1
10:35:17 info: BridgeServer[0] [Presentation] entity=c059d49e-a961-4355-af69-db50d0971c15 state=[presentation, {   "renderer": "humanoid",   "model": "player",   "scale": 1.0,   "variant": "default" }]
10:35:17 info: BridgeServer[0] Entity state forwarded: minecraft -> 7dtd (update, c059d49e-a961-4355-af69-db50d0971c15)
10:35:17 info: BridgeServer[0] Entity registry: updated, id=524e1209-5e93-4e0c-80eb-9aed64664243, count=1
10:35:17 info: BridgeServer[0] [Presentation] entity=524e1209-5e93-4e0c-80eb-9aed64664243 state=[presentation, {   "renderer": "humanoid",   "model": "survivor",   "scale": 1.0,   "variant": "default" }]
10:35:17 info: BridgeServer[0] Entity state forwarded: 7dtd -> minecraft (update, 524e1209-5e93-4e0c-80eb-9aed64664243)
10:35:17 info: BridgeServer[0] Player position forwarded: minecraft -> 7dtd (-46.4980827909365, 71, 73.39785432349018)
10:35:17 info: BridgeServer[0] Entity registry: updated, id=c059d49e-a961-4355-af69-db50d0971c15, count=1
10:35:17 info: BridgeServer[0] [Presentation] entity=c059d49e-a961-4355-af69-db50d0971c15 state=[presentation, {   "renderer": "humanoid",   "model": "player",   "scale": 1.0,   "variant": "default" }]
10:35:17 info: BridgeServer[0] Entity state forwarded: minecraft -> 7dtd (update, c059d49e-a961-4355-af69-db50d0971c15)
10:35:18 info: BridgeServer[0] Entity registry: updated, id=524e1209-5e93-4e0c-80eb-9aed64664243, count=1
10:35:18 info: BridgeServer[0] [Presentation] entity=524e1209-5e93-4e0c-80eb-9aed64664243 state=[presentation, {   "renderer": "humanoid",   "model": "survivor",   "scale": 1.0,   "variant": "default" }]
10:35:18 info: BridgeServer[0] Entity state forwarded: 7dtd -> minecraft (update, 524e1209-5e93-4e0c-80eb-9aed64664243)
10:35:18 info: BridgeServer[0] Player position forwarded: minecraft -> 7dtd (-46.4980827909365, 71, 73.39785432349018)
10:35:18 info: BridgeServer[0] Entity registry: updated, id=c059d49e-a961-4355-af69-db50d0971c15, count=1
10:35:18 info: BridgeServer[0] [Presentation] entity=c059d49e-a961-4355-af69-db50d0971c15 state=[presentation, {   "renderer": "humanoid",   "model": "player",   "scale": 1.0,   "variant": "default" }]
10:35:18 info: BridgeServer[0] Entity state forwarded: minecraft -> 7dtd (update, c059d49e-a961-4355-af69-db50d0971c15)
10:35:18 info: BridgeServer[0] Entity registry: updated, id=524e1209-5e93-4e0c-80eb-9aed64664243, count=1
10:35:18 info: BridgeServer[0] [Presentation] entity=524e1209-5e93-4e0c-80eb-9aed64664243 state=[presentation, {   "renderer": "humanoid",   "model": "survivor",   "scale": 1.0,   "variant": "default" }]
10:35:18 info: BridgeServer[0] Entity state forwarded: 7dtd -> minecraft (update, 524e1209-5e93-4e0c-80eb-9aed64664243)
10:35:18 info: BridgeServer[0] Player position forwarded: minecraft -> 7dtd (-46.4980827909365, 71, 73.39785432349018)
10:35:18 info: BridgeServer[0] Entity registry: updated, id=c059d49e-a961-4355-af69-db50d0971c15, count=1
10:35:18 info: BridgeServer[0] [Presentation] entity=c059d49e-a961-4355-af69-db50d0971c15 state=[presentation, {   "renderer": "humanoid",   "model": "player",   "scale": 1.0,   "variant": "default" }]
10:35:18 info: BridgeServer[0] Entity state forwarded: minecraft -> 7dtd (update, c059d49e-a961-4355-af69-db50d0971c15)
10:35:19 info: BridgeServer[0] Entity registry: updated, id=524e1209-5e93-4e0c-80eb-9aed64664243, count=1
10:35:19 info: BridgeServer[0] [Presentation] entity=524e1209-5e93-4e0c-80eb-9aed64664243 state=[presentation, {   "renderer": "humanoid",   "model": "survivor",   "scale": 1.0,   "variant": "default" }]
10:35:19 info: BridgeServer[0] Entity state forwarded: 7dtd -> minecraft (update, 524e1209-5e93-4e0c-80eb-9aed64664243)
10:35:19 info: BridgeServer[0] Player position forwarded: minecraft -> 7dtd (-46.4980827909365, 71, 73.39785432349018)
10:35:19 info: BridgeServer[0] Entity registry: updated, id=c059d49e-a961-4355-af69-db50d0971c15, count=1
10:35:19 info: BridgeServer[0] [Presentation] entity=c059d49e-a961-4355-af69-db50d0971c15 state=[presentation, {   "renderer": "humanoid",   "model": "player",   "scale": 1.0,   "variant": "default" }]
10:35:19 info: BridgeServer[0] Entity state forwarded: minecraft -> 7dtd (update, c059d49e-a961-4355-af69-db50d0971c15)
10:35:19 info: BridgeServer[0] Entity registry: updated, id=524e1209-5e93-4e0c-80eb-9aed64664243, count=1
10:35:19 info: BridgeServer[0] [Presentation] entity=524e1209-5e93-4e0c-80eb-9aed64664243 state=[presentation, {   "renderer": "humanoid",   "model": "survivor",   "scale": 1.0,   "variant": "default" }]
10:35:19 info: BridgeServer[0] Entity state forwarded: 7dtd -> minecraft (update, 524e1209-5e93-4e0c-80eb-9aed64664243)
10:35:20 info: BridgeServer[0] Player position forwarded: minecraft -> 7dtd (-46.4980827909365, 71, 73.39785432349018)
10:35:20 info: BridgeServer[0] Entity registry: updated, id=c059d49e-a961-4355-af69-db50d0971c15, count=1
10:35:20 info: BridgeServer[0] [Presentation] entity=c059d49e-a961-4355-af69-db50d0971c15 state=[presentation, {   "renderer": "humanoid",   "model": "player",   "scale": 1.0,   "variant": "default" }]
10:35:20 info: BridgeServer[0] Entity state forwarded: minecraft -> 7dtd (update, c059d49e-a961-4355-af69-db50d0971c15)
10:35:20 info: BridgeServer[0] Entity registry: updated, id=524e1209-5e93-4e0c-80eb-9aed64664243, count=1
10:35:20 info: BridgeServer[0] [Presentation] entity=524e1209-5e93-4e0c-80eb-9aed64664243 state=[presentation, {   "renderer": "humanoid",   "model": "survivor",   "scale": 1.0,   "variant": "default" }]
10:35:20 info: BridgeServer[0] Entity state forwarded: 7dtd -> minecraft (update, 524e1209-5e93-4e0c-80eb-9aed64664243)
10:35:20 info: BridgeServer[0] Player position forwarded: minecraft -> 7dtd (-46.4980827909365, 71, 73.39785432349018)
10:35:20 info: BridgeServer[0] Entity registry: updated, id=c059d49e-a961-4355-af69-db50d0971c15, count=1
10:35:20 info: BridgeServer[0] [Presentation] entity=c059d49e-a961-4355-af69-db50d0971c15 state=[presentation, {   "renderer": "humanoid",   "model": "player",   "scale": 1.0,   "variant": "default" }]
10:35:20 info: BridgeServer[0] Entity state forwarded: minecraft -> 7dtd (update, c059d49e-a961-4355-af69-db50d0971c15)
10:35:20 info: BridgeServer[0] Entity registry: updated, id=524e1209-5e93-4e0c-80eb-9aed64664243, count=1
10:35:20 info: BridgeServer[0] [Presentation] entity=524e1209-5e93-4e0c-80eb-9aed64664243 state=[presentation, {   "renderer": "humanoid",   "model": "survivor",   "scale": 1.0,   "variant": "default" }]
10:35:20 info: BridgeServer[0] Entity state forwarded: 7dtd -> minecraft (update, 524e1209-5e93-4e0c-80eb-9aed64664243)
10:35:21 info: BridgeServer[0] Player position forwarded: minecraft -> 7dtd (-46.4980827909365, 71, 73.39785432349018)
10:35:21 info: BridgeServer[0] Entity registry: updated, id=c059d49e-a961-4355-af69-db50d0971c15, count=1
10:35:21 info: BridgeServer[0] [Presentation] entity=c059d49e-a961-4355-af69-db50d0971c15 state=[presentation, {   "renderer": "humanoid",   "model": "player",   "scale": 1.0,   "variant": "default" }]
10:35:21 info: BridgeServer[0] Entity state forwarded: minecraft -> 7dtd (update, c059d49e-a961-4355-af69-db50d0971c15)
10:35:21 info: BridgeServer[0] Entity registry: updated, id=524e1209-5e93-4e0c-80eb-9aed64664243, count=1
10:35:21 info: BridgeServer[0] [Presentation] entity=524e1209-5e93-4e0c-80eb-9aed64664243 state=[presentation, {   "renderer": "humanoid",   "model": "survivor",   "scale": 1.0,   "variant": "default" }]
10:35:21 info: BridgeServer[0] Entity state forwarded: 7dtd -> minecraft (update, 524e1209-5e93-4e0c-80eb-9aed64664243)
10:35:21 info: BridgeServer[0] Player position forwarded: minecraft -> 7dtd (-46.4980827909365, 71, 73.39785432349018)
10:35:21 info: BridgeServer[0] Entity registry: updated, id=c059d49e-a961-4355-af69-db50d0971c15, count=1
10:35:21 info: BridgeServer[0] [Presentation] entity=c059d49e-a961-4355-af69-db50d0971c15 state=[presentation, {   "renderer": "humanoid",   "model": "player",   "scale": 1.0,   "variant": "default" }]
10:35:21 info: BridgeServer[0] Entity state forwarded: minecraft -> 7dtd (update, c059d49e-a961-4355-af69-db50d0971c15)
10:35:21 info: BridgeServer[0] Entity registry: updated, id=524e1209-5e93-4e0c-80eb-9aed64664243, count=1
10:35:21 info: BridgeServer[0] [Presentation] entity=524e1209-5e93-4e0c-80eb-9aed64664243 state=[presentation, {   "renderer": "humanoid",   "model": "survivor",   "scale": 1.0,   "variant": "default" }]
10:35:21 info: BridgeServer[0] Entity state forwarded: 7dtd -> minecraft (update, 524e1209-5e93-4e0c-80eb-9aed64664243)
10:35:22 info: BridgeServer[0] Player position forwarded: minecraft -> 7dtd (-46.4980827909365, 71, 73.39785432349018)
10:35:22 info: BridgeServer[0] Entity registry: updated, id=c059d49e-a961-4355-af69-db50d0971c15, count=1
10:35:22 info: BridgeServer[0] [Presentation] entity=c059d49e-a961-4355-af69-db50d0971c15 state=[presentation, {   "renderer": "humanoid",   "model": "player",   "scale": 1.0,   "variant": "default" }]
10:35:22 info: BridgeServer[0] Entity state forwarded: minecraft -> 7dtd (update, c059d49e-a961-4355-af69-db50d0971c15)
10:35:22 info: BridgeServer[0] Entity registry: updated, id=524e1209-5e93-4e0c-80eb-9aed64664243, count=1
10:35:22 info: BridgeServer[0] [Presentation] entity=524e1209-5e93-4e0c-80eb-9aed64664243 state=[presentation, {   "renderer": "humanoid",   "model": "survivor",   "scale": 1.0,   "variant": "default" }]
10:35:22 info: BridgeServer[0] Entity state forwarded: 7dtd -> minecraft (update, 524e1209-5e93-4e0c-80eb-9aed64664243)
10:35:22 info: BridgeServer[0] Player position forwarded: minecraft -> 7dtd (-46.4980827909365, 71, 73.39785432349018)
10:35:22 info: BridgeServer[0] Entity registry: updated, id=c059d49e-a961-4355-af69-db50d0971c15, count=1
10:35:22 info: BridgeServer[0] [Presentation] entity=c059d49e-a961-4355-af69-db50d0971c15 state=[presentation, {   "renderer": "humanoid",   "model": "player",   "scale": 1.0,   "variant": "default" }]
10:35:22 info: BridgeServer[0] Entity state forwarded: minecraft -> 7dtd (update, c059d49e-a961-4355-af69-db50d0971c15)
10:35:22 info: BridgeServer[0] Entity registry: updated, id=524e1209-5e93-4e0c-80eb-9aed64664243, count=1
10:35:22 info: BridgeServer[0] [Presentation] entity=524e1209-5e93-4e0c-80eb-9aed64664243 state=[presentation, {   "renderer": "humanoid",   "model": "survivor",   "scale": 1.0,   "variant": "default" }]
10:35:22 info: BridgeServer[0] Entity state forwarded: 7dtd -> minecraft (update, 524e1209-5e93-4e0c-80eb-9aed64664243)
10:35:23 info: BridgeServer[0] Player position forwarded: minecraft -> 7dtd (-46.4980827909365, 71, 73.39785432349018)
10:35:23 info: BridgeServer[0] Entity registry: updated, id=c059d49e-a961-4355-af69-db50d0971c15, count=1
10:35:23 info: BridgeServer[0] [Presentation] entity=c059d49e-a961-4355-af69-db50d0971c15 state=[presentation, {   "renderer": "humanoid",   "model": "player",   "scale": 1.0,   "variant": "default" }]
10:35:23 info: BridgeServer[0] Entity state forwarded: minecraft -> 7dtd (update, c059d49e-a961-4355-af69-db50d0971c15)
10:35:23 info: BridgeServer[0] Entity registry: updated, id=524e1209-5e93-4e0c-80eb-9aed64664243, count=1
10:35:23 info: BridgeServer[0] [Presentation] entity=524e1209-5e93-4e0c-80eb-9aed64664243 state=[presentation, {   "renderer": "humanoid",   "model": "survivor",   "scale": 1.0,   "variant": "default" }]
10:35:23 info: BridgeServer[0] Entity state forwarded: 7dtd -> minecraft (update, 524e1209-5e93-4e0c-80eb-9aed64664243)
10:35:23 info: BridgeServer[0] Player position forwarded: minecraft -> 7dtd (-46.4980827909365, 71, 73.39785432349018)
10:35:23 info: BridgeServer[0] Entity registry: updated, id=c059d49e-a961-4355-af69-db50d0971c15, count=1
10:35:23 info: BridgeServer[0] [Presentation] entity=c059d49e-a961-4355-af69-db50d0971c15 state=[presentation, {   "renderer": "humanoid",   "model": "player",   "scale": 1.0,   "variant": "default" }]
10:35:23 info: BridgeServer[0] Entity state forwarded: minecraft -> 7dtd (update, c059d49e-a961-4355-af69-db50d0971c15)
10:35:23 info: BridgeServer[0] Entity registry: updated, id=524e1209-5e93-4e0c-80eb-9aed64664243, count=1
10:35:23 info: BridgeServer[0] [Presentation] entity=524e1209-5e93-4e0c-80eb-9aed64664243 state=[presentation, {   "renderer": "humanoid",   "model": "survivor",   "scale": 1.0,   "variant": "default" }]
10:35:23 info: BridgeServer[0] Entity state forwarded: 7dtd -> minecraft (update, 524e1209-5e93-4e0c-80eb-9aed64664243)
10:35:24 info: BridgeServer[0] Player position forwarded: minecraft -> 7dtd (-46.4980827909365, 71, 73.39785432349018)
10:35:24 info: BridgeServer[0] Entity registry: updated, id=c059d49e-a961-4355-af69-db50d0971c15, count=1
10:35:24 info: BridgeServer[0] [Presentation] entity=c059d49e-a961-4355-af69-db50d0971c15 state=[presentation, {   "renderer": "humanoid",   "model": "player",   "scale": 1.0,   "variant": "default" }]
10:35:24 info: BridgeServer[0] Entity state forwarded: minecraft -> 7dtd (update, c059d49e-a961-4355-af69-db50d0971c15)
10:35:24 info: BridgeServer[0] Entity registry: updated, id=524e1209-5e93-4e0c-80eb-9aed64664243, count=1
10:35:24 info: BridgeServer[0] [Presentation] entity=524e1209-5e93-4e0c-80eb-9aed64664243 state=[presentation, {   "renderer": "humanoid",   "model": "survivor",   "scale": 1.0,   "variant": "default" }]
10:35:24 info: BridgeServer[0] Entity state forwarded: 7dtd -> minecraft (update, 524e1209-5e93-4e0c-80eb-9aed64664243)
10:35:24 info: BridgeServer[0] Player position forwarded: minecraft -> 7dtd (-46.4980827909365, 71, 73.39785432349018)
10:35:24 info: BridgeServer[0] Entity registry: updated, id=c059d49e-a961-4355-af69-db50d0971c15, count=1
10:35:24 info: BridgeServer[0] [Presentation] entity=c059d49e-a961-4355-af69-db50d0971c15 state=[presentation, {   "renderer": "humanoid",   "model": "player",   "scale": 1.0,   "variant": "default" }]
10:35:24 info: BridgeServer[0] Entity state forwarded: minecraft -> 7dtd (update, c059d49e-a961-4355-af69-db50d0971c15)
10:35:24 info: BridgeServer[0] Entity registry: updated, id=524e1209-5e93-4e0c-80eb-9aed64664243, count=1
10:35:24 info: BridgeServer[0] [Presentation] entity=524e1209-5e93-4e0c-80eb-9aed64664243 state=[presentation, {   "renderer": "humanoid",   "model": "survivor",   "scale": 1.0,   "variant": "default" }]
10:35:24 info: BridgeServer[0] Entity state forwarded: 7dtd -> minecraft (update, 524e1209-5e93-4e0c-80eb-9aed64664243)
10:35:25 info: BridgeServer[0] Player position forwarded: minecraft -> 7dtd (-46.4980827909365, 71, 73.39785432349018)
10:35:25 info: BridgeServer[0] Entity registry: updated, id=c059d49e-a961-4355-af69-db50d0971c15, count=1
10:35:25 info: BridgeServer[0] [Presentation] entity=c059d49e-a961-4355-af69-db50d0971c15 state=[presentation, {   "renderer": "humanoid",   "model": "player",   "scale": 1.0,   "variant": "default" }]
10:35:25 info: BridgeServer[0] Entity state forwarded: minecraft -> 7dtd (update, c059d49e-a961-4355-af69-db50d0971c15)
10:35:25 info: BridgeServer[0] Entity registry: updated, id=524e1209-5e93-4e0c-80eb-9aed64664243, count=1
10:35:25 info: BridgeServer[0] [Presentation] entity=524e1209-5e93-4e0c-80eb-9aed64664243 state=[presentation, {   "renderer": "humanoid",   "model": "survivor",   "scale": 1.0,   "variant": "default" }]
10:35:25 info: BridgeServer[0] Entity state forwarded: 7dtd -> minecraft (update, 524e1209-5e93-4e0c-80eb-9aed64664243)
10:35:25 info: BridgeServer[0] Player position forwarded: minecraft -> 7dtd (-46.4980827909365, 71, 73.39785432349018)
10:35:25 info: BridgeServer[0] Entity registry: updated, id=c059d49e-a961-4355-af69-db50d0971c15, count=1
10:35:25 info: BridgeServer[0] [Presentation] entity=c059d49e-a961-4355-af69-db50d0971c15 state=[presentation, {   "renderer": "humanoid",   "model": "player",   "scale": 1.0,   "variant": "default" }]
10:35:25 info: BridgeServer[0] Entity state forwarded: minecraft -> 7dtd (update, c059d49e-a961-4355-af69-db50d0971c15)
10:35:25 info: BridgeServer[0] Entity registry: updated, id=524e1209-5e93-4e0c-80eb-9aed64664243, count=1
10:35:25 info: BridgeServer[0] [Presentation] entity=524e1209-5e93-4e0c-80eb-9aed64664243 state=[presentation, {   "renderer": "humanoid",   "model": "survivor",   "scale": 1.0,   "variant": "default" }]
10:35:25 info: BridgeServer[0] Entity state forwarded: 7dtd -> minecraft (update, 524e1209-5e93-4e0c-80eb-9aed64664243)
10:35:26 info: BridgeServer[0] Entity registry: updated, id=524e1209-5e93-4e0c-80eb-9aed64664243, count=1
10:35:26 info: BridgeServer[0] [Presentation] entity=524e1209-5e93-4e0c-80eb-9aed64664243 state=[presentation, {   "renderer": "humanoid",   "model": "survivor",   "scale": 1.0,   "variant": "default" }]
10:35:26 info: BridgeServer[0] Entity state forwarded: 7dtd -> minecraft (update, 524e1209-5e93-4e0c-80eb-9aed64664243)
10:35:26 info: BridgeServer[0] Player position forwarded: minecraft -> 7dtd (-46.4980827909365, 71, 73.39785432349018)
10:35:26 info: BridgeServer[0] Entity registry: updated, id=c059d49e-a961-4355-af69-db50d0971c15, count=1
10:35:26 info: BridgeServer[0] [Presentation] entity=c059d49e-a961-4355-af69-db50d0971c15 state=[presentation, {   "renderer": "humanoid",   "model": "player",   "scale": 1.0,   "variant": "default" }]
10:35:26 info: BridgeServer[0] Entity state forwarded: minecraft -> 7dtd (update, c059d49e-a961-4355-af69-db50d0971c15)
10:35:26 info: BridgeServer[0] Entity registry: updated, id=524e1209-5e93-4e0c-80eb-9aed64664243, count=1
10:35:26 info: BridgeServer[0] [Presentation] entity=524e1209-5e93-4e0c-80eb-9aed64664243 state=[presentation, {   "renderer": "humanoid",   "model": "survivor",   "scale": 1.0,   "variant": "default" }]
10:35:26 info: BridgeServer[0] Entity state forwarded: 7dtd -> minecraft (update, 524e1209-5e93-4e0c-80eb-9aed64664243)
10:35:26 info: BridgeServer[0] Player position forwarded: minecraft -> 7dtd (-46.4980827909365, 71, 73.39785432349018)
10:35:26 info: BridgeServer[0] Entity registry: updated, id=c059d49e-a961-4355-af69-db50d0971c15, count=1
10:35:26 info: BridgeServer[0] [Presentation] entity=c059d49e-a961-4355-af69-db50d0971c15 state=[presentation, {   "renderer": "humanoid",   "model": "player",   "scale": 1.0,   "variant": "default" }]
10:35:26 info: BridgeServer[0] Entity state forwarded: minecraft -> 7dtd (update, c059d49e-a961-4355-af69-db50d0971c15)
10:35:27 info: BridgeServer[0] Entity registry: updated, id=524e1209-5e93-4e0c-80eb-9aed64664243, count=1
10:35:27 info: BridgeServer[0] [Presentation] entity=524e1209-5e93-4e0c-80eb-9aed64664243 state=[presentation, {   "renderer": "humanoid",   "model": "survivor",   "scale": 1.0,   "variant": "default" }]
10:35:27 info: BridgeServer[0] Entity state forwarded: 7dtd -> minecraft (update, 524e1209-5e93-4e0c-80eb-9aed64664243)
10:35:27 info: BridgeServer[0] Player position forwarded: minecraft -> 7dtd (-46.4980827909365, 71, 73.39785432349018)
10:35:27 info: BridgeServer[0] Entity registry: updated, id=c059d49e-a961-4355-af69-db50d0971c15, count=1
10:35:27 info: BridgeServer[0] [Presentation] entity=c059d49e-a961-4355-af69-db50d0971c15 state=[presentation, {   "renderer": "humanoid",   "model": "player",   "scale": 1.0,   "variant": "default" }]
10:35:27 info: BridgeServer[0] Entity state forwarded: minecraft -> 7dtd (update, c059d49e-a961-4355-af69-db50d0971c15)
10:35:27 info: BridgeServer[0] Entity registry: updated, id=524e1209-5e93-4e0c-80eb-9aed64664243, count=1
10:35:27 info: BridgeServer[0] [Presentation] entity=524e1209-5e93-4e0c-80eb-9aed64664243 state=[presentation, {   "renderer": "humanoid",   "model": "survivor",   "scale": 1.0,   "variant": "default" }]
10:35:27 info: BridgeServer[0] Entity state forwarded: 7dtd -> minecraft (update, 524e1209-5e93-4e0c-80eb-9aed64664243)
10:35:27 info: BridgeServer[0] Player position forwarded: minecraft -> 7dtd (-46.4980827909365, 71, 73.39785432349018)
10:35:27 info: BridgeServer[0] Entity registry: updated, id=c059d49e-a961-4355-af69-db50d0971c15, count=1
10:35:27 info: BridgeServer[0] [Presentation] entity=c059d49e-a961-4355-af69-db50d0971c15 state=[presentation, {   "renderer": "humanoid",   "model": "player",   "scale": 1.0,   "variant": "default" }]
10:35:27 info: BridgeServer[0] Entity state forwarded: minecraft -> 7dtd (update, c059d49e-a961-4355-af69-db50d0971c15)
10:35:28 info: BridgeServer[0] Entity registry: updated, id=524e1209-5e93-4e0c-80eb-9aed64664243, count=1
10:35:28 info: BridgeServer[0] [Presentation] entity=524e1209-5e93-4e0c-80eb-9aed64664243 state=[presentation, {   "renderer": "humanoid",   "model": "survivor",   "scale": 1.0,   "variant": "default" }]
10:35:28 info: BridgeServer[0] Entity state forwarded: 7dtd -> minecraft (update, 524e1209-5e93-4e0c-80eb-9aed64664243)
10:35:28 info: BridgeServer[0] Player position forwarded: minecraft -> 7dtd (-46.4980827909365, 71, 73.39785432349018)
10:35:28 info: BridgeServer[0] Entity registry: updated, id=c059d49e-a961-4355-af69-db50d0971c15, count=1
10:35:28 info: BridgeServer[0] [Presentation] entity=c059d49e-a961-4355-af69-db50d0971c15 state=[presentation, {   "renderer": "humanoid",   "model": "player",   "scale": 1.0,   "variant": "default" }]
10:35:28 info: BridgeServer[0] Entity state forwarded: minecraft -> 7dtd (update, c059d49e-a961-4355-af69-db50d0971c15)
10:35:28 info: BridgeServer[0] Entity registry: updated, id=524e1209-5e93-4e0c-80eb-9aed64664243, count=1
10:35:28 info: BridgeServer[0] [Presentation] entity=524e1209-5e93-4e0c-80eb-9aed64664243 state=[presentation, {   "renderer": "humanoid",   "model": "survivor",   "scale": 1.0,   "variant": "default" }]
10:35:28 info: BridgeServer[0] Entity state forwarded: 7dtd -> minecraft (update, 524e1209-5e93-4e0c-80eb-9aed64664243)
10:35:28 info: BridgeServer[0] Player position forwarded: minecraft -> 7dtd (-46.4980827909365, 71, 73.39785432349018)
10:35:28 info: BridgeServer[0] Entity registry: updated, id=c059d49e-a961-4355-af69-db50d0971c15, count=1
10:35:28 info: BridgeServer[0] [Presentation] entity=c059d49e-a961-4355-af69-db50d0971c15 state=[presentation, {   "renderer": "humanoid",   "model": "player",   "scale": 1.0,   "variant": "default" }]
10:35:28 info: BridgeServer[0] Entity state forwarded: minecraft -> 7dtd (update, c059d49e-a961-4355-af69-db50d0971c15)
10:35:29 info: BridgeServer[0] Entity registry: updated, id=524e1209-5e93-4e0c-80eb-9aed64664243, count=1
10:35:29 info: BridgeServer[0] [Presentation] entity=524e1209-5e93-4e0c-80eb-9aed64664243 state=[presentation, {   "renderer": "humanoid",   "model": "survivor",   "scale": 1.0,   "variant": "default" }]
10:35:29 info: BridgeServer[0] Entity state forwarded: 7dtd -> minecraft (update, 524e1209-5e93-4e0c-80eb-9aed64664243)
10:35:29 info: BridgeServer[0] Player position forwarded: minecraft -> 7dtd (-46.4980827909365, 71, 73.39785432349018)
10:35:29 info: BridgeServer[0] Entity registry: updated, id=c059d49e-a961-4355-af69-db50d0971c15, count=1
10:35:29 info: BridgeServer[0] [Presentation] entity=c059d49e-a961-4355-af69-db50d0971c15 state=[presentation, {   "renderer": "humanoid",   "model": "player",   "scale": 1.0,   "variant": "default" }]
10:35:29 info: BridgeServer[0] Entity state forwarded: minecraft -> 7dtd (update, c059d49e-a961-4355-af69-db50d0971c15)
10:35:29 info: BridgeServer[0] Entity registry: updated, id=524e1209-5e93-4e0c-80eb-9aed64664243, count=1
10:35:29 info: BridgeServer[0] [Presentation] entity=524e1209-5e93-4e0c-80eb-9aed64664243 state=[presentation, {   "renderer": "humanoid",   "model": "survivor",   "scale": 1.0,   "variant": "default" }]
10:35:29 info: BridgeServer[0] Entity state forwarded: 7dtd -> minecraft (update, 524e1209-5e93-4e0c-80eb-9aed64664243)
10:35:30 info: BridgeServer[0] Player position forwarded: minecraft -> 7dtd (-46.4980827909365, 71, 73.39785432349018)
10:35:30 info: BridgeServer[0] Entity registry: updated, id=c059d49e-a961-4355-af69-db50d0971c15, count=1
10:35:30 info: BridgeServer[0] [Presentation] entity=c059d49e-a961-4355-af69-db50d0971c15 state=[presentation, {   "renderer": "humanoid",   "model": "player",   "scale": 1.0,   "variant": "default" }]
10:35:30 info: BridgeServer[0] Entity state forwarded: minecraft -> 7dtd (update, c059d49e-a961-4355-af69-db50d0971c15)
10:35:30 info: BridgeServer[0] Entity registry: updated, id=524e1209-5e93-4e0c-80eb-9aed64664243, count=1
10:35:30 info: BridgeServer[0] [Presentation] entity=524e1209-5e93-4e0c-80eb-9aed64664243 state=[presentation, {   "renderer": "humanoid",   "model": "survivor",   "scale": 1.0,   "variant": "default" }]
10:35:30 info: BridgeServer[0] Entity state forwarded: 7dtd -> minecraft (update, 524e1209-5e93-4e0c-80eb-9aed64664243)
10:35:30 info: BridgeServer[0] Player position forwarded: minecraft -> 7dtd (-46.4980827909365, 71, 73.39785432349018)
10:35:30 info: BridgeServer[0] Entity registry: updated, id=c059d49e-a961-4355-af69-db50d0971c15, count=1
10:35:30 info: BridgeServer[0] [Presentation] entity=c059d49e-a961-4355-af69-db50d0971c15 state=[presentation, {   "renderer": "humanoid",   "model": "player",   "scale": 1.0,   "variant": "default" }]
10:35:30 info: BridgeServer[0] Entity state forwarded: minecraft -> 7dtd (update, c059d49e-a961-4355-af69-db50d0971c15)
10:35:30 info: BridgeServer[0] Entity registry: updated, id=524e1209-5e93-4e0c-80eb-9aed64664243, count=1
10:35:30 info: BridgeServer[0] [Presentation] entity=524e1209-5e93-4e0c-80eb-9aed64664243 state=[presentation, {   "renderer": "humanoid",   "model": "survivor",   "scale": 1.0,   "variant": "default" }]
10:35:30 info: BridgeServer[0] Entity state forwarded: 7dtd -> minecraft (update, 524e1209-5e93-4e0c-80eb-9aed64664243)
10:35:31 info: BridgeServer[0] Player position forwarded: minecraft -> 7dtd (-46.4980827909365, 71, 73.39785432349018)
10:35:31 info: BridgeServer[0] Entity registry: updated, id=c059d49e-a961-4355-af69-db50d0971c15, count=1
10:35:31 info: BridgeServer[0] [Presentation] entity=c059d49e-a961-4355-af69-db50d0971c15 state=[presentation, {   "renderer": "humanoid",   "model": "player",   "scale": 1.0,   "variant": "default" }]
10:35:31 info: BridgeServer[0] Entity state forwarded: minecraft -> 7dtd (update, c059d49e-a961-4355-af69-db50d0971c15)
10:35:31 info: BridgeServer[0] Entity registry: updated, id=524e1209-5e93-4e0c-80eb-9aed64664243, count=1
10:35:31 info: BridgeServer[0] [Presentation] entity=524e1209-5e93-4e0c-80eb-9aed64664243 state=[presentation, {   "renderer": "humanoid",   "model": "survivor",   "scale": 1.0,   "variant": "default" }]
10:35:31 info: BridgeServer[0] Entity state forwarded: 7dtd -> minecraft (update, 524e1209-5e93-4e0c-80eb-9aed64664243)
10:35:31 info: BridgeServer[0] Player position forwarded: minecraft -> 7dtd (-46.4980827909365, 71, 73.39785432349018)
10:35:31 info: BridgeServer[0] Entity registry: updated, id=c059d49e-a961-4355-af69-db50d0971c15, count=1
10:35:31 info: BridgeServer[0] [Presentation] entity=c059d49e-a961-4355-af69-db50d0971c15 state=[presentation, {   "renderer": "humanoid",   "model": "player",   "scale": 1.0,   "variant": "default" }]
10:35:31 info: BridgeServer[0] Entity state forwarded: minecraft -> 7dtd (update, c059d49e-a961-4355-af69-db50d0971c15)
10:35:31 info: BridgeServer[0] Entity registry: updated, id=524e1209-5e93-4e0c-80eb-9aed64664243, count=1
10:35:31 info: BridgeServer[0] [Presentation] entity=524e1209-5e93-4e0c-80eb-9aed64664243 state=[presentation, {   "renderer": "humanoid",   "model": "survivor",   "scale": 1.0,   "variant": "default" }]
10:35:31 info: BridgeServer[0] Entity state forwarded: 7dtd -> minecraft (update, 524e1209-5e93-4e0c-80eb-9aed64664243)
10:35:32 info: BridgeServer[0] Player position forwarded: minecraft -> 7dtd (-46.4980827909365, 71, 73.39785432349018)
10:35:32 info: BridgeServer[0] Entity registry: updated, id=c059d49e-a961-4355-af69-db50d0971c15, count=1
10:35:32 info: BridgeServer[0] [Presentation] entity=c059d49e-a961-4355-af69-db50d0971c15 state=[presentation, {   "renderer": "humanoid",   "model": "player",   "scale": 1.0,   "variant": "default" }]
10:35:32 info: BridgeServer[0] Entity state forwarded: minecraft -> 7dtd (update, c059d49e-a961-4355-af69-db50d0971c15)
10:35:32 info: BridgeServer[0] Entity registry: updated, id=524e1209-5e93-4e0c-80eb-9aed64664243, count=1
10:35:32 info: BridgeServer[0] [Presentation] entity=524e1209-5e93-4e0c-80eb-9aed64664243 state=[presentation, {   "renderer": "humanoid",   "model": "survivor",   "scale": 1.0,   "variant": "default" }]
10:35:32 info: BridgeServer[0] Entity state forwarded: 7dtd -> minecraft (update, 524e1209-5e93-4e0c-80eb-9aed64664243)
10:35:32 info: BridgeServer[0] Player position forwarded: minecraft -> 7dtd (-46.4980827909365, 71, 73.39785432349018)
10:35:32 info: BridgeServer[0] Entity registry: updated, id=c059d49e-a961-4355-af69-db50d0971c15, count=1
10:35:32 info: BridgeServer[0] [Presentation] entity=c059d49e-a961-4355-af69-db50d0971c15 state=[presentation, {   "renderer": "humanoid",   "model": "player",   "scale": 1.0,   "variant": "default" }]
10:35:32 info: BridgeServer[0] Entity state forwarded: minecraft -> 7dtd (update, c059d49e-a961-4355-af69-db50d0971c15)
10:35:32 info: BridgeServer[0] Entity registry: updated, id=524e1209-5e93-4e0c-80eb-9aed64664243, count=1
10:35:32 info: BridgeServer[0] [Presentation] entity=524e1209-5e93-4e0c-80eb-9aed64664243 state=[presentation, {   "renderer": "humanoid",   "model": "survivor",   "scale": 1.0,   "variant": "default" }]
10:35:32 info: BridgeServer[0] Entity state forwarded: 7dtd -> minecraft (update, 524e1209-5e93-4e0c-80eb-9aed64664243)
10:35:33 info: BridgeServer[0] Player position forwarded: minecraft -> 7dtd (-46.4980827909365, 71, 73.39785432349018)
10:35:33 info: BridgeServer[0] Entity registry: updated, id=c059d49e-a961-4355-af69-db50d0971c15, count=1
10:35:33 info: BridgeServer[0] [Presentation] entity=c059d49e-a961-4355-af69-db50d0971c15 state=[presentation, {   "renderer": "humanoid",   "model": "player",   "scale": 1.0,   "variant": "default" }]
10:35:33 info: BridgeServer[0] Entity state forwarded: minecraft -> 7dtd (update, c059d49e-a961-4355-af69-db50d0971c15)
10:35:33 info: BridgeServer[0] Entity registry: updated, id=524e1209-5e93-4e0c-80eb-9aed64664243, count=1
10:35:33 info: BridgeServer[0] [Presentation] entity=524e1209-5e93-4e0c-80eb-9aed64664243 state=[presentation, {   "renderer": "humanoid",   "model": "survivor",   "scale": 1.0,   "variant": "default" }]
10:35:33 info: BridgeServer[0] Entity state forwarded: 7dtd -> minecraft (update, 524e1209-5e93-4e0c-80eb-9aed64664243)
10:35:33 info: BridgeServer[0] Player position forwarded: minecraft -> 7dtd (-46.4980827909365, 71, 73.39785432349018)
10:35:33 info: BridgeServer[0] Entity registry: updated, id=c059d49e-a961-4355-af69-db50d0971c15, count=1
10:35:33 info: BridgeServer[0] [Presentation] entity=c059d49e-a961-4355-af69-db50d0971c15 state=[presentation, {   "renderer": "humanoid",   "model": "player",   "scale": 1.0,   "variant": "default" }]
10:35:33 info: BridgeServer[0] Entity state forwarded: minecraft -> 7dtd (update, c059d49e-a961-4355-af69-db50d0971c15)
10:35:33 info: BridgeServer[0] Entity registry: updated, id=524e1209-5e93-4e0c-80eb-9aed64664243, count=1
10:35:33 info: BridgeServer[0] [Presentation] entity=524e1209-5e93-4e0c-80eb-9aed64664243 state=[presentation, {   "renderer": "humanoid",   "model": "survivor",   "scale": 1.0,   "variant": "default" }]
10:35:33 info: BridgeServer[0] Entity state forwarded: 7dtd -> minecraft (update, 524e1209-5e93-4e0c-80eb-9aed64664243)
10:35:34 info: BridgeServer[0] Player position forwarded: minecraft -> 7dtd (-46.4980827909365, 71, 73.39785432349018)
10:35:34 info: BridgeServer[0] Entity registry: updated, id=c059d49e-a961-4355-af69-db50d0971c15, count=1
10:35:34 info: BridgeServer[0] [Presentation] entity=c059d49e-a961-4355-af69-db50d0971c15 state=[presentation, {   "renderer": "humanoid",   "model": "player",   "scale": 1.0,   "variant": "default" }]
10:35:34 info: BridgeServer[0] Entity state forwarded: minecraft -> 7dtd (update, c059d49e-a961-4355-af69-db50d0971c15)
10:35:34 info: BridgeServer[0] Entity registry: updated, id=524e1209-5e93-4e0c-80eb-9aed64664243, count=1
10:35:34 info: BridgeServer[0] [Presentation] entity=524e1209-5e93-4e0c-80eb-9aed64664243 state=[presentation, {   "renderer": "humanoid",   "model": "survivor",   "scale": 1.0,   "variant": "default" }]
10:35:34 info: BridgeServer[0] Entity state forwarded: 7dtd -> minecraft (update, 524e1209-5e93-4e0c-80eb-9aed64664243)
10:35:34 info: BridgeServer[0] Player position forwarded: minecraft -> 7dtd (-46.4980827909365, 71, 73.39785432349018)
10:35:34 info: BridgeServer[0] Entity registry: updated, id=c059d49e-a961-4355-af69-db50d0971c15, count=1
10:35:34 info: BridgeServer[0] [Presentation] entity=c059d49e-a961-4355-af69-db50d0971c15 state=[presentation, {   "renderer": "humanoid",   "model": "player",   "scale": 1.0,   "variant": "default" }]
10:35:34 info: BridgeServer[0] Entity state forwarded: minecraft -> 7dtd (update, c059d49e-a961-4355-af69-db50d0971c15)
10:35:34 info: BridgeServer[0] Entity registry: updated, id=524e1209-5e93-4e0c-80eb-9aed64664243, count=1
10:35:34 info: BridgeServer[0] [Presentation] entity=524e1209-5e93-4e0c-80eb-9aed64664243 state=[presentation, {   "renderer": "humanoid",   "model": "survivor",   "scale": 1.0,   "variant": "default" }]
10:35:34 info: BridgeServer[0] Entity state forwarded: 7dtd -> minecraft (update, 524e1209-5e93-4e0c-80eb-9aed64664243)
10:35:35 info: BridgeServer[0] Player position forwarded: minecraft -> 7dtd (-46.4980827909365, 71, 73.39785432349018)
10:35:35 info: BridgeServer[0] Entity registry: updated, id=c059d49e-a961-4355-af69-db50d0971c15, count=1
10:35:35 info: BridgeServer[0] [Presentation] entity=c059d49e-a961-4355-af69-db50d0971c15 state=[presentation, {   "renderer": "humanoid",   "model": "player",   "scale": 1.0,   "variant": "default" }]
10:35:35 info: BridgeServer[0] Entity state forwarded: minecraft -> 7dtd (update, c059d49e-a961-4355-af69-db50d0971c15)
10:35:35 info: BridgeServer[0] Entity registry: updated, id=524e1209-5e93-4e0c-80eb-9aed64664243, count=1
10:35:35 info: BridgeServer[0] [Presentation] entity=524e1209-5e93-4e0c-80eb-9aed64664243 state=[presentation, {   "renderer": "humanoid",   "model": "survivor",   "scale": 1.0,   "variant": "default" }]
10:35:35 info: BridgeServer[0] Entity state forwarded: 7dtd -> minecraft (update, 524e1209-5e93-4e0c-80eb-9aed64664243)
10:35:35 info: BridgeServer[0] Player position forwarded: minecraft -> 7dtd (-46.4980827909365, 71, 73.39785432349018)
10:35:35 info: BridgeServer[0] Entity registry: updated, id=c059d49e-a961-4355-af69-db50d0971c15, count=1
10:35:35 info: BridgeServer[0] [Presentation] entity=c059d49e-a961-4355-af69-db50d0971c15 state=[presentation, {   "renderer": "humanoid",   "model": "player",   "scale": 1.0,   "variant": "default" }]
10:35:35 info: BridgeServer[0] Entity state forwarded: minecraft -> 7dtd (update, c059d49e-a961-4355-af69-db50d0971c15)
10:35:35 info: BridgeServer[0] Entity registry: updated, id=524e1209-5e93-4e0c-80eb-9aed64664243, count=1
10:35:35 info: BridgeServer[0] [Presentation] entity=524e1209-5e93-4e0c-80eb-9aed64664243 state=[presentation, {   "renderer": "humanoid",   "model": "survivor",   "scale": 1.0,   "variant": "default" }]
10:35:35 info: BridgeServer[0] Entity state forwarded: 7dtd -> minecraft (update, 524e1209-5e93-4e0c-80eb-9aed64664243)
10:35:36 info: BridgeServer[0] Player position forwarded: minecraft -> 7dtd (-46.4980827909365, 71, 73.39785432349018)
10:35:36 info: BridgeServer[0] Entity registry: updated, id=c059d49e-a961-4355-af69-db50d0971c15, count=1
10:35:36 info: BridgeServer[0] [Presentation] entity=c059d49e-a961-4355-af69-db50d0971c15 state=[presentation, {   "renderer": "humanoid",   "model": "player",   "scale": 1.0,   "variant": "default" }]
10:35:36 info: BridgeServer[0] Entity state forwarded: minecraft -> 7dtd (update, c059d49e-a961-4355-af69-db50d0971c15)
10:35:36 info: BridgeServer[0] Entity registry: updated, id=524e1209-5e93-4e0c-80eb-9aed64664243, count=1
10:35:36 info: BridgeServer[0] [Presentation] entity=524e1209-5e93-4e0c-80eb-9aed64664243 state=[presentation, {   "renderer": "humanoid",   "model": "survivor",   "scale": 1.0,   "variant": "default" }]
10:35:36 info: BridgeServer[0] Entity state forwarded: 7dtd -> minecraft (update, 524e1209-5e93-4e0c-80eb-9aed64664243)
10:35:36 info: BridgeServer[0] Entity registry: updated, id=524e1209-5e93-4e0c-80eb-9aed64664243, count=1
10:35:36 info: BridgeServer[0] [Presentation] entity=524e1209-5e93-4e0c-80eb-9aed64664243 state=[presentation, {   "renderer": "humanoid",   "model": "survivor",   "scale": 1.0,   "variant": "default" }]
10:35:36 info: BridgeServer[0] Entity state forwarded: 7dtd -> minecraft (update, 524e1209-5e93-4e0c-80eb-9aed64664243)
10:35:36 info: BridgeServer[0] Player position forwarded: minecraft -> 7dtd (-46.4980827909365, 71, 73.39785432349018)
10:35:36 info: BridgeServer[0] Entity registry: updated, id=c059d49e-a961-4355-af69-db50d0971c15, count=1
10:35:36 info: BridgeServer[0] [Presentation] entity=c059d49e-a961-4355-af69-db50d0971c15 state=[presentation, {   "renderer": "humanoid",   "model": "player",   "scale": 1.0,   "variant": "default" }]
10:35:36 info: BridgeServer[0] Entity state forwarded: minecraft -> 7dtd (update, c059d49e-a961-4355-af69-db50d0971c15)
10:35:37 info: BridgeServer[0] Entity registry: updated, id=524e1209-5e93-4e0c-80eb-9aed64664243, count=1
10:35:37 info: BridgeServer[0] [Presentation] entity=524e1209-5e93-4e0c-80eb-9aed64664243 state=[presentation, {   "renderer": "humanoid",   "model": "survivor",   "scale": 1.0,   "variant": "default" }]
10:35:37 info: BridgeServer[0] Entity state forwarded: 7dtd -> minecraft (update, 524e1209-5e93-4e0c-80eb-9aed64664243)
10:35:37 info: BridgeServer[0] Entity registry: updated, id=524e1209-5e93-4e0c-80eb-9aed64664243, count=1
10:35:37 info: BridgeServer[0] [Presentation] entity=524e1209-5e93-4e0c-80eb-9aed64664243 state=[presentation, {   "renderer": "humanoid",   "model": "survivor",   "scale": 1.0,   "variant": "default" }]
10:35:37 info: BridgeServer[0] Entity state forwarded: 7dtd -> minecraft (update, 524e1209-5e93-4e0c-80eb-9aed64664243)
10:35:38 info: BridgeServer[0] Entity registry: updated, id=524e1209-5e93-4e0c-80eb-9aed64664243, count=1
10:35:38 info: BridgeServer[0] [Presentation] entity=524e1209-5e93-4e0c-80eb-9aed64664243 state=[presentation, {   "renderer": "humanoid",   "model": "survivor",   "scale": 1.0,   "variant": "default" }]
10:35:38 info: BridgeServer[0] Entity state forwarded: 7dtd -> minecraft (update, 524e1209-5e93-4e0c-80eb-9aed64664243)
10:35:38 info: BridgeServer[0] Entity registry: updated, id=524e1209-5e93-4e0c-80eb-9aed64664243, count=1
10:35:38 info: BridgeServer[0] [Presentation] entity=524e1209-5e93-4e0c-80eb-9aed64664243 state=[presentation, {   "renderer": "humanoid",   "model": "survivor",   "scale": 1.0,   "variant": "default" }]
10:35:38 info: BridgeServer[0] Entity state forwarded: 7dtd -> minecraft (update, 524e1209-5e93-4e0c-80eb-9aed64664243)
10:35:39 info: BridgeServer[0] Entity registry: updated, id=524e1209-5e93-4e0c-80eb-9aed64664243, count=1
10:35:39 info: BridgeServer[0] [Presentation] entity=524e1209-5e93-4e0c-80eb-9aed64664243 state=[presentation, {   "renderer": "humanoid",   "model": "survivor",   "scale": 1.0,   "variant": "default" }]
10:35:39 info: BridgeServer[0] Entity state forwarded: 7dtd -> minecraft (update, 524e1209-5e93-4e0c-80eb-9aed64664243)
10:35:39 info: BridgeServer[0] Entity registry: updated, id=524e1209-5e93-4e0c-80eb-9aed64664243, count=1
10:35:39 info: BridgeServer[0] [Presentation] entity=524e1209-5e93-4e0c-80eb-9aed64664243 state=[presentation, {   "renderer": "humanoid",   "model": "survivor",   "scale": 1.0,   "variant": "default" }]
10:35:39 info: BridgeServer[0] Entity state forwarded: 7dtd -> minecraft (update, 524e1209-5e93-4e0c-80eb-9aed64664243)
10:35:40 info: BridgeServer[0] Entity registry: updated, id=524e1209-5e93-4e0c-80eb-9aed64664243, count=1
10:35:40 info: BridgeServer[0] [Presentation] entity=524e1209-5e93-4e0c-80eb-9aed64664243 state=[presentation, {   "renderer": "humanoid",   "model": "survivor",   "scale": 1.0,   "variant": "default" }]
10:35:40 info: BridgeServer[0] Entity state forwarded: 7dtd -> minecraft (update, 524e1209-5e93-4e0c-80eb-9aed64664243)
10:35:40 info: BridgeServer[0] Entity registry: updated, id=524e1209-5e93-4e0c-80eb-9aed64664243, count=1
10:35:40 info: BridgeServer[0] [Presentation] entity=524e1209-5e93-4e0c-80eb-9aed64664243 state=[presentation, {   "renderer": "humanoid",   "model": "survivor",   "scale": 1.0,   "variant": "default" }]
10:35:40 info: BridgeServer[0] Entity state forwarded: 7dtd -> minecraft (update, 524e1209-5e93-4e0c-80eb-9aed64664243)
10:35:41 info: BridgeServer[0] Entity registry: updated, id=524e1209-5e93-4e0c-80eb-9aed64664243, count=1
10:35:41 info: BridgeServer[0] [Presentation] entity=524e1209-5e93-4e0c-80eb-9aed64664243 state=[presentation, {   "renderer": "humanoid",   "model": "survivor",   "scale": 1.0,   "variant": "default" }]
10:35:41 info: BridgeServer[0] Entity state forwarded: 7dtd -> minecraft (update, 524e1209-5e93-4e0c-80eb-9aed64664243)
10:35:41 info: BridgeServer[0] Entity registry: updated, id=524e1209-5e93-4e0c-80eb-9aed64664243, count=1
10:35:41 info: BridgeServer[0] [Presentation] entity=524e1209-5e93-4e0c-80eb-9aed64664243 state=[presentation, {   "renderer": "humanoid",   "model": "survivor",   "scale": 1.0,   "variant": "default" }]
10:35:41 info: BridgeServer[0] Entity state forwarded: 7dtd -> minecraft (update, 524e1209-5e93-4e0c-80eb-9aed64664243)
10:35:42 info: BridgeServer[0] Entity registry: updated, id=524e1209-5e93-4e0c-80eb-9aed64664243, count=1
10:35:42 info: BridgeServer[0] [Presentation] entity=524e1209-5e93-4e0c-80eb-9aed64664243 state=[presentation, {   "renderer": "humanoid",   "model": "survivor",   "scale": 1.0,   "variant": "default" }]
10:35:42 info: BridgeServer[0] Entity state forwarded: 7dtd -> minecraft (update, 524e1209-5e93-4e0c-80eb-9aed64664243)
10:35:42 info: BridgeServer[0] Entity registry: updated, id=524e1209-5e93-4e0c-80eb-9aed64664243, count=1
10:35:42 info: BridgeServer[0] [Presentation] entity=524e1209-5e93-4e0c-80eb-9aed64664243 state=[presentation, {   "renderer": "humanoid",   "model": "survivor",   "scale": 1.0,   "variant": "default" }]
10:35:42 info: BridgeServer[0] Entity state forwarded: 7dtd -> minecraft (update, 524e1209-5e93-4e0c-80eb-9aed64664243)
10:35:43 info: BridgeServer[0] Entity registry: updated, id=524e1209-5e93-4e0c-80eb-9aed64664243, count=1
10:35:43 info: BridgeServer[0] [Presentation] entity=524e1209-5e93-4e0c-80eb-9aed64664243 state=[presentation, {   "renderer": "humanoid",   "model": "survivor",   "scale": 1.0,   "variant": "default" }]
10:35:43 info: BridgeServer[0] Entity state forwarded: 7dtd -> minecraft (update, 524e1209-5e93-4e0c-80eb-9aed64664243)
10:35:43 info: BridgeServer[0] Entity registry: updated, id=524e1209-5e93-4e0c-80eb-9aed64664243, count=1
10:35:43 info: BridgeServer[0] [Presentation] entity=524e1209-5e93-4e0c-80eb-9aed64664243 state=[presentation, {   "renderer": "humanoid",   "model": "survivor",   "scale": 1.0,   "variant": "default" }]
10:35:43 info: BridgeServer[0] Entity state forwarded: 7dtd -> minecraft (update, 524e1209-5e93-4e0c-80eb-9aed64664243)
10:35:44 info: BridgeServer[0] Entity registry: updated, id=524e1209-5e93-4e0c-80eb-9aed64664243, count=1
10:35:44 info: BridgeServer[0] [Presentation] entity=524e1209-5e93-4e0c-80eb-9aed64664243 state=[presentation, {   "renderer": "humanoid",   "model": "survivor",   "scale": 1.0,   "variant": "default" }]
10:35:44 info: BridgeServer[0] Entity state forwarded: 7dtd -> minecraft (update, 524e1209-5e93-4e0c-80eb-9aed64664243)
10:35:44 info: BridgeServer[0] Entity registry: updated, id=524e1209-5e93-4e0c-80eb-9aed64664243, count=1
10:35:44 info: BridgeServer[0] [Presentation] entity=524e1209-5e93-4e0c-80eb-9aed64664243 state=[presentation, {   "renderer": "humanoid",   "model": "survivor",   "scale": 1.0,   "variant": "default" }]
10:35:44 info: BridgeServer[0] Entity state forwarded: 7dtd -> minecraft (update, 524e1209-5e93-4e0c-80eb-9aed64664243)
10:35:45 info: BridgeServer[0] Entity registry: updated, id=524e1209-5e93-4e0c-80eb-9aed64664243, count=1
10:35:45 info: BridgeServer[0] [Presentation] entity=524e1209-5e93-4e0c-80eb-9aed64664243 state=[presentation, {   "renderer": "humanoid",   "model": "survivor",   "scale": 1.0,   "variant": "default" }]
10:35:45 info: BridgeServer[0] Entity state forwarded: 7dtd -> minecraft (update, 524e1209-5e93-4e0c-80eb-9aed64664243)
10:35:45 info: BridgeServer[0] Entity registry: updated, id=524e1209-5e93-4e0c-80eb-9aed64664243, count=1
10:35:45 info: BridgeServer[0] [Presentation] entity=524e1209-5e93-4e0c-80eb-9aed64664243 state=[presentation, {   "renderer": "humanoid",   "model": "survivor",   "scale": 1.0,   "variant": "default" }]
10:35:45 info: BridgeServer[0] Entity state forwarded: 7dtd -> minecraft (update, 524e1209-5e93-4e0c-80eb-9aed64664243)
10:35:46 info: BridgeServer[0] Entity registry: updated, id=524e1209-5e93-4e0c-80eb-9aed64664243, count=1
10:35:46 info: BridgeServer[0] [Presentation] entity=524e1209-5e93-4e0c-80eb-9aed64664243 state=[presentation, {   "renderer": "humanoid",   "model": "survivor",   "scale": 1.0,   "variant": "default" }]
10:35:46 info: BridgeServer[0] Entity state forwarded: 7dtd -> minecraft (update, 524e1209-5e93-4e0c-80eb-9aed64664243)
10:35:46 info: BridgeServer[0] Entity registry: updated, id=524e1209-5e93-4e0c-80eb-9aed64664243, count=1
10:35:46 info: BridgeServer[0] [Presentation] entity=524e1209-5e93-4e0c-80eb-9aed64664243 state=[presentation, {   "renderer": "humanoid",   "model": "survivor",   "scale": 1.0,   "variant": "default" }]
10:35:46 info: BridgeServer[0] Entity state forwarded: 7dtd -> minecraft (update, 524e1209-5e93-4e0c-80eb-9aed64664243)
10:35:47 info: BridgeServer[0] Entity registry: updated, id=524e1209-5e93-4e0c-80eb-9aed64664243, count=1
10:35:47 info: BridgeServer[0] [Presentation] entity=524e1209-5e93-4e0c-80eb-9aed64664243 state=[presentation, {   "renderer": "humanoid",   "model": "survivor",   "scale": 1.0,   "variant": "default" }]
10:35:47 info: BridgeServer[0] Entity state forwarded: 7dtd -> minecraft (update, 524e1209-5e93-4e0c-80eb-9aed64664243)
10:35:47 info: BridgeServer[0] Entity registry: updated, id=524e1209-5e93-4e0c-80eb-9aed64664243, count=1
10:35:47 info: BridgeServer[0] [Presentation] entity=524e1209-5e93-4e0c-80eb-9aed64664243 state=[presentation, {   "renderer": "humanoid",   "model": "survivor",   "scale": 1.0,   "variant": "default" }]
10:35:47 info: BridgeServer[0] Entity state forwarded: 7dtd -> minecraft (update, 524e1209-5e93-4e0c-80eb-9aed64664243)
10:35:48 info: BridgeServer[0] Entity registry: updated, id=524e1209-5e93-4e0c-80eb-9aed64664243, count=1
10:35:48 info: BridgeServer[0] [Presentation] entity=524e1209-5e93-4e0c-80eb-9aed64664243 state=[presentation, {   "renderer": "humanoid",   "model": "survivor",   "scale": 1.0,   "variant": "default" }]
10:35:48 info: BridgeServer[0] Entity state forwarded: 7dtd -> minecraft (update, 524e1209-5e93-4e0c-80eb-9aed64664243)
10:35:48 info: BridgeServer[0] Entity registry: updated, id=524e1209-5e93-4e0c-80eb-9aed64664243, count=1
10:35:48 info: BridgeServer[0] [Presentation] entity=524e1209-5e93-4e0c-80eb-9aed64664243 state=[presentation, {   "renderer": "humanoid",   "model": "survivor",   "scale": 1.0,   "variant": "default" }]
10:35:48 info: BridgeServer[0] Entity state forwarded: 7dtd -> minecraft (update, 524e1209-5e93-4e0c-80eb-9aed64664243)
10:35:49 info: BridgeServer[0] Entity registry: updated, id=524e1209-5e93-4e0c-80eb-9aed64664243, count=1
10:35:49 info: BridgeServer[0] [Presentation] entity=524e1209-5e93-4e0c-80eb-9aed64664243 state=[presentation, {   "renderer": "humanoid",   "model": "survivor",   "scale": 1.0,   "variant": "default" }]
10:35:49 info: BridgeServer[0] Entity state forwarded: 7dtd -> minecraft (update, 524e1209-5e93-4e0c-80eb-9aed64664243)
10:35:49 info: BridgeServer[0] Entity registry: updated, id=524e1209-5e93-4e0c-80eb-9aed64664243, count=1
10:35:49 info: BridgeServer[0] [Presentation] entity=524e1209-5e93-4e0c-80eb-9aed64664243 state=[presentation, {   "renderer": "humanoid",   "model": "survivor",   "scale": 1.0,   "variant": "default" }]
10:35:49 info: BridgeServer[0] Entity state forwarded: 7dtd -> minecraft (update, 524e1209-5e93-4e0c-80eb-9aed64664243)
10:35:50 info: BridgeServer[0] Entity registry: updated, id=524e1209-5e93-4e0c-80eb-9aed64664243, count=1
10:35:50 info: BridgeServer[0] [Presentation] entity=524e1209-5e93-4e0c-80eb-9aed64664243 state=[presentation, {   "renderer": "humanoid",   "model": "survivor",   "scale": 1.0,   "variant": "default" }]
10:35:50 info: BridgeServer[0] Entity state forwarded: 7dtd -> minecraft (update, 524e1209-5e93-4e0c-80eb-9aed64664243)
10:35:50 info: BridgeServer[0] Entity registry: updated, id=524e1209-5e93-4e0c-80eb-9aed64664243, count=1
10:35:50 info: BridgeServer[0] [Presentation] entity=524e1209-5e93-4e0c-80eb-9aed64664243 state=[presentation, {   "renderer": "humanoid",   "model": "survivor",   "scale": 1.0,   "variant": "default" }]
10:35:50 info: BridgeServer[0] Entity state forwarded: 7dtd -> minecraft (update, 524e1209-5e93-4e0c-80eb-9aed64664243)
10:35:51 info: BridgeServer[0] Entity registry: updated, id=524e1209-5e93-4e0c-80eb-9aed64664243, count=1
10:35:51 info: BridgeServer[0] [Presentation] entity=524e1209-5e93-4e0c-80eb-9aed64664243 state=[presentation, {   "renderer": "humanoid",   "model": "survivor",   "scale": 1.0,   "variant": "default" }]
10:35:51 info: BridgeServer[0] Entity state forwarded: 7dtd -> minecraft (update, 524e1209-5e93-4e0c-80eb-9aed64664243)
10:35:51 info: BridgeServer[0] Entity registry: updated, id=524e1209-5e93-4e0c-80eb-9aed64664243, count=1
10:35:51 info: BridgeServer[0] [Presentation] entity=524e1209-5e93-4e0c-80eb-9aed64664243 state=[presentation, {   "renderer": "humanoid",   "model": "survivor",   "scale": 1.0,   "variant": "default" }]
10:35:51 info: BridgeServer[0] Entity state forwarded: 7dtd -> minecraft (update, 524e1209-5e93-4e0c-80eb-9aed64664243)
10:35:52 info: BridgeServer[0] Entity registry: updated, id=524e1209-5e93-4e0c-80eb-9aed64664243, count=1
10:35:52 info: BridgeServer[0] [Presentation] entity=524e1209-5e93-4e0c-80eb-9aed64664243 state=[presentation, {   "renderer": "humanoid",   "model": "survivor",   "scale": 1.0,   "variant": "default" }]
10:35:52 info: BridgeServer[0] Entity state forwarded: 7dtd -> minecraft (update, 524e1209-5e93-4e0c-80eb-9aed64664243)
10:35:52 info: BridgeServer[0] Entity registry: updated, id=524e1209-5e93-4e0c-80eb-9aed64664243, count=1
10:35:52 info: BridgeServer[0] [Presentation] entity=524e1209-5e93-4e0c-80eb-9aed64664243 state=[presentation, {   "renderer": "humanoid",   "model": "survivor",   "scale": 1.0,   "variant": "default" }]
10:35:52 info: BridgeServer[0] Entity state forwarded: 7dtd -> minecraft (update, 524e1209-5e93-4e0c-80eb-9aed64664243)
10:35:53 info: BridgeServer[0] Entity registry: updated, id=524e1209-5e93-4e0c-80eb-9aed64664243, count=1
10:35:53 info: BridgeServer[0] [Presentation] entity=524e1209-5e93-4e0c-80eb-9aed64664243 state=[presentation, {   "renderer": "humanoid",   "model": "survivor",   "scale": 1.0,   "variant": "default" }]
10:35:53 info: BridgeServer[0] Entity state forwarded: 7dtd -> minecraft (update, 524e1209-5e93-4e0c-80eb-9aed64664243)
10:35:53 info: BridgeServer[0] Entity registry: updated, id=524e1209-5e93-4e0c-80eb-9aed64664243, count=1
10:35:53 info: BridgeServer[0] [Presentation] entity=524e1209-5e93-4e0c-80eb-9aed64664243 state=[presentation, {   "renderer": "humanoid",   "model": "survivor",   "scale": 1.0,   "variant": "default" }]
10:35:53 info: BridgeServer[0] Entity state forwarded: 7dtd -> minecraft (update, 524e1209-5e93-4e0c-80eb-9aed64664243)
10:35:54 info: BridgeServer[0] Entity registry: updated, id=524e1209-5e93-4e0c-80eb-9aed64664243, count=1
10:35:54 info: BridgeServer[0] [Presentation] entity=524e1209-5e93-4e0c-80eb-9aed64664243 state=[presentation, {   "renderer": "humanoid",   "model": "survivor",   "scale": 1.0,   "variant": "default" }]
10:35:54 info: BridgeServer[0] Entity state forwarded: 7dtd -> minecraft (update, 524e1209-5e93-4e0c-80eb-9aed64664243)
10:35:54 info: BridgeServer[0] Entity registry: updated, id=524e1209-5e93-4e0c-80eb-9aed64664243, count=1
10:35:54 info: BridgeServer[0] [Presentation] entity=524e1209-5e93-4e0c-80eb-9aed64664243 state=[presentation, {   "renderer": "humanoid",   "model": "survivor",   "scale": 1.0,   "variant": "default" }]
10:35:54 info: BridgeServer[0] Entity state forwarded: 7dtd -> minecraft (update, 524e1209-5e93-4e0c-80eb-9aed64664243)
10:35:55 info: BridgeServer[0] Entity registry: updated, id=524e1209-5e93-4e0c-80eb-9aed64664243, count=1
10:35:55 info: BridgeServer[0] [Presentation] entity=524e1209-5e93-4e0c-80eb-9aed64664243 state=[presentation, {   "renderer": "humanoid",   "model": "survivor",   "scale": 1.0,   "variant": "default" }]
10:35:55 info: BridgeServer[0] Entity state forwarded: 7dtd -> minecraft (update, 524e1209-5e93-4e0c-80eb-9aed64664243)
10:35:55 info: BridgeServer[0] Entity registry: updated, id=524e1209-5e93-4e0c-80eb-9aed64664243, count=1
10:35:55 info: BridgeServer[0] [Presentation] entity=524e1209-5e93-4e0c-80eb-9aed64664243 state=[presentation, {   "renderer": "humanoid",   "model": "survivor",   "scale": 1.0,   "variant": "default" }]
10:35:55 info: BridgeServer[0] Entity state forwarded: 7dtd -> minecraft (update, 524e1209-5e93-4e0c-80eb-9aed64664243)
10:35:56 info: BridgeServer[0] Entity registry: updated, id=524e1209-5e93-4e0c-80eb-9aed64664243, count=1
10:35:56 info: BridgeServer[0] [Presentation] entity=524e1209-5e93-4e0c-80eb-9aed64664243 state=[presentation, {   "renderer": "humanoid",   "model": "survivor",   "scale": 1.0,   "variant": "default" }]
10:35:56 info: BridgeServer[0] Entity state forwarded: 7dtd -> minecraft (update, 524e1209-5e93-4e0c-80eb-9aed64664243)
10:35:56 info: BridgeServer[0] Entity registry: updated, id=524e1209-5e93-4e0c-80eb-9aed64664243, count=1
10:35:56 info: BridgeServer[0] [Presentation] entity=524e1209-5e93-4e0c-80eb-9aed64664243 state=[presentation, {   "renderer": "humanoid",   "model": "survivor",   "scale": 1.0,   "variant": "default" }]
10:35:56 info: BridgeServer[0] Entity state forwarded: 7dtd -> minecraft (update, 524e1209-5e93-4e0c-80eb-9aed64664243)
10:35:57 info: BridgeServer[0] Entity registry: updated, id=524e1209-5e93-4e0c-80eb-9aed64664243, count=1
10:35:57 info: BridgeServer[0] [Presentation] entity=524e1209-5e93-4e0c-80eb-9aed64664243 state=[presentation, {   "renderer": "humanoid",   "model": "survivor",   "scale": 1.0,   "variant": "default" }]
10:35:57 info: BridgeServer[0] Entity state forwarded: 7dtd -> minecraft (update, 524e1209-5e93-4e0c-80eb-9aed64664243)
10:35:57 info: BridgeServer[0] Entity registry: updated, id=524e1209-5e93-4e0c-80eb-9aed64664243, count=1
10:35:57 info: BridgeServer[0] [Presentation] entity=524e1209-5e93-4e0c-80eb-9aed64664243 state=[presentation, {   "renderer": "humanoid",   "model": "survivor",   "scale": 1.0,   "variant": "default" }]
10:35:57 info: BridgeServer[0] Entity state forwarded: 7dtd -> minecraft (update, 524e1209-5e93-4e0c-80eb-9aed64664243)
10:35:58 info: BridgeServer[0] Entity registry: updated, id=524e1209-5e93-4e0c-80eb-9aed64664243, count=1
10:35:58 info: BridgeServer[0] [Presentation] entity=524e1209-5e93-4e0c-80eb-9aed64664243 state=[presentation, {   "renderer": "humanoid",   "model": "survivor",   "scale": 1.0,   "variant": "default" }]
10:35:58 info: BridgeServer[0] Entity state forwarded: 7dtd -> minecraft (update, 524e1209-5e93-4e0c-80eb-9aed64664243)
10:35:58 info: BridgeServer[0] Entity registry: updated, id=524e1209-5e93-4e0c-80eb-9aed64664243, count=1
10:35:58 info: BridgeServer[0] [Presentation] entity=524e1209-5e93-4e0c-80eb-9aed64664243 state=[presentation, {   "renderer": "humanoid",   "model": "survivor",   "scale": 1.0,   "variant": "default" }]
10:35:58 info: BridgeServer[0] Entity state forwarded: 7dtd -> minecraft (update, 524e1209-5e93-4e0c-80eb-9aed64664243)
10:35:59 info: BridgeServer[0] Entity registry: updated, id=524e1209-5e93-4e0c-80eb-9aed64664243, count=1
10:35:59 info: BridgeServer[0] [Presentation] entity=524e1209-5e93-4e0c-80eb-9aed64664243 state=[presentation, {   "renderer": "humanoid",   "model": "survivor",   "scale": 1.0,   "variant": "default" }]
10:35:59 info: BridgeServer[0] Entity state forwarded: 7dtd -> minecraft (update, 524e1209-5e93-4e0c-80eb-9aed64664243)
10:35:59 info: BridgeServer[0] Entity registry: updated, id=524e1209-5e93-4e0c-80eb-9aed64664243, count=1
10:35:59 info: BridgeServer[0] [Presentation] entity=524e1209-5e93-4e0c-80eb-9aed64664243 state=[presentation, {   "renderer": "humanoid",   "model": "survivor",   "scale": 1.0,   "variant": "default" }]
10:35:59 info: BridgeServer[0] Entity state forwarded: 7dtd -> minecraft (update, 524e1209-5e93-4e0c-80eb-9aed64664243)
10:36:00 info: BridgeServer[0] Entity registry: updated, id=524e1209-5e93-4e0c-80eb-9aed64664243, count=1
10:36:00 info: BridgeServer[0] [Presentation] entity=524e1209-5e93-4e0c-80eb-9aed64664243 state=[presentation, {   "renderer": "humanoid",   "model": "survivor",   "scale": 1.0,   "variant": "default" }]
10:36:00 info: BridgeServer[0] Entity state forwarded: 7dtd -> minecraft (update, 524e1209-5e93-4e0c-80eb-9aed64664243)
10:36:00 info: BridgeServer[0] Entity registry: updated, id=524e1209-5e93-4e0c-80eb-9aed64664243, count=1
10:36:00 info: BridgeServer[0] [Presentation] entity=524e1209-5e93-4e0c-80eb-9aed64664243 state=[presentation, {   "renderer": "humanoid",   "model": "survivor",   "scale": 1.0,   "variant": "default" }]
10:36:00 info: BridgeServer[0] Entity state forwarded: 7dtd -> minecraft (update, 524e1209-5e93-4e0c-80eb-9aed64664243)
10:36:01 info: BridgeServer[0] Entity registry: updated, id=524e1209-5e93-4e0c-80eb-9aed64664243, count=1
10:36:01 info: BridgeServer[0] [Presentation] entity=524e1209-5e93-4e0c-80eb-9aed64664243 state=[presentation, {   "renderer": "humanoid",   "model": "survivor",   "scale": 1.0,   "variant": "default" }]
10:36:01 info: BridgeServer[0] Entity state forwarded: 7dtd -> minecraft (update, 524e1209-5e93-4e0c-80eb-9aed64664243)
10:36:01 info: BridgeServer[0] Entity registry: updated, id=524e1209-5e93-4e0c-80eb-9aed64664243, count=1
10:36:01 info: BridgeServer[0] [Presentation] entity=524e1209-5e93-4e0c-80eb-9aed64664243 state=[presentation, {   "renderer": "humanoid",   "model": "survivor",   "scale": 1.0,   "variant": "default" }]
10:36:01 info: BridgeServer[0] Entity state forwarded: 7dtd -> minecraft (update, 524e1209-5e93-4e0c-80eb-9aed64664243)
10:36:02 info: BridgeServer[0] Entity registry: updated, id=524e1209-5e93-4e0c-80eb-9aed64664243, count=1
10:36:02 info: BridgeServer[0] [Presentation] entity=524e1209-5e93-4e0c-80eb-9aed64664243 state=[presentation, {   "renderer": "humanoid",   "model": "survivor",   "scale": 1.0,   "variant": "default" }]
10:36:02 info: BridgeServer[0] Entity state forwarded: 7dtd -> minecraft (update, 524e1209-5e93-4e0c-80eb-9aed64664243)
10:36:02 info: BridgeServer[0] Entity registry: updated, id=524e1209-5e93-4e0c-80eb-9aed64664243, count=1
10:36:02 info: BridgeServer[0] [Presentation] entity=524e1209-5e93-4e0c-80eb-9aed64664243 state=[presentation, {   "renderer": "humanoid",   "model": "survivor",   "scale": 1.0,   "variant": "default" }]
10:36:02 info: BridgeServer[0] Entity state forwarded: 7dtd -> minecraft (update, 524e1209-5e93-4e0c-80eb-9aed64664243)
10:36:03 info: BridgeServer[0] Entity registry: updated, id=524e1209-5e93-4e0c-80eb-9aed64664243, count=1
10:36:03 info: BridgeServer[0] [Presentation] entity=524e1209-5e93-4e0c-80eb-9aed64664243 state=[presentation, {   "renderer": "humanoid",   "model": "survivor",   "scale": 1.0,   "variant": "default" }]
10:36:03 info: BridgeServer[0] Entity state forwarded: 7dtd -> minecraft (update, 524e1209-5e93-4e0c-80eb-9aed64664243)
10:36:03 info: BridgeServer[0] Entity registry: updated, id=524e1209-5e93-4e0c-80eb-9aed64664243, count=1
10:36:03 info: BridgeServer[0] [Presentation] entity=524e1209-5e93-4e0c-80eb-9aed64664243 state=[presentation, {   "renderer": "humanoid",   "model": "survivor",   "scale": 1.0,   "variant": "default" }]
10:36:03 info: BridgeServer[0] Entity state forwarded: 7dtd -> minecraft (update, 524e1209-5e93-4e0c-80eb-9aed64664243)
10:36:04 info: BridgeServer[0] Entity registry: updated, id=524e1209-5e93-4e0c-80eb-9aed64664243, count=1
10:36:04 info: BridgeServer[0] [Presentation] entity=524e1209-5e93-4e0c-80eb-9aed64664243 state=[presentation, {   "renderer": "humanoid",   "model": "survivor",   "scale": 1.0,   "variant": "default" }]
10:36:04 info: BridgeServer[0] Entity state forwarded: 7dtd -> minecraft (update, 524e1209-5e93-4e0c-80eb-9aed64664243)
10:36:04 info: BridgeServer[0] Entity registry: updated, id=524e1209-5e93-4e0c-80eb-9aed64664243, count=1
10:36:04 info: BridgeServer[0] [Presentation] entity=524e1209-5e93-4e0c-80eb-9aed64664243 state=[presentation, {   "renderer": "humanoid",   "model": "survivor",   "scale": 1.0,   "variant": "default" }]
10:36:04 info: BridgeServer[0] Entity state forwarded: 7dtd -> minecraft (update, 524e1209-5e93-4e0c-80eb-9aed64664243)
10:36:05 info: BridgeServer[0] Entity registry: updated, id=524e1209-5e93-4e0c-80eb-9aed64664243, count=1
10:36:05 info: BridgeServer[0] [Presentation] entity=524e1209-5e93-4e0c-80eb-9aed64664243 state=[presentation, {   "renderer": "humanoid",   "model": "survivor",   "scale": 1.0,   "variant": "default" }]
10:36:05 info: BridgeServer[0] Entity state forwarded: 7dtd -> minecraft (update, 524e1209-5e93-4e0c-80eb-9aed64664243)
10:36:05 info: BridgeServer[0] Entity registry: updated, id=524e1209-5e93-4e0c-80eb-9aed64664243, count=1
10:36:05 info: BridgeServer[0] [Presentation] entity=524e1209-5e93-4e0c-80eb-9aed64664243 state=[presentation, {   "renderer": "humanoid",   "model": "survivor",   "scale": 1.0,   "variant": "default" }]
10:36:05 info: BridgeServer[0] Entity state forwarded: 7dtd -> minecraft (update, 524e1209-5e93-4e0c-80eb-9aed64664243)
10:36:06 info: BridgeServer[0] Entity registry: updated, id=524e1209-5e93-4e0c-80eb-9aed64664243, count=1
10:36:06 info: BridgeServer[0] [Presentation] entity=524e1209-5e93-4e0c-80eb-9aed64664243 state=[presentation, {   "renderer": "humanoid",   "model": "survivor",   "scale": 1.0,   "variant": "default" }]
10:36:06 info: BridgeServer[0] Entity state forwarded: 7dtd -> minecraft (update, 524e1209-5e93-4e0c-80eb-9aed64664243)
10:36:06 info: BridgeServer[0] Entity registry: updated, id=524e1209-5e93-4e0c-80eb-9aed64664243, count=1
10:36:06 info: BridgeServer[0] [Presentation] entity=524e1209-5e93-4e0c-80eb-9aed64664243 state=[presentation, {   "renderer": "humanoid",   "model": "survivor",   "scale": 1.0,   "variant": "default" }]
10:36:06 info: BridgeServer[0] Entity state forwarded: 7dtd -> minecraft (update, 524e1209-5e93-4e0c-80eb-9aed64664243)
10:36:07 info: BridgeServer[0] Entity registry: updated, id=524e1209-5e93-4e0c-80eb-9aed64664243, count=1
10:36:07 info: BridgeServer[0] [Presentation] entity=524e1209-5e93-4e0c-80eb-9aed64664243 state=[presentation, {   "renderer": "humanoid",   "model": "survivor",   "scale": 1.0,   "variant": "default" }]
10:36:07 info: BridgeServer[0] Entity state forwarded: 7dtd -> minecraft (update, 524e1209-5e93-4e0c-80eb-9aed64664243)
10:36:07 info: BridgeServer[0] Entity registry: updated, id=524e1209-5e93-4e0c-80eb-9aed64664243, count=1
10:36:07 info: BridgeServer[0] [Presentation] entity=524e1209-5e93-4e0c-80eb-9aed64664243 state=[presentation, {   "renderer": "humanoid",   "model": "survivor",   "scale": 1.0,   "variant": "default" }]
10:36:07 info: BridgeServer[0] Entity state forwarded: 7dtd -> minecraft (update, 524e1209-5e93-4e0c-80eb-9aed64664243)
10:36:08 info: BridgeServer[0] Entity registry: updated, id=524e1209-5e93-4e0c-80eb-9aed64664243, count=1
10:36:08 info: BridgeServer[0] [Presentation] entity=524e1209-5e93-4e0c-80eb-9aed64664243 state=[presentation, {   "renderer": "humanoid",   "model": "survivor",   "scale": 1.0,   "variant": "default" }]
10:36:08 info: BridgeServer[0] Entity state forwarded: 7dtd -> minecraft (update, 524e1209-5e93-4e0c-80eb-9aed64664243)
10:36:08 info: BridgeServer[0] Entity registry: updated, id=524e1209-5e93-4e0c-80eb-9aed64664243, count=1
10:36:08 info: BridgeServer[0] [Presentation] entity=524e1209-5e93-4e0c-80eb-9aed64664243 state=[presentation, {   "renderer": "humanoid",   "model": "survivor",   "scale": 1.0,   "variant": "default" }]
10:36:08 info: BridgeServer[0] Entity state forwarded: 7dtd -> minecraft (update, 524e1209-5e93-4e0c-80eb-9aed64664243)
10:36:09 info: BridgeServer[0] Entity registry: updated, id=524e1209-5e93-4e0c-80eb-9aed64664243, count=1
10:36:09 info: BridgeServer[0] [Presentation] entity=524e1209-5e93-4e0c-80eb-9aed64664243 state=[presentation, {   "renderer": "humanoid",   "model": "survivor",   "scale": 1.0,   "variant": "default" }]
10:36:09 info: BridgeServer[0] Entity state forwarded: 7dtd -> minecraft (update, 524e1209-5e93-4e0c-80eb-9aed64664243)
10:36:09 info: BridgeServer[0] Entity registry: updated, id=524e1209-5e93-4e0c-80eb-9aed64664243, count=1
10:36:09 info: BridgeServer[0] [Presentation] entity=524e1209-5e93-4e0c-80eb-9aed64664243 state=[presentation, {   "renderer": "humanoid",   "model": "survivor",   "scale": 1.0,   "variant": "default" }]
10:36:09 info: BridgeServer[0] Entity state forwarded: 7dtd -> minecraft (update, 524e1209-5e93-4e0c-80eb-9aed64664243)
10:36:10 info: BridgeServer[0] Entity registry: updated, id=524e1209-5e93-4e0c-80eb-9aed64664243, count=1
10:36:10 info: BridgeServer[0] [Presentation] entity=524e1209-5e93-4e0c-80eb-9aed64664243 state=[presentation, {   "renderer": "humanoid",   "model": "survivor",   "scale": 1.0,   "variant": "default" }]
10:36:10 info: BridgeServer[0] Entity state forwarded: 7dtd -> minecraft (update, 524e1209-5e93-4e0c-80eb-9aed64664243)
10:36:10 info: BridgeServer[0] Entity registry: updated, id=524e1209-5e93-4e0c-80eb-9aed64664243, count=1
10:36:10 info: BridgeServer[0] [Presentation] entity=524e1209-5e93-4e0c-80eb-9aed64664243 state=[presentation, {   "renderer": "humanoid",   "model": "survivor",   "scale": 1.0,   "variant": "default" }]
10:36:10 info: BridgeServer[0] Entity state forwarded: 7dtd -> minecraft (update, 524e1209-5e93-4e0c-80eb-9aed64664243)
10:36:11 info: BridgeServer[0] Entity registry: updated, id=524e1209-5e93-4e0c-80eb-9aed64664243, count=1
10:36:11 info: BridgeServer[0] [Presentation] entity=524e1209-5e93-4e0c-80eb-9aed64664243 state=[presentation, {   "renderer": "humanoid",   "model": "survivor",   "scale": 1.0,   "variant": "default" }]
10:36:11 info: BridgeServer[0] Entity state forwarded: 7dtd -> minecraft (update, 524e1209-5e93-4e0c-80eb-9aed64664243)
10:36:11 info: BridgeServer[0] Entity registry: updated, id=524e1209-5e93-4e0c-80eb-9aed64664243, count=1
10:36:11 info: BridgeServer[0] [Presentation] entity=524e1209-5e93-4e0c-80eb-9aed64664243 state=[presentation, {   "renderer": "humanoid",   "model": "survivor",   "scale": 1.0,   "variant": "default" }]
10:36:11 info: BridgeServer[0] Entity state forwarded: 7dtd -> minecraft (update, 524e1209-5e93-4e0c-80eb-9aed64664243)
10:36:12 info: BridgeServer[0] Entity registry: updated, id=524e1209-5e93-4e0c-80eb-9aed64664243, count=1
10:36:12 info: BridgeServer[0] [Presentation] entity=524e1209-5e93-4e0c-80eb-9aed64664243 state=[presentation, {   "renderer": "humanoid",   "model": "survivor",   "scale": 1.0,   "variant": "default" }]
10:36:12 info: BridgeServer[0] Entity state forwarded: 7dtd -> minecraft (update, 524e1209-5e93-4e0c-80eb-9aed64664243)
10:36:12 info: BridgeServer[0] Entity registry: updated, id=524e1209-5e93-4e0c-80eb-9aed64664243, count=1
10:36:12 info: BridgeServer[0] [Presentation] entity=524e1209-5e93-4e0c-80eb-9aed64664243 state=[presentation, {   "renderer": "humanoid",   "model": "survivor",   "scale": 1.0,   "variant": "default" }]
10:36:12 info: BridgeServer[0] Entity state forwarded: 7dtd -> minecraft (update, 524e1209-5e93-4e0c-80eb-9aed64664243)
10:36:13 info: BridgeServer[0] Entity registry: updated, id=524e1209-5e93-4e0c-80eb-9aed64664243, count=1
10:36:13 info: BridgeServer[0] [Presentation] entity=524e1209-5e93-4e0c-80eb-9aed64664243 state=[presentation, {   "renderer": "humanoid",   "model": "survivor",   "scale": 1.0,   "variant": "default" }]
10:36:13 info: BridgeServer[0] Entity state forwarded: 7dtd -> minecraft (update, 524e1209-5e93-4e0c-80eb-9aed64664243)
10:36:13 info: BridgeServer[0] Entity registry: updated, id=524e1209-5e93-4e0c-80eb-9aed64664243, count=1
10:36:13 info: BridgeServer[0] [Presentation] entity=524e1209-5e93-4e0c-80eb-9aed64664243 state=[presentation, {   "renderer": "humanoid",   "model": "survivor",   "scale": 1.0,   "variant": "default" }]
10:36:13 info: BridgeServer[0] Entity state forwarded: 7dtd -> minecraft (update, 524e1209-5e93-4e0c-80eb-9aed64664243)
10:36:14 info: BridgeServer[0] Entity registry: updated, id=524e1209-5e93-4e0c-80eb-9aed64664243, count=1
10:36:14 info: BridgeServer[0] [Presentation] entity=524e1209-5e93-4e0c-80eb-9aed64664243 state=[presentation, {   "renderer": "humanoid",   "model": "survivor",   "scale": 1.0,   "variant": "default" }]
10:36:14 info: BridgeServer[0] Entity state forwarded: 7dtd -> minecraft (update, 524e1209-5e93-4e0c-80eb-9aed64664243)
10:36:14 info: BridgeServer[0] Entity registry: updated, id=524e1209-5e93-4e0c-80eb-9aed64664243, count=1
10:36:14 info: BridgeServer[0] [Presentation] entity=524e1209-5e93-4e0c-80eb-9aed64664243 state=[presentation, {   "renderer": "humanoid",   "model": "survivor",   "scale": 1.0,   "variant": "default" }]
10:36:14 info: BridgeServer[0] Entity state forwarded: 7dtd -> minecraft (update, 524e1209-5e93-4e0c-80eb-9aed64664243)
10:36:15 info: BridgeServer[0] Entity registry: updated, id=524e1209-5e93-4e0c-80eb-9aed64664243, count=1
10:36:15 info: BridgeServer[0] [Presentation] entity=524e1209-5e93-4e0c-80eb-9aed64664243 state=[presentation, {   "renderer": "humanoid",   "model": "survivor",   "scale": 1.0,   "variant": "default" }]
10:36:15 info: BridgeServer[0] Entity state forwarded: 7dtd -> minecraft (update, 524e1209-5e93-4e0c-80eb-9aed64664243)
10:36:15 info: BridgeServer[0] Entity registry: updated, id=524e1209-5e93-4e0c-80eb-9aed64664243, count=1
10:36:15 info: BridgeServer[0] [Presentation] entity=524e1209-5e93-4e0c-80eb-9aed64664243 state=[presentation, {   "renderer": "humanoid",   "model": "survivor",   "scale": 1.0,   "variant": "default" }]
10:36:15 info: BridgeServer[0] Entity state forwarded: 7dtd -> minecraft (update, 524e1209-5e93-4e0c-80eb-9aed64664243)
10:36:16 info: BridgeServer[0] Entity registry: updated, id=524e1209-5e93-4e0c-80eb-9aed64664243, count=1
10:36:16 info: BridgeServer[0] [Presentation] entity=524e1209-5e93-4e0c-80eb-9aed64664243 state=[presentation, {   "renderer": "humanoid",   "model": "survivor",   "scale": 1.0,   "variant": "default" }]
10:36:16 info: BridgeServer[0] Entity state forwarded: 7dtd -> minecraft (update, 524e1209-5e93-4e0c-80eb-9aed64664243)
10:36:16 info: BridgeServer[0] Entity registry: updated, id=524e1209-5e93-4e0c-80eb-9aed64664243, count=1
10:36:16 info: BridgeServer[0] [Presentation] entity=524e1209-5e93-4e0c-80eb-9aed64664243 state=[presentation, {   "renderer": "humanoid",   "model": "survivor",   "scale": 1.0,   "variant": "default" }]
10:36:16 info: BridgeServer[0] Entity state forwarded: 7dtd -> minecraft (update, 524e1209-5e93-4e0c-80eb-9aed64664243)
10:36:17 info: BridgeServer[0] Entity registry: updated, id=524e1209-5e93-4e0c-80eb-9aed64664243, count=1
10:36:17 info: BridgeServer[0] [Presentation] entity=524e1209-5e93-4e0c-80eb-9aed64664243 state=[presentation, {   "renderer": "humanoid",   "model": "survivor",   "scale": 1.0,   "variant": "default" }]
10:36:17 info: BridgeServer[0] Entity state forwarded: 7dtd -> minecraft (update, 524e1209-5e93-4e0c-80eb-9aed64664243)
10:36:17 info: BridgeServer[0] Entity registry: updated, id=524e1209-5e93-4e0c-80eb-9aed64664243, count=1
10:36:17 info: BridgeServer[0] [Presentation] entity=524e1209-5e93-4e0c-80eb-9aed64664243 state=[presentation, {   "renderer": "humanoid",   "model": "survivor",   "scale": 1.0,   "variant": "default" }]
10:36:17 info: BridgeServer[0] Entity state forwarded: 7dtd -> minecraft (update, 524e1209-5e93-4e0c-80eb-9aed64664243)
10:36:18 info: BridgeServer[0] Entity registry: updated, id=524e1209-5e93-4e0c-80eb-9aed64664243, count=1
10:36:18 info: BridgeServer[0] [Presentation] entity=524e1209-5e93-4e0c-80eb-9aed64664243 state=[presentation, {   "renderer": "humanoid",   "model": "survivor",   "scale": 1.0,   "variant": "default" }]
10:36:18 info: BridgeServer[0] Entity state forwarded: 7dtd -> minecraft (update, 524e1209-5e93-4e0c-80eb-9aed64664243)
10:36:18 info: BridgeServer[0] Entity registry: updated, id=524e1209-5e93-4e0c-80eb-9aed64664243, count=1
10:36:18 info: BridgeServer[0] [Presentation] entity=524e1209-5e93-4e0c-80eb-9aed64664243 state=[presentation, {   "renderer": "humanoid",   "model": "survivor",   "scale": 1.0,   "variant": "default" }]
10:36:18 info: BridgeServer[0] Entity state forwarded: 7dtd -> minecraft (update, 524e1209-5e93-4e0c-80eb-9aed64664243)
10:36:19 info: BridgeServer[0] Entity registry: updated, id=524e1209-5e93-4e0c-80eb-9aed64664243, count=1
10:36:19 info: BridgeServer[0] [Presentation] entity=524e1209-5e93-4e0c-80eb-9aed64664243 state=[presentation, {   "renderer": "humanoid",   "model": "survivor",   "scale": 1.0,   "variant": "default" }]
10:36:19 info: BridgeServer[0] Entity state forwarded: 7dtd -> minecraft (update, 524e1209-5e93-4e0c-80eb-9aed64664243)
10:36:19 info: BridgeServer[0] Entity registry: updated, id=524e1209-5e93-4e0c-80eb-9aed64664243, count=1
10:36:19 info: BridgeServer[0] [Presentation] entity=524e1209-5e93-4e0c-80eb-9aed64664243 state=[presentation, {   "renderer": "humanoid",   "model": "survivor",   "scale": 1.0,   "variant": "default" }]
10:36:19 info: BridgeServer[0] Entity state forwarded: 7dtd -> minecraft (update, 524e1209-5e93-4e0c-80eb-9aed64664243)
10:36:20 info: BridgeServer[0] Entity registry: updated, id=524e1209-5e93-4e0c-80eb-9aed64664243, count=1
10:36:20 info: BridgeServer[0] [Presentation] entity=524e1209-5e93-4e0c-80eb-9aed64664243 state=[presentation, {   "renderer": "humanoid",   "model": "survivor",   "scale": 1.0,   "variant": "default" }]
10:36:20 info: BridgeServer[0] Entity state forwarded: 7dtd -> minecraft (update, 524e1209-5e93-4e0c-80eb-9aed64664243)
10:36:20 info: BridgeServer[0] Entity registry: updated, id=524e1209-5e93-4e0c-80eb-9aed64664243, count=1
10:36:20 info: BridgeServer[0] [Presentation] entity=524e1209-5e93-4e0c-80eb-9aed64664243 state=[presentation, {   "renderer": "humanoid",   "model": "survivor",   "scale": 1.0,   "variant": "default" }]
10:36:20 info: BridgeServer[0] Entity state forwarded: 7dtd -> minecraft (update, 524e1209-5e93-4e0c-80eb-9aed64664243)
10:36:21 info: BridgeServer[0] Entity registry: updated, id=524e1209-5e93-4e0c-80eb-9aed64664243, count=1
10:36:21 info: BridgeServer[0] [Presentation] entity=524e1209-5e93-4e0c-80eb-9aed64664243 state=[presentation, {   "renderer": "humanoid",   "model": "survivor",   "scale": 1.0,   "variant": "default" }]
10:36:21 info: BridgeServer[0] Entity state forwarded: 7dtd -> minecraft (update, 524e1209-5e93-4e0c-80eb-9aed64664243)
10:36:21 info: BridgeServer[0] Entity registry: updated, id=524e1209-5e93-4e0c-80eb-9aed64664243, count=1
10:36:21 info: BridgeServer[0] [Presentation] entity=524e1209-5e93-4e0c-80eb-9aed64664243 state=[presentation, {   "renderer": "humanoid",   "model": "survivor",   "scale": 1.0,   "variant": "default" }]
10:36:21 info: BridgeServer[0] Entity state forwarded: 7dtd -> minecraft (update, 524e1209-5e93-4e0c-80eb-9aed64664243)
10:36:22 info: BridgeServer[0] Entity registry: updated, id=524e1209-5e93-4e0c-80eb-9aed64664243, count=1
10:36:22 info: BridgeServer[0] [Presentation] entity=524e1209-5e93-4e0c-80eb-9aed64664243 state=[presentation, {   "renderer": "humanoid",   "model": "survivor",   "scale": 1.0,   "variant": "default" }]
10:36:22 info: BridgeServer[0] Entity state forwarded: 7dtd -> minecraft (update, 524e1209-5e93-4e0c-80eb-9aed64664243)
10:36:23 info: BridgeServer[0] Entity registry: updated, id=524e1209-5e93-4e0c-80eb-9aed64664243, count=1
10:36:23 info: BridgeServer[0] [Presentation] entity=524e1209-5e93-4e0c-80eb-9aed64664243 state=[presentation, {   "renderer": "humanoid",   "model": "survivor",   "scale": 1.0,   "variant": "default" }]
10:36:23 info: BridgeServer[0] Entity state forwarded: 7dtd -> minecraft (update, 524e1209-5e93-4e0c-80eb-9aed64664243)
10:36:23 info: BridgeServer[0] Entity registry: updated, id=524e1209-5e93-4e0c-80eb-9aed64664243, count=1
10:36:23 info: BridgeServer[0] [Presentation] entity=524e1209-5e93-4e0c-80eb-9aed64664243 state=[presentation, {   "renderer": "humanoid",   "model": "survivor",   "scale": 1.0,   "variant": "default" }]
10:36:23 info: BridgeServer[0] Entity state forwarded: 7dtd -> minecraft (update, 524e1209-5e93-4e0c-80eb-9aed64664243)
10:36:24 info: BridgeServer[0] Entity registry: updated, id=524e1209-5e93-4e0c-80eb-9aed64664243, count=1
10:36:24 info: BridgeServer[0] [Presentation] entity=524e1209-5e93-4e0c-80eb-9aed64664243 state=[presentation, {   "renderer": "humanoid",   "model": "survivor",   "scale": 1.0,   "variant": "default" }]
10:36:24 info: BridgeServer[0] Entity state forwarded: 7dtd -> minecraft (update, 524e1209-5e93-4e0c-80eb-9aed64664243)
10:36:24 info: BridgeServer[0] Entity registry: updated, id=524e1209-5e93-4e0c-80eb-9aed64664243, count=1
10:36:24 info: BridgeServer[0] [Presentation] entity=524e1209-5e93-4e0c-80eb-9aed64664243 state=[presentation, {   "renderer": "humanoid",   "model": "survivor",   "scale": 1.0,   "variant": "default" }]
10:36:24 info: BridgeServer[0] Entity state forwarded: 7dtd -> minecraft (update, 524e1209-5e93-4e0c-80eb-9aed64664243)
10:36:25 info: BridgeServer[0] Entity registry: updated, id=524e1209-5e93-4e0c-80eb-9aed64664243, count=1
10:36:25 info: BridgeServer[0] [Presentation] entity=524e1209-5e93-4e0c-80eb-9aed64664243 state=[presentation, {   "renderer": "humanoid",   "model": "survivor",   "scale": 1.0,   "variant": "default" }]
10:36:25 info: BridgeServer[0] Entity state forwarded: 7dtd -> minecraft (update, 524e1209-5e93-4e0c-80eb-9aed64664243)
10:36:25 info: BridgeServer[0] Entity registry: updated, id=524e1209-5e93-4e0c-80eb-9aed64664243, count=1
10:36:25 info: BridgeServer[0] [Presentation] entity=524e1209-5e93-4e0c-80eb-9aed64664243 state=[presentation, {   "renderer": "humanoid",   "model": "survivor",   "scale": 1.0,   "variant": "default" }]
10:36:25 info: BridgeServer[0] Entity state forwarded: 7dtd -> minecraft (update, 524e1209-5e93-4e0c-80eb-9aed64664243)
10:36:26 info: BridgeServer[0] Entity registry: updated, id=524e1209-5e93-4e0c-80eb-9aed64664243, count=1
10:36:26 info: BridgeServer[0] [Presentation] entity=524e1209-5e93-4e0c-80eb-9aed64664243 state=[presentation, {   "renderer": "humanoid",   "model": "survivor",   "scale": 1.0,   "variant": "default" }]
10:36:26 info: BridgeServer[0] Entity state forwarded: 7dtd -> minecraft (update, 524e1209-5e93-4e0c-80eb-9aed64664243)
10:36:26 info: BridgeServer[0] Entity registry: updated, id=524e1209-5e93-4e0c-80eb-9aed64664243, count=1
10:36:26 info: BridgeServer[0] [Presentation] entity=524e1209-5e93-4e0c-80eb-9aed64664243 state=[presentation, {   "renderer": "humanoid",   "model": "survivor",   "scale": 1.0,   "variant": "default" }]
10:36:26 info: BridgeServer[0] Entity state forwarded: 7dtd -> minecraft (update, 524e1209-5e93-4e0c-80eb-9aed64664243)
10:36:27 info: BridgeServer[0] Entity registry: updated, id=524e1209-5e93-4e0c-80eb-9aed64664243, count=1
10:36:27 info: BridgeServer[0] [Presentation] entity=524e1209-5e93-4e0c-80eb-9aed64664243 state=[presentation, {   "renderer": "humanoid",   "model": "survivor",   "scale": 1.0,   "variant": "default" }]
10:36:27 info: BridgeServer[0] Entity state forwarded: 7dtd -> minecraft (update, 524e1209-5e93-4e0c-80eb-9aed64664243)
10:36:27 info: BridgeServer[0] Entity registry: updated, id=524e1209-5e93-4e0c-80eb-9aed64664243, count=1
10:36:27 info: BridgeServer[0] [Presentation] entity=524e1209-5e93-4e0c-80eb-9aed64664243 state=[presentation, {   "renderer": "humanoid",   "model": "survivor",   "scale": 1.0,   "variant": "default" }]
10:36:27 info: BridgeServer[0] Entity state forwarded: 7dtd -> minecraft (update, 524e1209-5e93-4e0c-80eb-9aed64664243)
10:36:28 info: BridgeServer[0] Entity registry: updated, id=524e1209-5e93-4e0c-80eb-9aed64664243, count=1
10:36:28 info: BridgeServer[0] [Presentation] entity=524e1209-5e93-4e0c-80eb-9aed64664243 state=[presentation, {   "renderer": "humanoid",   "model": "survivor",   "scale": 1.0,   "variant": "default" }]
10:36:28 info: BridgeServer[0] Entity state forwarded: 7dtd -> minecraft (update, 524e1209-5e93-4e0c-80eb-9aed64664243)
10:36:28 info: BridgeServer[0] Entity registry: updated, id=524e1209-5e93-4e0c-80eb-9aed64664243, count=1
10:36:28 info: BridgeServer[0] [Presentation] entity=524e1209-5e93-4e0c-80eb-9aed64664243 state=[presentation, {   "renderer": "humanoid",   "model": "survivor",   "scale": 1.0,   "variant": "default" }]
10:36:28 info: BridgeServer[0] Entity state forwarded: 7dtd -> minecraft (update, 524e1209-5e93-4e0c-80eb-9aed64664243)
10:36:29 info: BridgeServer[0] Entity registry: updated, id=524e1209-5e93-4e0c-80eb-9aed64664243, count=1
10:36:29 info: BridgeServer[0] [Presentation] entity=524e1209-5e93-4e0c-80eb-9aed64664243 state=[presentation, {   "renderer": "humanoid",   "model": "survivor",   "scale": 1.0,   "variant": "default" }]
10:36:29 info: BridgeServer[0] Entity state forwarded: 7dtd -> minecraft (update, 524e1209-5e93-4e0c-80eb-9aed64664243)
10:36:29 info: BridgeServer[0] Entity registry: updated, id=524e1209-5e93-4e0c-80eb-9aed64664243, count=1
10:36:29 info: BridgeServer[0] [Presentation] entity=524e1209-5e93-4e0c-80eb-9aed64664243 state=[presentation, {   "renderer": "humanoid",   "model": "survivor",   "scale": 1.0,   "variant": "default" }]
10:36:29 info: BridgeServer[0] Entity state forwarded: 7dtd -> minecraft (update, 524e1209-5e93-4e0c-80eb-9aed64664243)
10:36:30 info: BridgeServer[0] Entity registry: updated, id=524e1209-5e93-4e0c-80eb-9aed64664243, count=1
10:36:30 info: BridgeServer[0] [Presentation] entity=524e1209-5e93-4e0c-80eb-9aed64664243 state=[presentation, {   "renderer": "humanoid",   "model": "survivor",   "scale": 1.0,   "variant": "default" }]
10:36:30 info: BridgeServer[0] Entity state forwarded: 7dtd -> minecraft (update, 524e1209-5e93-4e0c-80eb-9aed64664243)
10:36:30 info: BridgeServer[0] Entity registry: updated, id=524e1209-5e93-4e0c-80eb-9aed64664243, count=1
10:36:30 info: BridgeServer[0] [Presentation] entity=524e1209-5e93-4e0c-80eb-9aed64664243 state=[presentation, {   "renderer": "humanoid",   "model": "survivor",   "scale": 1.0,   "variant": "default" }]
10:36:30 info: BridgeServer[0] Entity state forwarded: 7dtd -> minecraft (update, 524e1209-5e93-4e0c-80eb-9aed64664243)
10:36:31 info: BridgeServer[0] Entity registry: updated, id=524e1209-5e93-4e0c-80eb-9aed64664243, count=1
10:36:31 info: BridgeServer[0] [Presentation] entity=524e1209-5e93-4e0c-80eb-9aed64664243 state=[presentation, {   "renderer": "humanoid",   "model": "survivor",   "scale": 1.0,   "variant": "default" }]
10:36:31 info: BridgeServer[0] Entity state forwarded: 7dtd -> minecraft (update, 524e1209-5e93-4e0c-80eb-9aed64664243)
10:36:31 info: BridgeServer[0] Entity registry: updated, id=524e1209-5e93-4e0c-80eb-9aed64664243, count=1
10:36:31 info: BridgeServer[0] [Presentation] entity=524e1209-5e93-4e0c-80eb-9aed64664243 state=[presentation, {   "renderer": "humanoid",   "model": "survivor",   "scale": 1.0,   "variant": "default" }]
10:36:31 info: BridgeServer[0] Entity state forwarded: 7dtd -> minecraft (update, 524e1209-5e93-4e0c-80eb-9aed64664243)
10:36:32 info: BridgeServer[0] Entity registry: updated, id=524e1209-5e93-4e0c-80eb-9aed64664243, count=1
10:36:32 info: BridgeServer[0] [Presentation] entity=524e1209-5e93-4e0c-80eb-9aed64664243 state=[presentation, {   "renderer": "humanoid",   "model": "survivor",   "scale": 1.0,   "variant": "default" }]
10:36:32 info: BridgeServer[0] Entity state forwarded: 7dtd -> minecraft (update, 524e1209-5e93-4e0c-80eb-9aed64664243)
10:36:32 info: BridgeServer[0] Entity registry: updated, id=524e1209-5e93-4e0c-80eb-9aed64664243, count=1
10:36:32 info: BridgeServer[0] [Presentation] entity=524e1209-5e93-4e0c-80eb-9aed64664243 state=[presentation, {   "renderer": "humanoid",   "model": "survivor",   "scale": 1.0,   "variant": "default" }]
10:36:32 info: BridgeServer[0] Entity state forwarded: 7dtd -> minecraft (update, 524e1209-5e93-4e0c-80eb-9aed64664243)
10:36:33 info: BridgeServer[0] Entity registry: updated, id=524e1209-5e93-4e0c-80eb-9aed64664243, count=1
10:36:33 info: BridgeServer[0] [Presentation] entity=524e1209-5e93-4e0c-80eb-9aed64664243 state=[presentation, {   "renderer": "humanoid",   "model": "survivor",   "scale": 1.0,   "variant": "default" }]
10:36:33 info: BridgeServer[0] Entity state forwarded: 7dtd -> minecraft (update, 524e1209-5e93-4e0c-80eb-9aed64664243)
10:36:33 info: BridgeServer[0] Entity registry: updated, id=524e1209-5e93-4e0c-80eb-9aed64664243, count=1
10:36:33 info: BridgeServer[0] [Presentation] entity=524e1209-5e93-4e0c-80eb-9aed64664243 state=[presentation, {   "renderer": "humanoid",   "model": "survivor",   "scale": 1.0,   "variant": "default" }]
10:36:33 info: BridgeServer[0] Entity state forwarded: 7dtd -> minecraft (update, 524e1209-5e93-4e0c-80eb-9aed64664243)
10:36:34 info: BridgeServer[0] Entity registry: updated, id=524e1209-5e93-4e0c-80eb-9aed64664243, count=1
10:36:34 info: BridgeServer[0] [Presentation] entity=524e1209-5e93-4e0c-80eb-9aed64664243 state=[presentation, {   "renderer": "humanoid",   "model": "survivor",   "scale": 1.0,   "variant": "default" }]
10:36:34 info: BridgeServer[0] Entity state forwarded: 7dtd -> minecraft (update, 524e1209-5e93-4e0c-80eb-9aed64664243)
10:36:34 info: BridgeServer[0] Entity registry: updated, id=524e1209-5e93-4e0c-80eb-9aed64664243, count=1
10:36:34 info: BridgeServer[0] [Presentation] entity=524e1209-5e93-4e0c-80eb-9aed64664243 state=[presentation, {   "renderer": "humanoid",   "model": "survivor",   "scale": 1.0,   "variant": "default" }]
10:36:34 info: BridgeServer[0] Entity state forwarded: 7dtd -> minecraft (update, 524e1209-5e93-4e0c-80eb-9aed64664243)
10:36:35 info: BridgeServer[0] Entity registry: updated, id=524e1209-5e93-4e0c-80eb-9aed64664243, count=1
10:36:35 info: BridgeServer[0] [Presentation] entity=524e1209-5e93-4e0c-80eb-9aed64664243 state=[presentation, {   "renderer": "humanoid",   "model": "survivor",   "scale": 1.0,   "variant": "default" }]
10:36:35 info: BridgeServer[0] Entity state forwarded: 7dtd -> minecraft (update, 524e1209-5e93-4e0c-80eb-9aed64664243)
10:36:35 info: BridgeServer[0] Entity registry: updated, id=524e1209-5e93-4e0c-80eb-9aed64664243, count=1
10:36:35 info: BridgeServer[0] [Presentation] entity=524e1209-5e93-4e0c-80eb-9aed64664243 state=[presentation, {   "renderer": "humanoid",   "model": "survivor",   "scale": 1.0,   "variant": "default" }]
10:36:35 info: BridgeServer[0] Entity state forwarded: 7dtd -> minecraft (update, 524e1209-5e93-4e0c-80eb-9aed64664243)
10:36:36 info: BridgeServer[0] Entity registry: updated, id=524e1209-5e93-4e0c-80eb-9aed64664243, count=1
10:36:36 info: BridgeServer[0] [Presentation] entity=524e1209-5e93-4e0c-80eb-9aed64664243 state=[presentation, {   "renderer": "humanoid",   "model": "survivor",   "scale": 1.0,   "variant": "default" }]
10:36:36 info: BridgeServer[0] Entity state forwarded: 7dtd -> minecraft (update, 524e1209-5e93-4e0c-80eb-9aed64664243)
10:36:36 info: BridgeServer[0] Entity registry: updated, id=524e1209-5e93-4e0c-80eb-9aed64664243, count=1
10:36:36 info: BridgeServer[0] [Presentation] entity=524e1209-5e93-4e0c-80eb-9aed64664243 state=[presentation, {   "renderer": "humanoid",   "model": "survivor",   "scale": 1.0,   "variant": "default" }]
10:36:36 info: BridgeServer[0] Entity state forwarded: 7dtd -> minecraft (update, 524e1209-5e93-4e0c-80eb-9aed64664243)
10:36:37 info: BridgeServer[0] Entity registry: updated, id=524e1209-5e93-4e0c-80eb-9aed64664243, count=1
10:36:37 info: BridgeServer[0] [Presentation] entity=524e1209-5e93-4e0c-80eb-9aed64664243 state=[presentation, {   "renderer": "humanoid",   "model": "survivor",   "scale": 1.0,   "variant": "default" }]
10:36:37 info: BridgeServer[0] Entity state forwarded: 7dtd -> minecraft (update, 524e1209-5e93-4e0c-80eb-9aed64664243)
10:36:37 info: BridgeServer[0] Entity registry: updated, id=524e1209-5e93-4e0c-80eb-9aed64664243, count=1
10:36:37 info: BridgeServer[0] [Presentation] entity=524e1209-5e93-4e0c-80eb-9aed64664243 state=[presentation, {   "renderer": "humanoid",   "model": "survivor",   "scale": 1.0,   "variant": "default" }]
10:36:37 info: BridgeServer[0] Entity state forwarded: 7dtd -> minecraft (update, 524e1209-5e93-4e0c-80eb-9aed64664243)
10:36:38 info: BridgeServer[0] Entity registry: updated, id=524e1209-5e93-4e0c-80eb-9aed64664243, count=1
10:36:38 info: BridgeServer[0] [Presentation] entity=524e1209-5e93-4e0c-80eb-9aed64664243 state=[presentation, {   "renderer": "humanoid",   "model": "survivor",   "scale": 1.0,   "variant": "default" }]
10:36:38 info: BridgeServer[0] Entity state forwarded: 7dtd -> minecraft (update, 524e1209-5e93-4e0c-80eb-9aed64664243)
10:36:38 info: BridgeServer[0] Entity registry: updated, id=524e1209-5e93-4e0c-80eb-9aed64664243, count=1
10:36:38 info: BridgeServer[0] [Presentation] entity=524e1209-5e93-4e0c-80eb-9aed64664243 state=[presentation, {   "renderer": "humanoid",   "model": "survivor",   "scale": 1.0,   "variant": "default" }]
10:36:38 info: BridgeServer[0] Entity state forwarded: 7dtd -> minecraft (update, 524e1209-5e93-4e0c-80eb-9aed64664243)
10:36:39 info: BridgeServer[0] Entity registry: updated, id=524e1209-5e93-4e0c-80eb-9aed64664243, count=1
10:36:39 info: BridgeServer[0] [Presentation] entity=524e1209-5e93-4e0c-80eb-9aed64664243 state=[presentation, {   "renderer": "humanoid",   "model": "survivor",   "scale": 1.0,   "variant": "default" }]
10:36:39 info: BridgeServer[0] Entity state forwarded: 7dtd -> minecraft (update, 524e1209-5e93-4e0c-80eb-9aed64664243)
10:36:39 info: BridgeServer[0] Entity registry: updated, id=524e1209-5e93-4e0c-80eb-9aed64664243, count=1
10:36:39 info: BridgeServer[0] [Presentation] entity=524e1209-5e93-4e0c-80eb-9aed64664243 state=[presentation, {   "renderer": "humanoid",   "model": "survivor",   "scale": 1.0,   "variant": "default" }]
10:36:39 info: BridgeServer[0] Entity state forwarded: 7dtd -> minecraft (update, 524e1209-5e93-4e0c-80eb-9aed64664243)
10:36:40 info: BridgeServer[0] Entity registry: updated, id=524e1209-5e93-4e0c-80eb-9aed64664243, count=1
10:36:40 info: BridgeServer[0] [Presentation] entity=524e1209-5e93-4e0c-80eb-9aed64664243 state=[presentation, {   "renderer": "humanoid",   "model": "survivor",   "scale": 1.0,   "variant": "default" }]
10:36:40 info: BridgeServer[0] Entity state forwarded: 7dtd -> minecraft (update, 524e1209-5e93-4e0c-80eb-9aed64664243)
10:36:40 info: BridgeServer[0] Entity registry: updated, id=524e1209-5e93-4e0c-80eb-9aed64664243, count=1
10:36:40 info: BridgeServer[0] [Presentation] entity=524e1209-5e93-4e0c-80eb-9aed64664243 state=[presentation, {   "renderer": "humanoid",   "model": "survivor",   "scale": 1.0,   "variant": "default" }]
10:36:40 info: BridgeServer[0] Entity state forwarded: 7dtd -> minecraft (update, 524e1209-5e93-4e0c-80eb-9aed64664243)
10:36:41 info: BridgeServer[0] Entity registry: updated, id=524e1209-5e93-4e0c-80eb-9aed64664243, count=1
10:36:41 info: BridgeServer[0] [Presentation] entity=524e1209-5e93-4e0c-80eb-9aed64664243 state=[presentation, {   "renderer": "humanoid",   "model": "survivor",   "scale": 1.0,   "variant": "default" }]
10:36:41 info: BridgeServer[0] Entity state forwarded: 7dtd -> minecraft (update, 524e1209-5e93-4e0c-80eb-9aed64664243)
10:36:41 info: BridgeServer[0] Entity registry: updated, id=524e1209-5e93-4e0c-80eb-9aed64664243, count=1
10:36:41 info: BridgeServer[0] [Presentation] entity=524e1209-5e93-4e0c-80eb-9aed64664243 state=[presentation, {   "renderer": "humanoid",   "model": "survivor",   "scale": 1.0,   "variant": "default" }]
10:36:41 info: BridgeServer[0] Entity state forwarded: 7dtd -> minecraft (update, 524e1209-5e93-4e0c-80eb-9aed64664243)
10:36:42 info: BridgeServer[0] Entity registry: updated, id=524e1209-5e93-4e0c-80eb-9aed64664243, count=1
10:36:42 info: BridgeServer[0] [Presentation] entity=524e1209-5e93-4e0c-80eb-9aed64664243 state=[presentation, {   "renderer": "humanoid",   "model": "survivor",   "scale": 1.0,   "variant": "default" }]
10:36:42 info: BridgeServer[0] Entity state forwarded: 7dtd -> minecraft (update, 524e1209-5e93-4e0c-80eb-9aed64664243)
10:36:42 info: BridgeServer[0] Entity registry: updated, id=524e1209-5e93-4e0c-80eb-9aed64664243, count=1
10:36:42 info: BridgeServer[0] [Presentation] entity=524e1209-5e93-4e0c-80eb-9aed64664243 state=[presentation, {   "renderer": "humanoid",   "model": "survivor",   "scale": 1.0,   "variant": "default" }]
10:36:42 info: BridgeServer[0] Entity state forwarded: 7dtd -> minecraft (update, 524e1209-5e93-4e0c-80eb-9aed64664243)
10:36:43 info: BridgeServer[0] Entity registry: updated, id=524e1209-5e93-4e0c-80eb-9aed64664243, count=1
10:36:43 info: BridgeServer[0] [Presentation] entity=524e1209-5e93-4e0c-80eb-9aed64664243 state=[presentation, {   "renderer": "humanoid",   "model": "survivor",   "scale": 1.0,   "variant": "default" }]
10:36:43 info: BridgeServer[0] Entity state forwarded: 7dtd -> minecraft (update, 524e1209-5e93-4e0c-80eb-9aed64664243)
10:36:43 info: BridgeServer[0] Entity registry: updated, id=524e1209-5e93-4e0c-80eb-9aed64664243, count=1
10:36:43 info: BridgeServer[0] [Presentation] entity=524e1209-5e93-4e0c-80eb-9aed64664243 state=[presentation, {   "renderer": "humanoid",   "model": "survivor",   "scale": 1.0,   "variant": "default" }]
10:36:43 info: BridgeServer[0] Entity state forwarded: 7dtd -> minecraft (update, 524e1209-5e93-4e0c-80eb-9aed64664243)
10:36:44 info: BridgeServer[0] Entity registry: updated, id=524e1209-5e93-4e0c-80eb-9aed64664243, count=1
10:36:44 info: BridgeServer[0] [Presentation] entity=524e1209-5e93-4e0c-80eb-9aed64664243 state=[presentation, {   "renderer": "humanoid",   "model": "survivor",   "scale": 1.0,   "variant": "default" }]
10:36:44 info: BridgeServer[0] Entity state forwarded: 7dtd -> minecraft (update, 524e1209-5e93-4e0c-80eb-9aed64664243)
10:36:44 info: BridgeServer[0] Entity registry: updated, id=524e1209-5e93-4e0c-80eb-9aed64664243, count=1
10:36:44 info: BridgeServer[0] [Presentation] entity=524e1209-5e93-4e0c-80eb-9aed64664243 state=[presentation, {   "renderer": "humanoid",   "model": "survivor",   "scale": 1.0,   "variant": "default" }]
10:36:44 info: BridgeServer[0] Entity state forwarded: 7dtd -> minecraft (update, 524e1209-5e93-4e0c-80eb-9aed64664243)
10:36:45 info: BridgeServer[0] Entity registry: updated, id=524e1209-5e93-4e0c-80eb-9aed64664243, count=1
10:36:45 info: BridgeServer[0] [Presentation] entity=524e1209-5e93-4e0c-80eb-9aed64664243 state=[presentation, {   "renderer": "humanoid",   "model": "survivor",   "scale": 1.0,   "variant": "default" }]
10:36:45 info: BridgeServer[0] Entity state forwarded: 7dtd -> minecraft (update, 524e1209-5e93-4e0c-80eb-9aed64664243)
10:36:45 info: BridgeServer[0] Entity registry: updated, id=524e1209-5e93-4e0c-80eb-9aed64664243, count=1
10:36:45 info: BridgeServer[0] [Presentation] entity=524e1209-5e93-4e0c-80eb-9aed64664243 state=[presentation, {   "renderer": "humanoid",   "model": "survivor",   "scale": 1.0,   "variant": "default" }]
10:36:45 info: BridgeServer[0] Entity state forwarded: 7dtd -> minecraft (update, 524e1209-5e93-4e0c-80eb-9aed64664243)
10:36:46 info: BridgeServer[0] Entity registry: updated, id=524e1209-5e93-4e0c-80eb-9aed64664243, count=1
10:36:46 info: BridgeServer[0] [Presentation] entity=524e1209-5e93-4e0c-80eb-9aed64664243 state=[presentation, {   "renderer": "humanoid",   "model": "survivor",   "scale": 1.0,   "variant": "default" }]
10:36:46 info: BridgeServer[0] Entity state forwarded: 7dtd -> minecraft (update, 524e1209-5e93-4e0c-80eb-9aed64664243)
10:36:46 info: BridgeServer[0] Entity registry: updated, id=524e1209-5e93-4e0c-80eb-9aed64664243, count=1
10:36:46 info: BridgeServer[0] [Presentation] entity=524e1209-5e93-4e0c-80eb-9aed64664243 state=[presentation, {   "renderer": "humanoid",   "model": "survivor",   "scale": 1.0,   "variant": "default" }]
10:36:46 info: BridgeServer[0] Entity state forwarded: 7dtd -> minecraft (update, 524e1209-5e93-4e0c-80eb-9aed64664243)
10:36:47 info: BridgeServer[0] Entity registry: updated, id=524e1209-5e93-4e0c-80eb-9aed64664243, count=1
10:36:47 info: BridgeServer[0] [Presentation] entity=524e1209-5e93-4e0c-80eb-9aed64664243 state=[presentation, {   "renderer": "humanoid",   "model": "survivor",   "scale": 1.0,   "variant": "default" }]
10:36:47 info: BridgeServer[0] Entity state forwarded: 7dtd -> minecraft (update, 524e1209-5e93-4e0c-80eb-9aed64664243)
10:36:47 info: BridgeServer[0] Entity registry: updated, id=524e1209-5e93-4e0c-80eb-9aed64664243, count=1
10:36:47 info: BridgeServer[0] [Presentation] entity=524e1209-5e93-4e0c-80eb-9aed64664243 state=[presentation, {   "renderer": "humanoid",   "model": "survivor",   "scale": 1.0,   "variant": "default" }]
10:36:47 info: BridgeServer[0] Entity state forwarded: 7dtd -> minecraft (update, 524e1209-5e93-4e0c-80eb-9aed64664243)
10:36:48 info: BridgeServer[0] Entity registry: updated, id=524e1209-5e93-4e0c-80eb-9aed64664243, count=1
10:36:48 info: BridgeServer[0] [Presentation] entity=524e1209-5e93-4e0c-80eb-9aed64664243 state=[presentation, {   "renderer": "humanoid",   "model": "survivor",   "scale": 1.0,   "variant": "default" }]
10:36:48 info: BridgeServer[0] Entity state forwarded: 7dtd -> minecraft (update, 524e1209-5e93-4e0c-80eb-9aed64664243)
10:36:48 info: BridgeServer[0] Entity registry: updated, id=524e1209-5e93-4e0c-80eb-9aed64664243, count=1
10:36:48 info: BridgeServer[0] [Presentation] entity=524e1209-5e93-4e0c-80eb-9aed64664243 state=[presentation, {   "renderer": "humanoid",   "model": "survivor",   "scale": 1.0,   "variant": "default" }]
10:36:48 info: BridgeServer[0] Entity state forwarded: 7dtd -> minecraft (update, 524e1209-5e93-4e0c-80eb-9aed64664243)
10:36:49 info: BridgeServer[0] Entity registry: updated, id=524e1209-5e93-4e0c-80eb-9aed64664243, count=1
10:36:49 info: BridgeServer[0] [Presentation] entity=524e1209-5e93-4e0c-80eb-9aed64664243 state=[presentation, {   "renderer": "humanoid",   "model": "survivor",   "scale": 1.0,   "variant": "default" }]
10:36:49 info: BridgeServer[0] Entity state forwarded: 7dtd -> minecraft (update, 524e1209-5e93-4e0c-80eb-9aed64664243)
10:36:49 info: BridgeServer[0] Entity registry: updated, id=524e1209-5e93-4e0c-80eb-9aed64664243, count=1
10:36:49 info: BridgeServer[0] [Presentation] entity=524e1209-5e93-4e0c-80eb-9aed64664243 state=[presentation, {   "renderer": "humanoid",   "model": "survivor",   "scale": 1.0,   "variant": "default" }]
10:36:49 info: BridgeServer[0] Entity state forwarded: 7dtd -> minecraft (update, 524e1209-5e93-4e0c-80eb-9aed64664243)
10:36:50 info: BridgeServer[0] Entity registry: updated, id=524e1209-5e93-4e0c-80eb-9aed64664243, count=1
10:36:50 info: BridgeServer[0] [Presentation] entity=524e1209-5e93-4e0c-80eb-9aed64664243 state=[presentation, {   "renderer": "humanoid",   "model": "survivor",   "scale": 1.0,   "variant": "default" }]
10:36:50 info: BridgeServer[0] Entity state forwarded: 7dtd -> minecraft (update, 524e1209-5e93-4e0c-80eb-9aed64664243)
10:36:50 info: BridgeServer[0] Entity registry: updated, id=524e1209-5e93-4e0c-80eb-9aed64664243, count=1
10:36:50 info: BridgeServer[0] [Presentation] entity=524e1209-5e93-4e0c-80eb-9aed64664243 state=[presentation, {   "renderer": "humanoid",   "model": "survivor",   "scale": 1.0,   "variant": "default" }]
10:36:50 info: BridgeServer[0] Entity state forwarded: 7dtd -> minecraft (update, 524e1209-5e93-4e0c-80eb-9aed64664243)
10:36:51 info: BridgeServer[0] Entity registry: updated, id=524e1209-5e93-4e0c-80eb-9aed64664243, count=1
10:36:51 info: BridgeServer[0] [Presentation] entity=524e1209-5e93-4e0c-80eb-9aed64664243 state=[presentation, {   "renderer": "humanoid",   "model": "survivor",   "scale": 1.0,   "variant": "default" }]
10:36:51 info: BridgeServer[0] Entity state forwarded: 7dtd -> minecraft (update, 524e1209-5e93-4e0c-80eb-9aed64664243)
10:36:51 info: BridgeServer[0] Entity registry: updated, id=524e1209-5e93-4e0c-80eb-9aed64664243, count=1
10:36:51 info: BridgeServer[0] [Presentation] entity=524e1209-5e93-4e0c-80eb-9aed64664243 state=[presentation, {   "renderer": "humanoid",   "model": "survivor",   "scale": 1.0,   "variant": "default" }]
10:36:51 info: BridgeServer[0] Entity state forwarded: 7dtd -> minecraft (update, 524e1209-5e93-4e0c-80eb-9aed64664243)
10:36:52 info: BridgeServer[0] Entity registry: updated, id=524e1209-5e93-4e0c-80eb-9aed64664243, count=1
10:36:52 info: BridgeServer[0] [Presentation] entity=524e1209-5e93-4e0c-80eb-9aed64664243 state=[presentation, {   "renderer": "humanoid",   "model": "survivor",   "scale": 1.0,   "variant": "default" }]
10:36:52 info: BridgeServer[0] Entity state forwarded: 7dtd -> minecraft (update, 524e1209-5e93-4e0c-80eb-9aed64664243)
10:36:52 info: BridgeServer[0] Entity registry: updated, id=524e1209-5e93-4e0c-80eb-9aed64664243, count=1
10:36:52 info: BridgeServer[0] [Presentation] entity=524e1209-5e93-4e0c-80eb-9aed64664243 state=[presentation, {   "renderer": "humanoid",   "model": "survivor",   "scale": 1.0,   "variant": "default" }]
10:36:52 info: BridgeServer[0] Entity state forwarded: 7dtd -> minecraft (update, 524e1209-5e93-4e0c-80eb-9aed64664243)
10:36:53 info: BridgeServer[0] Entity registry: updated, id=524e1209-5e93-4e0c-80eb-9aed64664243, count=1
10:36:53 info: BridgeServer[0] [Presentation] entity=524e1209-5e93-4e0c-80eb-9aed64664243 state=[presentation, {   "renderer": "humanoid",   "model": "survivor",   "scale": 1.0,   "variant": "default" }]
10:36:53 info: BridgeServer[0] Entity state forwarded: 7dtd -> minecraft (update, 524e1209-5e93-4e0c-80eb-9aed64664243)
10:36:53 info: BridgeServer[0] Entity registry: updated, id=524e1209-5e93-4e0c-80eb-9aed64664243, count=1
10:36:53 info: BridgeServer[0] [Presentation] entity=524e1209-5e93-4e0c-80eb-9aed64664243 state=[presentation, {   "renderer": "humanoid",   "model": "survivor",   "scale": 1.0,   "variant": "default" }]
10:36:53 info: BridgeServer[0] Entity state forwarded: 7dtd -> minecraft (update, 524e1209-5e93-4e0c-80eb-9aed64664243)
10:36:54 info: BridgeServer[0] Entity registry: updated, id=524e1209-5e93-4e0c-80eb-9aed64664243, count=1
10:36:54 info: BridgeServer[0] [Presentation] entity=524e1209-5e93-4e0c-80eb-9aed64664243 state=[presentation, {   "renderer": "humanoid",   "model": "survivor",   "scale": 1.0,   "variant": "default" }]
10:36:54 info: BridgeServer[0] Entity state forwarded: 7dtd -> minecraft (update, 524e1209-5e93-4e0c-80eb-9aed64664243)
10:36:54 info: BridgeServer[0] Entity registry: updated, id=524e1209-5e93-4e0c-80eb-9aed64664243, count=1
10:36:54 info: BridgeServer[0] [Presentation] entity=524e1209-5e93-4e0c-80eb-9aed64664243 state=[presentation, {   "renderer": "humanoid",   "model": "survivor",   "scale": 1.0,   "variant": "default" }]
10:36:54 info: BridgeServer[0] Entity state forwarded: 7dtd -> minecraft (update, 524e1209-5e93-4e0c-80eb-9aed64664243)
10:36:55 info: BridgeServer[0] Entity registry: updated, id=524e1209-5e93-4e0c-80eb-9aed64664243, count=1
10:36:55 info: BridgeServer[0] [Presentation] entity=524e1209-5e93-4e0c-80eb-9aed64664243 state=[presentation, {   "renderer": "humanoid",   "model": "survivor",   "scale": 1.0,   "variant": "default" }]
10:36:55 info: BridgeServer[0] Entity state forwarded: 7dtd -> minecraft (update, 524e1209-5e93-4e0c-80eb-9aed64664243)
10:36:55 info: BridgeServer[0] Entity registry: updated, id=524e1209-5e93-4e0c-80eb-9aed64664243, count=1
10:36:55 info: BridgeServer[0] [Presentation] entity=524e1209-5e93-4e0c-80eb-9aed64664243 state=[presentation, {   "renderer": "humanoid",   "model": "survivor",   "scale": 1.0,   "variant": "default" }]
10:36:55 info: BridgeServer[0] Entity state forwarded: 7dtd -> minecraft (update, 524e1209-5e93-4e0c-80eb-9aed64664243)
10:36:56 info: BridgeServer[0] Entity registry: updated, id=524e1209-5e93-4e0c-80eb-9aed64664243, count=1
10:36:56 info: BridgeServer[0] [Presentation] entity=524e1209-5e93-4e0c-80eb-9aed64664243 state=[presentation, {   "renderer": "humanoid",   "model": "survivor",   "scale": 1.0,   "variant": "default" }]
10:36:56 info: BridgeServer[0] Entity state forwarded: 7dtd -> minecraft (update, 524e1209-5e93-4e0c-80eb-9aed64664243)
10:36:56 info: BridgeServer[0] Entity registry: updated, id=524e1209-5e93-4e0c-80eb-9aed64664243, count=1
10:36:56 info: BridgeServer[0] [Presentation] entity=524e1209-5e93-4e0c-80eb-9aed64664243 state=[presentation, {   "renderer": "humanoid",   "model": "survivor",   "scale": 1.0,   "variant": "default" }]
10:36:56 info: BridgeServer[0] Entity state forwarded: 7dtd -> minecraft (update, 524e1209-5e93-4e0c-80eb-9aed64664243)
10:36:57 info: BridgeServer[0] Entity registry: updated, id=524e1209-5e93-4e0c-80eb-9aed64664243, count=1
10:36:57 info: BridgeServer[0] [Presentation] entity=524e1209-5e93-4e0c-80eb-9aed64664243 state=[presentation, {   "renderer": "humanoid",   "model": "survivor",   "scale": 1.0,   "variant": "default" }]
10:36:57 info: BridgeServer[0] Entity state forwarded: 7dtd -> minecraft (update, 524e1209-5e93-4e0c-80eb-9aed64664243)
10:36:57 info: BridgeServer[0] Entity registry: updated, id=524e1209-5e93-4e0c-80eb-9aed64664243, count=1
10:36:57 info: BridgeServer[0] [Presentation] entity=524e1209-5e93-4e0c-80eb-9aed64664243 state=[presentation, {   "renderer": "humanoid",   "model": "survivor",   "scale": 1.0,   "variant": "default" }]
10:36:57 info: BridgeServer[0] Entity state forwarded: 7dtd -> minecraft (update, 524e1209-5e93-4e0c-80eb-9aed64664243)
10:36:58 info: BridgeServer[0] Entity registry: updated, id=524e1209-5e93-4e0c-80eb-9aed64664243, count=1
10:36:58 info: BridgeServer[0] [Presentation] entity=524e1209-5e93-4e0c-80eb-9aed64664243 state=[presentation, {   "renderer": "humanoid",   "model": "survivor",   "scale": 1.0,   "variant": "default" }]
10:36:58 info: BridgeServer[0] Entity state forwarded: 7dtd -> minecraft (update, 524e1209-5e93-4e0c-80eb-9aed64664243)
10:36:58 info: BridgeServer[0] Entity registry: updated, id=524e1209-5e93-4e0c-80eb-9aed64664243, count=1
10:36:58 info: BridgeServer[0] [Presentation] entity=524e1209-5e93-4e0c-80eb-9aed64664243 state=[presentation, {   "renderer": "humanoid",   "model": "survivor",   "scale": 1.0,   "variant": "default" }]
10:36:58 info: BridgeServer[0] Entity state forwarded: 7dtd -> minecraft (update, 524e1209-5e93-4e0c-80eb-9aed64664243)
10:36:59 info: BridgeServer[0] Entity registry: updated, id=524e1209-5e93-4e0c-80eb-9aed64664243, count=1
10:36:59 info: BridgeServer[0] [Presentation] entity=524e1209-5e93-4e0c-80eb-9aed64664243 state=[presentation, {   "renderer": "humanoid",   "model": "survivor",   "scale": 1.0,   "variant": "default" }]
10:36:59 info: BridgeServer[0] Entity state forwarded: 7dtd -> minecraft (update, 524e1209-5e93-4e0c-80eb-9aed64664243)
10:36:59 info: BridgeServer[0] Entity registry: updated, id=524e1209-5e93-4e0c-80eb-9aed64664243, count=1
10:36:59 info: BridgeServer[0] [Presentation] entity=524e1209-5e93-4e0c-80eb-9aed64664243 state=[presentation, {   "renderer": "humanoid",   "model": "survivor",   "scale": 1.0,   "variant": "default" }]
10:36:59 info: BridgeServer[0] Entity state forwarded: 7dtd -> minecraft (update, 524e1209-5e93-4e0c-80eb-9aed64664243)
10:37:00 info: BridgeServer[0] Entity registry: updated, id=524e1209-5e93-4e0c-80eb-9aed64664243, count=1
10:37:00 info: BridgeServer[0] [Presentation] entity=524e1209-5e93-4e0c-80eb-9aed64664243 state=[presentation, {   "renderer": "humanoid",   "model": "survivor",   "scale": 1.0,   "variant": "default" }]
10:37:00 info: BridgeServer[0] Entity state forwarded: 7dtd -> minecraft (update, 524e1209-5e93-4e0c-80eb-9aed64664243)
10:37:00 info: BridgeServer[0] Entity registry: updated, id=524e1209-5e93-4e0c-80eb-9aed64664243, count=1
10:37:00 info: BridgeServer[0] [Presentation] entity=524e1209-5e93-4e0c-80eb-9aed64664243 state=[presentation, {   "renderer": "humanoid",   "model": "survivor",   "scale": 1.0,   "variant": "default" }]
10:37:00 info: BridgeServer[0] Entity state forwarded: 7dtd -> minecraft (update, 524e1209-5e93-4e0c-80eb-9aed64664243)
10:37:01 info: BridgeServer[0] Entity registry: updated, id=524e1209-5e93-4e0c-80eb-9aed64664243, count=1
10:37:01 info: BridgeServer[0] [Presentation] entity=524e1209-5e93-4e0c-80eb-9aed64664243 state=[presentation, {   "renderer": "humanoid",   "model": "survivor",   "scale": 1.0,   "variant": "default" }]
10:37:01 info: BridgeServer[0] Entity state forwarded: 7dtd -> minecraft (update, 524e1209-5e93-4e0c-80eb-9aed64664243)
10:37:01 info: BridgeServer[0] Entity registry: updated, id=524e1209-5e93-4e0c-80eb-9aed64664243, count=1
10:37:01 info: BridgeServer[0] [Presentation] entity=524e1209-5e93-4e0c-80eb-9aed64664243 state=[presentation, {   "renderer": "humanoid",   "model": "survivor",   "scale": 1.0,   "variant": "default" }]
10:37:01 info: BridgeServer[0] Entity state forwarded: 7dtd -> minecraft (update, 524e1209-5e93-4e0c-80eb-9aed64664243)
10:37:02 info: BridgeServer[0] Entity registry: updated, id=524e1209-5e93-4e0c-80eb-9aed64664243, count=1
10:37:02 info: BridgeServer[0] [Presentation] entity=524e1209-5e93-4e0c-80eb-9aed64664243 state=[presentation, {   "renderer": "humanoid",   "model": "survivor",   "scale": 1.0,   "variant": "default" }]
10:37:02 info: BridgeServer[0] Entity state forwarded: 7dtd -> minecraft (update, 524e1209-5e93-4e0c-80eb-9aed64664243)
10:37:02 info: BridgeServer[0] Entity registry: updated, id=524e1209-5e93-4e0c-80eb-9aed64664243, count=1
10:37:02 info: BridgeServer[0] [Presentation] entity=524e1209-5e93-4e0c-80eb-9aed64664243 state=[presentation, {   "renderer": "humanoid",   "model": "survivor",   "scale": 1.0,   "variant": "default" }]
10:37:02 info: BridgeServer[0] Entity state forwarded: 7dtd -> minecraft (update, 524e1209-5e93-4e0c-80eb-9aed64664243)
10:37:03 info: BridgeServer[0] Entity registry: updated, id=524e1209-5e93-4e0c-80eb-9aed64664243, count=1
10:37:03 info: BridgeServer[0] [Presentation] entity=524e1209-5e93-4e0c-80eb-9aed64664243 state=[presentation, {   "renderer": "humanoid",   "model": "survivor",   "scale": 1.0,   "variant": "default" }]
10:37:03 info: BridgeServer[0] Entity state forwarded: 7dtd -> minecraft (update, 524e1209-5e93-4e0c-80eb-9aed64664243)
10:37:03 info: BridgeServer[0] Entity registry: updated, id=524e1209-5e93-4e0c-80eb-9aed64664243, count=1
10:37:03 info: BridgeServer[0] [Presentation] entity=524e1209-5e93-4e0c-80eb-9aed64664243 state=[presentation, {   "renderer": "humanoid",   "model": "survivor",   "scale": 1.0,   "variant": "default" }]
10:37:03 info: BridgeServer[0] Entity state forwarded: 7dtd -> minecraft (update, 524e1209-5e93-4e0c-80eb-9aed64664243)
10:37:04 info: BridgeServer[0] Entity registry: updated, id=524e1209-5e93-4e0c-80eb-9aed64664243, count=1
10:37:04 info: BridgeServer[0] [Presentation] entity=524e1209-5e93-4e0c-80eb-9aed64664243 state=[presentation, {   "renderer": "humanoid",   "model": "survivor",   "scale": 1.0,   "variant": "default" }]
10:37:04 info: BridgeServer[0] Entity state forwarded: 7dtd -> minecraft (update, 524e1209-5e93-4e0c-80eb-9aed64664243)
10:37:04 info: BridgeServer[0] Entity registry: updated, id=524e1209-5e93-4e0c-80eb-9aed64664243, count=1
10:37:04 info: BridgeServer[0] [Presentation] entity=524e1209-5e93-4e0c-80eb-9aed64664243 state=[presentation, {   "renderer": "humanoid",   "model": "survivor",   "scale": 1.0,   "variant": "default" }]
10:37:04 info: BridgeServer[0] Entity state forwarded: 7dtd -> minecraft (update, 524e1209-5e93-4e0c-80eb-9aed64664243)
10:37:05 info: BridgeServer[0] Entity registry: updated, id=524e1209-5e93-4e0c-80eb-9aed64664243, count=1
10:37:05 info: BridgeServer[0] [Presentation] entity=524e1209-5e93-4e0c-80eb-9aed64664243 state=[presentation, {   "renderer": "humanoid",   "model": "survivor",   "scale": 1.0,   "variant": "default" }]
10:37:05 info: BridgeServer[0] Entity state forwarded: 7dtd -> minecraft (update, 524e1209-5e93-4e0c-80eb-9aed64664243)
10:37:05 info: BridgeServer[0] Entity registry: updated, id=524e1209-5e93-4e0c-80eb-9aed64664243, count=1
10:37:05 info: BridgeServer[0] [Presentation] entity=524e1209-5e93-4e0c-80eb-9aed64664243 state=[presentation, {   "renderer": "humanoid",   "model": "survivor",   "scale": 1.0,   "variant": "default" }]
10:37:05 info: BridgeServer[0] Entity state forwarded: 7dtd -> minecraft (update, 524e1209-5e93-4e0c-80eb-9aed64664243)
10:37:06 info: BridgeServer[0] Entity registry: updated, id=524e1209-5e93-4e0c-80eb-9aed64664243, count=1
10:37:06 info: BridgeServer[0] [Presentation] entity=524e1209-5e93-4e0c-80eb-9aed64664243 state=[presentation, {   "renderer": "humanoid",   "model": "survivor",   "scale": 1.0,   "variant": "default" }]
10:37:06 info: BridgeServer[0] Entity state forwarded: 7dtd -> minecraft (update, 524e1209-5e93-4e0c-80eb-9aed64664243)
10:37:06 info: BridgeServer[0] Entity registry: updated, id=524e1209-5e93-4e0c-80eb-9aed64664243, count=1
10:37:06 info: BridgeServer[0] [Presentation] entity=524e1209-5e93-4e0c-80eb-9aed64664243 state=[presentation, {   "renderer": "humanoid",   "model": "survivor",   "scale": 1.0,   "variant": "default" }]
10:37:06 info: BridgeServer[0] Entity state forwarded: 7dtd -> minecraft (update, 524e1209-5e93-4e0c-80eb-9aed64664243)
10:37:07 info: BridgeServer[0] Entity registry: updated, id=524e1209-5e93-4e0c-80eb-9aed64664243, count=1
10:37:07 info: BridgeServer[0] [Presentation] entity=524e1209-5e93-4e0c-80eb-9aed64664243 state=[presentation, {   "renderer": "humanoid",   "model": "survivor",   "scale": 1.0,   "variant": "default" }]
10:37:07 info: BridgeServer[0] Entity state forwarded: 7dtd -> minecraft (update, 524e1209-5e93-4e0c-80eb-9aed64664243)
10:37:07 info: BridgeServer[0] Entity registry: updated, id=524e1209-5e93-4e0c-80eb-9aed64664243, count=1
10:37:07 info: BridgeServer[0] [Presentation] entity=524e1209-5e93-4e0c-80eb-9aed64664243 state=[presentation, {   "renderer": "humanoid",   "model": "survivor",   "scale": 1.0,   "variant": "default" }]
10:37:07 info: BridgeServer[0] Entity state forwarded: 7dtd -> minecraft (update, 524e1209-5e93-4e0c-80eb-9aed64664243)
10:37:08 info: BridgeServer[0] Entity registry: updated, id=524e1209-5e93-4e0c-80eb-9aed64664243, count=1
10:37:08 info: BridgeServer[0] [Presentation] entity=524e1209-5e93-4e0c-80eb-9aed64664243 state=[presentation, {   "renderer": "humanoid",   "model": "survivor",   "scale": 1.0,   "variant": "default" }]
10:37:08 info: BridgeServer[0] Entity state forwarded: 7dtd -> minecraft (update, 524e1209-5e93-4e0c-80eb-9aed64664243)
10:37:08 info: BridgeServer[0] Entity registry: updated, id=524e1209-5e93-4e0c-80eb-9aed64664243, count=1
10:37:08 info: BridgeServer[0] [Presentation] entity=524e1209-5e93-4e0c-80eb-9aed64664243 state=[presentation, {   "renderer": "humanoid",   "model": "survivor",   "scale": 1.0,   "variant": "default" }]
10:37:08 info: BridgeServer[0] Entity state forwarded: 7dtd -> minecraft (update, 524e1209-5e93-4e0c-80eb-9aed64664243)
10:37:09 info: BridgeServer[0] Entity registry: updated, id=524e1209-5e93-4e0c-80eb-9aed64664243, count=1
10:37:09 info: BridgeServer[0] [Presentation] entity=524e1209-5e93-4e0c-80eb-9aed64664243 state=[presentation, {   "renderer": "humanoid",   "model": "survivor",   "scale": 1.0,   "variant": "default" }]
10:37:09 info: BridgeServer[0] Entity state forwarded: 7dtd -> minecraft (update, 524e1209-5e93-4e0c-80eb-9aed64664243)
10:37:09 info: BridgeServer[0] Entity registry: updated, id=524e1209-5e93-4e0c-80eb-9aed64664243, count=1
10:37:09 info: BridgeServer[0] [Presentation] entity=524e1209-5e93-4e0c-80eb-9aed64664243 state=[presentation, {   "renderer": "humanoid",   "model": "survivor",   "scale": 1.0,   "variant": "default" }]
10:37:09 info: BridgeServer[0] Entity state forwarded: 7dtd -> minecraft (update, 524e1209-5e93-4e0c-80eb-9aed64664243)
10:37:10 info: BridgeServer[0] Entity registry: updated, id=524e1209-5e93-4e0c-80eb-9aed64664243, count=1
10:37:10 info: BridgeServer[0] [Presentation] entity=524e1209-5e93-4e0c-80eb-9aed64664243 state=[presentation, {   "renderer": "humanoid",   "model": "survivor",   "scale": 1.0,   "variant": "default" }]
10:37:10 info: BridgeServer[0] Entity state forwarded: 7dtd -> minecraft (update, 524e1209-5e93-4e0c-80eb-9aed64664243)
10:37:10 info: BridgeServer[0] Entity registry: updated, id=524e1209-5e93-4e0c-80eb-9aed64664243, count=1
10:37:10 info: BridgeServer[0] [Presentation] entity=524e1209-5e93-4e0c-80eb-9aed64664243 state=[presentation, {   "renderer": "humanoid",   "model": "survivor",   "scale": 1.0,   "variant": "default" }]
10:37:10 info: BridgeServer[0] Entity state forwarded: 7dtd -> minecraft (update, 524e1209-5e93-4e0c-80eb-9aed64664243)
10:37:11 info: BridgeServer[0] Entity registry: updated, id=524e1209-5e93-4e0c-80eb-9aed64664243, count=1
10:37:11 info: BridgeServer[0] [Presentation] entity=524e1209-5e93-4e0c-80eb-9aed64664243 state=[presentation, {   "renderer": "humanoid",   "model": "survivor",   "scale": 1.0,   "variant": "default" }]
10:37:11 info: BridgeServer[0] Entity state forwarded: 7dtd -> minecraft (update, 524e1209-5e93-4e0c-80eb-9aed64664243)
10:37:11 info: BridgeServer[0] Entity registry: updated, id=524e1209-5e93-4e0c-80eb-9aed64664243, count=1
10:37:11 info: BridgeServer[0] [Presentation] entity=524e1209-5e93-4e0c-80eb-9aed64664243 state=[presentation, {   "renderer": "humanoid",   "model": "survivor",   "scale": 1.0,   "variant": "default" }]
10:37:11 info: BridgeServer[0] Entity state forwarded: 7dtd -> minecraft (update, 524e1209-5e93-4e0c-80eb-9aed64664243)
10:37:12 info: BridgeServer[0] Entity registry: updated, id=524e1209-5e93-4e0c-80eb-9aed64664243, count=1
10:37:12 info: BridgeServer[0] [Presentation] entity=524e1209-5e93-4e0c-80eb-9aed64664243 state=[presentation, {   "renderer": "humanoid",   "model": "survivor",   "scale": 1.0,   "variant": "default" }]
10:37:12 info: BridgeServer[0] Entity state forwarded: 7dtd -> minecraft (update, 524e1209-5e93-4e0c-80eb-9aed64664243)
10:37:12 info: BridgeServer[0] Entity registry: updated, id=524e1209-5e93-4e0c-80eb-9aed64664243, count=1
10:37:12 info: BridgeServer[0] [Presentation] entity=524e1209-5e93-4e0c-80eb-9aed64664243 state=[presentation, {   "renderer": "humanoid",   "model": "survivor",   "scale": 1.0,   "variant": "default" }]
10:37:12 info: BridgeServer[0] Entity state forwarded: 7dtd -> minecraft (update, 524e1209-5e93-4e0c-80eb-9aed64664243)
10:37:13 info: BridgeServer[0] Entity registry: updated, id=524e1209-5e93-4e0c-80eb-9aed64664243, count=1
10:37:13 info: BridgeServer[0] [Presentation] entity=524e1209-5e93-4e0c-80eb-9aed64664243 state=[presentation, {   "renderer": "humanoid",   "model": "survivor",   "scale": 1.0,   "variant": "default" }]
10:37:13 info: BridgeServer[0] Entity state forwarded: 7dtd -> minecraft (update, 524e1209-5e93-4e0c-80eb-9aed64664243)
10:37:13 info: BridgeServer[0] Entity registry: updated, id=524e1209-5e93-4e0c-80eb-9aed64664243, count=1
10:37:13 info: BridgeServer[0] [Presentation] entity=524e1209-5e93-4e0c-80eb-9aed64664243 state=[presentation, {   "renderer": "humanoid",   "model": "survivor",   "scale": 1.0,   "variant": "default" }]
10:37:13 info: BridgeServer[0] Entity state forwarded: 7dtd -> minecraft (update, 524e1209-5e93-4e0c-80eb-9aed64664243)
10:37:14 info: BridgeServer[0] Entity registry: updated, id=524e1209-5e93-4e0c-80eb-9aed64664243, count=1
10:37:14 info: BridgeServer[0] [Presentation] entity=524e1209-5e93-4e0c-80eb-9aed64664243 state=[presentation, {   "renderer": "humanoid",   "model": "survivor",   "scale": 1.0,   "variant": "default" }]
10:37:14 info: BridgeServer[0] Entity state forwarded: 7dtd -> minecraft (update, 524e1209-5e93-4e0c-80eb-9aed64664243)
10:37:14 info: BridgeServer[0] Entity registry: updated, id=524e1209-5e93-4e0c-80eb-9aed64664243, count=1
10:37:14 info: BridgeServer[0] [Presentation] entity=524e1209-5e93-4e0c-80eb-9aed64664243 state=[presentation, {   "renderer": "humanoid",   "model": "survivor",   "scale": 1.0,   "variant": "default" }]
10:37:14 info: BridgeServer[0] Entity state forwarded: 7dtd -> minecraft (update, 524e1209-5e93-4e0c-80eb-9aed64664243)
10:37:15 info: BridgeServer[0] Entity registry: updated, id=524e1209-5e93-4e0c-80eb-9aed64664243, count=1
10:37:15 info: BridgeServer[0] [Presentation] entity=524e1209-5e93-4e0c-80eb-9aed64664243 state=[presentation, {   "renderer": "humanoid",   "model": "survivor",   "scale": 1.0,   "variant": "default" }]
10:37:15 info: BridgeServer[0] Entity state forwarded: 7dtd -> minecraft (update, 524e1209-5e93-4e0c-80eb-9aed64664243)
10:37:15 info: BridgeServer[0] Entity registry: updated, id=524e1209-5e93-4e0c-80eb-9aed64664243, count=1
10:37:15 info: BridgeServer[0] [Presentation] entity=524e1209-5e93-4e0c-80eb-9aed64664243 state=[presentation, {   "renderer": "humanoid",   "model": "survivor",   "scale": 1.0,   "variant": "default" }]
10:37:15 info: BridgeServer[0] Entity state forwarded: 7dtd -> minecraft (update, 524e1209-5e93-4e0c-80eb-9aed64664243)
10:37:16 info: BridgeServer[0] Entity registry: updated, id=524e1209-5e93-4e0c-80eb-9aed64664243, count=1
10:37:16 info: BridgeServer[0] [Presentation] entity=524e1209-5e93-4e0c-80eb-9aed64664243 state=[presentation, {   "renderer": "humanoid",   "model": "survivor",   "scale": 1.0,   "variant": "default" }]
10:37:16 info: BridgeServer[0] Entity state forwarded: 7dtd -> minecraft (update, 524e1209-5e93-4e0c-80eb-9aed64664243)
10:37:16 info: BridgeServer[0] Entity registry: updated, id=524e1209-5e93-4e0c-80eb-9aed64664243, count=1
10:37:16 info: BridgeServer[0] [Presentation] entity=524e1209-5e93-4e0c-80eb-9aed64664243 state=[presentation, {   "renderer": "humanoid",   "model": "survivor",   "scale": 1.0,   "variant": "default" }]
10:37:16 info: BridgeServer[0] Entity state forwarded: 7dtd -> minecraft (update, 524e1209-5e93-4e0c-80eb-9aed64664243)
10:37:17 info: BridgeServer[0] Entity registry: updated, id=524e1209-5e93-4e0c-80eb-9aed64664243, count=1
10:37:17 info: BridgeServer[0] [Presentation] entity=524e1209-5e93-4e0c-80eb-9aed64664243 state=[presentation, {   "renderer": "humanoid",   "model": "survivor",   "scale": 1.0,   "variant": "default" }]
10:37:17 info: BridgeServer[0] Entity state forwarded: 7dtd -> minecraft (update, 524e1209-5e93-4e0c-80eb-9aed64664243)
10:37:17 info: BridgeServer[0] Entity registry: updated, id=524e1209-5e93-4e0c-80eb-9aed64664243, count=1
10:37:17 info: BridgeServer[0] [Presentation] entity=524e1209-5e93-4e0c-80eb-9aed64664243 state=[presentation, {   "renderer": "humanoid",   "model": "survivor",   "scale": 1.0,   "variant": "default" }]
10:37:17 info: BridgeServer[0] Entity state forwarded: 7dtd -> minecraft (update, 524e1209-5e93-4e0c-80eb-9aed64664243)
10:37:18 info: BridgeServer[0] Entity registry: updated, id=524e1209-5e93-4e0c-80eb-9aed64664243, count=1
10:37:18 info: BridgeServer[0] [Presentation] entity=524e1209-5e93-4e0c-80eb-9aed64664243 state=[presentation, {   "renderer": "humanoid",   "model": "survivor",   "scale": 1.0,   "variant": "default" }]
10:37:18 info: BridgeServer[0] Entity state forwarded: 7dtd -> minecraft (update, 524e1209-5e93-4e0c-80eb-9aed64664243)
10:37:18 info: BridgeServer[0] Entity registry: updated, id=524e1209-5e93-4e0c-80eb-9aed64664243, count=1
10:37:18 info: BridgeServer[0] [Presentation] entity=524e1209-5e93-4e0c-80eb-9aed64664243 state=[presentation, {   "renderer": "humanoid",   "model": "survivor",   "scale": 1.0,   "variant": "default" }]
10:37:18 info: BridgeServer[0] Entity state forwarded: 7dtd -> minecraft (update, 524e1209-5e93-4e0c-80eb-9aed64664243)
10:37:19 info: BridgeServer[0] Entity registry: updated, id=524e1209-5e93-4e0c-80eb-9aed64664243, count=1
10:37:19 info: BridgeServer[0] [Presentation] entity=524e1209-5e93-4e0c-80eb-9aed64664243 state=[presentation, {   "renderer": "humanoid",   "model": "survivor",   "scale": 1.0,   "variant": "default" }]
10:37:19 info: BridgeServer[0] Entity state forwarded: 7dtd -> minecraft (update, 524e1209-5e93-4e0c-80eb-9aed64664243)
10:37:19 info: BridgeServer[0] Entity registry: updated, id=524e1209-5e93-4e0c-80eb-9aed64664243, count=1
10:37:19 info: BridgeServer[0] [Presentation] entity=524e1209-5e93-4e0c-80eb-9aed64664243 state=[presentation, {   "renderer": "humanoid",   "model": "survivor",   "scale": 1.0,   "variant": "default" }]
10:37:19 info: BridgeServer[0] Entity state forwarded: 7dtd -> minecraft (update, 524e1209-5e93-4e0c-80eb-9aed64664243)
10:37:20 info: BridgeServer[0] Entity registry: updated, id=524e1209-5e93-4e0c-80eb-9aed64664243, count=1
10:37:20 info: BridgeServer[0] [Presentation] entity=524e1209-5e93-4e0c-80eb-9aed64664243 state=[presentation, {   "renderer": "humanoid",   "model": "survivor",   "scale": 1.0,   "variant": "default" }]
10:37:20 info: BridgeServer[0] Entity state forwarded: 7dtd -> minecraft (update, 524e1209-5e93-4e0c-80eb-9aed64664243)
10:37:20 info: BridgeServer[0] Entity registry: updated, id=524e1209-5e93-4e0c-80eb-9aed64664243, count=1
10:37:20 info: BridgeServer[0] [Presentation] entity=524e1209-5e93-4e0c-80eb-9aed64664243 state=[presentation, {   "renderer": "humanoid",   "model": "survivor",   "scale": 1.0,   "variant": "default" }]
10:37:20 info: BridgeServer[0] Entity state forwarded: 7dtd -> minecraft (update, 524e1209-5e93-4e0c-80eb-9aed64664243)
10:37:21 info: BridgeServer[0] Entity registry: updated, id=524e1209-5e93-4e0c-80eb-9aed64664243, count=1
10:37:21 info: BridgeServer[0] [Presentation] entity=524e1209-5e93-4e0c-80eb-9aed64664243 state=[presentation, {   "renderer": "humanoid",   "model": "survivor",   "scale": 1.0,   "variant": "default" }]
10:37:21 info: BridgeServer[0] Entity state forwarded: 7dtd -> minecraft (update, 524e1209-5e93-4e0c-80eb-9aed64664243)
10:37:21 info: BridgeServer[0] Entity registry: updated, id=524e1209-5e93-4e0c-80eb-9aed64664243, count=1
10:37:21 info: BridgeServer[0] [Presentation] entity=524e1209-5e93-4e0c-80eb-9aed64664243 state=[presentation, {   "renderer": "humanoid",   "model": "survivor",   "scale": 1.0,   "variant": "default" }]
10:37:21 info: BridgeServer[0] Entity state forwarded: 7dtd -> minecraft (update, 524e1209-5e93-4e0c-80eb-9aed64664243)
10:37:22 info: BridgeServer[0] Entity registry: updated, id=524e1209-5e93-4e0c-80eb-9aed64664243, count=1
10:37:22 info: BridgeServer[0] [Presentation] entity=524e1209-5e93-4e0c-80eb-9aed64664243 state=[presentation, {   "renderer": "humanoid",   "model": "survivor",   "scale": 1.0,   "variant": "default" }]
10:37:22 info: BridgeServer[0] Entity state forwarded: 7dtd -> minecraft (update, 524e1209-5e93-4e0c-80eb-9aed64664243)
10:37:22 info: BridgeServer[0] Entity registry: updated, id=524e1209-5e93-4e0c-80eb-9aed64664243, count=1
10:37:22 info: BridgeServer[0] [Presentation] entity=524e1209-5e93-4e0c-80eb-9aed64664243 state=[presentation, {   "renderer": "humanoid",   "model": "survivor",   "scale": 1.0,   "variant": "default" }]
10:37:22 info: BridgeServer[0] Entity state forwarded: 7dtd -> minecraft (update, 524e1209-5e93-4e0c-80eb-9aed64664243)
10:37:23 info: BridgeServer[0] Entity registry: updated, id=524e1209-5e93-4e0c-80eb-9aed64664243, count=1
10:37:23 info: BridgeServer[0] [Presentation] entity=524e1209-5e93-4e0c-80eb-9aed64664243 state=[presentation, {   "renderer": "humanoid",   "model": "survivor",   "scale": 1.0,   "variant": "default" }]
10:37:23 info: BridgeServer[0] Entity state forwarded: 7dtd -> minecraft (update, 524e1209-5e93-4e0c-80eb-9aed64664243)
10:37:23 info: BridgeServer[0] Entity registry: updated, id=524e1209-5e93-4e0c-80eb-9aed64664243, count=1
10:37:23 info: BridgeServer[0] [Presentation] entity=524e1209-5e93-4e0c-80eb-9aed64664243 state=[presentation, {   "renderer": "humanoid",   "model": "survivor",   "scale": 1.0,   "variant": "default" }]
10:37:23 info: BridgeServer[0] Entity state forwarded: 7dtd -> minecraft (update, 524e1209-5e93-4e0c-80eb-9aed64664243)
10:37:24 info: BridgeServer[0] Entity registry: updated, id=524e1209-5e93-4e0c-80eb-9aed64664243, count=1
10:37:24 info: BridgeServer[0] [Presentation] entity=524e1209-5e93-4e0c-80eb-9aed64664243 state=[presentation, {   "renderer": "humanoid",   "model": "survivor",   "scale": 1.0,   "variant": "default" }]
10:37:24 info: BridgeServer[0] Entity state forwarded: 7dtd -> minecraft (update, 524e1209-5e93-4e0c-80eb-9aed64664243)
10:37:24 info: BridgeServer[0] Entity registry: updated, id=524e1209-5e93-4e0c-80eb-9aed64664243, count=1
10:37:24 info: BridgeServer[0] [Presentation] entity=524e1209-5e93-4e0c-80eb-9aed64664243 state=[presentation, {   "renderer": "humanoid",   "model": "survivor",   "scale": 1.0,   "variant": "default" }]
10:37:24 info: BridgeServer[0] Entity state forwarded: 7dtd -> minecraft (update, 524e1209-5e93-4e0c-80eb-9aed64664243)
10:37:25 info: BridgeServer[0] Entity registry: updated, id=524e1209-5e93-4e0c-80eb-9aed64664243, count=1
10:37:25 info: BridgeServer[0] [Presentation] entity=524e1209-5e93-4e0c-80eb-9aed64664243 state=[presentation, {   "renderer": "humanoid",   "model": "survivor",   "scale": 1.0,   "variant": "default" }]
10:37:25 info: BridgeServer[0] Entity state forwarded: 7dtd -> minecraft (update, 524e1209-5e93-4e0c-80eb-9aed64664243)
10:37:25 info: BridgeServer[0] Entity registry: updated, id=524e1209-5e93-4e0c-80eb-9aed64664243, count=1
10:37:25 info: BridgeServer[0] [Presentation] entity=524e1209-5e93-4e0c-80eb-9aed64664243 state=[presentation, {   "renderer": "humanoid",   "model": "survivor",   "scale": 1.0,   "variant": "default" }]
10:37:25 info: BridgeServer[0] Entity state forwarded: 7dtd -> minecraft (update, 524e1209-5e93-4e0c-80eb-9aed64664243)
10:37:26 info: BridgeServer[0] Entity registry: updated, id=524e1209-5e93-4e0c-80eb-9aed64664243, count=1
10:37:26 info: BridgeServer[0] [Presentation] entity=524e1209-5e93-4e0c-80eb-9aed64664243 state=[presentation, {   "renderer": "humanoid",   "model": "survivor",   "scale": 1.0,   "variant": "default" }]
10:37:26 info: BridgeServer[0] Entity state forwarded: 7dtd -> minecraft (update, 524e1209-5e93-4e0c-80eb-9aed64664243)
10:37:26 info: BridgeServer[0] Entity registry: updated, id=524e1209-5e93-4e0c-80eb-9aed64664243, count=1
10:37:26 info: BridgeServer[0] [Presentation] entity=524e1209-5e93-4e0c-80eb-9aed64664243 state=[presentation, {   "renderer": "humanoid",   "model": "survivor",   "scale": 1.0,   "variant": "default" }]
10:37:26 info: BridgeServer[0] Entity state forwarded: 7dtd -> minecraft (update, 524e1209-5e93-4e0c-80eb-9aed64664243)
10:37:27 info: BridgeServer[0] Entity registry: updated, id=524e1209-5e93-4e0c-80eb-9aed64664243, count=1
10:37:27 info: BridgeServer[0] [Presentation] entity=524e1209-5e93-4e0c-80eb-9aed64664243 state=[presentation, {   "renderer": "humanoid",   "model": "survivor",   "scale": 1.0,   "variant": "default" }]
10:37:27 info: BridgeServer[0] Entity state forwarded: 7dtd -> minecraft (update, 524e1209-5e93-4e0c-80eb-9aed64664243)
10:37:27 info: BridgeServer[0] Entity registry: updated, id=524e1209-5e93-4e0c-80eb-9aed64664243, count=1
10:37:27 info: BridgeServer[0] [Presentation] entity=524e1209-5e93-4e0c-80eb-9aed64664243 state=[presentation, {   "renderer": "humanoid",   "model": "survivor",   "scale": 1.0,   "variant": "default" }]
10:37:27 info: BridgeServer[0] Entity state forwarded: 7dtd -> minecraft (update, 524e1209-5e93-4e0c-80eb-9aed64664243)
10:37:28 info: BridgeServer[0] Entity registry: updated, id=524e1209-5e93-4e0c-80eb-9aed64664243, count=1
10:37:28 info: BridgeServer[0] [Presentation] entity=524e1209-5e93-4e0c-80eb-9aed64664243 state=[presentation, {   "renderer": "humanoid",   "model": "survivor",   "scale": 1.0,   "variant": "default" }]
10:37:28 info: BridgeServer[0] Entity state forwarded: 7dtd -> minecraft (update, 524e1209-5e93-4e0c-80eb-9aed64664243)
10:37:28 info: BridgeServer[0] Entity registry: updated, id=524e1209-5e93-4e0c-80eb-9aed64664243, count=1
10:37:28 info: BridgeServer[0] [Presentation] entity=524e1209-5e93-4e0c-80eb-9aed64664243 state=[presentation, {   "renderer": "humanoid",   "model": "survivor",   "scale": 1.0,   "variant": "default" }]
10:37:28 info: BridgeServer[0] Entity state forwarded: 7dtd -> minecraft (update, 524e1209-5e93-4e0c-80eb-9aed64664243)
10:37:29 info: BridgeServer[0] Entity registry: updated, id=524e1209-5e93-4e0c-80eb-9aed64664243, count=1
10:37:29 info: BridgeServer[0] [Presentation] entity=524e1209-5e93-4e0c-80eb-9aed64664243 state=[presentation, {   "renderer": "humanoid",   "model": "survivor",   "scale": 1.0,   "variant": "default" }]
10:37:29 info: BridgeServer[0] Entity state forwarded: 7dtd -> minecraft (update, 524e1209-5e93-4e0c-80eb-9aed64664243)
10:37:29 info: BridgeServer[0] Entity registry: updated, id=524e1209-5e93-4e0c-80eb-9aed64664243, count=1
10:37:29 info: BridgeServer[0] [Presentation] entity=524e1209-5e93-4e0c-80eb-9aed64664243 state=[presentation, {   "renderer": "humanoid",   "model": "survivor",   "scale": 1.0,   "variant": "default" }]
10:37:29 info: BridgeServer[0] Entity state forwarded: 7dtd -> minecraft (update, 524e1209-5e93-4e0c-80eb-9aed64664243)
10:37:30 info: BridgeServer[0] Entity registry: updated, id=524e1209-5e93-4e0c-80eb-9aed64664243, count=1
10:37:30 info: BridgeServer[0] [Presentation] entity=524e1209-5e93-4e0c-80eb-9aed64664243 state=[presentation, {   "renderer": "humanoid",   "model": "survivor",   "scale": 1.0,   "variant": "default" }]
10:37:30 info: BridgeServer[0] Entity state forwarded: 7dtd -> minecraft (update, 524e1209-5e93-4e0c-80eb-9aed64664243)
10:37:30 info: BridgeServer[0] Entity registry: updated, id=524e1209-5e93-4e0c-80eb-9aed64664243, count=1
10:37:30 info: BridgeServer[0] [Presentation] entity=524e1209-5e93-4e0c-80eb-9aed64664243 state=[presentation, {   "renderer": "humanoid",   "model": "survivor",   "scale": 1.0,   "variant": "default" }]
10:37:30 info: BridgeServer[0] Entity state forwarded: 7dtd -> minecraft (update, 524e1209-5e93-4e0c-80eb-9aed64664243)
10:37:31 info: BridgeServer[0] Entity registry: updated, id=524e1209-5e93-4e0c-80eb-9aed64664243, count=1
10:37:31 info: BridgeServer[0] [Presentation] entity=524e1209-5e93-4e0c-80eb-9aed64664243 state=[presentation, {   "renderer": "humanoid",   "model": "survivor",   "scale": 1.0,   "variant": "default" }]
10:37:31 info: BridgeServer[0] Entity state forwarded: 7dtd -> minecraft (update, 524e1209-5e93-4e0c-80eb-9aed64664243)
10:37:31 info: BridgeServer[0] Entity registry: updated, id=524e1209-5e93-4e0c-80eb-9aed64664243, count=1
10:37:31 info: BridgeServer[0] [Presentation] entity=524e1209-5e93-4e0c-80eb-9aed64664243 state=[presentation, {   "renderer": "humanoid",   "model": "survivor",   "scale": 1.0,   "variant": "default" }]
10:37:31 info: BridgeServer[0] Entity state forwarded: 7dtd -> minecraft (update, 524e1209-5e93-4e0c-80eb-9aed64664243)
10:37:32 info: BridgeServer[0] Entity registry: updated, id=524e1209-5e93-4e0c-80eb-9aed64664243, count=1
10:37:32 info: BridgeServer[0] [Presentation] entity=524e1209-5e93-4e0c-80eb-9aed64664243 state=[presentation, {   "renderer": "humanoid",   "model": "survivor",   "scale": 1.0,   "variant": "default" }]
10:37:32 info: BridgeServer[0] Entity state forwarded: 7dtd -> minecraft (update, 524e1209-5e93-4e0c-80eb-9aed64664243)
10:37:32 info: BridgeServer[0] Entity registry: updated, id=524e1209-5e93-4e0c-80eb-9aed64664243, count=1
10:37:32 info: BridgeServer[0] [Presentation] entity=524e1209-5e93-4e0c-80eb-9aed64664243 state=[presentation, {   "renderer": "humanoid",   "model": "survivor",   "scale": 1.0,   "variant": "default" }]
10:37:32 info: BridgeServer[0] Entity state forwarded: 7dtd -> minecraft (update, 524e1209-5e93-4e0c-80eb-9aed64664243)
10:37:33 info: BridgeServer[0] Entity registry: updated, id=524e1209-5e93-4e0c-80eb-9aed64664243, count=1
10:37:33 info: BridgeServer[0] [Presentation] entity=524e1209-5e93-4e0c-80eb-9aed64664243 state=[presentation, {   "renderer": "humanoid",   "model": "survivor",   "scale": 1.0,   "variant": "default" }]
10:37:33 info: BridgeServer[0] Entity state forwarded: 7dtd -> minecraft (update, 524e1209-5e93-4e0c-80eb-9aed64664243)
10:37:33 info: BridgeServer[0] Entity registry: updated, id=524e1209-5e93-4e0c-80eb-9aed64664243, count=1
10:37:33 info: BridgeServer[0] [Presentation] entity=524e1209-5e93-4e0c-80eb-9aed64664243 state=[presentation, {   "renderer": "humanoid",   "model": "survivor",   "scale": 1.0,   "variant": "default" }]
10:37:33 info: BridgeServer[0] Entity state forwarded: 7dtd -> minecraft (update, 524e1209-5e93-4e0c-80eb-9aed64664243)
10:37:34 info: BridgeServer[0] Entity registry: updated, id=524e1209-5e93-4e0c-80eb-9aed64664243, count=1
10:37:34 info: BridgeServer[0] [Presentation] entity=524e1209-5e93-4e0c-80eb-9aed64664243 state=[presentation, {   "renderer": "humanoid",   "model": "survivor",   "scale": 1.0,   "variant": "default" }]
10:37:34 info: BridgeServer[0] Entity state forwarded: 7dtd -> minecraft (update, 524e1209-5e93-4e0c-80eb-9aed64664243)
10:37:34 info: BridgeServer[0] Entity registry: updated, id=524e1209-5e93-4e0c-80eb-9aed64664243, count=1
10:37:34 info: BridgeServer[0] [Presentation] entity=524e1209-5e93-4e0c-80eb-9aed64664243 state=[presentation, {   "renderer": "humanoid",   "model": "survivor",   "scale": 1.0,   "variant": "default" }]
10:37:34 info: BridgeServer[0] Entity state forwarded: 7dtd -> minecraft (update, 524e1209-5e93-4e0c-80eb-9aed64664243)
10:37:35 info: BridgeServer[0] Entity registry: updated, id=524e1209-5e93-4e0c-80eb-9aed64664243, count=1
10:37:35 info: BridgeServer[0] [Presentation] entity=524e1209-5e93-4e0c-80eb-9aed64664243 state=[presentation, {   "renderer": "humanoid",   "model": "survivor",   "scale": 1.0,   "variant": "default" }]
10:37:35 info: BridgeServer[0] Entity state forwarded: 7dtd -> minecraft (update, 524e1209-5e93-4e0c-80eb-9aed64664243)
10:37:35 info: BridgeServer[0] Entity registry: updated, id=524e1209-5e93-4e0c-80eb-9aed64664243, count=1
10:37:35 info: BridgeServer[0] [Presentation] entity=524e1209-5e93-4e0c-80eb-9aed64664243 state=[presentation, {   "renderer": "humanoid",   "model": "survivor",   "scale": 1.0,   "variant": "default" }]
10:37:35 info: BridgeServer[0] Entity state forwarded: 7dtd -> minecraft (update, 524e1209-5e93-4e0c-80eb-9aed64664243)
10:37:36 info: BridgeServer[0] Entity registry: updated, id=524e1209-5e93-4e0c-80eb-9aed64664243, count=1
10:37:36 info: BridgeServer[0] [Presentation] entity=524e1209-5e93-4e0c-80eb-9aed64664243 state=[presentation, {   "renderer": "humanoid",   "model": "survivor",   "scale": 1.0,   "variant": "default" }]
10:37:36 info: BridgeServer[0] Entity state forwarded: 7dtd -> minecraft (update, 524e1209-5e93-4e0c-80eb-9aed64664243)
10:37:36 info: BridgeServer[0] Entity registry: updated, id=524e1209-5e93-4e0c-80eb-9aed64664243, count=1
10:37:36 info: BridgeServer[0] [Presentation] entity=524e1209-5e93-4e0c-80eb-9aed64664243 state=[presentation, {   "renderer": "humanoid",   "model": "survivor",   "scale": 1.0,   "variant": "default" }]
10:37:36 info: BridgeServer[0] Entity state forwarded: 7dtd -> minecraft (update, 524e1209-5e93-4e0c-80eb-9aed64664243)
10:37:37 info: BridgeServer[0] Entity registry: updated, id=524e1209-5e93-4e0c-80eb-9aed64664243, count=1
10:37:37 info: BridgeServer[0] [Presentation] entity=524e1209-5e93-4e0c-80eb-9aed64664243 state=[presentation, {   "renderer": "humanoid",   "model": "survivor",   "scale": 1.0,   "variant": "default" }]
10:37:37 info: BridgeServer[0] Entity state forwarded: 7dtd -> minecraft (update, 524e1209-5e93-4e0c-80eb-9aed64664243)
10:37:37 info: BridgeServer[0] Entity registry: updated, id=524e1209-5e93-4e0c-80eb-9aed64664243, count=1
10:37:37 info: BridgeServer[0] [Presentation] entity=524e1209-5e93-4e0c-80eb-9aed64664243 state=[presentation, {   "renderer": "humanoid",   "model": "survivor",   "scale": 1.0,   "variant": "default" }]
10:37:37 info: BridgeServer[0] Entity state forwarded: 7dtd -> minecraft (update, 524e1209-5e93-4e0c-80eb-9aed64664243)
10:37:38 info: BridgeServer[0] Entity registry: updated, id=524e1209-5e93-4e0c-80eb-9aed64664243, count=1
10:37:38 info: BridgeServer[0] [Presentation] entity=524e1209-5e93-4e0c-80eb-9aed64664243 state=[presentation, {   "renderer": "humanoid",   "model": "survivor",   "scale": 1.0,   "variant": "default" }]
10:37:38 info: BridgeServer[0] Entity state forwarded: 7dtd -> minecraft (update, 524e1209-5e93-4e0c-80eb-9aed64664243)
10:37:38 info: BridgeServer[0] Entity registry: updated, id=524e1209-5e93-4e0c-80eb-9aed64664243, count=1
10:37:38 info: BridgeServer[0] [Presentation] entity=524e1209-5e93-4e0c-80eb-9aed64664243 state=[presentation, {   "renderer": "humanoid",   "model": "survivor",   "scale": 1.0,   "variant": "default" }]
10:37:38 info: BridgeServer[0] Entity state forwarded: 7dtd -> minecraft (update, 524e1209-5e93-4e0c-80eb-9aed64664243)
10:37:39 info: BridgeServer[0] Entity registry: updated, id=524e1209-5e93-4e0c-80eb-9aed64664243, count=1
10:37:39 info: BridgeServer[0] [Presentation] entity=524e1209-5e93-4e0c-80eb-9aed64664243 state=[presentation, {   "renderer": "humanoid",   "model": "survivor",   "scale": 1.0,   "variant": "default" }]
10:37:39 info: BridgeServer[0] Entity state forwarded: 7dtd -> minecraft (update, 524e1209-5e93-4e0c-80eb-9aed64664243)
10:37:39 info: BridgeServer[0] Entity registry: updated, id=524e1209-5e93-4e0c-80eb-9aed64664243, count=1
10:37:39 info: BridgeServer[0] [Presentation] entity=524e1209-5e93-4e0c-80eb-9aed64664243 state=[presentation, {   "renderer": "humanoid",   "model": "survivor",   "scale": 1.0,   "variant": "default" }]
10:37:39 info: BridgeServer[0] Entity state forwarded: 7dtd -> minecraft (update, 524e1209-5e93-4e0c-80eb-9aed64664243)
10:37:40 info: BridgeServer[0] Entity registry: updated, id=524e1209-5e93-4e0c-80eb-9aed64664243, count=1
10:37:40 info: BridgeServer[0] [Presentation] entity=524e1209-5e93-4e0c-80eb-9aed64664243 state=[presentation, {   "renderer": "humanoid",   "model": "survivor",   "scale": 1.0,   "variant": "default" }]
10:37:40 info: BridgeServer[0] Entity state forwarded: 7dtd -> minecraft (update, 524e1209-5e93-4e0c-80eb-9aed64664243)
10:37:40 info: BridgeServer[0] Entity registry: updated, id=524e1209-5e93-4e0c-80eb-9aed64664243, count=1
10:37:40 info: BridgeServer[0] [Presentation] entity=524e1209-5e93-4e0c-80eb-9aed64664243 state=[presentation, {   "renderer": "humanoid",   "model": "survivor",   "scale": 1.0,   "variant": "default" }]
10:37:40 info: BridgeServer[0] Entity state forwarded: 7dtd -> minecraft (update, 524e1209-5e93-4e0c-80eb-9aed64664243)
10:37:41 info: BridgeServer[0] Entity registry: updated, id=524e1209-5e93-4e0c-80eb-9aed64664243, count=1
10:37:41 info: BridgeServer[0] [Presentation] entity=524e1209-5e93-4e0c-80eb-9aed64664243 state=[presentation, {   "renderer": "humanoid",   "model": "survivor",   "scale": 1.0,   "variant": "default" }]
10:37:41 info: BridgeServer[0] Entity state forwarded: 7dtd -> minecraft (update, 524e1209-5e93-4e0c-80eb-9aed64664243)
10:37:41 info: BridgeServer[0] Entity registry: updated, id=524e1209-5e93-4e0c-80eb-9aed64664243, count=1
10:37:41 info: BridgeServer[0] [Presentation] entity=524e1209-5e93-4e0c-80eb-9aed64664243 state=[presentation, {   "renderer": "humanoid",   "model": "survivor",   "scale": 1.0,   "variant": "default" }]
10:37:41 info: BridgeServer[0] Entity state forwarded: 7dtd -> minecraft (update, 524e1209-5e93-4e0c-80eb-9aed64664243)
10:37:42 info: BridgeServer[0] Entity registry: updated, id=524e1209-5e93-4e0c-80eb-9aed64664243, count=1
10:37:42 info: BridgeServer[0] [Presentation] entity=524e1209-5e93-4e0c-80eb-9aed64664243 state=[presentation, {   "renderer": "humanoid",   "model": "survivor",   "scale": 1.0,   "variant": "default" }]
10:37:42 info: BridgeServer[0] Entity state forwarded: 7dtd -> minecraft (update, 524e1209-5e93-4e0c-80eb-9aed64664243)
10:37:42 info: BridgeServer[0] Entity registry: updated, id=524e1209-5e93-4e0c-80eb-9aed64664243, count=1
10:37:42 info: BridgeServer[0] [Presentation] entity=524e1209-5e93-4e0c-80eb-9aed64664243 state=[presentation, {   "renderer": "humanoid",   "model": "survivor",   "scale": 1.0,   "variant": "default" }]
10:37:42 info: BridgeServer[0] Entity state forwarded: 7dtd -> minecraft (update, 524e1209-5e93-4e0c-80eb-9aed64664243)
10:37:43 info: BridgeServer[0] Entity registry: updated, id=524e1209-5e93-4e0c-80eb-9aed64664243, count=1
10:37:43 info: BridgeServer[0] [Presentation] entity=524e1209-5e93-4e0c-80eb-9aed64664243 state=[presentation, {   "renderer": "humanoid",   "model": "survivor",   "scale": 1.0,   "variant": "default" }]
10:37:43 info: BridgeServer[0] Entity state forwarded: 7dtd -> minecraft (update, 524e1209-5e93-4e0c-80eb-9aed64664243)
10:37:43 info: BridgeServer[0] Entity registry: updated, id=524e1209-5e93-4e0c-80eb-9aed64664243, count=1
10:37:43 info: BridgeServer[0] [Presentation] entity=524e1209-5e93-4e0c-80eb-9aed64664243 state=[presentation, {   "renderer": "humanoid",   "model": "survivor",   "scale": 1.0,   "variant": "default" }]
10:37:43 info: BridgeServer[0] Entity state forwarded: 7dtd -> minecraft (update, 524e1209-5e93-4e0c-80eb-9aed64664243)
10:37:44 info: BridgeServer[0] Entity registry: updated, id=524e1209-5e93-4e0c-80eb-9aed64664243, count=1
10:37:44 info: BridgeServer[0] [Presentation] entity=524e1209-5e93-4e0c-80eb-9aed64664243 state=[presentation, {   "renderer": "humanoid",   "model": "survivor",   "scale": 1.0,   "variant": "default" }]
10:37:44 info: BridgeServer[0] Entity state forwarded: 7dtd -> minecraft (update, 524e1209-5e93-4e0c-80eb-9aed64664243)
10:37:44 info: BridgeServer[0] Entity registry: updated, id=524e1209-5e93-4e0c-80eb-9aed64664243, count=1
10:37:44 info: BridgeServer[0] [Presentation] entity=524e1209-5e93-4e0c-80eb-9aed64664243 state=[presentation, {   "renderer": "humanoid",   "model": "survivor",   "scale": 1.0,   "variant": "default" }]
10:37:44 info: BridgeServer[0] Entity state forwarded: 7dtd -> minecraft (update, 524e1209-5e93-4e0c-80eb-9aed64664243)
10:37:45 info: BridgeServer[0] Entity registry: updated, id=524e1209-5e93-4e0c-80eb-9aed64664243, count=1
10:37:45 info: BridgeServer[0] [Presentation] entity=524e1209-5e93-4e0c-80eb-9aed64664243 state=[presentation, {   "renderer": "humanoid",   "model": "survivor",   "scale": 1.0,   "variant": "default" }]
10:37:45 info: BridgeServer[0] Entity state forwarded: 7dtd -> minecraft (update, 524e1209-5e93-4e0c-80eb-9aed64664243)
10:37:45 info: BridgeServer[0] Entity registry: updated, id=524e1209-5e93-4e0c-80eb-9aed64664243, count=1
10:37:45 info: BridgeServer[0] [Presentation] entity=524e1209-5e93-4e0c-80eb-9aed64664243 state=[presentation, {   "renderer": "humanoid",   "model": "survivor",   "scale": 1.0,   "variant": "default" }]
10:37:45 info: BridgeServer[0] Entity state forwarded: 7dtd -> minecraft (update, 524e1209-5e93-4e0c-80eb-9aed64664243)
10:37:46 info: BridgeServer[0] Entity registry: updated, id=524e1209-5e93-4e0c-80eb-9aed64664243, count=1
10:37:46 info: BridgeServer[0] [Presentation] entity=524e1209-5e93-4e0c-80eb-9aed64664243 state=[presentation, {   "renderer": "humanoid",   "model": "survivor",   "scale": 1.0,   "variant": "default" }]
10:37:46 info: BridgeServer[0] Entity state forwarded: 7dtd -> minecraft (update, 524e1209-5e93-4e0c-80eb-9aed64664243)
10:37:46 info: BridgeServer[0] Entity registry: updated, id=524e1209-5e93-4e0c-80eb-9aed64664243, count=1
10:37:46 info: BridgeServer[0] [Presentation] entity=524e1209-5e93-4e0c-80eb-9aed64664243 state=[presentation, {   "renderer": "humanoid",   "model": "survivor",   "scale": 1.0,   "variant": "default" }]
10:37:46 info: BridgeServer[0] Entity state forwarded: 7dtd -> minecraft (update, 524e1209-5e93-4e0c-80eb-9aed64664243)
10:37:47 info: BridgeServer[0] Entity registry: updated, id=524e1209-5e93-4e0c-80eb-9aed64664243, count=1
10:37:47 info: BridgeServer[0] [Presentation] entity=524e1209-5e93-4e0c-80eb-9aed64664243 state=[presentation, {   "renderer": "humanoid",   "model": "survivor",   "scale": 1.0,   "variant": "default" }]
10:37:47 info: BridgeServer[0] Entity state forwarded: 7dtd -> minecraft (update, 524e1209-5e93-4e0c-80eb-9aed64664243)
10:37:47 info: BridgeServer[0] Entity registry: updated, id=524e1209-5e93-4e0c-80eb-9aed64664243, count=1
10:37:47 info: BridgeServer[0] [Presentation] entity=524e1209-5e93-4e0c-80eb-9aed64664243 state=[presentation, {   "renderer": "humanoid",   "model": "survivor",   "scale": 1.0,   "variant": "default" }]
10:37:47 info: BridgeServer[0] Entity state forwarded: 7dtd -> minecraft (update, 524e1209-5e93-4e0c-80eb-9aed64664243)
10:37:48 info: BridgeServer[0] Entity registry: updated, id=524e1209-5e93-4e0c-80eb-9aed64664243, count=1
10:37:48 info: BridgeServer[0] [Presentation] entity=524e1209-5e93-4e0c-80eb-9aed64664243 state=[presentation, {   "renderer": "humanoid",   "model": "survivor",   "scale": 1.0,   "variant": "default" }]
10:37:48 info: BridgeServer[0] Entity state forwarded: 7dtd -> minecraft (update, 524e1209-5e93-4e0c-80eb-9aed64664243)
10:37:48 info: BridgeServer[0] Entity registry: updated, id=524e1209-5e93-4e0c-80eb-9aed64664243, count=1
10:37:48 info: BridgeServer[0] [Presentation] entity=524e1209-5e93-4e0c-80eb-9aed64664243 state=[presentation, {   "renderer": "humanoid",   "model": "survivor",   "scale": 1.0,   "variant": "default" }]
10:37:48 info: BridgeServer[0] Entity state forwarded: 7dtd -> minecraft (update, 524e1209-5e93-4e0c-80eb-9aed64664243)
10:37:49 info: BridgeServer[0] Entity registry: updated, id=524e1209-5e93-4e0c-80eb-9aed64664243, count=1
10:37:49 info: BridgeServer[0] [Presentation] entity=524e1209-5e93-4e0c-80eb-9aed64664243 state=[presentation, {   "renderer": "humanoid",   "model": "survivor",   "scale": 1.0,   "variant": "default" }]
10:37:49 info: BridgeServer[0] Entity state forwarded: 7dtd -> minecraft (update, 524e1209-5e93-4e0c-80eb-9aed64664243)
10:37:49 info: BridgeServer[0] Entity registry: updated, id=524e1209-5e93-4e0c-80eb-9aed64664243, count=1
10:37:49 info: BridgeServer[0] [Presentation] entity=524e1209-5e93-4e0c-80eb-9aed64664243 state=[presentation, {   "renderer": "humanoid",   "model": "survivor",   "scale": 1.0,   "variant": "default" }]
10:37:49 info: BridgeServer[0] Entity state forwarded: 7dtd -> minecraft (update, 524e1209-5e93-4e0c-80eb-9aed64664243)
10:37:50 info: BridgeServer[0] Entity registry: updated, id=524e1209-5e93-4e0c-80eb-9aed64664243, count=1
10:37:50 info: BridgeServer[0] [Presentation] entity=524e1209-5e93-4e0c-80eb-9aed64664243 state=[presentation, {   "renderer": "humanoid",   "model": "survivor",   "scale": 1.0,   "variant": "default" }]
10:37:50 info: BridgeServer[0] Entity state forwarded: 7dtd -> minecraft (update, 524e1209-5e93-4e0c-80eb-9aed64664243)
10:37:50 info: BridgeServer[0] Entity registry: updated, id=524e1209-5e93-4e0c-80eb-9aed64664243, count=1
10:37:50 info: BridgeServer[0] [Presentation] entity=524e1209-5e93-4e0c-80eb-9aed64664243 state=[presentation, {   "renderer": "humanoid",   "model": "survivor",   "scale": 1.0,   "variant": "default" }]
10:37:50 info: BridgeServer[0] Entity state forwarded: 7dtd -> minecraft (update, 524e1209-5e93-4e0c-80eb-9aed64664243)
10:37:51 info: BridgeServer[0] Entity registry: updated, id=524e1209-5e93-4e0c-80eb-9aed64664243, count=1
10:37:51 info: BridgeServer[0] [Presentation] entity=524e1209-5e93-4e0c-80eb-9aed64664243 state=[presentation, {   "renderer": "humanoid",   "model": "survivor",   "scale": 1.0,   "variant": "default" }]
10:37:51 info: BridgeServer[0] Entity state forwarded: 7dtd -> minecraft (update, 524e1209-5e93-4e0c-80eb-9aed64664243)
10:37:51 info: BridgeServer[0] Entity registry: updated, id=524e1209-5e93-4e0c-80eb-9aed64664243, count=1
10:37:51 info: BridgeServer[0] [Presentation] entity=524e1209-5e93-4e0c-80eb-9aed64664243 state=[presentation, {   "renderer": "humanoid",   "model": "survivor",   "scale": 1.0,   "variant": "default" }]
10:37:51 info: BridgeServer[0] Entity state forwarded: 7dtd -> minecraft (update, 524e1209-5e93-4e0c-80eb-9aed64664243)
10:37:52 info: BridgeServer[0] Entity registry: updated, id=524e1209-5e93-4e0c-80eb-9aed64664243, count=1
10:37:52 info: BridgeServer[0] [Presentation] entity=524e1209-5e93-4e0c-80eb-9aed64664243 state=[presentation, {   "renderer": "humanoid",   "model": "survivor",   "scale": 1.0,   "variant": "default" }]
10:37:52 info: BridgeServer[0] Entity state forwarded: 7dtd -> minecraft (update, 524e1209-5e93-4e0c-80eb-9aed64664243)
10:37:52 info: BridgeServer[0] Entity registry: updated, id=524e1209-5e93-4e0c-80eb-9aed64664243, count=1
10:37:52 info: BridgeServer[0] [Presentation] entity=524e1209-5e93-4e0c-80eb-9aed64664243 state=[presentation, {   "renderer": "humanoid",   "model": "survivor",   "scale": 1.0,   "variant": "default" }]
10:37:52 info: BridgeServer[0] Entity state forwarded: 7dtd -> minecraft (update, 524e1209-5e93-4e0c-80eb-9aed64664243)
10:37:53 info: BridgeServer[0] Entity registry: updated, id=524e1209-5e93-4e0c-80eb-9aed64664243, count=1
10:37:53 info: BridgeServer[0] [Presentation] entity=524e1209-5e93-4e0c-80eb-9aed64664243 state=[presentation, {   "renderer": "humanoid",   "model": "survivor",   "scale": 1.0,   "variant": "default" }]
10:37:53 info: BridgeServer[0] Entity state forwarded: 7dtd -> minecraft (update, 524e1209-5e93-4e0c-80eb-9aed64664243)
10:37:53 info: BridgeServer[0] Entity registry: updated, id=524e1209-5e93-4e0c-80eb-9aed64664243, count=1
10:37:53 info: BridgeServer[0] [Presentation] entity=524e1209-5e93-4e0c-80eb-9aed64664243 state=[presentation, {   "renderer": "humanoid",   "model": "survivor",   "scale": 1.0,   "variant": "default" }]
10:37:53 info: BridgeServer[0] Entity state forwarded: 7dtd -> minecraft (update, 524e1209-5e93-4e0c-80eb-9aed64664243)
10:37:54 info: BridgeServer[0] Entity registry: updated, id=524e1209-5e93-4e0c-80eb-9aed64664243, count=1
10:37:54 info: BridgeServer[0] [Presentation] entity=524e1209-5e93-4e0c-80eb-9aed64664243 state=[presentation, {   "renderer": "humanoid",   "model": "survivor",   "scale": 1.0,   "variant": "default" }]
10:37:54 info: BridgeServer[0] Entity state forwarded: 7dtd -> minecraft (update, 524e1209-5e93-4e0c-80eb-9aed64664243)
10:37:54 info: BridgeServer[0] Entity registry: updated, id=524e1209-5e93-4e0c-80eb-9aed64664243, count=1
10:37:54 info: BridgeServer[0] [Presentation] entity=524e1209-5e93-4e0c-80eb-9aed64664243 state=[presentation, {   "renderer": "humanoid",   "model": "survivor",   "scale": 1.0,   "variant": "default" }]
10:37:54 info: BridgeServer[0] Entity state forwarded: 7dtd -> minecraft (update, 524e1209-5e93-4e0c-80eb-9aed64664243)
10:37:55 info: BridgeServer[0] Entity registry: updated, id=524e1209-5e93-4e0c-80eb-9aed64664243, count=1
10:37:55 info: BridgeServer[0] [Presentation] entity=524e1209-5e93-4e0c-80eb-9aed64664243 state=[presentation, {   "renderer": "humanoid",   "model": "survivor",   "scale": 1.0,   "variant": "default" }]
10:37:55 info: BridgeServer[0] Entity state forwarded: 7dtd -> minecraft (update, 524e1209-5e93-4e0c-80eb-9aed64664243)
10:37:55 info: BridgeServer[0] Entity registry: updated, id=524e1209-5e93-4e0c-80eb-9aed64664243, count=1
10:37:55 info: BridgeServer[0] [Presentation] entity=524e1209-5e93-4e0c-80eb-9aed64664243 state=[presentation, {   "renderer": "humanoid",   "model": "survivor",   "scale": 1.0,   "variant": "default" }]
10:37:55 info: BridgeServer[0] Entity state forwarded: 7dtd -> minecraft (update, 524e1209-5e93-4e0c-80eb-9aed64664243)
10:37:56 info: BridgeServer[0] Entity registry: updated, id=524e1209-5e93-4e0c-80eb-9aed64664243, count=1
10:37:56 info: BridgeServer[0] [Presentation] entity=524e1209-5e93-4e0c-80eb-9aed64664243 state=[presentation, {   "renderer": "humanoid",   "model": "survivor",   "scale": 1.0,   "variant": "default" }]
10:37:56 info: BridgeServer[0] Entity state forwarded: 7dtd -> minecraft (update, 524e1209-5e93-4e0c-80eb-9aed64664243)
10:37:56 info: BridgeServer[0] Entity registry: updated, id=524e1209-5e93-4e0c-80eb-9aed64664243, count=1
10:37:56 info: BridgeServer[0] [Presentation] entity=524e1209-5e93-4e0c-80eb-9aed64664243 state=[presentation, {   "renderer": "humanoid",   "model": "survivor",   "scale": 1.0,   "variant": "default" }]
10:37:56 info: BridgeServer[0] Entity state forwarded: 7dtd -> minecraft (update, 524e1209-5e93-4e0c-80eb-9aed64664243)
10:37:57 info: BridgeServer[0] Entity registry: updated, id=524e1209-5e93-4e0c-80eb-9aed64664243, count=1
10:37:57 info: BridgeServer[0] [Presentation] entity=524e1209-5e93-4e0c-80eb-9aed64664243 state=[presentation, {   "renderer": "humanoid",   "model": "survivor",   "scale": 1.0,   "variant": "default" }]
10:37:57 info: BridgeServer[0] Entity state forwarded: 7dtd -> minecraft (update, 524e1209-5e93-4e0c-80eb-9aed64664243)
10:37:57 info: BridgeServer[0] Entity registry: updated, id=524e1209-5e93-4e0c-80eb-9aed64664243, count=1
10:37:57 info: BridgeServer[0] [Presentation] entity=524e1209-5e93-4e0c-80eb-9aed64664243 state=[presentation, {   "renderer": "humanoid",   "model": "survivor",   "scale": 1.0,   "variant": "default" }]
10:37:57 info: BridgeServer[0] Entity state forwarded: 7dtd -> minecraft (update, 524e1209-5e93-4e0c-80eb-9aed64664243)
10:37:58 info: BridgeServer[0] Entity registry: updated, id=524e1209-5e93-4e0c-80eb-9aed64664243, count=1
10:37:58 info: BridgeServer[0] [Presentation] entity=524e1209-5e93-4e0c-80eb-9aed64664243 state=[presentation, {   "renderer": "humanoid",   "model": "survivor",   "scale": 1.0,   "variant": "default" }]
10:37:58 info: BridgeServer[0] Entity state forwarded: 7dtd -> minecraft (update, 524e1209-5e93-4e0c-80eb-9aed64664243)
10:37:58 info: BridgeServer[0] Entity registry: updated, id=524e1209-5e93-4e0c-80eb-9aed64664243, count=1
10:37:58 info: BridgeServer[0] [Presentation] entity=524e1209-5e93-4e0c-80eb-9aed64664243 state=[presentation, {   "renderer": "humanoid",   "model": "survivor",   "scale": 1.0,   "variant": "default" }]
10:37:58 info: BridgeServer[0] Entity state forwarded: 7dtd -> minecraft (update, 524e1209-5e93-4e0c-80eb-9aed64664243)
10:37:59 info: BridgeServer[0] Entity registry: updated, id=524e1209-5e93-4e0c-80eb-9aed64664243, count=1
10:37:59 info: BridgeServer[0] [Presentation] entity=524e1209-5e93-4e0c-80eb-9aed64664243 state=[presentation, {   "renderer": "humanoid",   "model": "survivor",   "scale": 1.0,   "variant": "default" }]
10:37:59 info: BridgeServer[0] Entity state forwarded: 7dtd -> minecraft (update, 524e1209-5e93-4e0c-80eb-9aed64664243)
10:37:59 info: BridgeServer[0] Entity registry: updated, id=524e1209-5e93-4e0c-80eb-9aed64664243, count=1
10:37:59 info: BridgeServer[0] [Presentation] entity=524e1209-5e93-4e0c-80eb-9aed64664243 state=[presentation, {   "renderer": "humanoid",   "model": "survivor",   "scale": 1.0,   "variant": "default" }]
10:37:59 info: BridgeServer[0] Entity state forwarded: 7dtd -> minecraft (update, 524e1209-5e93-4e0c-80eb-9aed64664243)
10:38:00 info: BridgeServer[0] Entity registry: updated, id=524e1209-5e93-4e0c-80eb-9aed64664243, count=1
10:38:00 info: BridgeServer[0] [Presentation] entity=524e1209-5e93-4e0c-80eb-9aed64664243 state=[presentation, {   "renderer": "humanoid",   "model": "survivor",   "scale": 1.0,   "variant": "default" }]
10:38:00 info: BridgeServer[0] Entity state forwarded: 7dtd -> minecraft (update, 524e1209-5e93-4e0c-80eb-9aed64664243)
10:38:00 info: BridgeServer[0] Entity registry: updated, id=524e1209-5e93-4e0c-80eb-9aed64664243, count=1
10:38:00 info: BridgeServer[0] [Presentation] entity=524e1209-5e93-4e0c-80eb-9aed64664243 state=[presentation, {   "renderer": "humanoid",   "model": "survivor",   "scale": 1.0,   "variant": "default" }]
10:38:00 info: BridgeServer[0] Entity state forwarded: 7dtd -> minecraft (update, 524e1209-5e93-4e0c-80eb-9aed64664243)
10:38:01 info: BridgeServer[0] Entity registry: updated, id=524e1209-5e93-4e0c-80eb-9aed64664243, count=1
10:38:01 info: BridgeServer[0] [Presentation] entity=524e1209-5e93-4e0c-80eb-9aed64664243 state=[presentation, {   "renderer": "humanoid",   "model": "survivor",   "scale": 1.0,   "variant": "default" }]
10:38:01 info: BridgeServer[0] Entity state forwarded: 7dtd -> minecraft (update, 524e1209-5e93-4e0c-80eb-9aed64664243)
10:38:01 info: BridgeServer[0] Entity registry: updated, id=524e1209-5e93-4e0c-80eb-9aed64664243, count=1
10:38:01 info: BridgeServer[0] [Presentation] entity=524e1209-5e93-4e0c-80eb-9aed64664243 state=[presentation, {   "renderer": "humanoid",   "model": "survivor",   "scale": 1.0,   "variant": "default" }]
10:38:01 info: BridgeServer[0] Entity state forwarded: 7dtd -> minecraft (update, 524e1209-5e93-4e0c-80eb-9aed64664243)
10:38:02 info: BridgeServer[0] Entity registry: updated, id=524e1209-5e93-4e0c-80eb-9aed64664243, count=1
10:38:02 info: BridgeServer[0] [Presentation] entity=524e1209-5e93-4e0c-80eb-9aed64664243 state=[presentation, {   "renderer": "humanoid",   "model": "survivor",   "scale": 1.0,   "variant": "default" }]
10:38:02 info: BridgeServer[0] Entity state forwarded: 7dtd -> minecraft (update, 524e1209-5e93-4e0c-80eb-9aed64664243)
10:38:02 info: BridgeServer[0] Entity registry: updated, id=524e1209-5e93-4e0c-80eb-9aed64664243, count=1
10:38:02 info: BridgeServer[0] [Presentation] entity=524e1209-5e93-4e0c-80eb-9aed64664243 state=[presentation, {   "renderer": "humanoid",   "model": "survivor",   "scale": 1.0,   "variant": "default" }]
10:38:02 info: BridgeServer[0] Entity state forwarded: 7dtd -> minecraft (update, 524e1209-5e93-4e0c-80eb-9aed64664243)
10:38:03 info: BridgeServer[0] Entity registry: updated, id=524e1209-5e93-4e0c-80eb-9aed64664243, count=1
10:38:03 info: BridgeServer[0] [Presentation] entity=524e1209-5e93-4e0c-80eb-9aed64664243 state=[presentation, {   "renderer": "humanoid",   "model": "survivor",   "scale": 1.0,   "variant": "default" }]
10:38:03 info: BridgeServer[0] Entity state forwarded: 7dtd -> minecraft (update, 524e1209-5e93-4e0c-80eb-9aed64664243)
10:38:03 info: BridgeServer[0] Entity registry: updated, id=524e1209-5e93-4e0c-80eb-9aed64664243, count=1
10:38:03 info: BridgeServer[0] [Presentation] entity=524e1209-5e93-4e0c-80eb-9aed64664243 state=[presentation, {   "renderer": "humanoid",   "model": "survivor",   "scale": 1.0,   "variant": "default" }]
10:38:03 info: BridgeServer[0] Entity state forwarded: 7dtd -> minecraft (update, 524e1209-5e93-4e0c-80eb-9aed64664243)
10:38:04 info: BridgeServer[0] Entity registry: updated, id=524e1209-5e93-4e0c-80eb-9aed64664243, count=1
10:38:04 info: BridgeServer[0] [Presentation] entity=524e1209-5e93-4e0c-80eb-9aed64664243 state=[presentation, {   "renderer": "humanoid",   "model": "survivor",   "scale": 1.0,   "variant": "default" }]
10:38:04 info: BridgeServer[0] Entity state forwarded: 7dtd -> minecraft (update, 524e1209-5e93-4e0c-80eb-9aed64664243)
10:38:04 info: BridgeServer[0] Entity registry: updated, id=524e1209-5e93-4e0c-80eb-9aed64664243, count=1
10:38:04 info: BridgeServer[0] [Presentation] entity=524e1209-5e93-4e0c-80eb-9aed64664243 state=[presentation, {   "renderer": "humanoid",   "model": "survivor",   "scale": 1.0,   "variant": "default" }]
10:38:04 info: BridgeServer[0] Entity state forwarded: 7dtd -> minecraft (update, 524e1209-5e93-4e0c-80eb-9aed64664243)
10:38:05 info: BridgeServer[0] Entity registry: updated, id=524e1209-5e93-4e0c-80eb-9aed64664243, count=1
10:38:05 info: BridgeServer[0] [Presentation] entity=524e1209-5e93-4e0c-80eb-9aed64664243 state=[presentation, {   "renderer": "humanoid",   "model": "survivor",   "scale": 1.0,   "variant": "default" }]
10:38:05 info: BridgeServer[0] Entity state forwarded: 7dtd -> minecraft (update, 524e1209-5e93-4e0c-80eb-9aed64664243)
10:38:05 info: BridgeServer[0] Entity registry: updated, id=524e1209-5e93-4e0c-80eb-9aed64664243, count=1
10:38:05 info: BridgeServer[0] [Presentation] entity=524e1209-5e93-4e0c-80eb-9aed64664243 state=[presentation, {   "renderer": "humanoid",   "model": "survivor",   "scale": 1.0,   "variant": "default" }]
10:38:05 info: BridgeServer[0] Entity state forwarded: 7dtd -> minecraft (update, 524e1209-5e93-4e0c-80eb-9aed64664243)
10:38:06 info: BridgeServer[0] Entity registry: updated, id=524e1209-5e93-4e0c-80eb-9aed64664243, count=1
10:38:06 info: BridgeServer[0] [Presentation] entity=524e1209-5e93-4e0c-80eb-9aed64664243 state=[presentation, {   "renderer": "humanoid",   "model": "survivor",   "scale": 1.0,   "variant": "default" }]
10:38:06 info: BridgeServer[0] Entity state forwarded: 7dtd -> minecraft (update, 524e1209-5e93-4e0c-80eb-9aed64664243)
10:38:06 info: BridgeServer[0] Entity registry: updated, id=524e1209-5e93-4e0c-80eb-9aed64664243, count=1
10:38:06 info: BridgeServer[0] [Presentation] entity=524e1209-5e93-4e0c-80eb-9aed64664243 state=[presentation, {   "renderer": "humanoid",   "model": "survivor",   "scale": 1.0,   "variant": "default" }]
10:38:06 info: BridgeServer[0] Entity state forwarded: 7dtd -> minecraft (update, 524e1209-5e93-4e0c-80eb-9aed64664243)
10:38:07 info: BridgeServer[0] Entity registry: updated, id=524e1209-5e93-4e0c-80eb-9aed64664243, count=1
10:38:07 info: BridgeServer[0] [Presentation] entity=524e1209-5e93-4e0c-80eb-9aed64664243 state=[presentation, {   "renderer": "humanoid",   "model": "survivor",   "scale": 1.0,   "variant": "default" }]
10:38:07 info: BridgeServer[0] Entity state forwarded: 7dtd -> minecraft (update, 524e1209-5e93-4e0c-80eb-9aed64664243)
10:38:07 info: BridgeServer[0] Entity registry: updated, id=524e1209-5e93-4e0c-80eb-9aed64664243, count=1
10:38:07 info: BridgeServer[0] [Presentation] entity=524e1209-5e93-4e0c-80eb-9aed64664243 state=[presentation, {   "renderer": "humanoid",   "model": "survivor",   "scale": 1.0,   "variant": "default" }]
10:38:07 info: BridgeServer[0] Entity state forwarded: 7dtd -> minecraft (update, 524e1209-5e93-4e0c-80eb-9aed64664243)
10:38:08 info: BridgeServer[0] Entity registry: updated, id=524e1209-5e93-4e0c-80eb-9aed64664243, count=1
10:38:08 info: BridgeServer[0] [Presentation] entity=524e1209-5e93-4e0c-80eb-9aed64664243 state=[presentation, {   "renderer": "humanoid",   "model": "survivor",   "scale": 1.0,   "variant": "default" }]
10:38:08 info: BridgeServer[0] Entity state forwarded: 7dtd -> minecraft (update, 524e1209-5e93-4e0c-80eb-9aed64664243)
10:38:08 info: BridgeServer[0] Entity registry: updated, id=524e1209-5e93-4e0c-80eb-9aed64664243, count=1
10:38:08 info: BridgeServer[0] [Presentation] entity=524e1209-5e93-4e0c-80eb-9aed64664243 state=[presentation, {   "renderer": "humanoid",   "model": "survivor",   "scale": 1.0,   "variant": "default" }]
10:38:08 info: BridgeServer[0] Entity state forwarded: 7dtd -> minecraft (update, 524e1209-5e93-4e0c-80eb-9aed64664243)
10:38:09 info: BridgeServer[0] Entity registry: updated, id=524e1209-5e93-4e0c-80eb-9aed64664243, count=1
10:38:09 info: BridgeServer[0] [Presentation] entity=524e1209-5e93-4e0c-80eb-9aed64664243 state=[presentation, {   "renderer": "humanoid",   "model": "survivor",   "scale": 1.0,   "variant": "default" }]
10:38:09 info: BridgeServer[0] Entity state forwarded: 7dtd -> minecraft (update, 524e1209-5e93-4e0c-80eb-9aed64664243)
10:38:09 info: BridgeServer[0] Entity registry: updated, id=524e1209-5e93-4e0c-80eb-9aed64664243, count=1
10:38:09 info: BridgeServer[0] [Presentation] entity=524e1209-5e93-4e0c-80eb-9aed64664243 state=[presentation, {   "renderer": "humanoid",   "model": "survivor",   "scale": 1.0,   "variant": "default" }]
10:38:09 info: BridgeServer[0] Entity state forwarded: 7dtd -> minecraft (update, 524e1209-5e93-4e0c-80eb-9aed64664243)
10:38:10 info: BridgeServer[0] Entity registry: updated, id=524e1209-5e93-4e0c-80eb-9aed64664243, count=1
10:38:10 info: BridgeServer[0] [Presentation] entity=524e1209-5e93-4e0c-80eb-9aed64664243 state=[presentation, {   "renderer": "humanoid",   "model": "survivor",   "scale": 1.0,   "variant": "default" }]
10:38:10 info: BridgeServer[0] Entity state forwarded: 7dtd -> minecraft (update, 524e1209-5e93-4e0c-80eb-9aed64664243)
10:38:10 info: BridgeServer[0] Entity registry: updated, id=524e1209-5e93-4e0c-80eb-9aed64664243, count=1
10:38:10 info: BridgeServer[0] [Presentation] entity=524e1209-5e93-4e0c-80eb-9aed64664243 state=[presentation, {   "renderer": "humanoid",   "model": "survivor",   "scale": 1.0,   "variant": "default" }]
10:38:10 info: BridgeServer[0] Entity state forwarded: 7dtd -> minecraft (update, 524e1209-5e93-4e0c-80eb-9aed64664243)
10:38:11 info: BridgeServer[0] Entity registry: updated, id=524e1209-5e93-4e0c-80eb-9aed64664243, count=1
10:38:11 info: BridgeServer[0] [Presentation] entity=524e1209-5e93-4e0c-80eb-9aed64664243 state=[presentation, {   "renderer": "humanoid",   "model": "survivor",   "scale": 1.0,   "variant": "default" }]
10:38:11 info: BridgeServer[0] Entity state forwarded: 7dtd -> minecraft (update, 524e1209-5e93-4e0c-80eb-9aed64664243)
10:38:11 info: BridgeServer[0] Entity registry: updated, id=524e1209-5e93-4e0c-80eb-9aed64664243, count=1
10:38:11 info: BridgeServer[0] [Presentation] entity=524e1209-5e93-4e0c-80eb-9aed64664243 state=[presentation, {   "renderer": "humanoid",   "model": "survivor",   "scale": 1.0,   "variant": "default" }]
10:38:11 info: BridgeServer[0] Entity state forwarded: 7dtd -> minecraft (update, 524e1209-5e93-4e0c-80eb-9aed64664243)
10:38:12 info: BridgeServer[0] Entity registry: updated, id=524e1209-5e93-4e0c-80eb-9aed64664243, count=1
10:38:12 info: BridgeServer[0] [Presentation] entity=524e1209-5e93-4e0c-80eb-9aed64664243 state=[presentation, {   "renderer": "humanoid",   "model": "survivor",   "scale": 1.0,   "variant": "default" }]
10:38:12 info: BridgeServer[0] Entity state forwarded: 7dtd -> minecraft (update, 524e1209-5e93-4e0c-80eb-9aed64664243)
10:38:12 info: BridgeServer[0] Entity registry: updated, id=524e1209-5e93-4e0c-80eb-9aed64664243, count=1
10:38:12 info: BridgeServer[0] [Presentation] entity=524e1209-5e93-4e0c-80eb-9aed64664243 state=[presentation, {   "renderer": "humanoid",   "model": "survivor",   "scale": 1.0,   "variant": "default" }]
10:38:12 info: BridgeServer[0] Entity state forwarded: 7dtd -> minecraft (update, 524e1209-5e93-4e0c-80eb-9aed64664243)
10:38:13 info: BridgeServer[0] Entity registry: updated, id=524e1209-5e93-4e0c-80eb-9aed64664243, count=1
10:38:13 info: BridgeServer[0] [Presentation] entity=524e1209-5e93-4e0c-80eb-9aed64664243 state=[presentation, {   "renderer": "humanoid",   "model": "survivor",   "scale": 1.0,   "variant": "default" }]
10:38:13 info: BridgeServer[0] Entity state forwarded: 7dtd -> minecraft (update, 524e1209-5e93-4e0c-80eb-9aed64664243)
10:38:14 info: BridgeServer[0] Entity registry: updated, id=524e1209-5e93-4e0c-80eb-9aed64664243, count=1
10:38:14 info: BridgeServer[0] [Presentation] entity=524e1209-5e93-4e0c-80eb-9aed64664243 state=[presentation, {   "renderer": "humanoid",   "model": "survivor",   "scale": 1.0,   "variant": "default" }]
10:38:14 info: BridgeServer[0] Entity state forwarded: 7dtd -> minecraft (update, 524e1209-5e93-4e0c-80eb-9aed64664243)
10:38:14 info: BridgeServer[0] Entity registry: updated, id=524e1209-5e93-4e0c-80eb-9aed64664243, count=1
10:38:14 info: BridgeServer[0] [Presentation] entity=524e1209-5e93-4e0c-80eb-9aed64664243 state=[presentation, {   "renderer": "humanoid",   "model": "survivor",   "scale": 1.0,   "variant": "default" }]
10:38:14 info: BridgeServer[0] Entity state forwarded: 7dtd -> minecraft (update, 524e1209-5e93-4e0c-80eb-9aed64664243)
10:38:15 info: BridgeServer[0] Entity registry: updated, id=524e1209-5e93-4e0c-80eb-9aed64664243, count=1
10:38:15 info: BridgeServer[0] [Presentation] entity=524e1209-5e93-4e0c-80eb-9aed64664243 state=[presentation, {   "renderer": "humanoid",   "model": "survivor",   "scale": 1.0,   "variant": "default" }]
10:38:15 info: BridgeServer[0] Entity state forwarded: 7dtd -> minecraft (update, 524e1209-5e93-4e0c-80eb-9aed64664243)
10:38:15 info: BridgeServer[0] Entity registry: updated, id=524e1209-5e93-4e0c-80eb-9aed64664243, count=1
10:38:15 info: BridgeServer[0] [Presentation] entity=524e1209-5e93-4e0c-80eb-9aed64664243 state=[presentation, {   "renderer": "humanoid",   "model": "survivor",   "scale": 1.0,   "variant": "default" }]
10:38:15 info: BridgeServer[0] Entity state forwarded: 7dtd -> minecraft (update, 524e1209-5e93-4e0c-80eb-9aed64664243)
10:38:16 info: BridgeServer[0] Entity registry: updated, id=524e1209-5e93-4e0c-80eb-9aed64664243, count=1
10:38:16 info: BridgeServer[0] [Presentation] entity=524e1209-5e93-4e0c-80eb-9aed64664243 state=[presentation, {   "renderer": "humanoid",   "model": "survivor",   "scale": 1.0,   "variant": "default" }]
10:38:16 info: BridgeServer[0] Entity state forwarded: 7dtd -> minecraft (update, 524e1209-5e93-4e0c-80eb-9aed64664243)
10:38:16 info: BridgeServer[0] Entity registry: updated, id=524e1209-5e93-4e0c-80eb-9aed64664243, count=1
10:38:16 info: BridgeServer[0] [Presentation] entity=524e1209-5e93-4e0c-80eb-9aed64664243 state=[presentation, {   "renderer": "humanoid",   "model": "survivor",   "scale": 1.0,   "variant": "default" }]
10:38:16 info: BridgeServer[0] Entity state forwarded: 7dtd -> minecraft (update, 524e1209-5e93-4e0c-80eb-9aed64664243)
10:38:16 info: BridgeServer[0] Entity registry: updated, id=524e1209-5e93-4e0c-80eb-9aed64664243, count=1
10:38:16 info: BridgeServer[0] [Presentation] entity=524e1209-5e93-4e0c-80eb-9aed64664243 state=[presentation, {   "renderer": "humanoid",   "model": "survivor",   "scale": 1.0,   "variant": "default" }]
10:38:16 info: BridgeServer[0] Entity state forwarded: 7dtd -> minecraft (update, 524e1209-5e93-4e0c-80eb-9aed64664243)
10:38:17 info: BridgeServer[0] Entity registry: updated, id=524e1209-5e93-4e0c-80eb-9aed64664243, count=1
10:38:17 info: BridgeServer[0] [Presentation] entity=524e1209-5e93-4e0c-80eb-9aed64664243 state=[presentation, {   "renderer": "humanoid",   "model": "survivor",   "scale": 1.0,   "variant": "default" }]
10:38:17 info: BridgeServer[0] Entity state forwarded: 7dtd -> minecraft (update, 524e1209-5e93-4e0c-80eb-9aed64664243)
10:38:18 info: BridgeServer[0] Entity registry: updated, id=524e1209-5e93-4e0c-80eb-9aed64664243, count=1
10:38:18 info: BridgeServer[0] [Presentation] entity=524e1209-5e93-4e0c-80eb-9aed64664243 state=[presentation, {   "renderer": "humanoid",   "model": "survivor",   "scale": 1.0,   "variant": "default" }]
10:38:18 info: BridgeServer[0] Entity state forwarded: 7dtd -> minecraft (update, 524e1209-5e93-4e0c-80eb-9aed64664243)
10:38:18 info: BridgeServer[0] Entity registry: updated, id=524e1209-5e93-4e0c-80eb-9aed64664243, count=1
10:38:18 info: BridgeServer[0] [Presentation] entity=524e1209-5e93-4e0c-80eb-9aed64664243 state=[presentation, {   "renderer": "humanoid",   "model": "survivor",   "scale": 1.0,   "variant": "default" }]
10:38:18 info: BridgeServer[0] Entity state forwarded: 7dtd -> minecraft (update, 524e1209-5e93-4e0c-80eb-9aed64664243)
10:38:19 info: BridgeServer[0] Entity registry: updated, id=524e1209-5e93-4e0c-80eb-9aed64664243, count=1
10:38:19 info: BridgeServer[0] [Presentation] entity=524e1209-5e93-4e0c-80eb-9aed64664243 state=[presentation, {   "renderer": "humanoid",   "model": "survivor",   "scale": 1.0,   "variant": "default" }]
10:38:19 info: BridgeServer[0] Entity state forwarded: 7dtd -> minecraft (update, 524e1209-5e93-4e0c-80eb-9aed64664243)
10:38:19 info: BridgeServer[0] Entity registry: updated, id=524e1209-5e93-4e0c-80eb-9aed64664243, count=1
10:38:19 info: BridgeServer[0] [Presentation] entity=524e1209-5e93-4e0c-80eb-9aed64664243 state=[presentation, {   "renderer": "humanoid",   "model": "survivor",   "scale": 1.0,   "variant": "default" }]
10:38:19 info: BridgeServer[0] Entity state forwarded: 7dtd -> minecraft (update, 524e1209-5e93-4e0c-80eb-9aed64664243)
10:38:20 info: BridgeServer[0] Entity registry: updated, id=524e1209-5e93-4e0c-80eb-9aed64664243, count=1
10:38:20 info: BridgeServer[0] [Presentation] entity=524e1209-5e93-4e0c-80eb-9aed64664243 state=[presentation, {   "renderer": "humanoid",   "model": "survivor",   "scale": 1.0,   "variant": "default" }]
10:38:20 info: BridgeServer[0] Entity state forwarded: 7dtd -> minecraft (update, 524e1209-5e93-4e0c-80eb-9aed64664243)
10:38:20 info: BridgeServer[0] Entity registry: updated, id=524e1209-5e93-4e0c-80eb-9aed64664243, count=1
10:38:20 info: BridgeServer[0] [Presentation] entity=524e1209-5e93-4e0c-80eb-9aed64664243 state=[presentation, {   "renderer": "humanoid",   "model": "survivor",   "scale": 1.0,   "variant": "default" }]
10:38:20 info: BridgeServer[0] Entity state forwarded: 7dtd -> minecraft (update, 524e1209-5e93-4e0c-80eb-9aed64664243)
10:38:20 info: BridgeServer[0] Entity registry: updated, id=524e1209-5e93-4e0c-80eb-9aed64664243, count=1
10:38:20 info: BridgeServer[0] [Presentation] entity=524e1209-5e93-4e0c-80eb-9aed64664243 state=[presentation, {   "renderer": "humanoid",   "model": "survivor",   "scale": 1.0,   "variant": "default" }]
10:38:20 info: BridgeServer[0] Entity state forwarded: 7dtd -> minecraft (update, 524e1209-5e93-4e0c-80eb-9aed64664243)
10:38:21 info: BridgeServer[0] Entity registry: updated, id=524e1209-5e93-4e0c-80eb-9aed64664243, count=1
10:38:21 info: BridgeServer[0] [Presentation] entity=524e1209-5e93-4e0c-80eb-9aed64664243 state=[presentation, {   "renderer": "humanoid",   "model": "survivor",   "scale": 1.0,   "variant": "default" }]
10:38:21 info: BridgeServer[0] Entity state forwarded: 7dtd -> minecraft (update, 524e1209-5e93-4e0c-80eb-9aed64664243)
10:38:22 info: BridgeServer[0] Entity registry: updated, id=524e1209-5e93-4e0c-80eb-9aed64664243, count=1
10:38:22 info: BridgeServer[0] [Presentation] entity=524e1209-5e93-4e0c-80eb-9aed64664243 state=[presentation, {   "renderer": "humanoid",   "model": "survivor",   "scale": 1.0,   "variant": "default" }]
10:38:22 info: BridgeServer[0] Entity state forwarded: 7dtd -> minecraft (update, 524e1209-5e93-4e0c-80eb-9aed64664243)
10:38:22 info: BridgeServer[0] Entity registry: updated, id=524e1209-5e93-4e0c-80eb-9aed64664243, count=1
10:38:22 info: BridgeServer[0] [Presentation] entity=524e1209-5e93-4e0c-80eb-9aed64664243 state=[presentation, {   "renderer": "humanoid",   "model": "survivor",   "scale": 1.0,   "variant": "default" }]
10:38:22 info: BridgeServer[0] Entity state forwarded: 7dtd -> minecraft (update, 524e1209-5e93-4e0c-80eb-9aed64664243)
10:38:23 info: BridgeServer[0] Entity registry: updated, id=524e1209-5e93-4e0c-80eb-9aed64664243, count=1
10:38:23 info: BridgeServer[0] [Presentation] entity=524e1209-5e93-4e0c-80eb-9aed64664243 state=[presentation, {   "renderer": "humanoid",   "model": "survivor",   "scale": 1.0,   "variant": "default" }]
10:38:23 info: BridgeServer[0] Entity state forwarded: 7dtd -> minecraft (update, 524e1209-5e93-4e0c-80eb-9aed64664243)
10:38:23 info: BridgeServer[0] Entity registry: updated, id=524e1209-5e93-4e0c-80eb-9aed64664243, count=1
10:38:23 info: BridgeServer[0] [Presentation] entity=524e1209-5e93-4e0c-80eb-9aed64664243 state=[presentation, {   "renderer": "humanoid",   "model": "survivor",   "scale": 1.0,   "variant": "default" }]
10:38:23 info: BridgeServer[0] Entity state forwarded: 7dtd -> minecraft (update, 524e1209-5e93-4e0c-80eb-9aed64664243)
10:38:24 info: BridgeServer[0] Entity registry: updated, id=524e1209-5e93-4e0c-80eb-9aed64664243, count=1
10:38:24 info: BridgeServer[0] [Presentation] entity=524e1209-5e93-4e0c-80eb-9aed64664243 state=[presentation, {   "renderer": "humanoid",   "model": "survivor",   "scale": 1.0,   "variant": "default" }]
10:38:24 info: BridgeServer[0] Entity state forwarded: 7dtd -> minecraft (update, 524e1209-5e93-4e0c-80eb-9aed64664243)
10:38:24 info: BridgeServer[0] Entity registry: updated, id=524e1209-5e93-4e0c-80eb-9aed64664243, count=1
10:38:24 info: BridgeServer[0] [Presentation] entity=524e1209-5e93-4e0c-80eb-9aed64664243 state=[presentation, {   "renderer": "humanoid",   "model": "survivor",   "scale": 1.0,   "variant": "default" }]
10:38:24 info: BridgeServer[0] Entity state forwarded: 7dtd -> minecraft (update, 524e1209-5e93-4e0c-80eb-9aed64664243)
10:38:25 info: BridgeServer[0] Entity registry: updated, id=524e1209-5e93-4e0c-80eb-9aed64664243, count=1
10:38:25 info: BridgeServer[0] [Presentation] entity=524e1209-5e93-4e0c-80eb-9aed64664243 state=[presentation, {   "renderer": "humanoid",   "model": "survivor",   "scale": 1.0,   "variant": "default" }]
10:38:25 info: BridgeServer[0] Entity state forwarded: 7dtd -> minecraft (update, 524e1209-5e93-4e0c-80eb-9aed64664243)
10:38:25 info: BridgeServer[0] Entity registry: updated, id=524e1209-5e93-4e0c-80eb-9aed64664243, count=1
10:38:25 info: BridgeServer[0] [Presentation] entity=524e1209-5e93-4e0c-80eb-9aed64664243 state=[presentation, {   "renderer": "humanoid",   "model": "survivor",   "scale": 1.0,   "variant": "default" }]
10:38:25 info: BridgeServer[0] Entity state forwarded: 7dtd -> minecraft (update, 524e1209-5e93-4e0c-80eb-9aed64664243)
10:38:26 info: BridgeServer[0] Entity registry: updated, id=524e1209-5e93-4e0c-80eb-9aed64664243, count=1
10:38:26 info: BridgeServer[0] [Presentation] entity=524e1209-5e93-4e0c-80eb-9aed64664243 state=[presentation, {   "renderer": "humanoid",   "model": "survivor",   "scale": 1.0,   "variant": "default" }]
10:38:26 info: BridgeServer[0] Entity state forwarded: 7dtd -> minecraft (update, 524e1209-5e93-4e0c-80eb-9aed64664243)
10:38:26 info: BridgeServer[0] Entity registry: updated, id=524e1209-5e93-4e0c-80eb-9aed64664243, count=1
10:38:26 info: BridgeServer[0] [Presentation] entity=524e1209-5e93-4e0c-80eb-9aed64664243 state=[presentation, {   "renderer": "humanoid",   "model": "survivor",   "scale": 1.0,   "variant": "default" }]
10:38:26 info: BridgeServer[0] Entity state forwarded: 7dtd -> minecraft (update, 524e1209-5e93-4e0c-80eb-9aed64664243)
10:38:27 info: BridgeServer[0] Entity registry: updated, id=524e1209-5e93-4e0c-80eb-9aed64664243, count=1
10:38:27 info: BridgeServer[0] [Presentation] entity=524e1209-5e93-4e0c-80eb-9aed64664243 state=[presentation, {   "renderer": "humanoid",   "model": "survivor",   "scale": 1.0,   "variant": "default" }]
10:38:27 info: BridgeServer[0] Entity state forwarded: 7dtd -> minecraft (update, 524e1209-5e93-4e0c-80eb-9aed64664243)
10:38:27 info: BridgeServer[0] Entity registry: updated, id=524e1209-5e93-4e0c-80eb-9aed64664243, count=1
10:38:27 info: BridgeServer[0] [Presentation] entity=524e1209-5e93-4e0c-80eb-9aed64664243 state=[presentation, {   "renderer": "humanoid",   "model": "survivor",   "scale": 1.0,   "variant": "default" }]
10:38:27 info: BridgeServer[0] Entity state forwarded: 7dtd -> minecraft (update, 524e1209-5e93-4e0c-80eb-9aed64664243)
10:38:27 info: BridgeServer[0] Entity registry: updated, id=524e1209-5e93-4e0c-80eb-9aed64664243, count=1
10:38:27 info: BridgeServer[0] [Presentation] entity=524e1209-5e93-4e0c-80eb-9aed64664243 state=[presentation, {   "renderer": "humanoid",   "model": "survivor",   "scale": 1.0,   "variant": "default" }]
10:38:27 info: BridgeServer[0] Entity state forwarded: 7dtd -> minecraft (update, 524e1209-5e93-4e0c-80eb-9aed64664243)
10:38:28 info: BridgeServer[0] Entity registry: updated, id=524e1209-5e93-4e0c-80eb-9aed64664243, count=1
10:38:28 info: BridgeServer[0] [Presentation] entity=524e1209-5e93-4e0c-80eb-9aed64664243 state=[presentation, {   "renderer": "humanoid",   "model": "survivor",   "scale": 1.0,   "variant": "default" }]
10:38:28 info: BridgeServer[0] Entity state forwarded: 7dtd -> minecraft (update, 524e1209-5e93-4e0c-80eb-9aed64664243)
10:38:28 info: BridgeServer[0] Entity registry: updated, id=524e1209-5e93-4e0c-80eb-9aed64664243, count=1
10:38:28 info: BridgeServer[0] [Presentation] entity=524e1209-5e93-4e0c-80eb-9aed64664243 state=[presentation, {   "renderer": "humanoid",   "model": "survivor",   "scale": 1.0,   "variant": "default" }]
10:38:28 info: BridgeServer[0] Entity state forwarded: 7dtd -> minecraft (update, 524e1209-5e93-4e0c-80eb-9aed64664243)
10:38:29 info: BridgeServer[0] Entity registry: updated, id=524e1209-5e93-4e0c-80eb-9aed64664243, count=1
10:38:29 info: BridgeServer[0] [Presentation] entity=524e1209-5e93-4e0c-80eb-9aed64664243 state=[presentation, {   "renderer": "humanoid",   "model": "survivor",   "scale": 1.0,   "variant": "default" }]
10:38:29 info: BridgeServer[0] Entity state forwarded: 7dtd -> minecraft (update, 524e1209-5e93-4e0c-80eb-9aed64664243)
10:38:29 info: BridgeServer[0] Entity registry: updated, id=524e1209-5e93-4e0c-80eb-9aed64664243, count=1
10:38:29 info: BridgeServer[0] [Presentation] entity=524e1209-5e93-4e0c-80eb-9aed64664243 state=[presentation, {   "renderer": "humanoid",   "model": "survivor",   "scale": 1.0,   "variant": "default" }]
10:38:29 info: BridgeServer[0] Entity state forwarded: 7dtd -> minecraft (update, 524e1209-5e93-4e0c-80eb-9aed64664243)
10:38:30 info: BridgeServer[0] Entity registry: updated, id=524e1209-5e93-4e0c-80eb-9aed64664243, count=1
10:38:30 info: BridgeServer[0] [Presentation] entity=524e1209-5e93-4e0c-80eb-9aed64664243 state=[presentation, {   "renderer": "humanoid",   "model": "survivor",   "scale": 1.0,   "variant": "default" }]
10:38:30 info: BridgeServer[0] Entity state forwarded: 7dtd -> minecraft (update, 524e1209-5e93-4e0c-80eb-9aed64664243)
10:38:30 info: BridgeServer[0] Entity registry: updated, id=524e1209-5e93-4e0c-80eb-9aed64664243, count=1
10:38:30 info: BridgeServer[0] [Presentation] entity=524e1209-5e93-4e0c-80eb-9aed64664243 state=[presentation, {   "renderer": "humanoid",   "model": "survivor",   "scale": 1.0,   "variant": "default" }]
10:38:30 info: BridgeServer[0] Entity state forwarded: 7dtd -> minecraft (update, 524e1209-5e93-4e0c-80eb-9aed64664243)
10:38:31 info: BridgeServer[0] Entity registry: updated, id=524e1209-5e93-4e0c-80eb-9aed64664243, count=1
10:38:31 info: BridgeServer[0] [Presentation] entity=524e1209-5e93-4e0c-80eb-9aed64664243 state=[presentation, {   "renderer": "humanoid",   "model": "survivor",   "scale": 1.0,   "variant": "default" }]
10:38:31 info: BridgeServer[0] Entity state forwarded: 7dtd -> minecraft (update, 524e1209-5e93-4e0c-80eb-9aed64664243)
10:38:31 info: BridgeServer[0] Entity registry: updated, id=524e1209-5e93-4e0c-80eb-9aed64664243, count=1
10:38:31 info: BridgeServer[0] [Presentation] entity=524e1209-5e93-4e0c-80eb-9aed64664243 state=[presentation, {   "renderer": "humanoid",   "model": "survivor",   "scale": 1.0,   "variant": "default" }]
10:38:31 info: BridgeServer[0] Entity state forwarded: 7dtd -> minecraft (update, 524e1209-5e93-4e0c-80eb-9aed64664243)
10:38:32 info: BridgeServer[0] Entity registry: updated, id=524e1209-5e93-4e0c-80eb-9aed64664243, count=1
10:38:32 info: BridgeServer[0] [Presentation] entity=524e1209-5e93-4e0c-80eb-9aed64664243 state=[presentation, {   "renderer": "humanoid",   "model": "survivor",   "scale": 1.0,   "variant": "default" }]
10:38:32 info: BridgeServer[0] Entity state forwarded: 7dtd -> minecraft (update, 524e1209-5e93-4e0c-80eb-9aed64664243)
10:38:32 info: BridgeServer[0] Entity registry: updated, id=524e1209-5e93-4e0c-80eb-9aed64664243, count=1
10:38:32 info: BridgeServer[0] [Presentation] entity=524e1209-5e93-4e0c-80eb-9aed64664243 state=[presentation, {   "renderer": "humanoid",   "model": "survivor",   "scale": 1.0,   "variant": "default" }]
10:38:32 info: BridgeServer[0] Entity state forwarded: 7dtd -> minecraft (update, 524e1209-5e93-4e0c-80eb-9aed64664243)
10:38:33 info: BridgeServer[0] Entity registry: updated, id=524e1209-5e93-4e0c-80eb-9aed64664243, count=1
10:38:33 info: BridgeServer[0] [Presentation] entity=524e1209-5e93-4e0c-80eb-9aed64664243 state=[presentation, {   "renderer": "humanoid",   "model": "survivor",   "scale": 1.0,   "variant": "default" }]
10:38:33 info: BridgeServer[0] Entity state forwarded: 7dtd -> minecraft (update, 524e1209-5e93-4e0c-80eb-9aed64664243)
10:38:33 info: BridgeServer[0] Entity registry: updated, id=524e1209-5e93-4e0c-80eb-9aed64664243, count=1
10:38:33 info: BridgeServer[0] [Presentation] entity=524e1209-5e93-4e0c-80eb-9aed64664243 state=[presentation, {   "renderer": "humanoid",   "model": "survivor",   "scale": 1.0,   "variant": "default" }]
10:38:33 info: BridgeServer[0] Entity state forwarded: 7dtd -> minecraft (update, 524e1209-5e93-4e0c-80eb-9aed64664243)
10:38:34 info: BridgeServer[0] Entity registry: updated, id=524e1209-5e93-4e0c-80eb-9aed64664243, count=1
10:38:34 info: BridgeServer[0] [Presentation] entity=524e1209-5e93-4e0c-80eb-9aed64664243 state=[presentation, {   "renderer": "humanoid",   "model": "survivor",   "scale": 1.0,   "variant": "default" }]
10:38:34 info: BridgeServer[0] Entity state forwarded: 7dtd -> minecraft (update, 524e1209-5e93-4e0c-80eb-9aed64664243)
10:38:34 info: BridgeServer[0] Entity registry: updated, id=524e1209-5e93-4e0c-80eb-9aed64664243, count=1
10:38:34 info: BridgeServer[0] [Presentation] entity=524e1209-5e93-4e0c-80eb-9aed64664243 state=[presentation, {   "renderer": "humanoid",   "model": "survivor",   "scale": 1.0,   "variant": "default" }]
10:38:34 info: BridgeServer[0] Entity state forwarded: 7dtd -> minecraft (update, 524e1209-5e93-4e0c-80eb-9aed64664243)
10:38:35 info: BridgeServer[0] Entity registry: updated, id=524e1209-5e93-4e0c-80eb-9aed64664243, count=1
10:38:35 info: BridgeServer[0] [Presentation] entity=524e1209-5e93-4e0c-80eb-9aed64664243 state=[presentation, {   "renderer": "humanoid",   "model": "survivor",   "scale": 1.0,   "variant": "default" }]
10:38:35 info: BridgeServer[0] Entity state forwarded: 7dtd -> minecraft (update, 524e1209-5e93-4e0c-80eb-9aed64664243)
10:38:35 info: BridgeServer[0] Entity registry: updated, id=524e1209-5e93-4e0c-80eb-9aed64664243, count=1
10:38:35 info: BridgeServer[0] [Presentation] entity=524e1209-5e93-4e0c-80eb-9aed64664243 state=[presentation, {   "renderer": "humanoid",   "model": "survivor",   "scale": 1.0,   "variant": "default" }]
10:38:35 info: BridgeServer[0] Entity state forwarded: 7dtd -> minecraft (update, 524e1209-5e93-4e0c-80eb-9aed64664243)
10:38:36 info: BridgeServer[0] Entity registry: updated, id=524e1209-5e93-4e0c-80eb-9aed64664243, count=1
10:38:36 info: BridgeServer[0] [Presentation] entity=524e1209-5e93-4e0c-80eb-9aed64664243 state=[presentation, {   "renderer": "humanoid",   "model": "survivor",   "scale": 1.0,   "variant": "default" }]
10:38:36 info: BridgeServer[0] Entity state forwarded: 7dtd -> minecraft (update, 524e1209-5e93-4e0c-80eb-9aed64664243)
10:38:36 info: BridgeServer[0] Entity registry: updated, id=524e1209-5e93-4e0c-80eb-9aed64664243, count=1
10:38:36 info: BridgeServer[0] [Presentation] entity=524e1209-5e93-4e0c-80eb-9aed64664243 state=[presentation, {   "renderer": "humanoid",   "model": "survivor",   "scale": 1.0,   "variant": "default" }]
10:38:36 info: BridgeServer[0] Entity state forwarded: 7dtd -> minecraft (update, 524e1209-5e93-4e0c-80eb-9aed64664243)
10:38:37 info: BridgeServer[0] Entity registry: updated, id=524e1209-5e93-4e0c-80eb-9aed64664243, count=1
10:38:37 info: BridgeServer[0] [Presentation] entity=524e1209-5e93-4e0c-80eb-9aed64664243 state=[presentation, {   "renderer": "humanoid",   "model": "survivor",   "scale": 1.0,   "variant": "default" }]
10:38:37 info: BridgeServer[0] Entity state forwarded: 7dtd -> minecraft (update, 524e1209-5e93-4e0c-80eb-9aed64664243)
10:38:37 info: BridgeServer[0] Entity registry: updated, id=524e1209-5e93-4e0c-80eb-9aed64664243, count=1
10:38:37 info: BridgeServer[0] [Presentation] entity=524e1209-5e93-4e0c-80eb-9aed64664243 state=[presentation, {   "renderer": "humanoid",   "model": "survivor",   "scale": 1.0,   "variant": "default" }]
10:38:37 info: BridgeServer[0] Entity state forwarded: 7dtd -> minecraft (update, 524e1209-5e93-4e0c-80eb-9aed64664243)
10:38:38 info: BridgeServer[0] Entity registry: updated, id=524e1209-5e93-4e0c-80eb-9aed64664243, count=1
10:38:38 info: BridgeServer[0] [Presentation] entity=524e1209-5e93-4e0c-80eb-9aed64664243 state=[presentation, {   "renderer": "humanoid",   "model": "survivor",   "scale": 1.0,   "variant": "default" }]
10:38:38 info: BridgeServer[0] Entity state forwarded: 7dtd -> minecraft (update, 524e1209-5e93-4e0c-80eb-9aed64664243)
10:38:38 info: BridgeServer[0] Entity registry: updated, id=524e1209-5e93-4e0c-80eb-9aed64664243, count=1
10:38:38 info: BridgeServer[0] [Presentation] entity=524e1209-5e93-4e0c-80eb-9aed64664243 state=[presentation, {   "renderer": "humanoid",   "model": "survivor",   "scale": 1.0,   "variant": "default" }]
10:38:38 info: BridgeServer[0] Entity state forwarded: 7dtd -> minecraft (update, 524e1209-5e93-4e0c-80eb-9aed64664243)
10:38:39 info: BridgeServer[0] Entity registry: updated, id=524e1209-5e93-4e0c-80eb-9aed64664243, count=1
10:38:39 info: BridgeServer[0] [Presentation] entity=524e1209-5e93-4e0c-80eb-9aed64664243 state=[presentation, {   "renderer": "humanoid",   "model": "survivor",   "scale": 1.0,   "variant": "default" }]
10:38:39 info: BridgeServer[0] Entity state forwarded: 7dtd -> minecraft (update, 524e1209-5e93-4e0c-80eb-9aed64664243)
10:38:39 info: BridgeServer[0] Entity registry: updated, id=524e1209-5e93-4e0c-80eb-9aed64664243, count=1
10:38:39 info: BridgeServer[0] [Presentation] entity=524e1209-5e93-4e0c-80eb-9aed64664243 state=[presentation, {   "renderer": "humanoid",   "model": "survivor",   "scale": 1.0,   "variant": "default" }]
10:38:39 info: BridgeServer[0] Entity state forwarded: 7dtd -> minecraft (update, 524e1209-5e93-4e0c-80eb-9aed64664243)
10:38:40 info: BridgeServer[0] Entity registry: updated, id=524e1209-5e93-4e0c-80eb-9aed64664243, count=1
10:38:40 info: BridgeServer[0] [Presentation] entity=524e1209-5e93-4e0c-80eb-9aed64664243 state=[presentation, {   "renderer": "humanoid",   "model": "survivor",   "scale": 1.0,   "variant": "default" }]
10:38:40 info: BridgeServer[0] Entity state forwarded: 7dtd -> minecraft (update, 524e1209-5e93-4e0c-80eb-9aed64664243)
10:38:40 info: BridgeServer[0] Entity registry: updated, id=524e1209-5e93-4e0c-80eb-9aed64664243, count=1
10:38:40 info: BridgeServer[0] [Presentation] entity=524e1209-5e93-4e0c-80eb-9aed64664243 state=[presentation, {   "renderer": "humanoid",   "model": "survivor",   "scale": 1.0,   "variant": "default" }]
10:38:40 info: BridgeServer[0] Entity state forwarded: 7dtd -> minecraft (update, 524e1209-5e93-4e0c-80eb-9aed64664243)
10:38:41 info: BridgeServer[0] Entity registry: updated, id=524e1209-5e93-4e0c-80eb-9aed64664243, count=1
10:38:41 info: BridgeServer[0] [Presentation] entity=524e1209-5e93-4e0c-80eb-9aed64664243 state=[presentation, {   "renderer": "humanoid",   "model": "survivor",   "scale": 1.0,   "variant": "default" }]
10:38:41 info: BridgeServer[0] Entity state forwarded: 7dtd -> minecraft (update, 524e1209-5e93-4e0c-80eb-9aed64664243)
10:38:42 info: BridgeServer[0] Entity registry: updated, id=524e1209-5e93-4e0c-80eb-9aed64664243, count=1
10:38:42 info: BridgeServer[0] [Presentation] entity=524e1209-5e93-4e0c-80eb-9aed64664243 state=[presentation, {   "renderer": "humanoid",   "model": "survivor",   "scale": 1.0,   "variant": "default" }]
10:38:42 info: BridgeServer[0] Entity state forwarded: 7dtd -> minecraft (update, 524e1209-5e93-4e0c-80eb-9aed64664243)
10:38:42 info: BridgeServer[0] Entity registry: updated, id=524e1209-5e93-4e0c-80eb-9aed64664243, count=1
10:38:42 info: BridgeServer[0] [Presentation] entity=524e1209-5e93-4e0c-80eb-9aed64664243 state=[presentation, {   "renderer": "humanoid",   "model": "survivor",   "scale": 1.0,   "variant": "default" }]
10:38:42 info: BridgeServer[0] Entity state forwarded: 7dtd -> minecraft (update, 524e1209-5e93-4e0c-80eb-9aed64664243)
10:38:43 info: BridgeServer[0] Entity registry: updated, id=524e1209-5e93-4e0c-80eb-9aed64664243, count=1
10:38:43 info: BridgeServer[0] [Presentation] entity=524e1209-5e93-4e0c-80eb-9aed64664243 state=[presentation, {   "renderer": "humanoid",   "model": "survivor",   "scale": 1.0,   "variant": "default" }]
10:38:43 info: BridgeServer[0] Entity state forwarded: 7dtd -> minecraft (update, 524e1209-5e93-4e0c-80eb-9aed64664243)
10:38:43 info: BridgeServer[0] Entity registry: updated, id=524e1209-5e93-4e0c-80eb-9aed64664243, count=1
10:38:43 info: BridgeServer[0] [Presentation] entity=524e1209-5e93-4e0c-80eb-9aed64664243 state=[presentation, {   "renderer": "humanoid",   "model": "survivor",   "scale": 1.0,   "variant": "default" }]
10:38:43 info: BridgeServer[0] Entity state forwarded: 7dtd -> minecraft (update, 524e1209-5e93-4e0c-80eb-9aed64664243)
10:38:44 info: BridgeServer[0] Entity registry: updated, id=524e1209-5e93-4e0c-80eb-9aed64664243, count=1
10:38:44 info: BridgeServer[0] [Presentation] entity=524e1209-5e93-4e0c-80eb-9aed64664243 state=[presentation, {   "renderer": "humanoid",   "model": "survivor",   "scale": 1.0,   "variant": "default" }]
10:38:44 info: BridgeServer[0] Entity state forwarded: 7dtd -> minecraft (update, 524e1209-5e93-4e0c-80eb-9aed64664243)
10:38:44 info: BridgeServer[0] Entity registry: updated, id=524e1209-5e93-4e0c-80eb-9aed64664243, count=1
10:38:44 info: BridgeServer[0] [Presentation] entity=524e1209-5e93-4e0c-80eb-9aed64664243 state=[presentation, {   "renderer": "humanoid",   "model": "survivor",   "scale": 1.0,   "variant": "default" }]
10:38:44 info: BridgeServer[0] Entity state forwarded: 7dtd -> minecraft (update, 524e1209-5e93-4e0c-80eb-9aed64664243)
10:38:45 info: BridgeServer[0] Entity registry: updated, id=524e1209-5e93-4e0c-80eb-9aed64664243, count=1
10:38:45 info: BridgeServer[0] [Presentation] entity=524e1209-5e93-4e0c-80eb-9aed64664243 state=[presentation, {   "renderer": "humanoid",   "model": "survivor",   "scale": 1.0,   "variant": "default" }]
10:38:45 info: BridgeServer[0] Entity state forwarded: 7dtd -> minecraft (update, 524e1209-5e93-4e0c-80eb-9aed64664243)
10:38:45 info: BridgeServer[0] Entity registry: updated, id=524e1209-5e93-4e0c-80eb-9aed64664243, count=1
10:38:45 info: BridgeServer[0] [Presentation] entity=524e1209-5e93-4e0c-80eb-9aed64664243 state=[presentation, {   "renderer": "humanoid",   "model": "survivor",   "scale": 1.0,   "variant": "default" }]
10:38:45 info: BridgeServer[0] Entity state forwarded: 7dtd -> minecraft (update, 524e1209-5e93-4e0c-80eb-9aed64664243)
10:38:46 info: BridgeServer[0] Entity registry: updated, id=524e1209-5e93-4e0c-80eb-9aed64664243, count=1
10:38:46 info: BridgeServer[0] [Presentation] entity=524e1209-5e93-4e0c-80eb-9aed64664243 state=[presentation, {   "renderer": "humanoid",   "model": "survivor",   "scale": 1.0,   "variant": "default" }]
10:38:46 info: BridgeServer[0] Entity state forwarded: 7dtd -> minecraft (update, 524e1209-5e93-4e0c-80eb-9aed64664243)
10:38:46 info: BridgeServer[0] Entity registry: updated, id=524e1209-5e93-4e0c-80eb-9aed64664243, count=1
10:38:46 info: BridgeServer[0] [Presentation] entity=524e1209-5e93-4e0c-80eb-9aed64664243 state=[presentation, {   "renderer": "humanoid",   "model": "survivor",   "scale": 1.0,   "variant": "default" }]
10:38:46 info: BridgeServer[0] Entity state forwarded: 7dtd -> minecraft (update, 524e1209-5e93-4e0c-80eb-9aed64664243)
10:38:47 info: BridgeServer[0] Entity registry: updated, id=524e1209-5e93-4e0c-80eb-9aed64664243, count=1
10:38:47 info: BridgeServer[0] [Presentation] entity=524e1209-5e93-4e0c-80eb-9aed64664243 state=[presentation, {   "renderer": "humanoid",   "model": "survivor",   "scale": 1.0,   "variant": "default" }]
10:38:47 info: BridgeServer[0] Entity state forwarded: 7dtd -> minecraft (update, 524e1209-5e93-4e0c-80eb-9aed64664243)
10:38:47 info: BridgeServer[0] Entity registry: updated, id=524e1209-5e93-4e0c-80eb-9aed64664243, count=1
10:38:47 info: BridgeServer[0] [Presentation] entity=524e1209-5e93-4e0c-80eb-9aed64664243 state=[presentation, {   "renderer": "humanoid",   "model": "survivor",   "scale": 1.0,   "variant": "default" }]
10:38:47 info: BridgeServer[0] Entity state forwarded: 7dtd -> minecraft (update, 524e1209-5e93-4e0c-80eb-9aed64664243)
10:38:48 info: BridgeServer[0] Entity registry: updated, id=524e1209-5e93-4e0c-80eb-9aed64664243, count=1
10:38:48 info: BridgeServer[0] [Presentation] entity=524e1209-5e93-4e0c-80eb-9aed64664243 state=[presentation, {   "renderer": "humanoid",   "model": "survivor",   "scale": 1.0,   "variant": "default" }]
10:38:48 info: BridgeServer[0] Entity state forwarded: 7dtd -> minecraft (update, 524e1209-5e93-4e0c-80eb-9aed64664243)
10:38:48 info: BridgeServer[0] Entity registry: updated, id=524e1209-5e93-4e0c-80eb-9aed64664243, count=1
10:38:48 info: BridgeServer[0] [Presentation] entity=524e1209-5e93-4e0c-80eb-9aed64664243 state=[presentation, {   "renderer": "humanoid",   "model": "survivor",   "scale": 1.0,   "variant": "default" }]
10:38:48 info: BridgeServer[0] Entity state forwarded: 7dtd -> minecraft (update, 524e1209-5e93-4e0c-80eb-9aed64664243)
10:38:49 info: BridgeServer[0] Entity registry: updated, id=524e1209-5e93-4e0c-80eb-9aed64664243, count=1
10:38:49 info: BridgeServer[0] [Presentation] entity=524e1209-5e93-4e0c-80eb-9aed64664243 state=[presentation, {   "renderer": "humanoid",   "model": "survivor",   "scale": 1.0,   "variant": "default" }]
10:38:49 info: BridgeServer[0] Entity state forwarded: 7dtd -> minecraft (update, 524e1209-5e93-4e0c-80eb-9aed64664243)
10:38:49 info: BridgeServer[0] Entity registry: updated, id=524e1209-5e93-4e0c-80eb-9aed64664243, count=1
10:38:49 info: BridgeServer[0] [Presentation] entity=524e1209-5e93-4e0c-80eb-9aed64664243 state=[presentation, {   "renderer": "humanoid",   "model": "survivor",   "scale": 1.0,   "variant": "default" }]
10:38:49 info: BridgeServer[0] Entity state forwarded: 7dtd -> minecraft (update, 524e1209-5e93-4e0c-80eb-9aed64664243)
10:38:50 info: BridgeServer[0] Entity registry: updated, id=524e1209-5e93-4e0c-80eb-9aed64664243, count=1
10:38:50 info: BridgeServer[0] [Presentation] entity=524e1209-5e93-4e0c-80eb-9aed64664243 state=[presentation, {   "renderer": "humanoid",   "model": "survivor",   "scale": 1.0,   "variant": "default" }]
10:38:50 info: BridgeServer[0] Entity state forwarded: 7dtd -> minecraft (update, 524e1209-5e93-4e0c-80eb-9aed64664243)
10:38:50 info: BridgeServer[0] Entity registry: updated, id=524e1209-5e93-4e0c-80eb-9aed64664243, count=1
10:38:50 info: BridgeServer[0] [Presentation] entity=524e1209-5e93-4e0c-80eb-9aed64664243 state=[presentation, {   "renderer": "humanoid",   "model": "survivor",   "scale": 1.0,   "variant": "default" }]
10:38:50 info: BridgeServer[0] Entity state forwarded: 7dtd -> minecraft (update, 524e1209-5e93-4e0c-80eb-9aed64664243)
10:38:51 info: BridgeServer[0] Entity registry: updated, id=524e1209-5e93-4e0c-80eb-9aed64664243, count=1
10:38:51 info: BridgeServer[0] [Presentation] entity=524e1209-5e93-4e0c-80eb-9aed64664243 state=[presentation, {   "renderer": "humanoid",   "model": "survivor",   "scale": 1.0,   "variant": "default" }]
10:38:51 info: BridgeServer[0] Entity state forwarded: 7dtd -> minecraft (update, 524e1209-5e93-4e0c-80eb-9aed64664243)
10:38:51 info: BridgeServer[0] Entity registry: updated, id=524e1209-5e93-4e0c-80eb-9aed64664243, count=1
10:38:51 info: BridgeServer[0] [Presentation] entity=524e1209-5e93-4e0c-80eb-9aed64664243 state=[presentation, {   "renderer": "humanoid",   "model": "survivor",   "scale": 1.0,   "variant": "default" }]
10:38:51 info: BridgeServer[0] Entity state forwarded: 7dtd -> minecraft (update, 524e1209-5e93-4e0c-80eb-9aed64664243)
10:38:52 info: BridgeServer[0] Entity registry: updated, id=524e1209-5e93-4e0c-80eb-9aed64664243, count=1
10:38:52 info: BridgeServer[0] [Presentation] entity=524e1209-5e93-4e0c-80eb-9aed64664243 state=[presentation, {   "renderer": "humanoid",   "model": "survivor",   "scale": 1.0,   "variant": "default" }]
10:38:52 info: BridgeServer[0] Entity state forwarded: 7dtd -> minecraft (update, 524e1209-5e93-4e0c-80eb-9aed64664243)
10:38:52 info: BridgeServer[0] Entity registry: updated, id=524e1209-5e93-4e0c-80eb-9aed64664243, count=1
10:38:52 info: BridgeServer[0] [Presentation] entity=524e1209-5e93-4e0c-80eb-9aed64664243 state=[presentation, {   "renderer": "humanoid",   "model": "survivor",   "scale": 1.0,   "variant": "default" }]
10:38:52 info: BridgeServer[0] Entity state forwarded: 7dtd -> minecraft (update, 524e1209-5e93-4e0c-80eb-9aed64664243)
10:38:53 info: BridgeServer[0] Entity registry: updated, id=524e1209-5e93-4e0c-80eb-9aed64664243, count=1
10:38:53 info: BridgeServer[0] [Presentation] entity=524e1209-5e93-4e0c-80eb-9aed64664243 state=[presentation, {   "renderer": "humanoid",   "model": "survivor",   "scale": 1.0,   "variant": "default" }]
10:38:53 info: BridgeServer[0] Entity state forwarded: 7dtd -> minecraft (update, 524e1209-5e93-4e0c-80eb-9aed64664243)
10:38:53 info: BridgeServer[0] Entity registry: updated, id=524e1209-5e93-4e0c-80eb-9aed64664243, count=1
10:38:53 info: BridgeServer[0] [Presentation] entity=524e1209-5e93-4e0c-80eb-9aed64664243 state=[presentation, {   "renderer": "humanoid",   "model": "survivor",   "scale": 1.0,   "variant": "default" }]
10:38:53 info: BridgeServer[0] Entity state forwarded: 7dtd -> minecraft (update, 524e1209-5e93-4e0c-80eb-9aed64664243)
10:38:54 info: BridgeServer[0] Entity registry: updated, id=524e1209-5e93-4e0c-80eb-9aed64664243, count=1
10:38:54 info: BridgeServer[0] [Presentation] entity=524e1209-5e93-4e0c-80eb-9aed64664243 state=[presentation, {   "renderer": "humanoid",   "model": "survivor",   "scale": 1.0,   "variant": "default" }]
10:38:54 info: BridgeServer[0] Entity state forwarded: 7dtd -> minecraft (update, 524e1209-5e93-4e0c-80eb-9aed64664243)
10:38:54 info: BridgeServer[0] Entity registry: updated, id=524e1209-5e93-4e0c-80eb-9aed64664243, count=1
10:38:54 info: BridgeServer[0] [Presentation] entity=524e1209-5e93-4e0c-80eb-9aed64664243 state=[presentation, {   "renderer": "humanoid",   "model": "survivor",   "scale": 1.0,   "variant": "default" }]
10:38:54 info: BridgeServer[0] Entity state forwarded: 7dtd -> minecraft (update, 524e1209-5e93-4e0c-80eb-9aed64664243)
10:38:55 info: BridgeServer[0] Entity registry: updated, id=524e1209-5e93-4e0c-80eb-9aed64664243, count=1
10:38:55 info: BridgeServer[0] [Presentation] entity=524e1209-5e93-4e0c-80eb-9aed64664243 state=[presentation, {   "renderer": "humanoid",   "model": "survivor",   "scale": 1.0,   "variant": "default" }]
10:38:55 info: BridgeServer[0] Entity state forwarded: 7dtd -> minecraft (update, 524e1209-5e93-4e0c-80eb-9aed64664243)
10:38:55 info: BridgeServer[0] Entity registry: updated, id=524e1209-5e93-4e0c-80eb-9aed64664243, count=1
10:38:55 info: BridgeServer[0] [Presentation] entity=524e1209-5e93-4e0c-80eb-9aed64664243 state=[presentation, {   "renderer": "humanoid",   "model": "survivor",   "scale": 1.0,   "variant": "default" }]
10:38:55 info: BridgeServer[0] Entity state forwarded: 7dtd -> minecraft (update, 524e1209-5e93-4e0c-80eb-9aed64664243)
10:38:56 info: BridgeServer[0] Entity registry: updated, id=524e1209-5e93-4e0c-80eb-9aed64664243, count=1
10:38:56 info: BridgeServer[0] [Presentation] entity=524e1209-5e93-4e0c-80eb-9aed64664243 state=[presentation, {   "renderer": "humanoid",   "model": "survivor",   "scale": 1.0,   "variant": "default" }]
10:38:56 info: BridgeServer[0] Entity state forwarded: 7dtd -> minecraft (update, 524e1209-5e93-4e0c-80eb-9aed64664243)
10:38:56 info: BridgeServer[0] Entity registry: updated, id=524e1209-5e93-4e0c-80eb-9aed64664243, count=1
10:38:56 info: BridgeServer[0] [Presentation] entity=524e1209-5e93-4e0c-80eb-9aed64664243 state=[presentation, {   "renderer": "humanoid",   "model": "survivor",   "scale": 1.0,   "variant": "default" }]
10:38:56 info: BridgeServer[0] Entity state forwarded: 7dtd -> minecraft (update, 524e1209-5e93-4e0c-80eb-9aed64664243)
10:38:57 info: BridgeServer[0] Entity registry: updated, id=524e1209-5e93-4e0c-80eb-9aed64664243, count=1
10:38:57 info: BridgeServer[0] [Presentation] entity=524e1209-5e93-4e0c-80eb-9aed64664243 state=[presentation, {   "renderer": "humanoid",   "model": "survivor",   "scale": 1.0,   "variant": "default" }]
10:38:57 info: BridgeServer[0] Entity state forwarded: 7dtd -> minecraft (update, 524e1209-5e93-4e0c-80eb-9aed64664243)
10:38:57 info: BridgeServer[0] Entity registry: updated, id=524e1209-5e93-4e0c-80eb-9aed64664243, count=1
10:38:57 info: BridgeServer[0] [Presentation] entity=524e1209-5e93-4e0c-80eb-9aed64664243 state=[presentation, {   "renderer": "humanoid",   "model": "survivor",   "scale": 1.0,   "variant": "default" }]
10:38:57 info: BridgeServer[0] Entity state forwarded: 7dtd -> minecraft (update, 524e1209-5e93-4e0c-80eb-9aed64664243)
10:38:58 info: BridgeServer[0] Entity registry: updated, id=524e1209-5e93-4e0c-80eb-9aed64664243, count=1
10:38:58 info: BridgeServer[0] [Presentation] entity=524e1209-5e93-4e0c-80eb-9aed64664243 state=[presentation, {   "renderer": "humanoid",   "model": "survivor",   "scale": 1.0,   "variant": "default" }]
10:38:58 info: BridgeServer[0] Entity state forwarded: 7dtd -> minecraft (update, 524e1209-5e93-4e0c-80eb-9aed64664243)
10:38:58 info: BridgeServer[0] Entity registry: updated, id=524e1209-5e93-4e0c-80eb-9aed64664243, count=1
10:38:58 info: BridgeServer[0] [Presentation] entity=524e1209-5e93-4e0c-80eb-9aed64664243 state=[presentation, {   "renderer": "humanoid",   "model": "survivor",   "scale": 1.0,   "variant": "default" }]
10:38:58 info: BridgeServer[0] Entity state forwarded: 7dtd -> minecraft (update, 524e1209-5e93-4e0c-80eb-9aed64664243)
10:38:59 info: BridgeServer[0] Entity registry: updated, id=524e1209-5e93-4e0c-80eb-9aed64664243, count=1
10:38:59 info: BridgeServer[0] [Presentation] entity=524e1209-5e93-4e0c-80eb-9aed64664243 state=[presentation, {   "renderer": "humanoid",   "model": "survivor",   "scale": 1.0,   "variant": "default" }]
10:38:59 info: BridgeServer[0] Entity state forwarded: 7dtd -> minecraft (update, 524e1209-5e93-4e0c-80eb-9aed64664243)
10:38:59 info: BridgeServer[0] Entity registry: updated, id=524e1209-5e93-4e0c-80eb-9aed64664243, count=1
10:38:59 info: BridgeServer[0] [Presentation] entity=524e1209-5e93-4e0c-80eb-9aed64664243 state=[presentation, {   "renderer": "humanoid",   "model": "survivor",   "scale": 1.0,   "variant": "default" }]
10:38:59 info: BridgeServer[0] Entity state forwarded: 7dtd -> minecraft (update, 524e1209-5e93-4e0c-80eb-9aed64664243)
10:39:00 info: BridgeServer[0] Entity registry: updated, id=524e1209-5e93-4e0c-80eb-9aed64664243, count=1
10:39:00 info: BridgeServer[0] [Presentation] entity=524e1209-5e93-4e0c-80eb-9aed64664243 state=[presentation, {   "renderer": "humanoid",   "model": "survivor",   "scale": 1.0,   "variant": "default" }]
10:39:00 info: BridgeServer[0] Entity state forwarded: 7dtd -> minecraft (update, 524e1209-5e93-4e0c-80eb-9aed64664243)
10:39:00 info: BridgeServer[0] Entity registry: updated, id=524e1209-5e93-4e0c-80eb-9aed64664243, count=1
10:39:00 info: BridgeServer[0] [Presentation] entity=524e1209-5e93-4e0c-80eb-9aed64664243 state=[presentation, {   "renderer": "humanoid",   "model": "survivor",   "scale": 1.0,   "variant": "default" }]
10:39:00 info: BridgeServer[0] Entity state forwarded: 7dtd -> minecraft (update, 524e1209-5e93-4e0c-80eb-9aed64664243)
10:39:01 info: BridgeServer[0] Entity registry: updated, id=524e1209-5e93-4e0c-80eb-9aed64664243, count=1
10:39:01 info: BridgeServer[0] [Presentation] entity=524e1209-5e93-4e0c-80eb-9aed64664243 state=[presentation, {   "renderer": "humanoid",   "model": "survivor",   "scale": 1.0,   "variant": "default" }]
10:39:01 info: BridgeServer[0] Entity state forwarded: 7dtd -> minecraft (update, 524e1209-5e93-4e0c-80eb-9aed64664243)
10:39:01 info: BridgeServer[0] Entity registry: updated, id=524e1209-5e93-4e0c-80eb-9aed64664243, count=1
10:39:01 info: BridgeServer[0] [Presentation] entity=524e1209-5e93-4e0c-80eb-9aed64664243 state=[presentation, {   "renderer": "humanoid",   "model": "survivor",   "scale": 1.0,   "variant": "default" }]
10:39:01 info: BridgeServer[0] Entity state forwarded: 7dtd -> minecraft (update, 524e1209-5e93-4e0c-80eb-9aed64664243)
10:39:02 info: BridgeServer[0] Entity registry: updated, id=524e1209-5e93-4e0c-80eb-9aed64664243, count=1
10:39:02 info: BridgeServer[0] [Presentation] entity=524e1209-5e93-4e0c-80eb-9aed64664243 state=[presentation, {   "renderer": "humanoid",   "model": "survivor",   "scale": 1.0,   "variant": "default" }]
10:39:02 info: BridgeServer[0] Entity state forwarded: 7dtd -> minecraft (update, 524e1209-5e93-4e0c-80eb-9aed64664243)
10:39:02 info: BridgeServer[0] Entity registry: updated, id=524e1209-5e93-4e0c-80eb-9aed64664243, count=1
10:39:02 info: BridgeServer[0] [Presentation] entity=524e1209-5e93-4e0c-80eb-9aed64664243 state=[presentation, {   "renderer": "humanoid",   "model": "survivor",   "scale": 1.0,   "variant": "default" }]
10:39:02 info: BridgeServer[0] Entity state forwarded: 7dtd -> minecraft (update, 524e1209-5e93-4e0c-80eb-9aed64664243)
10:39:03 info: BridgeServer[0] Entity registry: updated, id=524e1209-5e93-4e0c-80eb-9aed64664243, count=1
10:39:03 info: BridgeServer[0] [Presentation] entity=524e1209-5e93-4e0c-80eb-9aed64664243 state=[presentation, {   "renderer": "humanoid",   "model": "survivor",   "scale": 1.0,   "variant": "default" }]
10:39:03 info: BridgeServer[0] Entity state forwarded: 7dtd -> minecraft (update, 524e1209-5e93-4e0c-80eb-9aed64664243)
10:39:03 info: BridgeServer[0] Entity registry: updated, id=524e1209-5e93-4e0c-80eb-9aed64664243, count=1
10:39:03 info: BridgeServer[0] [Presentation] entity=524e1209-5e93-4e0c-80eb-9aed64664243 state=[presentation, {   "renderer": "humanoid",   "model": "survivor",   "scale": 1.0,   "variant": "default" }]
10:39:03 info: BridgeServer[0] Entity state forwarded: 7dtd -> minecraft (update, 524e1209-5e93-4e0c-80eb-9aed64664243)
10:39:04 info: BridgeServer[0] Entity registry: updated, id=524e1209-5e93-4e0c-80eb-9aed64664243, count=1
10:39:04 info: BridgeServer[0] [Presentation] entity=524e1209-5e93-4e0c-80eb-9aed64664243 state=[presentation, {   "renderer": "humanoid",   "model": "survivor",   "scale": 1.0,   "variant": "default" }]
10:39:04 info: BridgeServer[0] Entity state forwarded: 7dtd -> minecraft (update, 524e1209-5e93-4e0c-80eb-9aed64664243)
10:39:04 info: BridgeServer[0] Entity registry: updated, id=524e1209-5e93-4e0c-80eb-9aed64664243, count=1
10:39:04 info: BridgeServer[0] [Presentation] entity=524e1209-5e93-4e0c-80eb-9aed64664243 state=[presentation, {   "renderer": "humanoid",   "model": "survivor",   "scale": 1.0,   "variant": "default" }]
10:39:04 info: BridgeServer[0] Entity state forwarded: 7dtd -> minecraft (update, 524e1209-5e93-4e0c-80eb-9aed64664243)
10:39:05 info: BridgeServer[0] Entity registry: updated, id=524e1209-5e93-4e0c-80eb-9aed64664243, count=1
10:39:05 info: BridgeServer[0] [Presentation] entity=524e1209-5e93-4e0c-80eb-9aed64664243 state=[presentation, {   "renderer": "humanoid",   "model": "survivor",   "scale": 1.0,   "variant": "default" }]
10:39:05 info: BridgeServer[0] Entity state forwarded: 7dtd -> minecraft (update, 524e1209-5e93-4e0c-80eb-9aed64664243)
10:39:05 info: BridgeServer[0] Entity registry: updated, id=524e1209-5e93-4e0c-80eb-9aed64664243, count=1
10:39:05 info: BridgeServer[0] [Presentation] entity=524e1209-5e93-4e0c-80eb-9aed64664243 state=[presentation, {   "renderer": "humanoid",   "model": "survivor",   "scale": 1.0,   "variant": "default" }]
10:39:05 info: BridgeServer[0] Entity state forwarded: 7dtd -> minecraft (update, 524e1209-5e93-4e0c-80eb-9aed64664243)
10:39:06 info: BridgeServer[0] Entity registry: updated, id=524e1209-5e93-4e0c-80eb-9aed64664243, count=1
10:39:06 info: BridgeServer[0] [Presentation] entity=524e1209-5e93-4e0c-80eb-9aed64664243 state=[presentation, {   "renderer": "humanoid",   "model": "survivor",   "scale": 1.0,   "variant": "default" }]
10:39:06 info: BridgeServer[0] Entity state forwarded: 7dtd -> minecraft (update, 524e1209-5e93-4e0c-80eb-9aed64664243)
10:39:06 info: BridgeServer[0] Entity registry: updated, id=524e1209-5e93-4e0c-80eb-9aed64664243, count=1
10:39:06 info: BridgeServer[0] [Presentation] entity=524e1209-5e93-4e0c-80eb-9aed64664243 state=[presentation, {   "renderer": "humanoid",   "model": "survivor",   "scale": 1.0,   "variant": "default" }]
10:39:06 info: BridgeServer[0] Entity state forwarded: 7dtd -> minecraft (update, 524e1209-5e93-4e0c-80eb-9aed64664243)
10:39:07 info: BridgeServer[0] Entity registry: updated, id=524e1209-5e93-4e0c-80eb-9aed64664243, count=1
10:39:07 info: BridgeServer[0] [Presentation] entity=524e1209-5e93-4e0c-80eb-9aed64664243 state=[presentation, {   "renderer": "humanoid",   "model": "survivor",   "scale": 1.0,   "variant": "default" }]
10:39:07 info: BridgeServer[0] Entity state forwarded: 7dtd -> minecraft (update, 524e1209-5e93-4e0c-80eb-9aed64664243)
10:39:07 info: BridgeServer[0] Entity registry: updated, id=524e1209-5e93-4e0c-80eb-9aed64664243, count=1
10:39:07 info: BridgeServer[0] [Presentation] entity=524e1209-5e93-4e0c-80eb-9aed64664243 state=[presentation, {   "renderer": "humanoid",   "model": "survivor",   "scale": 1.0,   "variant": "default" }]
10:39:07 info: BridgeServer[0] Entity state forwarded: 7dtd -> minecraft (update, 524e1209-5e93-4e0c-80eb-9aed64664243)
10:39:08 info: BridgeServer[0] Entity registry: updated, id=524e1209-5e93-4e0c-80eb-9aed64664243, count=1
10:39:08 info: BridgeServer[0] [Presentation] entity=524e1209-5e93-4e0c-80eb-9aed64664243 state=[presentation, {   "renderer": "humanoid",   "model": "survivor",   "scale": 1.0,   "variant": "default" }]
10:39:08 info: BridgeServer[0] Entity state forwarded: 7dtd -> minecraft (update, 524e1209-5e93-4e0c-80eb-9aed64664243)
10:39:08 info: BridgeServer[0] Entity registry: updated, id=524e1209-5e93-4e0c-80eb-9aed64664243, count=1
10:39:08 info: BridgeServer[0] [Presentation] entity=524e1209-5e93-4e0c-80eb-9aed64664243 state=[presentation, {   "renderer": "humanoid",   "model": "survivor",   "scale": 1.0,   "variant": "default" }]
10:39:08 info: BridgeServer[0] Entity state forwarded: 7dtd -> minecraft (update, 524e1209-5e93-4e0c-80eb-9aed64664243)
10:39:09 info: BridgeServer[0] Entity registry: updated, id=524e1209-5e93-4e0c-80eb-9aed64664243, count=1
10:39:09 info: BridgeServer[0] [Presentation] entity=524e1209-5e93-4e0c-80eb-9aed64664243 state=[presentation, {   "renderer": "humanoid",   "model": "survivor",   "scale": 1.0,   "variant": "default" }]
10:39:09 info: BridgeServer[0] Entity state forwarded: 7dtd -> minecraft (update, 524e1209-5e93-4e0c-80eb-9aed64664243)
10:39:09 info: BridgeServer[0] Entity registry: updated, id=524e1209-5e93-4e0c-80eb-9aed64664243, count=1
10:39:09 info: BridgeServer[0] [Presentation] entity=524e1209-5e93-4e0c-80eb-9aed64664243 state=[presentation, {   "renderer": "humanoid",   "model": "survivor",   "scale": 1.0,   "variant": "default" }]
10:39:09 info: BridgeServer[0] Entity state forwarded: 7dtd -> minecraft (update, 524e1209-5e93-4e0c-80eb-9aed64664243)
10:39:10 info: BridgeServer[0] Entity registry: updated, id=524e1209-5e93-4e0c-80eb-9aed64664243, count=1
10:39:10 info: BridgeServer[0] [Presentation] entity=524e1209-5e93-4e0c-80eb-9aed64664243 state=[presentation, {   "renderer": "humanoid",   "model": "survivor",   "scale": 1.0,   "variant": "default" }]
10:39:10 info: BridgeServer[0] Entity state forwarded: 7dtd -> minecraft (update, 524e1209-5e93-4e0c-80eb-9aed64664243)
10:39:10 info: BridgeServer[0] Entity registry: updated, id=524e1209-5e93-4e0c-80eb-9aed64664243, count=1
10:39:10 info: BridgeServer[0] [Presentation] entity=524e1209-5e93-4e0c-80eb-9aed64664243 state=[presentation, {   "renderer": "humanoid",   "model": "survivor",   "scale": 1.0,   "variant": "default" }]
10:39:10 info: BridgeServer[0] Entity state forwarded: 7dtd -> minecraft (update, 524e1209-5e93-4e0c-80eb-9aed64664243)
10:39:11 info: BridgeServer[0] Entity registry: updated, id=524e1209-5e93-4e0c-80eb-9aed64664243, count=1
10:39:11 info: BridgeServer[0] [Presentation] entity=524e1209-5e93-4e0c-80eb-9aed64664243 state=[presentation, {   "renderer": "humanoid",   "model": "survivor",   "scale": 1.0,   "variant": "default" }]
10:39:11 info: BridgeServer[0] Entity state forwarded: 7dtd -> minecraft (update, 524e1209-5e93-4e0c-80eb-9aed64664243)
10:39:11 info: BridgeServer[0] Entity registry: updated, id=524e1209-5e93-4e0c-80eb-9aed64664243, count=1
10:39:11 info: BridgeServer[0] [Presentation] entity=524e1209-5e93-4e0c-80eb-9aed64664243 state=[presentation, {   "renderer": "humanoid",   "model": "survivor",   "scale": 1.0,   "variant": "default" }]
10:39:11 info: BridgeServer[0] Entity state forwarded: 7dtd -> minecraft (update, 524e1209-5e93-4e0c-80eb-9aed64664243)
10:39:12 info: BridgeServer[0] Entity registry: updated, id=524e1209-5e93-4e0c-80eb-9aed64664243, count=1
10:39:12 info: BridgeServer[0] [Presentation] entity=524e1209-5e93-4e0c-80eb-9aed64664243 state=[presentation, {   "renderer": "humanoid",   "model": "survivor",   "scale": 1.0,   "variant": "default" }]
10:39:12 info: BridgeServer[0] Entity state forwarded: 7dtd -> minecraft (update, 524e1209-5e93-4e0c-80eb-9aed64664243)
10:39:12 info: BridgeServer[0] Entity registry: updated, id=524e1209-5e93-4e0c-80eb-9aed64664243, count=1
10:39:12 info: BridgeServer[0] [Presentation] entity=524e1209-5e93-4e0c-80eb-9aed64664243 state=[presentation, {   "renderer": "humanoid",   "model": "survivor",   "scale": 1.0,   "variant": "default" }]
10:39:12 info: BridgeServer[0] Entity state forwarded: 7dtd -> minecraft (update, 524e1209-5e93-4e0c-80eb-9aed64664243)
10:39:13 info: BridgeServer[0] Entity registry: updated, id=524e1209-5e93-4e0c-80eb-9aed64664243, count=1
10:39:13 info: BridgeServer[0] [Presentation] entity=524e1209-5e93-4e0c-80eb-9aed64664243 state=[presentation, {   "renderer": "humanoid",   "model": "survivor",   "scale": 1.0,   "variant": "default" }]
10:39:13 info: BridgeServer[0] Entity state forwarded: 7dtd -> minecraft (update, 524e1209-5e93-4e0c-80eb-9aed64664243)
10:39:13 info: BridgeServer[0] Entity registry: updated, id=524e1209-5e93-4e0c-80eb-9aed64664243, count=1
10:39:13 info: BridgeServer[0] [Presentation] entity=524e1209-5e93-4e0c-80eb-9aed64664243 state=[presentation, {   "renderer": "humanoid",   "model": "survivor",   "scale": 1.0,   "variant": "default" }]
10:39:13 info: BridgeServer[0] Entity state forwarded: 7dtd -> minecraft (update, 524e1209-5e93-4e0c-80eb-9aed64664243)
10:39:14 info: BridgeServer[0] Entity registry: updated, id=524e1209-5e93-4e0c-80eb-9aed64664243, count=1
10:39:14 info: BridgeServer[0] [Presentation] entity=524e1209-5e93-4e0c-80eb-9aed64664243 state=[presentation, {   "renderer": "humanoid",   "model": "survivor",   "scale": 1.0,   "variant": "default" }]
10:39:14 info: BridgeServer[0] Entity state forwarded: 7dtd -> minecraft (update, 524e1209-5e93-4e0c-80eb-9aed64664243)
10:39:14 info: BridgeServer[0] Entity registry: updated, id=524e1209-5e93-4e0c-80eb-9aed64664243, count=1
10:39:14 info: BridgeServer[0] [Presentation] entity=524e1209-5e93-4e0c-80eb-9aed64664243 state=[presentation, {   "renderer": "humanoid",   "model": "survivor",   "scale": 1.0,   "variant": "default" }]
10:39:14 info: BridgeServer[0] Entity state forwarded: 7dtd -> minecraft (update, 524e1209-5e93-4e0c-80eb-9aed64664243)
10:39:15 info: BridgeServer[0] Entity registry: updated, id=524e1209-5e93-4e0c-80eb-9aed64664243, count=1
10:39:15 info: BridgeServer[0] [Presentation] entity=524e1209-5e93-4e0c-80eb-9aed64664243 state=[presentation, {   "renderer": "humanoid",   "model": "survivor",   "scale": 1.0,   "variant": "default" }]
10:39:15 info: BridgeServer[0] Entity state forwarded: 7dtd -> minecraft (update, 524e1209-5e93-4e0c-80eb-9aed64664243)
10:39:15 info: BridgeServer[0] Entity registry: updated, id=524e1209-5e93-4e0c-80eb-9aed64664243, count=1
10:39:15 info: BridgeServer[0] [Presentation] entity=524e1209-5e93-4e0c-80eb-9aed64664243 state=[presentation, {   "renderer": "humanoid",   "model": "survivor",   "scale": 1.0,   "variant": "default" }]
10:39:15 info: BridgeServer[0] Entity state forwarded: 7dtd -> minecraft (update, 524e1209-5e93-4e0c-80eb-9aed64664243)
10:39:16 info: BridgeServer[0] Entity registry: updated, id=524e1209-5e93-4e0c-80eb-9aed64664243, count=1
10:39:16 info: BridgeServer[0] [Presentation] entity=524e1209-5e93-4e0c-80eb-9aed64664243 state=[presentation, {   "renderer": "humanoid",   "model": "survivor",   "scale": 1.0,   "variant": "default" }]
10:39:16 info: BridgeServer[0] Entity state forwarded: 7dtd -> minecraft (update, 524e1209-5e93-4e0c-80eb-9aed64664243)
10:39:16 info: BridgeServer[0] Entity registry: updated, id=524e1209-5e93-4e0c-80eb-9aed64664243, count=1
10:39:16 info: BridgeServer[0] [Presentation] entity=524e1209-5e93-4e0c-80eb-9aed64664243 state=[presentation, {   "renderer": "humanoid",   "model": "survivor",   "scale": 1.0,   "variant": "default" }]
10:39:16 info: BridgeServer[0] Entity state forwarded: 7dtd -> minecraft (update, 524e1209-5e93-4e0c-80eb-9aed64664243)
10:39:17 info: BridgeServer[0] Entity registry: updated, id=524e1209-5e93-4e0c-80eb-9aed64664243, count=1
10:39:17 info: BridgeServer[0] [Presentation] entity=524e1209-5e93-4e0c-80eb-9aed64664243 state=[presentation, {   "renderer": "humanoid",   "model": "survivor",   "scale": 1.0,   "variant": "default" }]
10:39:17 info: BridgeServer[0] Entity state forwarded: 7dtd -> minecraft (update, 524e1209-5e93-4e0c-80eb-9aed64664243)
10:39:17 info: BridgeServer[0] Entity registry: updated, id=524e1209-5e93-4e0c-80eb-9aed64664243, count=1
10:39:17 info: BridgeServer[0] [Presentation] entity=524e1209-5e93-4e0c-80eb-9aed64664243 state=[presentation, {   "renderer": "humanoid",   "model": "survivor",   "scale": 1.0,   "variant": "default" }]
10:39:17 info: BridgeServer[0] Entity state forwarded: 7dtd -> minecraft (update, 524e1209-5e93-4e0c-80eb-9aed64664243)
10:39:18 info: BridgeServer[0] Entity registry: updated, id=524e1209-5e93-4e0c-80eb-9aed64664243, count=1
10:39:18 info: BridgeServer[0] [Presentation] entity=524e1209-5e93-4e0c-80eb-9aed64664243 state=[presentation, {   "renderer": "humanoid",   "model": "survivor",   "scale": 1.0,   "variant": "default" }]
10:39:18 info: BridgeServer[0] Entity state forwarded: 7dtd -> minecraft (update, 524e1209-5e93-4e0c-80eb-9aed64664243)
10:39:18 info: BridgeServer[0] Entity registry: updated, id=524e1209-5e93-4e0c-80eb-9aed64664243, count=1
10:39:18 info: BridgeServer[0] [Presentation] entity=524e1209-5e93-4e0c-80eb-9aed64664243 state=[presentation, {   "renderer": "humanoid",   "model": "survivor",   "scale": 1.0,   "variant": "default" }]
10:39:18 info: BridgeServer[0] Entity state forwarded: 7dtd -> minecraft (update, 524e1209-5e93-4e0c-80eb-9aed64664243)
10:39:19 info: BridgeServer[0] Entity registry: updated, id=524e1209-5e93-4e0c-80eb-9aed64664243, count=1
10:39:19 info: BridgeServer[0] [Presentation] entity=524e1209-5e93-4e0c-80eb-9aed64664243 state=[presentation, {   "renderer": "humanoid",   "model": "survivor",   "scale": 1.0,   "variant": "default" }]
10:39:19 info: BridgeServer[0] Entity state forwarded: 7dtd -> minecraft (update, 524e1209-5e93-4e0c-80eb-9aed64664243)
10:39:19 info: BridgeServer[0] Entity registry: updated, id=524e1209-5e93-4e0c-80eb-9aed64664243, count=1
10:39:19 info: BridgeServer[0] [Presentation] entity=524e1209-5e93-4e0c-80eb-9aed64664243 state=[presentation, {   "renderer": "humanoid",   "model": "survivor",   "scale": 1.0,   "variant": "default" }]
10:39:19 info: BridgeServer[0] Entity state forwarded: 7dtd -> minecraft (update, 524e1209-5e93-4e0c-80eb-9aed64664243)
10:39:20 info: BridgeServer[0] Entity registry: updated, id=524e1209-5e93-4e0c-80eb-9aed64664243, count=1
10:39:20 info: BridgeServer[0] [Presentation] entity=524e1209-5e93-4e0c-80eb-9aed64664243 state=[presentation, {   "renderer": "humanoid",   "model": "survivor",   "scale": 1.0,   "variant": "default" }]
10:39:20 info: BridgeServer[0] Entity state forwarded: 7dtd -> minecraft (update, 524e1209-5e93-4e0c-80eb-9aed64664243)
10:39:20 info: BridgeServer[0] Entity registry: updated, id=524e1209-5e93-4e0c-80eb-9aed64664243, count=1
10:39:20 info: BridgeServer[0] [Presentation] entity=524e1209-5e93-4e0c-80eb-9aed64664243 state=[presentation, {   "renderer": "humanoid",   "model": "survivor",   "scale": 1.0,   "variant": "default" }]
10:39:20 info: BridgeServer[0] Entity state forwarded: 7dtd -> minecraft (update, 524e1209-5e93-4e0c-80eb-9aed64664243)
10:39:21 info: BridgeServer[0] Entity registry: updated, id=524e1209-5e93-4e0c-80eb-9aed64664243, count=1
10:39:21 info: BridgeServer[0] [Presentation] entity=524e1209-5e93-4e0c-80eb-9aed64664243 state=[presentation, {   "renderer": "humanoid",   "model": "survivor",   "scale": 1.0,   "variant": "default" }]
10:39:21 info: BridgeServer[0] Entity state forwarded: 7dtd -> minecraft (update, 524e1209-5e93-4e0c-80eb-9aed64664243)
10:39:21 info: BridgeServer[0] Entity registry: updated, id=524e1209-5e93-4e0c-80eb-9aed64664243, count=1
10:39:21 info: BridgeServer[0] [Presentation] entity=524e1209-5e93-4e0c-80eb-9aed64664243 state=[presentation, {   "renderer": "humanoid",   "model": "survivor",   "scale": 1.0,   "variant": "default" }]
10:39:21 info: BridgeServer[0] Entity state forwarded: 7dtd -> minecraft (update, 524e1209-5e93-4e0c-80eb-9aed64664243)
10:39:22 info: BridgeServer[0] Entity registry: updated, id=524e1209-5e93-4e0c-80eb-9aed64664243, count=1
10:39:22 info: BridgeServer[0] [Presentation] entity=524e1209-5e93-4e0c-80eb-9aed64664243 state=[presentation, {   "renderer": "humanoid",   "model": "survivor",   "scale": 1.0,   "variant": "default" }]
10:39:22 info: BridgeServer[0] Entity state forwarded: 7dtd -> minecraft (update, 524e1209-5e93-4e0c-80eb-9aed64664243)
10:39:22 info: BridgeServer[0] Entity registry: updated, id=524e1209-5e93-4e0c-80eb-9aed64664243, count=1
10:39:22 info: BridgeServer[0] [Presentation] entity=524e1209-5e93-4e0c-80eb-9aed64664243 state=[presentation, {   "renderer": "humanoid",   "model": "survivor",   "scale": 1.0,   "variant": "default" }]
10:39:22 info: BridgeServer[0] Entity state forwarded: 7dtd -> minecraft (update, 524e1209-5e93-4e0c-80eb-9aed64664243)
10:39:23 info: BridgeServer[0] Entity registry: updated, id=524e1209-5e93-4e0c-80eb-9aed64664243, count=1
10:39:23 info: BridgeServer[0] [Presentation] entity=524e1209-5e93-4e0c-80eb-9aed64664243 state=[presentation, {   "renderer": "humanoid",   "model": "survivor",   "scale": 1.0,   "variant": "default" }]
10:39:23 info: BridgeServer[0] Entity state forwarded: 7dtd -> minecraft (update, 524e1209-5e93-4e0c-80eb-9aed64664243)
10:39:23 info: BridgeServer[0] Entity registry: updated, id=524e1209-5e93-4e0c-80eb-9aed64664243, count=1
10:39:23 info: BridgeServer[0] [Presentation] entity=524e1209-5e93-4e0c-80eb-9aed64664243 state=[presentation, {   "renderer": "humanoid",   "model": "survivor",   "scale": 1.0,   "variant": "default" }]
10:39:23 info: BridgeServer[0] Entity state forwarded: 7dtd -> minecraft (update, 524e1209-5e93-4e0c-80eb-9aed64664243)
10:39:24 info: BridgeServer[0] Entity registry: updated, id=524e1209-5e93-4e0c-80eb-9aed64664243, count=1
10:39:24 info: BridgeServer[0] [Presentation] entity=524e1209-5e93-4e0c-80eb-9aed64664243 state=[presentation, {   "renderer": "humanoid",   "model": "survivor",   "scale": 1.0,   "variant": "default" }]
10:39:24 info: BridgeServer[0] Entity state forwarded: 7dtd -> minecraft (update, 524e1209-5e93-4e0c-80eb-9aed64664243)
10:39:24 info: BridgeServer[0] Entity registry: updated, id=524e1209-5e93-4e0c-80eb-9aed64664243, count=1
10:39:24 info: BridgeServer[0] [Presentation] entity=524e1209-5e93-4e0c-80eb-9aed64664243 state=[presentation, {   "renderer": "humanoid",   "model": "survivor",   "scale": 1.0,   "variant": "default" }]
10:39:24 info: BridgeServer[0] Entity state forwarded: 7dtd -> minecraft (update, 524e1209-5e93-4e0c-80eb-9aed64664243)
10:39:25 info: BridgeServer[0] Entity registry: updated, id=524e1209-5e93-4e0c-80eb-9aed64664243, count=1
10:39:25 info: BridgeServer[0] [Presentation] entity=524e1209-5e93-4e0c-80eb-9aed64664243 state=[presentation, {   "renderer": "humanoid",   "model": "survivor",   "scale": 1.0,   "variant": "default" }]
10:39:25 info: BridgeServer[0] Entity state forwarded: 7dtd -> minecraft (update, 524e1209-5e93-4e0c-80eb-9aed64664243)
10:39:25 info: BridgeServer[0] Entity registry: updated, id=524e1209-5e93-4e0c-80eb-9aed64664243, count=1
10:39:25 info: BridgeServer[0] [Presentation] entity=524e1209-5e93-4e0c-80eb-9aed64664243 state=[presentation, {   "renderer": "humanoid",   "model": "survivor",   "scale": 1.0,   "variant": "default" }]
10:39:25 info: BridgeServer[0] Entity state forwarded: 7dtd -> minecraft (update, 524e1209-5e93-4e0c-80eb-9aed64664243)
10:39:26 info: BridgeServer[0] Entity registry: updated, id=524e1209-5e93-4e0c-80eb-9aed64664243, count=1
10:39:26 info: BridgeServer[0] [Presentation] entity=524e1209-5e93-4e0c-80eb-9aed64664243 state=[presentation, {   "renderer": "humanoid",   "model": "survivor",   "scale": 1.0,   "variant": "default" }]
10:39:26 info: BridgeServer[0] Entity state forwarded: 7dtd -> minecraft (update, 524e1209-5e93-4e0c-80eb-9aed64664243)
10:39:26 info: BridgeServer[0] Entity registry: updated, id=524e1209-5e93-4e0c-80eb-9aed64664243, count=1
10:39:26 info: BridgeServer[0] [Presentation] entity=524e1209-5e93-4e0c-80eb-9aed64664243 state=[presentation, {   "renderer": "humanoid",   "model": "survivor",   "scale": 1.0,   "variant": "default" }]
10:39:26 info: BridgeServer[0] Entity state forwarded: 7dtd -> minecraft (update, 524e1209-5e93-4e0c-80eb-9aed64664243)
10:39:27 info: BridgeServer[0] Entity registry: updated, id=524e1209-5e93-4e0c-80eb-9aed64664243, count=1
10:39:27 info: BridgeServer[0] [Presentation] entity=524e1209-5e93-4e0c-80eb-9aed64664243 state=[presentation, {   "renderer": "humanoid",   "model": "survivor",   "scale": 1.0,   "variant": "default" }]
10:39:27 info: BridgeServer[0] Entity state forwarded: 7dtd -> minecraft (update, 524e1209-5e93-4e0c-80eb-9aed64664243)
10:39:27 info: BridgeServer[0] Entity registry: updated, id=524e1209-5e93-4e0c-80eb-9aed64664243, count=1
10:39:27 info: BridgeServer[0] [Presentation] entity=524e1209-5e93-4e0c-80eb-9aed64664243 state=[presentation, {   "renderer": "humanoid",   "model": "survivor",   "scale": 1.0,   "variant": "default" }]
10:39:27 info: BridgeServer[0] Entity state forwarded: 7dtd -> minecraft (update, 524e1209-5e93-4e0c-80eb-9aed64664243)
10:39:28 info: BridgeServer[0] Entity registry: updated, id=524e1209-5e93-4e0c-80eb-9aed64664243, count=1
10:39:28 info: BridgeServer[0] [Presentation] entity=524e1209-5e93-4e0c-80eb-9aed64664243 state=[presentation, {   "renderer": "humanoid",   "model": "survivor",   "scale": 1.0,   "variant": "default" }]
10:39:28 info: BridgeServer[0] Entity state forwarded: 7dtd -> minecraft (update, 524e1209-5e93-4e0c-80eb-9aed64664243)
10:39:28 info: BridgeServer[0] Entity registry: updated, id=524e1209-5e93-4e0c-80eb-9aed64664243, count=1
10:39:28 info: BridgeServer[0] [Presentation] entity=524e1209-5e93-4e0c-80eb-9aed64664243 state=[presentation, {   "renderer": "humanoid",   "model": "survivor",   "scale": 1.0,   "variant": "default" }]
10:39:28 info: BridgeServer[0] Entity state forwarded: 7dtd -> minecraft (update, 524e1209-5e93-4e0c-80eb-9aed64664243)
10:39:29 info: BridgeServer[0] Entity registry: updated, id=524e1209-5e93-4e0c-80eb-9aed64664243, count=1
10:39:29 info: BridgeServer[0] [Presentation] entity=524e1209-5e93-4e0c-80eb-9aed64664243 state=[presentation, {   "renderer": "humanoid",   "model": "survivor",   "scale": 1.0,   "variant": "default" }]
10:39:29 info: BridgeServer[0] Entity state forwarded: 7dtd -> minecraft (update, 524e1209-5e93-4e0c-80eb-9aed64664243)
10:39:29 info: BridgeServer[0] Entity registry: updated, id=524e1209-5e93-4e0c-80eb-9aed64664243, count=1
10:39:29 info: BridgeServer[0] [Presentation] entity=524e1209-5e93-4e0c-80eb-9aed64664243 state=[presentation, {   "renderer": "humanoid",   "model": "survivor",   "scale": 1.0,   "variant": "default" }]
10:39:29 info: BridgeServer[0] Entity state forwarded: 7dtd -> minecraft (update, 524e1209-5e93-4e0c-80eb-9aed64664243)
10:39:30 info: BridgeServer[0] Entity registry: updated, id=524e1209-5e93-4e0c-80eb-9aed64664243, count=1
10:39:30 info: BridgeServer[0] [Presentation] entity=524e1209-5e93-4e0c-80eb-9aed64664243 state=[presentation, {   "renderer": "humanoid",   "model": "survivor",   "scale": 1.0,   "variant": "default" }]
10:39:30 info: BridgeServer[0] Entity state forwarded: 7dtd -> minecraft (update, 524e1209-5e93-4e0c-80eb-9aed64664243)
10:39:30 info: BridgeServer[0] Entity registry: updated, id=524e1209-5e93-4e0c-80eb-9aed64664243, count=1
10:39:30 info: BridgeServer[0] [Presentation] entity=524e1209-5e93-4e0c-80eb-9aed64664243 state=[presentation, {   "renderer": "humanoid",   "model": "survivor",   "scale": 1.0,   "variant": "default" }]
10:39:30 info: BridgeServer[0] Entity state forwarded: 7dtd -> minecraft (update, 524e1209-5e93-4e0c-80eb-9aed64664243)
10:39:31 info: BridgeServer[0] Entity registry: updated, id=524e1209-5e93-4e0c-80eb-9aed64664243, count=1
10:39:31 info: BridgeServer[0] [Presentation] entity=524e1209-5e93-4e0c-80eb-9aed64664243 state=[presentation, {   "renderer": "humanoid",   "model": "survivor",   "scale": 1.0,   "variant": "default" }]
10:39:31 info: BridgeServer[0] Entity state forwarded: 7dtd -> minecraft (update, 524e1209-5e93-4e0c-80eb-9aed64664243)
10:39:31 info: BridgeServer[0] Entity registry: updated, id=524e1209-5e93-4e0c-80eb-9aed64664243, count=1
10:39:31 info: BridgeServer[0] [Presentation] entity=524e1209-5e93-4e0c-80eb-9aed64664243 state=[presentation, {   "renderer": "humanoid",   "model": "survivor",   "scale": 1.0,   "variant": "default" }]
10:39:31 info: BridgeServer[0] Entity state forwarded: 7dtd -> minecraft (update, 524e1209-5e93-4e0c-80eb-9aed64664243)
10:39:32 info: BridgeServer[0] Entity registry: updated, id=524e1209-5e93-4e0c-80eb-9aed64664243, count=1
10:39:32 info: BridgeServer[0] [Presentation] entity=524e1209-5e93-4e0c-80eb-9aed64664243 state=[presentation, {   "renderer": "humanoid",   "model": "survivor",   "scale": 1.0,   "variant": "default" }]
10:39:32 info: BridgeServer[0] Entity state forwarded: 7dtd -> minecraft (update, 524e1209-5e93-4e0c-80eb-9aed64664243)
10:39:32 info: BridgeServer[0] Entity registry: updated, id=524e1209-5e93-4e0c-80eb-9aed64664243, count=1
10:39:32 info: BridgeServer[0] [Presentation] entity=524e1209-5e93-4e0c-80eb-9aed64664243 state=[presentation, {   "renderer": "humanoid",   "model": "survivor",   "scale": 1.0,   "variant": "default" }]
10:39:32 info: BridgeServer[0] Entity state forwarded: 7dtd -> minecraft (update, 524e1209-5e93-4e0c-80eb-9aed64664243)
10:39:33 info: BridgeServer[0] Entity registry: updated, id=524e1209-5e93-4e0c-80eb-9aed64664243, count=1
10:39:33 info: BridgeServer[0] [Presentation] entity=524e1209-5e93-4e0c-80eb-9aed64664243 state=[presentation, {   "renderer": "humanoid",   "model": "survivor",   "scale": 1.0,   "variant": "default" }]
10:39:33 info: BridgeServer[0] Entity state forwarded: 7dtd -> minecraft (update, 524e1209-5e93-4e0c-80eb-9aed64664243)
10:39:33 info: BridgeServer[0] Entity registry: updated, id=524e1209-5e93-4e0c-80eb-9aed64664243, count=1
10:39:33 info: BridgeServer[0] [Presentation] entity=524e1209-5e93-4e0c-80eb-9aed64664243 state=[presentation, {   "renderer": "humanoid",   "model": "survivor",   "scale": 1.0,   "variant": "default" }]
10:39:33 info: BridgeServer[0] Entity state forwarded: 7dtd -> minecraft (update, 524e1209-5e93-4e0c-80eb-9aed64664243)
10:39:34 info: BridgeServer[0] Entity registry: updated, id=524e1209-5e93-4e0c-80eb-9aed64664243, count=1
10:39:34 info: BridgeServer[0] [Presentation] entity=524e1209-5e93-4e0c-80eb-9aed64664243 state=[presentation, {   "renderer": "humanoid",   "model": "survivor",   "scale": 1.0,   "variant": "default" }]
10:39:34 info: BridgeServer[0] Entity state forwarded: 7dtd -> minecraft (update, 524e1209-5e93-4e0c-80eb-9aed64664243)
10:39:34 info: BridgeServer[0] Entity registry: updated, id=524e1209-5e93-4e0c-80eb-9aed64664243, count=1
10:39:34 info: BridgeServer[0] [Presentation] entity=524e1209-5e93-4e0c-80eb-9aed64664243 state=[presentation, {   "renderer": "humanoid",   "model": "survivor",   "scale": 1.0,   "variant": "default" }]
10:39:34 info: BridgeServer[0] Entity state forwarded: 7dtd -> minecraft (update, 524e1209-5e93-4e0c-80eb-9aed64664243)
10:39:35 info: BridgeServer[0] Entity registry: updated, id=524e1209-5e93-4e0c-80eb-9aed64664243, count=1
10:39:35 info: BridgeServer[0] [Presentation] entity=524e1209-5e93-4e0c-80eb-9aed64664243 state=[presentation, {   "renderer": "humanoid",   "model": "survivor",   "scale": 1.0,   "variant": "default" }]
10:39:35 info: BridgeServer[0] Entity state forwarded: 7dtd -> minecraft (update, 524e1209-5e93-4e0c-80eb-9aed64664243)
10:39:35 info: BridgeServer[0] Entity registry: updated, id=524e1209-5e93-4e0c-80eb-9aed64664243, count=1
10:39:35 info: BridgeServer[0] [Presentation] entity=524e1209-5e93-4e0c-80eb-9aed64664243 state=[presentation, {   "renderer": "humanoid",   "model": "survivor",   "scale": 1.0,   "variant": "default" }]
10:39:35 info: BridgeServer[0] Entity state forwarded: 7dtd -> minecraft (update, 524e1209-5e93-4e0c-80eb-9aed64664243)
10:39:35 info: BridgeServer[0] Player position forwarded: minecraft -> 7dtd (-46.4980827909365, 71, 73.39785432349018)
10:39:35 info: BridgeServer[0] Entity registry: updated, id=c059d49e-a961-4355-af69-db50d0971c15, count=1
10:39:35 info: BridgeServer[0] [Presentation] entity=c059d49e-a961-4355-af69-db50d0971c15 state=[presentation, {   "renderer": "humanoid",   "model": "player",   "scale": 1.0,   "variant": "default" }]
10:39:35 info: BridgeServer[0] Entity state forwarded: minecraft -> 7dtd (update, c059d49e-a961-4355-af69-db50d0971c15)
10:39:36 info: BridgeServer[0] Entity registry: updated, id=524e1209-5e93-4e0c-80eb-9aed64664243, count=1
10:39:36 info: BridgeServer[0] [Presentation] entity=524e1209-5e93-4e0c-80eb-9aed64664243 state=[presentation, {   "renderer": "humanoid",   "model": "survivor",   "scale": 1.0,   "variant": "default" }]
10:39:36 info: BridgeServer[0] Entity state forwarded: 7dtd -> minecraft (update, 524e1209-5e93-4e0c-80eb-9aed64664243)
10:39:36 info: BridgeServer[0] Player position forwarded: minecraft -> 7dtd (-46.4980827909365, 71, 73.39785432349018)
10:39:36 info: BridgeServer[0] Entity registry: updated, id=c059d49e-a961-4355-af69-db50d0971c15, count=1
10:39:36 info: BridgeServer[0] [Presentation] entity=c059d49e-a961-4355-af69-db50d0971c15 state=[presentation, {   "renderer": "humanoid",   "model": "player",   "scale": 1.0,   "variant": "default" }]
10:39:36 info: BridgeServer[0] Entity state forwarded: minecraft -> 7dtd (update, c059d49e-a961-4355-af69-db50d0971c15)
10:39:36 info: BridgeServer[0] Entity registry: updated, id=524e1209-5e93-4e0c-80eb-9aed64664243, count=1
10:39:36 info: BridgeServer[0] [Presentation] entity=524e1209-5e93-4e0c-80eb-9aed64664243 state=[presentation, {   "renderer": "humanoid",   "model": "survivor",   "scale": 1.0,   "variant": "default" }]
10:39:36 info: BridgeServer[0] Entity state forwarded: 7dtd -> minecraft (update, 524e1209-5e93-4e0c-80eb-9aed64664243)
10:39:36 info: BridgeServer[0] Player position forwarded: minecraft -> 7dtd (-46.4980827909365, 71, 73.39785432349018)
10:39:36 info: BridgeServer[0] Entity registry: updated, id=c059d49e-a961-4355-af69-db50d0971c15, count=1
10:39:36 info: BridgeServer[0] [Presentation] entity=c059d49e-a961-4355-af69-db50d0971c15 state=[presentation, {   "renderer": "humanoid",   "model": "player",   "scale": 1.0,   "variant": "default" }]
10:39:36 info: BridgeServer[0] Entity state forwarded: minecraft -> 7dtd (update, c059d49e-a961-4355-af69-db50d0971c15)
10:39:37 info: BridgeServer[0] Entity registry: updated, id=524e1209-5e93-4e0c-80eb-9aed64664243, count=1
10:39:37 info: BridgeServer[0] [Presentation] entity=524e1209-5e93-4e0c-80eb-9aed64664243 state=[presentation, {   "renderer": "humanoid",   "model": "survivor",   "scale": 1.0,   "variant": "default" }]
10:39:37 info: BridgeServer[0] Entity state forwarded: 7dtd -> minecraft (update, 524e1209-5e93-4e0c-80eb-9aed64664243)
10:39:37 info: BridgeServer[0] Player position forwarded: minecraft -> 7dtd (-46.4980827909365, 71, 73.39785432349018)
10:39:37 info: BridgeServer[0] Entity registry: updated, id=c059d49e-a961-4355-af69-db50d0971c15, count=1
10:39:37 info: BridgeServer[0] [Presentation] entity=c059d49e-a961-4355-af69-db50d0971c15 state=[presentation, {   "renderer": "humanoid",   "model": "player",   "scale": 1.0,   "variant": "default" }]
10:39:37 info: BridgeServer[0] Entity state forwarded: minecraft -> 7dtd (update, c059d49e-a961-4355-af69-db50d0971c15)
10:39:37 info: BridgeServer[0] Entity registry: updated, id=524e1209-5e93-4e0c-80eb-9aed64664243, count=1
10:39:37 info: BridgeServer[0] [Presentation] entity=524e1209-5e93-4e0c-80eb-9aed64664243 state=[presentation, {   "renderer": "humanoid",   "model": "survivor",   "scale": 1.0,   "variant": "default" }]
10:39:37 info: BridgeServer[0] Entity state forwarded: 7dtd -> minecraft (update, 524e1209-5e93-4e0c-80eb-9aed64664243)
10:39:37 info: BridgeServer[0] Player position forwarded: minecraft -> 7dtd (-46.4980827909365, 71, 73.39785432349018)
10:39:37 info: BridgeServer[0] Entity registry: updated, id=c059d49e-a961-4355-af69-db50d0971c15, count=1
10:39:37 info: BridgeServer[0] [Presentation] entity=c059d49e-a961-4355-af69-db50d0971c15 state=[presentation, {   "renderer": "humanoid",   "model": "player",   "scale": 1.0,   "variant": "default" }]
10:39:37 info: BridgeServer[0] Entity state forwarded: minecraft -> 7dtd (update, c059d49e-a961-4355-af69-db50d0971c15)
10:39:38 info: BridgeServer[0] Entity registry: updated, id=524e1209-5e93-4e0c-80eb-9aed64664243, count=1
10:39:38 info: BridgeServer[0] [Presentation] entity=524e1209-5e93-4e0c-80eb-9aed64664243 state=[presentation, {   "renderer": "humanoid",   "model": "survivor",   "scale": 1.0,   "variant": "default" }]
10:39:38 info: BridgeServer[0] Entity state forwarded: 7dtd -> minecraft (update, 524e1209-5e93-4e0c-80eb-9aed64664243)
10:39:38 info: BridgeServer[0] Player position forwarded: minecraft -> 7dtd (-46.4980827909365, 71, 73.39785432349018)
10:39:38 info: BridgeServer[0] Entity registry: updated, id=c059d49e-a961-4355-af69-db50d0971c15, count=1
10:39:38 info: BridgeServer[0] [Presentation] entity=c059d49e-a961-4355-af69-db50d0971c15 state=[presentation, {   "renderer": "humanoid",   "model": "player",   "scale": 1.0,   "variant": "default" }]
10:39:38 info: BridgeServer[0] Entity state forwarded: minecraft -> 7dtd (update, c059d49e-a961-4355-af69-db50d0971c15)
10:39:38 info: BridgeServer[0] Entity registry: updated, id=524e1209-5e93-4e0c-80eb-9aed64664243, count=1
10:39:38 info: BridgeServer[0] [Presentation] entity=524e1209-5e93-4e0c-80eb-9aed64664243 state=[presentation, {   "renderer": "humanoid",   "model": "survivor",   "scale": 1.0,   "variant": "default" }]
10:39:38 info: BridgeServer[0] Entity state forwarded: 7dtd -> minecraft (update, 524e1209-5e93-4e0c-80eb-9aed64664243)
10:39:39 info: BridgeServer[0] Player position forwarded: minecraft -> 7dtd (-46.4980827909365, 71, 73.39785432349018)
10:39:39 info: BridgeServer[0] Entity registry: updated, id=c059d49e-a961-4355-af69-db50d0971c15, count=1
10:39:39 info: BridgeServer[0] [Presentation] entity=c059d49e-a961-4355-af69-db50d0971c15 state=[presentation, {   "renderer": "humanoid",   "model": "player",   "scale": 1.0,   "variant": "default" }]
10:39:39 info: BridgeServer[0] Entity state forwarded: minecraft -> 7dtd (update, c059d49e-a961-4355-af69-db50d0971c15)
10:39:39 info: BridgeServer[0] Entity registry: updated, id=524e1209-5e93-4e0c-80eb-9aed64664243, count=1
10:39:39 info: BridgeServer[0] [Presentation] entity=524e1209-5e93-4e0c-80eb-9aed64664243 state=[presentation, {   "renderer": "humanoid",   "model": "survivor",   "scale": 1.0,   "variant": "default" }]
10:39:39 info: BridgeServer[0] Entity state forwarded: 7dtd -> minecraft (update, 524e1209-5e93-4e0c-80eb-9aed64664243)
10:39:39 info: BridgeServer[0] Player position forwarded: minecraft -> 7dtd (-46.4980827909365, 71, 73.39785432349018)
10:39:39 info: BridgeServer[0] Entity registry: updated, id=c059d49e-a961-4355-af69-db50d0971c15, count=1
10:39:39 info: BridgeServer[0] [Presentation] entity=c059d49e-a961-4355-af69-db50d0971c15 state=[presentation, {   "renderer": "humanoid",   "model": "player",   "scale": 1.0,   "variant": "default" }]
10:39:39 info: BridgeServer[0] Entity state forwarded: minecraft -> 7dtd (update, c059d49e-a961-4355-af69-db50d0971c15)
10:39:39 info: BridgeServer[0] Entity registry: updated, id=524e1209-5e93-4e0c-80eb-9aed64664243, count=1
10:39:39 info: BridgeServer[0] [Presentation] entity=524e1209-5e93-4e0c-80eb-9aed64664243 state=[presentation, {   "renderer": "humanoid",   "model": "survivor",   "scale": 1.0,   "variant": "default" }]
10:39:39 info: BridgeServer[0] Entity state forwarded: 7dtd -> minecraft (update, 524e1209-5e93-4e0c-80eb-9aed64664243)
10:39:40 info: BridgeServer[0] Player position forwarded: minecraft -> 7dtd (-46.4980827909365, 71, 73.39785432349018)
10:39:40 info: BridgeServer[0] Entity registry: updated, id=c059d49e-a961-4355-af69-db50d0971c15, count=1
10:39:40 info: BridgeServer[0] [Presentation] entity=c059d49e-a961-4355-af69-db50d0971c15 state=[presentation, {   "renderer": "humanoid",   "model": "player",   "scale": 1.0,   "variant": "default" }]
10:39:40 info: BridgeServer[0] Entity state forwarded: minecraft -> 7dtd (update, c059d49e-a961-4355-af69-db50d0971c15)
10:39:40 info: BridgeServer[0] Entity registry: updated, id=524e1209-5e93-4e0c-80eb-9aed64664243, count=1
10:39:40 info: BridgeServer[0] [Presentation] entity=524e1209-5e93-4e0c-80eb-9aed64664243 state=[presentation, {   "renderer": "humanoid",   "model": "survivor",   "scale": 1.0,   "variant": "default" }]
10:39:40 info: BridgeServer[0] Entity state forwarded: 7dtd -> minecraft (update, 524e1209-5e93-4e0c-80eb-9aed64664243)
10:39:40 info: BridgeServer[0] Player position forwarded: minecraft -> 7dtd (-46.4980827909365, 71, 73.39785432349018)
10:39:40 info: BridgeServer[0] Entity registry: updated, id=c059d49e-a961-4355-af69-db50d0971c15, count=1
10:39:40 info: BridgeServer[0] [Presentation] entity=c059d49e-a961-4355-af69-db50d0971c15 state=[presentation, {   "renderer": "humanoid",   "model": "player",   "scale": 1.0,   "variant": "default" }]
10:39:40 info: BridgeServer[0] Entity state forwarded: minecraft -> 7dtd (update, c059d49e-a961-4355-af69-db50d0971c15)
10:39:40 info: BridgeServer[0] Entity registry: updated, id=524e1209-5e93-4e0c-80eb-9aed64664243, count=1
10:39:40 info: BridgeServer[0] [Presentation] entity=524e1209-5e93-4e0c-80eb-9aed64664243 state=[presentation, {   "renderer": "humanoid",   "model": "survivor",   "scale": 1.0,   "variant": "default" }]
10:39:40 info: BridgeServer[0] Entity state forwarded: 7dtd -> minecraft (update, 524e1209-5e93-4e0c-80eb-9aed64664243)
10:39:41 info: BridgeServer[0] Player position forwarded: minecraft -> 7dtd (-46.4980827909365, 71, 73.39785432349018)
10:39:41 info: BridgeServer[0] Entity registry: updated, id=c059d49e-a961-4355-af69-db50d0971c15, count=1
10:39:41 info: BridgeServer[0] [Presentation] entity=c059d49e-a961-4355-af69-db50d0971c15 state=[presentation, {   "renderer": "humanoid",   "model": "player",   "scale": 1.0,   "variant": "default" }]
10:39:41 info: BridgeServer[0] Entity state forwarded: minecraft -> 7dtd (update, c059d49e-a961-4355-af69-db50d0971c15)
10:39:41 info: BridgeServer[0] Entity registry: updated, id=524e1209-5e93-4e0c-80eb-9aed64664243, count=1
10:39:41 info: BridgeServer[0] [Presentation] entity=524e1209-5e93-4e0c-80eb-9aed64664243 state=[presentation, {   "renderer": "humanoid",   "model": "survivor",   "scale": 1.0,   "variant": "default" }]
10:39:41 info: BridgeServer[0] Entity state forwarded: 7dtd -> minecraft (update, 524e1209-5e93-4e0c-80eb-9aed64664243)
10:39:41 info: BridgeServer[0] Player position forwarded: minecraft -> 7dtd (-46.4980827909365, 71, 73.39785432349018)
10:39:41 info: BridgeServer[0] Entity registry: updated, id=c059d49e-a961-4355-af69-db50d0971c15, count=1
10:39:41 info: BridgeServer[0] [Presentation] entity=c059d49e-a961-4355-af69-db50d0971c15 state=[presentation, {   "renderer": "humanoid",   "model": "player",   "scale": 1.0,   "variant": "default" }]
10:39:41 info: BridgeServer[0] Entity state forwarded: minecraft -> 7dtd (update, c059d49e-a961-4355-af69-db50d0971c15)
10:39:41 info: BridgeServer[0] Entity registry: updated, id=524e1209-5e93-4e0c-80eb-9aed64664243, count=1
10:39:41 info: BridgeServer[0] [Presentation] entity=524e1209-5e93-4e0c-80eb-9aed64664243 state=[presentation, {   "renderer": "humanoid",   "model": "survivor",   "scale": 1.0,   "variant": "default" }]
10:39:41 info: BridgeServer[0] Entity state forwarded: 7dtd -> minecraft (update, 524e1209-5e93-4e0c-80eb-9aed64664243)
10:39:42 info: BridgeServer[0] Player position forwarded: minecraft -> 7dtd (-46.4980827909365, 71, 73.39785432349018)
10:39:42 info: BridgeServer[0] Entity registry: updated, id=c059d49e-a961-4355-af69-db50d0971c15, count=1
10:39:42 info: BridgeServer[0] [Presentation] entity=c059d49e-a961-4355-af69-db50d0971c15 state=[presentation, {   "renderer": "humanoid",   "model": "player",   "scale": 1.0,   "variant": "default" }]
10:39:42 info: BridgeServer[0] Entity state forwarded: minecraft -> 7dtd (update, c059d49e-a961-4355-af69-db50d0971c15)
10:39:42 info: BridgeServer[0] Entity registry: updated, id=524e1209-5e93-4e0c-80eb-9aed64664243, count=1
10:39:42 info: BridgeServer[0] [Presentation] entity=524e1209-5e93-4e0c-80eb-9aed64664243 state=[presentation, {   "renderer": "humanoid",   "model": "survivor",   "scale": 1.0,   "variant": "default" }]
10:39:42 info: BridgeServer[0] Entity state forwarded: 7dtd -> minecraft (update, 524e1209-5e93-4e0c-80eb-9aed64664243)
10:39:42 info: BridgeServer[0] Player position forwarded: minecraft -> 7dtd (-46.4980827909365, 71, 73.39785432349018)
10:39:42 info: BridgeServer[0] Entity registry: updated, id=c059d49e-a961-4355-af69-db50d0971c15, count=1
10:39:42 info: BridgeServer[0] [Presentation] entity=c059d49e-a961-4355-af69-db50d0971c15 state=[presentation, {   "renderer": "humanoid",   "model": "player",   "scale": 1.0,   "variant": "default" }]
10:39:42 info: BridgeServer[0] Entity state forwarded: minecraft -> 7dtd (update, c059d49e-a961-4355-af69-db50d0971c15)
10:39:42 info: BridgeServer[0] Entity registry: updated, id=524e1209-5e93-4e0c-80eb-9aed64664243, count=1
10:39:42 info: BridgeServer[0] [Presentation] entity=524e1209-5e93-4e0c-80eb-9aed64664243 state=[presentation, {   "renderer": "humanoid",   "model": "survivor",   "scale": 1.0,   "variant": "default" }]
10:39:42 info: BridgeServer[0] Entity state forwarded: 7dtd -> minecraft (update, 524e1209-5e93-4e0c-80eb-9aed64664243)
10:39:43 info: BridgeServer[0] Player position forwarded: minecraft -> 7dtd (-46.4980827909365, 71, 73.39785432349018)
10:39:43 info: BridgeServer[0] Entity registry: updated, id=c059d49e-a961-4355-af69-db50d0971c15, count=1
10:39:43 info: BridgeServer[0] [Presentation] entity=c059d49e-a961-4355-af69-db50d0971c15 state=[presentation, {   "renderer": "humanoid",   "model": "player",   "scale": 1.0,   "variant": "default" }]
10:39:43 info: BridgeServer[0] Entity state forwarded: minecraft -> 7dtd (update, c059d49e-a961-4355-af69-db50d0971c15)
10:39:43 info: BridgeServer[0] Entity registry: updated, id=524e1209-5e93-4e0c-80eb-9aed64664243, count=1
10:39:43 info: BridgeServer[0] [Presentation] entity=524e1209-5e93-4e0c-80eb-9aed64664243 state=[presentation, {   "renderer": "humanoid",   "model": "survivor",   "scale": 1.0,   "variant": "default" }]
10:39:43 info: BridgeServer[0] Entity state forwarded: 7dtd -> minecraft (update, 524e1209-5e93-4e0c-80eb-9aed64664243)
10:39:43 info: BridgeServer[0] Entity registry: updated, id=524e1209-5e93-4e0c-80eb-9aed64664243, count=1
10:39:43 info: BridgeServer[0] [Presentation] entity=524e1209-5e93-4e0c-80eb-9aed64664243 state=[presentation, {   "renderer": "humanoid",   "model": "survivor",   "scale": 1.0,   "variant": "default" }]
10:39:43 info: BridgeServer[0] Entity state forwarded: 7dtd -> minecraft (update, 524e1209-5e93-4e0c-80eb-9aed64664243)
10:39:43 info: BridgeServer[0] Player position forwarded: minecraft -> 7dtd (-46.4980827909365, 71, 73.39785432349018)
10:39:43 info: BridgeServer[0] Entity registry: updated, id=c059d49e-a961-4355-af69-db50d0971c15, count=1
10:39:43 info: BridgeServer[0] [Presentation] entity=c059d49e-a961-4355-af69-db50d0971c15 state=[presentation, {   "renderer": "humanoid",   "model": "player",   "scale": 1.0,   "variant": "default" }]
10:39:43 info: BridgeServer[0] Entity state forwarded: minecraft -> 7dtd (update, c059d49e-a961-4355-af69-db50d0971c15)
10:39:44 info: BridgeServer[0] Entity registry: updated, id=524e1209-5e93-4e0c-80eb-9aed64664243, count=1
10:39:44 info: BridgeServer[0] [Presentation] entity=524e1209-5e93-4e0c-80eb-9aed64664243 state=[presentation, {   "renderer": "humanoid",   "model": "survivor",   "scale": 1.0,   "variant": "default" }]
10:39:44 info: BridgeServer[0] Entity state forwarded: 7dtd -> minecraft (update, 524e1209-5e93-4e0c-80eb-9aed64664243)
10:39:44 info: BridgeServer[0] Player position forwarded: minecraft -> 7dtd (-46.4980827909365, 71, 73.39785432349018)
10:39:44 info: BridgeServer[0] Entity registry: updated, id=c059d49e-a961-4355-af69-db50d0971c15, count=1
10:39:44 info: BridgeServer[0] [Presentation] entity=c059d49e-a961-4355-af69-db50d0971c15 state=[presentation, {   "renderer": "humanoid",   "model": "player",   "scale": 1.0,   "variant": "default" }]
10:39:44 info: BridgeServer[0] Entity state forwarded: minecraft -> 7dtd (update, c059d49e-a961-4355-af69-db50d0971c15)
10:39:44 info: BridgeServer[0] Entity registry: updated, id=524e1209-5e93-4e0c-80eb-9aed64664243, count=1
10:39:44 info: BridgeServer[0] [Presentation] entity=524e1209-5e93-4e0c-80eb-9aed64664243 state=[presentation, {   "renderer": "humanoid",   "model": "survivor",   "scale": 1.0,   "variant": "default" }]
10:39:44 info: BridgeServer[0] Entity state forwarded: 7dtd -> minecraft (update, 524e1209-5e93-4e0c-80eb-9aed64664243)
10:39:44 info: BridgeServer[0] Player position forwarded: minecraft -> 7dtd (-46.4980827909365, 71, 73.39785432349018)
10:39:44 info: BridgeServer[0] Entity registry: updated, id=c059d49e-a961-4355-af69-db50d0971c15, count=1
10:39:44 info: BridgeServer[0] [Presentation] entity=c059d49e-a961-4355-af69-db50d0971c15 state=[presentation, {   "renderer": "humanoid",   "model": "player",   "scale": 1.0,   "variant": "default" }]
10:39:44 info: BridgeServer[0] Entity state forwarded: minecraft -> 7dtd (update, c059d49e-a961-4355-af69-db50d0971c15)
10:39:45 info: BridgeServer[0] Entity registry: updated, id=524e1209-5e93-4e0c-80eb-9aed64664243, count=1
10:39:45 info: BridgeServer[0] [Presentation] entity=524e1209-5e93-4e0c-80eb-9aed64664243 state=[presentation, {   "renderer": "humanoid",   "model": "survivor",   "scale": 1.0,   "variant": "default" }]
10:39:45 info: BridgeServer[0] Entity state forwarded: 7dtd -> minecraft (update, 524e1209-5e93-4e0c-80eb-9aed64664243)
10:39:45 info: BridgeServer[0] Entity registry: updated, id=524e1209-5e93-4e0c-80eb-9aed64664243, count=1
10:39:45 info: BridgeServer[0] [Presentation] entity=524e1209-5e93-4e0c-80eb-9aed64664243 state=[presentation, {   "renderer": "humanoid",   "model": "survivor",   "scale": 1.0,   "variant": "default" }]
10:39:45 info: BridgeServer[0] Entity state forwarded: 7dtd -> minecraft (update, 524e1209-5e93-4e0c-80eb-9aed64664243)
10:39:46 info: BridgeServer[0] Entity registry: updated, id=524e1209-5e93-4e0c-80eb-9aed64664243, count=1
10:39:46 info: BridgeServer[0] [Presentation] entity=524e1209-5e93-4e0c-80eb-9aed64664243 state=[presentation, {   "renderer": "humanoid",   "model": "survivor",   "scale": 1.0,   "variant": "default" }]
10:39:46 info: BridgeServer[0] Entity state forwarded: 7dtd -> minecraft (update, 524e1209-5e93-4e0c-80eb-9aed64664243)
10:39:46 info: BridgeServer[0] Entity registry: updated, id=524e1209-5e93-4e0c-80eb-9aed64664243, count=1
10:39:46 info: BridgeServer[0] [Presentation] entity=524e1209-5e93-4e0c-80eb-9aed64664243 state=[presentation, {   "renderer": "humanoid",   "model": "survivor",   "scale": 1.0,   "variant": "default" }]
10:39:46 info: BridgeServer[0] Entity state forwarded: 7dtd -> minecraft (update, 524e1209-5e93-4e0c-80eb-9aed64664243)
10:39:47 info: BridgeServer[0] Entity registry: updated, id=524e1209-5e93-4e0c-80eb-9aed64664243, count=1
10:39:47 info: BridgeServer[0] [Presentation] entity=524e1209-5e93-4e0c-80eb-9aed64664243 state=[presentation, {   "renderer": "humanoid",   "model": "survivor",   "scale": 1.0,   "variant": "default" }]
10:39:47 info: BridgeServer[0] Entity state forwarded: 7dtd -> minecraft (update, 524e1209-5e93-4e0c-80eb-9aed64664243)
10:39:47 info: BridgeServer[0] Entity registry: updated, id=524e1209-5e93-4e0c-80eb-9aed64664243, count=1
10:39:47 info: BridgeServer[0] [Presentation] entity=524e1209-5e93-4e0c-80eb-9aed64664243 state=[presentation, {   "renderer": "humanoid",   "model": "survivor",   "scale": 1.0,   "variant": "default" }]
10:39:47 info: BridgeServer[0] Entity state forwarded: 7dtd -> minecraft (update, 524e1209-5e93-4e0c-80eb-9aed64664243)
10:39:48 info: BridgeServer[0] Entity registry: updated, id=524e1209-5e93-4e0c-80eb-9aed64664243, count=1
10:39:48 info: BridgeServer[0] [Presentation] entity=524e1209-5e93-4e0c-80eb-9aed64664243 state=[presentation, {   "renderer": "humanoid",   "model": "survivor",   "scale": 1.0,   "variant": "default" }]
10:39:48 info: BridgeServer[0] Entity state forwarded: 7dtd -> minecraft (update, 524e1209-5e93-4e0c-80eb-9aed64664243)
10:39:48 info: BridgeServer[0] Entity registry: updated, id=524e1209-5e93-4e0c-80eb-9aed64664243, count=1
10:39:48 info: BridgeServer[0] [Presentation] entity=524e1209-5e93-4e0c-80eb-9aed64664243 state=[presentation, {   "renderer": "humanoid",   "model": "survivor",   "scale": 1.0,   "variant": "default" }]
10:39:48 info: BridgeServer[0] Entity state forwarded: 7dtd -> minecraft (update, 524e1209-5e93-4e0c-80eb-9aed64664243)
10:39:49 info: BridgeServer[0] Entity registry: updated, id=524e1209-5e93-4e0c-80eb-9aed64664243, count=1
10:39:49 info: BridgeServer[0] [Presentation] entity=524e1209-5e93-4e0c-80eb-9aed64664243 state=[presentation, {   "renderer": "humanoid",   "model": "survivor",   "scale": 1.0,   "variant": "default" }]
10:39:49 info: BridgeServer[0] Entity state forwarded: 7dtd -> minecraft (update, 524e1209-5e93-4e0c-80eb-9aed64664243)
10:39:49 info: BridgeServer[0] Entity registry: updated, id=524e1209-5e93-4e0c-80eb-9aed64664243, count=1
10:39:49 info: BridgeServer[0] [Presentation] entity=524e1209-5e93-4e0c-80eb-9aed64664243 state=[presentation, {   "renderer": "humanoid",   "model": "survivor",   "scale": 1.0,   "variant": "default" }]
10:39:49 info: BridgeServer[0] Entity state forwarded: 7dtd -> minecraft (update, 524e1209-5e93-4e0c-80eb-9aed64664243)
10:39:50 info: BridgeServer[0] Entity registry: updated, id=524e1209-5e93-4e0c-80eb-9aed64664243, count=1
10:39:50 info: BridgeServer[0] [Presentation] entity=524e1209-5e93-4e0c-80eb-9aed64664243 state=[presentation, {   "renderer": "humanoid",   "model": "survivor",   "scale": 1.0,   "variant": "default" }]
10:39:50 info: BridgeServer[0] Entity state forwarded: 7dtd -> minecraft (update, 524e1209-5e93-4e0c-80eb-9aed64664243)
10:39:50 info: BridgeServer[0] Entity registry: updated, id=524e1209-5e93-4e0c-80eb-9aed64664243, count=1
10:39:50 info: BridgeServer[0] [Presentation] entity=524e1209-5e93-4e0c-80eb-9aed64664243 state=[presentation, {   "renderer": "humanoid",   "model": "survivor",   "scale": 1.0,   "variant": "default" }]
10:39:50 info: BridgeServer[0] Entity state forwarded: 7dtd -> minecraft (update, 524e1209-5e93-4e0c-80eb-9aed64664243)
10:39:51 info: BridgeServer[0] Entity registry: updated, id=524e1209-5e93-4e0c-80eb-9aed64664243, count=1
10:39:51 info: BridgeServer[0] [Presentation] entity=524e1209-5e93-4e0c-80eb-9aed64664243 state=[presentation, {   "renderer": "humanoid",   "model": "survivor",   "scale": 1.0,   "variant": "default" }]
10:39:51 info: BridgeServer[0] Entity state forwarded: 7dtd -> minecraft (update, 524e1209-5e93-4e0c-80eb-9aed64664243)
10:39:51 info: BridgeServer[0] Entity registry: updated, id=524e1209-5e93-4e0c-80eb-9aed64664243, count=1
10:39:51 info: BridgeServer[0] [Presentation] entity=524e1209-5e93-4e0c-80eb-9aed64664243 state=[presentation, {   "renderer": "humanoid",   "model": "survivor",   "scale": 1.0,   "variant": "default" }]
10:39:51 info: BridgeServer[0] Entity state forwarded: 7dtd -> minecraft (update, 524e1209-5e93-4e0c-80eb-9aed64664243)
10:39:52 info: BridgeServer[0] Entity registry: updated, id=524e1209-5e93-4e0c-80eb-9aed64664243, count=1
10:39:52 info: BridgeServer[0] [Presentation] entity=524e1209-5e93-4e0c-80eb-9aed64664243 state=[presentation, {   "renderer": "humanoid",   "model": "survivor",   "scale": 1.0,   "variant": "default" }]
10:39:52 info: BridgeServer[0] Entity state forwarded: 7dtd -> minecraft (update, 524e1209-5e93-4e0c-80eb-9aed64664243)
10:39:52 info: BridgeServer[0] Entity registry: updated, id=524e1209-5e93-4e0c-80eb-9aed64664243, count=1
10:39:52 info: BridgeServer[0] [Presentation] entity=524e1209-5e93-4e0c-80eb-9aed64664243 state=[presentation, {   "renderer": "humanoid",   "model": "survivor",   "scale": 1.0,   "variant": "default" }]
10:39:52 info: BridgeServer[0] Entity state forwarded: 7dtd -> minecraft (update, 524e1209-5e93-4e0c-80eb-9aed64664243)
10:39:53 info: BridgeServer[0] Entity registry: updated, id=524e1209-5e93-4e0c-80eb-9aed64664243, count=1
10:39:53 info: BridgeServer[0] [Presentation] entity=524e1209-5e93-4e0c-80eb-9aed64664243 state=[presentation, {   "renderer": "humanoid",   "model": "survivor",   "scale": 1.0,   "variant": "default" }]
10:39:53 info: BridgeServer[0] Entity state forwarded: 7dtd -> minecraft (update, 524e1209-5e93-4e0c-80eb-9aed64664243)
10:39:53 info: BridgeServer[0] Entity registry: updated, id=524e1209-5e93-4e0c-80eb-9aed64664243, count=1
10:39:53 info: BridgeServer[0] [Presentation] entity=524e1209-5e93-4e0c-80eb-9aed64664243 state=[presentation, {   "renderer": "humanoid",   "model": "survivor",   "scale": 1.0,   "variant": "default" }]
10:39:53 info: BridgeServer[0] Entity state forwarded: 7dtd -> minecraft (update, 524e1209-5e93-4e0c-80eb-9aed64664243)
10:39:54 info: BridgeServer[0] Entity registry: updated, id=524e1209-5e93-4e0c-80eb-9aed64664243, count=1
10:39:54 info: BridgeServer[0] [Presentation] entity=524e1209-5e93-4e0c-80eb-9aed64664243 state=[presentation, {   "renderer": "humanoid",   "model": "survivor",   "scale": 1.0,   "variant": "default" }]
10:39:54 info: BridgeServer[0] Entity state forwarded: 7dtd -> minecraft (update, 524e1209-5e93-4e0c-80eb-9aed64664243)
10:39:54 info: BridgeServer[0] Entity registry: updated, id=524e1209-5e93-4e0c-80eb-9aed64664243, count=1
10:39:54 info: BridgeServer[0] [Presentation] entity=524e1209-5e93-4e0c-80eb-9aed64664243 state=[presentation, {   "renderer": "humanoid",   "model": "survivor",   "scale": 1.0,   "variant": "default" }]
10:39:54 info: BridgeServer[0] Entity state forwarded: 7dtd -> minecraft (update, 524e1209-5e93-4e0c-80eb-9aed64664243)
10:39:55 info: BridgeServer[0] Entity registry: updated, id=524e1209-5e93-4e0c-80eb-9aed64664243, count=1
10:39:55 info: BridgeServer[0] [Presentation] entity=524e1209-5e93-4e0c-80eb-9aed64664243 state=[presentation, {   "renderer": "humanoid",   "model": "survivor",   "scale": 1.0,   "variant": "default" }]
10:39:55 info: BridgeServer[0] Entity state forwarded: 7dtd -> minecraft (update, 524e1209-5e93-4e0c-80eb-9aed64664243)
10:39:55 info: BridgeServer[0] Entity registry: updated, id=524e1209-5e93-4e0c-80eb-9aed64664243, count=1
10:39:55 info: BridgeServer[0] [Presentation] entity=524e1209-5e93-4e0c-80eb-9aed64664243 state=[presentation, {   "renderer": "humanoid",   "model": "survivor",   "scale": 1.0,   "variant": "default" }]
10:39:55 info: BridgeServer[0] Entity state forwarded: 7dtd -> minecraft (update, 524e1209-5e93-4e0c-80eb-9aed64664243)
10:39:56 info: BridgeServer[0] Entity registry: updated, id=524e1209-5e93-4e0c-80eb-9aed64664243, count=1
10:39:56 info: BridgeServer[0] [Presentation] entity=524e1209-5e93-4e0c-80eb-9aed64664243 state=[presentation, {   "renderer": "humanoid",   "model": "survivor",   "scale": 1.0,   "variant": "default" }]
10:39:56 info: BridgeServer[0] Entity state forwarded: 7dtd -> minecraft (update, 524e1209-5e93-4e0c-80eb-9aed64664243)
10:39:56 info: BridgeServer[0] Entity registry: updated, id=524e1209-5e93-4e0c-80eb-9aed64664243, count=1
10:39:56 info: BridgeServer[0] [Presentation] entity=524e1209-5e93-4e0c-80eb-9aed64664243 state=[presentation, {   "renderer": "humanoid",   "model": "survivor",   "scale": 1.0,   "variant": "default" }]
10:39:56 info: BridgeServer[0] Entity state forwarded: 7dtd -> minecraft (update, 524e1209-5e93-4e0c-80eb-9aed64664243)
10:39:57 info: BridgeServer[0] Entity registry: updated, id=524e1209-5e93-4e0c-80eb-9aed64664243, count=1
10:39:57 info: BridgeServer[0] [Presentation] entity=524e1209-5e93-4e0c-80eb-9aed64664243 state=[presentation, {   "renderer": "humanoid",   "model": "survivor",   "scale": 1.0,   "variant": "default" }]
10:39:57 info: BridgeServer[0] Entity state forwarded: 7dtd -> minecraft (update, 524e1209-5e93-4e0c-80eb-9aed64664243)
10:39:57 info: BridgeServer[0] Entity registry: updated, id=524e1209-5e93-4e0c-80eb-9aed64664243, count=1
10:39:57 info: BridgeServer[0] [Presentation] entity=524e1209-5e93-4e0c-80eb-9aed64664243 state=[presentation, {   "renderer": "humanoid",   "model": "survivor",   "scale": 1.0,   "variant": "default" }]
10:39:57 info: BridgeServer[0] Entity state forwarded: 7dtd -> minecraft (update, 524e1209-5e93-4e0c-80eb-9aed64664243)
10:39:58 info: BridgeServer[0] Entity registry: updated, id=524e1209-5e93-4e0c-80eb-9aed64664243, count=1
10:39:58 info: BridgeServer[0] [Presentation] entity=524e1209-5e93-4e0c-80eb-9aed64664243 state=[presentation, {   "renderer": "humanoid",   "model": "survivor",   "scale": 1.0,   "variant": "default" }]
10:39:58 info: BridgeServer[0] Entity state forwarded: 7dtd -> minecraft (update, 524e1209-5e93-4e0c-80eb-9aed64664243)
10:39:58 info: BridgeServer[0] Entity registry: updated, id=524e1209-5e93-4e0c-80eb-9aed64664243, count=1
10:39:58 info: BridgeServer[0] [Presentation] entity=524e1209-5e93-4e0c-80eb-9aed64664243 state=[presentation, {   "renderer": "humanoid",   "model": "survivor",   "scale": 1.0,   "variant": "default" }]
10:39:58 info: BridgeServer[0] Entity state forwarded: 7dtd -> minecraft (update, 524e1209-5e93-4e0c-80eb-9aed64664243)
10:39:59 info: BridgeServer[0] Entity registry: updated, id=524e1209-5e93-4e0c-80eb-9aed64664243, count=1
10:39:59 info: BridgeServer[0] [Presentation] entity=524e1209-5e93-4e0c-80eb-9aed64664243 state=[presentation, {   "renderer": "humanoid",   "model": "survivor",   "scale": 1.0,   "variant": "default" }]
10:39:59 info: BridgeServer[0] Entity state forwarded: 7dtd -> minecraft (update, 524e1209-5e93-4e0c-80eb-9aed64664243)
10:39:59 info: BridgeServer[0] Entity registry: updated, id=524e1209-5e93-4e0c-80eb-9aed64664243, count=1
10:39:59 info: BridgeServer[0] [Presentation] entity=524e1209-5e93-4e0c-80eb-9aed64664243 state=[presentation, {   "renderer": "humanoid",   "model": "survivor",   "scale": 1.0,   "variant": "default" }]
10:39:59 info: BridgeServer[0] Entity state forwarded: 7dtd -> minecraft (update, 524e1209-5e93-4e0c-80eb-9aed64664243)
10:40:00 info: BridgeServer[0] Entity registry: updated, id=524e1209-5e93-4e0c-80eb-9aed64664243, count=1
10:40:00 info: BridgeServer[0] [Presentation] entity=524e1209-5e93-4e0c-80eb-9aed64664243 state=[presentation, {   "renderer": "humanoid",   "model": "survivor",   "scale": 1.0,   "variant": "default" }]
10:40:00 info: BridgeServer[0] Entity state forwarded: 7dtd -> minecraft (update, 524e1209-5e93-4e0c-80eb-9aed64664243)
10:40:00 info: BridgeServer[0] Entity registry: updated, id=524e1209-5e93-4e0c-80eb-9aed64664243, count=1
10:40:00 info: BridgeServer[0] [Presentation] entity=524e1209-5e93-4e0c-80eb-9aed64664243 state=[presentation, {   "renderer": "humanoid",   "model": "survivor",   "scale": 1.0,   "variant": "default" }]
10:40:00 info: BridgeServer[0] Entity state forwarded: 7dtd -> minecraft (update, 524e1209-5e93-4e0c-80eb-9aed64664243)
10:40:01 info: BridgeServer[0] Entity registry: updated, id=524e1209-5e93-4e0c-80eb-9aed64664243, count=1
10:40:01 info: BridgeServer[0] [Presentation] entity=524e1209-5e93-4e0c-80eb-9aed64664243 state=[presentation, {   "renderer": "humanoid",   "model": "survivor",   "scale": 1.0,   "variant": "default" }]
10:40:01 info: BridgeServer[0] Entity state forwarded: 7dtd -> minecraft (update, 524e1209-5e93-4e0c-80eb-9aed64664243)
10:40:01 info: BridgeServer[0] Entity registry: updated, id=524e1209-5e93-4e0c-80eb-9aed64664243, count=1
10:40:01 info: BridgeServer[0] [Presentation] entity=524e1209-5e93-4e0c-80eb-9aed64664243 state=[presentation, {   "renderer": "humanoid",   "model": "survivor",   "scale": 1.0,   "variant": "default" }]
10:40:01 info: BridgeServer[0] Entity state forwarded: 7dtd -> minecraft (update, 524e1209-5e93-4e0c-80eb-9aed64664243)
10:40:02 info: BridgeServer[0] Entity registry: updated, id=524e1209-5e93-4e0c-80eb-9aed64664243, count=1
10:40:02 info: BridgeServer[0] [Presentation] entity=524e1209-5e93-4e0c-80eb-9aed64664243 state=[presentation, {   "renderer": "humanoid",   "model": "survivor",   "scale": 1.0,   "variant": "default" }]
10:40:02 info: BridgeServer[0] Entity state forwarded: 7dtd -> minecraft (update, 524e1209-5e93-4e0c-80eb-9aed64664243)
10:40:02 info: BridgeServer[0] Entity registry: updated, id=524e1209-5e93-4e0c-80eb-9aed64664243, count=1
10:40:02 info: BridgeServer[0] [Presentation] entity=524e1209-5e93-4e0c-80eb-9aed64664243 state=[presentation, {   "renderer": "humanoid",   "model": "survivor",   "scale": 1.0,   "variant": "default" }]
10:40:02 info: BridgeServer[0] Entity state forwarded: 7dtd -> minecraft (update, 524e1209-5e93-4e0c-80eb-9aed64664243)
10:40:03 info: BridgeServer[0] Entity registry: updated, id=524e1209-5e93-4e0c-80eb-9aed64664243, count=1
10:40:03 info: BridgeServer[0] [Presentation] entity=524e1209-5e93-4e0c-80eb-9aed64664243 state=[presentation, {   "renderer": "humanoid",   "model": "survivor",   "scale": 1.0,   "variant": "default" }]
10:40:03 info: BridgeServer[0] Entity state forwarded: 7dtd -> minecraft (update, 524e1209-5e93-4e0c-80eb-9aed64664243)
10:40:03 info: BridgeServer[0] Entity registry: updated, id=524e1209-5e93-4e0c-80eb-9aed64664243, count=1
10:40:03 info: BridgeServer[0] [Presentation] entity=524e1209-5e93-4e0c-80eb-9aed64664243 state=[presentation, {   "renderer": "humanoid",   "model": "survivor",   "scale": 1.0,   "variant": "default" }]
10:40:03 info: BridgeServer[0] Entity state forwarded: 7dtd -> minecraft (update, 524e1209-5e93-4e0c-80eb-9aed64664243)
10:40:04 info: BridgeServer[0] Entity registry: updated, id=524e1209-5e93-4e0c-80eb-9aed64664243, count=1
10:40:04 info: BridgeServer[0] [Presentation] entity=524e1209-5e93-4e0c-80eb-9aed64664243 state=[presentation, {   "renderer": "humanoid",   "model": "survivor",   "scale": 1.0,   "variant": "default" }]
10:40:04 info: BridgeServer[0] Entity state forwarded: 7dtd -> minecraft (update, 524e1209-5e93-4e0c-80eb-9aed64664243)
10:40:04 info: BridgeServer[0] Entity registry: updated, id=524e1209-5e93-4e0c-80eb-9aed64664243, count=1
10:40:04 info: BridgeServer[0] [Presentation] entity=524e1209-5e93-4e0c-80eb-9aed64664243 state=[presentation, {   "renderer": "humanoid",   "model": "survivor",   "scale": 1.0,   "variant": "default" }]
10:40:04 info: BridgeServer[0] Entity state forwarded: 7dtd -> minecraft (update, 524e1209-5e93-4e0c-80eb-9aed64664243)
10:40:05 info: BridgeServer[0] Entity registry: updated, id=524e1209-5e93-4e0c-80eb-9aed64664243, count=1
10:40:05 info: BridgeServer[0] [Presentation] entity=524e1209-5e93-4e0c-80eb-9aed64664243 state=[presentation, {   "renderer": "humanoid",   "model": "survivor",   "scale": 1.0,   "variant": "default" }]
10:40:05 info: BridgeServer[0] Entity state forwarded: 7dtd -> minecraft (update, 524e1209-5e93-4e0c-80eb-9aed64664243)
10:40:05 info: BridgeServer[0] Entity registry: updated, id=524e1209-5e93-4e0c-80eb-9aed64664243, count=1
10:40:05 info: BridgeServer[0] [Presentation] entity=524e1209-5e93-4e0c-80eb-9aed64664243 state=[presentation, {   "renderer": "humanoid",   "model": "survivor",   "scale": 1.0,   "variant": "default" }]
10:40:05 info: BridgeServer[0] Entity state forwarded: 7dtd -> minecraft (update, 524e1209-5e93-4e0c-80eb-9aed64664243)
10:40:06 info: BridgeServer[0] Entity registry: updated, id=524e1209-5e93-4e0c-80eb-9aed64664243, count=1
10:40:06 info: BridgeServer[0] [Presentation] entity=524e1209-5e93-4e0c-80eb-9aed64664243 state=[presentation, {   "renderer": "humanoid",   "model": "survivor",   "scale": 1.0,   "variant": "default" }]
10:40:06 info: BridgeServer[0] Entity state forwarded: 7dtd -> minecraft (update, 524e1209-5e93-4e0c-80eb-9aed64664243)
10:40:06 info: BridgeServer[0] Entity registry: updated, id=524e1209-5e93-4e0c-80eb-9aed64664243, count=1
10:40:06 info: BridgeServer[0] [Presentation] entity=524e1209-5e93-4e0c-80eb-9aed64664243 state=[presentation, {   "renderer": "humanoid",   "model": "survivor",   "scale": 1.0,   "variant": "default" }]
10:40:06 info: BridgeServer[0] Entity state forwarded: 7dtd -> minecraft (update, 524e1209-5e93-4e0c-80eb-9aed64664243)
10:40:07 info: BridgeServer[0] Entity registry: updated, id=524e1209-5e93-4e0c-80eb-9aed64664243, count=1
10:40:07 info: BridgeServer[0] [Presentation] entity=524e1209-5e93-4e0c-80eb-9aed64664243 state=[presentation, {   "renderer": "humanoid",   "model": "survivor",   "scale": 1.0,   "variant": "default" }]
10:40:07 info: BridgeServer[0] Entity state forwarded: 7dtd -> minecraft (update, 524e1209-5e93-4e0c-80eb-9aed64664243)
10:40:07 info: BridgeServer[0] Entity registry: updated, id=524e1209-5e93-4e0c-80eb-9aed64664243, count=1
10:40:07 info: BridgeServer[0] [Presentation] entity=524e1209-5e93-4e0c-80eb-9aed64664243 state=[presentation, {   "renderer": "humanoid",   "model": "survivor",   "scale": 1.0,   "variant": "default" }]
10:40:07 info: BridgeServer[0] Entity state forwarded: 7dtd -> minecraft (update, 524e1209-5e93-4e0c-80eb-9aed64664243)
10:40:08 info: BridgeServer[0] Entity registry: updated, id=524e1209-5e93-4e0c-80eb-9aed64664243, count=1
10:40:08 info: BridgeServer[0] [Presentation] entity=524e1209-5e93-4e0c-80eb-9aed64664243 state=[presentation, {   "renderer": "humanoid",   "model": "survivor",   "scale": 1.0,   "variant": "default" }]
10:40:08 info: BridgeServer[0] Entity state forwarded: 7dtd -> minecraft (update, 524e1209-5e93-4e0c-80eb-9aed64664243)
10:40:08 info: BridgeServer[0] Entity registry: updated, id=524e1209-5e93-4e0c-80eb-9aed64664243, count=1
10:40:08 info: BridgeServer[0] [Presentation] entity=524e1209-5e93-4e0c-80eb-9aed64664243 state=[presentation, {   "renderer": "humanoid",   "model": "survivor",   "scale": 1.0,   "variant": "default" }]
10:40:08 info: BridgeServer[0] Entity state forwarded: 7dtd -> minecraft (update, 524e1209-5e93-4e0c-80eb-9aed64664243)
10:40:09 info: BridgeServer[0] Entity registry: updated, id=524e1209-5e93-4e0c-80eb-9aed64664243, count=1
10:40:09 info: BridgeServer[0] [Presentation] entity=524e1209-5e93-4e0c-80eb-9aed64664243 state=[presentation, {   "renderer": "humanoid",   "model": "survivor",   "scale": 1.0,   "variant": "default" }]
10:40:09 info: BridgeServer[0] Entity state forwarded: 7dtd -> minecraft (update, 524e1209-5e93-4e0c-80eb-9aed64664243)
10:40:09 info: BridgeServer[0] Entity registry: updated, id=524e1209-5e93-4e0c-80eb-9aed64664243, count=1
10:40:09 info: BridgeServer[0] [Presentation] entity=524e1209-5e93-4e0c-80eb-9aed64664243 state=[presentation, {   "renderer": "humanoid",   "model": "survivor",   "scale": 1.0,   "variant": "default" }]
10:40:09 info: BridgeServer[0] Entity state forwarded: 7dtd -> minecraft (update, 524e1209-5e93-4e0c-80eb-9aed64664243)
10:40:10 info: BridgeServer[0] Entity registry: updated, id=524e1209-5e93-4e0c-80eb-9aed64664243, count=1
10:40:10 info: BridgeServer[0] [Presentation] entity=524e1209-5e93-4e0c-80eb-9aed64664243 state=[presentation, {   "renderer": "humanoid",   "model": "survivor",   "scale": 1.0,   "variant": "default" }]
10:40:10 info: BridgeServer[0] Entity state forwarded: 7dtd -> minecraft (update, 524e1209-5e93-4e0c-80eb-9aed64664243)
10:40:10 info: BridgeServer[0] Entity registry: updated, id=524e1209-5e93-4e0c-80eb-9aed64664243, count=1
10:40:10 info: BridgeServer[0] [Presentation] entity=524e1209-5e93-4e0c-80eb-9aed64664243 state=[presentation, {   "renderer": "humanoid",   "model": "survivor",   "scale": 1.0,   "variant": "default" }]
10:40:10 info: BridgeServer[0] Entity state forwarded: 7dtd -> minecraft (update, 524e1209-5e93-4e0c-80eb-9aed64664243)
10:40:11 info: BridgeServer[0] Entity registry: updated, id=524e1209-5e93-4e0c-80eb-9aed64664243, count=1
10:40:11 info: BridgeServer[0] [Presentation] entity=524e1209-5e93-4e0c-80eb-9aed64664243 state=[presentation, {   "renderer": "humanoid",   "model": "survivor",   "scale": 1.0,   "variant": "default" }]
10:40:11 info: BridgeServer[0] Entity state forwarded: 7dtd -> minecraft (update, 524e1209-5e93-4e0c-80eb-9aed64664243)
10:40:11 info: BridgeServer[0] Entity registry: updated, id=524e1209-5e93-4e0c-80eb-9aed64664243, count=1
10:40:11 info: BridgeServer[0] [Presentation] entity=524e1209-5e93-4e0c-80eb-9aed64664243 state=[presentation, {   "renderer": "humanoid",   "model": "survivor",   "scale": 1.0,   "variant": "default" }]
10:40:11 info: BridgeServer[0] Entity state forwarded: 7dtd -> minecraft (update, 524e1209-5e93-4e0c-80eb-9aed64664243)
10:40:12 info: BridgeServer[0] Entity registry: updated, id=524e1209-5e93-4e0c-80eb-9aed64664243, count=1
10:40:12 info: BridgeServer[0] [Presentation] entity=524e1209-5e93-4e0c-80eb-9aed64664243 state=[presentation, {   "renderer": "humanoid",   "model": "survivor",   "scale": 1.0,   "variant": "default" }]
10:40:12 info: BridgeServer[0] Entity state forwarded: 7dtd -> minecraft (update, 524e1209-5e93-4e0c-80eb-9aed64664243)
10:40:12 info: BridgeServer[0] Entity registry: updated, id=524e1209-5e93-4e0c-80eb-9aed64664243, count=1
10:40:12 info: BridgeServer[0] [Presentation] entity=524e1209-5e93-4e0c-80eb-9aed64664243 state=[presentation, {   "renderer": "humanoid",   "model": "survivor",   "scale": 1.0,   "variant": "default" }]
10:40:12 info: BridgeServer[0] Entity state forwarded: 7dtd -> minecraft (update, 524e1209-5e93-4e0c-80eb-9aed64664243)
10:40:13 info: BridgeServer[0] Entity registry: updated, id=524e1209-5e93-4e0c-80eb-9aed64664243, count=1
10:40:13 info: BridgeServer[0] [Presentation] entity=524e1209-5e93-4e0c-80eb-9aed64664243 state=[presentation, {   "renderer": "humanoid",   "model": "survivor",   "scale": 1.0,   "variant": "default" }]
10:40:13 info: BridgeServer[0] Entity state forwarded: 7dtd -> minecraft (update, 524e1209-5e93-4e0c-80eb-9aed64664243)
10:40:13 info: BridgeServer[0] Entity registry: updated, id=524e1209-5e93-4e0c-80eb-9aed64664243, count=1
10:40:13 info: BridgeServer[0] [Presentation] entity=524e1209-5e93-4e0c-80eb-9aed64664243 state=[presentation, {   "renderer": "humanoid",   "model": "survivor",   "scale": 1.0,   "variant": "default" }]
10:40:13 info: BridgeServer[0] Entity state forwarded: 7dtd -> minecraft (update, 524e1209-5e93-4e0c-80eb-9aed64664243)
10:40:14 info: BridgeServer[0] Entity registry: updated, id=524e1209-5e93-4e0c-80eb-9aed64664243, count=1
10:40:14 info: BridgeServer[0] [Presentation] entity=524e1209-5e93-4e0c-80eb-9aed64664243 state=[presentation, {   "renderer": "humanoid",   "model": "survivor",   "scale": 1.0,   "variant": "default" }]
10:40:14 info: BridgeServer[0] Entity state forwarded: 7dtd -> minecraft (update, 524e1209-5e93-4e0c-80eb-9aed64664243)
10:40:14 info: BridgeServer[0] Entity registry: updated, id=524e1209-5e93-4e0c-80eb-9aed64664243, count=1
10:40:14 info: BridgeServer[0] [Presentation] entity=524e1209-5e93-4e0c-80eb-9aed64664243 state=[presentation, {   "renderer": "humanoid",   "model": "survivor",   "scale": 1.0,   "variant": "default" }]
10:40:14 info: BridgeServer[0] Entity state forwarded: 7dtd -> minecraft (update, 524e1209-5e93-4e0c-80eb-9aed64664243)
10:40:15 info: BridgeServer[0] Entity registry: updated, id=524e1209-5e93-4e0c-80eb-9aed64664243, count=1
10:40:15 info: BridgeServer[0] [Presentation] entity=524e1209-5e93-4e0c-80eb-9aed64664243 state=[presentation, {   "renderer": "humanoid",   "model": "survivor",   "scale": 1.0,   "variant": "default" }]
10:40:15 info: BridgeServer[0] Entity state forwarded: 7dtd -> minecraft (update, 524e1209-5e93-4e0c-80eb-9aed64664243)
10:40:15 info: BridgeServer[0] Entity registry: updated, id=524e1209-5e93-4e0c-80eb-9aed64664243, count=1
10:40:15 info: BridgeServer[0] [Presentation] entity=524e1209-5e93-4e0c-80eb-9aed64664243 state=[presentation, {   "renderer": "humanoid",   "model": "survivor",   "scale": 1.0,   "variant": "default" }]
10:40:15 info: BridgeServer[0] Entity state forwarded: 7dtd -> minecraft (update, 524e1209-5e93-4e0c-80eb-9aed64664243)
10:40:16 info: BridgeServer[0] Entity registry: updated, id=524e1209-5e93-4e0c-80eb-9aed64664243, count=1
10:40:16 info: BridgeServer[0] [Presentation] entity=524e1209-5e93-4e0c-80eb-9aed64664243 state=[presentation, {   "renderer": "humanoid",   "model": "survivor",   "scale": 1.0,   "variant": "default" }]
10:40:16 info: BridgeServer[0] Entity state forwarded: 7dtd -> minecraft (update, 524e1209-5e93-4e0c-80eb-9aed64664243)
10:40:16 info: BridgeServer[0] Entity registry: updated, id=524e1209-5e93-4e0c-80eb-9aed64664243, count=1
10:40:16 info: BridgeServer[0] [Presentation] entity=524e1209-5e93-4e0c-80eb-9aed64664243 state=[presentation, {   "renderer": "humanoid",   "model": "survivor",   "scale": 1.0,   "variant": "default" }]
10:40:16 info: BridgeServer[0] Entity state forwarded: 7dtd -> minecraft (update, 524e1209-5e93-4e0c-80eb-9aed64664243)
10:40:17 info: BridgeServer[0] Entity registry: updated, id=524e1209-5e93-4e0c-80eb-9aed64664243, count=1
10:40:17 info: BridgeServer[0] [Presentation] entity=524e1209-5e93-4e0c-80eb-9aed64664243 state=[presentation, {   "renderer": "humanoid",   "model": "survivor",   "scale": 1.0,   "variant": "default" }]
10:40:17 info: BridgeServer[0] Entity state forwarded: 7dtd -> minecraft (update, 524e1209-5e93-4e0c-80eb-9aed64664243)
10:40:17 info: BridgeServer[0] Entity registry: updated, id=524e1209-5e93-4e0c-80eb-9aed64664243, count=1
10:40:17 info: BridgeServer[0] [Presentation] entity=524e1209-5e93-4e0c-80eb-9aed64664243 state=[presentation, {   "renderer": "humanoid",   "model": "survivor",   "scale": 1.0,   "variant": "default" }]
10:40:17 info: BridgeServer[0] Entity state forwarded: 7dtd -> minecraft (update, 524e1209-5e93-4e0c-80eb-9aed64664243)
10:40:18 info: BridgeServer[0] Entity registry: updated, id=524e1209-5e93-4e0c-80eb-9aed64664243, count=1
10:40:18 info: BridgeServer[0] [Presentation] entity=524e1209-5e93-4e0c-80eb-9aed64664243 state=[presentation, {   "renderer": "humanoid",   "model": "survivor",   "scale": 1.0,   "variant": "default" }]
10:40:18 info: BridgeServer[0] Entity state forwarded: 7dtd -> minecraft (update, 524e1209-5e93-4e0c-80eb-9aed64664243)
10:40:18 info: BridgeServer[0] Entity registry: updated, id=524e1209-5e93-4e0c-80eb-9aed64664243, count=1
10:40:18 info: BridgeServer[0] [Presentation] entity=524e1209-5e93-4e0c-80eb-9aed64664243 state=[presentation, {   "renderer": "humanoid",   "model": "survivor",   "scale": 1.0,   "variant": "default" }]
10:40:18 info: BridgeServer[0] Entity state forwarded: 7dtd -> minecraft (update, 524e1209-5e93-4e0c-80eb-9aed64664243)
10:40:19 info: BridgeServer[0] Entity registry: updated, id=524e1209-5e93-4e0c-80eb-9aed64664243, count=1
10:40:19 info: BridgeServer[0] [Presentation] entity=524e1209-5e93-4e0c-80eb-9aed64664243 state=[presentation, {   "renderer": "humanoid",   "model": "survivor",   "scale": 1.0,   "variant": "default" }]
10:40:19 info: BridgeServer[0] Entity state forwarded: 7dtd -> minecraft (update, 524e1209-5e93-4e0c-80eb-9aed64664243)
10:40:19 info: BridgeServer[0] Entity registry: updated, id=524e1209-5e93-4e0c-80eb-9aed64664243, count=1
10:40:19 info: BridgeServer[0] [Presentation] entity=524e1209-5e93-4e0c-80eb-9aed64664243 state=[presentation, {   "renderer": "humanoid",   "model": "survivor",   "scale": 1.0,   "variant": "default" }]
10:40:19 info: BridgeServer[0] Entity state forwarded: 7dtd -> minecraft (update, 524e1209-5e93-4e0c-80eb-9aed64664243)
10:40:20 info: BridgeServer[0] Entity registry: updated, id=524e1209-5e93-4e0c-80eb-9aed64664243, count=1
10:40:20 info: BridgeServer[0] [Presentation] entity=524e1209-5e93-4e0c-80eb-9aed64664243 state=[presentation, {   "renderer": "humanoid",   "model": "survivor",   "scale": 1.0,   "variant": "default" }]
10:40:20 info: BridgeServer[0] Entity state forwarded: 7dtd -> minecraft (update, 524e1209-5e93-4e0c-80eb-9aed64664243)
10:40:20 info: BridgeServer[0] Entity registry: updated, id=524e1209-5e93-4e0c-80eb-9aed64664243, count=1
10:40:20 info: BridgeServer[0] [Presentation] entity=524e1209-5e93-4e0c-80eb-9aed64664243 state=[presentation, {   "renderer": "humanoid",   "model": "survivor",   "scale": 1.0,   "variant": "default" }]
10:40:20 info: BridgeServer[0] Entity state forwarded: 7dtd -> minecraft (update, 524e1209-5e93-4e0c-80eb-9aed64664243)
10:40:21 info: BridgeServer[0] Entity registry: updated, id=524e1209-5e93-4e0c-80eb-9aed64664243, count=1
10:40:21 info: BridgeServer[0] [Presentation] entity=524e1209-5e93-4e0c-80eb-9aed64664243 state=[presentation, {   "renderer": "humanoid",   "model": "survivor",   "scale": 1.0,   "variant": "default" }]
10:40:21 info: BridgeServer[0] Entity state forwarded: 7dtd -> minecraft (update, 524e1209-5e93-4e0c-80eb-9aed64664243)
10:40:21 info: BridgeServer[0] Entity registry: updated, id=524e1209-5e93-4e0c-80eb-9aed64664243, count=1
10:40:21 info: BridgeServer[0] [Presentation] entity=524e1209-5e93-4e0c-80eb-9aed64664243 state=[presentation, {   "renderer": "humanoid",   "model": "survivor",   "scale": 1.0,   "variant": "default" }]
10:40:21 info: BridgeServer[0] Entity state forwarded: 7dtd -> minecraft (update, 524e1209-5e93-4e0c-80eb-9aed64664243)
10:40:22 info: BridgeServer[0] Entity registry: updated, id=524e1209-5e93-4e0c-80eb-9aed64664243, count=1
10:40:22 info: BridgeServer[0] [Presentation] entity=524e1209-5e93-4e0c-80eb-9aed64664243 state=[presentation, {   "renderer": "humanoid",   "model": "survivor",   "scale": 1.0,   "variant": "default" }]
10:40:22 info: BridgeServer[0] Entity state forwarded: 7dtd -> minecraft (update, 524e1209-5e93-4e0c-80eb-9aed64664243)
10:40:22 info: BridgeServer[0] Entity registry: updated, id=524e1209-5e93-4e0c-80eb-9aed64664243, count=1
10:40:22 info: BridgeServer[0] [Presentation] entity=524e1209-5e93-4e0c-80eb-9aed64664243 state=[presentation, {   "renderer": "humanoid",   "model": "survivor",   "scale": 1.0,   "variant": "default" }]
10:40:22 info: BridgeServer[0] Entity state forwarded: 7dtd -> minecraft (update, 524e1209-5e93-4e0c-80eb-9aed64664243)
10:40:23 info: BridgeServer[0] Entity registry: updated, id=524e1209-5e93-4e0c-80eb-9aed64664243, count=1
10:40:23 info: BridgeServer[0] [Presentation] entity=524e1209-5e93-4e0c-80eb-9aed64664243 state=[presentation, {   "renderer": "humanoid",   "model": "survivor",   "scale": 1.0,   "variant": "default" }]
10:40:23 info: BridgeServer[0] Entity state forwarded: 7dtd -> minecraft (update, 524e1209-5e93-4e0c-80eb-9aed64664243)
10:40:23 info: BridgeServer[0] Entity registry: updated, id=524e1209-5e93-4e0c-80eb-9aed64664243, count=1
10:40:23 info: BridgeServer[0] [Presentation] entity=524e1209-5e93-4e0c-80eb-9aed64664243 state=[presentation, {   "renderer": "humanoid",   "model": "survivor",   "scale": 1.0,   "variant": "default" }]
10:40:23 info: BridgeServer[0] Entity state forwarded: 7dtd -> minecraft (update, 524e1209-5e93-4e0c-80eb-9aed64664243)
10:40:24 info: BridgeServer[0] Entity registry: updated, id=524e1209-5e93-4e0c-80eb-9aed64664243, count=1
10:40:24 info: BridgeServer[0] [Presentation] entity=524e1209-5e93-4e0c-80eb-9aed64664243 state=[presentation, {   "renderer": "humanoid",   "model": "survivor",   "scale": 1.0,   "variant": "default" }]
10:40:24 info: BridgeServer[0] Entity state forwarded: 7dtd -> minecraft (update, 524e1209-5e93-4e0c-80eb-9aed64664243)
10:40:24 info: BridgeServer[0] Entity registry: updated, id=524e1209-5e93-4e0c-80eb-9aed64664243, count=1
10:40:24 info: BridgeServer[0] [Presentation] entity=524e1209-5e93-4e0c-80eb-9aed64664243 state=[presentation, {   "renderer": "humanoid",   "model": "survivor",   "scale": 1.0,   "variant": "default" }]
10:40:24 info: BridgeServer[0] Entity state forwarded: 7dtd -> minecraft (update, 524e1209-5e93-4e0c-80eb-9aed64664243)
10:40:25 info: BridgeServer[0] Entity registry: updated, id=524e1209-5e93-4e0c-80eb-9aed64664243, count=1
10:40:25 info: BridgeServer[0] [Presentation] entity=524e1209-5e93-4e0c-80eb-9aed64664243 state=[presentation, {   "renderer": "humanoid",   "model": "survivor",   "scale": 1.0,   "variant": "default" }]
10:40:25 info: BridgeServer[0] Entity state forwarded: 7dtd -> minecraft (update, 524e1209-5e93-4e0c-80eb-9aed64664243)
10:40:25 info: BridgeServer[0] Entity registry: updated, id=524e1209-5e93-4e0c-80eb-9aed64664243, count=1
10:40:25 info: BridgeServer[0] [Presentation] entity=524e1209-5e93-4e0c-80eb-9aed64664243 state=[presentation, {   "renderer": "humanoid",   "model": "survivor",   "scale": 1.0,   "variant": "default" }]
10:40:25 info: BridgeServer[0] Entity state forwarded: 7dtd -> minecraft (update, 524e1209-5e93-4e0c-80eb-9aed64664243)
10:40:26 info: BridgeServer[0] Entity registry: updated, id=524e1209-5e93-4e0c-80eb-9aed64664243, count=1
10:40:26 info: BridgeServer[0] [Presentation] entity=524e1209-5e93-4e0c-80eb-9aed64664243 state=[presentation, {   "renderer": "humanoid",   "model": "survivor",   "scale": 1.0,   "variant": "default" }]
10:40:26 info: BridgeServer[0] Entity state forwarded: 7dtd -> minecraft (update, 524e1209-5e93-4e0c-80eb-9aed64664243)
10:40:26 info: BridgeServer[0] Entity registry: updated, id=524e1209-5e93-4e0c-80eb-9aed64664243, count=1
10:40:26 info: BridgeServer[0] [Presentation] entity=524e1209-5e93-4e0c-80eb-9aed64664243 state=[presentation, {   "renderer": "humanoid",   "model": "survivor",   "scale": 1.0,   "variant": "default" }]
10:40:26 info: BridgeServer[0] Entity state forwarded: 7dtd -> minecraft (update, 524e1209-5e93-4e0c-80eb-9aed64664243)
10:40:27 info: BridgeServer[0] Entity registry: updated, id=524e1209-5e93-4e0c-80eb-9aed64664243, count=1
10:40:27 info: BridgeServer[0] [Presentation] entity=524e1209-5e93-4e0c-80eb-9aed64664243 state=[presentation, {   "renderer": "humanoid",   "model": "survivor",   "scale": 1.0,   "variant": "default" }]
10:40:27 info: BridgeServer[0] Entity state forwarded: 7dtd -> minecraft (update, 524e1209-5e93-4e0c-80eb-9aed64664243)
10:40:27 info: BridgeServer[0] Entity registry: updated, id=524e1209-5e93-4e0c-80eb-9aed64664243, count=1
10:40:27 info: BridgeServer[0] [Presentation] entity=524e1209-5e93-4e0c-80eb-9aed64664243 state=[presentation, {   "renderer": "humanoid",   "model": "survivor",   "scale": 1.0,   "variant": "default" }]
10:40:27 info: BridgeServer[0] Entity state forwarded: 7dtd -> minecraft (update, 524e1209-5e93-4e0c-80eb-9aed64664243)
10:40:28 info: BridgeServer[0] Entity registry: updated, id=524e1209-5e93-4e0c-80eb-9aed64664243, count=1
10:40:28 info: BridgeServer[0] [Presentation] entity=524e1209-5e93-4e0c-80eb-9aed64664243 state=[presentation, {   "renderer": "humanoid",   "model": "survivor",   "scale": 1.0,   "variant": "default" }]
10:40:28 info: BridgeServer[0] Entity state forwarded: 7dtd -> minecraft (update, 524e1209-5e93-4e0c-80eb-9aed64664243)
10:40:28 info: BridgeServer[0] Entity registry: updated, id=524e1209-5e93-4e0c-80eb-9aed64664243, count=1
10:40:28 info: BridgeServer[0] [Presentation] entity=524e1209-5e93-4e0c-80eb-9aed64664243 state=[presentation, {   "renderer": "humanoid",   "model": "survivor",   "scale": 1.0,   "variant": "default" }]
10:40:28 info: BridgeServer[0] Entity state forwarded: 7dtd -> minecraft (update, 524e1209-5e93-4e0c-80eb-9aed64664243)
10:40:29 info: BridgeServer[0] Entity registry: updated, id=524e1209-5e93-4e0c-80eb-9aed64664243, count=1
10:40:29 info: BridgeServer[0] [Presentation] entity=524e1209-5e93-4e0c-80eb-9aed64664243 state=[presentation, {   "renderer": "humanoid",   "model": "survivor",   "scale": 1.0,   "variant": "default" }]
10:40:29 info: BridgeServer[0] Entity state forwarded: 7dtd -> minecraft (update, 524e1209-5e93-4e0c-80eb-9aed64664243)
10:40:29 info: BridgeServer[0] Entity registry: updated, id=524e1209-5e93-4e0c-80eb-9aed64664243, count=1
10:40:29 info: BridgeServer[0] [Presentation] entity=524e1209-5e93-4e0c-80eb-9aed64664243 state=[presentation, {   "renderer": "humanoid",   "model": "survivor",   "scale": 1.0,   "variant": "default" }]
10:40:29 info: BridgeServer[0] Entity state forwarded: 7dtd -> minecraft (update, 524e1209-5e93-4e0c-80eb-9aed64664243)
10:40:30 info: BridgeServer[0] Entity registry: updated, id=524e1209-5e93-4e0c-80eb-9aed64664243, count=1
10:40:30 info: BridgeServer[0] [Presentation] entity=524e1209-5e93-4e0c-80eb-9aed64664243 state=[presentation, {   "renderer": "humanoid",   "model": "survivor",   "scale": 1.0,   "variant": "default" }]
10:40:30 info: BridgeServer[0] Entity state forwarded: 7dtd -> minecraft (update, 524e1209-5e93-4e0c-80eb-9aed64664243)
10:40:30 info: BridgeServer[0] Entity registry: updated, id=524e1209-5e93-4e0c-80eb-9aed64664243, count=1
10:40:30 info: BridgeServer[0] [Presentation] entity=524e1209-5e93-4e0c-80eb-9aed64664243 state=[presentation, {   "renderer": "humanoid",   "model": "survivor",   "scale": 1.0,   "variant": "default" }]
10:40:30 info: BridgeServer[0] Entity state forwarded: 7dtd -> minecraft (update, 524e1209-5e93-4e0c-80eb-9aed64664243)
10:40:31 info: BridgeServer[0] Entity registry: updated, id=524e1209-5e93-4e0c-80eb-9aed64664243, count=1
10:40:31 info: BridgeServer[0] [Presentation] entity=524e1209-5e93-4e0c-80eb-9aed64664243 state=[presentation, {   "renderer": "humanoid",   "model": "survivor",   "scale": 1.0,   "variant": "default" }]
10:40:31 info: BridgeServer[0] Entity state forwarded: 7dtd -> minecraft (update, 524e1209-5e93-4e0c-80eb-9aed64664243)
10:40:31 info: BridgeServer[0] Entity registry: updated, id=524e1209-5e93-4e0c-80eb-9aed64664243, count=1
10:40:31 info: BridgeServer[0] [Presentation] entity=524e1209-5e93-4e0c-80eb-9aed64664243 state=[presentation, {   "renderer": "humanoid",   "model": "survivor",   "scale": 1.0,   "variant": "default" }]
10:40:31 info: BridgeServer[0] Entity state forwarded: 7dtd -> minecraft (update, 524e1209-5e93-4e0c-80eb-9aed64664243)
10:40:32 info: BridgeServer[0] Entity registry: updated, id=524e1209-5e93-4e0c-80eb-9aed64664243, count=1
10:40:32 info: BridgeServer[0] [Presentation] entity=524e1209-5e93-4e0c-80eb-9aed64664243 state=[presentation, {   "renderer": "humanoid",   "model": "survivor",   "scale": 1.0,   "variant": "default" }]
10:40:32 info: BridgeServer[0] Entity state forwarded: 7dtd -> minecraft (update, 524e1209-5e93-4e0c-80eb-9aed64664243)
10:40:32 info: BridgeServer[0] Entity registry: updated, id=524e1209-5e93-4e0c-80eb-9aed64664243, count=1
10:40:32 info: BridgeServer[0] [Presentation] entity=524e1209-5e93-4e0c-80eb-9aed64664243 state=[presentation, {   "renderer": "humanoid",   "model": "survivor",   "scale": 1.0,   "variant": "default" }]
10:40:32 info: BridgeServer[0] Entity state forwarded: 7dtd -> minecraft (update, 524e1209-5e93-4e0c-80eb-9aed64664243)
10:40:33 info: BridgeServer[0] Entity registry: updated, id=524e1209-5e93-4e0c-80eb-9aed64664243, count=1
10:40:33 info: BridgeServer[0] [Presentation] entity=524e1209-5e93-4e0c-80eb-9aed64664243 state=[presentation, {   "renderer": "humanoid",   "model": "survivor",   "scale": 1.0,   "variant": "default" }]
10:40:33 info: BridgeServer[0] Entity state forwarded: 7dtd -> minecraft (update, 524e1209-5e93-4e0c-80eb-9aed64664243)
10:40:33 info: BridgeServer[0] Entity registry: updated, id=524e1209-5e93-4e0c-80eb-9aed64664243, count=1
10:40:33 info: BridgeServer[0] [Presentation] entity=524e1209-5e93-4e0c-80eb-9aed64664243 state=[presentation, {   "renderer": "humanoid",   "model": "survivor",   "scale": 1.0,   "variant": "default" }]
10:40:33 info: BridgeServer[0] Entity state forwarded: 7dtd -> minecraft (update, 524e1209-5e93-4e0c-80eb-9aed64664243)
10:40:34 info: BridgeServer[0] Entity registry: updated, id=524e1209-5e93-4e0c-80eb-9aed64664243, count=1
10:40:34 info: BridgeServer[0] [Presentation] entity=524e1209-5e93-4e0c-80eb-9aed64664243 state=[presentation, {   "renderer": "humanoid",   "model": "survivor",   "scale": 1.0,   "variant": "default" }]
10:40:34 info: BridgeServer[0] Entity state forwarded: 7dtd -> minecraft (update, 524e1209-5e93-4e0c-80eb-9aed64664243)
10:40:34 info: BridgeServer[0] Entity registry: updated, id=524e1209-5e93-4e0c-80eb-9aed64664243, count=1
10:40:34 info: BridgeServer[0] [Presentation] entity=524e1209-5e93-4e0c-80eb-9aed64664243 state=[presentation, {   "renderer": "humanoid",   "model": "survivor",   "scale": 1.0,   "variant": "default" }]
10:40:34 info: BridgeServer[0] Entity state forwarded: 7dtd -> minecraft (update, 524e1209-5e93-4e0c-80eb-9aed64664243)
10:40:35 info: BridgeServer[0] Entity registry: updated, id=524e1209-5e93-4e0c-80eb-9aed64664243, count=1
10:40:35 info: BridgeServer[0] [Presentation] entity=524e1209-5e93-4e0c-80eb-9aed64664243 state=[presentation, {   "renderer": "humanoid",   "model": "survivor",   "scale": 1.0,   "variant": "default" }]
10:40:35 info: BridgeServer[0] Entity state forwarded: 7dtd -> minecraft (update, 524e1209-5e93-4e0c-80eb-9aed64664243)
10:40:35 info: BridgeServer[0] Entity registry: updated, id=524e1209-5e93-4e0c-80eb-9aed64664243, count=1
10:40:35 info: BridgeServer[0] [Presentation] entity=524e1209-5e93-4e0c-80eb-9aed64664243 state=[presentation, {   "renderer": "humanoid",   "model": "survivor",   "scale": 1.0,   "variant": "default" }]
10:40:35 info: BridgeServer[0] Entity state forwarded: 7dtd -> minecraft (update, 524e1209-5e93-4e0c-80eb-9aed64664243)
10:40:36 info: BridgeServer[0] Entity registry: updated, id=524e1209-5e93-4e0c-80eb-9aed64664243, count=1
10:40:36 info: BridgeServer[0] [Presentation] entity=524e1209-5e93-4e0c-80eb-9aed64664243 state=[presentation, {   "renderer": "humanoid",   "model": "survivor",   "scale": 1.0,   "variant": "default" }]
10:40:36 info: BridgeServer[0] Entity state forwarded: 7dtd -> minecraft (update, 524e1209-5e93-4e0c-80eb-9aed64664243)
10:40:36 info: BridgeServer[0] Entity registry: updated, id=524e1209-5e93-4e0c-80eb-9aed64664243, count=1
10:40:36 info: BridgeServer[0] [Presentation] entity=524e1209-5e93-4e0c-80eb-9aed64664243 state=[presentation, {   "renderer": "humanoid",   "model": "survivor",   "scale": 1.0,   "variant": "default" }]
10:40:36 info: BridgeServer[0] Entity state forwarded: 7dtd -> minecraft (update, 524e1209-5e93-4e0c-80eb-9aed64664243)
10:40:37 info: BridgeServer[0] Entity registry: updated, id=524e1209-5e93-4e0c-80eb-9aed64664243, count=1
10:40:37 info: BridgeServer[0] [Presentation] entity=524e1209-5e93-4e0c-80eb-9aed64664243 state=[presentation, {   "renderer": "humanoid",   "model": "survivor",   "scale": 1.0,   "variant": "default" }]
10:40:37 info: BridgeServer[0] Entity state forwarded: 7dtd -> minecraft (update, 524e1209-5e93-4e0c-80eb-9aed64664243)
10:40:37 info: BridgeServer[0] Entity registry: updated, id=524e1209-5e93-4e0c-80eb-9aed64664243, count=1
10:40:37 info: BridgeServer[0] [Presentation] entity=524e1209-5e93-4e0c-80eb-9aed64664243 state=[presentation, {   "renderer": "humanoid",   "model": "survivor",   "scale": 1.0,   "variant": "default" }]
10:40:37 info: BridgeServer[0] Entity state forwarded: 7dtd -> minecraft (update, 524e1209-5e93-4e0c-80eb-9aed64664243)
10:40:38 info: BridgeServer[0] Entity registry: updated, id=524e1209-5e93-4e0c-80eb-9aed64664243, count=1
10:40:38 info: BridgeServer[0] [Presentation] entity=524e1209-5e93-4e0c-80eb-9aed64664243 state=[presentation, {   "renderer": "humanoid",   "model": "survivor",   "scale": 1.0,   "variant": "default" }]
10:40:38 info: BridgeServer[0] Entity state forwarded: 7dtd -> minecraft (update, 524e1209-5e93-4e0c-80eb-9aed64664243)
10:40:38 info: BridgeServer[0] Entity registry: updated, id=524e1209-5e93-4e0c-80eb-9aed64664243, count=1
10:40:38 info: BridgeServer[0] [Presentation] entity=524e1209-5e93-4e0c-80eb-9aed64664243 state=[presentation, {   "renderer": "humanoid",   "model": "survivor",   "scale": 1.0,   "variant": "default" }]
10:40:38 info: BridgeServer[0] Entity state forwarded: 7dtd -> minecraft (update, 524e1209-5e93-4e0c-80eb-9aed64664243)
10:40:39 info: BridgeServer[0] Entity registry: updated, id=524e1209-5e93-4e0c-80eb-9aed64664243, count=1
10:40:39 info: BridgeServer[0] [Presentation] entity=524e1209-5e93-4e0c-80eb-9aed64664243 state=[presentation, {   "renderer": "humanoid",   "model": "survivor",   "scale": 1.0,   "variant": "default" }]
10:40:39 info: BridgeServer[0] Entity state forwarded: 7dtd -> minecraft (update, 524e1209-5e93-4e0c-80eb-9aed64664243)
10:40:39 info: BridgeServer[0] Entity registry: updated, id=524e1209-5e93-4e0c-80eb-9aed64664243, count=1
10:40:39 info: BridgeServer[0] [Presentation] entity=524e1209-5e93-4e0c-80eb-9aed64664243 state=[presentation, {   "renderer": "humanoid",   "model": "survivor",   "scale": 1.0,   "variant": "default" }]
10:40:39 info: BridgeServer[0] Entity state forwarded: 7dtd -> minecraft (update, 524e1209-5e93-4e0c-80eb-9aed64664243)
10:40:40 info: BridgeServer[0] Entity registry: updated, id=524e1209-5e93-4e0c-80eb-9aed64664243, count=1
10:40:40 info: BridgeServer[0] [Presentation] entity=524e1209-5e93-4e0c-80eb-9aed64664243 state=[presentation, {   "renderer": "humanoid",   "model": "survivor",   "scale": 1.0,   "variant": "default" }]
10:40:40 info: BridgeServer[0] Entity state forwarded: 7dtd -> minecraft (update, 524e1209-5e93-4e0c-80eb-9aed64664243)
10:40:40 info: BridgeServer[0] Entity registry: updated, id=524e1209-5e93-4e0c-80eb-9aed64664243, count=1
10:40:40 info: BridgeServer[0] [Presentation] entity=524e1209-5e93-4e0c-80eb-9aed64664243 state=[presentation, {   "renderer": "humanoid",   "model": "survivor",   "scale": 1.0,   "variant": "default" }]
10:40:40 info: BridgeServer[0] Entity state forwarded: 7dtd -> minecraft (update, 524e1209-5e93-4e0c-80eb-9aed64664243)
10:40:41 info: BridgeServer[0] Entity registry: updated, id=524e1209-5e93-4e0c-80eb-9aed64664243, count=1
10:40:41 info: BridgeServer[0] [Presentation] entity=524e1209-5e93-4e0c-80eb-9aed64664243 state=[presentation, {   "renderer": "humanoid",   "model": "survivor",   "scale": 1.0,   "variant": "default" }]
10:40:41 info: BridgeServer[0] Entity state forwarded: 7dtd -> minecraft (update, 524e1209-5e93-4e0c-80eb-9aed64664243)
10:40:41 info: BridgeServer[0] Entity registry: updated, id=524e1209-5e93-4e0c-80eb-9aed64664243, count=1
10:40:41 info: BridgeServer[0] [Presentation] entity=524e1209-5e93-4e0c-80eb-9aed64664243 state=[presentation, {   "renderer": "humanoid",   "model": "survivor",   "scale": 1.0,   "variant": "default" }]
10:40:41 info: BridgeServer[0] Entity state forwarded: 7dtd -> minecraft (update, 524e1209-5e93-4e0c-80eb-9aed64664243)
10:40:42 info: BridgeServer[0] Entity registry: updated, id=524e1209-5e93-4e0c-80eb-9aed64664243, count=1
10:40:42 info: BridgeServer[0] [Presentation] entity=524e1209-5e93-4e0c-80eb-9aed64664243 state=[presentation, {   "renderer": "humanoid",   "model": "survivor",   "scale": 1.0,   "variant": "default" }]
10:40:42 info: BridgeServer[0] Entity state forwarded: 7dtd -> minecraft (update, 524e1209-5e93-4e0c-80eb-9aed64664243)
10:40:42 info: BridgeServer[0] Entity registry: updated, id=524e1209-5e93-4e0c-80eb-9aed64664243, count=1
10:40:42 info: BridgeServer[0] [Presentation] entity=524e1209-5e93-4e0c-80eb-9aed64664243 state=[presentation, {   "renderer": "humanoid",   "model": "survivor",   "scale": 1.0,   "variant": "default" }]
10:40:42 info: BridgeServer[0] Entity state forwarded: 7dtd -> minecraft (update, 524e1209-5e93-4e0c-80eb-9aed64664243)
10:40:43 info: BridgeServer[0] Entity registry: updated, id=524e1209-5e93-4e0c-80eb-9aed64664243, count=1
10:40:43 info: BridgeServer[0] [Presentation] entity=524e1209-5e93-4e0c-80eb-9aed64664243 state=[presentation, {   "renderer": "humanoid",   "model": "survivor",   "scale": 1.0,   "variant": "default" }]
10:40:43 info: BridgeServer[0] Entity state forwarded: 7dtd -> minecraft (update, 524e1209-5e93-4e0c-80eb-9aed64664243)
10:40:43 info: BridgeServer[0] Entity registry: updated, id=524e1209-5e93-4e0c-80eb-9aed64664243, count=1
10:40:43 info: BridgeServer[0] [Presentation] entity=524e1209-5e93-4e0c-80eb-9aed64664243 state=[presentation, {   "renderer": "humanoid",   "model": "survivor",   "scale": 1.0,   "variant": "default" }]
10:40:43 info: BridgeServer[0] Entity state forwarded: 7dtd -> minecraft (update, 524e1209-5e93-4e0c-80eb-9aed64664243)
10:40:44 info: BridgeServer[0] Entity registry: updated, id=524e1209-5e93-4e0c-80eb-9aed64664243, count=1
10:40:44 info: BridgeServer[0] [Presentation] entity=524e1209-5e93-4e0c-80eb-9aed64664243 state=[presentation, {   "renderer": "humanoid",   "model": "survivor",   "scale": 1.0,   "variant": "default" }]
10:40:44 info: BridgeServer[0] Entity state forwarded: 7dtd -> minecraft (update, 524e1209-5e93-4e0c-80eb-9aed64664243)
10:40:44 info: BridgeServer[0] Entity registry: updated, id=524e1209-5e93-4e0c-80eb-9aed64664243, count=1
10:40:44 info: BridgeServer[0] [Presentation] entity=524e1209-5e93-4e0c-80eb-9aed64664243 state=[presentation, {   "renderer": "humanoid",   "model": "survivor",   "scale": 1.0,   "variant": "default" }]
10:40:44 info: BridgeServer[0] Entity state forwarded: 7dtd -> minecraft (update, 524e1209-5e93-4e0c-80eb-9aed64664243)
10:40:45 info: BridgeServer[0] Entity registry: updated, id=524e1209-5e93-4e0c-80eb-9aed64664243, count=1
10:40:45 info: BridgeServer[0] [Presentation] entity=524e1209-5e93-4e0c-80eb-9aed64664243 state=[presentation, {   "renderer": "humanoid",   "model": "survivor",   "scale": 1.0,   "variant": "default" }]
10:40:45 info: BridgeServer[0] Entity state forwarded: 7dtd -> minecraft (update, 524e1209-5e93-4e0c-80eb-9aed64664243)
10:40:45 info: BridgeServer[0] Entity registry: updated, id=524e1209-5e93-4e0c-80eb-9aed64664243, count=1
10:40:45 info: BridgeServer[0] [Presentation] entity=524e1209-5e93-4e0c-80eb-9aed64664243 state=[presentation, {   "renderer": "humanoid",   "model": "survivor",   "scale": 1.0,   "variant": "default" }]
10:40:45 info: BridgeServer[0] Entity state forwarded: 7dtd -> minecraft (update, 524e1209-5e93-4e0c-80eb-9aed64664243)
10:40:46 info: BridgeServer[0] Entity registry: updated, id=524e1209-5e93-4e0c-80eb-9aed64664243, count=1
10:40:46 info: BridgeServer[0] [Presentation] entity=524e1209-5e93-4e0c-80eb-9aed64664243 state=[presentation, {   "renderer": "humanoid",   "model": "survivor",   "scale": 1.0,   "variant": "default" }]
10:40:46 info: BridgeServer[0] Entity state forwarded: 7dtd -> minecraft (update, 524e1209-5e93-4e0c-80eb-9aed64664243)
10:40:47 info: BridgeServer[0] Entity registry: updated, id=524e1209-5e93-4e0c-80eb-9aed64664243, count=1
10:40:47 info: BridgeServer[0] [Presentation] entity=524e1209-5e93-4e0c-80eb-9aed64664243 state=[presentation, {   "renderer": "humanoid",   "model": "survivor",   "scale": 1.0,   "variant": "default" }]
10:40:47 info: BridgeServer[0] Entity state forwarded: 7dtd -> minecraft (update, 524e1209-5e93-4e0c-80eb-9aed64664243)
10:40:47 info: BridgeServer[0] Entity registry: updated, id=524e1209-5e93-4e0c-80eb-9aed64664243, count=1
10:40:47 info: BridgeServer[0] [Presentation] entity=524e1209-5e93-4e0c-80eb-9aed64664243 state=[presentation, {   "renderer": "humanoid",   "model": "survivor",   "scale": 1.0,   "variant": "default" }]
10:40:47 info: BridgeServer[0] Entity state forwarded: 7dtd -> minecraft (update, 524e1209-5e93-4e0c-80eb-9aed64664243)
10:40:48 info: BridgeServer[0] Entity registry: updated, id=524e1209-5e93-4e0c-80eb-9aed64664243, count=1
10:40:48 info: BridgeServer[0] [Presentation] entity=524e1209-5e93-4e0c-80eb-9aed64664243 state=[presentation, {   "renderer": "humanoid",   "model": "survivor",   "scale": 1.0,   "variant": "default" }]
10:40:48 info: BridgeServer[0] Entity state forwarded: 7dtd -> minecraft (update, 524e1209-5e93-4e0c-80eb-9aed64664243)
10:40:48 info: BridgeServer[0] Entity registry: updated, id=524e1209-5e93-4e0c-80eb-9aed64664243, count=1
10:40:48 info: BridgeServer[0] [Presentation] entity=524e1209-5e93-4e0c-80eb-9aed64664243 state=[presentation, {   "renderer": "humanoid",   "model": "survivor",   "scale": 1.0,   "variant": "default" }]
10:40:48 info: BridgeServer[0] Entity state forwarded: 7dtd -> minecraft (update, 524e1209-5e93-4e0c-80eb-9aed64664243)
10:40:49 info: BridgeServer[0] Entity registry: updated, id=524e1209-5e93-4e0c-80eb-9aed64664243, count=1
10:40:49 info: BridgeServer[0] [Presentation] entity=524e1209-5e93-4e0c-80eb-9aed64664243 state=[presentation, {   "renderer": "humanoid",   "model": "survivor",   "scale": 1.0,   "variant": "default" }]
10:40:49 info: BridgeServer[0] Entity state forwarded: 7dtd -> minecraft (update, 524e1209-5e93-4e0c-80eb-9aed64664243)
10:40:49 info: BridgeServer[0] Entity registry: updated, id=524e1209-5e93-4e0c-80eb-9aed64664243, count=1
10:40:49 info: BridgeServer[0] [Presentation] entity=524e1209-5e93-4e0c-80eb-9aed64664243 state=[presentation, {   "renderer": "humanoid",   "model": "survivor",   "scale": 1.0,   "variant": "default" }]
10:40:49 info: BridgeServer[0] Entity state forwarded: 7dtd -> minecraft (update, 524e1209-5e93-4e0c-80eb-9aed64664243)
10:40:50 info: BridgeServer[0] Entity registry: updated, id=524e1209-5e93-4e0c-80eb-9aed64664243, count=1
10:40:50 info: BridgeServer[0] [Presentation] entity=524e1209-5e93-4e0c-80eb-9aed64664243 state=[presentation, {   "renderer": "humanoid",   "model": "survivor",   "scale": 1.0,   "variant": "default" }]
10:40:50 info: BridgeServer[0] Entity state forwarded: 7dtd -> minecraft (update, 524e1209-5e93-4e0c-80eb-9aed64664243)
10:40:50 info: BridgeServer[0] Entity registry: updated, id=524e1209-5e93-4e0c-80eb-9aed64664243, count=1
10:40:50 info: BridgeServer[0] [Presentation] entity=524e1209-5e93-4e0c-80eb-9aed64664243 state=[presentation, {   "renderer": "humanoid",   "model": "survivor",   "scale": 1.0,   "variant": "default" }]
10:40:50 info: BridgeServer[0] Entity state forwarded: 7dtd -> minecraft (update, 524e1209-5e93-4e0c-80eb-9aed64664243)
10:40:51 info: BridgeServer[0] Entity registry: updated, id=524e1209-5e93-4e0c-80eb-9aed64664243, count=1
10:40:51 info: BridgeServer[0] [Presentation] entity=524e1209-5e93-4e0c-80eb-9aed64664243 state=[presentation, {   "renderer": "humanoid",   "model": "survivor",   "scale": 1.0,   "variant": "default" }]
10:40:51 info: BridgeServer[0] Entity state forwarded: 7dtd -> minecraft (update, 524e1209-5e93-4e0c-80eb-9aed64664243)
10:40:51 info: BridgeServer[0] Entity registry: updated, id=524e1209-5e93-4e0c-80eb-9aed64664243, count=1
10:40:51 info: BridgeServer[0] [Presentation] entity=524e1209-5e93-4e0c-80eb-9aed64664243 state=[presentation, {   "renderer": "humanoid",   "model": "survivor",   "scale": 1.0,   "variant": "default" }]
10:40:51 info: BridgeServer[0] Entity state forwarded: 7dtd -> minecraft (update, 524e1209-5e93-4e0c-80eb-9aed64664243)
10:40:52 info: BridgeServer[0] Entity registry: updated, id=524e1209-5e93-4e0c-80eb-9aed64664243, count=1
10:40:52 info: BridgeServer[0] [Presentation] entity=524e1209-5e93-4e0c-80eb-9aed64664243 state=[presentation, {   "renderer": "humanoid",   "model": "survivor",   "scale": 1.0,   "variant": "default" }]
10:40:52 info: BridgeServer[0] Entity state forwarded: 7dtd -> minecraft (update, 524e1209-5e93-4e0c-80eb-9aed64664243)
10:40:52 info: BridgeServer[0] Entity registry: updated, id=524e1209-5e93-4e0c-80eb-9aed64664243, count=1
10:40:52 info: BridgeServer[0] [Presentation] entity=524e1209-5e93-4e0c-80eb-9aed64664243 state=[presentation, {   "renderer": "humanoid",   "model": "survivor",   "scale": 1.0,   "variant": "default" }]
10:40:52 info: BridgeServer[0] Entity state forwarded: 7dtd -> minecraft (update, 524e1209-5e93-4e0c-80eb-9aed64664243)
10:40:53 info: BridgeServer[0] Entity registry: updated, id=524e1209-5e93-4e0c-80eb-9aed64664243, count=1
10:40:53 info: BridgeServer[0] [Presentation] entity=524e1209-5e93-4e0c-80eb-9aed64664243 state=[presentation, {   "renderer": "humanoid",   "model": "survivor",   "scale": 1.0,   "variant": "default" }]
10:40:53 info: BridgeServer[0] Entity state forwarded: 7dtd -> minecraft (update, 524e1209-5e93-4e0c-80eb-9aed64664243)
10:40:53 info: BridgeServer[0] Entity registry: updated, id=524e1209-5e93-4e0c-80eb-9aed64664243, count=1
10:40:53 info: BridgeServer[0] [Presentation] entity=524e1209-5e93-4e0c-80eb-9aed64664243 state=[presentation, {   "renderer": "humanoid",   "model": "survivor",   "scale": 1.0,   "variant": "default" }]
10:40:53 info: BridgeServer[0] Entity state forwarded: 7dtd -> minecraft (update, 524e1209-5e93-4e0c-80eb-9aed64664243)
10:40:54 info: BridgeServer[0] Entity registry: updated, id=524e1209-5e93-4e0c-80eb-9aed64664243, count=1
10:40:54 info: BridgeServer[0] [Presentation] entity=524e1209-5e93-4e0c-80eb-9aed64664243 state=[presentation, {   "renderer": "humanoid",   "model": "survivor",   "scale": 1.0,   "variant": "default" }]
10:40:54 info: BridgeServer[0] Entity state forwarded: 7dtd -> minecraft (update, 524e1209-5e93-4e0c-80eb-9aed64664243)
10:40:54 info: BridgeServer[0] Entity registry: updated, id=524e1209-5e93-4e0c-80eb-9aed64664243, count=1
10:40:54 info: BridgeServer[0] [Presentation] entity=524e1209-5e93-4e0c-80eb-9aed64664243 state=[presentation, {   "renderer": "humanoid",   "model": "survivor",   "scale": 1.0,   "variant": "default" }]
10:40:54 info: BridgeServer[0] Entity state forwarded: 7dtd -> minecraft (update, 524e1209-5e93-4e0c-80eb-9aed64664243)
10:40:55 info: BridgeServer[0] Entity registry: updated, id=524e1209-5e93-4e0c-80eb-9aed64664243, count=1
10:40:55 info: BridgeServer[0] [Presentation] entity=524e1209-5e93-4e0c-80eb-9aed64664243 state=[presentation, {   "renderer": "humanoid",   "model": "survivor",   "scale": 1.0,   "variant": "default" }]
10:40:55 info: BridgeServer[0] Entity state forwarded: 7dtd -> minecraft (update, 524e1209-5e93-4e0c-80eb-9aed64664243)
10:40:55 info: BridgeServer[0] Entity registry: updated, id=524e1209-5e93-4e0c-80eb-9aed64664243, count=1
10:40:55 info: BridgeServer[0] [Presentation] entity=524e1209-5e93-4e0c-80eb-9aed64664243 state=[presentation, {   "renderer": "humanoid",   "model": "survivor",   "scale": 1.0,   "variant": "default" }]
10:40:55 info: BridgeServer[0] Entity state forwarded: 7dtd -> minecraft (update, 524e1209-5e93-4e0c-80eb-9aed64664243)
10:40:56 info: BridgeServer[0] Entity registry: updated, id=524e1209-5e93-4e0c-80eb-9aed64664243, count=1
10:40:56 info: BridgeServer[0] [Presentation] entity=524e1209-5e93-4e0c-80eb-9aed64664243 state=[presentation, {   "renderer": "humanoid",   "model": "survivor",   "scale": 1.0,   "variant": "default" }]
10:40:56 info: BridgeServer[0] Entity state forwarded: 7dtd -> minecraft (update, 524e1209-5e93-4e0c-80eb-9aed64664243)
10:40:56 info: BridgeServer[0] Entity registry: updated, id=524e1209-5e93-4e0c-80eb-9aed64664243, count=1
10:40:56 info: BridgeServer[0] [Presentation] entity=524e1209-5e93-4e0c-80eb-9aed64664243 state=[presentation, {   "renderer": "humanoid",   "model": "survivor",   "scale": 1.0,   "variant": "default" }]
10:40:56 info: BridgeServer[0] Entity state forwarded: 7dtd -> minecraft (update, 524e1209-5e93-4e0c-80eb-9aed64664243)
10:40:57 info: BridgeServer[0] Entity registry: updated, id=524e1209-5e93-4e0c-80eb-9aed64664243, count=1
10:40:57 info: BridgeServer[0] [Presentation] entity=524e1209-5e93-4e0c-80eb-9aed64664243 state=[presentation, {   "renderer": "humanoid",   "model": "survivor",   "scale": 1.0,   "variant": "default" }]
10:40:57 info: BridgeServer[0] Entity state forwarded: 7dtd -> minecraft (update, 524e1209-5e93-4e0c-80eb-9aed64664243)
10:40:57 info: BridgeServer[0] Entity registry: updated, id=524e1209-5e93-4e0c-80eb-9aed64664243, count=1
10:40:57 info: BridgeServer[0] [Presentation] entity=524e1209-5e93-4e0c-80eb-9aed64664243 state=[presentation, {   "renderer": "humanoid",   "model": "survivor",   "scale": 1.0,   "variant": "default" }]
10:40:57 info: BridgeServer[0] Entity state forwarded: 7dtd -> minecraft (update, 524e1209-5e93-4e0c-80eb-9aed64664243)
10:40:58 info: BridgeServer[0] Entity registry: updated, id=524e1209-5e93-4e0c-80eb-9aed64664243, count=1
10:40:58 info: BridgeServer[0] [Presentation] entity=524e1209-5e93-4e0c-80eb-9aed64664243 state=[presentation, {   "renderer": "humanoid",   "model": "survivor",   "scale": 1.0,   "variant": "default" }]
10:40:58 info: BridgeServer[0] Entity state forwarded: 7dtd -> minecraft (update, 524e1209-5e93-4e0c-80eb-9aed64664243)
10:40:58 info: BridgeServer[0] Entity registry: updated, id=524e1209-5e93-4e0c-80eb-9aed64664243, count=1
10:40:58 info: BridgeServer[0] [Presentation] entity=524e1209-5e93-4e0c-80eb-9aed64664243 state=[presentation, {   "renderer": "humanoid",   "model": "survivor",   "scale": 1.0,   "variant": "default" }]
10:40:58 info: BridgeServer[0] Entity state forwarded: 7dtd -> minecraft (update, 524e1209-5e93-4e0c-80eb-9aed64664243)
10:40:59 info: BridgeServer[0] Entity registry: updated, id=524e1209-5e93-4e0c-80eb-9aed64664243, count=1
10:40:59 info: BridgeServer[0] [Presentation] entity=524e1209-5e93-4e0c-80eb-9aed64664243 state=[presentation, {   "renderer": "humanoid",   "model": "survivor",   "scale": 1.0,   "variant": "default" }]
10:40:59 info: BridgeServer[0] Entity state forwarded: 7dtd -> minecraft (update, 524e1209-5e93-4e0c-80eb-9aed64664243)
10:40:59 info: BridgeServer[0] Entity registry: updated, id=524e1209-5e93-4e0c-80eb-9aed64664243, count=1
10:40:59 info: BridgeServer[0] [Presentation] entity=524e1209-5e93-4e0c-80eb-9aed64664243 state=[presentation, {   "renderer": "humanoid",   "model": "survivor",   "scale": 1.0,   "variant": "default" }]
10:40:59 info: BridgeServer[0] Entity state forwarded: 7dtd -> minecraft (update, 524e1209-5e93-4e0c-80eb-9aed64664243)
10:41:00 info: BridgeServer[0] Entity registry: updated, id=524e1209-5e93-4e0c-80eb-9aed64664243, count=1
10:41:00 info: BridgeServer[0] [Presentation] entity=524e1209-5e93-4e0c-80eb-9aed64664243 state=[presentation, {   "renderer": "humanoid",   "model": "survivor",   "scale": 1.0,   "variant": "default" }]
10:41:00 info: BridgeServer[0] Entity state forwarded: 7dtd -> minecraft (update, 524e1209-5e93-4e0c-80eb-9aed64664243)
10:41:00 info: BridgeServer[0] Entity registry: updated, id=524e1209-5e93-4e0c-80eb-9aed64664243, count=1
10:41:00 info: BridgeServer[0] [Presentation] entity=524e1209-5e93-4e0c-80eb-9aed64664243 state=[presentation, {   "renderer": "humanoid",   "model": "survivor",   "scale": 1.0,   "variant": "default" }]
10:41:00 info: BridgeServer[0] Entity state forwarded: 7dtd -> minecraft (update, 524e1209-5e93-4e0c-80eb-9aed64664243)
10:41:01 info: BridgeServer[0] Entity registry: updated, id=524e1209-5e93-4e0c-80eb-9aed64664243, count=1
10:41:01 info: BridgeServer[0] [Presentation] entity=524e1209-5e93-4e0c-80eb-9aed64664243 state=[presentation, {   "renderer": "humanoid",   "model": "survivor",   "scale": 1.0,   "variant": "default" }]
10:41:01 info: BridgeServer[0] Entity state forwarded: 7dtd -> minecraft (update, 524e1209-5e93-4e0c-80eb-9aed64664243)
10:41:01 info: BridgeServer[0] Entity registry: updated, id=524e1209-5e93-4e0c-80eb-9aed64664243, count=1
10:41:01 info: BridgeServer[0] [Presentation] entity=524e1209-5e93-4e0c-80eb-9aed64664243 state=[presentation, {   "renderer": "humanoid",   "model": "survivor",   "scale": 1.0,   "variant": "default" }]
10:41:01 info: BridgeServer[0] Entity state forwarded: 7dtd -> minecraft (update, 524e1209-5e93-4e0c-80eb-9aed64664243)
10:41:02 info: BridgeServer[0] Entity registry: updated, id=524e1209-5e93-4e0c-80eb-9aed64664243, count=1
10:41:02 info: BridgeServer[0] [Presentation] entity=524e1209-5e93-4e0c-80eb-9aed64664243 state=[presentation, {   "renderer": "humanoid",   "model": "survivor",   "scale": 1.0,   "variant": "default" }]
10:41:02 info: BridgeServer[0] Entity state forwarded: 7dtd -> minecraft (update, 524e1209-5e93-4e0c-80eb-9aed64664243)
10:41:02 info: BridgeServer[0] Entity registry: updated, id=524e1209-5e93-4e0c-80eb-9aed64664243, count=1
10:41:02 info: BridgeServer[0] [Presentation] entity=524e1209-5e93-4e0c-80eb-9aed64664243 state=[presentation, {   "renderer": "humanoid",   "model": "survivor",   "scale": 1.0,   "variant": "default" }]
10:41:02 info: BridgeServer[0] Entity state forwarded: 7dtd -> minecraft (update, 524e1209-5e93-4e0c-80eb-9aed64664243)
10:41:03 info: BridgeServer[0] Entity registry: updated, id=524e1209-5e93-4e0c-80eb-9aed64664243, count=1
10:41:03 info: BridgeServer[0] [Presentation] entity=524e1209-5e93-4e0c-80eb-9aed64664243 state=[presentation, {   "renderer": "humanoid",   "model": "survivor",   "scale": 1.0,   "variant": "default" }]
10:41:03 info: BridgeServer[0] Entity state forwarded: 7dtd -> minecraft (update, 524e1209-5e93-4e0c-80eb-9aed64664243)
10:41:03 info: BridgeServer[0] Entity registry: updated, id=524e1209-5e93-4e0c-80eb-9aed64664243, count=1
10:41:03 info: BridgeServer[0] [Presentation] entity=524e1209-5e93-4e0c-80eb-9aed64664243 state=[presentation, {   "renderer": "humanoid",   "model": "survivor",   "scale": 1.0,   "variant": "default" }]
10:41:03 info: BridgeServer[0] Entity state forwarded: 7dtd -> minecraft (update, 524e1209-5e93-4e0c-80eb-9aed64664243)
10:41:04 info: BridgeServer[0] Entity registry: updated, id=524e1209-5e93-4e0c-80eb-9aed64664243, count=1
10:41:04 info: BridgeServer[0] [Presentation] entity=524e1209-5e93-4e0c-80eb-9aed64664243 state=[presentation, {   "renderer": "humanoid",   "model": "survivor",   "scale": 1.0,   "variant": "default" }]
10:41:04 info: BridgeServer[0] Entity state forwarded: 7dtd -> minecraft (update, 524e1209-5e93-4e0c-80eb-9aed64664243)
10:41:04 info: BridgeServer[0] Entity registry: updated, id=524e1209-5e93-4e0c-80eb-9aed64664243, count=1
10:41:04 info: BridgeServer[0] [Presentation] entity=524e1209-5e93-4e0c-80eb-9aed64664243 state=[presentation, {   "renderer": "humanoid",   "model": "survivor",   "scale": 1.0,   "variant": "default" }]
10:41:04 info: BridgeServer[0] Entity state forwarded: 7dtd -> minecraft (update, 524e1209-5e93-4e0c-80eb-9aed64664243)
10:41:05 info: BridgeServer[0] Entity registry: updated, id=524e1209-5e93-4e0c-80eb-9aed64664243, count=1
10:41:05 info: BridgeServer[0] [Presentation] entity=524e1209-5e93-4e0c-80eb-9aed64664243 state=[presentation, {   "renderer": "humanoid",   "model": "survivor",   "scale": 1.0,   "variant": "default" }]
10:41:05 info: BridgeServer[0] Entity state forwarded: 7dtd -> minecraft (update, 524e1209-5e93-4e0c-80eb-9aed64664243)
10:41:05 info: BridgeServer[0] Entity registry: updated, id=524e1209-5e93-4e0c-80eb-9aed64664243, count=1
10:41:05 info: BridgeServer[0] [Presentation] entity=524e1209-5e93-4e0c-80eb-9aed64664243 state=[presentation, {   "renderer": "humanoid",   "model": "survivor",   "scale": 1.0,   "variant": "default" }]
10:41:05 info: BridgeServer[0] Entity state forwarded: 7dtd -> minecraft (update, 524e1209-5e93-4e0c-80eb-9aed64664243)
10:41:06 info: BridgeServer[0] Entity registry: updated, id=524e1209-5e93-4e0c-80eb-9aed64664243, count=1
10:41:06 info: BridgeServer[0] [Presentation] entity=524e1209-5e93-4e0c-80eb-9aed64664243 state=[presentation, {   "renderer": "humanoid",   "model": "survivor",   "scale": 1.0,   "variant": "default" }]
10:41:06 info: BridgeServer[0] Entity state forwarded: 7dtd -> minecraft (update, 524e1209-5e93-4e0c-80eb-9aed64664243)
10:41:06 info: BridgeServer[0] Entity registry: updated, id=524e1209-5e93-4e0c-80eb-9aed64664243, count=1
10:41:06 info: BridgeServer[0] [Presentation] entity=524e1209-5e93-4e0c-80eb-9aed64664243 state=[presentation, {   "renderer": "humanoid",   "model": "survivor",   "scale": 1.0,   "variant": "default" }]
10:41:06 info: BridgeServer[0] Entity state forwarded: 7dtd -> minecraft (update, 524e1209-5e93-4e0c-80eb-9aed64664243)
10:41:07 info: BridgeServer[0] Entity registry: updated, id=524e1209-5e93-4e0c-80eb-9aed64664243, count=1
10:41:07 info: BridgeServer[0] [Presentation] entity=524e1209-5e93-4e0c-80eb-9aed64664243 state=[presentation, {   "renderer": "humanoid",   "model": "survivor",   "scale": 1.0,   "variant": "default" }]
10:41:07 info: BridgeServer[0] Entity state forwarded: 7dtd -> minecraft (update, 524e1209-5e93-4e0c-80eb-9aed64664243)
10:41:07 info: BridgeServer[0] Entity registry: updated, id=524e1209-5e93-4e0c-80eb-9aed64664243, count=1
10:41:07 info: BridgeServer[0] [Presentation] entity=524e1209-5e93-4e0c-80eb-9aed64664243 state=[presentation, {   "renderer": "humanoid",   "model": "survivor",   "scale": 1.0,   "variant": "default" }]
10:41:07 info: BridgeServer[0] Entity state forwarded: 7dtd -> minecraft (update, 524e1209-5e93-4e0c-80eb-9aed64664243)
10:41:08 info: BridgeServer[0] Entity registry: updated, id=524e1209-5e93-4e0c-80eb-9aed64664243, count=1
10:41:08 info: BridgeServer[0] [Presentation] entity=524e1209-5e93-4e0c-80eb-9aed64664243 state=[presentation, {   "renderer": "humanoid",   "model": "survivor",   "scale": 1.0,   "variant": "default" }]
10:41:08 info: BridgeServer[0] Entity state forwarded: 7dtd -> minecraft (update, 524e1209-5e93-4e0c-80eb-9aed64664243)
10:41:08 info: BridgeServer[0] Entity registry: updated, id=524e1209-5e93-4e0c-80eb-9aed64664243, count=1
10:41:08 info: BridgeServer[0] [Presentation] entity=524e1209-5e93-4e0c-80eb-9aed64664243 state=[presentation, {   "renderer": "humanoid",   "model": "survivor",   "scale": 1.0,   "variant": "default" }]
10:41:08 info: BridgeServer[0] Entity state forwarded: 7dtd -> minecraft (update, 524e1209-5e93-4e0c-80eb-9aed64664243)
10:41:09 info: BridgeServer[0] Entity registry: updated, id=524e1209-5e93-4e0c-80eb-9aed64664243, count=1
10:41:09 info: BridgeServer[0] [Presentation] entity=524e1209-5e93-4e0c-80eb-9aed64664243 state=[presentation, {   "renderer": "humanoid",   "model": "survivor",   "scale": 1.0,   "variant": "default" }]
10:41:09 info: BridgeServer[0] Entity state forwarded: 7dtd -> minecraft (update, 524e1209-5e93-4e0c-80eb-9aed64664243)
10:41:09 info: BridgeServer[0] Entity registry: updated, id=524e1209-5e93-4e0c-80eb-9aed64664243, count=1
10:41:09 info: BridgeServer[0] [Presentation] entity=524e1209-5e93-4e0c-80eb-9aed64664243 state=[presentation, {   "renderer": "humanoid",   "model": "survivor",   "scale": 1.0,   "variant": "default" }]
10:41:09 info: BridgeServer[0] Entity state forwarded: 7dtd -> minecraft (update, 524e1209-5e93-4e0c-80eb-9aed64664243)
10:41:10 info: BridgeServer[0] Entity registry: updated, id=524e1209-5e93-4e0c-80eb-9aed64664243, count=1
10:41:10 info: BridgeServer[0] [Presentation] entity=524e1209-5e93-4e0c-80eb-9aed64664243 state=[presentation, {   "renderer": "humanoid",   "model": "survivor",   "scale": 1.0,   "variant": "default" }]
10:41:10 info: BridgeServer[0] Entity state forwarded: 7dtd -> minecraft (update, 524e1209-5e93-4e0c-80eb-9aed64664243)
10:41:10 info: BridgeServer[0] Entity registry: updated, id=524e1209-5e93-4e0c-80eb-9aed64664243, count=1
10:41:10 info: BridgeServer[0] [Presentation] entity=524e1209-5e93-4e0c-80eb-9aed64664243 state=[presentation, {   "renderer": "humanoid",   "model": "survivor",   "scale": 1.0,   "variant": "default" }]
10:41:10 info: BridgeServer[0] Entity state forwarded: 7dtd -> minecraft (update, 524e1209-5e93-4e0c-80eb-9aed64664243)
10:41:11 info: BridgeServer[0] Entity registry: updated, id=524e1209-5e93-4e0c-80eb-9aed64664243, count=1
10:41:11 info: BridgeServer[0] [Presentation] entity=524e1209-5e93-4e0c-80eb-9aed64664243 state=[presentation, {   "renderer": "humanoid",   "model": "survivor",   "scale": 1.0,   "variant": "default" }]
10:41:11 info: BridgeServer[0] Entity state forwarded: 7dtd -> minecraft (update, 524e1209-5e93-4e0c-80eb-9aed64664243)
10:41:11 info: BridgeServer[0] Entity registry: updated, id=524e1209-5e93-4e0c-80eb-9aed64664243, count=1
10:41:11 info: BridgeServer[0] [Presentation] entity=524e1209-5e93-4e0c-80eb-9aed64664243 state=[presentation, {   "renderer": "humanoid",   "model": "survivor",   "scale": 1.0,   "variant": "default" }]
10:41:11 info: BridgeServer[0] Entity state forwarded: 7dtd -> minecraft (update, 524e1209-5e93-4e0c-80eb-9aed64664243)
10:41:12 info: BridgeServer[0] Entity registry: updated, id=524e1209-5e93-4e0c-80eb-9aed64664243, count=1
10:41:12 info: BridgeServer[0] [Presentation] entity=524e1209-5e93-4e0c-80eb-9aed64664243 state=[presentation, {   "renderer": "humanoid",   "model": "survivor",   "scale": 1.0,   "variant": "default" }]
10:41:12 info: BridgeServer[0] Entity state forwarded: 7dtd -> minecraft (update, 524e1209-5e93-4e0c-80eb-9aed64664243)
10:41:12 info: BridgeServer[0] Entity registry: updated, id=524e1209-5e93-4e0c-80eb-9aed64664243, count=1
10:41:12 info: BridgeServer[0] [Presentation] entity=524e1209-5e93-4e0c-80eb-9aed64664243 state=[presentation, {   "renderer": "humanoid",   "model": "survivor",   "scale": 1.0,   "variant": "default" }]
10:41:12 info: BridgeServer[0] Entity state forwarded: 7dtd -> minecraft (update, 524e1209-5e93-4e0c-80eb-9aed64664243)
10:41:13 info: BridgeServer[0] Entity registry: updated, id=524e1209-5e93-4e0c-80eb-9aed64664243, count=1
10:41:13 info: BridgeServer[0] [Presentation] entity=524e1209-5e93-4e0c-80eb-9aed64664243 state=[presentation, {   "renderer": "humanoid",   "model": "survivor",   "scale": 1.0,   "variant": "default" }]
10:41:13 info: BridgeServer[0] Entity state forwarded: 7dtd -> minecraft (update, 524e1209-5e93-4e0c-80eb-9aed64664243)
10:41:13 info: BridgeServer[0] Entity registry: updated, id=524e1209-5e93-4e0c-80eb-9aed64664243, count=1
10:41:13 info: BridgeServer[0] [Presentation] entity=524e1209-5e93-4e0c-80eb-9aed64664243 state=[presentation, {   "renderer": "humanoid",   "model": "survivor",   "scale": 1.0,   "variant": "default" }]
10:41:13 info: BridgeServer[0] Entity state forwarded: 7dtd -> minecraft (update, 524e1209-5e93-4e0c-80eb-9aed64664243)
10:41:14 info: BridgeServer[0] Entity registry: updated, id=524e1209-5e93-4e0c-80eb-9aed64664243, count=1
10:41:14 info: BridgeServer[0] [Presentation] entity=524e1209-5e93-4e0c-80eb-9aed64664243 state=[presentation, {   "renderer": "humanoid",   "model": "survivor",   "scale": 1.0,   "variant": "default" }]
10:41:14 info: BridgeServer[0] Entity state forwarded: 7dtd -> minecraft (update, 524e1209-5e93-4e0c-80eb-9aed64664243)
10:41:14 info: BridgeServer[0] Entity registry: updated, id=524e1209-5e93-4e0c-80eb-9aed64664243, count=1
10:41:14 info: BridgeServer[0] [Presentation] entity=524e1209-5e93-4e0c-80eb-9aed64664243 state=[presentation, {   "renderer": "humanoid",   "model": "survivor",   "scale": 1.0,   "variant": "default" }]
10:41:14 info: BridgeServer[0] Entity state forwarded: 7dtd -> minecraft (update, 524e1209-5e93-4e0c-80eb-9aed64664243)
10:41:15 info: BridgeServer[0] Entity registry: updated, id=524e1209-5e93-4e0c-80eb-9aed64664243, count=1
10:41:15 info: BridgeServer[0] [Presentation] entity=524e1209-5e93-4e0c-80eb-9aed64664243 state=[presentation, {   "renderer": "humanoid",   "model": "survivor",   "scale": 1.0,   "variant": "default" }]
10:41:15 info: BridgeServer[0] Entity state forwarded: 7dtd -> minecraft (update, 524e1209-5e93-4e0c-80eb-9aed64664243)
10:41:15 info: BridgeServer[0] Entity registry: updated, id=524e1209-5e93-4e0c-80eb-9aed64664243, count=1
10:41:15 info: BridgeServer[0] [Presentation] entity=524e1209-5e93-4e0c-80eb-9aed64664243 state=[presentation, {   "renderer": "humanoid",   "model": "survivor",   "scale": 1.0,   "variant": "default" }]
10:41:15 info: BridgeServer[0] Entity state forwarded: 7dtd -> minecraft (update, 524e1209-5e93-4e0c-80eb-9aed64664243)
10:41:16 info: BridgeServer[0] Entity registry: updated, id=524e1209-5e93-4e0c-80eb-9aed64664243, count=1
10:41:16 info: BridgeServer[0] [Presentation] entity=524e1209-5e93-4e0c-80eb-9aed64664243 state=[presentation, {   "renderer": "humanoid",   "model": "survivor",   "scale": 1.0,   "variant": "default" }]
10:41:16 info: BridgeServer[0] Entity state forwarded: 7dtd -> minecraft (update, 524e1209-5e93-4e0c-80eb-9aed64664243)
10:41:16 info: BridgeServer[0] Entity registry: updated, id=524e1209-5e93-4e0c-80eb-9aed64664243, count=1
10:41:16 info: BridgeServer[0] [Presentation] entity=524e1209-5e93-4e0c-80eb-9aed64664243 state=[presentation, {   "renderer": "humanoid",   "model": "survivor",   "scale": 1.0,   "variant": "default" }]
10:41:16 info: BridgeServer[0] Entity state forwarded: 7dtd -> minecraft (update, 524e1209-5e93-4e0c-80eb-9aed64664243)
10:41:17 info: BridgeServer[0] Entity registry: updated, id=524e1209-5e93-4e0c-80eb-9aed64664243, count=1
10:41:17 info: BridgeServer[0] [Presentation] entity=524e1209-5e93-4e0c-80eb-9aed64664243 state=[presentation, {   "renderer": "humanoid",   "model": "survivor",   "scale": 1.0,   "variant": "default" }]
10:41:17 info: BridgeServer[0] Entity state forwarded: 7dtd -> minecraft (update, 524e1209-5e93-4e0c-80eb-9aed64664243)
10:41:17 info: BridgeServer[0] Entity registry: updated, id=524e1209-5e93-4e0c-80eb-9aed64664243, count=1
10:41:17 info: BridgeServer[0] [Presentation] entity=524e1209-5e93-4e0c-80eb-9aed64664243 state=[presentation, {   "renderer": "humanoid",   "model": "survivor",   "scale": 1.0,   "variant": "default" }]
10:41:17 info: BridgeServer[0] Entity state forwarded: 7dtd -> minecraft (update, 524e1209-5e93-4e0c-80eb-9aed64664243)
10:41:18 info: BridgeServer[0] Entity registry: updated, id=524e1209-5e93-4e0c-80eb-9aed64664243, count=1
10:41:18 info: BridgeServer[0] [Presentation] entity=524e1209-5e93-4e0c-80eb-9aed64664243 state=[presentation, {   "renderer": "humanoid",   "model": "survivor",   "scale": 1.0,   "variant": "default" }]
10:41:18 info: BridgeServer[0] Entity state forwarded: 7dtd -> minecraft (update, 524e1209-5e93-4e0c-80eb-9aed64664243)
10:41:18 info: BridgeServer[0] Entity registry: updated, id=524e1209-5e93-4e0c-80eb-9aed64664243, count=1
10:41:18 info: BridgeServer[0] [Presentation] entity=524e1209-5e93-4e0c-80eb-9aed64664243 state=[presentation, {   "renderer": "humanoid",   "model": "survivor",   "scale": 1.0,   "variant": "default" }]
10:41:18 info: BridgeServer[0] Entity state forwarded: 7dtd -> minecraft (update, 524e1209-5e93-4e0c-80eb-9aed64664243)
10:41:19 info: BridgeServer[0] Entity registry: updated, id=524e1209-5e93-4e0c-80eb-9aed64664243, count=1
10:41:19 info: BridgeServer[0] [Presentation] entity=524e1209-5e93-4e0c-80eb-9aed64664243 state=[presentation, {   "renderer": "humanoid",   "model": "survivor",   "scale": 1.0,   "variant": "default" }]
10:41:19 info: BridgeServer[0] Entity state forwarded: 7dtd -> minecraft (update, 524e1209-5e93-4e0c-80eb-9aed64664243)
10:41:19 info: BridgeServer[0] Entity registry: updated, id=524e1209-5e93-4e0c-80eb-9aed64664243, count=1
10:41:19 info: BridgeServer[0] [Presentation] entity=524e1209-5e93-4e0c-80eb-9aed64664243 state=[presentation, {   "renderer": "humanoid",   "model": "survivor",   "scale": 1.0,   "variant": "default" }]
10:41:19 info: BridgeServer[0] Entity state forwarded: 7dtd -> minecraft (update, 524e1209-5e93-4e0c-80eb-9aed64664243)
10:41:20 info: BridgeServer[0] Entity registry: updated, id=524e1209-5e93-4e0c-80eb-9aed64664243, count=1
10:41:20 info: BridgeServer[0] [Presentation] entity=524e1209-5e93-4e0c-80eb-9aed64664243 state=[presentation, {   "renderer": "humanoid",   "model": "survivor",   "scale": 1.0,   "variant": "default" }]
10:41:20 info: BridgeServer[0] Entity state forwarded: 7dtd -> minecraft (update, 524e1209-5e93-4e0c-80eb-9aed64664243)
10:41:20 info: BridgeServer[0] Entity registry: updated, id=524e1209-5e93-4e0c-80eb-9aed64664243, count=1
10:41:20 info: BridgeServer[0] [Presentation] entity=524e1209-5e93-4e0c-80eb-9aed64664243 state=[presentation, {   "renderer": "humanoid",   "model": "survivor",   "scale": 1.0,   "variant": "default" }]
10:41:20 info: BridgeServer[0] Entity state forwarded: 7dtd -> minecraft (update, 524e1209-5e93-4e0c-80eb-9aed64664243)
10:41:21 info: BridgeServer[0] Entity registry: updated, id=524e1209-5e93-4e0c-80eb-9aed64664243, count=1
10:41:21 info: BridgeServer[0] [Presentation] entity=524e1209-5e93-4e0c-80eb-9aed64664243 state=[presentation, {   "renderer": "humanoid",   "model": "survivor",   "scale": 1.0,   "variant": "default" }]
10:41:21 info: BridgeServer[0] Entity state forwarded: 7dtd -> minecraft (update, 524e1209-5e93-4e0c-80eb-9aed64664243)
10:41:21 info: BridgeServer[0] Entity registry: updated, id=524e1209-5e93-4e0c-80eb-9aed64664243, count=1
10:41:21 info: BridgeServer[0] [Presentation] entity=524e1209-5e93-4e0c-80eb-9aed64664243 state=[presentation, {   "renderer": "humanoid",   "model": "survivor",   "scale": 1.0,   "variant": "default" }]
10:41:21 info: BridgeServer[0] Entity state forwarded: 7dtd -> minecraft (update, 524e1209-5e93-4e0c-80eb-9aed64664243)
10:41:22 info: BridgeServer[0] Entity registry: updated, id=524e1209-5e93-4e0c-80eb-9aed64664243, count=1
10:41:22 info: BridgeServer[0] [Presentation] entity=524e1209-5e93-4e0c-80eb-9aed64664243 state=[presentation, {   "renderer": "humanoid",   "model": "survivor",   "scale": 1.0,   "variant": "default" }]
10:41:22 info: BridgeServer[0] Entity state forwarded: 7dtd -> minecraft (update, 524e1209-5e93-4e0c-80eb-9aed64664243)
10:41:22 info: BridgeServer[0] Entity registry: updated, id=524e1209-5e93-4e0c-80eb-9aed64664243, count=1
10:41:22 info: BridgeServer[0] [Presentation] entity=524e1209-5e93-4e0c-80eb-9aed64664243 state=[presentation, {   "renderer": "humanoid",   "model": "survivor",   "scale": 1.0,   "variant": "default" }]
10:41:22 info: BridgeServer[0] Entity state forwarded: 7dtd -> minecraft (update, 524e1209-5e93-4e0c-80eb-9aed64664243)
10:41:23 info: BridgeServer[0] Entity registry: updated, id=524e1209-5e93-4e0c-80eb-9aed64664243, count=1
10:41:23 info: BridgeServer[0] [Presentation] entity=524e1209-5e93-4e0c-80eb-9aed64664243 state=[presentation, {   "renderer": "humanoid",   "model": "survivor",   "scale": 1.0,   "variant": "default" }]
10:41:23 info: BridgeServer[0] Entity state forwarded: 7dtd -> minecraft (update, 524e1209-5e93-4e0c-80eb-9aed64664243)
10:41:23 info: BridgeServer[0] Entity registry: updated, id=524e1209-5e93-4e0c-80eb-9aed64664243, count=1
10:41:23 info: BridgeServer[0] [Presentation] entity=524e1209-5e93-4e0c-80eb-9aed64664243 state=[presentation, {   "renderer": "humanoid",   "model": "survivor",   "scale": 1.0,   "variant": "default" }]
10:41:23 info: BridgeServer[0] Entity state forwarded: 7dtd -> minecraft (update, 524e1209-5e93-4e0c-80eb-9aed64664243)
10:41:24 info: BridgeServer[0] Entity registry: updated, id=524e1209-5e93-4e0c-80eb-9aed64664243, count=1
10:41:24 info: BridgeServer[0] [Presentation] entity=524e1209-5e93-4e0c-80eb-9aed64664243 state=[presentation, {   "renderer": "humanoid",   "model": "survivor",   "scale": 1.0,   "variant": "default" }]
10:41:24 info: BridgeServer[0] Entity state forwarded: 7dtd -> minecraft (update, 524e1209-5e93-4e0c-80eb-9aed64664243)
10:41:24 info: BridgeServer[0] Entity registry: updated, id=524e1209-5e93-4e0c-80eb-9aed64664243, count=1
10:41:24 info: BridgeServer[0] [Presentation] entity=524e1209-5e93-4e0c-80eb-9aed64664243 state=[presentation, {   "renderer": "humanoid",   "model": "survivor",   "scale": 1.0,   "variant": "default" }]
10:41:24 info: BridgeServer[0] Entity state forwarded: 7dtd -> minecraft (update, 524e1209-5e93-4e0c-80eb-9aed64664243)
10:41:25 info: BridgeServer[0] Entity registry: updated, id=524e1209-5e93-4e0c-80eb-9aed64664243, count=1
10:41:25 info: BridgeServer[0] [Presentation] entity=524e1209-5e93-4e0c-80eb-9aed64664243 state=[presentation, {   "renderer": "humanoid",   "model": "survivor",   "scale": 1.0,   "variant": "default" }]
10:41:25 info: BridgeServer[0] Entity state forwarded: 7dtd -> minecraft (update, 524e1209-5e93-4e0c-80eb-9aed64664243)
10:41:25 info: BridgeServer[0] Entity registry: updated, id=524e1209-5e93-4e0c-80eb-9aed64664243, count=1
10:41:25 info: BridgeServer[0] [Presentation] entity=524e1209-5e93-4e0c-80eb-9aed64664243 state=[presentation, {   "renderer": "humanoid",   "model": "survivor",   "scale": 1.0,   "variant": "default" }]
10:41:25 info: BridgeServer[0] Entity state forwarded: 7dtd -> minecraft (update, 524e1209-5e93-4e0c-80eb-9aed64664243)
10:41:26 info: BridgeServer[0] Entity registry: updated, id=524e1209-5e93-4e0c-80eb-9aed64664243, count=1
10:41:26 info: BridgeServer[0] [Presentation] entity=524e1209-5e93-4e0c-80eb-9aed64664243 state=[presentation, {   "renderer": "humanoid",   "model": "survivor",   "scale": 1.0,   "variant": "default" }]
10:41:26 info: BridgeServer[0] Entity state forwarded: 7dtd -> minecraft (update, 524e1209-5e93-4e0c-80eb-9aed64664243)
10:41:26 info: BridgeServer[0] Entity registry: updated, id=524e1209-5e93-4e0c-80eb-9aed64664243, count=1
10:41:26 info: BridgeServer[0] [Presentation] entity=524e1209-5e93-4e0c-80eb-9aed64664243 state=[presentation, {   "renderer": "humanoid",   "model": "survivor",   "scale": 1.0,   "variant": "default" }]
10:41:26 info: BridgeServer[0] Entity state forwarded: 7dtd -> minecraft (update, 524e1209-5e93-4e0c-80eb-9aed64664243)
10:41:27 info: BridgeServer[0] Entity registry: updated, id=524e1209-5e93-4e0c-80eb-9aed64664243, count=1
10:41:27 info: BridgeServer[0] [Presentation] entity=524e1209-5e93-4e0c-80eb-9aed64664243 state=[presentation, {   "renderer": "humanoid",   "model": "survivor",   "scale": 1.0,   "variant": "default" }]
10:41:27 info: BridgeServer[0] Entity state forwarded: 7dtd -> minecraft (update, 524e1209-5e93-4e0c-80eb-9aed64664243)
10:41:27 info: BridgeServer[0] Entity registry: updated, id=524e1209-5e93-4e0c-80eb-9aed64664243, count=1
10:41:27 info: BridgeServer[0] [Presentation] entity=524e1209-5e93-4e0c-80eb-9aed64664243 state=[presentation, {   "renderer": "humanoid",   "model": "survivor",   "scale": 1.0,   "variant": "default" }]
10:41:27 info: BridgeServer[0] Entity state forwarded: 7dtd -> minecraft (update, 524e1209-5e93-4e0c-80eb-9aed64664243)
10:41:28 info: BridgeServer[0] Entity registry: updated, id=524e1209-5e93-4e0c-80eb-9aed64664243, count=1
10:41:28 info: BridgeServer[0] [Presentation] entity=524e1209-5e93-4e0c-80eb-9aed64664243 state=[presentation, {   "renderer": "humanoid",   "model": "survivor",   "scale": 1.0,   "variant": "default" }]
10:41:28 info: BridgeServer[0] Entity state forwarded: 7dtd -> minecraft (update, 524e1209-5e93-4e0c-80eb-9aed64664243)
10:41:28 info: BridgeServer[0] Entity registry: updated, id=524e1209-5e93-4e0c-80eb-9aed64664243, count=1
10:41:28 info: BridgeServer[0] [Presentation] entity=524e1209-5e93-4e0c-80eb-9aed64664243 state=[presentation, {   "renderer": "humanoid",   "model": "survivor",   "scale": 1.0,   "variant": "default" }]
10:41:28 info: BridgeServer[0] Entity state forwarded: 7dtd -> minecraft (update, 524e1209-5e93-4e0c-80eb-9aed64664243)
10:41:29 info: BridgeServer[0] Entity registry: updated, id=524e1209-5e93-4e0c-80eb-9aed64664243, count=1
10:41:29 info: BridgeServer[0] [Presentation] entity=524e1209-5e93-4e0c-80eb-9aed64664243 state=[presentation, {   "renderer": "humanoid",   "model": "survivor",   "scale": 1.0,   "variant": "default" }]
10:41:29 info: BridgeServer[0] Entity state forwarded: 7dtd -> minecraft (update, 524e1209-5e93-4e0c-80eb-9aed64664243)
10:41:29 info: BridgeServer[0] Entity registry: updated, id=524e1209-5e93-4e0c-80eb-9aed64664243, count=1
10:41:29 info: BridgeServer[0] [Presentation] entity=524e1209-5e93-4e0c-80eb-9aed64664243 state=[presentation, {   "renderer": "humanoid",   "model": "survivor",   "scale": 1.0,   "variant": "default" }]
10:41:29 info: BridgeServer[0] Entity state forwarded: 7dtd -> minecraft (update, 524e1209-5e93-4e0c-80eb-9aed64664243)
10:41:30 info: BridgeServer[0] Entity registry: updated, id=524e1209-5e93-4e0c-80eb-9aed64664243, count=1
10:41:30 info: BridgeServer[0] [Presentation] entity=524e1209-5e93-4e0c-80eb-9aed64664243 state=[presentation, {   "renderer": "humanoid",   "model": "survivor",   "scale": 1.0,   "variant": "default" }]
10:41:30 info: BridgeServer[0] Entity state forwarded: 7dtd -> minecraft (update, 524e1209-5e93-4e0c-80eb-9aed64664243)
10:41:30 info: BridgeServer[0] Entity registry: updated, id=524e1209-5e93-4e0c-80eb-9aed64664243, count=1
10:41:30 info: BridgeServer[0] [Presentation] entity=524e1209-5e93-4e0c-80eb-9aed64664243 state=[presentation, {   "renderer": "humanoid",   "model": "survivor",   "scale": 1.0,   "variant": "default" }]
10:41:30 info: BridgeServer[0] Entity state forwarded: 7dtd -> minecraft (update, 524e1209-5e93-4e0c-80eb-9aed64664243)
10:41:31 info: BridgeServer[0] Entity registry: updated, id=524e1209-5e93-4e0c-80eb-9aed64664243, count=1
10:41:31 info: BridgeServer[0] [Presentation] entity=524e1209-5e93-4e0c-80eb-9aed64664243 state=[presentation, {   "renderer": "humanoid",   "model": "survivor",   "scale": 1.0,   "variant": "default" }]
10:41:31 info: BridgeServer[0] Entity state forwarded: 7dtd -> minecraft (update, 524e1209-5e93-4e0c-80eb-9aed64664243)
10:41:31 info: BridgeServer[0] Entity registry: updated, id=524e1209-5e93-4e0c-80eb-9aed64664243, count=1
10:41:31 info: BridgeServer[0] [Presentation] entity=524e1209-5e93-4e0c-80eb-9aed64664243 state=[presentation, {   "renderer": "humanoid",   "model": "survivor",   "scale": 1.0,   "variant": "default" }]
10:41:31 info: BridgeServer[0] Entity state forwarded: 7dtd -> minecraft (update, 524e1209-5e93-4e0c-80eb-9aed64664243)
10:41:32 info: BridgeServer[0] Entity registry: updated, id=524e1209-5e93-4e0c-80eb-9aed64664243, count=1
10:41:32 info: BridgeServer[0] [Presentation] entity=524e1209-5e93-4e0c-80eb-9aed64664243 state=[presentation, {   "renderer": "humanoid",   "model": "survivor",   "scale": 1.0,   "variant": "default" }]
10:41:32 info: BridgeServer[0] Entity state forwarded: 7dtd -> minecraft (update, 524e1209-5e93-4e0c-80eb-9aed64664243)
10:41:32 info: BridgeServer[0] Entity registry: updated, id=524e1209-5e93-4e0c-80eb-9aed64664243, count=1
10:41:32 info: BridgeServer[0] [Presentation] entity=524e1209-5e93-4e0c-80eb-9aed64664243 state=[presentation, {   "renderer": "humanoid",   "model": "survivor",   "scale": 1.0,   "variant": "default" }]
10:41:32 info: BridgeServer[0] Entity state forwarded: 7dtd -> minecraft (update, 524e1209-5e93-4e0c-80eb-9aed64664243)
10:41:33 info: BridgeServer[0] Entity registry: updated, id=524e1209-5e93-4e0c-80eb-9aed64664243, count=1
10:41:33 info: BridgeServer[0] [Presentation] entity=524e1209-5e93-4e0c-80eb-9aed64664243 state=[presentation, {   "renderer": "humanoid",   "model": "survivor",   "scale": 1.0,   "variant": "default" }]
10:41:33 info: BridgeServer[0] Entity state forwarded: 7dtd -> minecraft (update, 524e1209-5e93-4e0c-80eb-9aed64664243)
10:41:33 info: BridgeServer[0] Entity registry: updated, id=524e1209-5e93-4e0c-80eb-9aed64664243, count=1
10:41:33 info: BridgeServer[0] [Presentation] entity=524e1209-5e93-4e0c-80eb-9aed64664243 state=[presentation, {   "renderer": "humanoid",   "model": "survivor",   "scale": 1.0,   "variant": "default" }]
10:41:33 info: BridgeServer[0] Entity state forwarded: 7dtd -> minecraft (update, 524e1209-5e93-4e0c-80eb-9aed64664243)
10:41:34 info: BridgeServer[0] Entity registry: updated, id=524e1209-5e93-4e0c-80eb-9aed64664243, count=1
10:41:34 info: BridgeServer[0] [Presentation] entity=524e1209-5e93-4e0c-80eb-9aed64664243 state=[presentation, {   "renderer": "humanoid",   "model": "survivor",   "scale": 1.0,   "variant": "default" }]
10:41:34 info: BridgeServer[0] Entity state forwarded: 7dtd -> minecraft (update, 524e1209-5e93-4e0c-80eb-9aed64664243)
10:41:34 info: BridgeServer[0] Entity registry: updated, id=524e1209-5e93-4e0c-80eb-9aed64664243, count=1
10:41:34 info: BridgeServer[0] [Presentation] entity=524e1209-5e93-4e0c-80eb-9aed64664243 state=[presentation, {   "renderer": "humanoid",   "model": "survivor",   "scale": 1.0,   "variant": "default" }]
10:41:34 info: BridgeServer[0] Entity state forwarded: 7dtd -> minecraft (update, 524e1209-5e93-4e0c-80eb-9aed64664243)
10:41:35 info: BridgeServer[0] Entity registry: updated, id=524e1209-5e93-4e0c-80eb-9aed64664243, count=1
10:41:35 info: BridgeServer[0] [Presentation] entity=524e1209-5e93-4e0c-80eb-9aed64664243 state=[presentation, {   "renderer": "humanoid",   "model": "survivor",   "scale": 1.0,   "variant": "default" }]
10:41:35 info: BridgeServer[0] Entity state forwarded: 7dtd -> minecraft (update, 524e1209-5e93-4e0c-80eb-9aed64664243)
10:41:35 info: BridgeServer[0] Entity registry: updated, id=524e1209-5e93-4e0c-80eb-9aed64664243, count=1
10:41:35 info: BridgeServer[0] [Presentation] entity=524e1209-5e93-4e0c-80eb-9aed64664243 state=[presentation, {   "renderer": "humanoid",   "model": "survivor",   "scale": 1.0,   "variant": "default" }]
10:41:35 info: BridgeServer[0] Entity state forwarded: 7dtd -> minecraft (update, 524e1209-5e93-4e0c-80eb-9aed64664243)
10:41:36 info: BridgeServer[0] Entity registry: updated, id=524e1209-5e93-4e0c-80eb-9aed64664243, count=1
10:41:36 info: BridgeServer[0] [Presentation] entity=524e1209-5e93-4e0c-80eb-9aed64664243 state=[presentation, {   "renderer": "humanoid",   "model": "survivor",   "scale": 1.0,   "variant": "default" }]
10:41:36 info: BridgeServer[0] Entity state forwarded: 7dtd -> minecraft (update, 524e1209-5e93-4e0c-80eb-9aed64664243)
10:41:36 info: BridgeServer[0] Entity registry: updated, id=524e1209-5e93-4e0c-80eb-9aed64664243, count=1
10:41:36 info: BridgeServer[0] [Presentation] entity=524e1209-5e93-4e0c-80eb-9aed64664243 state=[presentation, {   "renderer": "humanoid",   "model": "survivor",   "scale": 1.0,   "variant": "default" }]
10:41:36 info: BridgeServer[0] Entity state forwarded: 7dtd -> minecraft (update, 524e1209-5e93-4e0c-80eb-9aed64664243)
10:41:37 info: BridgeServer[0] Entity registry: updated, id=524e1209-5e93-4e0c-80eb-9aed64664243, count=1
10:41:37 info: BridgeServer[0] [Presentation] entity=524e1209-5e93-4e0c-80eb-9aed64664243 state=[presentation, {   "renderer": "humanoid",   "model": "survivor",   "scale": 1.0,   "variant": "default" }]
10:41:37 info: BridgeServer[0] Entity state forwarded: 7dtd -> minecraft (update, 524e1209-5e93-4e0c-80eb-9aed64664243)
10:41:37 info: BridgeServer[0] Entity registry: updated, id=524e1209-5e93-4e0c-80eb-9aed64664243, count=1
10:41:37 info: BridgeServer[0] [Presentation] entity=524e1209-5e93-4e0c-80eb-9aed64664243 state=[presentation, {   "renderer": "humanoid",   "model": "survivor",   "scale": 1.0,   "variant": "default" }]
10:41:37 info: BridgeServer[0] Entity state forwarded: 7dtd -> minecraft (update, 524e1209-5e93-4e0c-80eb-9aed64664243)
10:41:38 info: BridgeServer[0] Entity registry: updated, id=524e1209-5e93-4e0c-80eb-9aed64664243, count=1
10:41:38 info: BridgeServer[0] [Presentation] entity=524e1209-5e93-4e0c-80eb-9aed64664243 state=[presentation, {   "renderer": "humanoid",   "model": "survivor",   "scale": 1.0,   "variant": "default" }]
10:41:38 info: BridgeServer[0] Entity state forwarded: 7dtd -> minecraft (update, 524e1209-5e93-4e0c-80eb-9aed64664243)
10:41:38 info: BridgeServer[0] Entity registry: updated, id=524e1209-5e93-4e0c-80eb-9aed64664243, count=1
10:41:38 info: BridgeServer[0] [Presentation] entity=524e1209-5e93-4e0c-80eb-9aed64664243 state=[presentation, {   "renderer": "humanoid",   "model": "survivor",   "scale": 1.0,   "variant": "default" }]
10:41:38 info: BridgeServer[0] Entity state forwarded: 7dtd -> minecraft (update, 524e1209-5e93-4e0c-80eb-9aed64664243)
10:41:39 info: BridgeServer[0] Entity registry: updated, id=524e1209-5e93-4e0c-80eb-9aed64664243, count=1
10:41:39 info: BridgeServer[0] [Presentation] entity=524e1209-5e93-4e0c-80eb-9aed64664243 state=[presentation, {   "renderer": "humanoid",   "model": "survivor",   "scale": 1.0,   "variant": "default" }]
10:41:39 info: BridgeServer[0] Entity state forwarded: 7dtd -> minecraft (update, 524e1209-5e93-4e0c-80eb-9aed64664243)
10:41:39 info: BridgeServer[0] Entity registry: updated, id=524e1209-5e93-4e0c-80eb-9aed64664243, count=1
10:41:39 info: BridgeServer[0] [Presentation] entity=524e1209-5e93-4e0c-80eb-9aed64664243 state=[presentation, {   "renderer": "humanoid",   "model": "survivor",   "scale": 1.0,   "variant": "default" }]
10:41:39 info: BridgeServer[0] Entity state forwarded: 7dtd -> minecraft (update, 524e1209-5e93-4e0c-80eb-9aed64664243)
10:41:40 info: BridgeServer[0] Entity registry: updated, id=524e1209-5e93-4e0c-80eb-9aed64664243, count=1
10:41:40 info: BridgeServer[0] [Presentation] entity=524e1209-5e93-4e0c-80eb-9aed64664243 state=[presentation, {   "renderer": "humanoid",   "model": "survivor",   "scale": 1.0,   "variant": "default" }]
10:41:40 info: BridgeServer[0] Entity state forwarded: 7dtd -> minecraft (update, 524e1209-5e93-4e0c-80eb-9aed64664243)
10:41:40 info: BridgeServer[0] Entity registry: updated, id=524e1209-5e93-4e0c-80eb-9aed64664243, count=1
10:41:40 info: BridgeServer[0] [Presentation] entity=524e1209-5e93-4e0c-80eb-9aed64664243 state=[presentation, {   "renderer": "humanoid",   "model": "survivor",   "scale": 1.0,   "variant": "default" }]
10:41:40 info: BridgeServer[0] Entity state forwarded: 7dtd -> minecraft (update, 524e1209-5e93-4e0c-80eb-9aed64664243)
10:41:41 info: BridgeServer[0] Entity registry: updated, id=524e1209-5e93-4e0c-80eb-9aed64664243, count=1
10:41:41 info: BridgeServer[0] [Presentation] entity=524e1209-5e93-4e0c-80eb-9aed64664243 state=[presentation, {   "renderer": "humanoid",   "model": "survivor",   "scale": 1.0,   "variant": "default" }]
10:41:41 info: BridgeServer[0] Entity state forwarded: 7dtd -> minecraft (update, 524e1209-5e93-4e0c-80eb-9aed64664243)
10:41:41 info: BridgeServer[0] Entity registry: updated, id=524e1209-5e93-4e0c-80eb-9aed64664243, count=1
10:41:41 info: BridgeServer[0] [Presentation] entity=524e1209-5e93-4e0c-80eb-9aed64664243 state=[presentation, {   "renderer": "humanoid",   "model": "survivor",   "scale": 1.0,   "variant": "default" }]
10:41:41 info: BridgeServer[0] Entity state forwarded: 7dtd -> minecraft (update, 524e1209-5e93-4e0c-80eb-9aed64664243)
10:41:42 info: BridgeServer[0] Entity registry: updated, id=524e1209-5e93-4e0c-80eb-9aed64664243, count=1
10:41:42 info: BridgeServer[0] [Presentation] entity=524e1209-5e93-4e0c-80eb-9aed64664243 state=[presentation, {   "renderer": "humanoid",   "model": "survivor",   "scale": 1.0,   "variant": "default" }]
10:41:42 info: BridgeServer[0] Entity state forwarded: 7dtd -> minecraft (update, 524e1209-5e93-4e0c-80eb-9aed64664243)
10:41:42 info: BridgeServer[0] Entity registry: updated, id=524e1209-5e93-4e0c-80eb-9aed64664243, count=1
10:41:42 info: BridgeServer[0] [Presentation] entity=524e1209-5e93-4e0c-80eb-9aed64664243 state=[presentation, {   "renderer": "humanoid",   "model": "survivor",   "scale": 1.0,   "variant": "default" }]
10:41:42 info: BridgeServer[0] Entity state forwarded: 7dtd -> minecraft (update, 524e1209-5e93-4e0c-80eb-9aed64664243)
10:41:43 info: BridgeServer[0] Entity registry: updated, id=524e1209-5e93-4e0c-80eb-9aed64664243, count=1
10:41:43 info: BridgeServer[0] [Presentation] entity=524e1209-5e93-4e0c-80eb-9aed64664243 state=[presentation, {   "renderer": "humanoid",   "model": "survivor",   "scale": 1.0,   "variant": "default" }]
10:41:43 info: BridgeServer[0] Entity state forwarded: 7dtd -> minecraft (update, 524e1209-5e93-4e0c-80eb-9aed64664243)
10:41:43 info: BridgeServer[0] Entity registry: updated, id=524e1209-5e93-4e0c-80eb-9aed64664243, count=1
10:41:43 info: BridgeServer[0] [Presentation] entity=524e1209-5e93-4e0c-80eb-9aed64664243 state=[presentation, {   "renderer": "humanoid",   "model": "survivor",   "scale": 1.0,   "variant": "default" }]
10:41:43 info: BridgeServer[0] Entity state forwarded: 7dtd -> minecraft (update, 524e1209-5e93-4e0c-80eb-9aed64664243)
10:41:44 info: BridgeServer[0] Entity registry: updated, id=524e1209-5e93-4e0c-80eb-9aed64664243, count=1
10:41:44 info: BridgeServer[0] [Presentation] entity=524e1209-5e93-4e0c-80eb-9aed64664243 state=[presentation, {   "renderer": "humanoid",   "model": "survivor",   "scale": 1.0,   "variant": "default" }]
10:41:44 info: BridgeServer[0] Entity state forwarded: 7dtd -> minecraft (update, 524e1209-5e93-4e0c-80eb-9aed64664243)
10:41:44 info: BridgeServer[0] Entity registry: updated, id=524e1209-5e93-4e0c-80eb-9aed64664243, count=1
10:41:44 info: BridgeServer[0] [Presentation] entity=524e1209-5e93-4e0c-80eb-9aed64664243 state=[presentation, {   "renderer": "humanoid",   "model": "survivor",   "scale": 1.0,   "variant": "default" }]
10:41:44 info: BridgeServer[0] Entity state forwarded: 7dtd -> minecraft (update, 524e1209-5e93-4e0c-80eb-9aed64664243)
10:41:45 info: BridgeServer[0] Entity registry: updated, id=524e1209-5e93-4e0c-80eb-9aed64664243, count=1
10:41:45 info: BridgeServer[0] [Presentation] entity=524e1209-5e93-4e0c-80eb-9aed64664243 state=[presentation, {   "renderer": "humanoid",   "model": "survivor",   "scale": 1.0,   "variant": "default" }]
10:41:45 info: BridgeServer[0] Entity state forwarded: 7dtd -> minecraft (update, 524e1209-5e93-4e0c-80eb-9aed64664243)
10:41:45 info: BridgeServer[0] Entity registry: updated, id=524e1209-5e93-4e0c-80eb-9aed64664243, count=1
10:41:45 info: BridgeServer[0] [Presentation] entity=524e1209-5e93-4e0c-80eb-9aed64664243 state=[presentation, {   "renderer": "humanoid",   "model": "survivor",   "scale": 1.0,   "variant": "default" }]
10:41:45 info: BridgeServer[0] Entity state forwarded: 7dtd -> minecraft (update, 524e1209-5e93-4e0c-80eb-9aed64664243)
10:41:46 info: BridgeServer[0] Entity registry: updated, id=524e1209-5e93-4e0c-80eb-9aed64664243, count=1
10:41:46 info: BridgeServer[0] [Presentation] entity=524e1209-5e93-4e0c-80eb-9aed64664243 state=[presentation, {   "renderer": "humanoid",   "model": "survivor",   "scale": 1.0,   "variant": "default" }]
10:41:46 info: BridgeServer[0] Entity state forwarded: 7dtd -> minecraft (update, 524e1209-5e93-4e0c-80eb-9aed64664243)
10:41:46 info: BridgeServer[0] Entity registry: updated, id=524e1209-5e93-4e0c-80eb-9aed64664243, count=1
10:41:46 info: BridgeServer[0] [Presentation] entity=524e1209-5e93-4e0c-80eb-9aed64664243 state=[presentation, {   "renderer": "humanoid",   "model": "survivor",   "scale": 1.0,   "variant": "default" }]
10:41:46 info: BridgeServer[0] Entity state forwarded: 7dtd -> minecraft (update, 524e1209-5e93-4e0c-80eb-9aed64664243)
10:41:47 info: BridgeServer[0] Entity registry: updated, id=524e1209-5e93-4e0c-80eb-9aed64664243, count=1
10:41:47 info: BridgeServer[0] [Presentation] entity=524e1209-5e93-4e0c-80eb-9aed64664243 state=[presentation, {   "renderer": "humanoid",   "model": "survivor",   "scale": 1.0,   "variant": "default" }]
10:41:47 info: BridgeServer[0] Entity state forwarded: 7dtd -> minecraft (update, 524e1209-5e93-4e0c-80eb-9aed64664243)
10:41:47 info: BridgeServer[0] Entity registry: updated, id=524e1209-5e93-4e0c-80eb-9aed64664243, count=1
10:41:47 info: BridgeServer[0] [Presentation] entity=524e1209-5e93-4e0c-80eb-9aed64664243 state=[presentation, {   "renderer": "humanoid",   "model": "survivor",   "scale": 1.0,   "variant": "default" }]
10:41:47 info: BridgeServer[0] Entity state forwarded: 7dtd -> minecraft (update, 524e1209-5e93-4e0c-80eb-9aed64664243)
10:41:48 info: BridgeServer[0] Entity registry: updated, id=524e1209-5e93-4e0c-80eb-9aed64664243, count=1
10:41:48 info: BridgeServer[0] [Presentation] entity=524e1209-5e93-4e0c-80eb-9aed64664243 state=[presentation, {   "renderer": "humanoid",   "model": "survivor",   "scale": 1.0,   "variant": "default" }]
10:41:48 info: BridgeServer[0] Entity state forwarded: 7dtd -> minecraft (update, 524e1209-5e93-4e0c-80eb-9aed64664243)
10:41:48 info: BridgeServer[0] Entity registry: updated, id=524e1209-5e93-4e0c-80eb-9aed64664243, count=1
10:41:48 info: BridgeServer[0] [Presentation] entity=524e1209-5e93-4e0c-80eb-9aed64664243 state=[presentation, {   "renderer": "humanoid",   "model": "survivor",   "scale": 1.0,   "variant": "default" }]
10:41:48 info: BridgeServer[0] Entity state forwarded: 7dtd -> minecraft (update, 524e1209-5e93-4e0c-80eb-9aed64664243)
10:41:49 info: BridgeServer[0] Entity registry: updated, id=524e1209-5e93-4e0c-80eb-9aed64664243, count=1
10:41:49 info: BridgeServer[0] [Presentation] entity=524e1209-5e93-4e0c-80eb-9aed64664243 state=[presentation, {   "renderer": "humanoid",   "model": "survivor",   "scale": 1.0,   "variant": "default" }]
10:41:49 info: BridgeServer[0] Entity state forwarded: 7dtd -> minecraft (update, 524e1209-5e93-4e0c-80eb-9aed64664243)
10:41:49 info: BridgeServer[0] Entity registry: updated, id=524e1209-5e93-4e0c-80eb-9aed64664243, count=1
10:41:49 info: BridgeServer[0] [Presentation] entity=524e1209-5e93-4e0c-80eb-9aed64664243 state=[presentation, {   "renderer": "humanoid",   "model": "survivor",   "scale": 1.0,   "variant": "default" }]
10:41:49 info: BridgeServer[0] Entity state forwarded: 7dtd -> minecraft (update, 524e1209-5e93-4e0c-80eb-9aed64664243)
10:41:50 info: BridgeServer[0] Entity registry: updated, id=524e1209-5e93-4e0c-80eb-9aed64664243, count=1
10:41:50 info: BridgeServer[0] [Presentation] entity=524e1209-5e93-4e0c-80eb-9aed64664243 state=[presentation, {   "renderer": "humanoid",   "model": "survivor",   "scale": 1.0,   "variant": "default" }]
10:41:50 info: BridgeServer[0] Entity state forwarded: 7dtd -> minecraft (update, 524e1209-5e93-4e0c-80eb-9aed64664243)
10:41:50 info: BridgeServer[0] Entity registry: updated, id=524e1209-5e93-4e0c-80eb-9aed64664243, count=1
10:41:50 info: BridgeServer[0] [Presentation] entity=524e1209-5e93-4e0c-80eb-9aed64664243 state=[presentation, {   "renderer": "humanoid",   "model": "survivor",   "scale": 1.0,   "variant": "default" }]
10:41:50 info: BridgeServer[0] Entity state forwarded: 7dtd -> minecraft (update, 524e1209-5e93-4e0c-80eb-9aed64664243)
10:41:51 info: BridgeServer[0] Entity registry: updated, id=524e1209-5e93-4e0c-80eb-9aed64664243, count=1
10:41:51 info: BridgeServer[0] [Presentation] entity=524e1209-5e93-4e0c-80eb-9aed64664243 state=[presentation, {   "renderer": "humanoid",   "model": "survivor",   "scale": 1.0,   "variant": "default" }]
10:41:51 info: BridgeServer[0] Entity state forwarded: 7dtd -> minecraft (update, 524e1209-5e93-4e0c-80eb-9aed64664243)
10:41:51 info: BridgeServer[0] Entity registry: updated, id=524e1209-5e93-4e0c-80eb-9aed64664243, count=1
10:41:51 info: BridgeServer[0] [Presentation] entity=524e1209-5e93-4e0c-80eb-9aed64664243 state=[presentation, {   "renderer": "humanoid",   "model": "survivor",   "scale": 1.0,   "variant": "default" }]
10:41:51 info: BridgeServer[0] Entity state forwarded: 7dtd -> minecraft (update, 524e1209-5e93-4e0c-80eb-9aed64664243)
10:41:52 info: BridgeServer[0] Entity registry: updated, id=524e1209-5e93-4e0c-80eb-9aed64664243, count=1
10:41:52 info: BridgeServer[0] [Presentation] entity=524e1209-5e93-4e0c-80eb-9aed64664243 state=[presentation, {   "renderer": "humanoid",   "model": "survivor",   "scale": 1.0,   "variant": "default" }]
10:41:52 info: BridgeServer[0] Entity state forwarded: 7dtd -> minecraft (update, 524e1209-5e93-4e0c-80eb-9aed64664243)
10:41:52 info: BridgeServer[0] Entity registry: updated, id=524e1209-5e93-4e0c-80eb-9aed64664243, count=1
10:41:52 info: BridgeServer[0] [Presentation] entity=524e1209-5e93-4e0c-80eb-9aed64664243 state=[presentation, {   "renderer": "humanoid",   "model": "survivor",   "scale": 1.0,   "variant": "default" }]
10:41:52 info: BridgeServer[0] Entity state forwarded: 7dtd -> minecraft (update, 524e1209-5e93-4e0c-80eb-9aed64664243)
10:41:53 info: BridgeServer[0] Entity registry: updated, id=524e1209-5e93-4e0c-80eb-9aed64664243, count=1
10:41:53 info: BridgeServer[0] [Presentation] entity=524e1209-5e93-4e0c-80eb-9aed64664243 state=[presentation, {   "renderer": "humanoid",   "model": "survivor",   "scale": 1.0,   "variant": "default" }]
10:41:53 info: BridgeServer[0] Entity state forwarded: 7dtd -> minecraft (update, 524e1209-5e93-4e0c-80eb-9aed64664243)
10:41:53 info: BridgeServer[0] Entity registry: updated, id=524e1209-5e93-4e0c-80eb-9aed64664243, count=1
10:41:53 info: BridgeServer[0] [Presentation] entity=524e1209-5e93-4e0c-80eb-9aed64664243 state=[presentation, {   "renderer": "humanoid",   "model": "survivor",   "scale": 1.0,   "variant": "default" }]
10:41:53 info: BridgeServer[0] Entity state forwarded: 7dtd -> minecraft (update, 524e1209-5e93-4e0c-80eb-9aed64664243)
10:41:54 info: BridgeServer[0] Entity registry: updated, id=524e1209-5e93-4e0c-80eb-9aed64664243, count=1
10:41:54 info: BridgeServer[0] [Presentation] entity=524e1209-5e93-4e0c-80eb-9aed64664243 state=[presentation, {   "renderer": "humanoid",   "model": "survivor",   "scale": 1.0,   "variant": "default" }]
10:41:54 info: BridgeServer[0] Entity state forwarded: 7dtd -> minecraft (update, 524e1209-5e93-4e0c-80eb-9aed64664243)
10:41:54 info: BridgeServer[0] Entity registry: updated, id=524e1209-5e93-4e0c-80eb-9aed64664243, count=1
10:41:54 info: BridgeServer[0] [Presentation] entity=524e1209-5e93-4e0c-80eb-9aed64664243 state=[presentation, {   "renderer": "humanoid",   "model": "survivor",   "scale": 1.0,   "variant": "default" }]
10:41:54 info: BridgeServer[0] Entity state forwarded: 7dtd -> minecraft (update, 524e1209-5e93-4e0c-80eb-9aed64664243)
10:41:55 info: BridgeServer[0] Entity registry: updated, id=524e1209-5e93-4e0c-80eb-9aed64664243, count=1
10:41:55 info: BridgeServer[0] [Presentation] entity=524e1209-5e93-4e0c-80eb-9aed64664243 state=[presentation, {   "renderer": "humanoid",   "model": "survivor",   "scale": 1.0,   "variant": "default" }]
10:41:55 info: BridgeServer[0] Entity state forwarded: 7dtd -> minecraft (update, 524e1209-5e93-4e0c-80eb-9aed64664243)
10:41:55 info: BridgeServer[0] Entity registry: updated, id=524e1209-5e93-4e0c-80eb-9aed64664243, count=1
10:41:55 info: BridgeServer[0] [Presentation] entity=524e1209-5e93-4e0c-80eb-9aed64664243 state=[presentation, {   "renderer": "humanoid",   "model": "survivor",   "scale": 1.0,   "variant": "default" }]
10:41:55 info: BridgeServer[0] Entity state forwarded: 7dtd -> minecraft (update, 524e1209-5e93-4e0c-80eb-9aed64664243)
10:41:56 info: BridgeServer[0] Entity registry: updated, id=524e1209-5e93-4e0c-80eb-9aed64664243, count=1
10:41:56 info: BridgeServer[0] [Presentation] entity=524e1209-5e93-4e0c-80eb-9aed64664243 state=[presentation, {   "renderer": "humanoid",   "model": "survivor",   "scale": 1.0,   "variant": "default" }]
10:41:56 info: BridgeServer[0] Entity state forwarded: 7dtd -> minecraft (update, 524e1209-5e93-4e0c-80eb-9aed64664243)
10:41:56 info: BridgeServer[0] Entity registry: updated, id=524e1209-5e93-4e0c-80eb-9aed64664243, count=1
10:41:56 info: BridgeServer[0] [Presentation] entity=524e1209-5e93-4e0c-80eb-9aed64664243 state=[presentation, {   "renderer": "humanoid",   "model": "survivor",   "scale": 1.0,   "variant": "default" }]
10:41:56 info: BridgeServer[0] Entity state forwarded: 7dtd -> minecraft (update, 524e1209-5e93-4e0c-80eb-9aed64664243)
10:41:57 info: BridgeServer[0] Entity registry: updated, id=524e1209-5e93-4e0c-80eb-9aed64664243, count=1
10:41:57 info: BridgeServer[0] [Presentation] entity=524e1209-5e93-4e0c-80eb-9aed64664243 state=[presentation, {   "renderer": "humanoid",   "model": "survivor",   "scale": 1.0,   "variant": "default" }]
10:41:57 info: BridgeServer[0] Entity state forwarded: 7dtd -> minecraft (update, 524e1209-5e93-4e0c-80eb-9aed64664243)
10:41:57 info: BridgeServer[0] Entity registry: updated, id=524e1209-5e93-4e0c-80eb-9aed64664243, count=1
10:41:57 info: BridgeServer[0] [Presentation] entity=524e1209-5e93-4e0c-80eb-9aed64664243 state=[presentation, {   "renderer": "humanoid",   "model": "survivor",   "scale": 1.0,   "variant": "default" }]
10:41:57 info: BridgeServer[0] Entity state forwarded: 7dtd -> minecraft (update, 524e1209-5e93-4e0c-80eb-9aed64664243)
10:41:58 info: BridgeServer[0] Entity registry: updated, id=524e1209-5e93-4e0c-80eb-9aed64664243, count=1
10:41:58 info: BridgeServer[0] [Presentation] entity=524e1209-5e93-4e0c-80eb-9aed64664243 state=[presentation, {   "renderer": "humanoid",   "model": "survivor",   "scale": 1.0,   "variant": "default" }]
10:41:58 info: BridgeServer[0] Entity state forwarded: 7dtd -> minecraft (update, 524e1209-5e93-4e0c-80eb-9aed64664243)
10:41:58 info: BridgeServer[0] Entity registry: updated, id=524e1209-5e93-4e0c-80eb-9aed64664243, count=1
10:41:58 info: BridgeServer[0] [Presentation] entity=524e1209-5e93-4e0c-80eb-9aed64664243 state=[presentation, {   "renderer": "humanoid",   "model": "survivor",   "scale": 1.0,   "variant": "default" }]
10:41:58 info: BridgeServer[0] Entity state forwarded: 7dtd -> minecraft (update, 524e1209-5e93-4e0c-80eb-9aed64664243)
10:41:59 info: BridgeServer[0] Entity registry: updated, id=524e1209-5e93-4e0c-80eb-9aed64664243, count=1
10:41:59 info: BridgeServer[0] [Presentation] entity=524e1209-5e93-4e0c-80eb-9aed64664243 state=[presentation, {   "renderer": "humanoid",   "model": "survivor",   "scale": 1.0,   "variant": "default" }]
10:41:59 info: BridgeServer[0] Entity state forwarded: 7dtd -> minecraft (update, 524e1209-5e93-4e0c-80eb-9aed64664243)
10:41:59 info: BridgeServer[0] Entity registry: updated, id=524e1209-5e93-4e0c-80eb-9aed64664243, count=1
10:41:59 info: BridgeServer[0] [Presentation] entity=524e1209-5e93-4e0c-80eb-9aed64664243 state=[presentation, {   "renderer": "humanoid",   "model": "survivor",   "scale": 1.0,   "variant": "default" }]
10:41:59 info: BridgeServer[0] Entity state forwarded: 7dtd -> minecraft (update, 524e1209-5e93-4e0c-80eb-9aed64664243)
10:42:00 info: BridgeServer[0] Entity registry: updated, id=524e1209-5e93-4e0c-80eb-9aed64664243, count=1
10:42:00 info: BridgeServer[0] [Presentation] entity=524e1209-5e93-4e0c-80eb-9aed64664243 state=[presentation, {   "renderer": "humanoid",   "model": "survivor",   "scale": 1.0,   "variant": "default" }]
10:42:00 info: BridgeServer[0] Entity state forwarded: 7dtd -> minecraft (update, 524e1209-5e93-4e0c-80eb-9aed64664243)
10:42:00 info: BridgeServer[0] Entity registry: updated, id=524e1209-5e93-4e0c-80eb-9aed64664243, count=1
10:42:00 info: BridgeServer[0] [Presentation] entity=524e1209-5e93-4e0c-80eb-9aed64664243 state=[presentation, {   "renderer": "humanoid",   "model": "survivor",   "scale": 1.0,   "variant": "default" }]
10:42:00 info: BridgeServer[0] Entity state forwarded: 7dtd -> minecraft (update, 524e1209-5e93-4e0c-80eb-9aed64664243)
10:42:01 info: BridgeServer[0] Entity registry: updated, id=524e1209-5e93-4e0c-80eb-9aed64664243, count=1
10:42:01 info: BridgeServer[0] [Presentation] entity=524e1209-5e93-4e0c-80eb-9aed64664243 state=[presentation, {   "renderer": "humanoid",   "model": "survivor",   "scale": 1.0,   "variant": "default" }]
10:42:01 info: BridgeServer[0] Entity state forwarded: 7dtd -> minecraft (update, 524e1209-5e93-4e0c-80eb-9aed64664243)
10:42:01 info: BridgeServer[0] Entity registry: updated, id=524e1209-5e93-4e0c-80eb-9aed64664243, count=1
10:42:01 info: BridgeServer[0] [Presentation] entity=524e1209-5e93-4e0c-80eb-9aed64664243 state=[presentation, {   "renderer": "humanoid",   "model": "survivor",   "scale": 1.0,   "variant": "default" }]
10:42:01 info: BridgeServer[0] Entity state forwarded: 7dtd -> minecraft (update, 524e1209-5e93-4e0c-80eb-9aed64664243)
10:42:02 info: BridgeServer[0] Entity registry: updated, id=524e1209-5e93-4e0c-80eb-9aed64664243, count=1
10:42:02 info: BridgeServer[0] [Presentation] entity=524e1209-5e93-4e0c-80eb-9aed64664243 state=[presentation, {   "renderer": "humanoid",   "model": "survivor",   "scale": 1.0,   "variant": "default" }]
10:42:02 info: BridgeServer[0] Entity state forwarded: 7dtd -> minecraft (update, 524e1209-5e93-4e0c-80eb-9aed64664243)
10:42:02 info: BridgeServer[0] Entity registry: updated, id=524e1209-5e93-4e0c-80eb-9aed64664243, count=1
10:42:02 info: BridgeServer[0] [Presentation] entity=524e1209-5e93-4e0c-80eb-9aed64664243 state=[presentation, {   "renderer": "humanoid",   "model": "survivor",   "scale": 1.0,   "variant": "default" }]
10:42:02 info: BridgeServer[0] Entity state forwarded: 7dtd -> minecraft (update, 524e1209-5e93-4e0c-80eb-9aed64664243)
10:42:03 info: BridgeServer[0] Entity registry: updated, id=524e1209-5e93-4e0c-80eb-9aed64664243, count=1
10:42:03 info: BridgeServer[0] [Presentation] entity=524e1209-5e93-4e0c-80eb-9aed64664243 state=[presentation, {   "renderer": "humanoid",   "model": "survivor",   "scale": 1.0,   "variant": "default" }]
10:42:03 info: BridgeServer[0] Entity state forwarded: 7dtd -> minecraft (update, 524e1209-5e93-4e0c-80eb-9aed64664243)
10:42:03 info: BridgeServer[0] Entity registry: updated, id=524e1209-5e93-4e0c-80eb-9aed64664243, count=1
10:42:03 info: BridgeServer[0] [Presentation] entity=524e1209-5e93-4e0c-80eb-9aed64664243 state=[presentation, {   "renderer": "humanoid",   "model": "survivor",   "scale": 1.0,   "variant": "default" }]
10:42:03 info: BridgeServer[0] Entity state forwarded: 7dtd -> minecraft (update, 524e1209-5e93-4e0c-80eb-9aed64664243)
10:42:04 info: BridgeServer[0] Entity registry: updated, id=524e1209-5e93-4e0c-80eb-9aed64664243, count=1
10:42:04 info: BridgeServer[0] [Presentation] entity=524e1209-5e93-4e0c-80eb-9aed64664243 state=[presentation, {   "renderer": "humanoid",   "model": "survivor",   "scale": 1.0,   "variant": "default" }]
10:42:04 info: BridgeServer[0] Entity state forwarded: 7dtd -> minecraft (update, 524e1209-5e93-4e0c-80eb-9aed64664243)
10:42:04 info: BridgeServer[0] Entity registry: updated, id=524e1209-5e93-4e0c-80eb-9aed64664243, count=1
10:42:04 info: BridgeServer[0] [Presentation] entity=524e1209-5e93-4e0c-80eb-9aed64664243 state=[presentation, {   "renderer": "humanoid",   "model": "survivor",   "scale": 1.0,   "variant": "default" }]
10:42:04 info: BridgeServer[0] Entity state forwarded: 7dtd -> minecraft (update, 524e1209-5e93-4e0c-80eb-9aed64664243)
10:42:05 info: BridgeServer[0] Entity registry: updated, id=524e1209-5e93-4e0c-80eb-9aed64664243, count=1
10:42:05 info: BridgeServer[0] [Presentation] entity=524e1209-5e93-4e0c-80eb-9aed64664243 state=[presentation, {   "renderer": "humanoid",   "model": "survivor",   "scale": 1.0,   "variant": "default" }]
10:42:05 info: BridgeServer[0] Entity state forwarded: 7dtd -> minecraft (update, 524e1209-5e93-4e0c-80eb-9aed64664243)
10:42:05 info: BridgeServer[0] Entity registry: updated, id=524e1209-5e93-4e0c-80eb-9aed64664243, count=1
10:42:05 info: BridgeServer[0] [Presentation] entity=524e1209-5e93-4e0c-80eb-9aed64664243 state=[presentation, {   "renderer": "humanoid",   "model": "survivor",   "scale": 1.0,   "variant": "default" }]
10:42:05 info: BridgeServer[0] Entity state forwarded: 7dtd -> minecraft (update, 524e1209-5e93-4e0c-80eb-9aed64664243)
10:42:06 info: BridgeServer[0] Entity registry: updated, id=524e1209-5e93-4e0c-80eb-9aed64664243, count=1
10:42:06 info: BridgeServer[0] [Presentation] entity=524e1209-5e93-4e0c-80eb-9aed64664243 state=[presentation, {   "renderer": "humanoid",   "model": "survivor",   "scale": 1.0,   "variant": "default" }]
10:42:06 info: BridgeServer[0] Entity state forwarded: 7dtd -> minecraft (update, 524e1209-5e93-4e0c-80eb-9aed64664243)
10:42:06 info: BridgeServer[0] Entity registry: updated, id=524e1209-5e93-4e0c-80eb-9aed64664243, count=1
10:42:06 info: BridgeServer[0] [Presentation] entity=524e1209-5e93-4e0c-80eb-9aed64664243 state=[presentation, {   "renderer": "humanoid",   "model": "survivor",   "scale": 1.0,   "variant": "default" }]
10:42:06 info: BridgeServer[0] Entity state forwarded: 7dtd -> minecraft (update, 524e1209-5e93-4e0c-80eb-9aed64664243)
10:42:07 info: BridgeServer[0] Entity registry: updated, id=524e1209-5e93-4e0c-80eb-9aed64664243, count=1
10:42:07 info: BridgeServer[0] [Presentation] entity=524e1209-5e93-4e0c-80eb-9aed64664243 state=[presentation, {   "renderer": "humanoid",   "model": "survivor",   "scale": 1.0,   "variant": "default" }]
10:42:07 info: BridgeServer[0] Entity state forwarded: 7dtd -> minecraft (update, 524e1209-5e93-4e0c-80eb-9aed64664243)
10:42:07 info: BridgeServer[0] Entity registry: updated, id=524e1209-5e93-4e0c-80eb-9aed64664243, count=1
10:42:07 info: BridgeServer[0] [Presentation] entity=524e1209-5e93-4e0c-80eb-9aed64664243 state=[presentation, {   "renderer": "humanoid",   "model": "survivor",   "scale": 1.0,   "variant": "default" }]
10:42:07 info: BridgeServer[0] Entity state forwarded: 7dtd -> minecraft (update, 524e1209-5e93-4e0c-80eb-9aed64664243)
10:42:08 info: BridgeServer[0] Entity registry: updated, id=524e1209-5e93-4e0c-80eb-9aed64664243, count=1
10:42:08 info: BridgeServer[0] [Presentation] entity=524e1209-5e93-4e0c-80eb-9aed64664243 state=[presentation, {   "renderer": "humanoid",   "model": "survivor",   "scale": 1.0,   "variant": "default" }]
10:42:08 info: BridgeServer[0] Entity state forwarded: 7dtd -> minecraft (update, 524e1209-5e93-4e0c-80eb-9aed64664243)
10:42:08 info: BridgeServer[0] Entity registry: updated, id=524e1209-5e93-4e0c-80eb-9aed64664243, count=1
10:42:08 info: BridgeServer[0] [Presentation] entity=524e1209-5e93-4e0c-80eb-9aed64664243 state=[presentation, {   "renderer": "humanoid",   "model": "survivor",   "scale": 1.0,   "variant": "default" }]
10:42:08 info: BridgeServer[0] Entity state forwarded: 7dtd -> minecraft (update, 524e1209-5e93-4e0c-80eb-9aed64664243)
10:42:09 info: BridgeServer[0] Entity registry: updated, id=524e1209-5e93-4e0c-80eb-9aed64664243, count=1
10:42:09 info: BridgeServer[0] [Presentation] entity=524e1209-5e93-4e0c-80eb-9aed64664243 state=[presentation, {   "renderer": "humanoid",   "model": "survivor",   "scale": 1.0,   "variant": "default" }]
10:42:09 info: BridgeServer[0] Entity state forwarded: 7dtd -> minecraft (update, 524e1209-5e93-4e0c-80eb-9aed64664243)
10:42:09 info: BridgeServer[0] Entity registry: updated, id=524e1209-5e93-4e0c-80eb-9aed64664243, count=1
10:42:09 info: BridgeServer[0] [Presentation] entity=524e1209-5e93-4e0c-80eb-9aed64664243 state=[presentation, {   "renderer": "humanoid",   "model": "survivor",   "scale": 1.0,   "variant": "default" }]
10:42:09 info: BridgeServer[0] Entity state forwarded: 7dtd -> minecraft (update, 524e1209-5e93-4e0c-80eb-9aed64664243)
10:42:10 info: BridgeServer[0] Entity registry: updated, id=524e1209-5e93-4e0c-80eb-9aed64664243, count=1
10:42:10 info: BridgeServer[0] [Presentation] entity=524e1209-5e93-4e0c-80eb-9aed64664243 state=[presentation, {   "renderer": "humanoid",   "model": "survivor",   "scale": 1.0,   "variant": "default" }]
10:42:10 info: BridgeServer[0] Entity state forwarded: 7dtd -> minecraft (update, 524e1209-5e93-4e0c-80eb-9aed64664243)
10:42:10 info: BridgeServer[0] Entity registry: updated, id=524e1209-5e93-4e0c-80eb-9aed64664243, count=1
10:42:10 info: BridgeServer[0] [Presentation] entity=524e1209-5e93-4e0c-80eb-9aed64664243 state=[presentation, {   "renderer": "humanoid",   "model": "survivor",   "scale": 1.0,   "variant": "default" }]
10:42:10 info: BridgeServer[0] Entity state forwarded: 7dtd -> minecraft (update, 524e1209-5e93-4e0c-80eb-9aed64664243)
10:42:11 info: BridgeServer[0] Entity registry: updated, id=524e1209-5e93-4e0c-80eb-9aed64664243, count=1
10:42:11 info: BridgeServer[0] [Presentation] entity=524e1209-5e93-4e0c-80eb-9aed64664243 state=[presentation, {   "renderer": "humanoid",   "model": "survivor",   "scale": 1.0,   "variant": "default" }]
10:42:11 info: BridgeServer[0] Entity state forwarded: 7dtd -> minecraft (update, 524e1209-5e93-4e0c-80eb-9aed64664243)
10:42:11 info: BridgeServer[0] Entity registry: updated, id=524e1209-5e93-4e0c-80eb-9aed64664243, count=1
10:42:11 info: BridgeServer[0] [Presentation] entity=524e1209-5e93-4e0c-80eb-9aed64664243 state=[presentation, {   "renderer": "humanoid",   "model": "survivor",   "scale": 1.0,   "variant": "default" }]
10:42:11 info: BridgeServer[0] Entity state forwarded: 7dtd -> minecraft (update, 524e1209-5e93-4e0c-80eb-9aed64664243)
10:42:12 info: BridgeServer[0] Entity registry: updated, id=524e1209-5e93-4e0c-80eb-9aed64664243, count=1
10:42:12 info: BridgeServer[0] [Presentation] entity=524e1209-5e93-4e0c-80eb-9aed64664243 state=[presentation, {   "renderer": "humanoid",   "model": "survivor",   "scale": 1.0,   "variant": "default" }]
10:42:12 info: BridgeServer[0] Entity state forwarded: 7dtd -> minecraft (update, 524e1209-5e93-4e0c-80eb-9aed64664243)
10:42:12 info: BridgeServer[0] Entity registry: updated, id=524e1209-5e93-4e0c-80eb-9aed64664243, count=1
10:42:12 info: BridgeServer[0] [Presentation] entity=524e1209-5e93-4e0c-80eb-9aed64664243 state=[presentation, {   "renderer": "humanoid",   "model": "survivor",   "scale": 1.0,   "variant": "default" }]
10:42:12 info: BridgeServer[0] Entity state forwarded: 7dtd -> minecraft (update, 524e1209-5e93-4e0c-80eb-9aed64664243)
10:42:13 info: BridgeServer[0] Entity registry: updated, id=524e1209-5e93-4e0c-80eb-9aed64664243, count=1
10:42:13 info: BridgeServer[0] [Presentation] entity=524e1209-5e93-4e0c-80eb-9aed64664243 state=[presentation, {   "renderer": "humanoid",   "model": "survivor",   "scale": 1.0,   "variant": "default" }]
10:42:13 info: BridgeServer[0] Entity state forwarded: 7dtd -> minecraft (update, 524e1209-5e93-4e0c-80eb-9aed64664243)
10:42:13 info: BridgeServer[0] Entity registry: updated, id=524e1209-5e93-4e0c-80eb-9aed64664243, count=1
10:42:13 info: BridgeServer[0] [Presentation] entity=524e1209-5e93-4e0c-80eb-9aed64664243 state=[presentation, {   "renderer": "humanoid",   "model": "survivor",   "scale": 1.0,   "variant": "default" }]
10:42:13 info: BridgeServer[0] Entity state forwarded: 7dtd -> minecraft (update, 524e1209-5e93-4e0c-80eb-9aed64664243)
10:42:14 info: BridgeServer[0] Entity registry: updated, id=524e1209-5e93-4e0c-80eb-9aed64664243, count=1
10:42:14 info: BridgeServer[0] [Presentation] entity=524e1209-5e93-4e0c-80eb-9aed64664243 state=[presentation, {   "renderer": "humanoid",   "model": "survivor",   "scale": 1.0,   "variant": "default" }]
10:42:14 info: BridgeServer[0] Entity state forwarded: 7dtd -> minecraft (update, 524e1209-5e93-4e0c-80eb-9aed64664243)
10:42:14 info: BridgeServer[0] Entity registry: updated, id=524e1209-5e93-4e0c-80eb-9aed64664243, count=1
10:42:14 info: BridgeServer[0] [Presentation] entity=524e1209-5e93-4e0c-80eb-9aed64664243 state=[presentation, {   "renderer": "humanoid",   "model": "survivor",   "scale": 1.0,   "variant": "default" }]
10:42:14 info: BridgeServer[0] Entity state forwarded: 7dtd -> minecraft (update, 524e1209-5e93-4e0c-80eb-9aed64664243)
10:42:15 info: BridgeServer[0] Entity registry: updated, id=524e1209-5e93-4e0c-80eb-9aed64664243, count=1
10:42:15 info: BridgeServer[0] [Presentation] entity=524e1209-5e93-4e0c-80eb-9aed64664243 state=[presentation, {   "renderer": "humanoid",   "model": "survivor",   "scale": 1.0,   "variant": "default" }]
10:42:15 info: BridgeServer[0] Entity state forwarded: 7dtd -> minecraft (update, 524e1209-5e93-4e0c-80eb-9aed64664243)
10:42:15 info: BridgeServer[0] Entity registry: updated, id=524e1209-5e93-4e0c-80eb-9aed64664243, count=1
10:42:15 info: BridgeServer[0] [Presentation] entity=524e1209-5e93-4e0c-80eb-9aed64664243 state=[presentation, {   "renderer": "humanoid",   "model": "survivor",   "scale": 1.0,   "variant": "default" }]
10:42:15 info: BridgeServer[0] Entity state forwarded: 7dtd -> minecraft (update, 524e1209-5e93-4e0c-80eb-9aed64664243)
10:42:16 info: BridgeServer[0] Entity registry: updated, id=524e1209-5e93-4e0c-80eb-9aed64664243, count=1
10:42:16 info: BridgeServer[0] [Presentation] entity=524e1209-5e93-4e0c-80eb-9aed64664243 state=[presentation, {   "renderer": "humanoid",   "model": "survivor",   "scale": 1.0,   "variant": "default" }]
10:42:16 info: BridgeServer[0] Entity state forwarded: 7dtd -> minecraft (update, 524e1209-5e93-4e0c-80eb-9aed64664243)
10:42:16 info: BridgeServer[0] Entity registry: updated, id=524e1209-5e93-4e0c-80eb-9aed64664243, count=1
10:42:16 info: BridgeServer[0] [Presentation] entity=524e1209-5e93-4e0c-80eb-9aed64664243 state=[presentation, {   "renderer": "humanoid",   "model": "survivor",   "scale": 1.0,   "variant": "default" }]
10:42:16 info: BridgeServer[0] Entity state forwarded: 7dtd -> minecraft (update, 524e1209-5e93-4e0c-80eb-9aed64664243)
10:42:17 info: BridgeServer[0] Entity registry: updated, id=524e1209-5e93-4e0c-80eb-9aed64664243, count=1
10:42:17 info: BridgeServer[0] [Presentation] entity=524e1209-5e93-4e0c-80eb-9aed64664243 state=[presentation, {   "renderer": "humanoid",   "model": "survivor",   "scale": 1.0,   "variant": "default" }]
10:42:17 info: BridgeServer[0] Entity state forwarded: 7dtd -> minecraft (update, 524e1209-5e93-4e0c-80eb-9aed64664243)
10:42:17 info: BridgeServer[0] Entity registry: updated, id=524e1209-5e93-4e0c-80eb-9aed64664243, count=1
10:42:17 info: BridgeServer[0] [Presentation] entity=524e1209-5e93-4e0c-80eb-9aed64664243 state=[presentation, {   "renderer": "humanoid",   "model": "survivor",   "scale": 1.0,   "variant": "default" }]
10:42:17 info: BridgeServer[0] Entity state forwarded: 7dtd -> minecraft (update, 524e1209-5e93-4e0c-80eb-9aed64664243)
10:42:18 info: BridgeServer[0] Entity registry: updated, id=524e1209-5e93-4e0c-80eb-9aed64664243, count=1
10:42:18 info: BridgeServer[0] [Presentation] entity=524e1209-5e93-4e0c-80eb-9aed64664243 state=[presentation, {   "renderer": "humanoid",   "model": "survivor",   "scale": 1.0,   "variant": "default" }]
10:42:18 info: BridgeServer[0] Entity state forwarded: 7dtd -> minecraft (update, 524e1209-5e93-4e0c-80eb-9aed64664243)
10:42:18 info: BridgeServer[0] Entity registry: updated, id=524e1209-5e93-4e0c-80eb-9aed64664243, count=1
10:42:18 info: BridgeServer[0] [Presentation] entity=524e1209-5e93-4e0c-80eb-9aed64664243 state=[presentation, {   "renderer": "humanoid",   "model": "survivor",   "scale": 1.0,   "variant": "default" }]
10:42:18 info: BridgeServer[0] Entity state forwarded: 7dtd -> minecraft (update, 524e1209-5e93-4e0c-80eb-9aed64664243)
10:42:19 info: BridgeServer[0] Entity registry: updated, id=524e1209-5e93-4e0c-80eb-9aed64664243, count=1
10:42:19 info: BridgeServer[0] [Presentation] entity=524e1209-5e93-4e0c-80eb-9aed64664243 state=[presentation, {   "renderer": "humanoid",   "model": "survivor",   "scale": 1.0,   "variant": "default" }]
10:42:19 info: BridgeServer[0] Entity state forwarded: 7dtd -> minecraft (update, 524e1209-5e93-4e0c-80eb-9aed64664243)
10:42:19 info: BridgeServer[0] Entity registry: updated, id=524e1209-5e93-4e0c-80eb-9aed64664243, count=1
10:42:19 info: BridgeServer[0] [Presentation] entity=524e1209-5e93-4e0c-80eb-9aed64664243 state=[presentation, {   "renderer": "humanoid",   "model": "survivor",   "scale": 1.0,   "variant": "default" }]
10:42:19 info: BridgeServer[0] Entity state forwarded: 7dtd -> minecraft (update, 524e1209-5e93-4e0c-80eb-9aed64664243)
10:42:20 info: BridgeServer[0] Entity registry: updated, id=524e1209-5e93-4e0c-80eb-9aed64664243, count=1
10:42:20 info: BridgeServer[0] [Presentation] entity=524e1209-5e93-4e0c-80eb-9aed64664243 state=[presentation, {   "renderer": "humanoid",   "model": "survivor",   "scale": 1.0,   "variant": "default" }]
10:42:20 info: BridgeServer[0] Entity state forwarded: 7dtd -> minecraft (update, 524e1209-5e93-4e0c-80eb-9aed64664243)
10:42:20 info: BridgeServer[0] Entity registry: updated, id=524e1209-5e93-4e0c-80eb-9aed64664243, count=1
10:42:20 info: BridgeServer[0] [Presentation] entity=524e1209-5e93-4e0c-80eb-9aed64664243 state=[presentation, {   "renderer": "humanoid",   "model": "survivor",   "scale": 1.0,   "variant": "default" }]
10:42:20 info: BridgeServer[0] Entity state forwarded: 7dtd -> minecraft (update, 524e1209-5e93-4e0c-80eb-9aed64664243)
10:42:21 info: BridgeServer[0] Entity registry: updated, id=524e1209-5e93-4e0c-80eb-9aed64664243, count=1
10:42:21 info: BridgeServer[0] [Presentation] entity=524e1209-5e93-4e0c-80eb-9aed64664243 state=[presentation, {   "renderer": "humanoid",   "model": "survivor",   "scale": 1.0,   "variant": "default" }]
10:42:21 info: BridgeServer[0] Entity state forwarded: 7dtd -> minecraft (update, 524e1209-5e93-4e0c-80eb-9aed64664243)
10:42:21 info: BridgeServer[0] Entity registry: updated, id=524e1209-5e93-4e0c-80eb-9aed64664243, count=1
10:42:21 info: BridgeServer[0] [Presentation] entity=524e1209-5e93-4e0c-80eb-9aed64664243 state=[presentation, {   "renderer": "humanoid",   "model": "survivor",   "scale": 1.0,   "variant": "default" }]
10:42:21 info: BridgeServer[0] Entity state forwarded: 7dtd -> minecraft (update, 524e1209-5e93-4e0c-80eb-9aed64664243)
10:42:22 info: BridgeServer[0] Entity registry: updated, id=524e1209-5e93-4e0c-80eb-9aed64664243, count=1
10:42:22 info: BridgeServer[0] [Presentation] entity=524e1209-5e93-4e0c-80eb-9aed64664243 state=[presentation, {   "renderer": "humanoid",   "model": "survivor",   "scale": 1.0,   "variant": "default" }]
10:42:22 info: BridgeServer[0] Entity state forwarded: 7dtd -> minecraft (update, 524e1209-5e93-4e0c-80eb-9aed64664243)
10:42:22 info: BridgeServer[0] Entity registry: updated, id=524e1209-5e93-4e0c-80eb-9aed64664243, count=1
10:42:22 info: BridgeServer[0] [Presentation] entity=524e1209-5e93-4e0c-80eb-9aed64664243 state=[presentation, {   "renderer": "humanoid",   "model": "survivor",   "scale": 1.0,   "variant": "default" }]
10:42:22 info: BridgeServer[0] Entity state forwarded: 7dtd -> minecraft (update, 524e1209-5e93-4e0c-80eb-9aed64664243)
10:42:23 info: BridgeServer[0] Entity registry: updated, id=524e1209-5e93-4e0c-80eb-9aed64664243, count=1
10:42:23 info: BridgeServer[0] [Presentation] entity=524e1209-5e93-4e0c-80eb-9aed64664243 state=[presentation, {   "renderer": "humanoid",   "model": "survivor",   "scale": 1.0,   "variant": "default" }]
10:42:23 info: BridgeServer[0] Entity state forwarded: 7dtd -> minecraft (update, 524e1209-5e93-4e0c-80eb-9aed64664243)
10:42:23 info: BridgeServer[0] Entity registry: updated, id=524e1209-5e93-4e0c-80eb-9aed64664243, count=1
10:42:23 info: BridgeServer[0] [Presentation] entity=524e1209-5e93-4e0c-80eb-9aed64664243 state=[presentation, {   "renderer": "humanoid",   "model": "survivor",   "scale": 1.0,   "variant": "default" }]
10:42:23 info: BridgeServer[0] Entity state forwarded: 7dtd -> minecraft (update, 524e1209-5e93-4e0c-80eb-9aed64664243)
10:42:24 info: BridgeServer[0] Entity registry: updated, id=524e1209-5e93-4e0c-80eb-9aed64664243, count=1
10:42:24 info: BridgeServer[0] [Presentation] entity=524e1209-5e93-4e0c-80eb-9aed64664243 state=[presentation, {   "renderer": "humanoid",   "model": "survivor",   "scale": 1.0,   "variant": "default" }]
10:42:24 info: BridgeServer[0] Entity state forwarded: 7dtd -> minecraft (update, 524e1209-5e93-4e0c-80eb-9aed64664243)
10:42:24 info: BridgeServer[0] Entity registry: updated, id=524e1209-5e93-4e0c-80eb-9aed64664243, count=1
10:42:24 info: BridgeServer[0] [Presentation] entity=524e1209-5e93-4e0c-80eb-9aed64664243 state=[presentation, {   "renderer": "humanoid",   "model": "survivor",   "scale": 1.0,   "variant": "default" }]
10:42:24 info: BridgeServer[0] Entity state forwarded: 7dtd -> minecraft (update, 524e1209-5e93-4e0c-80eb-9aed64664243)
10:42:25 info: BridgeServer[0] Entity registry: updated, id=524e1209-5e93-4e0c-80eb-9aed64664243, count=1
10:42:25 info: BridgeServer[0] [Presentation] entity=524e1209-5e93-4e0c-80eb-9aed64664243 state=[presentation, {   "renderer": "humanoid",   "model": "survivor",   "scale": 1.0,   "variant": "default" }]
10:42:25 info: BridgeServer[0] Entity state forwarded: 7dtd -> minecraft (update, 524e1209-5e93-4e0c-80eb-9aed64664243)
10:42:25 info: BridgeServer[0] Entity registry: updated, id=524e1209-5e93-4e0c-80eb-9aed64664243, count=1
10:42:25 info: BridgeServer[0] [Presentation] entity=524e1209-5e93-4e0c-80eb-9aed64664243 state=[presentation, {   "renderer": "humanoid",   "model": "survivor",   "scale": 1.0,   "variant": "default" }]
10:42:25 info: BridgeServer[0] Entity state forwarded: 7dtd -> minecraft (update, 524e1209-5e93-4e0c-80eb-9aed64664243)
10:42:26 info: BridgeServer[0] Entity registry: updated, id=524e1209-5e93-4e0c-80eb-9aed64664243, count=1
10:42:26 info: BridgeServer[0] [Presentation] entity=524e1209-5e93-4e0c-80eb-9aed64664243 state=[presentation, {   "renderer": "humanoid",   "model": "survivor",   "scale": 1.0,   "variant": "default" }]
10:42:26 info: BridgeServer[0] Entity state forwarded: 7dtd -> minecraft (update, 524e1209-5e93-4e0c-80eb-9aed64664243)
10:42:26 info: BridgeServer[0] Entity registry: updated, id=524e1209-5e93-4e0c-80eb-9aed64664243, count=1
10:42:26 info: BridgeServer[0] [Presentation] entity=524e1209-5e93-4e0c-80eb-9aed64664243 state=[presentation, {   "renderer": "humanoid",   "model": "survivor",   "scale": 1.0,   "variant": "default" }]
10:42:26 info: BridgeServer[0] Entity state forwarded: 7dtd -> minecraft (update, 524e1209-5e93-4e0c-80eb-9aed64664243)
10:42:27 info: BridgeServer[0] Entity registry: updated, id=524e1209-5e93-4e0c-80eb-9aed64664243, count=1
10:42:27 info: BridgeServer[0] [Presentation] entity=524e1209-5e93-4e0c-80eb-9aed64664243 state=[presentation, {   "renderer": "humanoid",   "model": "survivor",   "scale": 1.0,   "variant": "default" }]
10:42:27 info: BridgeServer[0] Entity state forwarded: 7dtd -> minecraft (update, 524e1209-5e93-4e0c-80eb-9aed64664243)
10:42:27 info: BridgeServer[0] Entity registry: updated, id=524e1209-5e93-4e0c-80eb-9aed64664243, count=1
10:42:27 info: BridgeServer[0] [Presentation] entity=524e1209-5e93-4e0c-80eb-9aed64664243 state=[presentation, {   "renderer": "humanoid",   "model": "survivor",   "scale": 1.0,   "variant": "default" }]
10:42:27 info: BridgeServer[0] Entity state forwarded: 7dtd -> minecraft (update, 524e1209-5e93-4e0c-80eb-9aed64664243)
10:42:28 info: BridgeServer[0] Entity registry: updated, id=524e1209-5e93-4e0c-80eb-9aed64664243, count=1
10:42:28 info: BridgeServer[0] [Presentation] entity=524e1209-5e93-4e0c-80eb-9aed64664243 state=[presentation, {   "renderer": "humanoid",   "model": "survivor",   "scale": 1.0,   "variant": "default" }]
10:42:28 info: BridgeServer[0] Entity state forwarded: 7dtd -> minecraft (update, 524e1209-5e93-4e0c-80eb-9aed64664243)
10:42:28 info: BridgeServer[0] Entity registry: updated, id=524e1209-5e93-4e0c-80eb-9aed64664243, count=1
10:42:28 info: BridgeServer[0] [Presentation] entity=524e1209-5e93-4e0c-80eb-9aed64664243 state=[presentation, {   "renderer": "humanoid",   "model": "survivor",   "scale": 1.0,   "variant": "default" }]
10:42:28 info: BridgeServer[0] Entity state forwarded: 7dtd -> minecraft (update, 524e1209-5e93-4e0c-80eb-9aed64664243)
10:42:29 info: BridgeServer[0] Entity registry: updated, id=524e1209-5e93-4e0c-80eb-9aed64664243, count=1
10:42:29 info: BridgeServer[0] [Presentation] entity=524e1209-5e93-4e0c-80eb-9aed64664243 state=[presentation, {   "renderer": "humanoid",   "model": "survivor",   "scale": 1.0,   "variant": "default" }]
10:42:29 info: BridgeServer[0] Entity state forwarded: 7dtd -> minecraft (update, 524e1209-5e93-4e0c-80eb-9aed64664243)
10:42:29 info: BridgeServer[0] Entity registry: updated, id=524e1209-5e93-4e0c-80eb-9aed64664243, count=1
10:42:29 info: BridgeServer[0] [Presentation] entity=524e1209-5e93-4e0c-80eb-9aed64664243 state=[presentation, {   "renderer": "humanoid",   "model": "survivor",   "scale": 1.0,   "variant": "default" }]
10:42:29 info: BridgeServer[0] Entity state forwarded: 7dtd -> minecraft (update, 524e1209-5e93-4e0c-80eb-9aed64664243)
10:42:30 info: BridgeServer[0] Entity registry: updated, id=524e1209-5e93-4e0c-80eb-9aed64664243, count=1
10:42:30 info: BridgeServer[0] [Presentation] entity=524e1209-5e93-4e0c-80eb-9aed64664243 state=[presentation, {   "renderer": "humanoid",   "model": "survivor",   "scale": 1.0,   "variant": "default" }]
10:42:30 info: BridgeServer[0] Entity state forwarded: 7dtd -> minecraft (update, 524e1209-5e93-4e0c-80eb-9aed64664243)
10:42:30 info: BridgeServer[0] Entity registry: updated, id=524e1209-5e93-4e0c-80eb-9aed64664243, count=1
10:42:30 info: BridgeServer[0] [Presentation] entity=524e1209-5e93-4e0c-80eb-9aed64664243 state=[presentation, {   "renderer": "humanoid",   "model": "survivor",   "scale": 1.0,   "variant": "default" }]
10:42:30 info: BridgeServer[0] Entity state forwarded: 7dtd -> minecraft (update, 524e1209-5e93-4e0c-80eb-9aed64664243)
10:42:31 info: BridgeServer[0] Entity registry: updated, id=524e1209-5e93-4e0c-80eb-9aed64664243, count=1
10:42:31 info: BridgeServer[0] [Presentation] entity=524e1209-5e93-4e0c-80eb-9aed64664243 state=[presentation, {   "renderer": "humanoid",   "model": "survivor",   "scale": 1.0,   "variant": "default" }]
10:42:31 info: BridgeServer[0] Entity state forwarded: 7dtd -> minecraft (update, 524e1209-5e93-4e0c-80eb-9aed64664243)
10:42:31 info: BridgeServer[0] Entity registry: updated, id=524e1209-5e93-4e0c-80eb-9aed64664243, count=1
10:42:31 info: BridgeServer[0] [Presentation] entity=524e1209-5e93-4e0c-80eb-9aed64664243 state=[presentation, {   "renderer": "humanoid",   "model": "survivor",   "scale": 1.0,   "variant": "default" }]
10:42:31 info: BridgeServer[0] Entity state forwarded: 7dtd -> minecraft (update, 524e1209-5e93-4e0c-80eb-9aed64664243)
10:42:32 info: BridgeServer[0] Entity registry: updated, id=524e1209-5e93-4e0c-80eb-9aed64664243, count=1
10:42:32 info: BridgeServer[0] [Presentation] entity=524e1209-5e93-4e0c-80eb-9aed64664243 state=[presentation, {   "renderer": "humanoid",   "model": "survivor",   "scale": 1.0,   "variant": "default" }]
10:42:32 info: BridgeServer[0] Entity state forwarded: 7dtd -> minecraft (update, 524e1209-5e93-4e0c-80eb-9aed64664243)
10:42:32 info: BridgeServer[0] Entity registry: updated, id=524e1209-5e93-4e0c-80eb-9aed64664243, count=1
10:42:32 info: BridgeServer[0] [Presentation] entity=524e1209-5e93-4e0c-80eb-9aed64664243 state=[presentation, {   "renderer": "humanoid",   "model": "survivor",   "scale": 1.0,   "variant": "default" }]
10:42:32 info: BridgeServer[0] Entity state forwarded: 7dtd -> minecraft (update, 524e1209-5e93-4e0c-80eb-9aed64664243)
10:42:33 info: BridgeServer[0] Entity registry: updated, id=524e1209-5e93-4e0c-80eb-9aed64664243, count=1
10:42:33 info: BridgeServer[0] [Presentation] entity=524e1209-5e93-4e0c-80eb-9aed64664243 state=[presentation, {   "renderer": "humanoid",   "model": "survivor",   "scale": 1.0,   "variant": "default" }]
10:42:33 info: BridgeServer[0] Entity state forwarded: 7dtd -> minecraft (update, 524e1209-5e93-4e0c-80eb-9aed64664243)
10:42:33 info: BridgeServer[0] Entity registry: updated, id=524e1209-5e93-4e0c-80eb-9aed64664243, count=1
10:42:33 info: BridgeServer[0] [Presentation] entity=524e1209-5e93-4e0c-80eb-9aed64664243 state=[presentation, {   "renderer": "humanoid",   "model": "survivor",   "scale": 1.0,   "variant": "default" }]
10:42:33 info: BridgeServer[0] Entity state forwarded: 7dtd -> minecraft (update, 524e1209-5e93-4e0c-80eb-9aed64664243)
10:42:34 info: BridgeServer[0] Entity registry: updated, id=524e1209-5e93-4e0c-80eb-9aed64664243, count=1
10:42:34 info: BridgeServer[0] [Presentation] entity=524e1209-5e93-4e0c-80eb-9aed64664243 state=[presentation, {   "renderer": "humanoid",   "model": "survivor",   "scale": 1.0,   "variant": "default" }]
10:42:34 info: BridgeServer[0] Entity state forwarded: 7dtd -> minecraft (update, 524e1209-5e93-4e0c-80eb-9aed64664243)
10:42:34 info: BridgeServer[0] Entity registry: updated, id=524e1209-5e93-4e0c-80eb-9aed64664243, count=1
10:42:34 info: BridgeServer[0] [Presentation] entity=524e1209-5e93-4e0c-80eb-9aed64664243 state=[presentation, {   "renderer": "humanoid",   "model": "survivor",   "scale": 1.0,   "variant": "default" }]
10:42:34 info: BridgeServer[0] Entity state forwarded: 7dtd -> minecraft (update, 524e1209-5e93-4e0c-80eb-9aed64664243)
10:42:35 info: BridgeServer[0] Entity registry: updated, id=524e1209-5e93-4e0c-80eb-9aed64664243, count=1
10:42:35 info: BridgeServer[0] [Presentation] entity=524e1209-5e93-4e0c-80eb-9aed64664243 state=[presentation, {   "renderer": "humanoid",   "model": "survivor",   "scale": 1.0,   "variant": "default" }]
10:42:35 info: BridgeServer[0] Entity state forwarded: 7dtd -> minecraft (update, 524e1209-5e93-4e0c-80eb-9aed64664243)
10:42:35 info: BridgeServer[0] Entity registry: updated, id=524e1209-5e93-4e0c-80eb-9aed64664243, count=1
10:42:35 info: BridgeServer[0] [Presentation] entity=524e1209-5e93-4e0c-80eb-9aed64664243 state=[presentation, {   "renderer": "humanoid",   "model": "survivor",   "scale": 1.0,   "variant": "default" }]
10:42:35 info: BridgeServer[0] Entity state forwarded: 7dtd -> minecraft (update, 524e1209-5e93-4e0c-80eb-9aed64664243)
10:42:36 info: BridgeServer[0] Entity registry: updated, id=524e1209-5e93-4e0c-80eb-9aed64664243, count=1
10:42:36 info: BridgeServer[0] [Presentation] entity=524e1209-5e93-4e0c-80eb-9aed64664243 state=[presentation, {   "renderer": "humanoid",   "model": "survivor",   "scale": 1.0,   "variant": "default" }]
10:42:36 info: BridgeServer[0] Entity state forwarded: 7dtd -> minecraft (update, 524e1209-5e93-4e0c-80eb-9aed64664243)
10:42:36 info: BridgeServer[0] Entity registry: updated, id=524e1209-5e93-4e0c-80eb-9aed64664243, count=1
10:42:36 info: BridgeServer[0] [Presentation] entity=524e1209-5e93-4e0c-80eb-9aed64664243 state=[presentation, {   "renderer": "humanoid",   "model": "survivor",   "scale": 1.0,   "variant": "default" }]
10:42:36 info: BridgeServer[0] Entity state forwarded: 7dtd -> minecraft (update, 524e1209-5e93-4e0c-80eb-9aed64664243)
10:42:37 info: BridgeServer[0] Entity registry: updated, id=524e1209-5e93-4e0c-80eb-9aed64664243, count=1
10:42:37 info: BridgeServer[0] [Presentation] entity=524e1209-5e93-4e0c-80eb-9aed64664243 state=[presentation, {   "renderer": "humanoid",   "model": "survivor",   "scale": 1.0,   "variant": "default" }]
10:42:37 info: BridgeServer[0] Entity state forwarded: 7dtd -> minecraft (update, 524e1209-5e93-4e0c-80eb-9aed64664243)
10:42:37 info: BridgeServer[0] Entity registry: updated, id=524e1209-5e93-4e0c-80eb-9aed64664243, count=1
10:42:37 info: BridgeServer[0] [Presentation] entity=524e1209-5e93-4e0c-80eb-9aed64664243 state=[presentation, {   "renderer": "humanoid",   "model": "survivor",   "scale": 1.0,   "variant": "default" }]
10:42:37 info: BridgeServer[0] Entity state forwarded: 7dtd -> minecraft (update, 524e1209-5e93-4e0c-80eb-9aed64664243)
10:42:38 info: BridgeServer[0] Entity registry: updated, id=524e1209-5e93-4e0c-80eb-9aed64664243, count=1
10:42:38 info: BridgeServer[0] [Presentation] entity=524e1209-5e93-4e0c-80eb-9aed64664243 state=[presentation, {   "renderer": "humanoid",   "model": "survivor",   "scale": 1.0,   "variant": "default" }]
10:42:38 info: BridgeServer[0] Entity state forwarded: 7dtd -> minecraft (update, 524e1209-5e93-4e0c-80eb-9aed64664243)
10:42:38 info: BridgeServer[0] Entity registry: updated, id=524e1209-5e93-4e0c-80eb-9aed64664243, count=1
10:42:38 info: BridgeServer[0] [Presentation] entity=524e1209-5e93-4e0c-80eb-9aed64664243 state=[presentation, {   "renderer": "humanoid",   "model": "survivor",   "scale": 1.0,   "variant": "default" }]
10:42:38 info: BridgeServer[0] Entity state forwarded: 7dtd -> minecraft (update, 524e1209-5e93-4e0c-80eb-9aed64664243)
10:42:39 info: BridgeServer[0] Entity registry: updated, id=524e1209-5e93-4e0c-80eb-9aed64664243, count=1
10:42:39 info: BridgeServer[0] [Presentation] entity=524e1209-5e93-4e0c-80eb-9aed64664243 state=[presentation, {   "renderer": "humanoid",   "model": "survivor",   "scale": 1.0,   "variant": "default" }]
10:42:39 info: BridgeServer[0] Entity state forwarded: 7dtd -> minecraft (update, 524e1209-5e93-4e0c-80eb-9aed64664243)
10:42:39 info: BridgeServer[0] Entity registry: updated, id=524e1209-5e93-4e0c-80eb-9aed64664243, count=1
10:42:39 info: BridgeServer[0] [Presentation] entity=524e1209-5e93-4e0c-80eb-9aed64664243 state=[presentation, {   "renderer": "humanoid",   "model": "survivor",   "scale": 1.0,   "variant": "default" }]
10:42:39 info: BridgeServer[0] Entity state forwarded: 7dtd -> minecraft (update, 524e1209-5e93-4e0c-80eb-9aed64664243)
10:42:40 info: BridgeServer[0] Entity registry: updated, id=524e1209-5e93-4e0c-80eb-9aed64664243, count=1
10:42:40 info: BridgeServer[0] [Presentation] entity=524e1209-5e93-4e0c-80eb-9aed64664243 state=[presentation, {   "renderer": "humanoid",   "model": "survivor",   "scale": 1.0,   "variant": "default" }]
10:42:40 info: BridgeServer[0] Entity state forwarded: 7dtd -> minecraft (update, 524e1209-5e93-4e0c-80eb-9aed64664243)
10:42:40 info: BridgeServer[0] Entity registry: updated, id=524e1209-5e93-4e0c-80eb-9aed64664243, count=1
10:42:40 info: BridgeServer[0] [Presentation] entity=524e1209-5e93-4e0c-80eb-9aed64664243 state=[presentation, {   "renderer": "humanoid",   "model": "survivor",   "scale": 1.0,   "variant": "default" }]
10:42:40 info: BridgeServer[0] Entity state forwarded: 7dtd -> minecraft (update, 524e1209-5e93-4e0c-80eb-9aed64664243)
10:42:41 info: BridgeServer[0] Entity registry: updated, id=524e1209-5e93-4e0c-80eb-9aed64664243, count=1
10:42:41 info: BridgeServer[0] [Presentation] entity=524e1209-5e93-4e0c-80eb-9aed64664243 state=[presentation, {   "renderer": "humanoid",   "model": "survivor",   "scale": 1.0,   "variant": "default" }]
10:42:41 info: BridgeServer[0] Entity state forwarded: 7dtd -> minecraft (update, 524e1209-5e93-4e0c-80eb-9aed64664243)
10:42:41 info: BridgeServer[0] Entity registry: updated, id=524e1209-5e93-4e0c-80eb-9aed64664243, count=1
10:42:41 info: BridgeServer[0] [Presentation] entity=524e1209-5e93-4e0c-80eb-9aed64664243 state=[presentation, {   "renderer": "humanoid",   "model": "survivor",   "scale": 1.0,   "variant": "default" }]
10:42:41 info: BridgeServer[0] Entity state forwarded: 7dtd -> minecraft (update, 524e1209-5e93-4e0c-80eb-9aed64664243)
10:42:42 info: BridgeServer[0] Entity registry: updated, id=524e1209-5e93-4e0c-80eb-9aed64664243, count=1
10:42:42 info: BridgeServer[0] [Presentation] entity=524e1209-5e93-4e0c-80eb-9aed64664243 state=[presentation, {   "renderer": "humanoid",   "model": "survivor",   "scale": 1.0,   "variant": "default" }]
10:42:42 info: BridgeServer[0] Entity state forwarded: 7dtd -> minecraft (update, 524e1209-5e93-4e0c-80eb-9aed64664243)
10:42:42 info: BridgeServer[0] Entity registry: updated, id=524e1209-5e93-4e0c-80eb-9aed64664243, count=1
10:42:42 info: BridgeServer[0] [Presentation] entity=524e1209-5e93-4e0c-80eb-9aed64664243 state=[presentation, {   "renderer": "humanoid",   "model": "survivor",   "scale": 1.0,   "variant": "default" }]
10:42:42 info: BridgeServer[0] Entity state forwarded: 7dtd -> minecraft (update, 524e1209-5e93-4e0c-80eb-9aed64664243)
10:42:43 info: BridgeServer[0] Entity registry: updated, id=524e1209-5e93-4e0c-80eb-9aed64664243, count=1
10:42:43 info: BridgeServer[0] [Presentation] entity=524e1209-5e93-4e0c-80eb-9aed64664243 state=[presentation, {   "renderer": "humanoid",   "model": "survivor",   "scale": 1.0,   "variant": "default" }]
10:42:43 info: BridgeServer[0] Entity state forwarded: 7dtd -> minecraft (update, 524e1209-5e93-4e0c-80eb-9aed64664243)
10:42:43 info: BridgeServer[0] Entity registry: updated, id=524e1209-5e93-4e0c-80eb-9aed64664243, count=1
10:42:43 info: BridgeServer[0] [Presentation] entity=524e1209-5e93-4e0c-80eb-9aed64664243 state=[presentation, {   "renderer": "humanoid",   "model": "survivor",   "scale": 1.0,   "variant": "default" }]
10:42:43 info: BridgeServer[0] Entity state forwarded: 7dtd -> minecraft (update, 524e1209-5e93-4e0c-80eb-9aed64664243)
10:42:44 info: BridgeServer[0] Entity registry: updated, id=524e1209-5e93-4e0c-80eb-9aed64664243, count=1
10:42:44 info: BridgeServer[0] [Presentation] entity=524e1209-5e93-4e0c-80eb-9aed64664243 state=[presentation, {   "renderer": "humanoid",   "model": "survivor",   "scale": 1.0,   "variant": "default" }]
10:42:44 info: BridgeServer[0] Entity state forwarded: 7dtd -> minecraft (update, 524e1209-5e93-4e0c-80eb-9aed64664243)
10:42:44 info: BridgeServer[0] Entity registry: updated, id=524e1209-5e93-4e0c-80eb-9aed64664243, count=1
10:42:44 info: BridgeServer[0] [Presentation] entity=524e1209-5e93-4e0c-80eb-9aed64664243 state=[presentation, {   "renderer": "humanoid",   "model": "survivor",   "scale": 1.0,   "variant": "default" }]
10:42:44 info: BridgeServer[0] Entity state forwarded: 7dtd -> minecraft (update, 524e1209-5e93-4e0c-80eb-9aed64664243)
10:42:45 info: BridgeServer[0] Entity registry: updated, id=524e1209-5e93-4e0c-80eb-9aed64664243, count=1
10:42:45 info: BridgeServer[0] [Presentation] entity=524e1209-5e93-4e0c-80eb-9aed64664243 state=[presentation, {   "renderer": "humanoid",   "model": "survivor",   "scale": 1.0,   "variant": "default" }]
10:42:45 info: BridgeServer[0] Entity state forwarded: 7dtd -> minecraft (update, 524e1209-5e93-4e0c-80eb-9aed64664243)
10:42:45 info: BridgeServer[0] Entity registry: updated, id=524e1209-5e93-4e0c-80eb-9aed64664243, count=1
10:42:45 info: BridgeServer[0] [Presentation] entity=524e1209-5e93-4e0c-80eb-9aed64664243 state=[presentation, {   "renderer": "humanoid",   "model": "survivor",   "scale": 1.0,   "variant": "default" }]
10:42:45 info: BridgeServer[0] Entity state forwarded: 7dtd -> minecraft (update, 524e1209-5e93-4e0c-80eb-9aed64664243)
10:42:46 info: BridgeServer[0] Entity registry: updated, id=524e1209-5e93-4e0c-80eb-9aed64664243, count=1
10:42:46 info: BridgeServer[0] [Presentation] entity=524e1209-5e93-4e0c-80eb-9aed64664243 state=[presentation, {   "renderer": "humanoid",   "model": "survivor",   "scale": 1.0,   "variant": "default" }]
10:42:46 info: BridgeServer[0] Entity state forwarded: 7dtd -> minecraft (update, 524e1209-5e93-4e0c-80eb-9aed64664243)
10:42:46 info: BridgeServer[0] Entity registry: updated, id=524e1209-5e93-4e0c-80eb-9aed64664243, count=1
10:42:46 info: BridgeServer[0] [Presentation] entity=524e1209-5e93-4e0c-80eb-9aed64664243 state=[presentation, {   "renderer": "humanoid",   "model": "survivor",   "scale": 1.0,   "variant": "default" }]
10:42:46 info: BridgeServer[0] Entity state forwarded: 7dtd -> minecraft (update, 524e1209-5e93-4e0c-80eb-9aed64664243)
10:42:47 info: BridgeServer[0] Entity registry: updated, id=524e1209-5e93-4e0c-80eb-9aed64664243, count=1
10:42:47 info: BridgeServer[0] [Presentation] entity=524e1209-5e93-4e0c-80eb-9aed64664243 state=[presentation, {   "renderer": "humanoid",   "model": "survivor",   "scale": 1.0,   "variant": "default" }]
10:42:47 info: BridgeServer[0] Entity state forwarded: 7dtd -> minecraft (update, 524e1209-5e93-4e0c-80eb-9aed64664243)
10:42:47 info: BridgeServer[0] Entity registry: updated, id=524e1209-5e93-4e0c-80eb-9aed64664243, count=1
10:42:47 info: BridgeServer[0] [Presentation] entity=524e1209-5e93-4e0c-80eb-9aed64664243 state=[presentation, {   "renderer": "humanoid",   "model": "survivor",   "scale": 1.0,   "variant": "default" }]
10:42:47 info: BridgeServer[0] Entity state forwarded: 7dtd -> minecraft (update, 524e1209-5e93-4e0c-80eb-9aed64664243)
10:42:48 info: BridgeServer[0] Entity registry: updated, id=524e1209-5e93-4e0c-80eb-9aed64664243, count=1
10:42:48 info: BridgeServer[0] [Presentation] entity=524e1209-5e93-4e0c-80eb-9aed64664243 state=[presentation, {   "renderer": "humanoid",   "model": "survivor",   "scale": 1.0,   "variant": "default" }]
10:42:48 info: BridgeServer[0] Entity state forwarded: 7dtd -> minecraft (update, 524e1209-5e93-4e0c-80eb-9aed64664243)
10:42:48 info: BridgeServer[0] Entity registry: updated, id=524e1209-5e93-4e0c-80eb-9aed64664243, count=1
10:42:48 info: BridgeServer[0] [Presentation] entity=524e1209-5e93-4e0c-80eb-9aed64664243 state=[presentation, {   "renderer": "humanoid",   "model": "survivor",   "scale": 1.0,   "variant": "default" }]
10:42:48 info: BridgeServer[0] Entity state forwarded: 7dtd -> minecraft (update, 524e1209-5e93-4e0c-80eb-9aed64664243)
10:42:49 info: BridgeServer[0] Entity registry: updated, id=524e1209-5e93-4e0c-80eb-9aed64664243, count=1
10:42:49 info: BridgeServer[0] [Presentation] entity=524e1209-5e93-4e0c-80eb-9aed64664243 state=[presentation, {   "renderer": "humanoid",   "model": "survivor",   "scale": 1.0,   "variant": "default" }]
10:42:49 info: BridgeServer[0] Entity state forwarded: 7dtd -> minecraft (update, 524e1209-5e93-4e0c-80eb-9aed64664243)
10:42:49 info: BridgeServer[0] Entity registry: updated, id=524e1209-5e93-4e0c-80eb-9aed64664243, count=1
10:42:49 info: BridgeServer[0] [Presentation] entity=524e1209-5e93-4e0c-80eb-9aed64664243 state=[presentation, {   "renderer": "humanoid",   "model": "survivor",   "scale": 1.0,   "variant": "default" }]
10:42:49 info: BridgeServer[0] Entity state forwarded: 7dtd -> minecraft (update, 524e1209-5e93-4e0c-80eb-9aed64664243)
10:42:50 info: BridgeServer[0] Entity registry: updated, id=524e1209-5e93-4e0c-80eb-9aed64664243, count=1
10:42:50 info: BridgeServer[0] [Presentation] entity=524e1209-5e93-4e0c-80eb-9aed64664243 state=[presentation, {   "renderer": "humanoid",   "model": "survivor",   "scale": 1.0,   "variant": "default" }]
10:42:50 info: BridgeServer[0] Entity state forwarded: 7dtd -> minecraft (update, 524e1209-5e93-4e0c-80eb-9aed64664243)
10:42:50 info: BridgeServer[0] Entity registry: updated, id=524e1209-5e93-4e0c-80eb-9aed64664243, count=1
10:42:50 info: BridgeServer[0] [Presentation] entity=524e1209-5e93-4e0c-80eb-9aed64664243 state=[presentation, {   "renderer": "humanoid",   "model": "survivor",   "scale": 1.0,   "variant": "default" }]
10:42:50 info: BridgeServer[0] Entity state forwarded: 7dtd -> minecraft (update, 524e1209-5e93-4e0c-80eb-9aed64664243)
10:42:51 info: BridgeServer[0] Entity registry: updated, id=524e1209-5e93-4e0c-80eb-9aed64664243, count=1
10:42:51 info: BridgeServer[0] [Presentation] entity=524e1209-5e93-4e0c-80eb-9aed64664243 state=[presentation, {   "renderer": "humanoid",   "model": "survivor",   "scale": 1.0,   "variant": "default" }]
10:42:51 info: BridgeServer[0] Entity state forwarded: 7dtd -> minecraft (update, 524e1209-5e93-4e0c-80eb-9aed64664243)
10:42:51 info: BridgeServer[0] Entity registry: updated, id=524e1209-5e93-4e0c-80eb-9aed64664243, count=1
10:42:51 info: BridgeServer[0] [Presentation] entity=524e1209-5e93-4e0c-80eb-9aed64664243 state=[presentation, {   "renderer": "humanoid",   "model": "survivor",   "scale": 1.0,   "variant": "default" }]
10:42:51 info: BridgeServer[0] Entity state forwarded: 7dtd -> minecraft (update, 524e1209-5e93-4e0c-80eb-9aed64664243)
10:42:52 info: BridgeServer[0] Entity registry: updated, id=524e1209-5e93-4e0c-80eb-9aed64664243, count=1
10:42:52 info: BridgeServer[0] [Presentation] entity=524e1209-5e93-4e0c-80eb-9aed64664243 state=[presentation, {   "renderer": "humanoid",   "model": "survivor",   "scale": 1.0,   "variant": "default" }]
10:42:52 info: BridgeServer[0] Entity state forwarded: 7dtd -> minecraft (update, 524e1209-5e93-4e0c-80eb-9aed64664243)
10:42:52 info: BridgeServer[0] Entity registry: updated, id=524e1209-5e93-4e0c-80eb-9aed64664243, count=1
10:42:52 info: BridgeServer[0] [Presentation] entity=524e1209-5e93-4e0c-80eb-9aed64664243 state=[presentation, {   "renderer": "humanoid",   "model": "survivor",   "scale": 1.0,   "variant": "default" }]
10:42:52 info: BridgeServer[0] Entity state forwarded: 7dtd -> minecraft (update, 524e1209-5e93-4e0c-80eb-9aed64664243)
10:42:53 info: BridgeServer[0] Entity registry: updated, id=524e1209-5e93-4e0c-80eb-9aed64664243, count=1
10:42:53 info: BridgeServer[0] [Presentation] entity=524e1209-5e93-4e0c-80eb-9aed64664243 state=[presentation, {   "renderer": "humanoid",   "model": "survivor",   "scale": 1.0,   "variant": "default" }]
10:42:53 info: BridgeServer[0] Entity state forwarded: 7dtd -> minecraft (update, 524e1209-5e93-4e0c-80eb-9aed64664243)
10:42:53 info: BridgeServer[0] Entity registry: updated, id=524e1209-5e93-4e0c-80eb-9aed64664243, count=1
10:42:53 info: BridgeServer[0] [Presentation] entity=524e1209-5e93-4e0c-80eb-9aed64664243 state=[presentation, {   "renderer": "humanoid",   "model": "survivor",   "scale": 1.0,   "variant": "default" }]
10:42:53 info: BridgeServer[0] Entity state forwarded: 7dtd -> minecraft (update, 524e1209-5e93-4e0c-80eb-9aed64664243)
10:42:54 info: BridgeServer[0] Entity registry: updated, id=524e1209-5e93-4e0c-80eb-9aed64664243, count=1
10:42:54 info: BridgeServer[0] [Presentation] entity=524e1209-5e93-4e0c-80eb-9aed64664243 state=[presentation, {   "renderer": "humanoid",   "model": "survivor",   "scale": 1.0,   "variant": "default" }]
10:42:54 info: BridgeServer[0] Entity state forwarded: 7dtd -> minecraft (update, 524e1209-5e93-4e0c-80eb-9aed64664243)
10:42:54 info: BridgeServer[0] Entity registry: updated, id=524e1209-5e93-4e0c-80eb-9aed64664243, count=1
10:42:54 info: BridgeServer[0] [Presentation] entity=524e1209-5e93-4e0c-80eb-9aed64664243 state=[presentation, {   "renderer": "humanoid",   "model": "survivor",   "scale": 1.0,   "variant": "default" }]
10:42:54 info: BridgeServer[0] Entity state forwarded: 7dtd -> minecraft (update, 524e1209-5e93-4e0c-80eb-9aed64664243)
10:42:55 info: BridgeServer[0] Entity registry: updated, id=524e1209-5e93-4e0c-80eb-9aed64664243, count=1
10:42:55 info: BridgeServer[0] [Presentation] entity=524e1209-5e93-4e0c-80eb-9aed64664243 state=[presentation, {   "renderer": "humanoid",   "model": "survivor",   "scale": 1.0,   "variant": "default" }]
10:42:55 info: BridgeServer[0] Entity state forwarded: 7dtd -> minecraft (update, 524e1209-5e93-4e0c-80eb-9aed64664243)
10:42:55 info: BridgeServer[0] Entity registry: updated, id=524e1209-5e93-4e0c-80eb-9aed64664243, count=1
10:42:55 info: BridgeServer[0] [Presentation] entity=524e1209-5e93-4e0c-80eb-9aed64664243 state=[presentation, {   "renderer": "humanoid",   "model": "survivor",   "scale": 1.0,   "variant": "default" }]
10:42:55 info: BridgeServer[0] Entity state forwarded: 7dtd -> minecraft (update, 524e1209-5e93-4e0c-80eb-9aed64664243)
10:42:56 info: BridgeServer[0] Entity registry: updated, id=524e1209-5e93-4e0c-80eb-9aed64664243, count=1
10:42:56 info: BridgeServer[0] [Presentation] entity=524e1209-5e93-4e0c-80eb-9aed64664243 state=[presentation, {   "renderer": "humanoid",   "model": "survivor",   "scale": 1.0,   "variant": "default" }]
10:42:56 info: BridgeServer[0] Entity state forwarded: 7dtd -> minecraft (update, 524e1209-5e93-4e0c-80eb-9aed64664243)
10:42:56 info: BridgeServer[0] Entity registry: updated, id=524e1209-5e93-4e0c-80eb-9aed64664243, count=1
10:42:56 info: BridgeServer[0] [Presentation] entity=524e1209-5e93-4e0c-80eb-9aed64664243 state=[presentation, {   "renderer": "humanoid",   "model": "survivor",   "scale": 1.0,   "variant": "default" }]
10:42:56 info: BridgeServer[0] Entity state forwarded: 7dtd -> minecraft (update, 524e1209-5e93-4e0c-80eb-9aed64664243)
10:42:57 info: BridgeServer[0] Entity registry: updated, id=524e1209-5e93-4e0c-80eb-9aed64664243, count=1
10:42:57 info: BridgeServer[0] [Presentation] entity=524e1209-5e93-4e0c-80eb-9aed64664243 state=[presentation, {   "renderer": "humanoid",   "model": "survivor",   "scale": 1.0,   "variant": "default" }]
10:42:57 info: BridgeServer[0] Entity state forwarded: 7dtd -> minecraft (update, 524e1209-5e93-4e0c-80eb-9aed64664243)
10:42:57 info: BridgeServer[0] Entity registry: updated, id=524e1209-5e93-4e0c-80eb-9aed64664243, count=1
10:42:57 info: BridgeServer[0] [Presentation] entity=524e1209-5e93-4e0c-80eb-9aed64664243 state=[presentation, {   "renderer": "humanoid",   "model": "survivor",   "scale": 1.0,   "variant": "default" }]
10:42:57 info: BridgeServer[0] Entity state forwarded: 7dtd -> minecraft (update, 524e1209-5e93-4e0c-80eb-9aed64664243)
10:42:58 info: BridgeServer[0] Entity registry: updated, id=524e1209-5e93-4e0c-80eb-9aed64664243, count=1
10:42:58 info: BridgeServer[0] [Presentation] entity=524e1209-5e93-4e0c-80eb-9aed64664243 state=[presentation, {   "renderer": "humanoid",   "model": "survivor",   "scale": 1.0,   "variant": "default" }]
10:42:58 info: BridgeServer[0] Entity state forwarded: 7dtd -> minecraft (update, 524e1209-5e93-4e0c-80eb-9aed64664243)
10:42:58 info: BridgeServer[0] Entity registry: updated, id=524e1209-5e93-4e0c-80eb-9aed64664243, count=1
10:42:58 info: BridgeServer[0] [Presentation] entity=524e1209-5e93-4e0c-80eb-9aed64664243 state=[presentation, {   "renderer": "humanoid",   "model": "survivor",   "scale": 1.0,   "variant": "default" }]
10:42:58 info: BridgeServer[0] Entity state forwarded: 7dtd -> minecraft (update, 524e1209-5e93-4e0c-80eb-9aed64664243)
10:42:59 info: BridgeServer[0] Entity registry: updated, id=524e1209-5e93-4e0c-80eb-9aed64664243, count=1
10:42:59 info: BridgeServer[0] [Presentation] entity=524e1209-5e93-4e0c-80eb-9aed64664243 state=[presentation, {   "renderer": "humanoid",   "model": "survivor",   "scale": 1.0,   "variant": "default" }]
10:42:59 info: BridgeServer[0] Entity state forwarded: 7dtd -> minecraft (update, 524e1209-5e93-4e0c-80eb-9aed64664243)
10:42:59 info: BridgeServer[0] Entity registry: updated, id=524e1209-5e93-4e0c-80eb-9aed64664243, count=1
10:42:59 info: BridgeServer[0] [Presentation] entity=524e1209-5e93-4e0c-80eb-9aed64664243 state=[presentation, {   "renderer": "humanoid",   "model": "survivor",   "scale": 1.0,   "variant": "default" }]
10:42:59 info: BridgeServer[0] Entity state forwarded: 7dtd -> minecraft (update, 524e1209-5e93-4e0c-80eb-9aed64664243)
10:43:00 info: BridgeServer[0] Entity registry: updated, id=524e1209-5e93-4e0c-80eb-9aed64664243, count=1
10:43:00 info: BridgeServer[0] [Presentation] entity=524e1209-5e93-4e0c-80eb-9aed64664243 state=[presentation, {   "renderer": "humanoid",   "model": "survivor",   "scale": 1.0,   "variant": "default" }]
10:43:00 info: BridgeServer[0] Entity state forwarded: 7dtd -> minecraft (update, 524e1209-5e93-4e0c-80eb-9aed64664243)
10:43:00 info: BridgeServer[0] Entity registry: updated, id=524e1209-5e93-4e0c-80eb-9aed64664243, count=1
10:43:00 info: BridgeServer[0] [Presentation] entity=524e1209-5e93-4e0c-80eb-9aed64664243 state=[presentation, {   "renderer": "humanoid",   "model": "survivor",   "scale": 1.0,   "variant": "default" }]
10:43:00 info: BridgeServer[0] Entity state forwarded: 7dtd -> minecraft (update, 524e1209-5e93-4e0c-80eb-9aed64664243)
10:43:01 info: BridgeServer[0] Entity registry: updated, id=524e1209-5e93-4e0c-80eb-9aed64664243, count=1
10:43:01 info: BridgeServer[0] [Presentation] entity=524e1209-5e93-4e0c-80eb-9aed64664243 state=[presentation, {   "renderer": "humanoid",   "model": "survivor",   "scale": 1.0,   "variant": "default" }]
10:43:01 info: BridgeServer[0] Entity state forwarded: 7dtd -> minecraft (update, 524e1209-5e93-4e0c-80eb-9aed64664243)
10:43:01 info: BridgeServer[0] Entity registry: updated, id=524e1209-5e93-4e0c-80eb-9aed64664243, count=1
10:43:01 info: BridgeServer[0] [Presentation] entity=524e1209-5e93-4e0c-80eb-9aed64664243 state=[presentation, {   "renderer": "humanoid",   "model": "survivor",   "scale": 1.0,   "variant": "default" }]
10:43:01 info: BridgeServer[0] Entity state forwarded: 7dtd -> minecraft (update, 524e1209-5e93-4e0c-80eb-9aed64664243)
10:43:02 info: BridgeServer[0] Entity registry: updated, id=524e1209-5e93-4e0c-80eb-9aed64664243, count=1
10:43:02 info: BridgeServer[0] [Presentation] entity=524e1209-5e93-4e0c-80eb-9aed64664243 state=[presentation, {   "renderer": "humanoid",   "model": "survivor",   "scale": 1.0,   "variant": "default" }]
10:43:02 info: BridgeServer[0] Entity state forwarded: 7dtd -> minecraft (update, 524e1209-5e93-4e0c-80eb-9aed64664243)
10:43:02 info: BridgeServer[0] Entity registry: updated, id=524e1209-5e93-4e0c-80eb-9aed64664243, count=1
10:43:02 info: BridgeServer[0] [Presentation] entity=524e1209-5e93-4e0c-80eb-9aed64664243 state=[presentation, {   "renderer": "humanoid",   "model": "survivor",   "scale": 1.0,   "variant": "default" }]
10:43:02 info: BridgeServer[0] Entity state forwarded: 7dtd -> minecraft (update, 524e1209-5e93-4e0c-80eb-9aed64664243)
10:43:03 info: BridgeServer[0] Entity registry: updated, id=524e1209-5e93-4e0c-80eb-9aed64664243, count=1
10:43:03 info: BridgeServer[0] [Presentation] entity=524e1209-5e93-4e0c-80eb-9aed64664243 state=[presentation, {   "renderer": "humanoid",   "model": "survivor",   "scale": 1.0,   "variant": "default" }]
10:43:03 info: BridgeServer[0] Entity state forwarded: 7dtd -> minecraft (update, 524e1209-5e93-4e0c-80eb-9aed64664243)
10:43:03 info: BridgeServer[0] Entity registry: updated, id=524e1209-5e93-4e0c-80eb-9aed64664243, count=1
10:43:03 info: BridgeServer[0] [Presentation] entity=524e1209-5e93-4e0c-80eb-9aed64664243 state=[presentation, {   "renderer": "humanoid",   "model": "survivor",   "scale": 1.0,   "variant": "default" }]
10:43:03 info: BridgeServer[0] Entity state forwarded: 7dtd -> minecraft (update, 524e1209-5e93-4e0c-80eb-9aed64664243)
10:43:04 info: BridgeServer[0] Entity registry: updated, id=524e1209-5e93-4e0c-80eb-9aed64664243, count=1
10:43:04 info: BridgeServer[0] [Presentation] entity=524e1209-5e93-4e0c-80eb-9aed64664243 state=[presentation, {   "renderer": "humanoid",   "model": "survivor",   "scale": 1.0,   "variant": "default" }]
10:43:04 info: BridgeServer[0] Entity state forwarded: 7dtd -> minecraft (update, 524e1209-5e93-4e0c-80eb-9aed64664243)
10:43:04 info: BridgeServer[0] Entity registry: updated, id=524e1209-5e93-4e0c-80eb-9aed64664243, count=1
10:43:04 info: BridgeServer[0] [Presentation] entity=524e1209-5e93-4e0c-80eb-9aed64664243 state=[presentation, {   "renderer": "humanoid",   "model": "survivor",   "scale": 1.0,   "variant": "default" }]
10:43:04 info: BridgeServer[0] Entity state forwarded: 7dtd -> minecraft (update, 524e1209-5e93-4e0c-80eb-9aed64664243)
10:43:05 info: BridgeServer[0] Entity registry: updated, id=524e1209-5e93-4e0c-80eb-9aed64664243, count=1
10:43:05 info: BridgeServer[0] [Presentation] entity=524e1209-5e93-4e0c-80eb-9aed64664243 state=[presentation, {   "renderer": "humanoid",   "model": "survivor",   "scale": 1.0,   "variant": "default" }]
10:43:05 info: BridgeServer[0] Entity state forwarded: 7dtd -> minecraft (update, 524e1209-5e93-4e0c-80eb-9aed64664243)
10:43:06 info: BridgeServer[0] Entity registry: updated, id=524e1209-5e93-4e0c-80eb-9aed64664243, count=1
10:43:06 info: BridgeServer[0] [Presentation] entity=524e1209-5e93-4e0c-80eb-9aed64664243 state=[presentation, {   "renderer": "humanoid",   "model": "survivor",   "scale": 1.0,   "variant": "default" }]
10:43:06 info: BridgeServer[0] Entity state forwarded: 7dtd -> minecraft (update, 524e1209-5e93-4e0c-80eb-9aed64664243)
10:43:06 info: BridgeServer[0] Entity registry: updated, id=524e1209-5e93-4e0c-80eb-9aed64664243, count=1
10:43:06 info: BridgeServer[0] [Presentation] entity=524e1209-5e93-4e0c-80eb-9aed64664243 state=[presentation, {   "renderer": "humanoid",   "model": "survivor",   "scale": 1.0,   "variant": "default" }]
10:43:06 info: BridgeServer[0] Entity state forwarded: 7dtd -> minecraft (update, 524e1209-5e93-4e0c-80eb-9aed64664243)
10:43:07 info: BridgeServer[0] Entity registry: updated, id=524e1209-5e93-4e0c-80eb-9aed64664243, count=1
10:43:07 info: BridgeServer[0] [Presentation] entity=524e1209-5e93-4e0c-80eb-9aed64664243 state=[presentation, {   "renderer": "humanoid",   "model": "survivor",   "scale": 1.0,   "variant": "default" }]
10:43:07 info: BridgeServer[0] Entity state forwarded: 7dtd -> minecraft (update, 524e1209-5e93-4e0c-80eb-9aed64664243)
10:43:07 info: BridgeServer[0] Entity registry: updated, id=524e1209-5e93-4e0c-80eb-9aed64664243, count=1
10:43:07 info: BridgeServer[0] [Presentation] entity=524e1209-5e93-4e0c-80eb-9aed64664243 state=[presentation, {   "renderer": "humanoid",   "model": "survivor",   "scale": 1.0,   "variant": "default" }]
10:43:07 info: BridgeServer[0] Entity state forwarded: 7dtd -> minecraft (update, 524e1209-5e93-4e0c-80eb-9aed64664243)
10:43:08 info: BridgeServer[0] Entity registry: updated, id=524e1209-5e93-4e0c-80eb-9aed64664243, count=1
10:43:08 info: BridgeServer[0] [Presentation] entity=524e1209-5e93-4e0c-80eb-9aed64664243 state=[presentation, {   "renderer": "humanoid",   "model": "survivor",   "scale": 1.0,   "variant": "default" }]
10:43:08 info: BridgeServer[0] Entity state forwarded: 7dtd -> minecraft (update, 524e1209-5e93-4e0c-80eb-9aed64664243)
10:43:08 info: BridgeServer[0] Entity registry: updated, id=524e1209-5e93-4e0c-80eb-9aed64664243, count=1
10:43:08 info: BridgeServer[0] [Presentation] entity=524e1209-5e93-4e0c-80eb-9aed64664243 state=[presentation, {   "renderer": "humanoid",   "model": "survivor",   "scale": 1.0,   "variant": "default" }]
10:43:08 info: BridgeServer[0] Entity state forwarded: 7dtd -> minecraft (update, 524e1209-5e93-4e0c-80eb-9aed64664243)
10:43:09 info: BridgeServer[0] Entity registry: updated, id=524e1209-5e93-4e0c-80eb-9aed64664243, count=1
10:43:09 info: BridgeServer[0] [Presentation] entity=524e1209-5e93-4e0c-80eb-9aed64664243 state=[presentation, {   "renderer": "humanoid",   "model": "survivor",   "scale": 1.0,   "variant": "default" }]
10:43:09 info: BridgeServer[0] Entity state forwarded: 7dtd -> minecraft (update, 524e1209-5e93-4e0c-80eb-9aed64664243)
10:43:09 info: BridgeServer[0] Entity registry: updated, id=524e1209-5e93-4e0c-80eb-9aed64664243, count=1
10:43:09 info: BridgeServer[0] [Presentation] entity=524e1209-5e93-4e0c-80eb-9aed64664243 state=[presentation, {   "renderer": "humanoid",   "model": "survivor",   "scale": 1.0,   "variant": "default" }]
10:43:09 info: BridgeServer[0] Entity state forwarded: 7dtd -> minecraft (update, 524e1209-5e93-4e0c-80eb-9aed64664243)
10:43:10 info: BridgeServer[0] Entity registry: updated, id=524e1209-5e93-4e0c-80eb-9aed64664243, count=1
10:43:10 info: BridgeServer[0] [Presentation] entity=524e1209-5e93-4e0c-80eb-9aed64664243 state=[presentation, {   "renderer": "humanoid",   "model": "survivor",   "scale": 1.0,   "variant": "default" }]
10:43:10 info: BridgeServer[0] Entity state forwarded: 7dtd -> minecraft (update, 524e1209-5e93-4e0c-80eb-9aed64664243)
10:43:10 info: BridgeServer[0] Entity registry: updated, id=524e1209-5e93-4e0c-80eb-9aed64664243, count=1
10:43:10 info: BridgeServer[0] [Presentation] entity=524e1209-5e93-4e0c-80eb-9aed64664243 state=[presentation, {   "renderer": "humanoid",   "model": "survivor",   "scale": 1.0,   "variant": "default" }]
10:43:10 info: BridgeServer[0] Entity state forwarded: 7dtd -> minecraft (update, 524e1209-5e93-4e0c-80eb-9aed64664243)
10:43:11 info: BridgeServer[0] Entity registry: updated, id=524e1209-5e93-4e0c-80eb-9aed64664243, count=1
10:43:11 info: BridgeServer[0] [Presentation] entity=524e1209-5e93-4e0c-80eb-9aed64664243 state=[presentation, {   "renderer": "humanoid",   "model": "survivor",   "scale": 1.0,   "variant": "default" }]
10:43:11 info: BridgeServer[0] Entity state forwarded: 7dtd -> minecraft (update, 524e1209-5e93-4e0c-80eb-9aed64664243)
10:43:11 info: BridgeServer[0] Entity registry: updated, id=524e1209-5e93-4e0c-80eb-9aed64664243, count=1
10:43:11 info: BridgeServer[0] [Presentation] entity=524e1209-5e93-4e0c-80eb-9aed64664243 state=[presentation, {   "renderer": "humanoid",   "model": "survivor",   "scale": 1.0,   "variant": "default" }]
10:43:11 info: BridgeServer[0] Entity state forwarded: 7dtd -> minecraft (update, 524e1209-5e93-4e0c-80eb-9aed64664243)
10:43:12 info: BridgeServer[0] Entity registry: updated, id=524e1209-5e93-4e0c-80eb-9aed64664243, count=1
10:43:12 info: BridgeServer[0] [Presentation] entity=524e1209-5e93-4e0c-80eb-9aed64664243 state=[presentation, {   "renderer": "humanoid",   "model": "survivor",   "scale": 1.0,   "variant": "default" }]
10:43:12 info: BridgeServer[0] Entity state forwarded: 7dtd -> minecraft (update, 524e1209-5e93-4e0c-80eb-9aed64664243)
10:43:12 info: BridgeServer[0] Entity registry: updated, id=524e1209-5e93-4e0c-80eb-9aed64664243, count=1
10:43:12 info: BridgeServer[0] [Presentation] entity=524e1209-5e93-4e0c-80eb-9aed64664243 state=[presentation, {   "renderer": "humanoid",   "model": "survivor",   "scale": 1.0,   "variant": "default" }]
10:43:12 info: BridgeServer[0] Entity state forwarded: 7dtd -> minecraft (update, 524e1209-5e93-4e0c-80eb-9aed64664243)
10:43:13 info: BridgeServer[0] Entity registry: updated, id=524e1209-5e93-4e0c-80eb-9aed64664243, count=1
10:43:13 info: BridgeServer[0] [Presentation] entity=524e1209-5e93-4e0c-80eb-9aed64664243 state=[presentation, {   "renderer": "humanoid",   "model": "survivor",   "scale": 1.0,   "variant": "default" }]
10:43:13 info: BridgeServer[0] Entity state forwarded: 7dtd -> minecraft (update, 524e1209-5e93-4e0c-80eb-9aed64664243)
10:43:13 info: BridgeServer[0] Entity registry: updated, id=524e1209-5e93-4e0c-80eb-9aed64664243, count=1
10:43:13 info: BridgeServer[0] [Presentation] entity=524e1209-5e93-4e0c-80eb-9aed64664243 state=[presentation, {   "renderer": "humanoid",   "model": "survivor",   "scale": 1.0,   "variant": "default" }]
10:43:13 info: BridgeServer[0] Entity state forwarded: 7dtd -> minecraft (update, 524e1209-5e93-4e0c-80eb-9aed64664243)
10:43:14 info: BridgeServer[0] Entity registry: updated, id=524e1209-5e93-4e0c-80eb-9aed64664243, count=1
10:43:14 info: BridgeServer[0] [Presentation] entity=524e1209-5e93-4e0c-80eb-9aed64664243 state=[presentation, {   "renderer": "humanoid",   "model": "survivor",   "scale": 1.0,   "variant": "default" }]
10:43:14 info: BridgeServer[0] Entity state forwarded: 7dtd -> minecraft (update, 524e1209-5e93-4e0c-80eb-9aed64664243)
10:43:14 info: BridgeServer[0] Entity registry: updated, id=524e1209-5e93-4e0c-80eb-9aed64664243, count=1
10:43:14 info: BridgeServer[0] [Presentation] entity=524e1209-5e93-4e0c-80eb-9aed64664243 state=[presentation, {   "renderer": "humanoid",   "model": "survivor",   "scale": 1.0,   "variant": "default" }]
10:43:14 info: BridgeServer[0] Entity state forwarded: 7dtd -> minecraft (update, 524e1209-5e93-4e0c-80eb-9aed64664243)
10:43:15 info: BridgeServer[0] Entity registry: updated, id=524e1209-5e93-4e0c-80eb-9aed64664243, count=1
10:43:15 info: BridgeServer[0] [Presentation] entity=524e1209-5e93-4e0c-80eb-9aed64664243 state=[presentation, {   "renderer": "humanoid",   "model": "survivor",   "scale": 1.0,   "variant": "default" }]
10:43:15 info: BridgeServer[0] Entity state forwarded: 7dtd -> minecraft (update, 524e1209-5e93-4e0c-80eb-9aed64664243)
10:43:15 info: BridgeServer[0] Entity registry: updated, id=524e1209-5e93-4e0c-80eb-9aed64664243, count=1
10:43:15 info: BridgeServer[0] [Presentation] entity=524e1209-5e93-4e0c-80eb-9aed64664243 state=[presentation, {   "renderer": "humanoid",   "model": "survivor",   "scale": 1.0,   "variant": "default" }]
10:43:15 info: BridgeServer[0] Entity state forwarded: 7dtd -> minecraft (update, 524e1209-5e93-4e0c-80eb-9aed64664243)
10:43:16 info: BridgeServer[0] Entity registry: updated, id=524e1209-5e93-4e0c-80eb-9aed64664243, count=1
10:43:16 info: BridgeServer[0] [Presentation] entity=524e1209-5e93-4e0c-80eb-9aed64664243 state=[presentation, {   "renderer": "humanoid",   "model": "survivor",   "scale": 1.0,   "variant": "default" }]
10:43:16 info: BridgeServer[0] Entity state forwarded: 7dtd -> minecraft (update, 524e1209-5e93-4e0c-80eb-9aed64664243)
10:43:16 info: BridgeServer[0] Entity registry: updated, id=524e1209-5e93-4e0c-80eb-9aed64664243, count=1
10:43:16 info: BridgeServer[0] [Presentation] entity=524e1209-5e93-4e0c-80eb-9aed64664243 state=[presentation, {   "renderer": "humanoid",   "model": "survivor",   "scale": 1.0,   "variant": "default" }]
10:43:16 info: BridgeServer[0] Entity state forwarded: 7dtd -> minecraft (update, 524e1209-5e93-4e0c-80eb-9aed64664243)
10:43:17 info: BridgeServer[0] Entity registry: updated, id=524e1209-5e93-4e0c-80eb-9aed64664243, count=1
10:43:17 info: BridgeServer[0] [Presentation] entity=524e1209-5e93-4e0c-80eb-9aed64664243 state=[presentation, {   "renderer": "humanoid",   "model": "survivor",   "scale": 1.0,   "variant": "default" }]
10:43:17 info: BridgeServer[0] Entity state forwarded: 7dtd -> minecraft (update, 524e1209-5e93-4e0c-80eb-9aed64664243)
10:43:17 info: BridgeServer[0] Entity registry: updated, id=524e1209-5e93-4e0c-80eb-9aed64664243, count=1
10:43:17 info: BridgeServer[0] [Presentation] entity=524e1209-5e93-4e0c-80eb-9aed64664243 state=[presentation, {   "renderer": "humanoid",   "model": "survivor",   "scale": 1.0,   "variant": "default" }]
10:43:17 info: BridgeServer[0] Entity state forwarded: 7dtd -> minecraft (update, 524e1209-5e93-4e0c-80eb-9aed64664243)
10:43:18 info: BridgeServer[0] Entity registry: updated, id=524e1209-5e93-4e0c-80eb-9aed64664243, count=1
10:43:18 info: BridgeServer[0] [Presentation] entity=524e1209-5e93-4e0c-80eb-9aed64664243 state=[presentation, {   "renderer": "humanoid",   "model": "survivor",   "scale": 1.0,   "variant": "default" }]
10:43:18 info: BridgeServer[0] Entity state forwarded: 7dtd -> minecraft (update, 524e1209-5e93-4e0c-80eb-9aed64664243)
10:43:18 info: BridgeServer[0] Entity registry: updated, id=524e1209-5e93-4e0c-80eb-9aed64664243, count=1
10:43:18 info: BridgeServer[0] [Presentation] entity=524e1209-5e93-4e0c-80eb-9aed64664243 state=[presentation, {   "renderer": "humanoid",   "model": "survivor",   "scale": 1.0,   "variant": "default" }]
10:43:18 info: BridgeServer[0] Entity state forwarded: 7dtd -> minecraft (update, 524e1209-5e93-4e0c-80eb-9aed64664243)
10:43:19 info: BridgeServer[0] Entity registry: updated, id=524e1209-5e93-4e0c-80eb-9aed64664243, count=1
10:43:19 info: BridgeServer[0] [Presentation] entity=524e1209-5e93-4e0c-80eb-9aed64664243 state=[presentation, {   "renderer": "humanoid",   "model": "survivor",   "scale": 1.0,   "variant": "default" }]
10:43:19 info: BridgeServer[0] Entity state forwarded: 7dtd -> minecraft (update, 524e1209-5e93-4e0c-80eb-9aed64664243)
10:43:19 info: BridgeServer[0] Entity registry: updated, id=524e1209-5e93-4e0c-80eb-9aed64664243, count=1
10:43:19 info: BridgeServer[0] [Presentation] entity=524e1209-5e93-4e0c-80eb-9aed64664243 state=[presentation, {   "renderer": "humanoid",   "model": "survivor",   "scale": 1.0,   "variant": "default" }]
10:43:19 info: BridgeServer[0] Entity state forwarded: 7dtd -> minecraft (update, 524e1209-5e93-4e0c-80eb-9aed64664243)
10:43:20 info: BridgeServer[0] Entity registry: updated, id=524e1209-5e93-4e0c-80eb-9aed64664243, count=1
10:43:20 info: BridgeServer[0] [Presentation] entity=524e1209-5e93-4e0c-80eb-9aed64664243 state=[presentation, {   "renderer": "humanoid",   "model": "survivor",   "scale": 1.0,   "variant": "default" }]
10:43:20 info: BridgeServer[0] Entity state forwarded: 7dtd -> minecraft (update, 524e1209-5e93-4e0c-80eb-9aed64664243)
10:43:20 info: BridgeServer[0] Entity registry: updated, id=524e1209-5e93-4e0c-80eb-9aed64664243, count=1
10:43:20 info: BridgeServer[0] [Presentation] entity=524e1209-5e93-4e0c-80eb-9aed64664243 state=[presentation, {   "renderer": "humanoid",   "model": "survivor",   "scale": 1.0,   "variant": "default" }]
10:43:20 info: BridgeServer[0] Entity state forwarded: 7dtd -> minecraft (update, 524e1209-5e93-4e0c-80eb-9aed64664243)
10:43:21 info: BridgeServer[0] Entity registry: updated, id=524e1209-5e93-4e0c-80eb-9aed64664243, count=1
10:43:21 info: BridgeServer[0] [Presentation] entity=524e1209-5e93-4e0c-80eb-9aed64664243 state=[presentation, {   "renderer": "humanoid",   "model": "survivor",   "scale": 1.0,   "variant": "default" }]
10:43:21 info: BridgeServer[0] Entity state forwarded: 7dtd -> minecraft (update, 524e1209-5e93-4e0c-80eb-9aed64664243)
10:43:21 info: BridgeServer[0] Entity registry: updated, id=524e1209-5e93-4e0c-80eb-9aed64664243, count=1
10:43:21 info: BridgeServer[0] [Presentation] entity=524e1209-5e93-4e0c-80eb-9aed64664243 state=[presentation, {   "renderer": "humanoid",   "model": "survivor",   "scale": 1.0,   "variant": "default" }]
10:43:21 info: BridgeServer[0] Entity state forwarded: 7dtd -> minecraft (update, 524e1209-5e93-4e0c-80eb-9aed64664243)
10:43:22 info: BridgeServer[0] Entity registry: updated, id=524e1209-5e93-4e0c-80eb-9aed64664243, count=1
10:43:22 info: BridgeServer[0] [Presentation] entity=524e1209-5e93-4e0c-80eb-9aed64664243 state=[presentation, {   "renderer": "humanoid",   "model": "survivor",   "scale": 1.0,   "variant": "default" }]
10:43:22 info: BridgeServer[0] Entity state forwarded: 7dtd -> minecraft (update, 524e1209-5e93-4e0c-80eb-9aed64664243)
10:43:22 info: BridgeServer[0] Entity registry: updated, id=524e1209-5e93-4e0c-80eb-9aed64664243, count=1
10:43:22 info: BridgeServer[0] [Presentation] entity=524e1209-5e93-4e0c-80eb-9aed64664243 state=[presentation, {   "renderer": "humanoid",   "model": "survivor",   "scale": 1.0,   "variant": "default" }]
10:43:22 info: BridgeServer[0] Entity state forwarded: 7dtd -> minecraft (update, 524e1209-5e93-4e0c-80eb-9aed64664243)
10:43:23 info: BridgeServer[0] Entity registry: updated, id=524e1209-5e93-4e0c-80eb-9aed64664243, count=1
10:43:23 info: BridgeServer[0] [Presentation] entity=524e1209-5e93-4e0c-80eb-9aed64664243 state=[presentation, {   "renderer": "humanoid",   "model": "survivor",   "scale": 1.0,   "variant": "default" }]
10:43:23 info: BridgeServer[0] Entity state forwarded: 7dtd -> minecraft (update, 524e1209-5e93-4e0c-80eb-9aed64664243)
10:43:23 info: BridgeServer[0] Entity registry: updated, id=524e1209-5e93-4e0c-80eb-9aed64664243, count=1
10:43:23 info: BridgeServer[0] [Presentation] entity=524e1209-5e93-4e0c-80eb-9aed64664243 state=[presentation, {   "renderer": "humanoid",   "model": "survivor",   "scale": 1.0,   "variant": "default" }]
10:43:23 info: BridgeServer[0] Entity state forwarded: 7dtd -> minecraft (update, 524e1209-5e93-4e0c-80eb-9aed64664243)
10:43:24 info: BridgeServer[0] Entity registry: updated, id=524e1209-5e93-4e0c-80eb-9aed64664243, count=1
10:43:24 info: BridgeServer[0] [Presentation] entity=524e1209-5e93-4e0c-80eb-9aed64664243 state=[presentation, {   "renderer": "humanoid",   "model": "survivor",   "scale": 1.0,   "variant": "default" }]
10:43:24 info: BridgeServer[0] Entity state forwarded: 7dtd -> minecraft (update, 524e1209-5e93-4e0c-80eb-9aed64664243)
10:43:24 info: BridgeServer[0] Entity registry: updated, id=524e1209-5e93-4e0c-80eb-9aed64664243, count=1
10:43:24 info: BridgeServer[0] [Presentation] entity=524e1209-5e93-4e0c-80eb-9aed64664243 state=[presentation, {   "renderer": "humanoid",   "model": "survivor",   "scale": 1.0,   "variant": "default" }]
10:43:24 info: BridgeServer[0] Entity state forwarded: 7dtd -> minecraft (update, 524e1209-5e93-4e0c-80eb-9aed64664243)
10:43:25 info: BridgeServer[0] Entity registry: updated, id=524e1209-5e93-4e0c-80eb-9aed64664243, count=1
10:43:25 info: BridgeServer[0] [Presentation] entity=524e1209-5e93-4e0c-80eb-9aed64664243 state=[presentation, {   "renderer": "humanoid",   "model": "survivor",   "scale": 1.0,   "variant": "default" }]
10:43:25 info: BridgeServer[0] Entity state forwarded: 7dtd -> minecraft (update, 524e1209-5e93-4e0c-80eb-9aed64664243)
10:43:25 info: BridgeServer[0] Entity registry: updated, id=524e1209-5e93-4e0c-80eb-9aed64664243, count=1
10:43:25 info: BridgeServer[0] [Presentation] entity=524e1209-5e93-4e0c-80eb-9aed64664243 state=[presentation, {   "renderer": "humanoid",   "model": "survivor",   "scale": 1.0,   "variant": "default" }]
10:43:25 info: BridgeServer[0] Entity state forwarded: 7dtd -> minecraft (update, 524e1209-5e93-4e0c-80eb-9aed64664243)
10:43:26 info: BridgeServer[0] Entity registry: updated, id=524e1209-5e93-4e0c-80eb-9aed64664243, count=1
10:43:26 info: BridgeServer[0] [Presentation] entity=524e1209-5e93-4e0c-80eb-9aed64664243 state=[presentation, {   "renderer": "humanoid",   "model": "survivor",   "scale": 1.0,   "variant": "default" }]
10:43:26 info: BridgeServer[0] Entity state forwarded: 7dtd -> minecraft (update, 524e1209-5e93-4e0c-80eb-9aed64664243)
10:43:26 info: BridgeServer[0] Entity registry: updated, id=524e1209-5e93-4e0c-80eb-9aed64664243, count=1
10:43:26 info: BridgeServer[0] [Presentation] entity=524e1209-5e93-4e0c-80eb-9aed64664243 state=[presentation, {   "renderer": "humanoid",   "model": "survivor",   "scale": 1.0,   "variant": "default" }]
10:43:26 info: BridgeServer[0] Entity state forwarded: 7dtd -> minecraft (update, 524e1209-5e93-4e0c-80eb-9aed64664243)
10:43:27 info: BridgeServer[0] Entity registry: updated, id=524e1209-5e93-4e0c-80eb-9aed64664243, count=1
10:43:27 info: BridgeServer[0] [Presentation] entity=524e1209-5e93-4e0c-80eb-9aed64664243 state=[presentation, {   "renderer": "humanoid",   "model": "survivor",   "scale": 1.0,   "variant": "default" }]
10:43:27 info: BridgeServer[0] Entity state forwarded: 7dtd -> minecraft (update, 524e1209-5e93-4e0c-80eb-9aed64664243)
10:43:27 info: BridgeServer[0] Entity registry: updated, id=524e1209-5e93-4e0c-80eb-9aed64664243, count=1
10:43:27 info: BridgeServer[0] [Presentation] entity=524e1209-5e93-4e0c-80eb-9aed64664243 state=[presentation, {   "renderer": "humanoid",   "model": "survivor",   "scale": 1.0,   "variant": "default" }]
10:43:27 info: BridgeServer[0] Entity state forwarded: 7dtd -> minecraft (update, 524e1209-5e93-4e0c-80eb-9aed64664243)
10:43:28 info: BridgeServer[0] Entity registry: updated, id=524e1209-5e93-4e0c-80eb-9aed64664243, count=1
10:43:28 info: BridgeServer[0] [Presentation] entity=524e1209-5e93-4e0c-80eb-9aed64664243 state=[presentation, {   "renderer": "humanoid",   "model": "survivor",   "scale": 1.0,   "variant": "default" }]
10:43:28 info: BridgeServer[0] Entity state forwarded: 7dtd -> minecraft (update, 524e1209-5e93-4e0c-80eb-9aed64664243)
10:43:28 info: BridgeServer[0] Entity registry: updated, id=524e1209-5e93-4e0c-80eb-9aed64664243, count=1
10:43:28 info: BridgeServer[0] [Presentation] entity=524e1209-5e93-4e0c-80eb-9aed64664243 state=[presentation, {   "renderer": "humanoid",   "model": "survivor",   "scale": 1.0,   "variant": "default" }]
10:43:28 info: BridgeServer[0] Entity state forwarded: 7dtd -> minecraft (update, 524e1209-5e93-4e0c-80eb-9aed64664243)
10:43:29 info: BridgeServer[0] Entity registry: updated, id=524e1209-5e93-4e0c-80eb-9aed64664243, count=1
10:43:29 info: BridgeServer[0] [Presentation] entity=524e1209-5e93-4e0c-80eb-9aed64664243 state=[presentation, {   "renderer": "humanoid",   "model": "survivor",   "scale": 1.0,   "variant": "default" }]
10:43:29 info: BridgeServer[0] Entity state forwarded: 7dtd -> minecraft (update, 524e1209-5e93-4e0c-80eb-9aed64664243)
10:43:29 info: BridgeServer[0] Entity registry: updated, id=524e1209-5e93-4e0c-80eb-9aed64664243, count=1
10:43:29 info: BridgeServer[0] [Presentation] entity=524e1209-5e93-4e0c-80eb-9aed64664243 state=[presentation, {   "renderer": "humanoid",   "model": "survivor",   "scale": 1.0,   "variant": "default" }]
10:43:29 info: BridgeServer[0] Entity state forwarded: 7dtd -> minecraft (update, 524e1209-5e93-4e0c-80eb-9aed64664243)
10:43:29 warn: BridgeServer[0] Health component rejected: unsupported_component
10:43:30 info: BridgeServer[0] Entity registry: updated, id=524e1209-5e93-4e0c-80eb-9aed64664243, count=1
10:43:30 info: BridgeServer[0] [Presentation] entity=524e1209-5e93-4e0c-80eb-9aed64664243 state=[presentation, {   "renderer": "humanoid",   "model": "survivor",   "scale": 1.0,   "variant": "default" }]
10:43:30 info: BridgeServer[0] Entity state forwarded: 7dtd -> minecraft (update, 524e1209-5e93-4e0c-80eb-9aed64664243)
10:43:30 info: BridgeServer[0] Entity registry: updated, id=524e1209-5e93-4e0c-80eb-9aed64664243, count=1
10:43:30 info: BridgeServer[0] [Presentation] entity=524e1209-5e93-4e0c-80eb-9aed64664243 state=[presentation, {   "renderer": "humanoid",   "model": "survivor",   "scale": 1.0,   "variant": "default" }]
10:43:30 info: BridgeServer[0] Entity state forwarded: 7dtd -> minecraft (update, 524e1209-5e93-4e0c-80eb-9aed64664243)
10:43:31 info: BridgeServer[0] Entity registry: updated, id=524e1209-5e93-4e0c-80eb-9aed64664243, count=1
10:43:31 info: BridgeServer[0] [Presentation] entity=524e1209-5e93-4e0c-80eb-9aed64664243 state=[presentation, {   "renderer": "humanoid",   "model": "survivor",   "scale": 1.0,   "variant": "default" }]
10:43:31 info: BridgeServer[0] Entity state forwarded: 7dtd -> minecraft (update, 524e1209-5e93-4e0c-80eb-9aed64664243)
10:43:31 info: BridgeServer[0] Entity registry: updated, id=524e1209-5e93-4e0c-80eb-9aed64664243, count=1
10:43:31 info: BridgeServer[0] [Presentation] entity=524e1209-5e93-4e0c-80eb-9aed64664243 state=[presentation, {   "renderer": "humanoid",   "model": "survivor",   "scale": 1.0,   "variant": "default" }]
10:43:31 info: BridgeServer[0] Entity state forwarded: 7dtd -> minecraft (update, 524e1209-5e93-4e0c-80eb-9aed64664243)
10:43:31 warn: BridgeServer[0] Health component rejected: unsupported_component
10:43:32 info: BridgeServer[0] Entity registry: updated, id=524e1209-5e93-4e0c-80eb-9aed64664243, count=1
10:43:32 info: BridgeServer[0] [Presentation] entity=524e1209-5e93-4e0c-80eb-9aed64664243 state=[presentation, {   "renderer": "humanoid",   "model": "survivor",   "scale": 1.0,   "variant": "default" }]
10:43:32 info: BridgeServer[0] Entity state forwarded: 7dtd -> minecraft (update, 524e1209-5e93-4e0c-80eb-9aed64664243)
10:43:32 info: BridgeServer[0] Entity registry: updated, id=524e1209-5e93-4e0c-80eb-9aed64664243, count=1
10:43:32 info: BridgeServer[0] [Presentation] entity=524e1209-5e93-4e0c-80eb-9aed64664243 state=[presentation, {   "renderer": "humanoid",   "model": "survivor",   "scale": 1.0,   "variant": "default" }]
10:43:32 info: BridgeServer[0] Entity state forwarded: 7dtd -> minecraft (update, 524e1209-5e93-4e0c-80eb-9aed64664243)
10:43:33 info: BridgeServer[0] Entity registry: updated, id=524e1209-5e93-4e0c-80eb-9aed64664243, count=1
10:43:33 info: BridgeServer[0] [Presentation] entity=524e1209-5e93-4e0c-80eb-9aed64664243 state=[presentation, {   "renderer": "humanoid",   "model": "survivor",   "scale": 1.0,   "variant": "default" }]
10:43:33 info: BridgeServer[0] Entity state forwarded: 7dtd -> minecraft (update, 524e1209-5e93-4e0c-80eb-9aed64664243)
10:43:33 warn: BridgeServer[0] Health component rejected: unsupported_component
10:43:33 info: BridgeServer[0] Entity registry: updated, id=524e1209-5e93-4e0c-80eb-9aed64664243, count=1
10:43:33 info: BridgeServer[0] [Presentation] entity=524e1209-5e93-4e0c-80eb-9aed64664243 state=[presentation, {   "renderer": "humanoid",   "model": "survivor",   "scale": 1.0,   "variant": "default" }]
10:43:33 info: BridgeServer[0] Entity state forwarded: 7dtd -> minecraft (update, 524e1209-5e93-4e0c-80eb-9aed64664243)
10:43:34 info: BridgeServer[0] Entity registry: updated, id=524e1209-5e93-4e0c-80eb-9aed64664243, count=1
10:43:34 info: BridgeServer[0] [Presentation] entity=524e1209-5e93-4e0c-80eb-9aed64664243 state=[presentation, {   "renderer": "humanoid",   "model": "survivor",   "scale": 1.0,   "variant": "default" }]
10:43:34 info: BridgeServer[0] Entity state forwarded: 7dtd -> minecraft (update, 524e1209-5e93-4e0c-80eb-9aed64664243)
10:43:34 info: BridgeServer[0] Entity registry: updated, id=524e1209-5e93-4e0c-80eb-9aed64664243, count=1
10:43:34 info: BridgeServer[0] [Presentation] entity=524e1209-5e93-4e0c-80eb-9aed64664243 state=[presentation, {   "renderer": "humanoid",   "model": "survivor",   "scale": 1.0,   "variant": "default" }]
10:43:34 info: BridgeServer[0] Entity state forwarded: 7dtd -> minecraft (update, 524e1209-5e93-4e0c-80eb-9aed64664243)
10:43:35 info: BridgeServer[0] Entity registry: updated, id=524e1209-5e93-4e0c-80eb-9aed64664243, count=1
10:43:35 info: BridgeServer[0] [Presentation] entity=524e1209-5e93-4e0c-80eb-9aed64664243 state=[presentation, {   "renderer": "humanoid",   "model": "survivor",   "scale": 1.0,   "variant": "default" }]
10:43:35 info: BridgeServer[0] Entity state forwarded: 7dtd -> minecraft (update, 524e1209-5e93-4e0c-80eb-9aed64664243)
10:43:35 info: BridgeServer[0] Entity registry: updated, id=524e1209-5e93-4e0c-80eb-9aed64664243, count=1
10:43:35 info: BridgeServer[0] [Presentation] entity=524e1209-5e93-4e0c-80eb-9aed64664243 state=[presentation, {   "renderer": "humanoid",   "model": "survivor",   "scale": 1.0,   "variant": "default" }]
10:43:35 info: BridgeServer[0] Entity state forwarded: 7dtd -> minecraft (update, 524e1209-5e93-4e0c-80eb-9aed64664243)
10:43:36 info: BridgeServer[0] Entity registry: updated, id=524e1209-5e93-4e0c-80eb-9aed64664243, count=1
10:43:36 info: BridgeServer[0] [Presentation] entity=524e1209-5e93-4e0c-80eb-9aed64664243 state=[presentation, {   "renderer": "humanoid",   "model": "survivor",   "scale": 1.0,   "variant": "default" }]
10:43:36 info: BridgeServer[0] Entity state forwarded: 7dtd -> minecraft (update, 524e1209-5e93-4e0c-80eb-9aed64664243)
10:43:36 info: BridgeServer[0] Entity registry: updated, id=524e1209-5e93-4e0c-80eb-9aed64664243, count=1
10:43:36 info: BridgeServer[0] [Presentation] entity=524e1209-5e93-4e0c-80eb-9aed64664243 state=[presentation, {   "renderer": "humanoid",   "model": "survivor",   "scale": 1.0,   "variant": "default" }]
10:43:36 info: BridgeServer[0] Entity state forwarded: 7dtd -> minecraft (update, 524e1209-5e93-4e0c-80eb-9aed64664243)
10:43:37 info: BridgeServer[0] Entity registry: updated, id=524e1209-5e93-4e0c-80eb-9aed64664243, count=1
10:43:37 info: BridgeServer[0] [Presentation] entity=524e1209-5e93-4e0c-80eb-9aed64664243 state=[presentation, {   "renderer": "humanoid",   "model": "survivor",   "scale": 1.0,   "variant": "default" }]
10:43:37 info: BridgeServer[0] Entity state forwarded: 7dtd -> minecraft (update, 524e1209-5e93-4e0c-80eb-9aed64664243)
10:43:37 info: BridgeServer[0] Entity registry: updated, id=524e1209-5e93-4e0c-80eb-9aed64664243, count=1
10:43:37 info: BridgeServer[0] [Presentation] entity=524e1209-5e93-4e0c-80eb-9aed64664243 state=[presentation, {   "renderer": "humanoid",   "model": "survivor",   "scale": 1.0,   "variant": "default" }]
10:43:37 info: BridgeServer[0] Entity state forwarded: 7dtd -> minecraft (update, 524e1209-5e93-4e0c-80eb-9aed64664243)
10:43:38 info: BridgeServer[0] Entity registry: updated, id=524e1209-5e93-4e0c-80eb-9aed64664243, count=1
10:43:38 info: BridgeServer[0] [Presentation] entity=524e1209-5e93-4e0c-80eb-9aed64664243 state=[presentation, {   "renderer": "humanoid",   "model": "survivor",   "scale": 1.0,   "variant": "default" }]
10:43:38 info: BridgeServer[0] Entity state forwarded: 7dtd -> minecraft (update, 524e1209-5e93-4e0c-80eb-9aed64664243)
10:43:38 info: BridgeServer[0] Entity registry: updated, id=524e1209-5e93-4e0c-80eb-9aed64664243, count=1
10:43:38 info: BridgeServer[0] [Presentation] entity=524e1209-5e93-4e0c-80eb-9aed64664243 state=[presentation, {   "renderer": "humanoid",   "model": "survivor",   "scale": 1.0,   "variant": "default" }]
10:43:38 info: BridgeServer[0] Entity state forwarded: 7dtd -> minecraft (update, 524e1209-5e93-4e0c-80eb-9aed64664243)
10:43:39 info: BridgeServer[0] Entity registry: updated, id=524e1209-5e93-4e0c-80eb-9aed64664243, count=1
10:43:39 info: BridgeServer[0] [Presentation] entity=524e1209-5e93-4e0c-80eb-9aed64664243 state=[presentation, {   "renderer": "humanoid",   "model": "survivor",   "scale": 1.0,   "variant": "default" }]
10:43:39 info: BridgeServer[0] Entity state forwarded: 7dtd -> minecraft (update, 524e1209-5e93-4e0c-80eb-9aed64664243)
10:43:39 info: BridgeServer[0] Entity registry: updated, id=524e1209-5e93-4e0c-80eb-9aed64664243, count=1
10:43:39 info: BridgeServer[0] [Presentation] entity=524e1209-5e93-4e0c-80eb-9aed64664243 state=[presentation, {   "renderer": "humanoid",   "model": "survivor",   "scale": 1.0,   "variant": "default" }]
10:43:39 info: BridgeServer[0] Entity state forwarded: 7dtd -> minecraft (update, 524e1209-5e93-4e0c-80eb-9aed64664243)
10:43:40 info: BridgeServer[0] Entity registry: updated, id=524e1209-5e93-4e0c-80eb-9aed64664243, count=1
10:43:40 info: BridgeServer[0] [Presentation] entity=524e1209-5e93-4e0c-80eb-9aed64664243 state=[presentation, {   "renderer": "humanoid",   "model": "survivor",   "scale": 1.0,   "variant": "default" }]
10:43:40 info: BridgeServer[0] Entity state forwarded: 7dtd -> minecraft (update, 524e1209-5e93-4e0c-80eb-9aed64664243)
10:43:40 info: BridgeServer[0] Entity registry: updated, id=524e1209-5e93-4e0c-80eb-9aed64664243, count=1
10:43:40 info: BridgeServer[0] [Presentation] entity=524e1209-5e93-4e0c-80eb-9aed64664243 state=[presentation, {   "renderer": "humanoid",   "model": "survivor",   "scale": 1.0,   "variant": "default" }]
10:43:40 info: BridgeServer[0] Entity state forwarded: 7dtd -> minecraft (update, 524e1209-5e93-4e0c-80eb-9aed64664243)
10:43:41 info: BridgeServer[0] Entity registry: updated, id=524e1209-5e93-4e0c-80eb-9aed64664243, count=1
10:43:41 info: BridgeServer[0] [Presentation] entity=524e1209-5e93-4e0c-80eb-9aed64664243 state=[presentation, {   "renderer": "humanoid",   "model": "survivor",   "scale": 1.0,   "variant": "default" }]
10:43:41 info: BridgeServer[0] Entity state forwarded: 7dtd -> minecraft (update, 524e1209-5e93-4e0c-80eb-9aed64664243)
10:43:41 info: BridgeServer[0] Entity registry: updated, id=524e1209-5e93-4e0c-80eb-9aed64664243, count=1
10:43:41 info: BridgeServer[0] [Presentation] entity=524e1209-5e93-4e0c-80eb-9aed64664243 state=[presentation, {   "renderer": "humanoid",   "model": "survivor",   "scale": 1.0,   "variant": "default" }]
10:43:41 info: BridgeServer[0] Entity state forwarded: 7dtd -> minecraft (update, 524e1209-5e93-4e0c-80eb-9aed64664243)
10:43:42 info: BridgeServer[0] Entity registry: updated, id=524e1209-5e93-4e0c-80eb-9aed64664243, count=1
10:43:42 info: BridgeServer[0] [Presentation] entity=524e1209-5e93-4e0c-80eb-9aed64664243 state=[presentation, {   "renderer": "humanoid",   "model": "survivor",   "scale": 1.0,   "variant": "default" }]
10:43:42 info: BridgeServer[0] Entity state forwarded: 7dtd -> minecraft (update, 524e1209-5e93-4e0c-80eb-9aed64664243)
10:43:42 info: BridgeServer[0] Entity registry: updated, id=524e1209-5e93-4e0c-80eb-9aed64664243, count=1
10:43:42 info: BridgeServer[0] [Presentation] entity=524e1209-5e93-4e0c-80eb-9aed64664243 state=[presentation, {   "renderer": "humanoid",   "model": "survivor",   "scale": 1.0,   "variant": "default" }]
10:43:42 info: BridgeServer[0] Entity state forwarded: 7dtd -> minecraft (update, 524e1209-5e93-4e0c-80eb-9aed64664243)
10:43:43 info: BridgeServer[0] Entity registry: updated, id=524e1209-5e93-4e0c-80eb-9aed64664243, count=1
10:43:43 info: BridgeServer[0] [Presentation] entity=524e1209-5e93-4e0c-80eb-9aed64664243 state=[presentation, {   "renderer": "humanoid",   "model": "survivor",   "scale": 1.0,   "variant": "default" }]
10:43:43 info: BridgeServer[0] Entity state forwarded: 7dtd -> minecraft (update, 524e1209-5e93-4e0c-80eb-9aed64664243)
10:43:43 info: BridgeServer[0] Entity registry: updated, id=524e1209-5e93-4e0c-80eb-9aed64664243, count=1
10:43:43 info: BridgeServer[0] [Presentation] entity=524e1209-5e93-4e0c-80eb-9aed64664243 state=[presentation, {   "renderer": "humanoid",   "model": "survivor",   "scale": 1.0,   "variant": "default" }]
10:43:43 info: BridgeServer[0] Entity state forwarded: 7dtd -> minecraft (update, 524e1209-5e93-4e0c-80eb-9aed64664243)
10:43:44 info: BridgeServer[0] Entity registry: updated, id=524e1209-5e93-4e0c-80eb-9aed64664243, count=1
10:43:44 info: BridgeServer[0] [Presentation] entity=524e1209-5e93-4e0c-80eb-9aed64664243 state=[presentation, {   "renderer": "humanoid",   "model": "survivor",   "scale": 1.0,   "variant": "default" }]
10:43:44 info: BridgeServer[0] Entity state forwarded: 7dtd -> minecraft (update, 524e1209-5e93-4e0c-80eb-9aed64664243)
10:43:44 info: BridgeServer[0] Entity registry: updated, id=524e1209-5e93-4e0c-80eb-9aed64664243, count=1
10:43:44 info: BridgeServer[0] [Presentation] entity=524e1209-5e93-4e0c-80eb-9aed64664243 state=[presentation, {   "renderer": "humanoid",   "model": "survivor",   "scale": 1.0,   "variant": "default" }]
10:43:44 info: BridgeServer[0] Entity state forwarded: 7dtd -> minecraft (update, 524e1209-5e93-4e0c-80eb-9aed64664243)
10:43:45 info: BridgeServer[0] Entity registry: updated, id=524e1209-5e93-4e0c-80eb-9aed64664243, count=1
10:43:45 info: BridgeServer[0] [Presentation] entity=524e1209-5e93-4e0c-80eb-9aed64664243 state=[presentation, {   "renderer": "humanoid",   "model": "survivor",   "scale": 1.0,   "variant": "default" }]
10:43:45 info: BridgeServer[0] Entity state forwarded: 7dtd -> minecraft (update, 524e1209-5e93-4e0c-80eb-9aed64664243)
10:43:45 info: BridgeServer[0] Entity registry: updated, id=524e1209-5e93-4e0c-80eb-9aed64664243, count=1
10:43:45 info: BridgeServer[0] [Presentation] entity=524e1209-5e93-4e0c-80eb-9aed64664243 state=[presentation, {   "renderer": "humanoid",   "model": "survivor",   "scale": 1.0,   "variant": "default" }]
10:43:45 info: BridgeServer[0] Entity state forwarded: 7dtd -> minecraft (update, 524e1209-5e93-4e0c-80eb-9aed64664243)
10:43:46 info: BridgeServer[0] Entity registry: updated, id=524e1209-5e93-4e0c-80eb-9aed64664243, count=1
10:43:46 info: BridgeServer[0] [Presentation] entity=524e1209-5e93-4e0c-80eb-9aed64664243 state=[presentation, {   "renderer": "humanoid",   "model": "survivor",   "scale": 1.0,   "variant": "default" }]
10:43:46 info: BridgeServer[0] Entity state forwarded: 7dtd -> minecraft (update, 524e1209-5e93-4e0c-80eb-9aed64664243)
10:43:46 info: BridgeServer[0] Entity registry: updated, id=524e1209-5e93-4e0c-80eb-9aed64664243, count=1
10:43:46 info: BridgeServer[0] [Presentation] entity=524e1209-5e93-4e0c-80eb-9aed64664243 state=[presentation, {   "renderer": "humanoid",   "model": "survivor",   "scale": 1.0,   "variant": "default" }]
10:43:46 info: BridgeServer[0] Entity state forwarded: 7dtd -> minecraft (update, 524e1209-5e93-4e0c-80eb-9aed64664243)
10:43:47 info: BridgeServer[0] Entity registry: updated, id=524e1209-5e93-4e0c-80eb-9aed64664243, count=1
10:43:47 info: BridgeServer[0] [Presentation] entity=524e1209-5e93-4e0c-80eb-9aed64664243 state=[presentation, {   "renderer": "humanoid",   "model": "survivor",   "scale": 1.0,   "variant": "default" }]
10:43:47 info: BridgeServer[0] Entity state forwarded: 7dtd -> minecraft (update, 524e1209-5e93-4e0c-80eb-9aed64664243)
10:43:47 info: BridgeServer[0] Entity registry: updated, id=524e1209-5e93-4e0c-80eb-9aed64664243, count=1
10:43:47 info: BridgeServer[0] [Presentation] entity=524e1209-5e93-4e0c-80eb-9aed64664243 state=[presentation, {   "renderer": "humanoid",   "model": "survivor",   "scale": 1.0,   "variant": "default" }]
10:43:47 info: BridgeServer[0] Entity state forwarded: 7dtd -> minecraft (update, 524e1209-5e93-4e0c-80eb-9aed64664243)
10:43:48 info: BridgeServer[0] Entity registry: updated, id=524e1209-5e93-4e0c-80eb-9aed64664243, count=1
10:43:48 info: BridgeServer[0] [Presentation] entity=524e1209-5e93-4e0c-80eb-9aed64664243 state=[presentation, {   "renderer": "humanoid",   "model": "survivor",   "scale": 1.0,   "variant": "default" }]
10:43:48 info: BridgeServer[0] Entity state forwarded: 7dtd -> minecraft (update, 524e1209-5e93-4e0c-80eb-9aed64664243)
10:43:48 info: BridgeServer[0] Entity registry: updated, id=524e1209-5e93-4e0c-80eb-9aed64664243, count=1
10:43:48 info: BridgeServer[0] [Presentation] entity=524e1209-5e93-4e0c-80eb-9aed64664243 state=[presentation, {   "renderer": "humanoid",   "model": "survivor",   "scale": 1.0,   "variant": "default" }]
10:43:48 info: BridgeServer[0] Entity state forwarded: 7dtd -> minecraft (update, 524e1209-5e93-4e0c-80eb-9aed64664243)
10:43:49 info: BridgeServer[0] Entity registry: updated, id=524e1209-5e93-4e0c-80eb-9aed64664243, count=1
10:43:49 info: BridgeServer[0] [Presentation] entity=524e1209-5e93-4e0c-80eb-9aed64664243 state=[presentation, {   "renderer": "humanoid",   "model": "survivor",   "scale": 1.0,   "variant": "default" }]
10:43:49 info: BridgeServer[0] Entity state forwarded: 7dtd -> minecraft (update, 524e1209-5e93-4e0c-80eb-9aed64664243)
10:43:49 info: BridgeServer[0] Entity registry: updated, id=524e1209-5e93-4e0c-80eb-9aed64664243, count=1
10:43:49 info: BridgeServer[0] [Presentation] entity=524e1209-5e93-4e0c-80eb-9aed64664243 state=[presentation, {   "renderer": "humanoid",   "model": "survivor",   "scale": 1.0,   "variant": "default" }]
10:43:49 info: BridgeServer[0] Entity state forwarded: 7dtd -> minecraft (update, 524e1209-5e93-4e0c-80eb-9aed64664243)
10:43:50 info: BridgeServer[0] Entity registry: updated, id=524e1209-5e93-4e0c-80eb-9aed64664243, count=1
10:43:50 info: BridgeServer[0] [Presentation] entity=524e1209-5e93-4e0c-80eb-9aed64664243 state=[presentation, {   "renderer": "humanoid",   "model": "survivor",   "scale": 1.0,   "variant": "default" }]
10:43:50 info: BridgeServer[0] Entity state forwarded: 7dtd -> minecraft (update, 524e1209-5e93-4e0c-80eb-9aed64664243)
10:43:50 info: BridgeServer[0] Entity registry: updated, id=524e1209-5e93-4e0c-80eb-9aed64664243, count=1
10:43:50 info: BridgeServer[0] [Presentation] entity=524e1209-5e93-4e0c-80eb-9aed64664243 state=[presentation, {   "renderer": "humanoid",   "model": "survivor",   "scale": 1.0,   "variant": "default" }]
10:43:50 info: BridgeServer[0] Entity state forwarded: 7dtd -> minecraft (update, 524e1209-5e93-4e0c-80eb-9aed64664243)
10:43:51 info: BridgeServer[0] Entity registry: updated, id=524e1209-5e93-4e0c-80eb-9aed64664243, count=1
10:43:51 info: BridgeServer[0] [Presentation] entity=524e1209-5e93-4e0c-80eb-9aed64664243 state=[presentation, {   "renderer": "humanoid",   "model": "survivor",   "scale": 1.0,   "variant": "default" }]
10:43:51 info: BridgeServer[0] Entity state forwarded: 7dtd -> minecraft (update, 524e1209-5e93-4e0c-80eb-9aed64664243)
10:43:51 info: BridgeServer[0] Entity registry: updated, id=524e1209-5e93-4e0c-80eb-9aed64664243, count=1
10:43:51 info: BridgeServer[0] [Presentation] entity=524e1209-5e93-4e0c-80eb-9aed64664243 state=[presentation, {   "renderer": "humanoid",   "model": "survivor",   "scale": 1.0,   "variant": "default" }]
10:43:51 info: BridgeServer[0] Entity state forwarded: 7dtd -> minecraft (update, 524e1209-5e93-4e0c-80eb-9aed64664243)
10:43:52 info: BridgeServer[0] Entity registry: updated, id=524e1209-5e93-4e0c-80eb-9aed64664243, count=1
10:43:52 info: BridgeServer[0] [Presentation] entity=524e1209-5e93-4e0c-80eb-9aed64664243 state=[presentation, {   "renderer": "humanoid",   "model": "survivor",   "scale": 1.0,   "variant": "default" }]
10:43:52 info: BridgeServer[0] Entity state forwarded: 7dtd -> minecraft (update, 524e1209-5e93-4e0c-80eb-9aed64664243)
10:43:52 info: BridgeServer[0] Entity registry: updated, id=524e1209-5e93-4e0c-80eb-9aed64664243, count=1
10:43:52 info: BridgeServer[0] [Presentation] entity=524e1209-5e93-4e0c-80eb-9aed64664243 state=[presentation, {   "renderer": "humanoid",   "model": "survivor",   "scale": 1.0,   "variant": "default" }]
10:43:52 info: BridgeServer[0] Entity state forwarded: 7dtd -> minecraft (update, 524e1209-5e93-4e0c-80eb-9aed64664243)
10:43:53 info: BridgeServer[0] Entity registry: updated, id=524e1209-5e93-4e0c-80eb-9aed64664243, count=1
10:43:53 info: BridgeServer[0] [Presentation] entity=524e1209-5e93-4e0c-80eb-9aed64664243 state=[presentation, {   "renderer": "humanoid",   "model": "survivor",   "scale": 1.0,   "variant": "default" }]
10:43:53 info: BridgeServer[0] Entity state forwarded: 7dtd -> minecraft (update, 524e1209-5e93-4e0c-80eb-9aed64664243)
10:43:53 info: BridgeServer[0] Entity registry: updated, id=524e1209-5e93-4e0c-80eb-9aed64664243, count=1
10:43:53 info: BridgeServer[0] [Presentation] entity=524e1209-5e93-4e0c-80eb-9aed64664243 state=[presentation, {   "renderer": "humanoid",   "model": "survivor",   "scale": 1.0,   "variant": "default" }]
10:43:53 info: BridgeServer[0] Entity state forwarded: 7dtd -> minecraft (update, 524e1209-5e93-4e0c-80eb-9aed64664243)
10:43:54 info: BridgeServer[0] Entity registry: updated, id=524e1209-5e93-4e0c-80eb-9aed64664243, count=1
10:43:54 info: BridgeServer[0] [Presentation] entity=524e1209-5e93-4e0c-80eb-9aed64664243 state=[presentation, {   "renderer": "humanoid",   "model": "survivor",   "scale": 1.0,   "variant": "default" }]
10:43:54 info: BridgeServer[0] Entity state forwarded: 7dtd -> minecraft (update, 524e1209-5e93-4e0c-80eb-9aed64664243)
10:43:54 info: BridgeServer[0] Entity registry: updated, id=524e1209-5e93-4e0c-80eb-9aed64664243, count=1
10:43:54 info: BridgeServer[0] [Presentation] entity=524e1209-5e93-4e0c-80eb-9aed64664243 state=[presentation, {   "renderer": "humanoid",   "model": "survivor",   "scale": 1.0,   "variant": "default" }]
10:43:54 info: BridgeServer[0] Entity state forwarded: 7dtd -> minecraft (update, 524e1209-5e93-4e0c-80eb-9aed64664243)
10:43:55 info: BridgeServer[0] Entity registry: updated, id=524e1209-5e93-4e0c-80eb-9aed64664243, count=1
10:43:55 info: BridgeServer[0] [Presentation] entity=524e1209-5e93-4e0c-80eb-9aed64664243 state=[presentation, {   "renderer": "humanoid",   "model": "survivor",   "scale": 1.0,   "variant": "default" }]
10:43:55 info: BridgeServer[0] Entity state forwarded: 7dtd -> minecraft (update, 524e1209-5e93-4e0c-80eb-9aed64664243)
10:43:55 info: BridgeServer[0] Entity registry: updated, id=524e1209-5e93-4e0c-80eb-9aed64664243, count=1
10:43:55 info: BridgeServer[0] [Presentation] entity=524e1209-5e93-4e0c-80eb-9aed64664243 state=[presentation, {   "renderer": "humanoid",   "model": "survivor",   "scale": 1.0,   "variant": "default" }]
10:43:55 info: BridgeServer[0] Entity state forwarded: 7dtd -> minecraft (update, 524e1209-5e93-4e0c-80eb-9aed64664243)
10:43:56 info: BridgeServer[0] Entity registry: updated, id=524e1209-5e93-4e0c-80eb-9aed64664243, count=1
10:43:56 info: BridgeServer[0] [Presentation] entity=524e1209-5e93-4e0c-80eb-9aed64664243 state=[presentation, {   "renderer": "humanoid",   "model": "survivor",   "scale": 1.0,   "variant": "default" }]
10:43:56 info: BridgeServer[0] Entity state forwarded: 7dtd -> minecraft (update, 524e1209-5e93-4e0c-80eb-9aed64664243)
10:43:56 info: BridgeServer[0] Entity registry: updated, id=524e1209-5e93-4e0c-80eb-9aed64664243, count=1
10:43:56 info: BridgeServer[0] [Presentation] entity=524e1209-5e93-4e0c-80eb-9aed64664243 state=[presentation, {   "renderer": "humanoid",   "model": "survivor",   "scale": 1.0,   "variant": "default" }]
10:43:56 info: BridgeServer[0] Entity state forwarded: 7dtd -> minecraft (update, 524e1209-5e93-4e0c-80eb-9aed64664243)
10:43:57 info: BridgeServer[0] Entity registry: updated, id=524e1209-5e93-4e0c-80eb-9aed64664243, count=1
10:43:57 info: BridgeServer[0] [Presentation] entity=524e1209-5e93-4e0c-80eb-9aed64664243 state=[presentation, {   "renderer": "humanoid",   "model": "survivor",   "scale": 1.0,   "variant": "default" }]
10:43:57 info: BridgeServer[0] Entity state forwarded: 7dtd -> minecraft (update, 524e1209-5e93-4e0c-80eb-9aed64664243)
10:43:57 info: BridgeServer[0] Entity registry: updated, id=524e1209-5e93-4e0c-80eb-9aed64664243, count=1
10:43:57 info: BridgeServer[0] [Presentation] entity=524e1209-5e93-4e0c-80eb-9aed64664243 state=[presentation, {   "renderer": "humanoid",   "model": "survivor",   "scale": 1.0,   "variant": "default" }]
10:43:57 info: BridgeServer[0] Entity state forwarded: 7dtd -> minecraft (update, 524e1209-5e93-4e0c-80eb-9aed64664243)
10:43:58 info: BridgeServer[0] Entity registry: updated, id=524e1209-5e93-4e0c-80eb-9aed64664243, count=1
10:43:58 info: BridgeServer[0] [Presentation] entity=524e1209-5e93-4e0c-80eb-9aed64664243 state=[presentation, {   "renderer": "humanoid",   "model": "survivor",   "scale": 1.0,   "variant": "default" }]
10:43:58 info: BridgeServer[0] Entity state forwarded: 7dtd -> minecraft (update, 524e1209-5e93-4e0c-80eb-9aed64664243)
10:43:58 info: BridgeServer[0] Entity registry: updated, id=524e1209-5e93-4e0c-80eb-9aed64664243, count=1
10:43:58 info: BridgeServer[0] [Presentation] entity=524e1209-5e93-4e0c-80eb-9aed64664243 state=[presentation, {   "renderer": "humanoid",   "model": "survivor",   "scale": 1.0,   "variant": "default" }]
10:43:58 info: BridgeServer[0] Entity state forwarded: 7dtd -> minecraft (update, 524e1209-5e93-4e0c-80eb-9aed64664243)
10:43:59 info: BridgeServer[0] Entity registry: updated, id=524e1209-5e93-4e0c-80eb-9aed64664243, count=1
10:43:59 info: BridgeServer[0] [Presentation] entity=524e1209-5e93-4e0c-80eb-9aed64664243 state=[presentation, {   "renderer": "humanoid",   "model": "survivor",   "scale": 1.0,   "variant": "default" }]
10:43:59 info: BridgeServer[0] Entity state forwarded: 7dtd -> minecraft (update, 524e1209-5e93-4e0c-80eb-9aed64664243)
10:43:59 info: BridgeServer[0] Entity registry: updated, id=524e1209-5e93-4e0c-80eb-9aed64664243, count=1
10:43:59 info: BridgeServer[0] [Presentation] entity=524e1209-5e93-4e0c-80eb-9aed64664243 state=[presentation, {   "renderer": "humanoid",   "model": "survivor",   "scale": 1.0,   "variant": "default" }]
10:43:59 info: BridgeServer[0] Entity state forwarded: 7dtd -> minecraft (update, 524e1209-5e93-4e0c-80eb-9aed64664243)
10:44:00 info: BridgeServer[0] Entity registry: updated, id=524e1209-5e93-4e0c-80eb-9aed64664243, count=1
10:44:00 info: BridgeServer[0] [Presentation] entity=524e1209-5e93-4e0c-80eb-9aed64664243 state=[presentation, {   "renderer": "humanoid",   "model": "survivor",   "scale": 1.0,   "variant": "default" }]
10:44:00 info: BridgeServer[0] Entity state forwarded: 7dtd -> minecraft (update, 524e1209-5e93-4e0c-80eb-9aed64664243)
10:44:00 info: BridgeServer[0] Entity registry: updated, id=524e1209-5e93-4e0c-80eb-9aed64664243, count=1
10:44:00 info: BridgeServer[0] [Presentation] entity=524e1209-5e93-4e0c-80eb-9aed64664243 state=[presentation, {   "renderer": "humanoid",   "model": "survivor",   "scale": 1.0,   "variant": "default" }]
10:44:00 info: BridgeServer[0] Entity state forwarded: 7dtd -> minecraft (update, 524e1209-5e93-4e0c-80eb-9aed64664243)
10:44:01 info: BridgeServer[0] Entity registry: updated, id=524e1209-5e93-4e0c-80eb-9aed64664243, count=1
10:44:01 info: BridgeServer[0] [Presentation] entity=524e1209-5e93-4e0c-80eb-9aed64664243 state=[presentation, {   "renderer": "humanoid",   "model": "survivor",   "scale": 1.0,   "variant": "default" }]
10:44:01 info: BridgeServer[0] Entity state forwarded: 7dtd -> minecraft (update, 524e1209-5e93-4e0c-80eb-9aed64664243)
10:44:01 info: BridgeServer[0] Entity registry: updated, id=524e1209-5e93-4e0c-80eb-9aed64664243, count=1
10:44:01 info: BridgeServer[0] [Presentation] entity=524e1209-5e93-4e0c-80eb-9aed64664243 state=[presentation, {   "renderer": "humanoid",   "model": "survivor",   "scale": 1.0,   "variant": "default" }]
10:44:01 info: BridgeServer[0] Entity state forwarded: 7dtd -> minecraft (update, 524e1209-5e93-4e0c-80eb-9aed64664243)
10:44:02 info: BridgeServer[0] Entity registry: updated, id=524e1209-5e93-4e0c-80eb-9aed64664243, count=1
10:44:02 info: BridgeServer[0] [Presentation] entity=524e1209-5e93-4e0c-80eb-9aed64664243 state=[presentation, {   "renderer": "humanoid",   "model": "survivor",   "scale": 1.0,   "variant": "default" }]
10:44:02 info: BridgeServer[0] Entity state forwarded: 7dtd -> minecraft (update, 524e1209-5e93-4e0c-80eb-9aed64664243)
10:44:02 info: BridgeServer[0] Entity registry: updated, id=524e1209-5e93-4e0c-80eb-9aed64664243, count=1
10:44:02 info: BridgeServer[0] [Presentation] entity=524e1209-5e93-4e0c-80eb-9aed64664243 state=[presentation, {   "renderer": "humanoid",   "model": "survivor",   "scale": 1.0,   "variant": "default" }]
10:44:02 info: BridgeServer[0] Entity state forwarded: 7dtd -> minecraft (update, 524e1209-5e93-4e0c-80eb-9aed64664243)
10:44:03 info: BridgeServer[0] Entity registry: updated, id=524e1209-5e93-4e0c-80eb-9aed64664243, count=1
10:44:03 info: BridgeServer[0] [Presentation] entity=524e1209-5e93-4e0c-80eb-9aed64664243 state=[presentation, {   "renderer": "humanoid",   "model": "survivor",   "scale": 1.0,   "variant": "default" }]
10:44:03 info: BridgeServer[0] Entity state forwarded: 7dtd -> minecraft (update, 524e1209-5e93-4e0c-80eb-9aed64664243)
10:44:03 info: BridgeServer[0] Entity registry: updated, id=524e1209-5e93-4e0c-80eb-9aed64664243, count=1
10:44:03 info: BridgeServer[0] [Presentation] entity=524e1209-5e93-4e0c-80eb-9aed64664243 state=[presentation, {   "renderer": "humanoid",   "model": "survivor",   "scale": 1.0,   "variant": "default" }]
10:44:03 info: BridgeServer[0] Entity state forwarded: 7dtd -> minecraft (update, 524e1209-5e93-4e0c-80eb-9aed64664243)
10:44:04 info: BridgeServer[0] Entity registry: updated, id=524e1209-5e93-4e0c-80eb-9aed64664243, count=1
10:44:04 info: BridgeServer[0] [Presentation] entity=524e1209-5e93-4e0c-80eb-9aed64664243 state=[presentation, {   "renderer": "humanoid",   "model": "survivor",   "scale": 1.0,   "variant": "default" }]
10:44:04 info: BridgeServer[0] Entity state forwarded: 7dtd -> minecraft (update, 524e1209-5e93-4e0c-80eb-9aed64664243)
10:44:04 info: BridgeServer[0] Entity registry: updated, id=524e1209-5e93-4e0c-80eb-9aed64664243, count=1
10:44:04 info: BridgeServer[0] [Presentation] entity=524e1209-5e93-4e0c-80eb-9aed64664243 state=[presentation, {   "renderer": "humanoid",   "model": "survivor",   "scale": 1.0,   "variant": "default" }]
10:44:04 info: BridgeServer[0] Entity state forwarded: 7dtd -> minecraft (update, 524e1209-5e93-4e0c-80eb-9aed64664243)
10:44:05 info: BridgeServer[0] Entity registry: updated, id=524e1209-5e93-4e0c-80eb-9aed64664243, count=1
10:44:05 info: BridgeServer[0] [Presentation] entity=524e1209-5e93-4e0c-80eb-9aed64664243 state=[presentation, {   "renderer": "humanoid",   "model": "survivor",   "scale": 1.0,   "variant": "default" }]
10:44:05 info: BridgeServer[0] Entity state forwarded: 7dtd -> minecraft (update, 524e1209-5e93-4e0c-80eb-9aed64664243)
10:44:05 info: BridgeServer[0] Entity registry: updated, id=524e1209-5e93-4e0c-80eb-9aed64664243, count=1
10:44:05 info: BridgeServer[0] [Presentation] entity=524e1209-5e93-4e0c-80eb-9aed64664243 state=[presentation, {   "renderer": "humanoid",   "model": "survivor",   "scale": 1.0,   "variant": "default" }]
10:44:05 info: BridgeServer[0] Entity state forwarded: 7dtd -> minecraft (update, 524e1209-5e93-4e0c-80eb-9aed64664243)
10:44:06 info: BridgeServer[0] Entity registry: updated, id=524e1209-5e93-4e0c-80eb-9aed64664243, count=1
10:44:06 info: BridgeServer[0] [Presentation] entity=524e1209-5e93-4e0c-80eb-9aed64664243 state=[presentation, {   "renderer": "humanoid",   "model": "survivor",   "scale": 1.0,   "variant": "default" }]
10:44:06 info: BridgeServer[0] Entity state forwarded: 7dtd -> minecraft (update, 524e1209-5e93-4e0c-80eb-9aed64664243)
10:44:06 info: BridgeServer[0] Entity registry: updated, id=524e1209-5e93-4e0c-80eb-9aed64664243, count=1
10:44:06 info: BridgeServer[0] [Presentation] entity=524e1209-5e93-4e0c-80eb-9aed64664243 state=[presentation, {   "renderer": "humanoid",   "model": "survivor",   "scale": 1.0,   "variant": "default" }]
10:44:06 info: BridgeServer[0] Entity state forwarded: 7dtd -> minecraft (update, 524e1209-5e93-4e0c-80eb-9aed64664243)
10:44:07 info: BridgeServer[0] Entity registry: updated, id=524e1209-5e93-4e0c-80eb-9aed64664243, count=1
10:44:07 info: BridgeServer[0] [Presentation] entity=524e1209-5e93-4e0c-80eb-9aed64664243 state=[presentation, {   "renderer": "humanoid",   "model": "survivor",   "scale": 1.0,   "variant": "default" }]
10:44:07 info: BridgeServer[0] Entity state forwarded: 7dtd -> minecraft (update, 524e1209-5e93-4e0c-80eb-9aed64664243)
10:44:07 info: BridgeServer[0] Entity registry: updated, id=524e1209-5e93-4e0c-80eb-9aed64664243, count=1
10:44:07 info: BridgeServer[0] [Presentation] entity=524e1209-5e93-4e0c-80eb-9aed64664243 state=[presentation, {   "renderer": "humanoid",   "model": "survivor",   "scale": 1.0,   "variant": "default" }]
10:44:07 info: BridgeServer[0] Entity state forwarded: 7dtd -> minecraft (update, 524e1209-5e93-4e0c-80eb-9aed64664243)
10:44:08 info: BridgeServer[0] Entity registry: updated, id=524e1209-5e93-4e0c-80eb-9aed64664243, count=1
10:44:08 info: BridgeServer[0] [Presentation] entity=524e1209-5e93-4e0c-80eb-9aed64664243 state=[presentation, {   "renderer": "humanoid",   "model": "survivor",   "scale": 1.0,   "variant": "default" }]
10:44:08 info: BridgeServer[0] Entity state forwarded: 7dtd -> minecraft (update, 524e1209-5e93-4e0c-80eb-9aed64664243)
10:44:08 info: BridgeServer[0] Entity registry: updated, id=524e1209-5e93-4e0c-80eb-9aed64664243, count=1
10:44:08 info: BridgeServer[0] [Presentation] entity=524e1209-5e93-4e0c-80eb-9aed64664243 state=[presentation, {   "renderer": "humanoid",   "model": "survivor",   "scale": 1.0,   "variant": "default" }]
10:44:08 info: BridgeServer[0] Entity state forwarded: 7dtd -> minecraft (update, 524e1209-5e93-4e0c-80eb-9aed64664243)
10:44:09 info: BridgeServer[0] Entity registry: updated, id=524e1209-5e93-4e0c-80eb-9aed64664243, count=1
10:44:09 info: BridgeServer[0] [Presentation] entity=524e1209-5e93-4e0c-80eb-9aed64664243 state=[presentation, {   "renderer": "humanoid",   "model": "survivor",   "scale": 1.0,   "variant": "default" }]
10:44:09 info: BridgeServer[0] Entity state forwarded: 7dtd -> minecraft (update, 524e1209-5e93-4e0c-80eb-9aed64664243)
10:44:09 info: BridgeServer[0] Entity registry: updated, id=524e1209-5e93-4e0c-80eb-9aed64664243, count=1
10:44:09 info: BridgeServer[0] [Presentation] entity=524e1209-5e93-4e0c-80eb-9aed64664243 state=[presentation, {   "renderer": "humanoid",   "model": "survivor",   "scale": 1.0,   "variant": "default" }]
10:44:09 info: BridgeServer[0] Entity state forwarded: 7dtd -> minecraft (update, 524e1209-5e93-4e0c-80eb-9aed64664243)
10:44:10 info: BridgeServer[0] Entity registry: updated, id=524e1209-5e93-4e0c-80eb-9aed64664243, count=1
10:44:10 info: BridgeServer[0] [Presentation] entity=524e1209-5e93-4e0c-80eb-9aed64664243 state=[presentation, {   "renderer": "humanoid",   "model": "survivor",   "scale": 1.0,   "variant": "default" }]
10:44:10 info: BridgeServer[0] Entity state forwarded: 7dtd -> minecraft (update, 524e1209-5e93-4e0c-80eb-9aed64664243)
10:44:10 info: BridgeServer[0] Entity registry: updated, id=524e1209-5e93-4e0c-80eb-9aed64664243, count=1
10:44:10 info: BridgeServer[0] [Presentation] entity=524e1209-5e93-4e0c-80eb-9aed64664243 state=[presentation, {   "renderer": "humanoid",   "model": "survivor",   "scale": 1.0,   "variant": "default" }]
10:44:10 info: BridgeServer[0] Entity state forwarded: 7dtd -> minecraft (update, 524e1209-5e93-4e0c-80eb-9aed64664243)
10:44:11 info: BridgeServer[0] Entity registry: updated, id=524e1209-5e93-4e0c-80eb-9aed64664243, count=1
10:44:11 info: BridgeServer[0] [Presentation] entity=524e1209-5e93-4e0c-80eb-9aed64664243 state=[presentation, {   "renderer": "humanoid",   "model": "survivor",   "scale": 1.0,   "variant": "default" }]
10:44:11 info: BridgeServer[0] Entity state forwarded: 7dtd -> minecraft (update, 524e1209-5e93-4e0c-80eb-9aed64664243)
10:44:11 info: BridgeServer[0] Entity registry: updated, id=524e1209-5e93-4e0c-80eb-9aed64664243, count=1
10:44:11 info: BridgeServer[0] [Presentation] entity=524e1209-5e93-4e0c-80eb-9aed64664243 state=[presentation, {   "renderer": "humanoid",   "model": "survivor",   "scale": 1.0,   "variant": "default" }]
10:44:11 info: BridgeServer[0] Entity state forwarded: 7dtd -> minecraft (update, 524e1209-5e93-4e0c-80eb-9aed64664243)
10:44:12 info: BridgeServer[0] Entity registry: updated, id=524e1209-5e93-4e0c-80eb-9aed64664243, count=1
10:44:12 info: BridgeServer[0] [Presentation] entity=524e1209-5e93-4e0c-80eb-9aed64664243 state=[presentation, {   "renderer": "humanoid",   "model": "survivor",   "scale": 1.0,   "variant": "default" }]
10:44:12 info: BridgeServer[0] Entity state forwarded: 7dtd -> minecraft (update, 524e1209-5e93-4e0c-80eb-9aed64664243)
10:44:12 info: BridgeServer[0] Entity registry: updated, id=524e1209-5e93-4e0c-80eb-9aed64664243, count=1
10:44:12 info: BridgeServer[0] [Presentation] entity=524e1209-5e93-4e0c-80eb-9aed64664243 state=[presentation, {   "renderer": "humanoid",   "model": "survivor",   "scale": 1.0,   "variant": "default" }]
10:44:12 info: BridgeServer[0] Entity state forwarded: 7dtd -> minecraft (update, 524e1209-5e93-4e0c-80eb-9aed64664243)
10:44:13 info: BridgeServer[0] Entity registry: updated, id=524e1209-5e93-4e0c-80eb-9aed64664243, count=1
10:44:13 info: BridgeServer[0] [Presentation] entity=524e1209-5e93-4e0c-80eb-9aed64664243 state=[presentation, {   "renderer": "humanoid",   "model": "survivor",   "scale": 1.0,   "variant": "default" }]
10:44:13 info: BridgeServer[0] Entity state forwarded: 7dtd -> minecraft (update, 524e1209-5e93-4e0c-80eb-9aed64664243)
10:44:13 info: BridgeServer[0] Entity registry: updated, id=524e1209-5e93-4e0c-80eb-9aed64664243, count=1
10:44:13 info: BridgeServer[0] [Presentation] entity=524e1209-5e93-4e0c-80eb-9aed64664243 state=[presentation, {   "renderer": "humanoid",   "model": "survivor",   "scale": 1.0,   "variant": "default" }]
10:44:13 info: BridgeServer[0] Entity state forwarded: 7dtd -> minecraft (update, 524e1209-5e93-4e0c-80eb-9aed64664243)
10:44:14 info: BridgeServer[0] Entity registry: updated, id=524e1209-5e93-4e0c-80eb-9aed64664243, count=1
10:44:14 info: BridgeServer[0] [Presentation] entity=524e1209-5e93-4e0c-80eb-9aed64664243 state=[presentation, {   "renderer": "humanoid",   "model": "survivor",   "scale": 1.0,   "variant": "default" }]
10:44:14 info: BridgeServer[0] Entity state forwarded: 7dtd -> minecraft (update, 524e1209-5e93-4e0c-80eb-9aed64664243)
10:44:14 info: BridgeServer[0] Entity registry: updated, id=524e1209-5e93-4e0c-80eb-9aed64664243, count=1
10:44:14 info: BridgeServer[0] [Presentation] entity=524e1209-5e93-4e0c-80eb-9aed64664243 state=[presentation, {   "renderer": "humanoid",   "model": "survivor",   "scale": 1.0,   "variant": "default" }]
10:44:14 info: BridgeServer[0] Entity state forwarded: 7dtd -> minecraft (update, 524e1209-5e93-4e0c-80eb-9aed64664243)
10:44:15 info: BridgeServer[0] Entity registry: updated, id=524e1209-5e93-4e0c-80eb-9aed64664243, count=1
10:44:15 info: BridgeServer[0] [Presentation] entity=524e1209-5e93-4e0c-80eb-9aed64664243 state=[presentation, {   "renderer": "humanoid",   "model": "survivor",   "scale": 1.0,   "variant": "default" }]
10:44:15 info: BridgeServer[0] Entity state forwarded: 7dtd -> minecraft (update, 524e1209-5e93-4e0c-80eb-9aed64664243)
10:44:15 info: BridgeServer[0] Entity registry: updated, id=524e1209-5e93-4e0c-80eb-9aed64664243, count=1
10:44:15 info: BridgeServer[0] [Presentation] entity=524e1209-5e93-4e0c-80eb-9aed64664243 state=[presentation, {   "renderer": "humanoid",   "model": "survivor",   "scale": 1.0,   "variant": "default" }]
10:44:15 info: BridgeServer[0] Entity state forwarded: 7dtd -> minecraft (update, 524e1209-5e93-4e0c-80eb-9aed64664243)
10:44:16 info: BridgeServer[0] Entity registry: updated, id=524e1209-5e93-4e0c-80eb-9aed64664243, count=1
10:44:16 info: BridgeServer[0] [Presentation] entity=524e1209-5e93-4e0c-80eb-9aed64664243 state=[presentation, {   "renderer": "humanoid",   "model": "survivor",   "scale": 1.0,   "variant": "default" }]
10:44:16 info: BridgeServer[0] Entity state forwarded: 7dtd -> minecraft (update, 524e1209-5e93-4e0c-80eb-9aed64664243)
10:44:16 info: BridgeServer[0] Entity registry: updated, id=524e1209-5e93-4e0c-80eb-9aed64664243, count=1
10:44:16 info: BridgeServer[0] [Presentation] entity=524e1209-5e93-4e0c-80eb-9aed64664243 state=[presentation, {   "renderer": "humanoid",   "model": "survivor",   "scale": 1.0,   "variant": "default" }]
10:44:16 info: BridgeServer[0] Entity state forwarded: 7dtd -> minecraft (update, 524e1209-5e93-4e0c-80eb-9aed64664243)
10:44:17 info: BridgeServer[0] Entity registry: updated, id=524e1209-5e93-4e0c-80eb-9aed64664243, count=1
10:44:17 info: BridgeServer[0] [Presentation] entity=524e1209-5e93-4e0c-80eb-9aed64664243 state=[presentation, {   "renderer": "humanoid",   "model": "survivor",   "scale": 1.0,   "variant": "default" }]
10:44:17 info: BridgeServer[0] Entity state forwarded: 7dtd -> minecraft (update, 524e1209-5e93-4e0c-80eb-9aed64664243)
10:44:17 info: BridgeServer[0] Entity registry: updated, id=524e1209-5e93-4e0c-80eb-9aed64664243, count=1
10:44:17 info: BridgeServer[0] [Presentation] entity=524e1209-5e93-4e0c-80eb-9aed64664243 state=[presentation, {   "renderer": "humanoid",   "model": "survivor",   "scale": 1.0,   "variant": "default" }]
10:44:17 info: BridgeServer[0] Entity state forwarded: 7dtd -> minecraft (update, 524e1209-5e93-4e0c-80eb-9aed64664243)
10:44:18 info: BridgeServer[0] Entity registry: updated, id=524e1209-5e93-4e0c-80eb-9aed64664243, count=1
10:44:18 info: BridgeServer[0] [Presentation] entity=524e1209-5e93-4e0c-80eb-9aed64664243 state=[presentation, {   "renderer": "humanoid",   "model": "survivor",   "scale": 1.0,   "variant": "default" }]
10:44:18 info: BridgeServer[0] Entity state forwarded: 7dtd -> minecraft (update, 524e1209-5e93-4e0c-80eb-9aed64664243)
10:44:18 info: BridgeServer[0] Entity registry: updated, id=524e1209-5e93-4e0c-80eb-9aed64664243, count=1
10:44:18 info: BridgeServer[0] [Presentation] entity=524e1209-5e93-4e0c-80eb-9aed64664243 state=[presentation, {   "renderer": "humanoid",   "model": "survivor",   "scale": 1.0,   "variant": "default" }]
10:44:18 info: BridgeServer[0] Entity state forwarded: 7dtd -> minecraft (update, 524e1209-5e93-4e0c-80eb-9aed64664243)
10:44:19 info: BridgeServer[0] Entity registry: updated, id=524e1209-5e93-4e0c-80eb-9aed64664243, count=1
10:44:19 info: BridgeServer[0] [Presentation] entity=524e1209-5e93-4e0c-80eb-9aed64664243 state=[presentation, {   "renderer": "humanoid",   "model": "survivor",   "scale": 1.0,   "variant": "default" }]
10:44:19 info: BridgeServer[0] Entity state forwarded: 7dtd -> minecraft (update, 524e1209-5e93-4e0c-80eb-9aed64664243)
10:44:19 info: BridgeServer[0] Entity registry: updated, id=524e1209-5e93-4e0c-80eb-9aed64664243, count=1
10:44:19 info: BridgeServer[0] [Presentation] entity=524e1209-5e93-4e0c-80eb-9aed64664243 state=[presentation, {   "renderer": "humanoid",   "model": "survivor",   "scale": 1.0,   "variant": "default" }]
10:44:19 info: BridgeServer[0] Entity state forwarded: 7dtd -> minecraft (update, 524e1209-5e93-4e0c-80eb-9aed64664243)
10:44:20 info: BridgeServer[0] Entity registry: updated, id=524e1209-5e93-4e0c-80eb-9aed64664243, count=1
10:44:20 info: BridgeServer[0] [Presentation] entity=524e1209-5e93-4e0c-80eb-9aed64664243 state=[presentation, {   "renderer": "humanoid",   "model": "survivor",   "scale": 1.0,   "variant": "default" }]
10:44:20 info: BridgeServer[0] Entity state forwarded: 7dtd -> minecraft (update, 524e1209-5e93-4e0c-80eb-9aed64664243)
10:44:20 info: BridgeServer[0] Entity registry: updated, id=524e1209-5e93-4e0c-80eb-9aed64664243, count=1
10:44:20 info: BridgeServer[0] [Presentation] entity=524e1209-5e93-4e0c-80eb-9aed64664243 state=[presentation, {   "renderer": "humanoid",   "model": "survivor",   "scale": 1.0,   "variant": "default" }]
10:44:20 info: BridgeServer[0] Entity state forwarded: 7dtd -> minecraft (update, 524e1209-5e93-4e0c-80eb-9aed64664243)
10:44:21 info: BridgeServer[0] Entity registry: updated, id=524e1209-5e93-4e0c-80eb-9aed64664243, count=1
10:44:21 info: BridgeServer[0] [Presentation] entity=524e1209-5e93-4e0c-80eb-9aed64664243 state=[presentation, {   "renderer": "humanoid",   "model": "survivor",   "scale": 1.0,   "variant": "default" }]
10:44:21 info: BridgeServer[0] Entity state forwarded: 7dtd -> minecraft (update, 524e1209-5e93-4e0c-80eb-9aed64664243)
10:44:21 info: BridgeServer[0] Entity registry: updated, id=524e1209-5e93-4e0c-80eb-9aed64664243, count=1
10:44:21 info: BridgeServer[0] [Presentation] entity=524e1209-5e93-4e0c-80eb-9aed64664243 state=[presentation, {   "renderer": "humanoid",   "model": "survivor",   "scale": 1.0,   "variant": "default" }]
10:44:21 info: BridgeServer[0] Entity state forwarded: 7dtd -> minecraft (update, 524e1209-5e93-4e0c-80eb-9aed64664243)
10:44:22 info: BridgeServer[0] Entity registry: updated, id=524e1209-5e93-4e0c-80eb-9aed64664243, count=1
10:44:22 info: BridgeServer[0] [Presentation] entity=524e1209-5e93-4e0c-80eb-9aed64664243 state=[presentation, {   "renderer": "humanoid",   "model": "survivor",   "scale": 1.0,   "variant": "default" }]
10:44:22 info: BridgeServer[0] Entity state forwarded: 7dtd -> minecraft (update, 524e1209-5e93-4e0c-80eb-9aed64664243)
10:44:22 info: BridgeServer[0] Entity registry: updated, id=524e1209-5e93-4e0c-80eb-9aed64664243, count=1
10:44:22 info: BridgeServer[0] [Presentation] entity=524e1209-5e93-4e0c-80eb-9aed64664243 state=[presentation, {   "renderer": "humanoid",   "model": "survivor",   "scale": 1.0,   "variant": "default" }]
10:44:22 info: BridgeServer[0] Entity state forwarded: 7dtd -> minecraft (update, 524e1209-5e93-4e0c-80eb-9aed64664243)
10:44:23 info: BridgeServer[0] Entity registry: updated, id=524e1209-5e93-4e0c-80eb-9aed64664243, count=1
10:44:23 info: BridgeServer[0] [Presentation] entity=524e1209-5e93-4e0c-80eb-9aed64664243 state=[presentation, {   "renderer": "humanoid",   "model": "survivor",   "scale": 1.0,   "variant": "default" }]
10:44:23 info: BridgeServer[0] Entity state forwarded: 7dtd -> minecraft (update, 524e1209-5e93-4e0c-80eb-9aed64664243)
10:44:23 info: BridgeServer[0] Entity registry: updated, id=524e1209-5e93-4e0c-80eb-9aed64664243, count=1
10:44:23 info: BridgeServer[0] [Presentation] entity=524e1209-5e93-4e0c-80eb-9aed64664243 state=[presentation, {   "renderer": "humanoid",   "model": "survivor",   "scale": 1.0,   "variant": "default" }]
10:44:23 info: BridgeServer[0] Entity state forwarded: 7dtd -> minecraft (update, 524e1209-5e93-4e0c-80eb-9aed64664243)
10:44:24 info: BridgeServer[0] Entity registry: updated, id=524e1209-5e93-4e0c-80eb-9aed64664243, count=1
10:44:24 info: BridgeServer[0] [Presentation] entity=524e1209-5e93-4e0c-80eb-9aed64664243 state=[presentation, {   "renderer": "humanoid",   "model": "survivor",   "scale": 1.0,   "variant": "default" }]
10:44:24 info: BridgeServer[0] Entity state forwarded: 7dtd -> minecraft (update, 524e1209-5e93-4e0c-80eb-9aed64664243)
10:44:25 info: BridgeServer[0] Entity registry: updated, id=524e1209-5e93-4e0c-80eb-9aed64664243, count=1
10:44:25 info: BridgeServer[0] [Presentation] entity=524e1209-5e93-4e0c-80eb-9aed64664243 state=[presentation, {   "renderer": "humanoid",   "model": "survivor",   "scale": 1.0,   "variant": "default" }]
10:44:25 info: BridgeServer[0] Entity state forwarded: 7dtd -> minecraft (update, 524e1209-5e93-4e0c-80eb-9aed64664243)
10:44:25 info: BridgeServer[0] Entity registry: updated, id=524e1209-5e93-4e0c-80eb-9aed64664243, count=1
10:44:25 info: BridgeServer[0] [Presentation] entity=524e1209-5e93-4e0c-80eb-9aed64664243 state=[presentation, {   "renderer": "humanoid",   "model": "survivor",   "scale": 1.0,   "variant": "default" }]
10:44:25 info: BridgeServer[0] Entity state forwarded: 7dtd -> minecraft (update, 524e1209-5e93-4e0c-80eb-9aed64664243)
10:44:25 info: BridgeServer[0] Entity registry: updated, id=524e1209-5e93-4e0c-80eb-9aed64664243, count=1
10:44:25 info: BridgeServer[0] [Presentation] entity=524e1209-5e93-4e0c-80eb-9aed64664243 state=[presentation, {   "renderer": "humanoid",   "model": "survivor",   "scale": 1.0,   "variant": "default" }]
10:44:25 info: BridgeServer[0] Entity state forwarded: 7dtd -> minecraft (update, 524e1209-5e93-4e0c-80eb-9aed64664243)
10:44:26 info: BridgeServer[0] Entity registry: updated, id=524e1209-5e93-4e0c-80eb-9aed64664243, count=1
10:44:26 info: BridgeServer[0] [Presentation] entity=524e1209-5e93-4e0c-80eb-9aed64664243 state=[presentation, {   "renderer": "humanoid",   "model": "survivor",   "scale": 1.0,   "variant": "default" }]
10:44:26 info: BridgeServer[0] Entity state forwarded: 7dtd -> minecraft (update, 524e1209-5e93-4e0c-80eb-9aed64664243)
10:44:27 info: BridgeServer[0] Entity registry: updated, id=524e1209-5e93-4e0c-80eb-9aed64664243, count=1
10:44:27 info: BridgeServer[0] [Presentation] entity=524e1209-5e93-4e0c-80eb-9aed64664243 state=[presentation, {   "renderer": "humanoid",   "model": "survivor",   "scale": 1.0,   "variant": "default" }]
10:44:27 info: BridgeServer[0] Entity state forwarded: 7dtd -> minecraft (update, 524e1209-5e93-4e0c-80eb-9aed64664243)
10:44:27 info: BridgeServer[0] Entity registry: updated, id=524e1209-5e93-4e0c-80eb-9aed64664243, count=1
10:44:27 info: BridgeServer[0] [Presentation] entity=524e1209-5e93-4e0c-80eb-9aed64664243 state=[presentation, {   "renderer": "humanoid",   "model": "survivor",   "scale": 1.0,   "variant": "default" }]
10:44:27 info: BridgeServer[0] Entity state forwarded: 7dtd -> minecraft (update, 524e1209-5e93-4e0c-80eb-9aed64664243)
10:44:28 info: BridgeServer[0] Entity registry: updated, id=524e1209-5e93-4e0c-80eb-9aed64664243, count=1
10:44:28 info: BridgeServer[0] [Presentation] entity=524e1209-5e93-4e0c-80eb-9aed64664243 state=[presentation, {   "renderer": "humanoid",   "model": "survivor",   "scale": 1.0,   "variant": "default" }]
10:44:28 info: BridgeServer[0] Entity state forwarded: 7dtd -> minecraft (update, 524e1209-5e93-4e0c-80eb-9aed64664243)
10:44:28 info: BridgeServer[0] Entity registry: updated, id=524e1209-5e93-4e0c-80eb-9aed64664243, count=1
10:44:28 info: BridgeServer[0] [Presentation] entity=524e1209-5e93-4e0c-80eb-9aed64664243 state=[presentation, {   "renderer": "humanoid",   "model": "survivor",   "scale": 1.0,   "variant": "default" }]
10:44:28 info: BridgeServer[0] Entity state forwarded: 7dtd -> minecraft (update, 524e1209-5e93-4e0c-80eb-9aed64664243)
10:44:29 info: BridgeServer[0] Entity registry: updated, id=524e1209-5e93-4e0c-80eb-9aed64664243, count=1
10:44:29 info: BridgeServer[0] [Presentation] entity=524e1209-5e93-4e0c-80eb-9aed64664243 state=[presentation, {   "renderer": "humanoid",   "model": "survivor",   "scale": 1.0,   "variant": "default" }]
10:44:29 info: BridgeServer[0] Entity state forwarded: 7dtd -> minecraft (update, 524e1209-5e93-4e0c-80eb-9aed64664243)
10:44:29 info: BridgeServer[0] Entity registry: updated, id=524e1209-5e93-4e0c-80eb-9aed64664243, count=1
10:44:29 info: BridgeServer[0] [Presentation] entity=524e1209-5e93-4e0c-80eb-9aed64664243 state=[presentation, {   "renderer": "humanoid",   "model": "survivor",   "scale": 1.0,   "variant": "default" }]
10:44:29 info: BridgeServer[0] Entity state forwarded: 7dtd -> minecraft (update, 524e1209-5e93-4e0c-80eb-9aed64664243)
10:44:30 info: BridgeServer[0] Entity registry: updated, id=524e1209-5e93-4e0c-80eb-9aed64664243, count=1
10:44:30 info: BridgeServer[0] [Presentation] entity=524e1209-5e93-4e0c-80eb-9aed64664243 state=[presentation, {   "renderer": "humanoid",   "model": "survivor",   "scale": 1.0,   "variant": "default" }]
10:44:30 info: BridgeServer[0] Entity state forwarded: 7dtd -> minecraft (update, 524e1209-5e93-4e0c-80eb-9aed64664243)
10:44:30 info: BridgeServer[0] Entity registry: updated, id=524e1209-5e93-4e0c-80eb-9aed64664243, count=1
10:44:30 info: BridgeServer[0] [Presentation] entity=524e1209-5e93-4e0c-80eb-9aed64664243 state=[presentation, {   "renderer": "humanoid",   "model": "survivor",   "scale": 1.0,   "variant": "default" }]
10:44:30 info: BridgeServer[0] Entity state forwarded: 7dtd -> minecraft (update, 524e1209-5e93-4e0c-80eb-9aed64664243)
10:44:31 info: BridgeServer[0] Entity registry: updated, id=524e1209-5e93-4e0c-80eb-9aed64664243, count=1
10:44:31 info: BridgeServer[0] [Presentation] entity=524e1209-5e93-4e0c-80eb-9aed64664243 state=[presentation, {   "renderer": "humanoid",   "model": "survivor",   "scale": 1.0,   "variant": "default" }]
10:44:31 info: BridgeServer[0] Entity state forwarded: 7dtd -> minecraft (update, 524e1209-5e93-4e0c-80eb-9aed64664243)
10:44:31 info: BridgeServer[0] Entity registry: updated, id=524e1209-5e93-4e0c-80eb-9aed64664243, count=1
10:44:31 info: BridgeServer[0] [Presentation] entity=524e1209-5e93-4e0c-80eb-9aed64664243 state=[presentation, {   "renderer": "humanoid",   "model": "survivor",   "scale": 1.0,   "variant": "default" }]
10:44:31 info: BridgeServer[0] Entity state forwarded: 7dtd -> minecraft (update, 524e1209-5e93-4e0c-80eb-9aed64664243)
10:44:32 info: BridgeServer[0] Entity registry: updated, id=524e1209-5e93-4e0c-80eb-9aed64664243, count=1
10:44:32 info: BridgeServer[0] [Presentation] entity=524e1209-5e93-4e0c-80eb-9aed64664243 state=[presentation, {   "renderer": "humanoid",   "model": "survivor",   "scale": 1.0,   "variant": "default" }]
10:44:32 info: BridgeServer[0] Entity state forwarded: 7dtd -> minecraft (update, 524e1209-5e93-4e0c-80eb-9aed64664243)
10:44:32 info: BridgeServer[0] Entity registry: updated, id=524e1209-5e93-4e0c-80eb-9aed64664243, count=1
10:44:32 info: BridgeServer[0] [Presentation] entity=524e1209-5e93-4e0c-80eb-9aed64664243 state=[presentation, {   "renderer": "humanoid",   "model": "survivor",   "scale": 1.0,   "variant": "default" }]
10:44:32 info: BridgeServer[0] Entity state forwarded: 7dtd -> minecraft (update, 524e1209-5e93-4e0c-80eb-9aed64664243)
10:44:33 info: BridgeServer[0] Entity registry: updated, id=524e1209-5e93-4e0c-80eb-9aed64664243, count=1
10:44:33 info: BridgeServer[0] [Presentation] entity=524e1209-5e93-4e0c-80eb-9aed64664243 state=[presentation, {   "renderer": "humanoid",   "model": "survivor",   "scale": 1.0,   "variant": "default" }]
10:44:33 info: BridgeServer[0] Entity state forwarded: 7dtd -> minecraft (update, 524e1209-5e93-4e0c-80eb-9aed64664243)
10:44:33 info: BridgeServer[0] Entity registry: updated, id=524e1209-5e93-4e0c-80eb-9aed64664243, count=1
10:44:33 info: BridgeServer[0] [Presentation] entity=524e1209-5e93-4e0c-80eb-9aed64664243 state=[presentation, {   "renderer": "humanoid",   "model": "survivor",   "scale": 1.0,   "variant": "default" }]
10:44:33 info: BridgeServer[0] Entity state forwarded: 7dtd -> minecraft (update, 524e1209-5e93-4e0c-80eb-9aed64664243)
10:44:33 info: BridgeServer[0] Entity registry: updated, id=524e1209-5e93-4e0c-80eb-9aed64664243, count=1
10:44:33 info: BridgeServer[0] [Presentation] entity=524e1209-5e93-4e0c-80eb-9aed64664243 state=[presentation, {   "renderer": "humanoid",   "model": "survivor",   "scale": 1.0,   "variant": "default" }]
10:44:33 info: BridgeServer[0] Entity state forwarded: 7dtd -> minecraft (update, 524e1209-5e93-4e0c-80eb-9aed64664243)
10:44:34 info: BridgeServer[0] Entity registry: updated, id=524e1209-5e93-4e0c-80eb-9aed64664243, count=1
10:44:34 info: BridgeServer[0] [Presentation] entity=524e1209-5e93-4e0c-80eb-9aed64664243 state=[presentation, {   "renderer": "humanoid",   "model": "survivor",   "scale": 1.0,   "variant": "default" }]
10:44:34 info: BridgeServer[0] Entity state forwarded: 7dtd -> minecraft (update, 524e1209-5e93-4e0c-80eb-9aed64664243)
10:44:34 info: BridgeServer[0] Entity registry: updated, id=524e1209-5e93-4e0c-80eb-9aed64664243, count=1
10:44:34 info: BridgeServer[0] [Presentation] entity=524e1209-5e93-4e0c-80eb-9aed64664243 state=[presentation, {   "renderer": "humanoid",   "model": "survivor",   "scale": 1.0,   "variant": "default" }]
10:44:34 info: BridgeServer[0] Entity state forwarded: 7dtd -> minecraft (update, 524e1209-5e93-4e0c-80eb-9aed64664243)
10:44:35 info: BridgeServer[0] Entity registry: updated, id=524e1209-5e93-4e0c-80eb-9aed64664243, count=1
10:44:35 info: BridgeServer[0] [Presentation] entity=524e1209-5e93-4e0c-80eb-9aed64664243 state=[presentation, {   "renderer": "humanoid",   "model": "survivor",   "scale": 1.0,   "variant": "default" }]
10:44:35 info: BridgeServer[0] Entity state forwarded: 7dtd -> minecraft (update, 524e1209-5e93-4e0c-80eb-9aed64664243)
10:44:35 info: BridgeServer[0] Entity registry: updated, id=524e1209-5e93-4e0c-80eb-9aed64664243, count=1
10:44:35 info: BridgeServer[0] [Presentation] entity=524e1209-5e93-4e0c-80eb-9aed64664243 state=[presentation, {   "renderer": "humanoid",   "model": "survivor",   "scale": 1.0,   "variant": "default" }]
10:44:35 info: BridgeServer[0] Entity state forwarded: 7dtd -> minecraft (update, 524e1209-5e93-4e0c-80eb-9aed64664243)
10:44:36 info: BridgeServer[0] Entity registry: updated, id=524e1209-5e93-4e0c-80eb-9aed64664243, count=1
10:44:36 info: BridgeServer[0] [Presentation] entity=524e1209-5e93-4e0c-80eb-9aed64664243 state=[presentation, {   "renderer": "humanoid",   "model": "survivor",   "scale": 1.0,   "variant": "default" }]
10:44:36 info: BridgeServer[0] Entity state forwarded: 7dtd -> minecraft (update, 524e1209-5e93-4e0c-80eb-9aed64664243)
10:44:36 info: BridgeServer[0] Entity registry: updated, id=524e1209-5e93-4e0c-80eb-9aed64664243, count=1
10:44:36 info: BridgeServer[0] [Presentation] entity=524e1209-5e93-4e0c-80eb-9aed64664243 state=[presentation, {   "renderer": "humanoid",   "model": "survivor",   "scale": 1.0,   "variant": "default" }]
10:44:36 info: BridgeServer[0] Entity state forwarded: 7dtd -> minecraft (update, 524e1209-5e93-4e0c-80eb-9aed64664243)
10:44:37 info: BridgeServer[0] Entity registry: updated, id=524e1209-5e93-4e0c-80eb-9aed64664243, count=1
10:44:37 info: BridgeServer[0] [Presentation] entity=524e1209-5e93-4e0c-80eb-9aed64664243 state=[presentation, {   "renderer": "humanoid",   "model": "survivor",   "scale": 1.0,   "variant": "default" }]
10:44:37 info: BridgeServer[0] Entity state forwarded: 7dtd -> minecraft (update, 524e1209-5e93-4e0c-80eb-9aed64664243)
10:44:37 info: BridgeServer[0] Entity registry: updated, id=524e1209-5e93-4e0c-80eb-9aed64664243, count=1
10:44:37 info: BridgeServer[0] [Presentation] entity=524e1209-5e93-4e0c-80eb-9aed64664243 state=[presentation, {   "renderer": "humanoid",   "model": "survivor",   "scale": 1.0,   "variant": "default" }]
10:44:37 info: BridgeServer[0] Entity state forwarded: 7dtd -> minecraft (update, 524e1209-5e93-4e0c-80eb-9aed64664243)
10:44:38 info: BridgeServer[0] Entity registry: updated, id=524e1209-5e93-4e0c-80eb-9aed64664243, count=1
10:44:38 info: BridgeServer[0] [Presentation] entity=524e1209-5e93-4e0c-80eb-9aed64664243 state=[presentation, {   "renderer": "humanoid",   "model": "survivor",   "scale": 1.0,   "variant": "default" }]
10:44:38 info: BridgeServer[0] Entity state forwarded: 7dtd -> minecraft (update, 524e1209-5e93-4e0c-80eb-9aed64664243)
10:44:38 info: BridgeServer[0] Entity registry: updated, id=524e1209-5e93-4e0c-80eb-9aed64664243, count=1
10:44:38 info: BridgeServer[0] [Presentation] entity=524e1209-5e93-4e0c-80eb-9aed64664243 state=[presentation, {   "renderer": "humanoid",   "model": "survivor",   "scale": 1.0,   "variant": "default" }]
10:44:38 info: BridgeServer[0] Entity state forwarded: 7dtd -> minecraft (update, 524e1209-5e93-4e0c-80eb-9aed64664243)
10:44:39 info: BridgeServer[0] Entity registry: updated, id=524e1209-5e93-4e0c-80eb-9aed64664243, count=1
10:44:39 info: BridgeServer[0] [Presentation] entity=524e1209-5e93-4e0c-80eb-9aed64664243 state=[presentation, {   "renderer": "humanoid",   "model": "survivor",   "scale": 1.0,   "variant": "default" }]
10:44:39 info: BridgeServer[0] Entity state forwarded: 7dtd -> minecraft (update, 524e1209-5e93-4e0c-80eb-9aed64664243)
10:44:39 info: BridgeServer[0] Entity registry: updated, id=524e1209-5e93-4e0c-80eb-9aed64664243, count=1
10:44:39 info: BridgeServer[0] [Presentation] entity=524e1209-5e93-4e0c-80eb-9aed64664243 state=[presentation, {   "renderer": "humanoid",   "model": "survivor",   "scale": 1.0,   "variant": "default" }]
10:44:39 info: BridgeServer[0] Entity state forwarded: 7dtd -> minecraft (update, 524e1209-5e93-4e0c-80eb-9aed64664243)
10:44:40 info: BridgeServer[0] Entity registry: updated, id=524e1209-5e93-4e0c-80eb-9aed64664243, count=1
10:44:40 info: BridgeServer[0] [Presentation] entity=524e1209-5e93-4e0c-80eb-9aed64664243 state=[presentation, {   "renderer": "humanoid",   "model": "survivor",   "scale": 1.0,   "variant": "default" }]
10:44:40 info: BridgeServer[0] Entity state forwarded: 7dtd -> minecraft (update, 524e1209-5e93-4e0c-80eb-9aed64664243)
10:44:40 info: BridgeServer[0] Entity registry: updated, id=524e1209-5e93-4e0c-80eb-9aed64664243, count=1
10:44:40 info: BridgeServer[0] [Presentation] entity=524e1209-5e93-4e0c-80eb-9aed64664243 state=[presentation, {   "renderer": "humanoid",   "model": "survivor",   "scale": 1.0,   "variant": "default" }]
10:44:40 info: BridgeServer[0] Entity state forwarded: 7dtd -> minecraft (update, 524e1209-5e93-4e0c-80eb-9aed64664243)
10:44:41 info: BridgeServer[0] Entity registry: updated, id=524e1209-5e93-4e0c-80eb-9aed64664243, count=1
10:44:41 info: BridgeServer[0] [Presentation] entity=524e1209-5e93-4e0c-80eb-9aed64664243 state=[presentation, {   "renderer": "humanoid",   "model": "survivor",   "scale": 1.0,   "variant": "default" }]
10:44:41 info: BridgeServer[0] Entity state forwarded: 7dtd -> minecraft (update, 524e1209-5e93-4e0c-80eb-9aed64664243)
10:44:41 info: BridgeServer[0] Entity registry: updated, id=524e1209-5e93-4e0c-80eb-9aed64664243, count=1
10:44:41 info: BridgeServer[0] [Presentation] entity=524e1209-5e93-4e0c-80eb-9aed64664243 state=[presentation, {   "renderer": "humanoid",   "model": "survivor",   "scale": 1.0,   "variant": "default" }]
10:44:41 info: BridgeServer[0] Entity state forwarded: 7dtd -> minecraft (update, 524e1209-5e93-4e0c-80eb-9aed64664243)
10:44:42 info: BridgeServer[0] Entity registry: updated, id=524e1209-5e93-4e0c-80eb-9aed64664243, count=1
10:44:42 info: BridgeServer[0] [Presentation] entity=524e1209-5e93-4e0c-80eb-9aed64664243 state=[presentation, {   "renderer": "humanoid",   "model": "survivor",   "scale": 1.0,   "variant": "default" }]
10:44:42 info: BridgeServer[0] Entity state forwarded: 7dtd -> minecraft (update, 524e1209-5e93-4e0c-80eb-9aed64664243)
10:44:42 info: BridgeServer[0] Entity registry: updated, id=524e1209-5e93-4e0c-80eb-9aed64664243, count=1
10:44:42 info: BridgeServer[0] [Presentation] entity=524e1209-5e93-4e0c-80eb-9aed64664243 state=[presentation, {   "renderer": "humanoid",   "model": "survivor",   "scale": 1.0,   "variant": "default" }]
10:44:42 info: BridgeServer[0] Entity state forwarded: 7dtd -> minecraft (update, 524e1209-5e93-4e0c-80eb-9aed64664243)
10:44:43 info: BridgeServer[0] Entity registry: updated, id=524e1209-5e93-4e0c-80eb-9aed64664243, count=1
10:44:43 info: BridgeServer[0] [Presentation] entity=524e1209-5e93-4e0c-80eb-9aed64664243 state=[presentation, {   "renderer": "humanoid",   "model": "survivor",   "scale": 1.0,   "variant": "default" }]
10:44:43 info: BridgeServer[0] Entity state forwarded: 7dtd -> minecraft (update, 524e1209-5e93-4e0c-80eb-9aed64664243)
10:44:43 info: BridgeServer[0] Entity registry: updated, id=524e1209-5e93-4e0c-80eb-9aed64664243, count=1
10:44:43 info: BridgeServer[0] [Presentation] entity=524e1209-5e93-4e0c-80eb-9aed64664243 state=[presentation, {   "renderer": "humanoid",   "model": "survivor",   "scale": 1.0,   "variant": "default" }]
10:44:43 info: BridgeServer[0] Entity state forwarded: 7dtd -> minecraft (update, 524e1209-5e93-4e0c-80eb-9aed64664243)
10:44:44 info: BridgeServer[0] Entity registry: updated, id=524e1209-5e93-4e0c-80eb-9aed64664243, count=1
10:44:44 info: BridgeServer[0] [Presentation] entity=524e1209-5e93-4e0c-80eb-9aed64664243 state=[presentation, {   "renderer": "humanoid",   "model": "survivor",   "scale": 1.0,   "variant": "default" }]
10:44:44 info: BridgeServer[0] Entity state forwarded: 7dtd -> minecraft (update, 524e1209-5e93-4e0c-80eb-9aed64664243)
10:44:44 info: BridgeServer[0] Entity registry: updated, id=524e1209-5e93-4e0c-80eb-9aed64664243, count=1
10:44:44 info: BridgeServer[0] [Presentation] entity=524e1209-5e93-4e0c-80eb-9aed64664243 state=[presentation, {   "renderer": "humanoid",   "model": "survivor",   "scale": 1.0,   "variant": "default" }]
10:44:44 info: BridgeServer[0] Entity state forwarded: 7dtd -> minecraft (update, 524e1209-5e93-4e0c-80eb-9aed64664243)
10:44:45 info: BridgeServer[0] Entity registry: updated, id=524e1209-5e93-4e0c-80eb-9aed64664243, count=1
10:44:45 info: BridgeServer[0] [Presentation] entity=524e1209-5e93-4e0c-80eb-9aed64664243 state=[presentation, {   "renderer": "humanoid",   "model": "survivor",   "scale": 1.0,   "variant": "default" }]
10:44:45 info: BridgeServer[0] Entity state forwarded: 7dtd -> minecraft (update, 524e1209-5e93-4e0c-80eb-9aed64664243)
10:44:45 info: BridgeServer[0] Entity registry: updated, id=524e1209-5e93-4e0c-80eb-9aed64664243, count=1
10:44:45 info: BridgeServer[0] [Presentation] entity=524e1209-5e93-4e0c-80eb-9aed64664243 state=[presentation, {   "renderer": "humanoid",   "model": "survivor",   "scale": 1.0,   "variant": "default" }]
10:44:45 info: BridgeServer[0] Entity state forwarded: 7dtd -> minecraft (update, 524e1209-5e93-4e0c-80eb-9aed64664243)
10:44:46 info: BridgeServer[0] Entity registry: updated, id=524e1209-5e93-4e0c-80eb-9aed64664243, count=1
10:44:46 info: BridgeServer[0] [Presentation] entity=524e1209-5e93-4e0c-80eb-9aed64664243 state=[presentation, {   "renderer": "humanoid",   "model": "survivor",   "scale": 1.0,   "variant": "default" }]
10:44:46 info: BridgeServer[0] Entity state forwarded: 7dtd -> minecraft (update, 524e1209-5e93-4e0c-80eb-9aed64664243)
10:44:46 info: BridgeServer[0] Entity registry: updated, id=524e1209-5e93-4e0c-80eb-9aed64664243, count=1
10:44:46 info: BridgeServer[0] [Presentation] entity=524e1209-5e93-4e0c-80eb-9aed64664243 state=[presentation, {   "renderer": "humanoid",   "model": "survivor",   "scale": 1.0,   "variant": "default" }]
10:44:46 info: BridgeServer[0] Entity state forwarded: 7dtd -> minecraft (update, 524e1209-5e93-4e0c-80eb-9aed64664243)
10:44:47 info: BridgeServer[0] Entity registry: updated, id=524e1209-5e93-4e0c-80eb-9aed64664243, count=1
10:44:47 info: BridgeServer[0] [Presentation] entity=524e1209-5e93-4e0c-80eb-9aed64664243 state=[presentation, {   "renderer": "humanoid",   "model": "survivor",   "scale": 1.0,   "variant": "default" }]
10:44:47 info: BridgeServer[0] Entity state forwarded: 7dtd -> minecraft (update, 524e1209-5e93-4e0c-80eb-9aed64664243)
10:44:47 info: BridgeServer[0] Entity registry: updated, id=524e1209-5e93-4e0c-80eb-9aed64664243, count=1
10:44:47 info: BridgeServer[0] [Presentation] entity=524e1209-5e93-4e0c-80eb-9aed64664243 state=[presentation, {   "renderer": "humanoid",   "model": "survivor",   "scale": 1.0,   "variant": "default" }]
10:44:47 info: BridgeServer[0] Entity state forwarded: 7dtd -> minecraft (update, 524e1209-5e93-4e0c-80eb-9aed64664243)
10:44:48 info: BridgeServer[0] Entity registry: updated, id=524e1209-5e93-4e0c-80eb-9aed64664243, count=1
10:44:48 info: BridgeServer[0] [Presentation] entity=524e1209-5e93-4e0c-80eb-9aed64664243 state=[presentation, {   "renderer": "humanoid",   "model": "survivor",   "scale": 1.0,   "variant": "default" }]
10:44:48 info: BridgeServer[0] Entity state forwarded: 7dtd -> minecraft (update, 524e1209-5e93-4e0c-80eb-9aed64664243)
10:44:49 info: BridgeServer[0] Entity registry: updated, id=524e1209-5e93-4e0c-80eb-9aed64664243, count=1
10:44:49 info: BridgeServer[0] [Presentation] entity=524e1209-5e93-4e0c-80eb-9aed64664243 state=[presentation, {   "renderer": "humanoid",   "model": "survivor",   "scale": 1.0,   "variant": "default" }]
10:44:49 info: BridgeServer[0] Entity state forwarded: 7dtd -> minecraft (update, 524e1209-5e93-4e0c-80eb-9aed64664243)
10:44:49 info: BridgeServer[0] Entity registry: updated, id=524e1209-5e93-4e0c-80eb-9aed64664243, count=1
10:44:49 info: BridgeServer[0] [Presentation] entity=524e1209-5e93-4e0c-80eb-9aed64664243 state=[presentation, {   "renderer": "humanoid",   "model": "survivor",   "scale": 1.0,   "variant": "default" }]
10:44:49 info: BridgeServer[0] Entity state forwarded: 7dtd -> minecraft (update, 524e1209-5e93-4e0c-80eb-9aed64664243)
10:44:50 info: BridgeServer[0] Entity registry: updated, id=524e1209-5e93-4e0c-80eb-9aed64664243, count=1
10:44:50 info: BridgeServer[0] [Presentation] entity=524e1209-5e93-4e0c-80eb-9aed64664243 state=[presentation, {   "renderer": "humanoid",   "model": "survivor",   "scale": 1.0,   "variant": "default" }]
10:44:50 info: BridgeServer[0] Entity state forwarded: 7dtd -> minecraft (update, 524e1209-5e93-4e0c-80eb-9aed64664243)
10:44:50 info: BridgeServer[0] Entity registry: updated, id=524e1209-5e93-4e0c-80eb-9aed64664243, count=1
10:44:50 info: BridgeServer[0] [Presentation] entity=524e1209-5e93-4e0c-80eb-9aed64664243 state=[presentation, {   "renderer": "humanoid",   "model": "survivor",   "scale": 1.0,   "variant": "default" }]
10:44:50 info: BridgeServer[0] Entity state forwarded: 7dtd -> minecraft (update, 524e1209-5e93-4e0c-80eb-9aed64664243)
10:44:51 info: BridgeServer[0] Entity registry: updated, id=524e1209-5e93-4e0c-80eb-9aed64664243, count=1
10:44:51 info: BridgeServer[0] [Presentation] entity=524e1209-5e93-4e0c-80eb-9aed64664243 state=[presentation, {   "renderer": "humanoid",   "model": "survivor",   "scale": 1.0,   "variant": "default" }]
10:44:51 info: BridgeServer[0] Entity state forwarded: 7dtd -> minecraft (update, 524e1209-5e93-4e0c-80eb-9aed64664243)
10:44:51 info: BridgeServer[0] Entity registry: updated, id=524e1209-5e93-4e0c-80eb-9aed64664243, count=1
10:44:51 info: BridgeServer[0] [Presentation] entity=524e1209-5e93-4e0c-80eb-9aed64664243 state=[presentation, {   "renderer": "humanoid",   "model": "survivor",   "scale": 1.0,   "variant": "default" }]
10:44:51 info: BridgeServer[0] Entity state forwarded: 7dtd -> minecraft (update, 524e1209-5e93-4e0c-80eb-9aed64664243)
10:44:52 info: BridgeServer[0] Entity registry: updated, id=524e1209-5e93-4e0c-80eb-9aed64664243, count=1
10:44:52 info: BridgeServer[0] [Presentation] entity=524e1209-5e93-4e0c-80eb-9aed64664243 state=[presentation, {   "renderer": "humanoid",   "model": "survivor",   "scale": 1.0,   "variant": "default" }]
10:44:52 info: BridgeServer[0] Entity state forwarded: 7dtd -> minecraft (update, 524e1209-5e93-4e0c-80eb-9aed64664243)
10:44:52 info: BridgeServer[0] Entity registry: updated, id=524e1209-5e93-4e0c-80eb-9aed64664243, count=1
10:44:52 info: BridgeServer[0] [Presentation] entity=524e1209-5e93-4e0c-80eb-9aed64664243 state=[presentation, {   "renderer": "humanoid",   "model": "survivor",   "scale": 1.0,   "variant": "default" }]
10:44:52 info: BridgeServer[0] Entity state forwarded: 7dtd -> minecraft (update, 524e1209-5e93-4e0c-80eb-9aed64664243)
10:44:53 info: BridgeServer[0] Entity registry: updated, id=524e1209-5e93-4e0c-80eb-9aed64664243, count=1
10:44:53 info: BridgeServer[0] [Presentation] entity=524e1209-5e93-4e0c-80eb-9aed64664243 state=[presentation, {   "renderer": "humanoid",   "model": "survivor",   "scale": 1.0,   "variant": "default" }]
10:44:53 info: BridgeServer[0] Entity state forwarded: 7dtd -> minecraft (update, 524e1209-5e93-4e0c-80eb-9aed64664243)
10:44:53 info: BridgeServer[0] Entity registry: updated, id=524e1209-5e93-4e0c-80eb-9aed64664243, count=1
10:44:53 info: BridgeServer[0] [Presentation] entity=524e1209-5e93-4e0c-80eb-9aed64664243 state=[presentation, {   "renderer": "humanoid",   "model": "survivor",   "scale": 1.0,   "variant": "default" }]
10:44:53 info: BridgeServer[0] Entity state forwarded: 7dtd -> minecraft (update, 524e1209-5e93-4e0c-80eb-9aed64664243)
10:44:54 info: BridgeServer[0] Entity registry: updated, id=524e1209-5e93-4e0c-80eb-9aed64664243, count=1
10:44:54 info: BridgeServer[0] [Presentation] entity=524e1209-5e93-4e0c-80eb-9aed64664243 state=[presentation, {   "renderer": "humanoid",   "model": "survivor",   "scale": 1.0,   "variant": "default" }]
10:44:54 info: BridgeServer[0] Entity state forwarded: 7dtd -> minecraft (update, 524e1209-5e93-4e0c-80eb-9aed64664243)
10:44:54 info: BridgeServer[0] Entity registry: updated, id=524e1209-5e93-4e0c-80eb-9aed64664243, count=1
10:44:54 info: BridgeServer[0] [Presentation] entity=524e1209-5e93-4e0c-80eb-9aed64664243 state=[presentation, {   "renderer": "humanoid",   "model": "survivor",   "scale": 1.0,   "variant": "default" }]
10:44:54 info: BridgeServer[0] Entity state forwarded: 7dtd -> minecraft (update, 524e1209-5e93-4e0c-80eb-9aed64664243)
10:44:55 info: BridgeServer[0] Entity registry: updated, id=524e1209-5e93-4e0c-80eb-9aed64664243, count=1
10:44:55 info: BridgeServer[0] [Presentation] entity=524e1209-5e93-4e0c-80eb-9aed64664243 state=[presentation, {   "renderer": "humanoid",   "model": "survivor",   "scale": 1.0,   "variant": "default" }]
10:44:55 info: BridgeServer[0] Entity state forwarded: 7dtd -> minecraft (update, 524e1209-5e93-4e0c-80eb-9aed64664243)
10:44:55 warn: BridgeServer[0] Health component rejected: unsupported_component
10:44:55 info: BridgeServer[0] Entity registry: updated, id=524e1209-5e93-4e0c-80eb-9aed64664243, count=1
10:44:55 info: BridgeServer[0] [Presentation] entity=524e1209-5e93-4e0c-80eb-9aed64664243 state=[presentation, {   "renderer": "humanoid",   "model": "survivor",   "scale": 1.0,   "variant": "default" }]
10:44:55 info: BridgeServer[0] Entity state forwarded: 7dtd -> minecraft (update, 524e1209-5e93-4e0c-80eb-9aed64664243)
10:44:56 info: BridgeServer[0] Entity registry: updated, id=524e1209-5e93-4e0c-80eb-9aed64664243, count=1
10:44:56 info: BridgeServer[0] [Presentation] entity=524e1209-5e93-4e0c-80eb-9aed64664243 state=[presentation, {   "renderer": "humanoid",   "model": "survivor",   "scale": 1.0,   "variant": "default" }]
10:44:56 info: BridgeServer[0] Entity state forwarded: 7dtd -> minecraft (update, 524e1209-5e93-4e0c-80eb-9aed64664243)
10:44:56 info: BridgeServer[0] Entity registry: updated, id=524e1209-5e93-4e0c-80eb-9aed64664243, count=1
10:44:56 info: BridgeServer[0] [Presentation] entity=524e1209-5e93-4e0c-80eb-9aed64664243 state=[presentation, {   "renderer": "humanoid",   "model": "survivor",   "scale": 1.0,   "variant": "default" }]
10:44:56 info: BridgeServer[0] Entity state forwarded: 7dtd -> minecraft (update, 524e1209-5e93-4e0c-80eb-9aed64664243)
10:44:57 info: BridgeServer[0] Entity registry: updated, id=524e1209-5e93-4e0c-80eb-9aed64664243, count=1
10:44:57 info: BridgeServer[0] [Presentation] entity=524e1209-5e93-4e0c-80eb-9aed64664243 state=[presentation, {   "renderer": "humanoid",   "model": "survivor",   "scale": 1.0,   "variant": "default" }]
10:44:57 info: BridgeServer[0] Entity state forwarded: 7dtd -> minecraft (update, 524e1209-5e93-4e0c-80eb-9aed64664243)
10:44:57 info: BridgeServer[0] Entity registry: updated, id=524e1209-5e93-4e0c-80eb-9aed64664243, count=1
10:44:57 info: BridgeServer[0] [Presentation] entity=524e1209-5e93-4e0c-80eb-9aed64664243 state=[presentation, {   "renderer": "humanoid",   "model": "survivor",   "scale": 1.0,   "variant": "default" }]
10:44:57 info: BridgeServer[0] Entity state forwarded: 7dtd -> minecraft (update, 524e1209-5e93-4e0c-80eb-9aed64664243)
10:44:58 info: BridgeServer[0] Entity registry: updated, id=524e1209-5e93-4e0c-80eb-9aed64664243, count=1
10:44:58 info: BridgeServer[0] [Presentation] entity=524e1209-5e93-4e0c-80eb-9aed64664243 state=[presentation, {   "renderer": "humanoid",   "model": "survivor",   "scale": 1.0,   "variant": "default" }]
10:44:58 info: BridgeServer[0] Entity state forwarded: 7dtd -> minecraft (update, 524e1209-5e93-4e0c-80eb-9aed64664243)
10:44:58 info: BridgeServer[0] Entity registry: updated, id=524e1209-5e93-4e0c-80eb-9aed64664243, count=1
10:44:58 info: BridgeServer[0] [Presentation] entity=524e1209-5e93-4e0c-80eb-9aed64664243 state=[presentation, {   "renderer": "humanoid",   "model": "survivor",   "scale": 1.0,   "variant": "default" }]
10:44:58 info: BridgeServer[0] Entity state forwarded: 7dtd -> minecraft (update, 524e1209-5e93-4e0c-80eb-9aed64664243)
10:44:59 info: BridgeServer[0] Entity registry: updated, id=524e1209-5e93-4e0c-80eb-9aed64664243, count=1
10:44:59 info: BridgeServer[0] [Presentation] entity=524e1209-5e93-4e0c-80eb-9aed64664243 state=[presentation, {   "renderer": "humanoid",   "model": "survivor",   "scale": 1.0,   "variant": "default" }]
10:44:59 info: BridgeServer[0] Entity state forwarded: 7dtd -> minecraft (update, 524e1209-5e93-4e0c-80eb-9aed64664243)
10:44:59 info: BridgeServer[0] Entity registry: updated, id=524e1209-5e93-4e0c-80eb-9aed64664243, count=1
10:44:59 info: BridgeServer[0] [Presentation] entity=524e1209-5e93-4e0c-80eb-9aed64664243 state=[presentation, {   "renderer": "humanoid",   "model": "survivor",   "scale": 1.0,   "variant": "default" }]
10:44:59 info: BridgeServer[0] Entity state forwarded: 7dtd -> minecraft (update, 524e1209-5e93-4e0c-80eb-9aed64664243)
10:45:00 info: BridgeServer[0] Entity registry: updated, id=524e1209-5e93-4e0c-80eb-9aed64664243, count=1
10:45:00 info: BridgeServer[0] [Presentation] entity=524e1209-5e93-4e0c-80eb-9aed64664243 state=[presentation, {   "renderer": "humanoid",   "model": "survivor",   "scale": 1.0,   "variant": "default" }]
10:45:00 info: BridgeServer[0] Entity state forwarded: 7dtd -> minecraft (update, 524e1209-5e93-4e0c-80eb-9aed64664243)
10:45:00 info: BridgeServer[0] Entity registry: updated, id=524e1209-5e93-4e0c-80eb-9aed64664243, count=1
10:45:00 info: BridgeServer[0] [Presentation] entity=524e1209-5e93-4e0c-80eb-9aed64664243 state=[presentation, {   "renderer": "humanoid",   "model": "survivor",   "scale": 1.0,   "variant": "default" }]
10:45:00 info: BridgeServer[0] Entity state forwarded: 7dtd -> minecraft (update, 524e1209-5e93-4e0c-80eb-9aed64664243)
10:45:01 info: BridgeServer[0] Entity registry: updated, id=524e1209-5e93-4e0c-80eb-9aed64664243, count=1
10:45:01 info: BridgeServer[0] [Presentation] entity=524e1209-5e93-4e0c-80eb-9aed64664243 state=[presentation, {   "renderer": "humanoid",   "model": "survivor",   "scale": 1.0,   "variant": "default" }]
10:45:01 info: BridgeServer[0] Entity state forwarded: 7dtd -> minecraft (update, 524e1209-5e93-4e0c-80eb-9aed64664243)
10:45:01 info: BridgeServer[0] Entity registry: updated, id=524e1209-5e93-4e0c-80eb-9aed64664243, count=1
10:45:01 info: BridgeServer[0] [Presentation] entity=524e1209-5e93-4e0c-80eb-9aed64664243 state=[presentation, {   "renderer": "humanoid",   "model": "survivor",   "scale": 1.0,   "variant": "default" }]
10:45:01 info: BridgeServer[0] Entity state forwarded: 7dtd -> minecraft (update, 524e1209-5e93-4e0c-80eb-9aed64664243)
10:45:02 info: BridgeServer[0] Entity registry: updated, id=524e1209-5e93-4e0c-80eb-9aed64664243, count=1
10:45:02 info: BridgeServer[0] [Presentation] entity=524e1209-5e93-4e0c-80eb-9aed64664243 state=[presentation, {   "renderer": "humanoid",   "model": "survivor",   "scale": 1.0,   "variant": "default" }]
10:45:02 info: BridgeServer[0] Entity state forwarded: 7dtd -> minecraft (update, 524e1209-5e93-4e0c-80eb-9aed64664243)
10:45:02 info: BridgeServer[0] Entity registry: updated, id=524e1209-5e93-4e0c-80eb-9aed64664243, count=1
10:45:02 info: BridgeServer[0] [Presentation] entity=524e1209-5e93-4e0c-80eb-9aed64664243 state=[presentation, {   "renderer": "humanoid",   "model": "survivor",   "scale": 1.0,   "variant": "default" }]
10:45:02 info: BridgeServer[0] Entity state forwarded: 7dtd -> minecraft (update, 524e1209-5e93-4e0c-80eb-9aed64664243)
10:45:03 info: BridgeServer[0] Entity registry: updated, id=524e1209-5e93-4e0c-80eb-9aed64664243, count=1
10:45:03 info: BridgeServer[0] [Presentation] entity=524e1209-5e93-4e0c-80eb-9aed64664243 state=[presentation, {   "renderer": "humanoid",   "model": "survivor",   "scale": 1.0,   "variant": "default" }]
10:45:03 info: BridgeServer[0] Entity state forwarded: 7dtd -> minecraft (update, 524e1209-5e93-4e0c-80eb-9aed64664243)
10:45:03 info: BridgeServer[0] Entity registry: updated, id=524e1209-5e93-4e0c-80eb-9aed64664243, count=1
10:45:03 info: BridgeServer[0] [Presentation] entity=524e1209-5e93-4e0c-80eb-9aed64664243 state=[presentation, {   "renderer": "humanoid",   "model": "survivor",   "scale": 1.0,   "variant": "default" }]
10:45:03 info: BridgeServer[0] Entity state forwarded: 7dtd -> minecraft (update, 524e1209-5e93-4e0c-80eb-9aed64664243)
10:45:04 info: BridgeServer[0] Entity registry: updated, id=524e1209-5e93-4e0c-80eb-9aed64664243, count=1
10:45:04 info: BridgeServer[0] [Presentation] entity=524e1209-5e93-4e0c-80eb-9aed64664243 state=[presentation, {   "renderer": "humanoid",   "model": "survivor",   "scale": 1.0,   "variant": "default" }]
10:45:04 info: BridgeServer[0] Entity state forwarded: 7dtd -> minecraft (update, 524e1209-5e93-4e0c-80eb-9aed64664243)
10:45:04 info: BridgeServer[0] Entity registry: updated, id=524e1209-5e93-4e0c-80eb-9aed64664243, count=1
10:45:04 info: BridgeServer[0] [Presentation] entity=524e1209-5e93-4e0c-80eb-9aed64664243 state=[presentation, {   "renderer": "humanoid",   "model": "survivor",   "scale": 1.0,   "variant": "default" }]
10:45:04 info: BridgeServer[0] Entity state forwarded: 7dtd -> minecraft (update, 524e1209-5e93-4e0c-80eb-9aed64664243)
10:45:05 info: BridgeServer[0] Entity registry: updated, id=524e1209-5e93-4e0c-80eb-9aed64664243, count=1
10:45:05 info: BridgeServer[0] [Presentation] entity=524e1209-5e93-4e0c-80eb-9aed64664243 state=[presentation, {   "renderer": "humanoid",   "model": "survivor",   "scale": 1.0,   "variant": "default" }]
10:45:05 info: BridgeServer[0] Entity state forwarded: 7dtd -> minecraft (update, 524e1209-5e93-4e0c-80eb-9aed64664243)
10:45:05 info: BridgeServer[0] Entity registry: updated, id=524e1209-5e93-4e0c-80eb-9aed64664243, count=1
10:45:05 info: BridgeServer[0] [Presentation] entity=524e1209-5e93-4e0c-80eb-9aed64664243 state=[presentation, {   "renderer": "humanoid",   "model": "survivor",   "scale": 1.0,   "variant": "default" }]
10:45:05 info: BridgeServer[0] Entity state forwarded: 7dtd -> minecraft (update, 524e1209-5e93-4e0c-80eb-9aed64664243)
10:45:06 info: BridgeServer[0] Entity registry: updated, id=524e1209-5e93-4e0c-80eb-9aed64664243, count=1
10:45:06 info: BridgeServer[0] [Presentation] entity=524e1209-5e93-4e0c-80eb-9aed64664243 state=[presentation, {   "renderer": "humanoid",   "model": "survivor",   "scale": 1.0,   "variant": "default" }]
10:45:06 info: BridgeServer[0] Entity state forwarded: 7dtd -> minecraft (update, 524e1209-5e93-4e0c-80eb-9aed64664243)
10:45:06 info: BridgeServer[0] Entity registry: updated, id=524e1209-5e93-4e0c-80eb-9aed64664243, count=1
10:45:06 info: BridgeServer[0] [Presentation] entity=524e1209-5e93-4e0c-80eb-9aed64664243 state=[presentation, {   "renderer": "humanoid",   "model": "survivor",   "scale": 1.0,   "variant": "default" }]
10:45:06 info: BridgeServer[0] Entity state forwarded: 7dtd -> minecraft (update, 524e1209-5e93-4e0c-80eb-9aed64664243)
10:45:07 info: BridgeServer[0] Entity registry: updated, id=524e1209-5e93-4e0c-80eb-9aed64664243, count=1
10:45:07 info: BridgeServer[0] [Presentation] entity=524e1209-5e93-4e0c-80eb-9aed64664243 state=[presentation, {   "renderer": "humanoid",   "model": "survivor",   "scale": 1.0,   "variant": "default" }]
10:45:07 info: BridgeServer[0] Entity state forwarded: 7dtd -> minecraft (update, 524e1209-5e93-4e0c-80eb-9aed64664243)
10:45:07 info: BridgeServer[0] Entity registry: updated, id=524e1209-5e93-4e0c-80eb-9aed64664243, count=1
10:45:07 info: BridgeServer[0] [Presentation] entity=524e1209-5e93-4e0c-80eb-9aed64664243 state=[presentation, {   "renderer": "humanoid",   "model": "survivor",   "scale": 1.0,   "variant": "default" }]
10:45:07 info: BridgeServer[0] Entity state forwarded: 7dtd -> minecraft (update, 524e1209-5e93-4e0c-80eb-9aed64664243)
10:45:08 info: BridgeServer[0] Entity registry: updated, id=524e1209-5e93-4e0c-80eb-9aed64664243, count=1
10:45:08 info: BridgeServer[0] [Presentation] entity=524e1209-5e93-4e0c-80eb-9aed64664243 state=[presentation, {   "renderer": "humanoid",   "model": "survivor",   "scale": 1.0,   "variant": "default" }]
10:45:08 info: BridgeServer[0] Entity state forwarded: 7dtd -> minecraft (update, 524e1209-5e93-4e0c-80eb-9aed64664243)
10:45:08 info: BridgeServer[0] Entity registry: updated, id=524e1209-5e93-4e0c-80eb-9aed64664243, count=1
10:45:08 info: BridgeServer[0] [Presentation] entity=524e1209-5e93-4e0c-80eb-9aed64664243 state=[presentation, {   "renderer": "humanoid",   "model": "survivor",   "scale": 1.0,   "variant": "default" }]
10:45:08 info: BridgeServer[0] Entity state forwarded: 7dtd -> minecraft (update, 524e1209-5e93-4e0c-80eb-9aed64664243)
10:45:09 info: BridgeServer[0] Entity registry: updated, id=524e1209-5e93-4e0c-80eb-9aed64664243, count=1
10:45:09 info: BridgeServer[0] [Presentation] entity=524e1209-5e93-4e0c-80eb-9aed64664243 state=[presentation, {   "renderer": "humanoid",   "model": "survivor",   "scale": 1.0,   "variant": "default" }]
10:45:09 info: BridgeServer[0] Entity state forwarded: 7dtd -> minecraft (update, 524e1209-5e93-4e0c-80eb-9aed64664243)
10:45:09 info: BridgeServer[0] Entity registry: updated, id=524e1209-5e93-4e0c-80eb-9aed64664243, count=1
10:45:09 info: BridgeServer[0] [Presentation] entity=524e1209-5e93-4e0c-80eb-9aed64664243 state=[presentation, {   "renderer": "humanoid",   "model": "survivor",   "scale": 1.0,   "variant": "default" }]
10:45:09 info: BridgeServer[0] Entity state forwarded: 7dtd -> minecraft (update, 524e1209-5e93-4e0c-80eb-9aed64664243)
10:45:10 info: BridgeServer[0] Entity registry: updated, id=524e1209-5e93-4e0c-80eb-9aed64664243, count=1
10:45:10 info: BridgeServer[0] [Presentation] entity=524e1209-5e93-4e0c-80eb-9aed64664243 state=[presentation, {   "renderer": "humanoid",   "model": "survivor",   "scale": 1.0,   "variant": "default" }]
10:45:10 info: BridgeServer[0] Entity state forwarded: 7dtd -> minecraft (update, 524e1209-5e93-4e0c-80eb-9aed64664243)
10:45:10 info: BridgeServer[0] Entity registry: updated, id=524e1209-5e93-4e0c-80eb-9aed64664243, count=1
10:45:10 info: BridgeServer[0] [Presentation] entity=524e1209-5e93-4e0c-80eb-9aed64664243 state=[presentation, {   "renderer": "humanoid",   "model": "survivor",   "scale": 1.0,   "variant": "default" }]
10:45:10 info: BridgeServer[0] Entity state forwarded: 7dtd -> minecraft (update, 524e1209-5e93-4e0c-80eb-9aed64664243)
10:45:11 info: BridgeServer[0] Entity registry: updated, id=524e1209-5e93-4e0c-80eb-9aed64664243, count=1
10:45:11 info: BridgeServer[0] [Presentation] entity=524e1209-5e93-4e0c-80eb-9aed64664243 state=[presentation, {   "renderer": "humanoid",   "model": "survivor",   "scale": 1.0,   "variant": "default" }]
10:45:11 info: BridgeServer[0] Entity state forwarded: 7dtd -> minecraft (update, 524e1209-5e93-4e0c-80eb-9aed64664243)
10:45:11 info: BridgeServer[0] Entity registry: updated, id=524e1209-5e93-4e0c-80eb-9aed64664243, count=1
10:45:11 info: BridgeServer[0] [Presentation] entity=524e1209-5e93-4e0c-80eb-9aed64664243 state=[presentation, {   "renderer": "humanoid",   "model": "survivor",   "scale": 1.0,   "variant": "default" }]
10:45:11 info: BridgeServer[0] Entity state forwarded: 7dtd -> minecraft (update, 524e1209-5e93-4e0c-80eb-9aed64664243)
10:45:12 info: BridgeServer[0] Entity registry: updated, id=524e1209-5e93-4e0c-80eb-9aed64664243, count=1
10:45:12 info: BridgeServer[0] [Presentation] entity=524e1209-5e93-4e0c-80eb-9aed64664243 state=[presentation, {   "renderer": "humanoid",   "model": "survivor",   "scale": 1.0,   "variant": "default" }]
10:45:12 info: BridgeServer[0] Entity state forwarded: 7dtd -> minecraft (update, 524e1209-5e93-4e0c-80eb-9aed64664243)
10:45:12 info: BridgeServer[0] Entity registry: updated, id=524e1209-5e93-4e0c-80eb-9aed64664243, count=1
10:45:12 info: BridgeServer[0] [Presentation] entity=524e1209-5e93-4e0c-80eb-9aed64664243 state=[presentation, {   "renderer": "humanoid",   "model": "survivor",   "scale": 1.0,   "variant": "default" }]
10:45:12 info: BridgeServer[0] Entity state forwarded: 7dtd -> minecraft (update, 524e1209-5e93-4e0c-80eb-9aed64664243)
10:45:13 info: BridgeServer[0] Entity registry: updated, id=524e1209-5e93-4e0c-80eb-9aed64664243, count=1
10:45:13 info: BridgeServer[0] [Presentation] entity=524e1209-5e93-4e0c-80eb-9aed64664243 state=[presentation, {   "renderer": "humanoid",   "model": "survivor",   "scale": 1.0,   "variant": "default" }]
10:45:13 info: BridgeServer[0] Entity state forwarded: 7dtd -> minecraft (update, 524e1209-5e93-4e0c-80eb-9aed64664243)
10:45:13 info: BridgeServer[0] Entity registry: updated, id=524e1209-5e93-4e0c-80eb-9aed64664243, count=1
10:45:13 info: BridgeServer[0] [Presentation] entity=524e1209-5e93-4e0c-80eb-9aed64664243 state=[presentation, {   "renderer": "humanoid",   "model": "survivor",   "scale": 1.0,   "variant": "default" }]
10:45:13 info: BridgeServer[0] Entity state forwarded: 7dtd -> minecraft (update, 524e1209-5e93-4e0c-80eb-9aed64664243)
10:45:14 info: BridgeServer[0] Entity registry: updated, id=524e1209-5e93-4e0c-80eb-9aed64664243, count=1
10:45:14 info: BridgeServer[0] [Presentation] entity=524e1209-5e93-4e0c-80eb-9aed64664243 state=[presentation, {   "renderer": "humanoid",   "model": "survivor",   "scale": 1.0,   "variant": "default" }]
10:45:14 info: BridgeServer[0] Entity state forwarded: 7dtd -> minecraft (update, 524e1209-5e93-4e0c-80eb-9aed64664243)
10:45:14 info: BridgeServer[0] Entity registry: updated, id=524e1209-5e93-4e0c-80eb-9aed64664243, count=1
10:45:14 info: BridgeServer[0] [Presentation] entity=524e1209-5e93-4e0c-80eb-9aed64664243 state=[presentation, {   "renderer": "humanoid",   "model": "survivor",   "scale": 1.0,   "variant": "default" }]
10:45:14 info: BridgeServer[0] Entity state forwarded: 7dtd -> minecraft (update, 524e1209-5e93-4e0c-80eb-9aed64664243)
10:45:15 info: BridgeServer[0] Entity registry: updated, id=524e1209-5e93-4e0c-80eb-9aed64664243, count=1
10:45:15 info: BridgeServer[0] [Presentation] entity=524e1209-5e93-4e0c-80eb-9aed64664243 state=[presentation, {   "renderer": "humanoid",   "model": "survivor",   "scale": 1.0,   "variant": "default" }]
10:45:15 info: BridgeServer[0] Entity state forwarded: 7dtd -> minecraft (update, 524e1209-5e93-4e0c-80eb-9aed64664243)
10:45:15 info: BridgeServer[0] Entity registry: updated, id=524e1209-5e93-4e0c-80eb-9aed64664243, count=1
10:45:15 info: BridgeServer[0] [Presentation] entity=524e1209-5e93-4e0c-80eb-9aed64664243 state=[presentation, {   "renderer": "humanoid",   "model": "survivor",   "scale": 1.0,   "variant": "default" }]
10:45:15 info: BridgeServer[0] Entity state forwarded: 7dtd -> minecraft (update, 524e1209-5e93-4e0c-80eb-9aed64664243)
10:45:16 info: BridgeServer[0] Entity registry: updated, id=524e1209-5e93-4e0c-80eb-9aed64664243, count=1
10:45:16 info: BridgeServer[0] [Presentation] entity=524e1209-5e93-4e0c-80eb-9aed64664243 state=[presentation, {   "renderer": "humanoid",   "model": "survivor",   "scale": 1.0,   "variant": "default" }]
10:45:16 info: BridgeServer[0] Entity state forwarded: 7dtd -> minecraft (update, 524e1209-5e93-4e0c-80eb-9aed64664243)
10:45:16 info: BridgeServer[0] Entity registry: updated, id=524e1209-5e93-4e0c-80eb-9aed64664243, count=1
10:45:16 info: BridgeServer[0] [Presentation] entity=524e1209-5e93-4e0c-80eb-9aed64664243 state=[presentation, {   "renderer": "humanoid",   "model": "survivor",   "scale": 1.0,   "variant": "default" }]
10:45:16 info: BridgeServer[0] Entity state forwarded: 7dtd -> minecraft (update, 524e1209-5e93-4e0c-80eb-9aed64664243)
10:45:17 info: BridgeServer[0] Entity registry: updated, id=524e1209-5e93-4e0c-80eb-9aed64664243, count=1
10:45:17 info: BridgeServer[0] [Presentation] entity=524e1209-5e93-4e0c-80eb-9aed64664243 state=[presentation, {   "renderer": "humanoid",   "model": "survivor",   "scale": 1.0,   "variant": "default" }]
10:45:17 info: BridgeServer[0] Entity state forwarded: 7dtd -> minecraft (update, 524e1209-5e93-4e0c-80eb-9aed64664243)
10:45:17 info: BridgeServer[0] Entity registry: updated, id=524e1209-5e93-4e0c-80eb-9aed64664243, count=1
10:45:17 info: BridgeServer[0] [Presentation] entity=524e1209-5e93-4e0c-80eb-9aed64664243 state=[presentation, {   "renderer": "humanoid",   "model": "survivor",   "scale": 1.0,   "variant": "default" }]
10:45:17 info: BridgeServer[0] Entity state forwarded: 7dtd -> minecraft (update, 524e1209-5e93-4e0c-80eb-9aed64664243)
10:45:18 info: BridgeServer[0] Entity registry: updated, id=524e1209-5e93-4e0c-80eb-9aed64664243, count=1
10:45:18 info: BridgeServer[0] [Presentation] entity=524e1209-5e93-4e0c-80eb-9aed64664243 state=[presentation, {   "renderer": "humanoid",   "model": "survivor",   "scale": 1.0,   "variant": "default" }]
10:45:18 info: BridgeServer[0] Entity state forwarded: 7dtd -> minecraft (update, 524e1209-5e93-4e0c-80eb-9aed64664243)
10:45:18 info: BridgeServer[0] Entity registry: updated, id=524e1209-5e93-4e0c-80eb-9aed64664243, count=1
10:45:18 info: BridgeServer[0] [Presentation] entity=524e1209-5e93-4e0c-80eb-9aed64664243 state=[presentation, {   "renderer": "humanoid",   "model": "survivor",   "scale": 1.0,   "variant": "default" }]
10:45:18 info: BridgeServer[0] Entity state forwarded: 7dtd -> minecraft (update, 524e1209-5e93-4e0c-80eb-9aed64664243)
10:45:19 info: BridgeServer[0] Entity registry: updated, id=524e1209-5e93-4e0c-80eb-9aed64664243, count=1
10:45:19 info: BridgeServer[0] [Presentation] entity=524e1209-5e93-4e0c-80eb-9aed64664243 state=[presentation, {   "renderer": "humanoid",   "model": "survivor",   "scale": 1.0,   "variant": "default" }]
10:45:19 info: BridgeServer[0] Entity state forwarded: 7dtd -> minecraft (update, 524e1209-5e93-4e0c-80eb-9aed64664243)
10:45:19 info: BridgeServer[0] Entity registry: updated, id=524e1209-5e93-4e0c-80eb-9aed64664243, count=1
10:45:19 info: BridgeServer[0] [Presentation] entity=524e1209-5e93-4e0c-80eb-9aed64664243 state=[presentation, {   "renderer": "humanoid",   "model": "survivor",   "scale": 1.0,   "variant": "default" }]
10:45:19 info: BridgeServer[0] Entity state forwarded: 7dtd -> minecraft (update, 524e1209-5e93-4e0c-80eb-9aed64664243)
10:45:20 info: BridgeServer[0] Entity registry: updated, id=524e1209-5e93-4e0c-80eb-9aed64664243, count=1
10:45:20 info: BridgeServer[0] [Presentation] entity=524e1209-5e93-4e0c-80eb-9aed64664243 state=[presentation, {   "renderer": "humanoid",   "model": "survivor",   "scale": 1.0,   "variant": "default" }]
10:45:20 info: BridgeServer[0] Entity state forwarded: 7dtd -> minecraft (update, 524e1209-5e93-4e0c-80eb-9aed64664243)
10:45:20 info: BridgeServer[0] Entity registry: updated, id=524e1209-5e93-4e0c-80eb-9aed64664243, count=1
10:45:20 info: BridgeServer[0] [Presentation] entity=524e1209-5e93-4e0c-80eb-9aed64664243 state=[presentation, {   "renderer": "humanoid",   "model": "survivor",   "scale": 1.0,   "variant": "default" }]
10:45:20 info: BridgeServer[0] Entity state forwarded: 7dtd -> minecraft (update, 524e1209-5e93-4e0c-80eb-9aed64664243)
10:45:21 info: BridgeServer[0] Entity registry: updated, id=524e1209-5e93-4e0c-80eb-9aed64664243, count=1
10:45:21 info: BridgeServer[0] [Presentation] entity=524e1209-5e93-4e0c-80eb-9aed64664243 state=[presentation, {   "renderer": "humanoid",   "model": "survivor",   "scale": 1.0,   "variant": "default" }]
10:45:21 info: BridgeServer[0] Entity state forwarded: 7dtd -> minecraft (update, 524e1209-5e93-4e0c-80eb-9aed64664243)
10:45:21 info: BridgeServer[0] Entity registry: updated, id=524e1209-5e93-4e0c-80eb-9aed64664243, count=1
10:45:21 info: BridgeServer[0] [Presentation] entity=524e1209-5e93-4e0c-80eb-9aed64664243 state=[presentation, {   "renderer": "humanoid",   "model": "survivor",   "scale": 1.0,   "variant": "default" }]
10:45:21 info: BridgeServer[0] Entity state forwarded: 7dtd -> minecraft (update, 524e1209-5e93-4e0c-80eb-9aed64664243)
10:45:22 info: BridgeServer[0] Entity registry: updated, id=524e1209-5e93-4e0c-80eb-9aed64664243, count=1
10:45:22 info: BridgeServer[0] [Presentation] entity=524e1209-5e93-4e0c-80eb-9aed64664243 state=[presentation, {   "renderer": "humanoid",   "model": "survivor",   "scale": 1.0,   "variant": "default" }]
10:45:22 info: BridgeServer[0] Entity state forwarded: 7dtd -> minecraft (update, 524e1209-5e93-4e0c-80eb-9aed64664243)
10:45:22 info: BridgeServer[0] Entity registry: updated, id=524e1209-5e93-4e0c-80eb-9aed64664243, count=1
10:45:22 info: BridgeServer[0] [Presentation] entity=524e1209-5e93-4e0c-80eb-9aed64664243 state=[presentation, {   "renderer": "humanoid",   "model": "survivor",   "scale": 1.0,   "variant": "default" }]
10:45:22 info: BridgeServer[0] Entity state forwarded: 7dtd -> minecraft (update, 524e1209-5e93-4e0c-80eb-9aed64664243)
10:45:23 info: BridgeServer[0] Entity registry: updated, id=524e1209-5e93-4e0c-80eb-9aed64664243, count=1
10:45:23 info: BridgeServer[0] [Presentation] entity=524e1209-5e93-4e0c-80eb-9aed64664243 state=[presentation, {   "renderer": "humanoid",   "model": "survivor",   "scale": 1.0,   "variant": "default" }]
10:45:23 info: BridgeServer[0] Entity state forwarded: 7dtd -> minecraft (update, 524e1209-5e93-4e0c-80eb-9aed64664243)
10:45:23 info: BridgeServer[0] Entity registry: updated, id=524e1209-5e93-4e0c-80eb-9aed64664243, count=1
10:45:23 info: BridgeServer[0] [Presentation] entity=524e1209-5e93-4e0c-80eb-9aed64664243 state=[presentation, {   "renderer": "humanoid",   "model": "survivor",   "scale": 1.0,   "variant": "default" }]
10:45:23 info: BridgeServer[0] Entity state forwarded: 7dtd -> minecraft (update, 524e1209-5e93-4e0c-80eb-9aed64664243)
10:45:24 info: BridgeServer[0] Entity registry: updated, id=524e1209-5e93-4e0c-80eb-9aed64664243, count=1
10:45:24 info: BridgeServer[0] [Presentation] entity=524e1209-5e93-4e0c-80eb-9aed64664243 state=[presentation, {   "renderer": "humanoid",   "model": "survivor",   "scale": 1.0,   "variant": "default" }]
10:45:24 info: BridgeServer[0] Entity state forwarded: 7dtd -> minecraft (update, 524e1209-5e93-4e0c-80eb-9aed64664243)
10:45:24 info: BridgeServer[0] Entity registry: updated, id=524e1209-5e93-4e0c-80eb-9aed64664243, count=1
10:45:24 info: BridgeServer[0] [Presentation] entity=524e1209-5e93-4e0c-80eb-9aed64664243 state=[presentation, {   "renderer": "humanoid",   "model": "survivor",   "scale": 1.0,   "variant": "default" }]
10:45:24 info: BridgeServer[0] Entity state forwarded: 7dtd -> minecraft (update, 524e1209-5e93-4e0c-80eb-9aed64664243)
10:45:25 info: BridgeServer[0] Entity registry: updated, id=524e1209-5e93-4e0c-80eb-9aed64664243, count=1
10:45:25 info: BridgeServer[0] [Presentation] entity=524e1209-5e93-4e0c-80eb-9aed64664243 state=[presentation, {   "renderer": "humanoid",   "model": "survivor",   "scale": 1.0,   "variant": "default" }]
10:45:25 info: BridgeServer[0] Entity state forwarded: 7dtd -> minecraft (update, 524e1209-5e93-4e0c-80eb-9aed64664243)
10:45:25 info: BridgeServer[0] Entity registry: updated, id=524e1209-5e93-4e0c-80eb-9aed64664243, count=1
10:45:25 info: BridgeServer[0] [Presentation] entity=524e1209-5e93-4e0c-80eb-9aed64664243 state=[presentation, {   "renderer": "humanoid",   "model": "survivor",   "scale": 1.0,   "variant": "default" }]
10:45:25 info: BridgeServer[0] Entity state forwarded: 7dtd -> minecraft (update, 524e1209-5e93-4e0c-80eb-9aed64664243)
10:45:26 info: BridgeServer[0] Entity registry: updated, id=524e1209-5e93-4e0c-80eb-9aed64664243, count=1
10:45:26 info: BridgeServer[0] [Presentation] entity=524e1209-5e93-4e0c-80eb-9aed64664243 state=[presentation, {   "renderer": "humanoid",   "model": "survivor",   "scale": 1.0,   "variant": "default" }]
10:45:26 info: BridgeServer[0] Entity state forwarded: 7dtd -> minecraft (update, 524e1209-5e93-4e0c-80eb-9aed64664243)
10:45:26 info: BridgeServer[0] Entity registry: updated, id=524e1209-5e93-4e0c-80eb-9aed64664243, count=1
10:45:26 info: BridgeServer[0] [Presentation] entity=524e1209-5e93-4e0c-80eb-9aed64664243 state=[presentation, {   "renderer": "humanoid",   "model": "survivor",   "scale": 1.0,   "variant": "default" }]
10:45:26 info: BridgeServer[0] Entity state forwarded: 7dtd -> minecraft (update, 524e1209-5e93-4e0c-80eb-9aed64664243)
10:45:27 info: BridgeServer[0] Entity registry: updated, id=524e1209-5e93-4e0c-80eb-9aed64664243, count=1
10:45:27 info: BridgeServer[0] [Presentation] entity=524e1209-5e93-4e0c-80eb-9aed64664243 state=[presentation, {   "renderer": "humanoid",   "model": "survivor",   "scale": 1.0,   "variant": "default" }]
10:45:27 info: BridgeServer[0] Entity state forwarded: 7dtd -> minecraft (update, 524e1209-5e93-4e0c-80eb-9aed64664243)
10:45:27 info: BridgeServer[0] Entity registry: updated, id=524e1209-5e93-4e0c-80eb-9aed64664243, count=1
10:45:27 info: BridgeServer[0] [Presentation] entity=524e1209-5e93-4e0c-80eb-9aed64664243 state=[presentation, {   "renderer": "humanoid",   "model": "survivor",   "scale": 1.0,   "variant": "default" }]
10:45:27 info: BridgeServer[0] Entity state forwarded: 7dtd -> minecraft (update, 524e1209-5e93-4e0c-80eb-9aed64664243)
10:45:28 info: BridgeServer[0] Entity registry: updated, id=524e1209-5e93-4e0c-80eb-9aed64664243, count=1
10:45:28 info: BridgeServer[0] [Presentation] entity=524e1209-5e93-4e0c-80eb-9aed64664243 state=[presentation, {   "renderer": "humanoid",   "model": "survivor",   "scale": 1.0,   "variant": "default" }]
10:45:28 info: BridgeServer[0] Entity state forwarded: 7dtd -> minecraft (update, 524e1209-5e93-4e0c-80eb-9aed64664243)
10:45:28 info: BridgeServer[0] Entity registry: updated, id=524e1209-5e93-4e0c-80eb-9aed64664243, count=1
10:45:28 info: BridgeServer[0] [Presentation] entity=524e1209-5e93-4e0c-80eb-9aed64664243 state=[presentation, {   "renderer": "humanoid",   "model": "survivor",   "scale": 1.0,   "variant": "default" }]
10:45:28 info: BridgeServer[0] Entity state forwarded: 7dtd -> minecraft (update, 524e1209-5e93-4e0c-80eb-9aed64664243)
10:45:29 info: BridgeServer[0] Entity registry: updated, id=524e1209-5e93-4e0c-80eb-9aed64664243, count=1
10:45:29 info: BridgeServer[0] [Presentation] entity=524e1209-5e93-4e0c-80eb-9aed64664243 state=[presentation, {   "renderer": "humanoid",   "model": "survivor",   "scale": 1.0,   "variant": "default" }]
10:45:29 info: BridgeServer[0] Entity state forwarded: 7dtd -> minecraft (update, 524e1209-5e93-4e0c-80eb-9aed64664243)
10:45:29 info: BridgeServer[0] Entity registry: updated, id=524e1209-5e93-4e0c-80eb-9aed64664243, count=1
10:45:29 info: BridgeServer[0] [Presentation] entity=524e1209-5e93-4e0c-80eb-9aed64664243 state=[presentation, {   "renderer": "humanoid",   "model": "survivor",   "scale": 1.0,   "variant": "default" }]
10:45:29 info: BridgeServer[0] Entity state forwarded: 7dtd -> minecraft (update, 524e1209-5e93-4e0c-80eb-9aed64664243)
10:45:30 info: BridgeServer[0] Entity registry: updated, id=524e1209-5e93-4e0c-80eb-9aed64664243, count=1
10:45:30 info: BridgeServer[0] [Presentation] entity=524e1209-5e93-4e0c-80eb-9aed64664243 state=[presentation, {   "renderer": "humanoid",   "model": "survivor",   "scale": 1.0,   "variant": "default" }]
10:45:30 info: BridgeServer[0] Entity state forwarded: 7dtd -> minecraft (update, 524e1209-5e93-4e0c-80eb-9aed64664243)
10:45:30 info: BridgeServer[0] Entity registry: updated, id=524e1209-5e93-4e0c-80eb-9aed64664243, count=1
10:45:30 info: BridgeServer[0] [Presentation] entity=524e1209-5e93-4e0c-80eb-9aed64664243 state=[presentation, {   "renderer": "humanoid",   "model": "survivor",   "scale": 1.0,   "variant": "default" }]
10:45:30 info: BridgeServer[0] Entity state forwarded: 7dtd -> minecraft (update, 524e1209-5e93-4e0c-80eb-9aed64664243)
10:45:31 info: BridgeServer[0] Entity registry: updated, id=524e1209-5e93-4e0c-80eb-9aed64664243, count=1
10:45:31 info: BridgeServer[0] [Presentation] entity=524e1209-5e93-4e0c-80eb-9aed64664243 state=[presentation, {   "renderer": "humanoid",   "model": "survivor",   "scale": 1.0,   "variant": "default" }]
10:45:31 info: BridgeServer[0] Entity state forwarded: 7dtd -> minecraft (update, 524e1209-5e93-4e0c-80eb-9aed64664243)
10:45:31 info: BridgeServer[0] Entity registry: updated, id=524e1209-5e93-4e0c-80eb-9aed64664243, count=1
10:45:31 info: BridgeServer[0] [Presentation] entity=524e1209-5e93-4e0c-80eb-9aed64664243 state=[presentation, {   "renderer": "humanoid",   "model": "survivor",   "scale": 1.0,   "variant": "default" }]
10:45:31 info: BridgeServer[0] Entity state forwarded: 7dtd -> minecraft (update, 524e1209-5e93-4e0c-80eb-9aed64664243)
10:45:32 info: BridgeServer[0] Entity registry: updated, id=524e1209-5e93-4e0c-80eb-9aed64664243, count=1
10:45:32 info: BridgeServer[0] [Presentation] entity=524e1209-5e93-4e0c-80eb-9aed64664243 state=[presentation, {   "renderer": "humanoid",   "model": "survivor",   "scale": 1.0,   "variant": "default" }]
10:45:32 info: BridgeServer[0] Entity state forwarded: 7dtd -> minecraft (update, 524e1209-5e93-4e0c-80eb-9aed64664243)
10:45:32 info: BridgeServer[0] Entity registry: updated, id=524e1209-5e93-4e0c-80eb-9aed64664243, count=1
10:45:32 info: BridgeServer[0] [Presentation] entity=524e1209-5e93-4e0c-80eb-9aed64664243 state=[presentation, {   "renderer": "humanoid",   "model": "survivor",   "scale": 1.0,   "variant": "default" }]
10:45:32 info: BridgeServer[0] Entity state forwarded: 7dtd -> minecraft (update, 524e1209-5e93-4e0c-80eb-9aed64664243)
10:45:33 info: BridgeServer[0] Entity registry: updated, id=524e1209-5e93-4e0c-80eb-9aed64664243, count=1
10:45:33 info: BridgeServer[0] [Presentation] entity=524e1209-5e93-4e0c-80eb-9aed64664243 state=[presentation, {   "renderer": "humanoid",   "model": "survivor",   "scale": 1.0,   "variant": "default" }]
10:45:33 info: BridgeServer[0] Entity state forwarded: 7dtd -> minecraft (update, 524e1209-5e93-4e0c-80eb-9aed64664243)
10:45:33 info: BridgeServer[0] Entity registry: updated, id=524e1209-5e93-4e0c-80eb-9aed64664243, count=1
10:45:33 info: BridgeServer[0] [Presentation] entity=524e1209-5e93-4e0c-80eb-9aed64664243 state=[presentation, {   "renderer": "humanoid",   "model": "survivor",   "scale": 1.0,   "variant": "default" }]
10:45:33 info: BridgeServer[0] Entity state forwarded: 7dtd -> minecraft (update, 524e1209-5e93-4e0c-80eb-9aed64664243)
10:45:34 info: BridgeServer[0] Entity registry: updated, id=524e1209-5e93-4e0c-80eb-9aed64664243, count=1
10:45:34 info: BridgeServer[0] [Presentation] entity=524e1209-5e93-4e0c-80eb-9aed64664243 state=[presentation, {   "renderer": "humanoid",   "model": "survivor",   "scale": 1.0,   "variant": "default" }]
10:45:34 info: BridgeServer[0] Entity state forwarded: 7dtd -> minecraft (update, 524e1209-5e93-4e0c-80eb-9aed64664243)
10:45:34 info: BridgeServer[0] Entity registry: updated, id=524e1209-5e93-4e0c-80eb-9aed64664243, count=1
10:45:34 info: BridgeServer[0] [Presentation] entity=524e1209-5e93-4e0c-80eb-9aed64664243 state=[presentation, {   "renderer": "humanoid",   "model": "survivor",   "scale": 1.0,   "variant": "default" }]
10:45:34 info: BridgeServer[0] Entity state forwarded: 7dtd -> minecraft (update, 524e1209-5e93-4e0c-80eb-9aed64664243)
10:45:35 info: BridgeServer[0] Entity registry: updated, id=524e1209-5e93-4e0c-80eb-9aed64664243, count=1
10:45:35 info: BridgeServer[0] [Presentation] entity=524e1209-5e93-4e0c-80eb-9aed64664243 state=[presentation, {   "renderer": "humanoid",   "model": "survivor",   "scale": 1.0,   "variant": "default" }]
10:45:35 info: BridgeServer[0] Entity state forwarded: 7dtd -> minecraft (update, 524e1209-5e93-4e0c-80eb-9aed64664243)
10:45:35 info: BridgeServer[0] Entity registry: updated, id=524e1209-5e93-4e0c-80eb-9aed64664243, count=1
10:45:35 info: BridgeServer[0] [Presentation] entity=524e1209-5e93-4e0c-80eb-9aed64664243 state=[presentation, {   "renderer": "humanoid",   "model": "survivor",   "scale": 1.0,   "variant": "default" }]
10:45:35 info: BridgeServer[0] Entity state forwarded: 7dtd -> minecraft (update, 524e1209-5e93-4e0c-80eb-9aed64664243)
10:45:36 info: BridgeServer[0] Entity registry: updated, id=524e1209-5e93-4e0c-80eb-9aed64664243, count=1
10:45:36 info: BridgeServer[0] [Presentation] entity=524e1209-5e93-4e0c-80eb-9aed64664243 state=[presentation, {   "renderer": "humanoid",   "model": "survivor",   "scale": 1.0,   "variant": "default" }]
10:45:36 info: BridgeServer[0] Entity state forwarded: 7dtd -> minecraft (update, 524e1209-5e93-4e0c-80eb-9aed64664243)
10:45:36 info: BridgeServer[0] Entity registry: updated, id=524e1209-5e93-4e0c-80eb-9aed64664243, count=1
10:45:36 info: BridgeServer[0] [Presentation] entity=524e1209-5e93-4e0c-80eb-9aed64664243 state=[presentation, {   "renderer": "humanoid",   "model": "survivor",   "scale": 1.0,   "variant": "default" }]
10:45:36 info: BridgeServer[0] Entity state forwarded: 7dtd -> minecraft (update, 524e1209-5e93-4e0c-80eb-9aed64664243)
10:45:37 info: BridgeServer[0] Entity registry: updated, id=524e1209-5e93-4e0c-80eb-9aed64664243, count=1
10:45:37 info: BridgeServer[0] [Presentation] entity=524e1209-5e93-4e0c-80eb-9aed64664243 state=[presentation, {   "renderer": "humanoid",   "model": "survivor",   "scale": 1.0,   "variant": "default" }]
10:45:37 info: BridgeServer[0] Entity state forwarded: 7dtd -> minecraft (update, 524e1209-5e93-4e0c-80eb-9aed64664243)
10:45:37 info: BridgeServer[0] Entity registry: updated, id=524e1209-5e93-4e0c-80eb-9aed64664243, count=1
10:45:37 info: BridgeServer[0] [Presentation] entity=524e1209-5e93-4e0c-80eb-9aed64664243 state=[presentation, {   "renderer": "humanoid",   "model": "survivor",   "scale": 1.0,   "variant": "default" }]
10:45:37 info: BridgeServer[0] Entity state forwarded: 7dtd -> minecraft (update, 524e1209-5e93-4e0c-80eb-9aed64664243)
10:45:38 info: BridgeServer[0] Entity registry: updated, id=524e1209-5e93-4e0c-80eb-9aed64664243, count=1
10:45:38 info: BridgeServer[0] [Presentation] entity=524e1209-5e93-4e0c-80eb-9aed64664243 state=[presentation, {   "renderer": "humanoid",   "model": "survivor",   "scale": 1.0,   "variant": "default" }]
10:45:38 info: BridgeServer[0] Entity state forwarded: 7dtd -> minecraft (update, 524e1209-5e93-4e0c-80eb-9aed64664243)
10:45:38 info: BridgeServer[0] Entity registry: updated, id=524e1209-5e93-4e0c-80eb-9aed64664243, count=1
10:45:38 info: BridgeServer[0] [Presentation] entity=524e1209-5e93-4e0c-80eb-9aed64664243 state=[presentation, {   "renderer": "humanoid",   "model": "survivor",   "scale": 1.0,   "variant": "default" }]
10:45:38 info: BridgeServer[0] Entity state forwarded: 7dtd -> minecraft (update, 524e1209-5e93-4e0c-80eb-9aed64664243)
10:45:39 info: BridgeServer[0] Entity registry: updated, id=524e1209-5e93-4e0c-80eb-9aed64664243, count=1
10:45:39 info: BridgeServer[0] [Presentation] entity=524e1209-5e93-4e0c-80eb-9aed64664243 state=[presentation, {   "renderer": "humanoid",   "model": "survivor",   "scale": 1.0,   "variant": "default" }]
10:45:39 info: BridgeServer[0] Entity state forwarded: 7dtd -> minecraft (update, 524e1209-5e93-4e0c-80eb-9aed64664243)
10:45:39 info: BridgeServer[0] Entity registry: updated, id=524e1209-5e93-4e0c-80eb-9aed64664243, count=1
10:45:39 info: BridgeServer[0] [Presentation] entity=524e1209-5e93-4e0c-80eb-9aed64664243 state=[presentation, {   "renderer": "humanoid",   "model": "survivor",   "scale": 1.0,   "variant": "default" }]
10:45:39 info: BridgeServer[0] Entity state forwarded: 7dtd -> minecraft (update, 524e1209-5e93-4e0c-80eb-9aed64664243)
10:45:40 info: BridgeServer[0] Entity registry: updated, id=524e1209-5e93-4e0c-80eb-9aed64664243, count=1
10:45:40 info: BridgeServer[0] [Presentation] entity=524e1209-5e93-4e0c-80eb-9aed64664243 state=[presentation, {   "renderer": "humanoid",   "model": "survivor",   "scale": 1.0,   "variant": "default" }]
10:45:40 info: BridgeServer[0] Entity state forwarded: 7dtd -> minecraft (update, 524e1209-5e93-4e0c-80eb-9aed64664243)
10:45:40 info: BridgeServer[0] Entity registry: updated, id=524e1209-5e93-4e0c-80eb-9aed64664243, count=1
10:45:40 info: BridgeServer[0] [Presentation] entity=524e1209-5e93-4e0c-80eb-9aed64664243 state=[presentation, {   "renderer": "humanoid",   "model": "survivor",   "scale": 1.0,   "variant": "default" }]
10:45:40 info: BridgeServer[0] Entity state forwarded: 7dtd -> minecraft (update, 524e1209-5e93-4e0c-80eb-9aed64664243)
10:45:41 info: BridgeServer[0] Entity registry: updated, id=524e1209-5e93-4e0c-80eb-9aed64664243, count=1
10:45:41 info: BridgeServer[0] [Presentation] entity=524e1209-5e93-4e0c-80eb-9aed64664243 state=[presentation, {   "renderer": "humanoid",   "model": "survivor",   "scale": 1.0,   "variant": "default" }]
10:45:41 info: BridgeServer[0] Entity state forwarded: 7dtd -> minecraft (update, 524e1209-5e93-4e0c-80eb-9aed64664243)
10:45:41 info: BridgeServer[0] Entity registry: updated, id=524e1209-5e93-4e0c-80eb-9aed64664243, count=1
10:45:41 info: BridgeServer[0] [Presentation] entity=524e1209-5e93-4e0c-80eb-9aed64664243 state=[presentation, {   "renderer": "humanoid",   "model": "survivor",   "scale": 1.0,   "variant": "default" }]
10:45:41 info: BridgeServer[0] Entity state forwarded: 7dtd -> minecraft (update, 524e1209-5e93-4e0c-80eb-9aed64664243)
10:45:42 info: BridgeServer[0] Entity registry: updated, id=524e1209-5e93-4e0c-80eb-9aed64664243, count=1
10:45:42 info: BridgeServer[0] [Presentation] entity=524e1209-5e93-4e0c-80eb-9aed64664243 state=[presentation, {   "renderer": "humanoid",   "model": "survivor",   "scale": 1.0,   "variant": "default" }]
10:45:42 info: BridgeServer[0] Entity state forwarded: 7dtd -> minecraft (update, 524e1209-5e93-4e0c-80eb-9aed64664243)
10:45:42 info: BridgeServer[0] Entity registry: updated, id=524e1209-5e93-4e0c-80eb-9aed64664243, count=1
10:45:42 info: BridgeServer[0] [Presentation] entity=524e1209-5e93-4e0c-80eb-9aed64664243 state=[presentation, {   "renderer": "humanoid",   "model": "survivor",   "scale": 1.0,   "variant": "default" }]
10:45:42 info: BridgeServer[0] Entity state forwarded: 7dtd -> minecraft (update, 524e1209-5e93-4e0c-80eb-9aed64664243)
10:45:43 info: BridgeServer[0] Entity registry: updated, id=524e1209-5e93-4e0c-80eb-9aed64664243, count=1
10:45:43 info: BridgeServer[0] [Presentation] entity=524e1209-5e93-4e0c-80eb-9aed64664243 state=[presentation, {   "renderer": "humanoid",   "model": "survivor",   "scale": 1.0,   "variant": "default" }]
10:45:43 info: BridgeServer[0] Entity state forwarded: 7dtd -> minecraft (update, 524e1209-5e93-4e0c-80eb-9aed64664243)
10:45:43 info: BridgeServer[0] Entity registry: updated, id=524e1209-5e93-4e0c-80eb-9aed64664243, count=1
10:45:43 info: BridgeServer[0] [Presentation] entity=524e1209-5e93-4e0c-80eb-9aed64664243 state=[presentation, {   "renderer": "humanoid",   "model": "survivor",   "scale": 1.0,   "variant": "default" }]
10:45:43 info: BridgeServer[0] Entity state forwarded: 7dtd -> minecraft (update, 524e1209-5e93-4e0c-80eb-9aed64664243)
10:45:44 info: BridgeServer[0] Entity registry: updated, id=524e1209-5e93-4e0c-80eb-9aed64664243, count=1
10:45:44 info: BridgeServer[0] [Presentation] entity=524e1209-5e93-4e0c-80eb-9aed64664243 state=[presentation, {   "renderer": "humanoid",   "model": "survivor",   "scale": 1.0,   "variant": "default" }]
10:45:44 info: BridgeServer[0] Entity state forwarded: 7dtd -> minecraft (update, 524e1209-5e93-4e0c-80eb-9aed64664243)
10:45:44 info: BridgeServer[0] Entity registry: updated, id=524e1209-5e93-4e0c-80eb-9aed64664243, count=1
10:45:44 info: BridgeServer[0] [Presentation] entity=524e1209-5e93-4e0c-80eb-9aed64664243 state=[presentation, {   "renderer": "humanoid",   "model": "survivor",   "scale": 1.0,   "variant": "default" }]
10:45:44 info: BridgeServer[0] Entity state forwarded: 7dtd -> minecraft (update, 524e1209-5e93-4e0c-80eb-9aed64664243)
10:45:45 info: BridgeServer[0] Entity registry: updated, id=524e1209-5e93-4e0c-80eb-9aed64664243, count=1
10:45:45 info: BridgeServer[0] [Presentation] entity=524e1209-5e93-4e0c-80eb-9aed64664243 state=[presentation, {   "renderer": "humanoid",   "model": "survivor",   "scale": 1.0,   "variant": "default" }]
10:45:45 info: BridgeServer[0] Entity state forwarded: 7dtd -> minecraft (update, 524e1209-5e93-4e0c-80eb-9aed64664243)
10:45:45 info: BridgeServer[0] Entity registry: updated, id=524e1209-5e93-4e0c-80eb-9aed64664243, count=1
10:45:45 info: BridgeServer[0] [Presentation] entity=524e1209-5e93-4e0c-80eb-9aed64664243 state=[presentation, {   "renderer": "humanoid",   "model": "survivor",   "scale": 1.0,   "variant": "default" }]
10:45:45 info: BridgeServer[0] Entity state forwarded: 7dtd -> minecraft (update, 524e1209-5e93-4e0c-80eb-9aed64664243)
10:45:46 info: BridgeServer[0] Entity registry: updated, id=524e1209-5e93-4e0c-80eb-9aed64664243, count=1
10:45:46 info: BridgeServer[0] [Presentation] entity=524e1209-5e93-4e0c-80eb-9aed64664243 state=[presentation, {   "renderer": "humanoid",   "model": "survivor",   "scale": 1.0,   "variant": "default" }]
10:45:46 info: BridgeServer[0] Entity state forwarded: 7dtd -> minecraft (update, 524e1209-5e93-4e0c-80eb-9aed64664243)
10:45:46 info: BridgeServer[0] Entity registry: updated, id=524e1209-5e93-4e0c-80eb-9aed64664243, count=1
10:45:46 info: BridgeServer[0] [Presentation] entity=524e1209-5e93-4e0c-80eb-9aed64664243 state=[presentation, {   "renderer": "humanoid",   "model": "survivor",   "scale": 1.0,   "variant": "default" }]
10:45:46 info: BridgeServer[0] Entity state forwarded: 7dtd -> minecraft (update, 524e1209-5e93-4e0c-80eb-9aed64664243)
10:45:47 info: BridgeServer[0] Entity registry: updated, id=524e1209-5e93-4e0c-80eb-9aed64664243, count=1
10:45:47 info: BridgeServer[0] [Presentation] entity=524e1209-5e93-4e0c-80eb-9aed64664243 state=[presentation, {   "renderer": "humanoid",   "model": "survivor",   "scale": 1.0,   "variant": "default" }]
10:45:47 info: BridgeServer[0] Entity state forwarded: 7dtd -> minecraft (update, 524e1209-5e93-4e0c-80eb-9aed64664243)
10:45:47 info: BridgeServer[0] Entity registry: updated, id=524e1209-5e93-4e0c-80eb-9aed64664243, count=1
10:45:47 info: BridgeServer[0] [Presentation] entity=524e1209-5e93-4e0c-80eb-9aed64664243 state=[presentation, {   "renderer": "humanoid",   "model": "survivor",   "scale": 1.0,   "variant": "default" }]
10:45:47 info: BridgeServer[0] Entity state forwarded: 7dtd -> minecraft (update, 524e1209-5e93-4e0c-80eb-9aed64664243)
10:45:48 info: BridgeServer[0] Entity registry: updated, id=524e1209-5e93-4e0c-80eb-9aed64664243, count=1
10:45:48 info: BridgeServer[0] [Presentation] entity=524e1209-5e93-4e0c-80eb-9aed64664243 state=[presentation, {   "renderer": "humanoid",   "model": "survivor",   "scale": 1.0,   "variant": "default" }]
10:45:48 info: BridgeServer[0] Entity state forwarded: 7dtd -> minecraft (update, 524e1209-5e93-4e0c-80eb-9aed64664243)
10:45:48 warn: BridgeServer[0] Health component rejected: unsupported_component
10:45:48 info: BridgeServer[0] Entity registry: updated, id=524e1209-5e93-4e0c-80eb-9aed64664243, count=1
10:45:48 info: BridgeServer[0] [Presentation] entity=524e1209-5e93-4e0c-80eb-9aed64664243 state=[presentation, {   "renderer": "humanoid",   "model": "survivor",   "scale": 1.0,   "variant": "default" }]
10:45:48 info: BridgeServer[0] Entity state forwarded: 7dtd -> minecraft (update, 524e1209-5e93-4e0c-80eb-9aed64664243)
10:45:49 info: BridgeServer[0] Entity registry: updated, id=524e1209-5e93-4e0c-80eb-9aed64664243, count=1
10:45:49 info: BridgeServer[0] [Presentation] entity=524e1209-5e93-4e0c-80eb-9aed64664243 state=[presentation, {   "renderer": "humanoid",   "model": "survivor",   "scale": 1.0,   "variant": "default" }]
10:45:49 info: BridgeServer[0] Entity state forwarded: 7dtd -> minecraft (update, 524e1209-5e93-4e0c-80eb-9aed64664243)
10:45:49 info: BridgeServer[0] Entity registry: updated, id=524e1209-5e93-4e0c-80eb-9aed64664243, count=1
10:45:49 info: BridgeServer[0] [Presentation] entity=524e1209-5e93-4e0c-80eb-9aed64664243 state=[presentation, {   "renderer": "humanoid",   "model": "survivor",   "scale": 1.0,   "variant": "default" }]
10:45:49 info: BridgeServer[0] Entity state forwarded: 7dtd -> minecraft (update, 524e1209-5e93-4e0c-80eb-9aed64664243)
10:45:50 info: BridgeServer[0] Entity registry: updated, id=524e1209-5e93-4e0c-80eb-9aed64664243, count=1
10:45:50 info: BridgeServer[0] [Presentation] entity=524e1209-5e93-4e0c-80eb-9aed64664243 state=[presentation, {   "renderer": "humanoid",   "model": "survivor",   "scale": 1.0,   "variant": "default" }]
10:45:50 info: BridgeServer[0] Entity state forwarded: 7dtd -> minecraft (update, 524e1209-5e93-4e0c-80eb-9aed64664243)
10:45:50 warn: BridgeServer[0] Health component rejected: unsupported_component
10:45:50 info: BridgeServer[0] Entity registry: updated, id=524e1209-5e93-4e0c-80eb-9aed64664243, count=1
10:45:50 info: BridgeServer[0] [Presentation] entity=524e1209-5e93-4e0c-80eb-9aed64664243 state=[presentation, {   "renderer": "humanoid",   "model": "survivor",   "scale": 1.0,   "variant": "default" }]
10:45:50 info: BridgeServer[0] Entity state forwarded: 7dtd -> minecraft (update, 524e1209-5e93-4e0c-80eb-9aed64664243)
10:45:51 info: BridgeServer[0] Entity registry: updated, id=524e1209-5e93-4e0c-80eb-9aed64664243, count=1
10:45:51 info: BridgeServer[0] [Presentation] entity=524e1209-5e93-4e0c-80eb-9aed64664243 state=[presentation, {   "renderer": "humanoid",   "model": "survivor",   "scale": 1.0,   "variant": "default" }]
10:45:51 info: BridgeServer[0] Entity state forwarded: 7dtd -> minecraft (update, 524e1209-5e93-4e0c-80eb-9aed64664243)
10:45:51 info: BridgeServer[0] Entity registry: updated, id=524e1209-5e93-4e0c-80eb-9aed64664243, count=1
10:45:51 info: BridgeServer[0] [Presentation] entity=524e1209-5e93-4e0c-80eb-9aed64664243 state=[presentation, {   "renderer": "humanoid",   "model": "survivor",   "scale": 1.0,   "variant": "default" }]
10:45:51 info: BridgeServer[0] Entity state forwarded: 7dtd -> minecraft (update, 524e1209-5e93-4e0c-80eb-9aed64664243)
10:45:52 info: BridgeServer[0] Entity registry: updated, id=524e1209-5e93-4e0c-80eb-9aed64664243, count=1
10:45:52 info: BridgeServer[0] [Presentation] entity=524e1209-5e93-4e0c-80eb-9aed64664243 state=[presentation, {   "renderer": "humanoid",   "model": "survivor",   "scale": 1.0,   "variant": "default" }]
10:45:52 info: BridgeServer[0] Entity state forwarded: 7dtd -> minecraft (update, 524e1209-5e93-4e0c-80eb-9aed64664243)
10:45:52 info: BridgeServer[0] Entity registry: updated, id=524e1209-5e93-4e0c-80eb-9aed64664243, count=1
10:45:52 info: BridgeServer[0] [Presentation] entity=524e1209-5e93-4e0c-80eb-9aed64664243 state=[presentation, {   "renderer": "humanoid",   "model": "survivor",   "scale": 1.0,   "variant": "default" }]
10:45:52 info: BridgeServer[0] Entity state forwarded: 7dtd -> minecraft (update, 524e1209-5e93-4e0c-80eb-9aed64664243)
10:45:53 info: BridgeServer[0] Entity registry: updated, id=524e1209-5e93-4e0c-80eb-9aed64664243, count=1
10:45:53 info: BridgeServer[0] [Presentation] entity=524e1209-5e93-4e0c-80eb-9aed64664243 state=[presentation, {   "renderer": "humanoid",   "model": "survivor",   "scale": 1.0,   "variant": "default" }]
10:45:53 info: BridgeServer[0] Entity state forwarded: 7dtd -> minecraft (update, 524e1209-5e93-4e0c-80eb-9aed64664243)
10:45:53 info: BridgeServer[0] Entity registry: updated, id=524e1209-5e93-4e0c-80eb-9aed64664243, count=1
10:45:53 info: BridgeServer[0] [Presentation] entity=524e1209-5e93-4e0c-80eb-9aed64664243 state=[presentation, {   "renderer": "humanoid",   "model": "survivor",   "scale": 1.0,   "variant": "default" }]
10:45:53 info: BridgeServer[0] Entity state forwarded: 7dtd -> minecraft (update, 524e1209-5e93-4e0c-80eb-9aed64664243)
10:45:54 info: BridgeServer[0] Entity registry: updated, id=524e1209-5e93-4e0c-80eb-9aed64664243, count=1
10:45:54 info: BridgeServer[0] [Presentation] entity=524e1209-5e93-4e0c-80eb-9aed64664243 state=[presentation, {   "renderer": "humanoid",   "model": "survivor",   "scale": 1.0,   "variant": "default" }]
10:45:54 info: BridgeServer[0] Entity state forwarded: 7dtd -> minecraft (update, 524e1209-5e93-4e0c-80eb-9aed64664243)
10:45:54 info: BridgeServer[0] Entity registry: updated, id=524e1209-5e93-4e0c-80eb-9aed64664243, count=1
10:45:54 info: BridgeServer[0] [Presentation] entity=524e1209-5e93-4e0c-80eb-9aed64664243 state=[presentation, {   "renderer": "humanoid",   "model": "survivor",   "scale": 1.0,   "variant": "default" }]
10:45:54 info: BridgeServer[0] Entity state forwarded: 7dtd -> minecraft (update, 524e1209-5e93-4e0c-80eb-9aed64664243)
10:45:54 warn: BridgeServer[0] Health component rejected: unsupported_component
10:45:55 info: BridgeServer[0] Entity registry: updated, id=524e1209-5e93-4e0c-80eb-9aed64664243, count=1
10:45:55 info: BridgeServer[0] [Presentation] entity=524e1209-5e93-4e0c-80eb-9aed64664243 state=[presentation, {   "renderer": "humanoid",   "model": "survivor",   "scale": 1.0,   "variant": "default" }]
10:45:55 info: BridgeServer[0] Entity state forwarded: 7dtd -> minecraft (update, 524e1209-5e93-4e0c-80eb-9aed64664243)
10:45:55 info: BridgeServer[0] Entity registry: updated, id=524e1209-5e93-4e0c-80eb-9aed64664243, count=1
10:45:55 info: BridgeServer[0] [Presentation] entity=524e1209-5e93-4e0c-80eb-9aed64664243 state=[presentation, {   "renderer": "humanoid",   "model": "survivor",   "scale": 1.0,   "variant": "default" }]
10:45:55 info: BridgeServer[0] Entity state forwarded: 7dtd -> minecraft (update, 524e1209-5e93-4e0c-80eb-9aed64664243)
10:45:56 info: BridgeServer[0] Entity registry: updated, id=524e1209-5e93-4e0c-80eb-9aed64664243, count=1
10:45:56 info: BridgeServer[0] [Presentation] entity=524e1209-5e93-4e0c-80eb-9aed64664243 state=[presentation, {   "renderer": "humanoid",   "model": "survivor",   "scale": 1.0,   "variant": "default" }]
10:45:56 info: BridgeServer[0] Entity state forwarded: 7dtd -> minecraft (update, 524e1209-5e93-4e0c-80eb-9aed64664243)
10:45:56 info: BridgeServer[0] Entity registry: updated, id=524e1209-5e93-4e0c-80eb-9aed64664243, count=1
10:45:56 info: BridgeServer[0] [Presentation] entity=524e1209-5e93-4e0c-80eb-9aed64664243 state=[presentation, {   "renderer": "humanoid",   "model": "survivor",   "scale": 1.0,   "variant": "default" }]
10:45:56 info: BridgeServer[0] Entity state forwarded: 7dtd -> minecraft (update, 524e1209-5e93-4e0c-80eb-9aed64664243)
10:45:57 info: BridgeServer[0] Entity registry: updated, id=524e1209-5e93-4e0c-80eb-9aed64664243, count=1
10:45:57 info: BridgeServer[0] [Presentation] entity=524e1209-5e93-4e0c-80eb-9aed64664243 state=[presentation, {   "renderer": "humanoid",   "model": "survivor",   "scale": 1.0,   "variant": "default" }]
10:45:57 info: BridgeServer[0] Entity state forwarded: 7dtd -> minecraft (update, 524e1209-5e93-4e0c-80eb-9aed64664243)
10:45:57 info: BridgeServer[0] Entity registry: updated, id=524e1209-5e93-4e0c-80eb-9aed64664243, count=1
10:45:57 info: BridgeServer[0] [Presentation] entity=524e1209-5e93-4e0c-80eb-9aed64664243 state=[presentation, {   "renderer": "humanoid",   "model": "survivor",   "scale": 1.0,   "variant": "default" }]
10:45:57 info: BridgeServer[0] Entity state forwarded: 7dtd -> minecraft (update, 524e1209-5e93-4e0c-80eb-9aed64664243)
10:45:58 info: BridgeServer[0] Entity registry: updated, id=524e1209-5e93-4e0c-80eb-9aed64664243, count=1
10:45:58 info: BridgeServer[0] [Presentation] entity=524e1209-5e93-4e0c-80eb-9aed64664243 state=[presentation, {   "renderer": "humanoid",   "model": "survivor",   "scale": 1.0,   "variant": "default" }]
10:45:58 info: BridgeServer[0] Entity state forwarded: 7dtd -> minecraft (update, 524e1209-5e93-4e0c-80eb-9aed64664243)
10:45:58 info: BridgeServer[0] Entity registry: updated, id=524e1209-5e93-4e0c-80eb-9aed64664243, count=1
10:45:58 info: BridgeServer[0] [Presentation] entity=524e1209-5e93-4e0c-80eb-9aed64664243 state=[presentation, {   "renderer": "humanoid",   "model": "survivor",   "scale": 1.0,   "variant": "default" }]
10:45:58 info: BridgeServer[0] Entity state forwarded: 7dtd -> minecraft (update, 524e1209-5e93-4e0c-80eb-9aed64664243)
10:45:59 info: BridgeServer[0] Entity registry: updated, id=524e1209-5e93-4e0c-80eb-9aed64664243, count=1
10:45:59 info: BridgeServer[0] [Presentation] entity=524e1209-5e93-4e0c-80eb-9aed64664243 state=[presentation, {   "renderer": "humanoid",   "model": "survivor",   "scale": 1.0,   "variant": "default" }]
10:45:59 info: BridgeServer[0] Entity state forwarded: 7dtd -> minecraft (update, 524e1209-5e93-4e0c-80eb-9aed64664243)
10:45:59 info: BridgeServer[0] Entity registry: updated, id=524e1209-5e93-4e0c-80eb-9aed64664243, count=1
10:45:59 info: BridgeServer[0] [Presentation] entity=524e1209-5e93-4e0c-80eb-9aed64664243 state=[presentation, {   "renderer": "humanoid",   "model": "survivor",   "scale": 1.0,   "variant": "default" }]
10:45:59 info: BridgeServer[0] Entity state forwarded: 7dtd -> minecraft (update, 524e1209-5e93-4e0c-80eb-9aed64664243)
10:46:00 info: BridgeServer[0] Entity registry: updated, id=524e1209-5e93-4e0c-80eb-9aed64664243, count=1
10:46:00 info: BridgeServer[0] [Presentation] entity=524e1209-5e93-4e0c-80eb-9aed64664243 state=[presentation, {   "renderer": "humanoid",   "model": "survivor",   "scale": 1.0,   "variant": "default" }]
10:46:00 info: BridgeServer[0] Entity state forwarded: 7dtd -> minecraft (update, 524e1209-5e93-4e0c-80eb-9aed64664243)
10:46:00 info: BridgeServer[0] Entity registry: updated, id=524e1209-5e93-4e0c-80eb-9aed64664243, count=1
10:46:00 info: BridgeServer[0] [Presentation] entity=524e1209-5e93-4e0c-80eb-9aed64664243 state=[presentation, {   "renderer": "humanoid",   "model": "survivor",   "scale": 1.0,   "variant": "default" }]
10:46:00 info: BridgeServer[0] Entity state forwarded: 7dtd -> minecraft (update, 524e1209-5e93-4e0c-80eb-9aed64664243)
10:46:01 info: BridgeServer[0] Entity registry: updated, id=524e1209-5e93-4e0c-80eb-9aed64664243, count=1
10:46:01 info: BridgeServer[0] [Presentation] entity=524e1209-5e93-4e0c-80eb-9aed64664243 state=[presentation, {   "renderer": "humanoid",   "model": "survivor",   "scale": 1.0,   "variant": "default" }]
10:46:01 info: BridgeServer[0] Entity state forwarded: 7dtd -> minecraft (update, 524e1209-5e93-4e0c-80eb-9aed64664243)
10:46:01 info: BridgeServer[0] Entity registry: updated, id=524e1209-5e93-4e0c-80eb-9aed64664243, count=1
10:46:01 info: BridgeServer[0] [Presentation] entity=524e1209-5e93-4e0c-80eb-9aed64664243 state=[presentation, {   "renderer": "humanoid",   "model": "survivor",   "scale": 1.0,   "variant": "default" }]
10:46:01 info: BridgeServer[0] Entity state forwarded: 7dtd -> minecraft (update, 524e1209-5e93-4e0c-80eb-9aed64664243)
10:46:02 info: BridgeServer[0] Entity registry: updated, id=524e1209-5e93-4e0c-80eb-9aed64664243, count=1
10:46:02 info: BridgeServer[0] [Presentation] entity=524e1209-5e93-4e0c-80eb-9aed64664243 state=[presentation, {   "renderer": "humanoid",   "model": "survivor",   "scale": 1.0,   "variant": "default" }]
10:46:02 info: BridgeServer[0] Entity state forwarded: 7dtd -> minecraft (update, 524e1209-5e93-4e0c-80eb-9aed64664243)
10:46:02 info: BridgeServer[0] Entity registry: updated, id=524e1209-5e93-4e0c-80eb-9aed64664243, count=1
10:46:02 info: BridgeServer[0] [Presentation] entity=524e1209-5e93-4e0c-80eb-9aed64664243 state=[presentation, {   "renderer": "humanoid",   "model": "survivor",   "scale": 1.0,   "variant": "default" }]
10:46:02 info: BridgeServer[0] Entity state forwarded: 7dtd -> minecraft (update, 524e1209-5e93-4e0c-80eb-9aed64664243)
10:46:03 info: BridgeServer[0] Entity registry: updated, id=524e1209-5e93-4e0c-80eb-9aed64664243, count=1
10:46:03 info: BridgeServer[0] [Presentation] entity=524e1209-5e93-4e0c-80eb-9aed64664243 state=[presentation, {   "renderer": "humanoid",   "model": "survivor",   "scale": 1.0,   "variant": "default" }]
10:46:03 info: BridgeServer[0] Entity state forwarded: 7dtd -> minecraft (update, 524e1209-5e93-4e0c-80eb-9aed64664243)
10:46:03 info: BridgeServer[0] Entity registry: updated, id=524e1209-5e93-4e0c-80eb-9aed64664243, count=1
10:46:03 info: BridgeServer[0] [Presentation] entity=524e1209-5e93-4e0c-80eb-9aed64664243 state=[presentation, {   "renderer": "humanoid",   "model": "survivor",   "scale": 1.0,   "variant": "default" }]
10:46:03 info: BridgeServer[0] Entity state forwarded: 7dtd -> minecraft (update, 524e1209-5e93-4e0c-80eb-9aed64664243)
10:46:04 info: BridgeServer[0] Entity registry: updated, id=524e1209-5e93-4e0c-80eb-9aed64664243, count=1
10:46:04 info: BridgeServer[0] [Presentation] entity=524e1209-5e93-4e0c-80eb-9aed64664243 state=[presentation, {   "renderer": "humanoid",   "model": "survivor",   "scale": 1.0,   "variant": "default" }]
10:46:04 info: BridgeServer[0] Entity state forwarded: 7dtd -> minecraft (update, 524e1209-5e93-4e0c-80eb-9aed64664243)
10:46:04 warn: BridgeServer[0] Health component rejected: unsupported_component
10:46:04 info: BridgeServer[0] Entity registry: despawned, id=524e1209-5e93-4e0c-80eb-9aed64664243, count=0
10:46:04 info: BridgeServer[0] Entity state forwarded: 7dtd -> minecraft (despawn, 524e1209-5e93-4e0c-80eb-9aed64664243)
10:48:48 info: Microsoft.AspNetCore.Server.Kestrel.Connections[34] Connection id "0HNP1NV3OFUDA", Request id "0HNP1NV3OFUDA:00000001": the application aborted the connection.
10:48:48 info: BridgeServer[0] Connection ended (7dtd): OperationCanceledException
10:48:48 info: BridgeServer[0] Entity registry reset: disconnected 7dtd, removed=1; fresh spawn required
10:48:48 info: BridgeServer[0] Disconnected: 7dtd
10:48:48 info: Microsoft.AspNetCore.Routing.EndpointMiddleware[1] Executed endpoint '/ws'
10:48:48 info: Microsoft.AspNetCore.Hosting.Diagnostics[2] Request finished HTTP/1.1 GET http://localhost:18771/ws - 101 - - 954011.8211ms
10:49:31 info: BridgeServer[0] Connection ended (minecraft): WebSocketException
10:49:31 info: BridgeServer[0] Entity registry reset: disconnected minecraft, removed=0; fresh spawn required
10:49:31 info: BridgeServer[0] Disconnected: minecraft
10:49:31 info: Microsoft.AspNetCore.Server.Kestrel.Connections[34] Connection id "0HNP1NV3OFUD9", Request id "0HNP1NV3OFUD9:00000001": the application aborted the connection.
10:49:31 info: Microsoft.AspNetCore.Routing.EndpointMiddleware[1] Executed endpoint '/ws'
10:49:31 info: Microsoft.AspNetCore.Hosting.Diagnostics[2] Request finished HTTP/1.1 GET http://localhost:18771/ws - 101 - - 1003120.4036ms
