[19:33:53] [main/INFO]: Loading Minecraft 1.21.11 with Fabric Loader 0.18.4
[19:33:53] [main/INFO]: Loading 49 mods:
	- fabric-api 0.140.2+1.21.11
	   |-- fabric-api-base 1.0.5+4ebb5c083e
	   |-- fabric-api-lookup-api-v1 1.6.113+1fb1cde93e
	   |-- fabric-biome-api-v1 17.1.1+4fc5413f3e
	   |-- fabric-block-api-v1 1.1.10+4ebb5c083e
	   |-- fabric-block-view-api-v2 1.0.39+4ebb5c083e
	   |-- fabric-command-api-v2 2.4.7+6b42a6003e
	   |-- fabric-content-registries-v0 10.2.14+4fc5413f3e
	   |-- fabric-convention-tags-v1 2.1.55+7f945d5b3e
	   |-- fabric-convention-tags-v2 2.17.3+8ef948ba3e
	   |-- fabric-crash-report-info-v1 0.3.23+4ebb5c083e
	   |-- fabric-data-attachment-api-v1 1.8.44+1fb1cde93e
	   |-- fabric-data-generation-api-v1 23.4.0+69974c4e3e
	   |-- fabric-dimensions-v1 4.0.28+4fc5413f3e
	   |-- fabric-entity-events-v1 3.0.5+4ebb5c083e
	   |-- fabric-events-interaction-v0 4.0.44+1fb1cde93e
	   |-- fabric-game-rule-api-v1 2.0.3+4fc5413f3e
	   |-- fabric-item-api-v1 11.5.20+d0c46b9e3e
	   |-- fabric-item-group-api-v1 4.2.36+4fc5413f3e
	   |-- fabric-key-binding-api-v1 1.1.7+4fc5413f3e
	   |-- fabric-lifecycle-events-v1 2.6.15+4ebb5c083e
	   |-- fabric-loot-api-v2 3.0.73+3f89f5a53e
	   |-- fabric-loot-api-v3 2.0.20+78c8b4663e
	   |-- fabric-message-api-v1 6.1.12+4ebb5c083e
	   |-- fabric-model-loading-api-v1 6.0.13+4fc5413f3e
	   |-- fabric-networking-api-v1 5.1.5+ae1e07683e
	   |-- fabric-object-builder-api-v1 21.1.39+4fc5413f3e
	   |-- fabric-particles-v1 4.2.11+4fc5413f3e
	   |-- fabric-recipe-api-v1 8.2.3+4ebb5c083e
	   |-- fabric-registry-sync-v0 6.2.5+1718722b3e
	   |-- fabric-renderer-api-v1 8.0.1+f4ffd2e53e
	   |-- fabric-renderer-indigo 5.0.1+f4ffd2e53e
	   |-- fabric-rendering-fluids-v1 3.1.43+4ebb5c083e
	   |-- fabric-rendering-v1 16.2.8+f4ffd2e53e
	   |-- fabric-resource-conditions-api-v1 5.0.35+4fc5413f3e
	   |-- fabric-resource-loader-v0 3.3.4+4fc5413f3e
	   |-- fabric-resource-loader-v1 1.0.10+78c8b4663e
	   |-- fabric-screen-api-v1 3.1.7+4ebb5c083e
	   |-- fabric-screen-handler-api-v1 1.3.161+4fc5413f3e
	   |-- fabric-serialization-api-v1 1.0.5+4ebb5c083e
	   |-- fabric-sound-api-v1 1.0.51+4fc5413f3e
	   |-- fabric-tag-api-v1 1.2.20+4fc5413f3e
	   |-- fabric-transfer-api-v1 6.0.24+4fc5413f3e
	   \-- fabric-transitive-access-wideners-v1 7.1.0+014c8cec3e
	- fabricloader 0.18.4
	   \-- mixinextras 0.5.0
	- java 21
	- mc7dtd_bridge 0.1.0
	- minecraft 1.21.11
[19:33:53] [main/INFO]: SpongePowered MIXIN Subsystem Version=0.8.7 Source=file:/D:/wenjian/minecraft/.minecraft/libraries/net/fabricmc/sponge-mixin/0.17.0+mixin.0.8.7/sponge-mixin-0.17.0+mixin.0.8.7.jar Service=Knot/Fabric Env=CLIENT
[19:33:54] [main/INFO]: Compatibility level set to JAVA_21
[19:33:55] [main/INFO]: Initializing MixinExtras via com.llamalad7.mixinextras.service.MixinExtrasServiceImpl(version=0.5.0).
[19:33:56] [Datafixer Bootstrap/INFO]: 287 Datafixer optimizations took 470 milliseconds
[19:34:00] [main/INFO]: Completely ignored arguments: []
[19:34:00] [Render thread/INFO]: Environment: Environment[sessionHost=https://sessionserver.mojang.com, servicesHost=https://api.minecraftservices.com, profilesHost=https://api.mojang.com, name=PROD]
[19:34:00] [Render thread/INFO]: Setting user: MC7DTD-Test
[19:34:01] [Render thread/INFO]: [Indigo] Registering Indigo renderer!
[19:34:01] [MC7DTD-websocket/INFO]: Bridge error: duplicate_client
[19:34:01] [MC7DTD-websocket/INFO]: Bridge disconnected; retry in 3 seconds
[19:34:01] [Render thread/INFO]: Backend library: LWJGL version 3.3.3-snapshot
[19:34:02] [Render thread/INFO]: Using optional rendering extensions: GL_ARB_buffer_storage, GL_KHR_debug, GL_ARB_vertex_attrib_binding, GL_ARB_direct_state_access, GL_EXT_texture_filter_anisotropic
[19:34:02] [Download-2/ERROR]: Failed to fetch user properties
com.mojang.authlib.exceptions.InvalidCredentialsException: Status: 401
	at knot//com.mojang.authlib.exceptions.MinecraftClientHttpException.toAuthenticationException(MinecraftClientHttpException.java:59)
	at knot//com.mojang.authlib.yggdrasil.YggdrasilUserApiService.fetchProperties(YggdrasilUserApiService.java:150)
	at knot//net.minecraft.class_310.method_55608(class_310.java:457)
	at java.base/java.util.concurrent.CompletableFuture$AsyncSupply.run(CompletableFuture.java:1768)
	at java.base/java.util.concurrent.ThreadPoolExecutor.runWorker(ThreadPoolExecutor.java:1144)
	at java.base/java.util.concurrent.ThreadPoolExecutor$Worker.run(ThreadPoolExecutor.java:642)
	at java.base/java.lang.Thread.run(Thread.java:1583)
Caused by: com.mojang.authlib.exceptions.MinecraftClientHttpException: Status: 401
	at knot//com.mojang.authlib.minecraft.client.MinecraftClient.readInputStream(MinecraftClient.java:103)
	at knot//com.mojang.authlib.minecraft.client.MinecraftClient.get(MinecraftClient.java:56)
	at knot//com.mojang.authlib.yggdrasil.YggdrasilUserApiService.fetchProperties(YggdrasilUserApiService.java:121)
	... 5 more
[19:34:02] [Render thread/INFO]: Reloading ResourceManager: vanilla, fabric-api, fabric-api-base, fabric-api-lookup-api-v1, fabric-biome-api-v1, fabric-block-api-v1, fabric-block-view-api-v2, fabric-command-api-v2, fabric-content-registries-v0, fabric-convention-tags-v1, fabric-convention-tags-v2, fabric-crash-report-info-v1, fabric-data-attachment-api-v1, fabric-data-generation-api-v1, fabric-dimensions-v1, fabric-entity-events-v1, fabric-events-interaction-v0, fabric-game-rule-api-v1, fabric-item-api-v1, fabric-item-group-api-v1, fabric-key-binding-api-v1, fabric-lifecycle-events-v1, fabric-loot-api-v2, fabric-loot-api-v3, fabric-message-api-v1, fabric-model-loading-api-v1, fabric-networking-api-v1, fabric-object-builder-api-v1, fabric-particles-v1, fabric-recipe-api-v1, fabric-registry-sync-v0, fabric-renderer-api-v1, fabric-renderer-indigo, fabric-rendering-fluids-v1, fabric-rendering-v1, fabric-resource-conditions-api-v1, fabric-resource-loader-v0, fabric-resource-loader-v1, fabric-screen-api-v1, fabric-screen-handler-api-v1, fabric-serialization-api-v1, fabric-sound-api-v1, fabric-tag-api-v1, fabric-transfer-api-v1, fabric-transitive-access-wideners-v1, fabricloader
[19:34:02] [Render thread/INFO]: 7DTD proxy reset: connection=true worldReady=false
[19:34:03] [Worker-Main-8/INFO]: Found unifont_all_no_pua-17.0.01.hex, loading
[19:34:03] [Worker-Main-10/INFO]: Found unifont_pua-17.0.01.hex, loading
[19:34:03] [Worker-Main-19/INFO]: Found unifont_jp_patch-17.0.01.hex, loading
[19:34:04] [Download-2/INFO]: Could not authorize you against Realms server: java.lang.RuntimeException: Failed to parse into SignedJWT: 0
[19:34:04] [Download-2/ERROR]: Failed to fetch Realms feature flags
net.minecraft.class_4355: Realms authentication error with message 'java.lang.RuntimeException: Failed to parse into SignedJWT: 0'
	at knot//net.minecraft.class_4341.method_20998(class_4341.java:526)
	at knot//net.minecraft.class_4341.method_68466(class_4341.java:186)
	at java.base/java.util.concurrent.CompletableFuture$AsyncSupply.run(CompletableFuture.java:1768)
	at java.base/java.util.concurrent.ThreadPoolExecutor.runWorker(ThreadPoolExecutor.java:1144)
	at java.base/java.util.concurrent.ThreadPoolExecutor$Worker.run(ThreadPoolExecutor.java:642)
	at java.base/java.lang.Thread.run(Thread.java:1583)
[19:34:04] [MC7DTD-websocket/INFO]: Bridge error: duplicate_client
[19:34:04] [MC7DTD-websocket/INFO]: Bridge disconnected; retry in 3 seconds
[19:34:04] [Render thread/INFO]: OpenAL initialized on device OpenAL Soft on 扬声器 (Realtek(R) Audio)
[19:34:04] [Render thread/INFO]: Sound engine started
[19:34:04] [Render thread/INFO]: Created: 512x256x0 minecraft:textures/atlas/particles.png-atlas
[19:34:04] [Render thread/INFO]: Created: 128x128x0 minecraft:textures/atlas/decorated_pot.png-atlas
[19:34:04] [Render thread/INFO]: Created: 2048x1024x0 minecraft:textures/atlas/armor_trims.png-atlas
[19:34:04] [Render thread/INFO]: Created: 512x256x0 minecraft:textures/atlas/paintings.png-atlas
[19:34:04] [Render thread/INFO]: Created: 1024x512x0 minecraft:textures/atlas/shield_patterns.png-atlas
[19:34:04] [Render thread/INFO]: Created: 2048x2048x4 minecraft:textures/atlas/blocks.png-atlas
[19:34:04] [Render thread/INFO]: Created: 512x512x0 minecraft:textures/atlas/chest.png-atlas
[19:34:04] [Render thread/INFO]: Created: 256x128x0 minecraft:textures/atlas/celestials.png-atlas
[19:34:04] [Render thread/INFO]: Created: 1024x512x0 minecraft:textures/atlas/banner_patterns.png-atlas
[19:34:04] [Render thread/INFO]: Created: 512x512x0 minecraft:textures/atlas/beds.png-atlas
[19:34:04] [Render thread/INFO]: Created: 1024x512x0 minecraft:textures/atlas/items.png-atlas
[19:34:04] [Render thread/INFO]: Created: 1024x1024x0 minecraft:textures/atlas/gui.png-atlas
[19:34:04] [Render thread/INFO]: Created: 128x64x0 minecraft:textures/atlas/map_decorations.png-atlas
[19:34:04] [Render thread/INFO]: Created: 512x256x0 minecraft:textures/atlas/signs.png-atlas
[19:34:04] [Render thread/INFO]: Created: 512x512x0 minecraft:textures/atlas/shulker_boxes.png-atlas
[19:34:06] [Render thread/INFO]: 7DTD proxy reset: connection=true worldReady=false
[19:34:07] [IO-Worker-1/INFO]: Could not authorize you against Realms server: java.lang.RuntimeException: Failed to parse into SignedJWT: 0
[19:34:07] [IO-Worker-1/ERROR]: Couldn't connect to realms
net.minecraft.class_4355: Realms authentication error with message 'java.lang.RuntimeException: Failed to parse into SignedJWT: 0'
	at knot//net.minecraft.class_4341.method_20998(class_4341.java:526)
	at knot//net.minecraft.class_4341.method_21027(class_4341.java:307)
	at knot//net.minecraft.class_8647.method_52627(class_8647.java:48)
	at java.base/java.util.concurrent.CompletableFuture$AsyncSupply.run(CompletableFuture.java:1768)
	at java.base/java.util.concurrent.ThreadPoolExecutor.runWorker(ThreadPoolExecutor.java:1144)
	at java.base/java.util.concurrent.ThreadPoolExecutor$Worker.run(ThreadPoolExecutor.java:642)
	at java.base/java.lang.Thread.run(Thread.java:1583)
[19:34:07] [MC7DTD-websocket/INFO]: Bridge error: duplicate_client
[19:34:07] [MC7DTD-websocket/INFO]: Bridge disconnected; retry in 3 seconds
[19:34:07] [Render thread/INFO]: 7DTD proxy reset: connection=true worldReady=false
[19:34:10] [MC7DTD-websocket/INFO]: Bridge error: duplicate_client
[19:34:10] [MC7DTD-websocket/INFO]: Bridge disconnected; retry in 3 seconds
[19:34:10] [Render thread/INFO]: 7DTD proxy reset: connection=true worldReady=false
[19:34:13] [MC7DTD-websocket/INFO]: Bridge error: duplicate_client
[19:34:13] [MC7DTD-websocket/INFO]: Bridge disconnected; retry in 3 seconds
[19:34:13] [Render thread/INFO]: 7DTD proxy reset: connection=true worldReady=false
[19:34:16] [MC7DTD-websocket/INFO]: Bridge error: duplicate_client
[19:34:16] [MC7DTD-websocket/INFO]: Bridge disconnected; retry in 3 seconds
[19:34:16] [Render thread/INFO]: 7DTD proxy reset: connection=true worldReady=false
[19:34:19] [MC7DTD-websocket/INFO]: Bridge error: duplicate_client
[19:34:19] [MC7DTD-websocket/INFO]: Bridge disconnected; retry in 3 seconds
[19:34:19] [Render thread/INFO]: 7DTD proxy reset: connection=true worldReady=false
[19:34:22] [MC7DTD-websocket/INFO]: Bridge error: duplicate_client
[19:34:22] [MC7DTD-websocket/INFO]: Bridge disconnected; retry in 3 seconds
[19:34:22] [Render thread/INFO]: 7DTD proxy reset: connection=true worldReady=false
[19:34:25] [MC7DTD-websocket/INFO]: Bridge error: duplicate_client
[19:34:25] [MC7DTD-websocket/INFO]: Bridge disconnected; retry in 3 seconds
[19:34:25] [Render thread/INFO]: 7DTD proxy reset: connection=true worldReady=false
[19:34:28] [MC7DTD-websocket/INFO]: Bridge error: duplicate_client
[19:34:28] [MC7DTD-websocket/INFO]: Bridge disconnected; retry in 3 seconds
[19:34:28] [Render thread/INFO]: 7DTD proxy reset: connection=true worldReady=false
[19:34:31] [MC7DTD-websocket/INFO]: Bridge error: duplicate_client
[19:34:31] [MC7DTD-websocket/INFO]: Bridge disconnected; retry in 3 seconds
[19:34:31] [Render thread/INFO]: 7DTD proxy reset: connection=true worldReady=false
[19:34:34] [MC7DTD-websocket/INFO]: Bridge error: duplicate_client
[19:34:34] [MC7DTD-websocket/INFO]: Bridge disconnected; retry in 3 seconds
[19:34:34] [Render thread/INFO]: 7DTD proxy reset: connection=true worldReady=false
[19:34:37] [MC7DTD-websocket/INFO]: Bridge error: duplicate_client
[19:34:37] [MC7DTD-websocket/INFO]: Bridge disconnected; retry in 3 seconds
[19:34:37] [Render thread/INFO]: 7DTD proxy reset: connection=true worldReady=false
[19:34:40] [MC7DTD-websocket/INFO]: Bridge connected
[19:34:40] [MC7DTD-websocket/INFO]: Minecraft connected
[19:34:40] [MC7DTD-websocket/INFO]: Test received from 7dtd: Hello from 7DTD
[19:34:40] [Render thread/INFO]: 7DTD proxy reset: connection=true worldReady=false
[19:35:36] [Render thread/INFO]: Loaded 1470 recipes
[19:35:36] [Render thread/INFO]: Loaded 1584 advancements
[19:35:36] [Render thread/INFO]: Applied 0 biome modifications to 0 of 65 new biomes in 1.111 ms
[19:35:36] [Server thread/INFO]: Starting integrated minecraft server version 1.21.11
[19:35:36] [Server thread/INFO]: Generating keypair
[19:35:36] [Server thread/INFO]: Loading 0 persistent chunks...
[19:35:36] [Server thread/INFO]: 准备生成区域中：16%
[19:35:37] [Server thread/INFO]: Loading 49 chunks for player spawn...
[19:35:37] [Server thread/INFO]: 准备生成区域中：16%
[19:35:37] [Server thread/INFO]: Time elapsed: 976 ms
[19:35:37] [Server thread/INFO]: MC7DTD-Test[local:E:c04bd11e] logged in with entity id 76 at (-47.30000001192093, 71.0, 72.77925174075624)
[19:35:37] [Server thread/INFO]: MC7DTD-Test加入了游戏
[19:35:38] [Server thread/INFO]: Changing view distance to 16, from 10
[19:35:38] [Server thread/INFO]: Changing simulation distance to 12, from 0
[19:35:38] [Render thread/INFO]: Resizing Dynamic Transforms UBO, capacity limit of 2 reached during a single frame. New capacity will be 4.
[19:35:38] [Render thread/INFO]: Loaded 90 advancements
[19:35:38] [Render thread/INFO]: 7DTD proxy reset: connection=false worldReady=true
[19:35:38] [MC7DTD-entity-test-send/INFO]: Player proxy sent: {"type":"entity_state","version":1,"source":"minecraft","entity_type":"minecraft:player","entity_id":"68565545-3035-4a2c-95e6-50077b3329ff","stream_id":"6ae15bf1-a488-4e49-87cf-4ba11a5557ff","world_id":"mc-cf4dce40-2be1-372b-b914-917f5dcc644c","dimension":"minecraft:overworld","sequence":1,"lifecycle":{"event":"spawn"},"metadata":{},"position":{"x":-47.30000001192093,"y":71.0,"z":72.77925174075624,"space":"minecraft"},"rotation":{"yaw":324.45015716552734,"pitch":37.3499755859375,"roll":0}}
[19:35:38] [Render thread/INFO]: Resizing Dynamic Transforms UBO, capacity limit of 4 reached during a single frame. New capacity will be 8.
[19:35:38] [Render thread/INFO]: Resizing Chunk Sections UBO, capacity limit of 2 reached during a single frame. New capacity will be 4.
[19:35:38] [Render thread/INFO]: Resizing Chunk Sections UBO, capacity limit of 4 reached during a single frame. New capacity will be 8.
[19:35:38] [Render thread/INFO]: Resizing Chunk Sections UBO, capacity limit of 8 reached during a single frame. New capacity will be 16.
[19:35:38] [MC7DTD-entity-test-send/INFO]: Player proxy sent: {"type":"entity_state","version":1,"source":"minecraft","entity_type":"minecraft:player","entity_id":"68565545-3035-4a2c-95e6-50077b3329ff","stream_id":"6ae15bf1-a488-4e49-87cf-4ba11a5557ff","world_id":"mc-cf4dce40-2be1-372b-b914-917f5dcc644c","dimension":"minecraft:overworld","sequence":2,"lifecycle":{"event":"update"},"metadata":{},"position":{"x":-47.30000001192093,"y":71.0,"z":72.77925174075624,"space":"minecraft"},"rotation":{"yaw":324.45015716552734,"pitch":37.3499755859375,"roll":0}}
[19:35:38] [Render thread/INFO]: Resizing Chunk Sections UBO, capacity limit of 16 reached during a single frame. New capacity will be 32.
[19:35:38] [Server thread/INFO]: Saving and pausing game...
[19:35:38] [Render thread/INFO]: Resizing Chunk Sections UBO, capacity limit of 32 reached during a single frame. New capacity will be 64.
[19:35:38] [Server thread/INFO]: Saving chunks for level 'ServerLevel[Demo World]'/minecraft:overworld
[19:35:38] [Render thread/INFO]: Resizing Chunk Sections UBO, capacity limit of 64 reached during a single frame. New capacity will be 128.
[19:35:38] [Server thread/INFO]: Saving chunks for level 'ServerLevel[Demo World]'/minecraft:the_end
[19:35:38] [Server thread/INFO]: Saving chunks for level 'ServerLevel[Demo World]'/minecraft:the_nether
[19:36:26] [MC7DTD-websocket/INFO]: Bridge disconnected; retry in 3 seconds
[19:36:26] [Render thread/INFO]: 7DTD proxy reset: connection=true worldReady=true
[19:36:29] [MC7DTD-websocket/INFO]: Bridge connected
[19:36:29] [MC7DTD-websocket/INFO]: Minecraft connected
[19:36:29] [MC7DTD-websocket/INFO]: Test received from 7dtd: Hello from 7DTD
[19:36:29] [Render thread/INFO]: 7DTD proxy reset: connection=true worldReady=true
[19:36:29] [MC7DTD-entity-test-send/INFO]: Player proxy sent: {"type":"entity_state","version":1,"source":"minecraft","entity_type":"minecraft:player","entity_id":"968ad660-15b2-4369-8c4b-f8906624f5d1","stream_id":"7f4ad330-e122-4fe1-87ce-dbe591e3fcf3","world_id":"mc-cf4dce40-2be1-372b-b914-917f5dcc644c","dimension":"minecraft:overworld","sequence":1,"lifecycle":{"event":"spawn"},"metadata":{},"position":{"x":-47.30000001192093,"y":71.0,"z":72.77925174075624,"space":"minecraft"},"rotation":{"yaw":324.45015716552734,"pitch":37.3499755859375,"roll":0}}
[19:37:17] [MC7DTD-websocket/INFO]: Test received from 7dtd: MC7DTD player proxy resync
[19:37:17] [MC7DTD-websocket/INFO]: 7DTD entity received: {"authority":"7dtd","dimension":"7dtd:main","entity_id":"1d96b662-c615-4729-a431-d3c5806bac72","entity_type":"7dtd:player","lifecycle":{"event":"spawn"},"metadata":{},"origin":{"dimension":"7dtd:main","entity_id":"1d96b662-c615-4729-a431-d3c5806bac72","game":"7dtd","world_id":"td-0d917a4eff776d999148769266591579674d2c42de6557026893a1902834f11f"},"position":{"x":-45.30000001192093,"y":71,"z":75.77925174075625,"space":"minecraft"},"rotation":{"pitch":-3.125,"roll":0,"yaw":109.17742919921875},"sequence":1,"source":"7dtd","stream_id":"87f4fae0-b0b2-408f-bcab-c03d8733070c","type":"entity_state","version":2,"world_id":"td-0d917a4eff776d999148769266591579674d2c42de6557026893a1902834f11f"}
[19:37:17] [Render thread/INFO]: 7DTD proxy display created: id=1d96b662-c615-4729-a431-d3c5806bac72 body=-1000000 nose=-1000001 thread=Render thread
[19:37:17] [Render thread/INFO]: 7DTD proxy spawned: id=1d96b662-c615-4729-a431-d3c5806bac72 sequence=1 count=1
[19:37:17] [MC7DTD-entity-test-send/INFO]: Player proxy sent: {"type":"entity_state","version":1,"source":"minecraft","entity_type":"minecraft:player","entity_id":"968ad660-15b2-4369-8c4b-f8906624f5d1","stream_id":"7f4ad330-e122-4fe1-87ce-dbe591e3fcf3","world_id":"mc-cf4dce40-2be1-372b-b914-917f5dcc644c","dimension":"minecraft:overworld","sequence":2,"lifecycle":{"event":"despawn","reason":"out_of_scope"},"metadata":{},"position":null,"rotation":null}
[19:37:17] [MC7DTD-entity-test-send/INFO]: Player proxy sent: {"type":"entity_state","version":1,"source":"minecraft","entity_type":"minecraft:player","entity_id":"4cee8e44-c4b9-4af8-ad92-2db1ac35aafd","stream_id":"ff55d991-cd59-45bf-acd4-77ae6eb479dc","world_id":"mc-cf4dce40-2be1-372b-b914-917f5dcc644c","dimension":"minecraft:overworld","sequence":1,"lifecycle":{"event":"spawn"},"metadata":{},"position":{"x":-47.30000001192093,"y":71.0,"z":72.77925174075624,"space":"minecraft"},"rotation":{"yaw":324.45015716552734,"pitch":37.3499755859375,"roll":0}}
[19:37:17] [MC7DTD-websocket/INFO]: 7DTD entity received: {"authority":"7dtd","dimension":"7dtd:main","entity_id":"1d96b662-c615-4729-a431-d3c5806bac72","entity_type":"7dtd:player","lifecycle":{"event":"update"},"metadata":{},"origin":{"dimension":"7dtd:main","entity_id":"1d96b662-c615-4729-a431-d3c5806bac72","game":"7dtd","world_id":"td-0d917a4eff776d999148769266591579674d2c42de6557026893a1902834f11f"},"position":{"x":-45.30000001192093,"y":71,"z":75.77925174075625,"space":"minecraft"},"rotation":{"pitch":-3.125,"roll":0,"yaw":109.17742919921875},"sequence":2,"source":"7dtd","stream_id":"87f4fae0-b0b2-408f-bcab-c03d8733070c","type":"entity_state","version":2,"world_id":"td-0d917a4eff776d999148769266591579674d2c42de6557026893a1902834f11f"}
[19:37:17] [Render thread/INFO]: 7DTD proxy updated: id=1d96b662-c615-4729-a431-d3c5806bac72 sequence=2 x=-45.30000001192093 y=71.0 z=75.77925174075625 yaw=109.17742919921875 pitch=-3.125 roll=0.0
[19:37:19] [MC7DTD-websocket/INFO]: 7DTD entity received: {"authority":"7dtd","dimension":"7dtd:main","entity_id":"1d96b662-c615-4729-a431-d3c5806bac72","entity_type":"7dtd:player","lifecycle":{"event":"update"},"metadata":{},"origin":{"dimension":"7dtd:main","entity_id":"1d96b662-c615-4729-a431-d3c5806bac72","game":"7dtd","world_id":"td-0d917a4eff776d999148769266591579674d2c42de6557026893a1902834f11f"},"position":{"x":-45.30000001192093,"y":71,"z":75.77925174075625,"space":"minecraft"},"rotation":{"pitch":0,"roll":0,"yaw":109.17742919921875},"sequence":3,"source":"7dtd","stream_id":"87f4fae0-b0b2-408f-bcab-c03d8733070c","type":"entity_state","version":2,"world_id":"td-0d917a4eff776d999148769266591579674d2c42de6557026893a1902834f11f"}
[19:37:19] [Render thread/INFO]: 7DTD proxy updated: id=1d96b662-c615-4729-a431-d3c5806bac72 sequence=3 x=-45.30000001192093 y=71.0 z=75.77925174075625 yaw=109.17742919921875 pitch=0.0 roll=0.0
[19:37:19] [MC7DTD-websocket/INFO]: 7DTD entity received: {"authority":"7dtd","dimension":"7dtd:main","entity_id":"1d96b662-c615-4729-a431-d3c5806bac72","entity_type":"7dtd:player","lifecycle":{"event":"update"},"metadata":{},"origin":{"dimension":"7dtd:main","entity_id":"1d96b662-c615-4729-a431-d3c5806bac72","game":"7dtd","world_id":"td-0d917a4eff776d999148769266591579674d2c42de6557026893a1902834f11f"},"position":{"x":-45.30000001192093,"y":71,"z":75.77925174075625,"space":"minecraft"},"rotation":{"pitch":0,"roll":0,"yaw":109.17742919921875},"sequence":4,"source":"7dtd","stream_id":"87f4fae0-b0b2-408f-bcab-c03d8733070c","type":"entity_state","version":2,"world_id":"td-0d917a4eff776d999148769266591579674d2c42de6557026893a1902834f11f"}
[19:37:19] [Render thread/INFO]: 7DTD proxy updated: id=1d96b662-c615-4729-a431-d3c5806bac72 sequence=4 x=-45.30000001192093 y=71.0 z=75.77925174075625 yaw=109.17742919921875 pitch=0.0 roll=0.0
[19:37:20] [MC7DTD-websocket/INFO]: 7DTD entity received: {"authority":"7dtd","dimension":"7dtd:main","entity_id":"1d96b662-c615-4729-a431-d3c5806bac72","entity_type":"7dtd:player","lifecycle":{"event":"update"},"metadata":{},"origin":{"dimension":"7dtd:main","entity_id":"1d96b662-c615-4729-a431-d3c5806bac72","game":"7dtd","world_id":"td-0d917a4eff776d999148769266591579674d2c42de6557026893a1902834f11f"},"position":{"x":-45.30000001192093,"y":71,"z":75.77925174075625,"space":"minecraft"},"rotation":{"pitch":0,"roll":0,"yaw":109.17742919921875},"sequence":5,"source":"7dtd","stream_id":"87f4fae0-b0b2-408f-bcab-c03d8733070c","type":"entity_state","version":2,"world_id":"td-0d917a4eff776d999148769266591579674d2c42de6557026893a1902834f11f"}
[19:37:20] [Render thread/INFO]: 7DTD proxy updated: id=1d96b662-c615-4729-a431-d3c5806bac72 sequence=5 x=-45.30000001192093 y=71.0 z=75.77925174075625 yaw=109.17742919921875 pitch=0.0 roll=0.0
[19:37:20] [MC7DTD-websocket/INFO]: 7DTD entity received: {"authority":"7dtd","dimension":"7dtd:main","entity_id":"1d96b662-c615-4729-a431-d3c5806bac72","entity_type":"7dtd:player","lifecycle":{"event":"update"},"metadata":{},"origin":{"dimension":"7dtd:main","entity_id":"1d96b662-c615-4729-a431-d3c5806bac72","game":"7dtd","world_id":"td-0d917a4eff776d999148769266591579674d2c42de6557026893a1902834f11f"},"position":{"x":-45.30000001192093,"y":71,"z":75.77925174075625,"space":"minecraft"},"rotation":{"pitch":0,"roll":0,"yaw":109.17742919921875},"sequence":6,"source":"7dtd","stream_id":"87f4fae0-b0b2-408f-bcab-c03d8733070c","type":"entity_state","version":2,"world_id":"td-0d917a4eff776d999148769266591579674d2c42de6557026893a1902834f11f"}
[19:37:20] [Render thread/INFO]: 7DTD proxy updated: id=1d96b662-c615-4729-a431-d3c5806bac72 sequence=6 x=-45.30000001192093 y=71.0 z=75.77925174075625 yaw=109.17742919921875 pitch=0.0 roll=0.0
[19:37:21] [MC7DTD-websocket/INFO]: 7DTD entity received: {"authority":"7dtd","dimension":"7dtd:main","entity_id":"1d96b662-c615-4729-a431-d3c5806bac72","entity_type":"7dtd:player","lifecycle":{"event":"update"},"metadata":{},"origin":{"dimension":"7dtd:main","entity_id":"1d96b662-c615-4729-a431-d3c5806bac72","game":"7dtd","world_id":"td-0d917a4eff776d999148769266591579674d2c42de6557026893a1902834f11f"},"position":{"x":-45.30000001192093,"y":71,"z":75.77925174075625,"space":"minecraft"},"rotation":{"pitch":0,"roll":0,"yaw":109.17742919921875},"sequence":7,"source":"7dtd","stream_id":"87f4fae0-b0b2-408f-bcab-c03d8733070c","type":"entity_state","version":2,"world_id":"td-0d917a4eff776d999148769266591579674d2c42de6557026893a1902834f11f"}
[19:37:21] [Render thread/INFO]: 7DTD proxy updated: id=1d96b662-c615-4729-a431-d3c5806bac72 sequence=7 x=-45.30000001192093 y=71.0 z=75.77925174075625 yaw=109.17742919921875 pitch=0.0 roll=0.0
[19:37:21] [MC7DTD-websocket/INFO]: 7DTD entity received: {"authority":"7dtd","dimension":"7dtd:main","entity_id":"1d96b662-c615-4729-a431-d3c5806bac72","entity_type":"7dtd:player","lifecycle":{"event":"update"},"metadata":{},"origin":{"dimension":"7dtd:main","entity_id":"1d96b662-c615-4729-a431-d3c5806bac72","game":"7dtd","world_id":"td-0d917a4eff776d999148769266591579674d2c42de6557026893a1902834f11f"},"position":{"x":-45.30000001192093,"y":71,"z":75.77925174075625,"space":"minecraft"},"rotation":{"pitch":0,"roll":0,"yaw":109.17742919921875},"sequence":8,"source":"7dtd","stream_id":"87f4fae0-b0b2-408f-bcab-c03d8733070c","type":"entity_state","version":2,"world_id":"td-0d917a4eff776d999148769266591579674d2c42de6557026893a1902834f11f"}
[19:37:21] [Render thread/INFO]: 7DTD proxy updated: id=1d96b662-c615-4729-a431-d3c5806bac72 sequence=8 x=-45.30000001192093 y=71.0 z=75.77925174075625 yaw=109.17742919921875 pitch=0.0 roll=0.0
[19:37:22] [MC7DTD-websocket/INFO]: 7DTD entity received: {"authority":"7dtd","dimension":"7dtd:main","entity_id":"1d96b662-c615-4729-a431-d3c5806bac72","entity_type":"7dtd:player","lifecycle":{"event":"update"},"metadata":{},"origin":{"dimension":"7dtd:main","entity_id":"1d96b662-c615-4729-a431-d3c5806bac72","game":"7dtd","world_id":"td-0d917a4eff776d999148769266591579674d2c42de6557026893a1902834f11f"},"position":{"x":-45.30000001192093,"y":71,"z":75.77925174075625,"space":"minecraft"},"rotation":{"pitch":0,"roll":0,"yaw":109.17742919921875},"sequence":9,"source":"7dtd","stream_id":"87f4fae0-b0b2-408f-bcab-c03d8733070c","type":"entity_state","version":2,"world_id":"td-0d917a4eff776d999148769266591579674d2c42de6557026893a1902834f11f"}
[19:37:22] [Render thread/INFO]: 7DTD proxy updated: id=1d96b662-c615-4729-a431-d3c5806bac72 sequence=9 x=-45.30000001192093 y=71.0 z=75.77925174075625 yaw=109.17742919921875 pitch=0.0 roll=0.0
[19:37:22] [MC7DTD-websocket/INFO]: 7DTD entity received: {"authority":"7dtd","dimension":"7dtd:main","entity_id":"1d96b662-c615-4729-a431-d3c5806bac72","entity_type":"7dtd:player","lifecycle":{"event":"update"},"metadata":{},"origin":{"dimension":"7dtd:main","entity_id":"1d96b662-c615-4729-a431-d3c5806bac72","game":"7dtd","world_id":"td-0d917a4eff776d999148769266591579674d2c42de6557026893a1902834f11f"},"position":{"x":-45.30000001192093,"y":71,"z":75.77925174075625,"space":"minecraft"},"rotation":{"pitch":0,"roll":0,"yaw":109.17742919921875},"sequence":10,"source":"7dtd","stream_id":"87f4fae0-b0b2-408f-bcab-c03d8733070c","type":"entity_state","version":2,"world_id":"td-0d917a4eff776d999148769266591579674d2c42de6557026893a1902834f11f"}
[19:37:22] [Render thread/INFO]: 7DTD proxy updated: id=1d96b662-c615-4729-a431-d3c5806bac72 sequence=10 x=-45.30000001192093 y=71.0 z=75.77925174075625 yaw=109.17742919921875 pitch=0.0 roll=0.0
[19:37:23] [MC7DTD-websocket/INFO]: 7DTD entity received: {"authority":"7dtd","dimension":"7dtd:main","entity_id":"1d96b662-c615-4729-a431-d3c5806bac72","entity_type":"7dtd:player","lifecycle":{"event":"update"},"metadata":{},"origin":{"dimension":"7dtd:main","entity_id":"1d96b662-c615-4729-a431-d3c5806bac72","game":"7dtd","world_id":"td-0d917a4eff776d999148769266591579674d2c42de6557026893a1902834f11f"},"position":{"x":-45.30000001192093,"y":71,"z":75.77925174075625,"space":"minecraft"},"rotation":{"pitch":0,"roll":0,"yaw":109.17742919921875},"sequence":11,"source":"7dtd","stream_id":"87f4fae0-b0b2-408f-bcab-c03d8733070c","type":"entity_state","version":2,"world_id":"td-0d917a4eff776d999148769266591579674d2c42de6557026893a1902834f11f"}
[19:37:23] [Render thread/INFO]: 7DTD proxy updated: id=1d96b662-c615-4729-a431-d3c5806bac72 sequence=11 x=-45.30000001192093 y=71.0 z=75.77925174075625 yaw=109.17742919921875 pitch=0.0 roll=0.0
[19:37:23] [MC7DTD-websocket/INFO]: 7DTD entity received: {"authority":"7dtd","dimension":"7dtd:main","entity_id":"1d96b662-c615-4729-a431-d3c5806bac72","entity_type":"7dtd:player","lifecycle":{"event":"update"},"metadata":{},"origin":{"dimension":"7dtd:main","entity_id":"1d96b662-c615-4729-a431-d3c5806bac72","game":"7dtd","world_id":"td-0d917a4eff776d999148769266591579674d2c42de6557026893a1902834f11f"},"position":{"x":-45.30000001192093,"y":71,"z":75.77925174075625,"space":"minecraft"},"rotation":{"pitch":0,"roll":0,"yaw":109.17742919921875},"sequence":12,"source":"7dtd","stream_id":"87f4fae0-b0b2-408f-bcab-c03d8733070c","type":"entity_state","version":2,"world_id":"td-0d917a4eff776d999148769266591579674d2c42de6557026893a1902834f11f"}
[19:37:23] [Render thread/INFO]: 7DTD proxy updated: id=1d96b662-c615-4729-a431-d3c5806bac72 sequence=12 x=-45.30000001192093 y=71.0 z=75.77925174075625 yaw=109.17742919921875 pitch=0.0 roll=0.0
[19:37:24] [MC7DTD-websocket/INFO]: 7DTD entity received: {"authority":"7dtd","dimension":"7dtd:main","entity_id":"1d96b662-c615-4729-a431-d3c5806bac72","entity_type":"7dtd:player","lifecycle":{"event":"update"},"metadata":{},"origin":{"dimension":"7dtd:main","entity_id":"1d96b662-c615-4729-a431-d3c5806bac72","game":"7dtd","world_id":"td-0d917a4eff776d999148769266591579674d2c42de6557026893a1902834f11f"},"position":{"x":-45.30000001192093,"y":71,"z":75.77925174075625,"space":"minecraft"},"rotation":{"pitch":0,"roll":0,"yaw":109.17742919921875},"sequence":13,"source":"7dtd","stream_id":"87f4fae0-b0b2-408f-bcab-c03d8733070c","type":"entity_state","version":2,"world_id":"td-0d917a4eff776d999148769266591579674d2c42de6557026893a1902834f11f"}
[19:37:24] [Render thread/INFO]: 7DTD proxy updated: id=1d96b662-c615-4729-a431-d3c5806bac72 sequence=13 x=-45.30000001192093 y=71.0 z=75.77925174075625 yaw=109.17742919921875 pitch=0.0 roll=0.0
[19:37:24] [MC7DTD-websocket/INFO]: 7DTD entity received: {"authority":"7dtd","dimension":"7dtd:main","entity_id":"1d96b662-c615-4729-a431-d3c5806bac72","entity_type":"7dtd:player","lifecycle":{"event":"update"},"metadata":{},"origin":{"dimension":"7dtd:main","entity_id":"1d96b662-c615-4729-a431-d3c5806bac72","game":"7dtd","world_id":"td-0d917a4eff776d999148769266591579674d2c42de6557026893a1902834f11f"},"position":{"x":-45.30000001192093,"y":71,"z":75.77925174075625,"space":"minecraft"},"rotation":{"pitch":0,"roll":0,"yaw":109.17742919921875},"sequence":14,"source":"7dtd","stream_id":"87f4fae0-b0b2-408f-bcab-c03d8733070c","type":"entity_state","version":2,"world_id":"td-0d917a4eff776d999148769266591579674d2c42de6557026893a1902834f11f"}
[19:37:24] [Render thread/INFO]: 7DTD proxy updated: id=1d96b662-c615-4729-a431-d3c5806bac72 sequence=14 x=-45.30000001192093 y=71.0 z=75.77925174075625 yaw=109.17742919921875 pitch=0.0 roll=0.0
[19:37:25] [MC7DTD-websocket/INFO]: 7DTD entity received: {"authority":"7dtd","dimension":"7dtd:main","entity_id":"1d96b662-c615-4729-a431-d3c5806bac72","entity_type":"7dtd:player","lifecycle":{"event":"update"},"metadata":{},"origin":{"dimension":"7dtd:main","entity_id":"1d96b662-c615-4729-a431-d3c5806bac72","game":"7dtd","world_id":"td-0d917a4eff776d999148769266591579674d2c42de6557026893a1902834f11f"},"position":{"x":-45.30000001192093,"y":71,"z":75.77925174075625,"space":"minecraft"},"rotation":{"pitch":0,"roll":0,"yaw":109.17742919921875},"sequence":15,"source":"7dtd","stream_id":"87f4fae0-b0b2-408f-bcab-c03d8733070c","type":"entity_state","version":2,"world_id":"td-0d917a4eff776d999148769266591579674d2c42de6557026893a1902834f11f"}
[19:37:25] [Render thread/INFO]: 7DTD proxy updated: id=1d96b662-c615-4729-a431-d3c5806bac72 sequence=15 x=-45.30000001192093 y=71.0 z=75.77925174075625 yaw=109.17742919921875 pitch=0.0 roll=0.0
[19:37:25] [MC7DTD-websocket/INFO]: 7DTD entity received: {"authority":"7dtd","dimension":"7dtd:main","entity_id":"1d96b662-c615-4729-a431-d3c5806bac72","entity_type":"7dtd:player","lifecycle":{"event":"update"},"metadata":{},"origin":{"dimension":"7dtd:main","entity_id":"1d96b662-c615-4729-a431-d3c5806bac72","game":"7dtd","world_id":"td-0d917a4eff776d999148769266591579674d2c42de6557026893a1902834f11f"},"position":{"x":-45.30000001192093,"y":71,"z":75.77925174075625,"space":"minecraft"},"rotation":{"pitch":0,"roll":0,"yaw":109.17742919921875},"sequence":16,"source":"7dtd","stream_id":"87f4fae0-b0b2-408f-bcab-c03d8733070c","type":"entity_state","version":2,"world_id":"td-0d917a4eff776d999148769266591579674d2c42de6557026893a1902834f11f"}
[19:37:25] [Render thread/INFO]: 7DTD proxy updated: id=1d96b662-c615-4729-a431-d3c5806bac72 sequence=16 x=-45.30000001192093 y=71.0 z=75.77925174075625 yaw=109.17742919921875 pitch=0.0 roll=0.0
[19:37:26] [MC7DTD-websocket/INFO]: 7DTD entity received: {"authority":"7dtd","dimension":"7dtd:main","entity_id":"1d96b662-c615-4729-a431-d3c5806bac72","entity_type":"7dtd:player","lifecycle":{"event":"update"},"metadata":{},"origin":{"dimension":"7dtd:main","entity_id":"1d96b662-c615-4729-a431-d3c5806bac72","game":"7dtd","world_id":"td-0d917a4eff776d999148769266591579674d2c42de6557026893a1902834f11f"},"position":{"x":-45.30000001192093,"y":71,"z":75.77925174075625,"space":"minecraft"},"rotation":{"pitch":0,"roll":0,"yaw":109.17742919921875},"sequence":17,"source":"7dtd","stream_id":"87f4fae0-b0b2-408f-bcab-c03d8733070c","type":"entity_state","version":2,"world_id":"td-0d917a4eff776d999148769266591579674d2c42de6557026893a1902834f11f"}
[19:37:26] [Render thread/INFO]: 7DTD proxy updated: id=1d96b662-c615-4729-a431-d3c5806bac72 sequence=17 x=-45.30000001192093 y=71.0 z=75.77925174075625 yaw=109.17742919921875 pitch=0.0 roll=0.0
[19:37:26] [MC7DTD-websocket/INFO]: 7DTD entity received: {"authority":"7dtd","dimension":"7dtd:main","entity_id":"1d96b662-c615-4729-a431-d3c5806bac72","entity_type":"7dtd:player","lifecycle":{"event":"update"},"metadata":{},"origin":{"dimension":"7dtd:main","entity_id":"1d96b662-c615-4729-a431-d3c5806bac72","game":"7dtd","world_id":"td-0d917a4eff776d999148769266591579674d2c42de6557026893a1902834f11f"},"position":{"x":-45.30000001192093,"y":71,"z":75.77925174075625,"space":"minecraft"},"rotation":{"pitch":0,"roll":0,"yaw":109.17742919921875},"sequence":18,"source":"7dtd","stream_id":"87f4fae0-b0b2-408f-bcab-c03d8733070c","type":"entity_state","version":2,"world_id":"td-0d917a4eff776d999148769266591579674d2c42de6557026893a1902834f11f"}
[19:37:26] [Render thread/INFO]: 7DTD proxy updated: id=1d96b662-c615-4729-a431-d3c5806bac72 sequence=18 x=-45.30000001192093 y=71.0 z=75.77925174075625 yaw=109.17742919921875 pitch=0.0 roll=0.0
[19:37:27] [MC7DTD-websocket/INFO]: 7DTD entity received: {"authority":"7dtd","dimension":"7dtd:main","entity_id":"1d96b662-c615-4729-a431-d3c5806bac72","entity_type":"7dtd:player","lifecycle":{"event":"update"},"metadata":{},"origin":{"dimension":"7dtd:main","entity_id":"1d96b662-c615-4729-a431-d3c5806bac72","game":"7dtd","world_id":"td-0d917a4eff776d999148769266591579674d2c42de6557026893a1902834f11f"},"position":{"x":-45.30000001192093,"y":71,"z":75.77925174075625,"space":"minecraft"},"rotation":{"pitch":0,"roll":0,"yaw":109.17742919921875},"sequence":19,"source":"7dtd","stream_id":"87f4fae0-b0b2-408f-bcab-c03d8733070c","type":"entity_state","version":2,"world_id":"td-0d917a4eff776d999148769266591579674d2c42de6557026893a1902834f11f"}
[19:37:27] [Render thread/INFO]: 7DTD proxy updated: id=1d96b662-c615-4729-a431-d3c5806bac72 sequence=19 x=-45.30000001192093 y=71.0 z=75.77925174075625 yaw=109.17742919921875 pitch=0.0 roll=0.0
[19:37:27] [MC7DTD-websocket/INFO]: 7DTD entity received: {"authority":"7dtd","dimension":"7dtd:main","entity_id":"1d96b662-c615-4729-a431-d3c5806bac72","entity_type":"7dtd:player","lifecycle":{"event":"update"},"metadata":{},"origin":{"dimension":"7dtd:main","entity_id":"1d96b662-c615-4729-a431-d3c5806bac72","game":"7dtd","world_id":"td-0d917a4eff776d999148769266591579674d2c42de6557026893a1902834f11f"},"position":{"x":-45.30000001192093,"y":71,"z":75.77925174075625,"space":"minecraft"},"rotation":{"pitch":0,"roll":0,"yaw":109.17742919921875},"sequence":20,"source":"7dtd","stream_id":"87f4fae0-b0b2-408f-bcab-c03d8733070c","type":"entity_state","version":2,"world_id":"td-0d917a4eff776d999148769266591579674d2c42de6557026893a1902834f11f"}
[19:37:27] [Render thread/INFO]: 7DTD proxy updated: id=1d96b662-c615-4729-a431-d3c5806bac72 sequence=20 x=-45.30000001192093 y=71.0 z=75.77925174075625 yaw=109.17742919921875 pitch=0.0 roll=0.0
[19:37:28] [MC7DTD-websocket/INFO]: 7DTD entity received: {"authority":"7dtd","dimension":"7dtd:main","entity_id":"1d96b662-c615-4729-a431-d3c5806bac72","entity_type":"7dtd:player","lifecycle":{"event":"update"},"metadata":{},"origin":{"dimension":"7dtd:main","entity_id":"1d96b662-c615-4729-a431-d3c5806bac72","game":"7dtd","world_id":"td-0d917a4eff776d999148769266591579674d2c42de6557026893a1902834f11f"},"position":{"x":-45.30000001192093,"y":71,"z":75.77925174075625,"space":"minecraft"},"rotation":{"pitch":0,"roll":0,"yaw":109.17742919921875},"sequence":21,"source":"7dtd","stream_id":"87f4fae0-b0b2-408f-bcab-c03d8733070c","type":"entity_state","version":2,"world_id":"td-0d917a4eff776d999148769266591579674d2c42de6557026893a1902834f11f"}
[19:37:28] [Render thread/INFO]: 7DTD proxy updated: id=1d96b662-c615-4729-a431-d3c5806bac72 sequence=21 x=-45.30000001192093 y=71.0 z=75.77925174075625 yaw=109.17742919921875 pitch=0.0 roll=0.0
[19:37:28] [MC7DTD-websocket/INFO]: 7DTD entity received: {"authority":"7dtd","dimension":"7dtd:main","entity_id":"1d96b662-c615-4729-a431-d3c5806bac72","entity_type":"7dtd:player","lifecycle":{"event":"update"},"metadata":{},"origin":{"dimension":"7dtd:main","entity_id":"1d96b662-c615-4729-a431-d3c5806bac72","game":"7dtd","world_id":"td-0d917a4eff776d999148769266591579674d2c42de6557026893a1902834f11f"},"position":{"x":-45.30000001192093,"y":71,"z":75.77925174075625,"space":"minecraft"},"rotation":{"pitch":0,"roll":0,"yaw":109.17742919921875},"sequence":22,"source":"7dtd","stream_id":"87f4fae0-b0b2-408f-bcab-c03d8733070c","type":"entity_state","version":2,"world_id":"td-0d917a4eff776d999148769266591579674d2c42de6557026893a1902834f11f"}
[19:37:28] [Render thread/INFO]: 7DTD proxy updated: id=1d96b662-c615-4729-a431-d3c5806bac72 sequence=22 x=-45.30000001192093 y=71.0 z=75.77925174075625 yaw=109.17742919921875 pitch=0.0 roll=0.0
[19:37:29] [MC7DTD-websocket/INFO]: 7DTD entity received: {"authority":"7dtd","dimension":"7dtd:main","entity_id":"1d96b662-c615-4729-a431-d3c5806bac72","entity_type":"7dtd:player","lifecycle":{"event":"update"},"metadata":{},"origin":{"dimension":"7dtd:main","entity_id":"1d96b662-c615-4729-a431-d3c5806bac72","game":"7dtd","world_id":"td-0d917a4eff776d999148769266591579674d2c42de6557026893a1902834f11f"},"position":{"x":-45.30000001192093,"y":71,"z":75.77925174075625,"space":"minecraft"},"rotation":{"pitch":0,"roll":0,"yaw":109.17742919921875},"sequence":23,"source":"7dtd","stream_id":"87f4fae0-b0b2-408f-bcab-c03d8733070c","type":"entity_state","version":2,"world_id":"td-0d917a4eff776d999148769266591579674d2c42de6557026893a1902834f11f"}
[19:37:29] [Render thread/INFO]: 7DTD proxy updated: id=1d96b662-c615-4729-a431-d3c5806bac72 sequence=23 x=-45.30000001192093 y=71.0 z=75.77925174075625 yaw=109.17742919921875 pitch=0.0 roll=0.0
[19:37:29] [MC7DTD-websocket/INFO]: 7DTD entity received: {"authority":"7dtd","dimension":"7dtd:main","entity_id":"1d96b662-c615-4729-a431-d3c5806bac72","entity_type":"7dtd:player","lifecycle":{"event":"update"},"metadata":{},"origin":{"dimension":"7dtd:main","entity_id":"1d96b662-c615-4729-a431-d3c5806bac72","game":"7dtd","world_id":"td-0d917a4eff776d999148769266591579674d2c42de6557026893a1902834f11f"},"position":{"x":-45.30000001192093,"y":71,"z":75.77925174075625,"space":"minecraft"},"rotation":{"pitch":0,"roll":0,"yaw":109.17742919921875},"sequence":24,"source":"7dtd","stream_id":"87f4fae0-b0b2-408f-bcab-c03d8733070c","type":"entity_state","version":2,"world_id":"td-0d917a4eff776d999148769266591579674d2c42de6557026893a1902834f11f"}
[19:37:29] [Render thread/INFO]: 7DTD proxy updated: id=1d96b662-c615-4729-a431-d3c5806bac72 sequence=24 x=-45.30000001192093 y=71.0 z=75.77925174075625 yaw=109.17742919921875 pitch=0.0 roll=0.0
[19:37:30] [MC7DTD-websocket/INFO]: 7DTD entity received: {"authority":"7dtd","dimension":"7dtd:main","entity_id":"1d96b662-c615-4729-a431-d3c5806bac72","entity_type":"7dtd:player","lifecycle":{"event":"update"},"metadata":{},"origin":{"dimension":"7dtd:main","entity_id":"1d96b662-c615-4729-a431-d3c5806bac72","game":"7dtd","world_id":"td-0d917a4eff776d999148769266591579674d2c42de6557026893a1902834f11f"},"position":{"x":-45.30000001192093,"y":71,"z":75.77925174075625,"space":"minecraft"},"rotation":{"pitch":0,"roll":0,"yaw":109.17742919921875},"sequence":25,"source":"7dtd","stream_id":"87f4fae0-b0b2-408f-bcab-c03d8733070c","type":"entity_state","version":2,"world_id":"td-0d917a4eff776d999148769266591579674d2c42de6557026893a1902834f11f"}
[19:37:30] [Render thread/INFO]: 7DTD proxy updated: id=1d96b662-c615-4729-a431-d3c5806bac72 sequence=25 x=-45.30000001192093 y=71.0 z=75.77925174075625 yaw=109.17742919921875 pitch=0.0 roll=0.0
[19:37:30] [MC7DTD-websocket/INFO]: 7DTD entity received: {"authority":"7dtd","dimension":"7dtd:main","entity_id":"1d96b662-c615-4729-a431-d3c5806bac72","entity_type":"7dtd:player","lifecycle":{"event":"update"},"metadata":{},"origin":{"dimension":"7dtd:main","entity_id":"1d96b662-c615-4729-a431-d3c5806bac72","game":"7dtd","world_id":"td-0d917a4eff776d999148769266591579674d2c42de6557026893a1902834f11f"},"position":{"x":-45.30000001192093,"y":71,"z":75.77925174075625,"space":"minecraft"},"rotation":{"pitch":0,"roll":0,"yaw":109.17742919921875},"sequence":26,"source":"7dtd","stream_id":"87f4fae0-b0b2-408f-bcab-c03d8733070c","type":"entity_state","version":2,"world_id":"td-0d917a4eff776d999148769266591579674d2c42de6557026893a1902834f11f"}
[19:37:30] [Render thread/INFO]: 7DTD proxy updated: id=1d96b662-c615-4729-a431-d3c5806bac72 sequence=26 x=-45.30000001192093 y=71.0 z=75.77925174075625 yaw=109.17742919921875 pitch=0.0 roll=0.0
[19:37:31] [MC7DTD-websocket/INFO]: 7DTD entity received: {"authority":"7dtd","dimension":"7dtd:main","entity_id":"1d96b662-c615-4729-a431-d3c5806bac72","entity_type":"7dtd:player","lifecycle":{"event":"update"},"metadata":{},"origin":{"dimension":"7dtd:main","entity_id":"1d96b662-c615-4729-a431-d3c5806bac72","game":"7dtd","world_id":"td-0d917a4eff776d999148769266591579674d2c42de6557026893a1902834f11f"},"position":{"x":-45.30000001192093,"y":71,"z":75.77925174075625,"space":"minecraft"},"rotation":{"pitch":0,"roll":0,"yaw":109.17742919921875},"sequence":27,"source":"7dtd","stream_id":"87f4fae0-b0b2-408f-bcab-c03d8733070c","type":"entity_state","version":2,"world_id":"td-0d917a4eff776d999148769266591579674d2c42de6557026893a1902834f11f"}
[19:37:31] [Render thread/INFO]: 7DTD proxy updated: id=1d96b662-c615-4729-a431-d3c5806bac72 sequence=27 x=-45.30000001192093 y=71.0 z=75.77925174075625 yaw=109.17742919921875 pitch=0.0 roll=0.0
[19:37:31] [MC7DTD-websocket/INFO]: 7DTD entity received: {"authority":"7dtd","dimension":"7dtd:main","entity_id":"1d96b662-c615-4729-a431-d3c5806bac72","entity_type":"7dtd:player","lifecycle":{"event":"update"},"metadata":{},"origin":{"dimension":"7dtd:main","entity_id":"1d96b662-c615-4729-a431-d3c5806bac72","game":"7dtd","world_id":"td-0d917a4eff776d999148769266591579674d2c42de6557026893a1902834f11f"},"position":{"x":-45.30000001192093,"y":71,"z":75.77925174075625,"space":"minecraft"},"rotation":{"pitch":0,"roll":0,"yaw":109.17742919921875},"sequence":28,"source":"7dtd","stream_id":"87f4fae0-b0b2-408f-bcab-c03d8733070c","type":"entity_state","version":2,"world_id":"td-0d917a4eff776d999148769266591579674d2c42de6557026893a1902834f11f"}
[19:37:31] [Render thread/INFO]: 7DTD proxy updated: id=1d96b662-c615-4729-a431-d3c5806bac72 sequence=28 x=-45.30000001192093 y=71.0 z=75.77925174075625 yaw=109.17742919921875 pitch=0.0 roll=0.0
[19:37:32] [MC7DTD-websocket/INFO]: 7DTD entity received: {"authority":"7dtd","dimension":"7dtd:main","entity_id":"1d96b662-c615-4729-a431-d3c5806bac72","entity_type":"7dtd:player","lifecycle":{"event":"update"},"metadata":{},"origin":{"dimension":"7dtd:main","entity_id":"1d96b662-c615-4729-a431-d3c5806bac72","game":"7dtd","world_id":"td-0d917a4eff776d999148769266591579674d2c42de6557026893a1902834f11f"},"position":{"x":-45.30000001192093,"y":71,"z":75.77925174075625,"space":"minecraft"},"rotation":{"pitch":0,"roll":0,"yaw":109.17742919921875},"sequence":29,"source":"7dtd","stream_id":"87f4fae0-b0b2-408f-bcab-c03d8733070c","type":"entity_state","version":2,"world_id":"td-0d917a4eff776d999148769266591579674d2c42de6557026893a1902834f11f"}
[19:37:32] [Render thread/INFO]: 7DTD proxy updated: id=1d96b662-c615-4729-a431-d3c5806bac72 sequence=29 x=-45.30000001192093 y=71.0 z=75.77925174075625 yaw=109.17742919921875 pitch=0.0 roll=0.0
[19:37:32] [MC7DTD-websocket/INFO]: 7DTD entity received: {"authority":"7dtd","dimension":"7dtd:main","entity_id":"1d96b662-c615-4729-a431-d3c5806bac72","entity_type":"7dtd:player","lifecycle":{"event":"update"},"metadata":{},"origin":{"dimension":"7dtd:main","entity_id":"1d96b662-c615-4729-a431-d3c5806bac72","game":"7dtd","world_id":"td-0d917a4eff776d999148769266591579674d2c42de6557026893a1902834f11f"},"position":{"x":-45.30000001192093,"y":71,"z":75.77925174075625,"space":"minecraft"},"rotation":{"pitch":0,"roll":0,"yaw":109.17742919921875},"sequence":30,"source":"7dtd","stream_id":"87f4fae0-b0b2-408f-bcab-c03d8733070c","type":"entity_state","version":2,"world_id":"td-0d917a4eff776d999148769266591579674d2c42de6557026893a1902834f11f"}
[19:37:32] [Render thread/INFO]: 7DTD proxy updated: id=1d96b662-c615-4729-a431-d3c5806bac72 sequence=30 x=-45.30000001192093 y=71.0 z=75.77925174075625 yaw=109.17742919921875 pitch=0.0 roll=0.0
[19:37:33] [MC7DTD-websocket/INFO]: 7DTD entity received: {"authority":"7dtd","dimension":"7dtd:main","entity_id":"1d96b662-c615-4729-a431-d3c5806bac72","entity_type":"7dtd:player","lifecycle":{"event":"update"},"metadata":{},"origin":{"dimension":"7dtd:main","entity_id":"1d96b662-c615-4729-a431-d3c5806bac72","game":"7dtd","world_id":"td-0d917a4eff776d999148769266591579674d2c42de6557026893a1902834f11f"},"position":{"x":-45.30000001192093,"y":71,"z":75.77925174075625,"space":"minecraft"},"rotation":{"pitch":0,"roll":0,"yaw":109.17742919921875},"sequence":31,"source":"7dtd","stream_id":"87f4fae0-b0b2-408f-bcab-c03d8733070c","type":"entity_state","version":2,"world_id":"td-0d917a4eff776d999148769266591579674d2c42de6557026893a1902834f11f"}
[19:37:33] [Render thread/INFO]: 7DTD proxy updated: id=1d96b662-c615-4729-a431-d3c5806bac72 sequence=31 x=-45.30000001192093 y=71.0 z=75.77925174075625 yaw=109.17742919921875 pitch=0.0 roll=0.0
[19:37:33] [MC7DTD-websocket/INFO]: 7DTD entity received: {"authority":"7dtd","dimension":"7dtd:main","entity_id":"1d96b662-c615-4729-a431-d3c5806bac72","entity_type":"7dtd:player","lifecycle":{"event":"update"},"metadata":{},"origin":{"dimension":"7dtd:main","entity_id":"1d96b662-c615-4729-a431-d3c5806bac72","game":"7dtd","world_id":"td-0d917a4eff776d999148769266591579674d2c42de6557026893a1902834f11f"},"position":{"x":-45.30000001192093,"y":71,"z":75.77925174075625,"space":"minecraft"},"rotation":{"pitch":0,"roll":0,"yaw":109.17742919921875},"sequence":32,"source":"7dtd","stream_id":"87f4fae0-b0b2-408f-bcab-c03d8733070c","type":"entity_state","version":2,"world_id":"td-0d917a4eff776d999148769266591579674d2c42de6557026893a1902834f11f"}
[19:37:33] [Render thread/INFO]: 7DTD proxy updated: id=1d96b662-c615-4729-a431-d3c5806bac72 sequence=32 x=-45.30000001192093 y=71.0 z=75.77925174075625 yaw=109.17742919921875 pitch=0.0 roll=0.0
[19:37:34] [MC7DTD-websocket/INFO]: 7DTD entity received: {"authority":"7dtd","dimension":"7dtd:main","entity_id":"1d96b662-c615-4729-a431-d3c5806bac72","entity_type":"7dtd:player","lifecycle":{"event":"update"},"metadata":{},"origin":{"dimension":"7dtd:main","entity_id":"1d96b662-c615-4729-a431-d3c5806bac72","game":"7dtd","world_id":"td-0d917a4eff776d999148769266591579674d2c42de6557026893a1902834f11f"},"position":{"x":-45.30000001192093,"y":71,"z":75.77925174075625,"space":"minecraft"},"rotation":{"pitch":0,"roll":0,"yaw":109.17742919921875},"sequence":33,"source":"7dtd","stream_id":"87f4fae0-b0b2-408f-bcab-c03d8733070c","type":"entity_state","version":2,"world_id":"td-0d917a4eff776d999148769266591579674d2c42de6557026893a1902834f11f"}
[19:37:34] [Render thread/INFO]: 7DTD proxy updated: id=1d96b662-c615-4729-a431-d3c5806bac72 sequence=33 x=-45.30000001192093 y=71.0 z=75.77925174075625 yaw=109.17742919921875 pitch=0.0 roll=0.0
[19:37:34] [MC7DTD-websocket/INFO]: 7DTD entity received: {"authority":"7dtd","dimension":"7dtd:main","entity_id":"1d96b662-c615-4729-a431-d3c5806bac72","entity_type":"7dtd:player","lifecycle":{"event":"update"},"metadata":{},"origin":{"dimension":"7dtd:main","entity_id":"1d96b662-c615-4729-a431-d3c5806bac72","game":"7dtd","world_id":"td-0d917a4eff776d999148769266591579674d2c42de6557026893a1902834f11f"},"position":{"x":-45.30000001192093,"y":71,"z":75.77925174075625,"space":"minecraft"},"rotation":{"pitch":0,"roll":0,"yaw":109.17742919921875},"sequence":34,"source":"7dtd","stream_id":"87f4fae0-b0b2-408f-bcab-c03d8733070c","type":"entity_state","version":2,"world_id":"td-0d917a4eff776d999148769266591579674d2c42de6557026893a1902834f11f"}
[19:37:34] [Render thread/INFO]: 7DTD proxy updated: id=1d96b662-c615-4729-a431-d3c5806bac72 sequence=34 x=-45.30000001192093 y=71.0 z=75.77925174075625 yaw=109.17742919921875 pitch=0.0 roll=0.0
[19:37:35] [MC7DTD-websocket/INFO]: 7DTD entity received: {"authority":"7dtd","dimension":"7dtd:main","entity_id":"1d96b662-c615-4729-a431-d3c5806bac72","entity_type":"7dtd:player","lifecycle":{"event":"update"},"metadata":{},"origin":{"dimension":"7dtd:main","entity_id":"1d96b662-c615-4729-a431-d3c5806bac72","game":"7dtd","world_id":"td-0d917a4eff776d999148769266591579674d2c42de6557026893a1902834f11f"},"position":{"x":-45.30000001192093,"y":71,"z":75.77925174075625,"space":"minecraft"},"rotation":{"pitch":0,"roll":0,"yaw":109.17742919921875},"sequence":35,"source":"7dtd","stream_id":"87f4fae0-b0b2-408f-bcab-c03d8733070c","type":"entity_state","version":2,"world_id":"td-0d917a4eff776d999148769266591579674d2c42de6557026893a1902834f11f"}
[19:37:35] [Render thread/INFO]: 7DTD proxy updated: id=1d96b662-c615-4729-a431-d3c5806bac72 sequence=35 x=-45.30000001192093 y=71.0 z=75.77925174075625 yaw=109.17742919921875 pitch=0.0 roll=0.0
[19:37:35] [MC7DTD-websocket/INFO]: 7DTD entity received: {"authority":"7dtd","dimension":"7dtd:main","entity_id":"1d96b662-c615-4729-a431-d3c5806bac72","entity_type":"7dtd:player","lifecycle":{"event":"update"},"metadata":{},"origin":{"dimension":"7dtd:main","entity_id":"1d96b662-c615-4729-a431-d3c5806bac72","game":"7dtd","world_id":"td-0d917a4eff776d999148769266591579674d2c42de6557026893a1902834f11f"},"position":{"x":-45.30000001192093,"y":71,"z":75.77925174075625,"space":"minecraft"},"rotation":{"pitch":0,"roll":0,"yaw":109.17742919921875},"sequence":36,"source":"7dtd","stream_id":"87f4fae0-b0b2-408f-bcab-c03d8733070c","type":"entity_state","version":2,"world_id":"td-0d917a4eff776d999148769266591579674d2c42de6557026893a1902834f11f"}
[19:37:35] [Render thread/INFO]: 7DTD proxy updated: id=1d96b662-c615-4729-a431-d3c5806bac72 sequence=36 x=-45.30000001192093 y=71.0 z=75.77925174075625 yaw=109.17742919921875 pitch=0.0 roll=0.0
[19:37:36] [MC7DTD-websocket/INFO]: 7DTD entity received: {"authority":"7dtd","dimension":"7dtd:main","entity_id":"1d96b662-c615-4729-a431-d3c5806bac72","entity_type":"7dtd:player","lifecycle":{"event":"update"},"metadata":{},"origin":{"dimension":"7dtd:main","entity_id":"1d96b662-c615-4729-a431-d3c5806bac72","game":"7dtd","world_id":"td-0d917a4eff776d999148769266591579674d2c42de6557026893a1902834f11f"},"position":{"x":-45.30000001192093,"y":71,"z":75.77925174075625,"space":"minecraft"},"rotation":{"pitch":0,"roll":0,"yaw":109.17742919921875},"sequence":37,"source":"7dtd","stream_id":"87f4fae0-b0b2-408f-bcab-c03d8733070c","type":"entity_state","version":2,"world_id":"td-0d917a4eff776d999148769266591579674d2c42de6557026893a1902834f11f"}
[19:37:36] [Render thread/INFO]: 7DTD proxy updated: id=1d96b662-c615-4729-a431-d3c5806bac72 sequence=37 x=-45.30000001192093 y=71.0 z=75.77925174075625 yaw=109.17742919921875 pitch=0.0 roll=0.0
[19:37:36] [MC7DTD-websocket/INFO]: 7DTD entity received: {"authority":"7dtd","dimension":"7dtd:main","entity_id":"1d96b662-c615-4729-a431-d3c5806bac72","entity_type":"7dtd:player","lifecycle":{"event":"update"},"metadata":{},"origin":{"dimension":"7dtd:main","entity_id":"1d96b662-c615-4729-a431-d3c5806bac72","game":"7dtd","world_id":"td-0d917a4eff776d999148769266591579674d2c42de6557026893a1902834f11f"},"position":{"x":-45.30000001192093,"y":71,"z":75.77925174075625,"space":"minecraft"},"rotation":{"pitch":0,"roll":0,"yaw":109.17742919921875},"sequence":38,"source":"7dtd","stream_id":"87f4fae0-b0b2-408f-bcab-c03d8733070c","type":"entity_state","version":2,"world_id":"td-0d917a4eff776d999148769266591579674d2c42de6557026893a1902834f11f"}
[19:37:36] [Render thread/INFO]: 7DTD proxy updated: id=1d96b662-c615-4729-a431-d3c5806bac72 sequence=38 x=-45.30000001192093 y=71.0 z=75.77925174075625 yaw=109.17742919921875 pitch=0.0 roll=0.0
[19:37:37] [MC7DTD-websocket/INFO]: 7DTD entity received: {"authority":"7dtd","dimension":"7dtd:main","entity_id":"1d96b662-c615-4729-a431-d3c5806bac72","entity_type":"7dtd:player","lifecycle":{"event":"update"},"metadata":{},"origin":{"dimension":"7dtd:main","entity_id":"1d96b662-c615-4729-a431-d3c5806bac72","game":"7dtd","world_id":"td-0d917a4eff776d999148769266591579674d2c42de6557026893a1902834f11f"},"position":{"x":-45.30000001192093,"y":71,"z":75.77925174075625,"space":"minecraft"},"rotation":{"pitch":0,"roll":0,"yaw":109.17742919921875},"sequence":39,"source":"7dtd","stream_id":"87f4fae0-b0b2-408f-bcab-c03d8733070c","type":"entity_state","version":2,"world_id":"td-0d917a4eff776d999148769266591579674d2c42de6557026893a1902834f11f"}
[19:37:37] [Render thread/INFO]: 7DTD proxy updated: id=1d96b662-c615-4729-a431-d3c5806bac72 sequence=39 x=-45.30000001192093 y=71.0 z=75.77925174075625 yaw=109.17742919921875 pitch=0.0 roll=0.0
[19:37:37] [MC7DTD-entity-test-send/INFO]: Player proxy sent: {"type":"entity_state","version":1,"source":"minecraft","entity_type":"minecraft:player","entity_id":"4cee8e44-c4b9-4af8-ad92-2db1ac35aafd","stream_id":"ff55d991-cd59-45bf-acd4-77ae6eb479dc","world_id":"mc-cf4dce40-2be1-372b-b914-917f5dcc644c","dimension":"minecraft:overworld","sequence":2,"lifecycle":{"event":"update"},"metadata":{},"position":{"x":-47.30000001192093,"y":71.0,"z":72.77925174075624,"space":"minecraft"},"rotation":{"yaw":324.45015716552734,"pitch":37.3499755859375,"roll":0}}
[19:37:37] [MC7DTD-websocket/INFO]: 7DTD entity received: {"authority":"7dtd","dimension":"7dtd:main","entity_id":"1d96b662-c615-4729-a431-d3c5806bac72","entity_type":"7dtd:player","lifecycle":{"event":"update"},"metadata":{},"origin":{"dimension":"7dtd:main","entity_id":"1d96b662-c615-4729-a431-d3c5806bac72","game":"7dtd","world_id":"td-0d917a4eff776d999148769266591579674d2c42de6557026893a1902834f11f"},"position":{"x":-45.30000001192093,"y":71,"z":75.77925174075625,"space":"minecraft"},"rotation":{"pitch":0,"roll":0,"yaw":109.17742919921875},"sequence":40,"source":"7dtd","stream_id":"87f4fae0-b0b2-408f-bcab-c03d8733070c","type":"entity_state","version":2,"world_id":"td-0d917a4eff776d999148769266591579674d2c42de6557026893a1902834f11f"}
[19:37:37] [Render thread/INFO]: 7DTD proxy updated: id=1d96b662-c615-4729-a431-d3c5806bac72 sequence=40 x=-45.30000001192093 y=71.0 z=75.77925174075625 yaw=109.17742919921875 pitch=0.0 roll=0.0
[19:37:37] [Render thread/INFO]: Resizing Chunk Sections UBO, capacity limit of 128 reached during a single frame. New capacity will be 256.
[19:37:37] [MC7DTD-entity-test-send/INFO]: Player proxy sent: {"type":"entity_state","version":1,"source":"minecraft","entity_type":"minecraft:player","entity_id":"4cee8e44-c4b9-4af8-ad92-2db1ac35aafd","stream_id":"ff55d991-cd59-45bf-acd4-77ae6eb479dc","world_id":"mc-cf4dce40-2be1-372b-b914-917f5dcc644c","dimension":"minecraft:overworld","sequence":3,"lifecycle":{"event":"update"},"metadata":{},"position":{"x":-47.30000001192093,"y":71.0,"z":72.77925174075624,"space":"minecraft"},"rotation":{"yaw":324.45015716552734,"pitch":37.3499755859375,"roll":0}}
[19:37:38] [Render thread/INFO]: Resizing Chunk Sections UBO, capacity limit of 256 reached during a single frame. New capacity will be 512.
[19:37:38] [MC7DTD-websocket/INFO]: 7DTD entity received: {"authority":"7dtd","dimension":"7dtd:main","entity_id":"1d96b662-c615-4729-a431-d3c5806bac72","entity_type":"7dtd:player","lifecycle":{"event":"update"},"metadata":{},"origin":{"dimension":"7dtd:main","entity_id":"1d96b662-c615-4729-a431-d3c5806bac72","game":"7dtd","world_id":"td-0d917a4eff776d999148769266591579674d2c42de6557026893a1902834f11f"},"position":{"x":-45.30000001192093,"y":71,"z":75.77925174075625,"space":"minecraft"},"rotation":{"pitch":0,"roll":0,"yaw":109.17742919921875},"sequence":41,"source":"7dtd","stream_id":"87f4fae0-b0b2-408f-bcab-c03d8733070c","type":"entity_state","version":2,"world_id":"td-0d917a4eff776d999148769266591579674d2c42de6557026893a1902834f11f"}
[19:37:38] [Render thread/INFO]: Resizing Chunk Sections UBO, capacity limit of 512 reached during a single frame. New capacity will be 1024.
[19:37:38] [Render thread/INFO]: 7DTD proxy updated: id=1d96b662-c615-4729-a431-d3c5806bac72 sequence=41 x=-45.30000001192093 y=71.0 z=75.77925174075625 yaw=109.17742919921875 pitch=0.0 roll=0.0
[19:37:38] [MC7DTD-entity-test-send/INFO]: Player proxy sent: {"type":"entity_state","version":1,"source":"minecraft","entity_type":"minecraft:player","entity_id":"4cee8e44-c4b9-4af8-ad92-2db1ac35aafd","stream_id":"ff55d991-cd59-45bf-acd4-77ae6eb479dc","world_id":"mc-cf4dce40-2be1-372b-b914-917f5dcc644c","dimension":"minecraft:overworld","sequence":4,"lifecycle":{"event":"update"},"metadata":{},"position":{"x":-47.30000001192093,"y":71.0,"z":72.77925174075624,"space":"minecraft"},"rotation":{"yaw":324.45015716552734,"pitch":37.3499755859375,"roll":0}}
[19:37:38] [MC7DTD-websocket/INFO]: 7DTD entity received: {"authority":"7dtd","dimension":"7dtd:main","entity_id":"1d96b662-c615-4729-a431-d3c5806bac72","entity_type":"7dtd:player","lifecycle":{"event":"update"},"metadata":{},"origin":{"dimension":"7dtd:main","entity_id":"1d96b662-c615-4729-a431-d3c5806bac72","game":"7dtd","world_id":"td-0d917a4eff776d999148769266591579674d2c42de6557026893a1902834f11f"},"position":{"x":-45.30000001192093,"y":71,"z":75.77925174075625,"space":"minecraft"},"rotation":{"pitch":0,"roll":0,"yaw":109.17742919921875},"sequence":42,"source":"7dtd","stream_id":"87f4fae0-b0b2-408f-bcab-c03d8733070c","type":"entity_state","version":2,"world_id":"td-0d917a4eff776d999148769266591579674d2c42de6557026893a1902834f11f"}
[19:37:38] [Render thread/INFO]: 7DTD proxy updated: id=1d96b662-c615-4729-a431-d3c5806bac72 sequence=42 x=-45.30000001192093 y=71.0 z=75.77925174075625 yaw=109.17742919921875 pitch=0.0 roll=0.0
[19:37:39] [MC7DTD-entity-test-send/INFO]: Player proxy sent: {"type":"entity_state","version":1,"source":"minecraft","entity_type":"minecraft:player","entity_id":"4cee8e44-c4b9-4af8-ad92-2db1ac35aafd","stream_id":"ff55d991-cd59-45bf-acd4-77ae6eb479dc","world_id":"mc-cf4dce40-2be1-372b-b914-917f5dcc644c","dimension":"minecraft:overworld","sequence":5,"lifecycle":{"event":"update"},"metadata":{},"position":{"x":-47.30000001192093,"y":71.0,"z":72.77925174075624,"space":"minecraft"},"rotation":{"yaw":324.45015716552734,"pitch":37.3499755859375,"roll":0}}
[19:37:39] [MC7DTD-websocket/INFO]: 7DTD entity received: {"authority":"7dtd","dimension":"7dtd:main","entity_id":"1d96b662-c615-4729-a431-d3c5806bac72","entity_type":"7dtd:player","lifecycle":{"event":"update"},"metadata":{},"origin":{"dimension":"7dtd:main","entity_id":"1d96b662-c615-4729-a431-d3c5806bac72","game":"7dtd","world_id":"td-0d917a4eff776d999148769266591579674d2c42de6557026893a1902834f11f"},"position":{"x":-45.30000001192093,"y":71,"z":75.77925174075625,"space":"minecraft"},"rotation":{"pitch":0,"roll":0,"yaw":109.17742919921875},"sequence":43,"source":"7dtd","stream_id":"87f4fae0-b0b2-408f-bcab-c03d8733070c","type":"entity_state","version":2,"world_id":"td-0d917a4eff776d999148769266591579674d2c42de6557026893a1902834f11f"}
[19:37:39] [Render thread/INFO]: 7DTD proxy updated: id=1d96b662-c615-4729-a431-d3c5806bac72 sequence=43 x=-45.30000001192093 y=71.0 z=75.77925174075625 yaw=109.17742919921875 pitch=0.0 roll=0.0
[19:37:39] [MC7DTD-entity-test-send/INFO]: Player proxy sent: {"type":"entity_state","version":1,"source":"minecraft","entity_type":"minecraft:player","entity_id":"4cee8e44-c4b9-4af8-ad92-2db1ac35aafd","stream_id":"ff55d991-cd59-45bf-acd4-77ae6eb479dc","world_id":"mc-cf4dce40-2be1-372b-b914-917f5dcc644c","dimension":"minecraft:overworld","sequence":6,"lifecycle":{"event":"update"},"metadata":{},"position":{"x":-47.30000001192093,"y":71.0,"z":72.77925174075624,"space":"minecraft"},"rotation":{"yaw":324.45015716552734,"pitch":37.3499755859375,"roll":0}}
[19:37:39] [MC7DTD-websocket/INFO]: 7DTD entity received: {"authority":"7dtd","dimension":"7dtd:main","entity_id":"1d96b662-c615-4729-a431-d3c5806bac72","entity_type":"7dtd:player","lifecycle":{"event":"update"},"metadata":{},"origin":{"dimension":"7dtd:main","entity_id":"1d96b662-c615-4729-a431-d3c5806bac72","game":"7dtd","world_id":"td-0d917a4eff776d999148769266591579674d2c42de6557026893a1902834f11f"},"position":{"x":-45.30000001192093,"y":71,"z":75.77925174075625,"space":"minecraft"},"rotation":{"pitch":0,"roll":0,"yaw":109.17742919921875},"sequence":44,"source":"7dtd","stream_id":"87f4fae0-b0b2-408f-bcab-c03d8733070c","type":"entity_state","version":2,"world_id":"td-0d917a4eff776d999148769266591579674d2c42de6557026893a1902834f11f"}
[19:37:39] [Render thread/INFO]: 7DTD proxy updated: id=1d96b662-c615-4729-a431-d3c5806bac72 sequence=44 x=-45.30000001192093 y=71.0 z=75.77925174075625 yaw=109.17742919921875 pitch=0.0 roll=0.0
[19:37:40] [MC7DTD-entity-test-send/INFO]: Player proxy sent: {"type":"entity_state","version":1,"source":"minecraft","entity_type":"minecraft:player","entity_id":"4cee8e44-c4b9-4af8-ad92-2db1ac35aafd","stream_id":"ff55d991-cd59-45bf-acd4-77ae6eb479dc","world_id":"mc-cf4dce40-2be1-372b-b914-917f5dcc644c","dimension":"minecraft:overworld","sequence":7,"lifecycle":{"event":"update"},"metadata":{},"position":{"x":-47.30000001192093,"y":71.0,"z":72.77925174075624,"space":"minecraft"},"rotation":{"yaw":324.45015716552734,"pitch":37.3499755859375,"roll":0}}
[19:37:40] [MC7DTD-websocket/INFO]: 7DTD entity received: {"authority":"7dtd","dimension":"7dtd:main","entity_id":"1d96b662-c615-4729-a431-d3c5806bac72","entity_type":"7dtd:player","lifecycle":{"event":"update"},"metadata":{},"origin":{"dimension":"7dtd:main","entity_id":"1d96b662-c615-4729-a431-d3c5806bac72","game":"7dtd","world_id":"td-0d917a4eff776d999148769266591579674d2c42de6557026893a1902834f11f"},"position":{"x":-45.30000001192093,"y":71,"z":75.77925174075625,"space":"minecraft"},"rotation":{"pitch":0,"roll":0,"yaw":109.17742919921875},"sequence":45,"source":"7dtd","stream_id":"87f4fae0-b0b2-408f-bcab-c03d8733070c","type":"entity_state","version":2,"world_id":"td-0d917a4eff776d999148769266591579674d2c42de6557026893a1902834f11f"}
[19:37:40] [Render thread/INFO]: 7DTD proxy updated: id=1d96b662-c615-4729-a431-d3c5806bac72 sequence=45 x=-45.30000001192093 y=71.0 z=75.77925174075625 yaw=109.17742919921875 pitch=0.0 roll=0.0
[19:37:40] [MC7DTD-entity-test-send/INFO]: Player proxy sent: {"type":"entity_state","version":1,"source":"minecraft","entity_type":"minecraft:player","entity_id":"4cee8e44-c4b9-4af8-ad92-2db1ac35aafd","stream_id":"ff55d991-cd59-45bf-acd4-77ae6eb479dc","world_id":"mc-cf4dce40-2be1-372b-b914-917f5dcc644c","dimension":"minecraft:overworld","sequence":8,"lifecycle":{"event":"update"},"metadata":{},"position":{"x":-47.30000001192093,"y":71.0,"z":72.77925174075624,"space":"minecraft"},"rotation":{"yaw":324.45015716552734,"pitch":37.3499755859375,"roll":0}}
[19:37:40] [MC7DTD-websocket/INFO]: 7DTD entity received: {"authority":"7dtd","dimension":"7dtd:main","entity_id":"1d96b662-c615-4729-a431-d3c5806bac72","entity_type":"7dtd:player","lifecycle":{"event":"update"},"metadata":{},"origin":{"dimension":"7dtd:main","entity_id":"1d96b662-c615-4729-a431-d3c5806bac72","game":"7dtd","world_id":"td-0d917a4eff776d999148769266591579674d2c42de6557026893a1902834f11f"},"position":{"x":-45.30000001192093,"y":71,"z":75.77925174075625,"space":"minecraft"},"rotation":{"pitch":0,"roll":0,"yaw":109.17742919921875},"sequence":46,"source":"7dtd","stream_id":"87f4fae0-b0b2-408f-bcab-c03d8733070c","type":"entity_state","version":2,"world_id":"td-0d917a4eff776d999148769266591579674d2c42de6557026893a1902834f11f"}
[19:37:40] [Render thread/INFO]: 7DTD proxy updated: id=1d96b662-c615-4729-a431-d3c5806bac72 sequence=46 x=-45.30000001192093 y=71.0 z=75.77925174075625 yaw=109.17742919921875 pitch=0.0 roll=0.0
[19:37:41] [MC7DTD-entity-test-send/INFO]: Player proxy sent: {"type":"entity_state","version":1,"source":"minecraft","entity_type":"minecraft:player","entity_id":"4cee8e44-c4b9-4af8-ad92-2db1ac35aafd","stream_id":"ff55d991-cd59-45bf-acd4-77ae6eb479dc","world_id":"mc-cf4dce40-2be1-372b-b914-917f5dcc644c","dimension":"minecraft:overworld","sequence":9,"lifecycle":{"event":"update"},"metadata":{},"position":{"x":-47.30000001192093,"y":71.0,"z":72.77925174075624,"space":"minecraft"},"rotation":{"yaw":324.45015716552734,"pitch":37.3499755859375,"roll":0}}
[19:37:41] [MC7DTD-websocket/INFO]: 7DTD entity received: {"authority":"7dtd","dimension":"7dtd:main","entity_id":"1d96b662-c615-4729-a431-d3c5806bac72","entity_type":"7dtd:player","lifecycle":{"event":"update"},"metadata":{},"origin":{"dimension":"7dtd:main","entity_id":"1d96b662-c615-4729-a431-d3c5806bac72","game":"7dtd","world_id":"td-0d917a4eff776d999148769266591579674d2c42de6557026893a1902834f11f"},"position":{"x":-45.30000001192093,"y":71,"z":75.77925174075625,"space":"minecraft"},"rotation":{"pitch":0,"roll":0,"yaw":109.17742919921875},"sequence":47,"source":"7dtd","stream_id":"87f4fae0-b0b2-408f-bcab-c03d8733070c","type":"entity_state","version":2,"world_id":"td-0d917a4eff776d999148769266591579674d2c42de6557026893a1902834f11f"}
[19:37:41] [Render thread/INFO]: 7DTD proxy updated: id=1d96b662-c615-4729-a431-d3c5806bac72 sequence=47 x=-45.30000001192093 y=71.0 z=75.77925174075625 yaw=109.17742919921875 pitch=0.0 roll=0.0
[19:37:41] [MC7DTD-entity-test-send/INFO]: Player proxy sent: {"type":"entity_state","version":1,"source":"minecraft","entity_type":"minecraft:player","entity_id":"4cee8e44-c4b9-4af8-ad92-2db1ac35aafd","stream_id":"ff55d991-cd59-45bf-acd4-77ae6eb479dc","world_id":"mc-cf4dce40-2be1-372b-b914-917f5dcc644c","dimension":"minecraft:overworld","sequence":10,"lifecycle":{"event":"update"},"metadata":{},"position":{"x":-47.30000001192093,"y":71.0,"z":72.77925174075624,"space":"minecraft"},"rotation":{"yaw":324.45015716552734,"pitch":37.3499755859375,"roll":0}}
[19:37:41] [MC7DTD-websocket/INFO]: 7DTD entity received: {"authority":"7dtd","dimension":"7dtd:main","entity_id":"1d96b662-c615-4729-a431-d3c5806bac72","entity_type":"7dtd:player","lifecycle":{"event":"update"},"metadata":{},"origin":{"dimension":"7dtd:main","entity_id":"1d96b662-c615-4729-a431-d3c5806bac72","game":"7dtd","world_id":"td-0d917a4eff776d999148769266591579674d2c42de6557026893a1902834f11f"},"position":{"x":-45.30000001192093,"y":71,"z":75.77925174075625,"space":"minecraft"},"rotation":{"pitch":0,"roll":0,"yaw":109.17742919921875},"sequence":48,"source":"7dtd","stream_id":"87f4fae0-b0b2-408f-bcab-c03d8733070c","type":"entity_state","version":2,"world_id":"td-0d917a4eff776d999148769266591579674d2c42de6557026893a1902834f11f"}
[19:37:41] [Render thread/INFO]: 7DTD proxy updated: id=1d96b662-c615-4729-a431-d3c5806bac72 sequence=48 x=-45.30000001192093 y=71.0 z=75.77925174075625 yaw=109.17742919921875 pitch=0.0 roll=0.0
[19:37:42] [MC7DTD-entity-test-send/INFO]: Player proxy sent: {"type":"entity_state","version":1,"source":"minecraft","entity_type":"minecraft:player","entity_id":"4cee8e44-c4b9-4af8-ad92-2db1ac35aafd","stream_id":"ff55d991-cd59-45bf-acd4-77ae6eb479dc","world_id":"mc-cf4dce40-2be1-372b-b914-917f5dcc644c","dimension":"minecraft:overworld","sequence":11,"lifecycle":{"event":"update"},"metadata":{},"position":{"x":-47.30000001192093,"y":71.0,"z":72.77925174075624,"space":"minecraft"},"rotation":{"yaw":324.45015716552734,"pitch":37.3499755859375,"roll":0}}
[19:37:42] [MC7DTD-websocket/INFO]: 7DTD entity received: {"authority":"7dtd","dimension":"7dtd:main","entity_id":"1d96b662-c615-4729-a431-d3c5806bac72","entity_type":"7dtd:player","lifecycle":{"event":"update"},"metadata":{},"origin":{"dimension":"7dtd:main","entity_id":"1d96b662-c615-4729-a431-d3c5806bac72","game":"7dtd","world_id":"td-0d917a4eff776d999148769266591579674d2c42de6557026893a1902834f11f"},"position":{"x":-45.30000001192093,"y":71,"z":75.77925174075625,"space":"minecraft"},"rotation":{"pitch":0,"roll":0,"yaw":109.17742919921875},"sequence":49,"source":"7dtd","stream_id":"87f4fae0-b0b2-408f-bcab-c03d8733070c","type":"entity_state","version":2,"world_id":"td-0d917a4eff776d999148769266591579674d2c42de6557026893a1902834f11f"}
[19:37:42] [Render thread/INFO]: 7DTD proxy updated: id=1d96b662-c615-4729-a431-d3c5806bac72 sequence=49 x=-45.30000001192093 y=71.0 z=75.77925174075625 yaw=109.17742919921875 pitch=0.0 roll=0.0
[19:37:42] [MC7DTD-entity-test-send/INFO]: Player proxy sent: {"type":"entity_state","version":1,"source":"minecraft","entity_type":"minecraft:player","entity_id":"4cee8e44-c4b9-4af8-ad92-2db1ac35aafd","stream_id":"ff55d991-cd59-45bf-acd4-77ae6eb479dc","world_id":"mc-cf4dce40-2be1-372b-b914-917f5dcc644c","dimension":"minecraft:overworld","sequence":12,"lifecycle":{"event":"update"},"metadata":{},"position":{"x":-47.30000001192093,"y":71.0,"z":72.77925174075624,"space":"minecraft"},"rotation":{"yaw":324.45015716552734,"pitch":37.3499755859375,"roll":0}}
[19:37:42] [MC7DTD-websocket/INFO]: 7DTD entity received: {"authority":"7dtd","dimension":"7dtd:main","entity_id":"1d96b662-c615-4729-a431-d3c5806bac72","entity_type":"7dtd:player","lifecycle":{"event":"update"},"metadata":{},"origin":{"dimension":"7dtd:main","entity_id":"1d96b662-c615-4729-a431-d3c5806bac72","game":"7dtd","world_id":"td-0d917a4eff776d999148769266591579674d2c42de6557026893a1902834f11f"},"position":{"x":-45.30000001192093,"y":71,"z":75.77925174075625,"space":"minecraft"},"rotation":{"pitch":0,"roll":0,"yaw":109.17742919921875},"sequence":50,"source":"7dtd","stream_id":"87f4fae0-b0b2-408f-bcab-c03d8733070c","type":"entity_state","version":2,"world_id":"td-0d917a4eff776d999148769266591579674d2c42de6557026893a1902834f11f"}
[19:37:42] [Render thread/INFO]: 7DTD proxy updated: id=1d96b662-c615-4729-a431-d3c5806bac72 sequence=50 x=-45.30000001192093 y=71.0 z=75.77925174075625 yaw=109.17742919921875 pitch=0.0 roll=0.0
[19:37:43] [MC7DTD-entity-test-send/INFO]: Player proxy sent: {"type":"entity_state","version":1,"source":"minecraft","entity_type":"minecraft:player","entity_id":"4cee8e44-c4b9-4af8-ad92-2db1ac35aafd","stream_id":"ff55d991-cd59-45bf-acd4-77ae6eb479dc","world_id":"mc-cf4dce40-2be1-372b-b914-917f5dcc644c","dimension":"minecraft:overworld","sequence":13,"lifecycle":{"event":"update"},"metadata":{},"position":{"x":-47.30000001192093,"y":71.0,"z":72.77925174075624,"space":"minecraft"},"rotation":{"yaw":324.45015716552734,"pitch":37.3499755859375,"roll":0}}
[19:37:43] [MC7DTD-websocket/INFO]: 7DTD entity received: {"authority":"7dtd","dimension":"7dtd:main","entity_id":"1d96b662-c615-4729-a431-d3c5806bac72","entity_type":"7dtd:player","lifecycle":{"event":"update"},"metadata":{},"origin":{"dimension":"7dtd:main","entity_id":"1d96b662-c615-4729-a431-d3c5806bac72","game":"7dtd","world_id":"td-0d917a4eff776d999148769266591579674d2c42de6557026893a1902834f11f"},"position":{"x":-45.30000001192093,"y":71,"z":75.77925174075625,"space":"minecraft"},"rotation":{"pitch":0,"roll":0,"yaw":109.17742919921875},"sequence":51,"source":"7dtd","stream_id":"87f4fae0-b0b2-408f-bcab-c03d8733070c","type":"entity_state","version":2,"world_id":"td-0d917a4eff776d999148769266591579674d2c42de6557026893a1902834f11f"}
[19:37:43] [Render thread/INFO]: 7DTD proxy updated: id=1d96b662-c615-4729-a431-d3c5806bac72 sequence=51 x=-45.30000001192093 y=71.0 z=75.77925174075625 yaw=109.17742919921875 pitch=0.0 roll=0.0
[19:37:43] [MC7DTD-entity-test-send/INFO]: Player proxy sent: {"type":"entity_state","version":1,"source":"minecraft","entity_type":"minecraft:player","entity_id":"4cee8e44-c4b9-4af8-ad92-2db1ac35aafd","stream_id":"ff55d991-cd59-45bf-acd4-77ae6eb479dc","world_id":"mc-cf4dce40-2be1-372b-b914-917f5dcc644c","dimension":"minecraft:overworld","sequence":14,"lifecycle":{"event":"update"},"metadata":{},"position":{"x":-47.30000001192093,"y":71.0,"z":72.77925174075624,"space":"minecraft"},"rotation":{"yaw":324.45015716552734,"pitch":37.3499755859375,"roll":0}}
[19:37:43] [MC7DTD-websocket/INFO]: 7DTD entity received: {"authority":"7dtd","dimension":"7dtd:main","entity_id":"1d96b662-c615-4729-a431-d3c5806bac72","entity_type":"7dtd:player","lifecycle":{"event":"update"},"metadata":{},"origin":{"dimension":"7dtd:main","entity_id":"1d96b662-c615-4729-a431-d3c5806bac72","game":"7dtd","world_id":"td-0d917a4eff776d999148769266591579674d2c42de6557026893a1902834f11f"},"position":{"x":-45.30000001192093,"y":71,"z":75.77925174075625,"space":"minecraft"},"rotation":{"pitch":0,"roll":0,"yaw":109.17742919921875},"sequence":52,"source":"7dtd","stream_id":"87f4fae0-b0b2-408f-bcab-c03d8733070c","type":"entity_state","version":2,"world_id":"td-0d917a4eff776d999148769266591579674d2c42de6557026893a1902834f11f"}
[19:37:43] [Render thread/INFO]: 7DTD proxy updated: id=1d96b662-c615-4729-a431-d3c5806bac72 sequence=52 x=-45.30000001192093 y=71.0 z=75.77925174075625 yaw=109.17742919921875 pitch=0.0 roll=0.0
[19:37:44] [MC7DTD-entity-test-send/INFO]: Player proxy sent: {"type":"entity_state","version":1,"source":"minecraft","entity_type":"minecraft:player","entity_id":"4cee8e44-c4b9-4af8-ad92-2db1ac35aafd","stream_id":"ff55d991-cd59-45bf-acd4-77ae6eb479dc","world_id":"mc-cf4dce40-2be1-372b-b914-917f5dcc644c","dimension":"minecraft:overworld","sequence":15,"lifecycle":{"event":"update"},"metadata":{},"position":{"x":-47.30000001192093,"y":71.0,"z":72.77925174075624,"space":"minecraft"},"rotation":{"yaw":324.45015716552734,"pitch":37.3499755859375,"roll":0}}
[19:37:44] [MC7DTD-websocket/INFO]: 7DTD entity received: {"authority":"7dtd","dimension":"7dtd:main","entity_id":"1d96b662-c615-4729-a431-d3c5806bac72","entity_type":"7dtd:player","lifecycle":{"event":"update"},"metadata":{},"origin":{"dimension":"7dtd:main","entity_id":"1d96b662-c615-4729-a431-d3c5806bac72","game":"7dtd","world_id":"td-0d917a4eff776d999148769266591579674d2c42de6557026893a1902834f11f"},"position":{"x":-45.30000001192093,"y":71,"z":75.77925174075625,"space":"minecraft"},"rotation":{"pitch":0,"roll":0,"yaw":109.17742919921875},"sequence":53,"source":"7dtd","stream_id":"87f4fae0-b0b2-408f-bcab-c03d8733070c","type":"entity_state","version":2,"world_id":"td-0d917a4eff776d999148769266591579674d2c42de6557026893a1902834f11f"}
[19:37:44] [Render thread/INFO]: 7DTD proxy updated: id=1d96b662-c615-4729-a431-d3c5806bac72 sequence=53 x=-45.30000001192093 y=71.0 z=75.77925174075625 yaw=109.17742919921875 pitch=0.0 roll=0.0
[19:37:44] [MC7DTD-entity-test-send/INFO]: Player proxy sent: {"type":"entity_state","version":1,"source":"minecraft","entity_type":"minecraft:player","entity_id":"4cee8e44-c4b9-4af8-ad92-2db1ac35aafd","stream_id":"ff55d991-cd59-45bf-acd4-77ae6eb479dc","world_id":"mc-cf4dce40-2be1-372b-b914-917f5dcc644c","dimension":"minecraft:overworld","sequence":16,"lifecycle":{"event":"update"},"metadata":{},"position":{"x":-47.30000001192093,"y":71.0,"z":72.77925174075624,"space":"minecraft"},"rotation":{"yaw":324.45015716552734,"pitch":37.3499755859375,"roll":0}}
[19:37:44] [MC7DTD-websocket/INFO]: 7DTD entity received: {"authority":"7dtd","dimension":"7dtd:main","entity_id":"1d96b662-c615-4729-a431-d3c5806bac72","entity_type":"7dtd:player","lifecycle":{"event":"update"},"metadata":{},"origin":{"dimension":"7dtd:main","entity_id":"1d96b662-c615-4729-a431-d3c5806bac72","game":"7dtd","world_id":"td-0d917a4eff776d999148769266591579674d2c42de6557026893a1902834f11f"},"position":{"x":-45.30000001192093,"y":71,"z":75.77925174075625,"space":"minecraft"},"rotation":{"pitch":0,"roll":0,"yaw":109.17742919921875},"sequence":54,"source":"7dtd","stream_id":"87f4fae0-b0b2-408f-bcab-c03d8733070c","type":"entity_state","version":2,"world_id":"td-0d917a4eff776d999148769266591579674d2c42de6557026893a1902834f11f"}
[19:37:44] [Render thread/INFO]: 7DTD proxy updated: id=1d96b662-c615-4729-a431-d3c5806bac72 sequence=54 x=-45.30000001192093 y=71.0 z=75.77925174075625 yaw=109.17742919921875 pitch=0.0 roll=0.0
[19:37:45] [MC7DTD-entity-test-send/INFO]: Player proxy sent: {"type":"entity_state","version":1,"source":"minecraft","entity_type":"minecraft:player","entity_id":"4cee8e44-c4b9-4af8-ad92-2db1ac35aafd","stream_id":"ff55d991-cd59-45bf-acd4-77ae6eb479dc","world_id":"mc-cf4dce40-2be1-372b-b914-917f5dcc644c","dimension":"minecraft:overworld","sequence":17,"lifecycle":{"event":"update"},"metadata":{},"position":{"x":-47.30000001192093,"y":71.0,"z":72.77925174075624,"space":"minecraft"},"rotation":{"yaw":324.45015716552734,"pitch":37.3499755859375,"roll":0}}
[19:37:45] [MC7DTD-websocket/INFO]: 7DTD entity received: {"authority":"7dtd","dimension":"7dtd:main","entity_id":"1d96b662-c615-4729-a431-d3c5806bac72","entity_type":"7dtd:player","lifecycle":{"event":"update"},"metadata":{},"origin":{"dimension":"7dtd:main","entity_id":"1d96b662-c615-4729-a431-d3c5806bac72","game":"7dtd","world_id":"td-0d917a4eff776d999148769266591579674d2c42de6557026893a1902834f11f"},"position":{"x":-45.30000001192093,"y":71,"z":75.77925174075625,"space":"minecraft"},"rotation":{"pitch":0,"roll":0,"yaw":109.17742919921875},"sequence":55,"source":"7dtd","stream_id":"87f4fae0-b0b2-408f-bcab-c03d8733070c","type":"entity_state","version":2,"world_id":"td-0d917a4eff776d999148769266591579674d2c42de6557026893a1902834f11f"}
[19:37:45] [Render thread/INFO]: 7DTD proxy updated: id=1d96b662-c615-4729-a431-d3c5806bac72 sequence=55 x=-45.30000001192093 y=71.0 z=75.77925174075625 yaw=109.17742919921875 pitch=0.0 roll=0.0
[19:37:45] [MC7DTD-entity-test-send/INFO]: Player proxy sent: {"type":"entity_state","version":1,"source":"minecraft","entity_type":"minecraft:player","entity_id":"4cee8e44-c4b9-4af8-ad92-2db1ac35aafd","stream_id":"ff55d991-cd59-45bf-acd4-77ae6eb479dc","world_id":"mc-cf4dce40-2be1-372b-b914-917f5dcc644c","dimension":"minecraft:overworld","sequence":18,"lifecycle":{"event":"update"},"metadata":{},"position":{"x":-47.30000001192093,"y":71.0,"z":72.77925174075624,"space":"minecraft"},"rotation":{"yaw":324.45015716552734,"pitch":37.3499755859375,"roll":0}}
[19:37:45] [MC7DTD-websocket/INFO]: 7DTD entity received: {"authority":"7dtd","dimension":"7dtd:main","entity_id":"1d96b662-c615-4729-a431-d3c5806bac72","entity_type":"7dtd:player","lifecycle":{"event":"update"},"metadata":{},"origin":{"dimension":"7dtd:main","entity_id":"1d96b662-c615-4729-a431-d3c5806bac72","game":"7dtd","world_id":"td-0d917a4eff776d999148769266591579674d2c42de6557026893a1902834f11f"},"position":{"x":-45.30000001192093,"y":71,"z":75.77925174075625,"space":"minecraft"},"rotation":{"pitch":0,"roll":0,"yaw":109.17742919921875},"sequence":56,"source":"7dtd","stream_id":"87f4fae0-b0b2-408f-bcab-c03d8733070c","type":"entity_state","version":2,"world_id":"td-0d917a4eff776d999148769266591579674d2c42de6557026893a1902834f11f"}
[19:37:45] [Render thread/INFO]: 7DTD proxy updated: id=1d96b662-c615-4729-a431-d3c5806bac72 sequence=56 x=-45.30000001192093 y=71.0 z=75.77925174075625 yaw=109.17742919921875 pitch=0.0 roll=0.0
[19:37:46] [MC7DTD-websocket/INFO]: 7DTD entity received: {"authority":"7dtd","dimension":"7dtd:main","entity_id":"1d96b662-c615-4729-a431-d3c5806bac72","entity_type":"7dtd:player","lifecycle":{"event":"update"},"metadata":{},"origin":{"dimension":"7dtd:main","entity_id":"1d96b662-c615-4729-a431-d3c5806bac72","game":"7dtd","world_id":"td-0d917a4eff776d999148769266591579674d2c42de6557026893a1902834f11f"},"position":{"x":-45.30000001192093,"y":71,"z":75.77925174075625,"space":"minecraft"},"rotation":{"pitch":0,"roll":0,"yaw":109.17742919921875},"sequence":57,"source":"7dtd","stream_id":"87f4fae0-b0b2-408f-bcab-c03d8733070c","type":"entity_state","version":2,"world_id":"td-0d917a4eff776d999148769266591579674d2c42de6557026893a1902834f11f"}
[19:37:46] [Render thread/INFO]: 7DTD proxy updated: id=1d96b662-c615-4729-a431-d3c5806bac72 sequence=57 x=-45.30000001192093 y=71.0 z=75.77925174075625 yaw=109.17742919921875 pitch=0.0 roll=0.0
[19:37:46] [MC7DTD-entity-test-send/INFO]: Player proxy sent: {"type":"entity_state","version":1,"source":"minecraft","entity_type":"minecraft:player","entity_id":"4cee8e44-c4b9-4af8-ad92-2db1ac35aafd","stream_id":"ff55d991-cd59-45bf-acd4-77ae6eb479dc","world_id":"mc-cf4dce40-2be1-372b-b914-917f5dcc644c","dimension":"minecraft:overworld","sequence":19,"lifecycle":{"event":"update"},"metadata":{},"position":{"x":-47.30000001192093,"y":71.0,"z":72.77925174075624,"space":"minecraft"},"rotation":{"yaw":324.45015716552734,"pitch":37.3499755859375,"roll":0}}
[19:37:46] [MC7DTD-websocket/INFO]: 7DTD entity received: {"authority":"7dtd","dimension":"7dtd:main","entity_id":"1d96b662-c615-4729-a431-d3c5806bac72","entity_type":"7dtd:player","lifecycle":{"event":"update"},"metadata":{},"origin":{"dimension":"7dtd:main","entity_id":"1d96b662-c615-4729-a431-d3c5806bac72","game":"7dtd","world_id":"td-0d917a4eff776d999148769266591579674d2c42de6557026893a1902834f11f"},"position":{"x":-45.30000001192093,"y":71,"z":75.77925174075625,"space":"minecraft"},"rotation":{"pitch":0,"roll":0,"yaw":109.17742919921875},"sequence":58,"source":"7dtd","stream_id":"87f4fae0-b0b2-408f-bcab-c03d8733070c","type":"entity_state","version":2,"world_id":"td-0d917a4eff776d999148769266591579674d2c42de6557026893a1902834f11f"}
[19:37:46] [Render thread/INFO]: 7DTD proxy updated: id=1d96b662-c615-4729-a431-d3c5806bac72 sequence=58 x=-45.30000001192093 y=71.0 z=75.77925174075625 yaw=109.17742919921875 pitch=0.0 roll=0.0
[19:37:46] [MC7DTD-entity-test-send/INFO]: Player proxy sent: {"type":"entity_state","version":1,"source":"minecraft","entity_type":"minecraft:player","entity_id":"4cee8e44-c4b9-4af8-ad92-2db1ac35aafd","stream_id":"ff55d991-cd59-45bf-acd4-77ae6eb479dc","world_id":"mc-cf4dce40-2be1-372b-b914-917f5dcc644c","dimension":"minecraft:overworld","sequence":20,"lifecycle":{"event":"update"},"metadata":{},"position":{"x":-47.30000001192093,"y":71.0,"z":72.77925174075624,"space":"minecraft"},"rotation":{"yaw":324.45015716552734,"pitch":37.3499755859375,"roll":0}}
[19:37:47] [MC7DTD-websocket/INFO]: 7DTD entity received: {"authority":"7dtd","dimension":"7dtd:main","entity_id":"1d96b662-c615-4729-a431-d3c5806bac72","entity_type":"7dtd:player","lifecycle":{"event":"update"},"metadata":{},"origin":{"dimension":"7dtd:main","entity_id":"1d96b662-c615-4729-a431-d3c5806bac72","game":"7dtd","world_id":"td-0d917a4eff776d999148769266591579674d2c42de6557026893a1902834f11f"},"position":{"x":-45.30000001192093,"y":71,"z":75.77925174075625,"space":"minecraft"},"rotation":{"pitch":0,"roll":0,"yaw":109.17742919921875},"sequence":59,"source":"7dtd","stream_id":"87f4fae0-b0b2-408f-bcab-c03d8733070c","type":"entity_state","version":2,"world_id":"td-0d917a4eff776d999148769266591579674d2c42de6557026893a1902834f11f"}
[19:37:47] [Render thread/INFO]: 7DTD proxy updated: id=1d96b662-c615-4729-a431-d3c5806bac72 sequence=59 x=-45.30000001192093 y=71.0 z=75.77925174075625 yaw=109.17742919921875 pitch=0.0 roll=0.0
[19:37:47] [MC7DTD-entity-test-send/INFO]: Player proxy sent: {"type":"entity_state","version":1,"source":"minecraft","entity_type":"minecraft:player","entity_id":"4cee8e44-c4b9-4af8-ad92-2db1ac35aafd","stream_id":"ff55d991-cd59-45bf-acd4-77ae6eb479dc","world_id":"mc-cf4dce40-2be1-372b-b914-917f5dcc644c","dimension":"minecraft:overworld","sequence":21,"lifecycle":{"event":"update"},"metadata":{},"position":{"x":-47.30000001192093,"y":71.0,"z":72.77925174075624,"space":"minecraft"},"rotation":{"yaw":324.45015716552734,"pitch":37.3499755859375,"roll":0}}
[19:37:47] [MC7DTD-websocket/INFO]: 7DTD entity received: {"authority":"7dtd","dimension":"7dtd:main","entity_id":"1d96b662-c615-4729-a431-d3c5806bac72","entity_type":"7dtd:player","lifecycle":{"event":"update"},"metadata":{},"origin":{"dimension":"7dtd:main","entity_id":"1d96b662-c615-4729-a431-d3c5806bac72","game":"7dtd","world_id":"td-0d917a4eff776d999148769266591579674d2c42de6557026893a1902834f11f"},"position":{"x":-45.30000001192093,"y":71,"z":75.77925174075625,"space":"minecraft"},"rotation":{"pitch":0,"roll":0,"yaw":109.17742919921875},"sequence":60,"source":"7dtd","stream_id":"87f4fae0-b0b2-408f-bcab-c03d8733070c","type":"entity_state","version":2,"world_id":"td-0d917a4eff776d999148769266591579674d2c42de6557026893a1902834f11f"}
[19:37:47] [Render thread/INFO]: 7DTD proxy updated: id=1d96b662-c615-4729-a431-d3c5806bac72 sequence=60 x=-45.30000001192093 y=71.0 z=75.77925174075625 yaw=109.17742919921875 pitch=0.0 roll=0.0
[19:37:48] [MC7DTD-entity-test-send/INFO]: Player proxy sent: {"type":"entity_state","version":1,"source":"minecraft","entity_type":"minecraft:player","entity_id":"4cee8e44-c4b9-4af8-ad92-2db1ac35aafd","stream_id":"ff55d991-cd59-45bf-acd4-77ae6eb479dc","world_id":"mc-cf4dce40-2be1-372b-b914-917f5dcc644c","dimension":"minecraft:overworld","sequence":22,"lifecycle":{"event":"update"},"metadata":{},"position":{"x":-47.30000001192093,"y":71.0,"z":72.77925174075624,"space":"minecraft"},"rotation":{"yaw":324.45015716552734,"pitch":37.3499755859375,"roll":0}}
[19:37:48] [MC7DTD-websocket/INFO]: 7DTD entity received: {"authority":"7dtd","dimension":"7dtd:main","entity_id":"1d96b662-c615-4729-a431-d3c5806bac72","entity_type":"7dtd:player","lifecycle":{"event":"update"},"metadata":{},"origin":{"dimension":"7dtd:main","entity_id":"1d96b662-c615-4729-a431-d3c5806bac72","game":"7dtd","world_id":"td-0d917a4eff776d999148769266591579674d2c42de6557026893a1902834f11f"},"position":{"x":-45.30000001192093,"y":71,"z":75.77925174075625,"space":"minecraft"},"rotation":{"pitch":0,"roll":0,"yaw":109.17742919921875},"sequence":61,"source":"7dtd","stream_id":"87f4fae0-b0b2-408f-bcab-c03d8733070c","type":"entity_state","version":2,"world_id":"td-0d917a4eff776d999148769266591579674d2c42de6557026893a1902834f11f"}
[19:37:48] [Render thread/INFO]: 7DTD proxy updated: id=1d96b662-c615-4729-a431-d3c5806bac72 sequence=61 x=-45.30000001192093 y=71.0 z=75.77925174075625 yaw=109.17742919921875 pitch=0.0 roll=0.0
[19:37:48] [MC7DTD-entity-test-send/INFO]: Player proxy sent: {"type":"entity_state","version":1,"source":"minecraft","entity_type":"minecraft:player","entity_id":"4cee8e44-c4b9-4af8-ad92-2db1ac35aafd","stream_id":"ff55d991-cd59-45bf-acd4-77ae6eb479dc","world_id":"mc-cf4dce40-2be1-372b-b914-917f5dcc644c","dimension":"minecraft:overworld","sequence":23,"lifecycle":{"event":"update"},"metadata":{},"position":{"x":-47.30000001192093,"y":71.0,"z":72.77925174075624,"space":"minecraft"},"rotation":{"yaw":324.45015716552734,"pitch":37.3499755859375,"roll":0}}
[19:37:48] [MC7DTD-websocket/INFO]: 7DTD entity received: {"authority":"7dtd","dimension":"7dtd:main","entity_id":"1d96b662-c615-4729-a431-d3c5806bac72","entity_type":"7dtd:player","lifecycle":{"event":"update"},"metadata":{},"origin":{"dimension":"7dtd:main","entity_id":"1d96b662-c615-4729-a431-d3c5806bac72","game":"7dtd","world_id":"td-0d917a4eff776d999148769266591579674d2c42de6557026893a1902834f11f"},"position":{"x":-45.30000001192093,"y":71,"z":75.77925174075625,"space":"minecraft"},"rotation":{"pitch":0,"roll":0,"yaw":109.17742919921875},"sequence":62,"source":"7dtd","stream_id":"87f4fae0-b0b2-408f-bcab-c03d8733070c","type":"entity_state","version":2,"world_id":"td-0d917a4eff776d999148769266591579674d2c42de6557026893a1902834f11f"}
[19:37:48] [Render thread/INFO]: 7DTD proxy updated: id=1d96b662-c615-4729-a431-d3c5806bac72 sequence=62 x=-45.30000001192093 y=71.0 z=75.77925174075625 yaw=109.17742919921875 pitch=0.0 roll=0.0
[19:37:49] [MC7DTD-entity-test-send/INFO]: Player proxy sent: {"type":"entity_state","version":1,"source":"minecraft","entity_type":"minecraft:player","entity_id":"4cee8e44-c4b9-4af8-ad92-2db1ac35aafd","stream_id":"ff55d991-cd59-45bf-acd4-77ae6eb479dc","world_id":"mc-cf4dce40-2be1-372b-b914-917f5dcc644c","dimension":"minecraft:overworld","sequence":24,"lifecycle":{"event":"update"},"metadata":{},"position":{"x":-47.30000001192093,"y":71.0,"z":72.77925174075624,"space":"minecraft"},"rotation":{"yaw":324.45015716552734,"pitch":37.3499755859375,"roll":0}}
[19:37:49] [MC7DTD-websocket/INFO]: 7DTD entity received: {"authority":"7dtd","dimension":"7dtd:main","entity_id":"1d96b662-c615-4729-a431-d3c5806bac72","entity_type":"7dtd:player","lifecycle":{"event":"update"},"metadata":{},"origin":{"dimension":"7dtd:main","entity_id":"1d96b662-c615-4729-a431-d3c5806bac72","game":"7dtd","world_id":"td-0d917a4eff776d999148769266591579674d2c42de6557026893a1902834f11f"},"position":{"x":-45.30000001192093,"y":71,"z":75.77925174075625,"space":"minecraft"},"rotation":{"pitch":0,"roll":0,"yaw":109.17742919921875},"sequence":63,"source":"7dtd","stream_id":"87f4fae0-b0b2-408f-bcab-c03d8733070c","type":"entity_state","version":2,"world_id":"td-0d917a4eff776d999148769266591579674d2c42de6557026893a1902834f11f"}
[19:37:49] [Render thread/INFO]: 7DTD proxy updated: id=1d96b662-c615-4729-a431-d3c5806bac72 sequence=63 x=-45.30000001192093 y=71.0 z=75.77925174075625 yaw=109.17742919921875 pitch=0.0 roll=0.0
[19:37:49] [MC7DTD-entity-test-send/INFO]: Player proxy sent: {"type":"entity_state","version":1,"source":"minecraft","entity_type":"minecraft:player","entity_id":"4cee8e44-c4b9-4af8-ad92-2db1ac35aafd","stream_id":"ff55d991-cd59-45bf-acd4-77ae6eb479dc","world_id":"mc-cf4dce40-2be1-372b-b914-917f5dcc644c","dimension":"minecraft:overworld","sequence":25,"lifecycle":{"event":"update"},"metadata":{},"position":{"x":-47.30000001192093,"y":71.0,"z":72.77925174075624,"space":"minecraft"},"rotation":{"yaw":324.45015716552734,"pitch":37.3499755859375,"roll":0}}
[19:37:49] [MC7DTD-websocket/INFO]: 7DTD entity received: {"authority":"7dtd","dimension":"7dtd:main","entity_id":"1d96b662-c615-4729-a431-d3c5806bac72","entity_type":"7dtd:player","lifecycle":{"event":"update"},"metadata":{},"origin":{"dimension":"7dtd:main","entity_id":"1d96b662-c615-4729-a431-d3c5806bac72","game":"7dtd","world_id":"td-0d917a4eff776d999148769266591579674d2c42de6557026893a1902834f11f"},"position":{"x":-45.30000001192093,"y":71,"z":75.77925174075625,"space":"minecraft"},"rotation":{"pitch":0,"roll":0,"yaw":109.17742919921875},"sequence":64,"source":"7dtd","stream_id":"87f4fae0-b0b2-408f-bcab-c03d8733070c","type":"entity_state","version":2,"world_id":"td-0d917a4eff776d999148769266591579674d2c42de6557026893a1902834f11f"}
[19:37:49] [Render thread/INFO]: 7DTD proxy updated: id=1d96b662-c615-4729-a431-d3c5806bac72 sequence=64 x=-45.30000001192093 y=71.0 z=75.77925174075625 yaw=109.17742919921875 pitch=0.0 roll=0.0
[19:37:50] [MC7DTD-entity-test-send/INFO]: Player proxy sent: {"type":"entity_state","version":1,"source":"minecraft","entity_type":"minecraft:player","entity_id":"4cee8e44-c4b9-4af8-ad92-2db1ac35aafd","stream_id":"ff55d991-cd59-45bf-acd4-77ae6eb479dc","world_id":"mc-cf4dce40-2be1-372b-b914-917f5dcc644c","dimension":"minecraft:overworld","sequence":26,"lifecycle":{"event":"update"},"metadata":{},"position":{"x":-47.30000001192093,"y":71.0,"z":72.77925174075624,"space":"minecraft"},"rotation":{"yaw":324.45015716552734,"pitch":37.3499755859375,"roll":0}}
[19:37:50] [MC7DTD-websocket/INFO]: 7DTD entity received: {"authority":"7dtd","dimension":"7dtd:main","entity_id":"1d96b662-c615-4729-a431-d3c5806bac72","entity_type":"7dtd:player","lifecycle":{"event":"update"},"metadata":{},"origin":{"dimension":"7dtd:main","entity_id":"1d96b662-c615-4729-a431-d3c5806bac72","game":"7dtd","world_id":"td-0d917a4eff776d999148769266591579674d2c42de6557026893a1902834f11f"},"position":{"x":-45.30000001192093,"y":71,"z":75.77925174075625,"space":"minecraft"},"rotation":{"pitch":0,"roll":0,"yaw":109.17742919921875},"sequence":65,"source":"7dtd","stream_id":"87f4fae0-b0b2-408f-bcab-c03d8733070c","type":"entity_state","version":2,"world_id":"td-0d917a4eff776d999148769266591579674d2c42de6557026893a1902834f11f"}
[19:37:50] [Render thread/INFO]: 7DTD proxy updated: id=1d96b662-c615-4729-a431-d3c5806bac72 sequence=65 x=-45.30000001192093 y=71.0 z=75.77925174075625 yaw=109.17742919921875 pitch=0.0 roll=0.0
[19:37:50] [MC7DTD-entity-test-send/INFO]: Player proxy sent: {"type":"entity_state","version":1,"source":"minecraft","entity_type":"minecraft:player","entity_id":"4cee8e44-c4b9-4af8-ad92-2db1ac35aafd","stream_id":"ff55d991-cd59-45bf-acd4-77ae6eb479dc","world_id":"mc-cf4dce40-2be1-372b-b914-917f5dcc644c","dimension":"minecraft:overworld","sequence":27,"lifecycle":{"event":"update"},"metadata":{},"position":{"x":-47.30000001192093,"y":71.0,"z":72.77925174075624,"space":"minecraft"},"rotation":{"yaw":324.45015716552734,"pitch":37.3499755859375,"roll":0}}
[19:37:50] [MC7DTD-websocket/INFO]: 7DTD entity received: {"authority":"7dtd","dimension":"7dtd:main","entity_id":"1d96b662-c615-4729-a431-d3c5806bac72","entity_type":"7dtd:player","lifecycle":{"event":"update"},"metadata":{},"origin":{"dimension":"7dtd:main","entity_id":"1d96b662-c615-4729-a431-d3c5806bac72","game":"7dtd","world_id":"td-0d917a4eff776d999148769266591579674d2c42de6557026893a1902834f11f"},"position":{"x":-45.30000001192093,"y":71,"z":75.77925174075625,"space":"minecraft"},"rotation":{"pitch":0,"roll":0,"yaw":109.17742919921875},"sequence":66,"source":"7dtd","stream_id":"87f4fae0-b0b2-408f-bcab-c03d8733070c","type":"entity_state","version":2,"world_id":"td-0d917a4eff776d999148769266591579674d2c42de6557026893a1902834f11f"}
[19:37:50] [Render thread/INFO]: 7DTD proxy updated: id=1d96b662-c615-4729-a431-d3c5806bac72 sequence=66 x=-45.30000001192093 y=71.0 z=75.77925174075625 yaw=109.17742919921875 pitch=0.0 roll=0.0
[19:37:51] [MC7DTD-entity-test-send/INFO]: Player proxy sent: {"type":"entity_state","version":1,"source":"minecraft","entity_type":"minecraft:player","entity_id":"4cee8e44-c4b9-4af8-ad92-2db1ac35aafd","stream_id":"ff55d991-cd59-45bf-acd4-77ae6eb479dc","world_id":"mc-cf4dce40-2be1-372b-b914-917f5dcc644c","dimension":"minecraft:overworld","sequence":28,"lifecycle":{"event":"update"},"metadata":{},"position":{"x":-47.30000001192093,"y":71.0,"z":72.77925174075624,"space":"minecraft"},"rotation":{"yaw":324.45015716552734,"pitch":37.3499755859375,"roll":0}}
[19:37:51] [MC7DTD-websocket/INFO]: 7DTD entity received: {"authority":"7dtd","dimension":"7dtd:main","entity_id":"1d96b662-c615-4729-a431-d3c5806bac72","entity_type":"7dtd:player","lifecycle":{"event":"update"},"metadata":{},"origin":{"dimension":"7dtd:main","entity_id":"1d96b662-c615-4729-a431-d3c5806bac72","game":"7dtd","world_id":"td-0d917a4eff776d999148769266591579674d2c42de6557026893a1902834f11f"},"position":{"x":-45.30000001192093,"y":71,"z":75.77925174075625,"space":"minecraft"},"rotation":{"pitch":0,"roll":0,"yaw":109.17742919921875},"sequence":67,"source":"7dtd","stream_id":"87f4fae0-b0b2-408f-bcab-c03d8733070c","type":"entity_state","version":2,"world_id":"td-0d917a4eff776d999148769266591579674d2c42de6557026893a1902834f11f"}
[19:37:51] [Render thread/INFO]: 7DTD proxy updated: id=1d96b662-c615-4729-a431-d3c5806bac72 sequence=67 x=-45.30000001192093 y=71.0 z=75.77925174075625 yaw=109.17742919921875 pitch=0.0 roll=0.0
[19:37:51] [MC7DTD-entity-test-send/INFO]: Player proxy sent: {"type":"entity_state","version":1,"source":"minecraft","entity_type":"minecraft:player","entity_id":"4cee8e44-c4b9-4af8-ad92-2db1ac35aafd","stream_id":"ff55d991-cd59-45bf-acd4-77ae6eb479dc","world_id":"mc-cf4dce40-2be1-372b-b914-917f5dcc644c","dimension":"minecraft:overworld","sequence":29,"lifecycle":{"event":"update"},"metadata":{},"position":{"x":-47.30000001192093,"y":71.0,"z":72.77925174075624,"space":"minecraft"},"rotation":{"yaw":324.45015716552734,"pitch":37.3499755859375,"roll":0}}
[19:37:51] [MC7DTD-websocket/INFO]: 7DTD entity received: {"authority":"7dtd","dimension":"7dtd:main","entity_id":"1d96b662-c615-4729-a431-d3c5806bac72","entity_type":"7dtd:player","lifecycle":{"event":"update"},"metadata":{},"origin":{"dimension":"7dtd:main","entity_id":"1d96b662-c615-4729-a431-d3c5806bac72","game":"7dtd","world_id":"td-0d917a4eff776d999148769266591579674d2c42de6557026893a1902834f11f"},"position":{"x":-45.30000001192093,"y":71,"z":75.77925174075625,"space":"minecraft"},"rotation":{"pitch":0,"roll":0,"yaw":109.17742919921875},"sequence":68,"source":"7dtd","stream_id":"87f4fae0-b0b2-408f-bcab-c03d8733070c","type":"entity_state","version":2,"world_id":"td-0d917a4eff776d999148769266591579674d2c42de6557026893a1902834f11f"}
[19:37:51] [Render thread/INFO]: 7DTD proxy updated: id=1d96b662-c615-4729-a431-d3c5806bac72 sequence=68 x=-45.30000001192093 y=71.0 z=75.77925174075625 yaw=109.17742919921875 pitch=0.0 roll=0.0
[19:37:52] [MC7DTD-entity-test-send/INFO]: Player proxy sent: {"type":"entity_state","version":1,"source":"minecraft","entity_type":"minecraft:player","entity_id":"4cee8e44-c4b9-4af8-ad92-2db1ac35aafd","stream_id":"ff55d991-cd59-45bf-acd4-77ae6eb479dc","world_id":"mc-cf4dce40-2be1-372b-b914-917f5dcc644c","dimension":"minecraft:overworld","sequence":30,"lifecycle":{"event":"update"},"metadata":{},"position":{"x":-47.30000001192093,"y":71.0,"z":72.77925174075624,"space":"minecraft"},"rotation":{"yaw":324.45015716552734,"pitch":37.3499755859375,"roll":0}}
[19:37:52] [MC7DTD-websocket/INFO]: 7DTD entity received: {"authority":"7dtd","dimension":"7dtd:main","entity_id":"1d96b662-c615-4729-a431-d3c5806bac72","entity_type":"7dtd:player","lifecycle":{"event":"update"},"metadata":{},"origin":{"dimension":"7dtd:main","entity_id":"1d96b662-c615-4729-a431-d3c5806bac72","game":"7dtd","world_id":"td-0d917a4eff776d999148769266591579674d2c42de6557026893a1902834f11f"},"position":{"x":-45.30000001192093,"y":71,"z":75.77925174075625,"space":"minecraft"},"rotation":{"pitch":0,"roll":0,"yaw":109.17742919921875},"sequence":69,"source":"7dtd","stream_id":"87f4fae0-b0b2-408f-bcab-c03d8733070c","type":"entity_state","version":2,"world_id":"td-0d917a4eff776d999148769266591579674d2c42de6557026893a1902834f11f"}
[19:37:52] [Render thread/INFO]: 7DTD proxy updated: id=1d96b662-c615-4729-a431-d3c5806bac72 sequence=69 x=-45.30000001192093 y=71.0 z=75.77925174075625 yaw=109.17742919921875 pitch=0.0 roll=0.0
[19:37:52] [MC7DTD-entity-test-send/INFO]: Player proxy sent: {"type":"entity_state","version":1,"source":"minecraft","entity_type":"minecraft:player","entity_id":"4cee8e44-c4b9-4af8-ad92-2db1ac35aafd","stream_id":"ff55d991-cd59-45bf-acd4-77ae6eb479dc","world_id":"mc-cf4dce40-2be1-372b-b914-917f5dcc644c","dimension":"minecraft:overworld","sequence":31,"lifecycle":{"event":"update"},"metadata":{},"position":{"x":-47.30000001192093,"y":71.0,"z":72.77925174075624,"space":"minecraft"},"rotation":{"yaw":324.45015716552734,"pitch":37.3499755859375,"roll":0}}
[19:37:52] [MC7DTD-websocket/INFO]: 7DTD entity received: {"authority":"7dtd","dimension":"7dtd:main","entity_id":"1d96b662-c615-4729-a431-d3c5806bac72","entity_type":"7dtd:player","lifecycle":{"event":"update"},"metadata":{},"origin":{"dimension":"7dtd:main","entity_id":"1d96b662-c615-4729-a431-d3c5806bac72","game":"7dtd","world_id":"td-0d917a4eff776d999148769266591579674d2c42de6557026893a1902834f11f"},"position":{"x":-45.30000001192093,"y":71,"z":75.77925174075625,"space":"minecraft"},"rotation":{"pitch":0,"roll":0,"yaw":109.17742919921875},"sequence":70,"source":"7dtd","stream_id":"87f4fae0-b0b2-408f-bcab-c03d8733070c","type":"entity_state","version":2,"world_id":"td-0d917a4eff776d999148769266591579674d2c42de6557026893a1902834f11f"}
[19:37:52] [Render thread/INFO]: 7DTD proxy updated: id=1d96b662-c615-4729-a431-d3c5806bac72 sequence=70 x=-45.30000001192093 y=71.0 z=75.77925174075625 yaw=109.17742919921875 pitch=0.0 roll=0.0
[19:37:53] [MC7DTD-entity-test-send/INFO]: Player proxy sent: {"type":"entity_state","version":1,"source":"minecraft","entity_type":"minecraft:player","entity_id":"4cee8e44-c4b9-4af8-ad92-2db1ac35aafd","stream_id":"ff55d991-cd59-45bf-acd4-77ae6eb479dc","world_id":"mc-cf4dce40-2be1-372b-b914-917f5dcc644c","dimension":"minecraft:overworld","sequence":32,"lifecycle":{"event":"update"},"metadata":{},"position":{"x":-47.30000001192093,"y":71.0,"z":72.77925174075624,"space":"minecraft"},"rotation":{"yaw":324.45015716552734,"pitch":37.3499755859375,"roll":0}}
[19:37:53] [MC7DTD-websocket/INFO]: 7DTD entity received: {"authority":"7dtd","dimension":"7dtd:main","entity_id":"1d96b662-c615-4729-a431-d3c5806bac72","entity_type":"7dtd:player","lifecycle":{"event":"update"},"metadata":{},"origin":{"dimension":"7dtd:main","entity_id":"1d96b662-c615-4729-a431-d3c5806bac72","game":"7dtd","world_id":"td-0d917a4eff776d999148769266591579674d2c42de6557026893a1902834f11f"},"position":{"x":-45.30000001192093,"y":71,"z":75.77925174075625,"space":"minecraft"},"rotation":{"pitch":0,"roll":0,"yaw":109.17742919921875},"sequence":71,"source":"7dtd","stream_id":"87f4fae0-b0b2-408f-bcab-c03d8733070c","type":"entity_state","version":2,"world_id":"td-0d917a4eff776d999148769266591579674d2c42de6557026893a1902834f11f"}
[19:37:53] [Render thread/INFO]: 7DTD proxy updated: id=1d96b662-c615-4729-a431-d3c5806bac72 sequence=71 x=-45.30000001192093 y=71.0 z=75.77925174075625 yaw=109.17742919921875 pitch=0.0 roll=0.0
[19:37:53] [MC7DTD-entity-test-send/INFO]: Player proxy sent: {"type":"entity_state","version":1,"source":"minecraft","entity_type":"minecraft:player","entity_id":"4cee8e44-c4b9-4af8-ad92-2db1ac35aafd","stream_id":"ff55d991-cd59-45bf-acd4-77ae6eb479dc","world_id":"mc-cf4dce40-2be1-372b-b914-917f5dcc644c","dimension":"minecraft:overworld","sequence":33,"lifecycle":{"event":"update"},"metadata":{},"position":{"x":-47.30000001192093,"y":71.0,"z":72.77925174075624,"space":"minecraft"},"rotation":{"yaw":324.45015716552734,"pitch":37.3499755859375,"roll":0}}
[19:37:53] [MC7DTD-websocket/INFO]: 7DTD entity received: {"authority":"7dtd","dimension":"7dtd:main","entity_id":"1d96b662-c615-4729-a431-d3c5806bac72","entity_type":"7dtd:player","lifecycle":{"event":"update"},"metadata":{},"origin":{"dimension":"7dtd:main","entity_id":"1d96b662-c615-4729-a431-d3c5806bac72","game":"7dtd","world_id":"td-0d917a4eff776d999148769266591579674d2c42de6557026893a1902834f11f"},"position":{"x":-45.30000001192093,"y":71,"z":75.77925174075625,"space":"minecraft"},"rotation":{"pitch":0,"roll":0,"yaw":109.17742919921875},"sequence":72,"source":"7dtd","stream_id":"87f4fae0-b0b2-408f-bcab-c03d8733070c","type":"entity_state","version":2,"world_id":"td-0d917a4eff776d999148769266591579674d2c42de6557026893a1902834f11f"}
[19:37:53] [Render thread/INFO]: 7DTD proxy updated: id=1d96b662-c615-4729-a431-d3c5806bac72 sequence=72 x=-45.30000001192093 y=71.0 z=75.77925174075625 yaw=109.17742919921875 pitch=0.0 roll=0.0
[19:37:54] [MC7DTD-websocket/INFO]: 7DTD entity received: {"authority":"7dtd","dimension":"7dtd:main","entity_id":"1d96b662-c615-4729-a431-d3c5806bac72","entity_type":"7dtd:player","lifecycle":{"event":"update"},"metadata":{},"origin":{"dimension":"7dtd:main","entity_id":"1d96b662-c615-4729-a431-d3c5806bac72","game":"7dtd","world_id":"td-0d917a4eff776d999148769266591579674d2c42de6557026893a1902834f11f"},"position":{"x":-45.30000001192093,"y":71,"z":75.77925174075625,"space":"minecraft"},"rotation":{"pitch":0,"roll":0,"yaw":109.17742919921875},"sequence":73,"source":"7dtd","stream_id":"87f4fae0-b0b2-408f-bcab-c03d8733070c","type":"entity_state","version":2,"world_id":"td-0d917a4eff776d999148769266591579674d2c42de6557026893a1902834f11f"}
[19:37:54] [Render thread/INFO]: 7DTD proxy updated: id=1d96b662-c615-4729-a431-d3c5806bac72 sequence=73 x=-45.30000001192093 y=71.0 z=75.77925174075625 yaw=109.17742919921875 pitch=0.0 roll=0.0
[19:37:54] [MC7DTD-entity-test-send/INFO]: Player proxy sent: {"type":"entity_state","version":1,"source":"minecraft","entity_type":"minecraft:player","entity_id":"4cee8e44-c4b9-4af8-ad92-2db1ac35aafd","stream_id":"ff55d991-cd59-45bf-acd4-77ae6eb479dc","world_id":"mc-cf4dce40-2be1-372b-b914-917f5dcc644c","dimension":"minecraft:overworld","sequence":34,"lifecycle":{"event":"update"},"metadata":{},"position":{"x":-47.30000001192093,"y":71.0,"z":72.77925174075624,"space":"minecraft"},"rotation":{"yaw":324.45015716552734,"pitch":37.3499755859375,"roll":0}}
[19:37:54] [MC7DTD-entity-test-send/INFO]: Player proxy sent: {"type":"entity_state","version":1,"source":"minecraft","entity_type":"minecraft:player","entity_id":"4cee8e44-c4b9-4af8-ad92-2db1ac35aafd","stream_id":"ff55d991-cd59-45bf-acd4-77ae6eb479dc","world_id":"mc-cf4dce40-2be1-372b-b914-917f5dcc644c","dimension":"minecraft:overworld","sequence":35,"lifecycle":{"event":"update"},"metadata":{},"position":{"x":-47.30000001192093,"y":71.0,"z":72.77925174075624,"space":"minecraft"},"rotation":{"yaw":324.45015716552734,"pitch":37.3499755859375,"roll":0}}
[19:37:54] [MC7DTD-websocket/INFO]: 7DTD entity received: {"authority":"7dtd","dimension":"7dtd:main","entity_id":"1d96b662-c615-4729-a431-d3c5806bac72","entity_type":"7dtd:player","lifecycle":{"event":"update"},"metadata":{},"origin":{"dimension":"7dtd:main","entity_id":"1d96b662-c615-4729-a431-d3c5806bac72","game":"7dtd","world_id":"td-0d917a4eff776d999148769266591579674d2c42de6557026893a1902834f11f"},"position":{"x":-45.30000001192093,"y":71,"z":75.77925174075625,"space":"minecraft"},"rotation":{"pitch":0,"roll":0,"yaw":109.17742919921875},"sequence":74,"source":"7dtd","stream_id":"87f4fae0-b0b2-408f-bcab-c03d8733070c","type":"entity_state","version":2,"world_id":"td-0d917a4eff776d999148769266591579674d2c42de6557026893a1902834f11f"}
[19:37:54] [Render thread/INFO]: 7DTD proxy updated: id=1d96b662-c615-4729-a431-d3c5806bac72 sequence=74 x=-45.30000001192093 y=71.0 z=75.77925174075625 yaw=109.17742919921875 pitch=0.0 roll=0.0
[19:37:55] [MC7DTD-websocket/INFO]: 7DTD entity received: {"authority":"7dtd","dimension":"7dtd:main","entity_id":"1d96b662-c615-4729-a431-d3c5806bac72","entity_type":"7dtd:player","lifecycle":{"event":"update"},"metadata":{},"origin":{"dimension":"7dtd:main","entity_id":"1d96b662-c615-4729-a431-d3c5806bac72","game":"7dtd","world_id":"td-0d917a4eff776d999148769266591579674d2c42de6557026893a1902834f11f"},"position":{"x":-45.30000001192093,"y":71,"z":75.77925174075625,"space":"minecraft"},"rotation":{"pitch":0,"roll":0,"yaw":109.17742919921875},"sequence":75,"source":"7dtd","stream_id":"87f4fae0-b0b2-408f-bcab-c03d8733070c","type":"entity_state","version":2,"world_id":"td-0d917a4eff776d999148769266591579674d2c42de6557026893a1902834f11f"}
[19:37:55] [Render thread/INFO]: 7DTD proxy updated: id=1d96b662-c615-4729-a431-d3c5806bac72 sequence=75 x=-45.30000001192093 y=71.0 z=75.77925174075625 yaw=109.17742919921875 pitch=0.0 roll=0.0
[19:37:55] [MC7DTD-entity-test-send/INFO]: Player proxy sent: {"type":"entity_state","version":1,"source":"minecraft","entity_type":"minecraft:player","entity_id":"4cee8e44-c4b9-4af8-ad92-2db1ac35aafd","stream_id":"ff55d991-cd59-45bf-acd4-77ae6eb479dc","world_id":"mc-cf4dce40-2be1-372b-b914-917f5dcc644c","dimension":"minecraft:overworld","sequence":36,"lifecycle":{"event":"update"},"metadata":{},"position":{"x":-47.30000001192093,"y":71.0,"z":72.77925174075624,"space":"minecraft"},"rotation":{"yaw":324.45015716552734,"pitch":37.3499755859375,"roll":0}}
[19:37:55] [MC7DTD-websocket/INFO]: 7DTD entity received: {"authority":"7dtd","dimension":"7dtd:main","entity_id":"1d96b662-c615-4729-a431-d3c5806bac72","entity_type":"7dtd:player","lifecycle":{"event":"update"},"metadata":{},"origin":{"dimension":"7dtd:main","entity_id":"1d96b662-c615-4729-a431-d3c5806bac72","game":"7dtd","world_id":"td-0d917a4eff776d999148769266591579674d2c42de6557026893a1902834f11f"},"position":{"x":-45.30000001192093,"y":71,"z":75.77925174075625,"space":"minecraft"},"rotation":{"pitch":0,"roll":0,"yaw":109.17742919921875},"sequence":76,"source":"7dtd","stream_id":"87f4fae0-b0b2-408f-bcab-c03d8733070c","type":"entity_state","version":2,"world_id":"td-0d917a4eff776d999148769266591579674d2c42de6557026893a1902834f11f"}
[19:37:55] [Render thread/INFO]: 7DTD proxy updated: id=1d96b662-c615-4729-a431-d3c5806bac72 sequence=76 x=-45.30000001192093 y=71.0 z=75.77925174075625 yaw=109.17742919921875 pitch=0.0 roll=0.0
[19:37:55] [MC7DTD-entity-test-send/INFO]: Player proxy sent: {"type":"entity_state","version":1,"source":"minecraft","entity_type":"minecraft:player","entity_id":"4cee8e44-c4b9-4af8-ad92-2db1ac35aafd","stream_id":"ff55d991-cd59-45bf-acd4-77ae6eb479dc","world_id":"mc-cf4dce40-2be1-372b-b914-917f5dcc644c","dimension":"minecraft:overworld","sequence":37,"lifecycle":{"event":"update"},"metadata":{},"position":{"x":-47.30000001192093,"y":71.0,"z":72.77925174075624,"space":"minecraft"},"rotation":{"yaw":324.45015716552734,"pitch":37.3499755859375,"roll":0}}
[19:37:56] [MC7DTD-websocket/INFO]: 7DTD entity received: {"authority":"7dtd","dimension":"7dtd:main","entity_id":"1d96b662-c615-4729-a431-d3c5806bac72","entity_type":"7dtd:player","lifecycle":{"event":"update"},"metadata":{},"origin":{"dimension":"7dtd:main","entity_id":"1d96b662-c615-4729-a431-d3c5806bac72","game":"7dtd","world_id":"td-0d917a4eff776d999148769266591579674d2c42de6557026893a1902834f11f"},"position":{"x":-45.30000001192093,"y":71,"z":75.77925174075625,"space":"minecraft"},"rotation":{"pitch":0,"roll":0,"yaw":109.17742919921875},"sequence":77,"source":"7dtd","stream_id":"87f4fae0-b0b2-408f-bcab-c03d8733070c","type":"entity_state","version":2,"world_id":"td-0d917a4eff776d999148769266591579674d2c42de6557026893a1902834f11f"}
[19:37:56] [Render thread/INFO]: 7DTD proxy updated: id=1d96b662-c615-4729-a431-d3c5806bac72 sequence=77 x=-45.30000001192093 y=71.0 z=75.77925174075625 yaw=109.17742919921875 pitch=0.0 roll=0.0
[19:37:56] [MC7DTD-entity-test-send/INFO]: Player proxy sent: {"type":"entity_state","version":1,"source":"minecraft","entity_type":"minecraft:player","entity_id":"4cee8e44-c4b9-4af8-ad92-2db1ac35aafd","stream_id":"ff55d991-cd59-45bf-acd4-77ae6eb479dc","world_id":"mc-cf4dce40-2be1-372b-b914-917f5dcc644c","dimension":"minecraft:overworld","sequence":38,"lifecycle":{"event":"update"},"metadata":{},"position":{"x":-47.30000001192093,"y":71.0,"z":72.77925174075624,"space":"minecraft"},"rotation":{"yaw":324.45015716552734,"pitch":37.3499755859375,"roll":0}}
[19:37:56] [MC7DTD-websocket/INFO]: 7DTD entity received: {"authority":"7dtd","dimension":"7dtd:main","entity_id":"1d96b662-c615-4729-a431-d3c5806bac72","entity_type":"7dtd:player","lifecycle":{"event":"update"},"metadata":{},"origin":{"dimension":"7dtd:main","entity_id":"1d96b662-c615-4729-a431-d3c5806bac72","game":"7dtd","world_id":"td-0d917a4eff776d999148769266591579674d2c42de6557026893a1902834f11f"},"position":{"x":-45.30000001192093,"y":71,"z":75.77925174075625,"space":"minecraft"},"rotation":{"pitch":0,"roll":0,"yaw":109.17742919921875},"sequence":78,"source":"7dtd","stream_id":"87f4fae0-b0b2-408f-bcab-c03d8733070c","type":"entity_state","version":2,"world_id":"td-0d917a4eff776d999148769266591579674d2c42de6557026893a1902834f11f"}
[19:37:56] [Render thread/INFO]: 7DTD proxy updated: id=1d96b662-c615-4729-a431-d3c5806bac72 sequence=78 x=-45.30000001192093 y=71.0 z=75.77925174075625 yaw=109.17742919921875 pitch=0.0 roll=0.0
[19:37:57] [MC7DTD-entity-test-send/INFO]: Player proxy sent: {"type":"entity_state","version":1,"source":"minecraft","entity_type":"minecraft:player","entity_id":"4cee8e44-c4b9-4af8-ad92-2db1ac35aafd","stream_id":"ff55d991-cd59-45bf-acd4-77ae6eb479dc","world_id":"mc-cf4dce40-2be1-372b-b914-917f5dcc644c","dimension":"minecraft:overworld","sequence":39,"lifecycle":{"event":"update"},"metadata":{},"position":{"x":-47.30000001192093,"y":71.0,"z":72.77925174075624,"space":"minecraft"},"rotation":{"yaw":324.45015716552734,"pitch":37.3499755859375,"roll":0}}
[19:37:57] [MC7DTD-websocket/INFO]: 7DTD entity received: {"authority":"7dtd","dimension":"7dtd:main","entity_id":"1d96b662-c615-4729-a431-d3c5806bac72","entity_type":"7dtd:player","lifecycle":{"event":"update"},"metadata":{},"origin":{"dimension":"7dtd:main","entity_id":"1d96b662-c615-4729-a431-d3c5806bac72","game":"7dtd","world_id":"td-0d917a4eff776d999148769266591579674d2c42de6557026893a1902834f11f"},"position":{"x":-45.30000001192093,"y":71,"z":75.77925174075625,"space":"minecraft"},"rotation":{"pitch":0,"roll":0,"yaw":109.17742919921875},"sequence":79,"source":"7dtd","stream_id":"87f4fae0-b0b2-408f-bcab-c03d8733070c","type":"entity_state","version":2,"world_id":"td-0d917a4eff776d999148769266591579674d2c42de6557026893a1902834f11f"}
[19:37:57] [Render thread/INFO]: 7DTD proxy updated: id=1d96b662-c615-4729-a431-d3c5806bac72 sequence=79 x=-45.30000001192093 y=71.0 z=75.77925174075625 yaw=109.17742919921875 pitch=0.0 roll=0.0
[19:37:57] [MC7DTD-entity-test-send/INFO]: Player proxy sent: {"type":"entity_state","version":1,"source":"minecraft","entity_type":"minecraft:player","entity_id":"4cee8e44-c4b9-4af8-ad92-2db1ac35aafd","stream_id":"ff55d991-cd59-45bf-acd4-77ae6eb479dc","world_id":"mc-cf4dce40-2be1-372b-b914-917f5dcc644c","dimension":"minecraft:overworld","sequence":40,"lifecycle":{"event":"update"},"metadata":{},"position":{"x":-47.30000001192093,"y":71.0,"z":72.77925174075624,"space":"minecraft"},"rotation":{"yaw":324.45015716552734,"pitch":37.3499755859375,"roll":0}}
[19:37:57] [MC7DTD-websocket/INFO]: 7DTD entity received: {"authority":"7dtd","dimension":"7dtd:main","entity_id":"1d96b662-c615-4729-a431-d3c5806bac72","entity_type":"7dtd:player","lifecycle":{"event":"update"},"metadata":{},"origin":{"dimension":"7dtd:main","entity_id":"1d96b662-c615-4729-a431-d3c5806bac72","game":"7dtd","world_id":"td-0d917a4eff776d999148769266591579674d2c42de6557026893a1902834f11f"},"position":{"x":-45.30000001192093,"y":71,"z":75.77925174075625,"space":"minecraft"},"rotation":{"pitch":0,"roll":0,"yaw":109.17742919921875},"sequence":80,"source":"7dtd","stream_id":"87f4fae0-b0b2-408f-bcab-c03d8733070c","type":"entity_state","version":2,"world_id":"td-0d917a4eff776d999148769266591579674d2c42de6557026893a1902834f11f"}
[19:37:57] [Render thread/INFO]: 7DTD proxy updated: id=1d96b662-c615-4729-a431-d3c5806bac72 sequence=80 x=-45.30000001192093 y=71.0 z=75.77925174075625 yaw=109.17742919921875 pitch=0.0 roll=0.0
[19:37:58] [MC7DTD-entity-test-send/INFO]: Player proxy sent: {"type":"entity_state","version":1,"source":"minecraft","entity_type":"minecraft:player","entity_id":"4cee8e44-c4b9-4af8-ad92-2db1ac35aafd","stream_id":"ff55d991-cd59-45bf-acd4-77ae6eb479dc","world_id":"mc-cf4dce40-2be1-372b-b914-917f5dcc644c","dimension":"minecraft:overworld","sequence":41,"lifecycle":{"event":"update"},"metadata":{},"position":{"x":-47.30000001192093,"y":71.0,"z":72.77925174075624,"space":"minecraft"},"rotation":{"yaw":324.45015716552734,"pitch":37.3499755859375,"roll":0}}
[19:37:58] [MC7DTD-websocket/INFO]: 7DTD entity received: {"authority":"7dtd","dimension":"7dtd:main","entity_id":"1d96b662-c615-4729-a431-d3c5806bac72","entity_type":"7dtd:player","lifecycle":{"event":"update"},"metadata":{},"origin":{"dimension":"7dtd:main","entity_id":"1d96b662-c615-4729-a431-d3c5806bac72","game":"7dtd","world_id":"td-0d917a4eff776d999148769266591579674d2c42de6557026893a1902834f11f"},"position":{"x":-45.30000001192093,"y":71,"z":75.77925174075625,"space":"minecraft"},"rotation":{"pitch":0,"roll":0,"yaw":109.17742919921875},"sequence":81,"source":"7dtd","stream_id":"87f4fae0-b0b2-408f-bcab-c03d8733070c","type":"entity_state","version":2,"world_id":"td-0d917a4eff776d999148769266591579674d2c42de6557026893a1902834f11f"}
[19:37:58] [Render thread/INFO]: 7DTD proxy updated: id=1d96b662-c615-4729-a431-d3c5806bac72 sequence=81 x=-45.30000001192093 y=71.0 z=75.77925174075625 yaw=109.17742919921875 pitch=0.0 roll=0.0
[19:37:58] [MC7DTD-entity-test-send/INFO]: Player proxy sent: {"type":"entity_state","version":1,"source":"minecraft","entity_type":"minecraft:player","entity_id":"4cee8e44-c4b9-4af8-ad92-2db1ac35aafd","stream_id":"ff55d991-cd59-45bf-acd4-77ae6eb479dc","world_id":"mc-cf4dce40-2be1-372b-b914-917f5dcc644c","dimension":"minecraft:overworld","sequence":42,"lifecycle":{"event":"update"},"metadata":{},"position":{"x":-47.30000001192093,"y":71.0,"z":72.77925174075624,"space":"minecraft"},"rotation":{"yaw":324.45015716552734,"pitch":37.3499755859375,"roll":0}}
[19:37:58] [MC7DTD-websocket/INFO]: 7DTD entity received: {"authority":"7dtd","dimension":"7dtd:main","entity_id":"1d96b662-c615-4729-a431-d3c5806bac72","entity_type":"7dtd:player","lifecycle":{"event":"update"},"metadata":{},"origin":{"dimension":"7dtd:main","entity_id":"1d96b662-c615-4729-a431-d3c5806bac72","game":"7dtd","world_id":"td-0d917a4eff776d999148769266591579674d2c42de6557026893a1902834f11f"},"position":{"x":-45.30000001192093,"y":71,"z":75.77925174075625,"space":"minecraft"},"rotation":{"pitch":0,"roll":0,"yaw":109.17742919921875},"sequence":82,"source":"7dtd","stream_id":"87f4fae0-b0b2-408f-bcab-c03d8733070c","type":"entity_state","version":2,"world_id":"td-0d917a4eff776d999148769266591579674d2c42de6557026893a1902834f11f"}
[19:37:58] [Render thread/INFO]: 7DTD proxy updated: id=1d96b662-c615-4729-a431-d3c5806bac72 sequence=82 x=-45.30000001192093 y=71.0 z=75.77925174075625 yaw=109.17742919921875 pitch=0.0 roll=0.0
[19:37:59] [MC7DTD-entity-test-send/INFO]: Player proxy sent: {"type":"entity_state","version":1,"source":"minecraft","entity_type":"minecraft:player","entity_id":"4cee8e44-c4b9-4af8-ad92-2db1ac35aafd","stream_id":"ff55d991-cd59-45bf-acd4-77ae6eb479dc","world_id":"mc-cf4dce40-2be1-372b-b914-917f5dcc644c","dimension":"minecraft:overworld","sequence":43,"lifecycle":{"event":"update"},"metadata":{},"position":{"x":-47.30000001192093,"y":71.0,"z":72.77925174075624,"space":"minecraft"},"rotation":{"yaw":324.45015716552734,"pitch":37.3499755859375,"roll":0}}
[19:37:59] [MC7DTD-websocket/INFO]: 7DTD entity received: {"authority":"7dtd","dimension":"7dtd:main","entity_id":"1d96b662-c615-4729-a431-d3c5806bac72","entity_type":"7dtd:player","lifecycle":{"event":"update"},"metadata":{},"origin":{"dimension":"7dtd:main","entity_id":"1d96b662-c615-4729-a431-d3c5806bac72","game":"7dtd","world_id":"td-0d917a4eff776d999148769266591579674d2c42de6557026893a1902834f11f"},"position":{"x":-45.30000001192093,"y":71,"z":75.77925174075625,"space":"minecraft"},"rotation":{"pitch":0,"roll":0,"yaw":109.17742919921875},"sequence":83,"source":"7dtd","stream_id":"87f4fae0-b0b2-408f-bcab-c03d8733070c","type":"entity_state","version":2,"world_id":"td-0d917a4eff776d999148769266591579674d2c42de6557026893a1902834f11f"}
[19:37:59] [Render thread/INFO]: 7DTD proxy updated: id=1d96b662-c615-4729-a431-d3c5806bac72 sequence=83 x=-45.30000001192093 y=71.0 z=75.77925174075625 yaw=109.17742919921875 pitch=0.0 roll=0.0
[19:37:59] [MC7DTD-entity-test-send/INFO]: Player proxy sent: {"type":"entity_state","version":1,"source":"minecraft","entity_type":"minecraft:player","entity_id":"4cee8e44-c4b9-4af8-ad92-2db1ac35aafd","stream_id":"ff55d991-cd59-45bf-acd4-77ae6eb479dc","world_id":"mc-cf4dce40-2be1-372b-b914-917f5dcc644c","dimension":"minecraft:overworld","sequence":44,"lifecycle":{"event":"update"},"metadata":{},"position":{"x":-47.30000001192093,"y":71.0,"z":72.77925174075624,"space":"minecraft"},"rotation":{"yaw":324.45015716552734,"pitch":37.3499755859375,"roll":0}}
[19:37:59] [MC7DTD-websocket/INFO]: 7DTD entity received: {"authority":"7dtd","dimension":"7dtd:main","entity_id":"1d96b662-c615-4729-a431-d3c5806bac72","entity_type":"7dtd:player","lifecycle":{"event":"update"},"metadata":{},"origin":{"dimension":"7dtd:main","entity_id":"1d96b662-c615-4729-a431-d3c5806bac72","game":"7dtd","world_id":"td-0d917a4eff776d999148769266591579674d2c42de6557026893a1902834f11f"},"position":{"x":-45.30000001192093,"y":71,"z":75.77925174075625,"space":"minecraft"},"rotation":{"pitch":0,"roll":0,"yaw":109.17742919921875},"sequence":84,"source":"7dtd","stream_id":"87f4fae0-b0b2-408f-bcab-c03d8733070c","type":"entity_state","version":2,"world_id":"td-0d917a4eff776d999148769266591579674d2c42de6557026893a1902834f11f"}
[19:37:59] [Render thread/INFO]: 7DTD proxy updated: id=1d96b662-c615-4729-a431-d3c5806bac72 sequence=84 x=-45.30000001192093 y=71.0 z=75.77925174075625 yaw=109.17742919921875 pitch=0.0 roll=0.0
[19:38:00] [MC7DTD-entity-test-send/INFO]: Player proxy sent: {"type":"entity_state","version":1,"source":"minecraft","entity_type":"minecraft:player","entity_id":"4cee8e44-c4b9-4af8-ad92-2db1ac35aafd","stream_id":"ff55d991-cd59-45bf-acd4-77ae6eb479dc","world_id":"mc-cf4dce40-2be1-372b-b914-917f5dcc644c","dimension":"minecraft:overworld","sequence":45,"lifecycle":{"event":"update"},"metadata":{},"position":{"x":-47.30000001192093,"y":71.0,"z":72.77925174075624,"space":"minecraft"},"rotation":{"yaw":324.45015716552734,"pitch":37.3499755859375,"roll":0}}
[19:38:00] [MC7DTD-websocket/INFO]: 7DTD entity received: {"authority":"7dtd","dimension":"7dtd:main","entity_id":"1d96b662-c615-4729-a431-d3c5806bac72","entity_type":"7dtd:player","lifecycle":{"event":"update"},"metadata":{},"origin":{"dimension":"7dtd:main","entity_id":"1d96b662-c615-4729-a431-d3c5806bac72","game":"7dtd","world_id":"td-0d917a4eff776d999148769266591579674d2c42de6557026893a1902834f11f"},"position":{"x":-45.30000001192093,"y":71,"z":75.77925174075625,"space":"minecraft"},"rotation":{"pitch":0,"roll":0,"yaw":109.17742919921875},"sequence":85,"source":"7dtd","stream_id":"87f4fae0-b0b2-408f-bcab-c03d8733070c","type":"entity_state","version":2,"world_id":"td-0d917a4eff776d999148769266591579674d2c42de6557026893a1902834f11f"}
[19:38:00] [Render thread/INFO]: 7DTD proxy updated: id=1d96b662-c615-4729-a431-d3c5806bac72 sequence=85 x=-45.30000001192093 y=71.0 z=75.77925174075625 yaw=109.17742919921875 pitch=0.0 roll=0.0
[19:38:00] [MC7DTD-entity-test-send/INFO]: Player proxy sent: {"type":"entity_state","version":1,"source":"minecraft","entity_type":"minecraft:player","entity_id":"4cee8e44-c4b9-4af8-ad92-2db1ac35aafd","stream_id":"ff55d991-cd59-45bf-acd4-77ae6eb479dc","world_id":"mc-cf4dce40-2be1-372b-b914-917f5dcc644c","dimension":"minecraft:overworld","sequence":46,"lifecycle":{"event":"update"},"metadata":{},"position":{"x":-47.30000001192093,"y":71.0,"z":72.77925174075624,"space":"minecraft"},"rotation":{"yaw":324.45015716552734,"pitch":37.3499755859375,"roll":0}}
[19:38:00] [MC7DTD-websocket/INFO]: 7DTD entity received: {"authority":"7dtd","dimension":"7dtd:main","entity_id":"1d96b662-c615-4729-a431-d3c5806bac72","entity_type":"7dtd:player","lifecycle":{"event":"update"},"metadata":{},"origin":{"dimension":"7dtd:main","entity_id":"1d96b662-c615-4729-a431-d3c5806bac72","game":"7dtd","world_id":"td-0d917a4eff776d999148769266591579674d2c42de6557026893a1902834f11f"},"position":{"x":-45.30000001192093,"y":71,"z":75.77925174075625,"space":"minecraft"},"rotation":{"pitch":0,"roll":0,"yaw":109.17742919921875},"sequence":86,"source":"7dtd","stream_id":"87f4fae0-b0b2-408f-bcab-c03d8733070c","type":"entity_state","version":2,"world_id":"td-0d917a4eff776d999148769266591579674d2c42de6557026893a1902834f11f"}
[19:38:00] [Render thread/INFO]: 7DTD proxy updated: id=1d96b662-c615-4729-a431-d3c5806bac72 sequence=86 x=-45.30000001192093 y=71.0 z=75.77925174075625 yaw=109.17742919921875 pitch=0.0 roll=0.0
[19:38:01] [MC7DTD-entity-test-send/INFO]: Player proxy sent: {"type":"entity_state","version":1,"source":"minecraft","entity_type":"minecraft:player","entity_id":"4cee8e44-c4b9-4af8-ad92-2db1ac35aafd","stream_id":"ff55d991-cd59-45bf-acd4-77ae6eb479dc","world_id":"mc-cf4dce40-2be1-372b-b914-917f5dcc644c","dimension":"minecraft:overworld","sequence":47,"lifecycle":{"event":"update"},"metadata":{},"position":{"x":-47.30000001192093,"y":71.0,"z":72.77925174075624,"space":"minecraft"},"rotation":{"yaw":324.45015716552734,"pitch":37.3499755859375,"roll":0}}
[19:38:01] [MC7DTD-websocket/INFO]: 7DTD entity received: {"authority":"7dtd","dimension":"7dtd:main","entity_id":"1d96b662-c615-4729-a431-d3c5806bac72","entity_type":"7dtd:player","lifecycle":{"event":"update"},"metadata":{},"origin":{"dimension":"7dtd:main","entity_id":"1d96b662-c615-4729-a431-d3c5806bac72","game":"7dtd","world_id":"td-0d917a4eff776d999148769266591579674d2c42de6557026893a1902834f11f"},"position":{"x":-45.30000001192093,"y":71,"z":75.77925174075625,"space":"minecraft"},"rotation":{"pitch":0,"roll":0,"yaw":109.17742919921875},"sequence":87,"source":"7dtd","stream_id":"87f4fae0-b0b2-408f-bcab-c03d8733070c","type":"entity_state","version":2,"world_id":"td-0d917a4eff776d999148769266591579674d2c42de6557026893a1902834f11f"}
[19:38:01] [Render thread/INFO]: 7DTD proxy updated: id=1d96b662-c615-4729-a431-d3c5806bac72 sequence=87 x=-45.30000001192093 y=71.0 z=75.77925174075625 yaw=109.17742919921875 pitch=0.0 roll=0.0
[19:38:01] [MC7DTD-entity-test-send/INFO]: Player proxy sent: {"type":"entity_state","version":1,"source":"minecraft","entity_type":"minecraft:player","entity_id":"4cee8e44-c4b9-4af8-ad92-2db1ac35aafd","stream_id":"ff55d991-cd59-45bf-acd4-77ae6eb479dc","world_id":"mc-cf4dce40-2be1-372b-b914-917f5dcc644c","dimension":"minecraft:overworld","sequence":48,"lifecycle":{"event":"update"},"metadata":{},"position":{"x":-47.30000001192093,"y":71.0,"z":72.77925174075624,"space":"minecraft"},"rotation":{"yaw":324.45015716552734,"pitch":37.3499755859375,"roll":0}}
[19:38:01] [MC7DTD-websocket/INFO]: 7DTD entity received: {"authority":"7dtd","dimension":"7dtd:main","entity_id":"1d96b662-c615-4729-a431-d3c5806bac72","entity_type":"7dtd:player","lifecycle":{"event":"update"},"metadata":{},"origin":{"dimension":"7dtd:main","entity_id":"1d96b662-c615-4729-a431-d3c5806bac72","game":"7dtd","world_id":"td-0d917a4eff776d999148769266591579674d2c42de6557026893a1902834f11f"},"position":{"x":-45.30000001192093,"y":71,"z":75.77925174075625,"space":"minecraft"},"rotation":{"pitch":0,"roll":0,"yaw":109.17742919921875},"sequence":88,"source":"7dtd","stream_id":"87f4fae0-b0b2-408f-bcab-c03d8733070c","type":"entity_state","version":2,"world_id":"td-0d917a4eff776d999148769266591579674d2c42de6557026893a1902834f11f"}
[19:38:01] [Render thread/INFO]: 7DTD proxy updated: id=1d96b662-c615-4729-a431-d3c5806bac72 sequence=88 x=-45.30000001192093 y=71.0 z=75.77925174075625 yaw=109.17742919921875 pitch=0.0 roll=0.0
[19:38:02] [MC7DTD-entity-test-send/INFO]: Player proxy sent: {"type":"entity_state","version":1,"source":"minecraft","entity_type":"minecraft:player","entity_id":"4cee8e44-c4b9-4af8-ad92-2db1ac35aafd","stream_id":"ff55d991-cd59-45bf-acd4-77ae6eb479dc","world_id":"mc-cf4dce40-2be1-372b-b914-917f5dcc644c","dimension":"minecraft:overworld","sequence":49,"lifecycle":{"event":"update"},"metadata":{},"position":{"x":-47.30000001192093,"y":71.0,"z":72.77925174075624,"space":"minecraft"},"rotation":{"yaw":324.45015716552734,"pitch":37.3499755859375,"roll":0}}
[19:38:02] [MC7DTD-websocket/INFO]: 7DTD entity received: {"authority":"7dtd","dimension":"7dtd:main","entity_id":"1d96b662-c615-4729-a431-d3c5806bac72","entity_type":"7dtd:player","lifecycle":{"event":"update"},"metadata":{},"origin":{"dimension":"7dtd:main","entity_id":"1d96b662-c615-4729-a431-d3c5806bac72","game":"7dtd","world_id":"td-0d917a4eff776d999148769266591579674d2c42de6557026893a1902834f11f"},"position":{"x":-45.30000001192093,"y":71,"z":75.77925174075625,"space":"minecraft"},"rotation":{"pitch":0,"roll":0,"yaw":109.17742919921875},"sequence":89,"source":"7dtd","stream_id":"87f4fae0-b0b2-408f-bcab-c03d8733070c","type":"entity_state","version":2,"world_id":"td-0d917a4eff776d999148769266591579674d2c42de6557026893a1902834f11f"}
[19:38:02] [Render thread/INFO]: 7DTD proxy updated: id=1d96b662-c615-4729-a431-d3c5806bac72 sequence=89 x=-45.30000001192093 y=71.0 z=75.77925174075625 yaw=109.17742919921875 pitch=0.0 roll=0.0
[19:38:02] [MC7DTD-entity-test-send/INFO]: Player proxy sent: {"type":"entity_state","version":1,"source":"minecraft","entity_type":"minecraft:player","entity_id":"4cee8e44-c4b9-4af8-ad92-2db1ac35aafd","stream_id":"ff55d991-cd59-45bf-acd4-77ae6eb479dc","world_id":"mc-cf4dce40-2be1-372b-b914-917f5dcc644c","dimension":"minecraft:overworld","sequence":50,"lifecycle":{"event":"update"},"metadata":{},"position":{"x":-47.30000001192093,"y":71.0,"z":72.77925174075624,"space":"minecraft"},"rotation":{"yaw":324.45015716552734,"pitch":37.3499755859375,"roll":0}}
[19:38:02] [MC7DTD-websocket/INFO]: 7DTD entity received: {"authority":"7dtd","dimension":"7dtd:main","entity_id":"1d96b662-c615-4729-a431-d3c5806bac72","entity_type":"7dtd:player","lifecycle":{"event":"update"},"metadata":{},"origin":{"dimension":"7dtd:main","entity_id":"1d96b662-c615-4729-a431-d3c5806bac72","game":"7dtd","world_id":"td-0d917a4eff776d999148769266591579674d2c42de6557026893a1902834f11f"},"position":{"x":-45.30000001192093,"y":71,"z":75.77925174075625,"space":"minecraft"},"rotation":{"pitch":0,"roll":0,"yaw":109.17742919921875},"sequence":90,"source":"7dtd","stream_id":"87f4fae0-b0b2-408f-bcab-c03d8733070c","type":"entity_state","version":2,"world_id":"td-0d917a4eff776d999148769266591579674d2c42de6557026893a1902834f11f"}
[19:38:02] [Render thread/INFO]: 7DTD proxy updated: id=1d96b662-c615-4729-a431-d3c5806bac72 sequence=90 x=-45.30000001192093 y=71.0 z=75.77925174075625 yaw=109.17742919921875 pitch=0.0 roll=0.0
[19:38:03] [MC7DTD-entity-test-send/INFO]: Player proxy sent: {"type":"entity_state","version":1,"source":"minecraft","entity_type":"minecraft:player","entity_id":"4cee8e44-c4b9-4af8-ad92-2db1ac35aafd","stream_id":"ff55d991-cd59-45bf-acd4-77ae6eb479dc","world_id":"mc-cf4dce40-2be1-372b-b914-917f5dcc644c","dimension":"minecraft:overworld","sequence":51,"lifecycle":{"event":"update"},"metadata":{},"position":{"x":-47.30000001192093,"y":71.0,"z":72.77925174075624,"space":"minecraft"},"rotation":{"yaw":324.45015716552734,"pitch":37.3499755859375,"roll":0}}
[19:38:03] [MC7DTD-websocket/INFO]: 7DTD entity received: {"authority":"7dtd","dimension":"7dtd:main","entity_id":"1d96b662-c615-4729-a431-d3c5806bac72","entity_type":"7dtd:player","lifecycle":{"event":"update"},"metadata":{},"origin":{"dimension":"7dtd:main","entity_id":"1d96b662-c615-4729-a431-d3c5806bac72","game":"7dtd","world_id":"td-0d917a4eff776d999148769266591579674d2c42de6557026893a1902834f11f"},"position":{"x":-45.30000001192093,"y":71,"z":75.77925174075625,"space":"minecraft"},"rotation":{"pitch":0,"roll":0,"yaw":109.17742919921875},"sequence":91,"source":"7dtd","stream_id":"87f4fae0-b0b2-408f-bcab-c03d8733070c","type":"entity_state","version":2,"world_id":"td-0d917a4eff776d999148769266591579674d2c42de6557026893a1902834f11f"}
[19:38:03] [Render thread/INFO]: 7DTD proxy updated: id=1d96b662-c615-4729-a431-d3c5806bac72 sequence=91 x=-45.30000001192093 y=71.0 z=75.77925174075625 yaw=109.17742919921875 pitch=0.0 roll=0.0
[19:38:03] [MC7DTD-entity-test-send/INFO]: Player proxy sent: {"type":"entity_state","version":1,"source":"minecraft","entity_type":"minecraft:player","entity_id":"4cee8e44-c4b9-4af8-ad92-2db1ac35aafd","stream_id":"ff55d991-cd59-45bf-acd4-77ae6eb479dc","world_id":"mc-cf4dce40-2be1-372b-b914-917f5dcc644c","dimension":"minecraft:overworld","sequence":52,"lifecycle":{"event":"update"},"metadata":{},"position":{"x":-47.30000001192093,"y":71.0,"z":72.77925174075624,"space":"minecraft"},"rotation":{"yaw":324.45015716552734,"pitch":37.3499755859375,"roll":0}}
[19:38:04] [MC7DTD-websocket/INFO]: 7DTD entity received: {"authority":"7dtd","dimension":"7dtd:main","entity_id":"1d96b662-c615-4729-a431-d3c5806bac72","entity_type":"7dtd:player","lifecycle":{"event":"update"},"metadata":{},"origin":{"dimension":"7dtd:main","entity_id":"1d96b662-c615-4729-a431-d3c5806bac72","game":"7dtd","world_id":"td-0d917a4eff776d999148769266591579674d2c42de6557026893a1902834f11f"},"position":{"x":-45.30000001192093,"y":71,"z":75.77925174075625,"space":"minecraft"},"rotation":{"pitch":0,"roll":0,"yaw":109.17742919921875},"sequence":92,"source":"7dtd","stream_id":"87f4fae0-b0b2-408f-bcab-c03d8733070c","type":"entity_state","version":2,"world_id":"td-0d917a4eff776d999148769266591579674d2c42de6557026893a1902834f11f"}
[19:38:04] [Render thread/INFO]: 7DTD proxy updated: id=1d96b662-c615-4729-a431-d3c5806bac72 sequence=92 x=-45.30000001192093 y=71.0 z=75.77925174075625 yaw=109.17742919921875 pitch=0.0 roll=0.0
[19:38:04] [MC7DTD-entity-test-send/INFO]: Player proxy sent: {"type":"entity_state","version":1,"source":"minecraft","entity_type":"minecraft:player","entity_id":"4cee8e44-c4b9-4af8-ad92-2db1ac35aafd","stream_id":"ff55d991-cd59-45bf-acd4-77ae6eb479dc","world_id":"mc-cf4dce40-2be1-372b-b914-917f5dcc644c","dimension":"minecraft:overworld","sequence":53,"lifecycle":{"event":"update"},"metadata":{},"position":{"x":-47.30000001192093,"y":71.0,"z":72.77925174075624,"space":"minecraft"},"rotation":{"yaw":324.45015716552734,"pitch":37.3499755859375,"roll":0}}
[19:38:04] [MC7DTD-websocket/INFO]: 7DTD entity received: {"authority":"7dtd","dimension":"7dtd:main","entity_id":"1d96b662-c615-4729-a431-d3c5806bac72","entity_type":"7dtd:player","lifecycle":{"event":"update"},"metadata":{},"origin":{"dimension":"7dtd:main","entity_id":"1d96b662-c615-4729-a431-d3c5806bac72","game":"7dtd","world_id":"td-0d917a4eff776d999148769266591579674d2c42de6557026893a1902834f11f"},"position":{"x":-45.30000001192093,"y":71,"z":75.77925174075625,"space":"minecraft"},"rotation":{"pitch":0,"roll":0,"yaw":109.17742919921875},"sequence":93,"source":"7dtd","stream_id":"87f4fae0-b0b2-408f-bcab-c03d8733070c","type":"entity_state","version":2,"world_id":"td-0d917a4eff776d999148769266591579674d2c42de6557026893a1902834f11f"}
[19:38:04] [Render thread/INFO]: 7DTD proxy updated: id=1d96b662-c615-4729-a431-d3c5806bac72 sequence=93 x=-45.30000001192093 y=71.0 z=75.77925174075625 yaw=109.17742919921875 pitch=0.0 roll=0.0
[19:38:04] [MC7DTD-websocket/INFO]: 7DTD entity received: {"authority":"7dtd","dimension":"7dtd:main","entity_id":"1d96b662-c615-4729-a431-d3c5806bac72","entity_type":"7dtd:player","lifecycle":{"event":"update"},"metadata":{},"origin":{"dimension":"7dtd:main","entity_id":"1d96b662-c615-4729-a431-d3c5806bac72","game":"7dtd","world_id":"td-0d917a4eff776d999148769266591579674d2c42de6557026893a1902834f11f"},"position":{"x":-45.30000001192093,"y":71,"z":75.77925174075625,"space":"minecraft"},"rotation":{"pitch":0,"roll":0,"yaw":109.17742919921875},"sequence":94,"source":"7dtd","stream_id":"87f4fae0-b0b2-408f-bcab-c03d8733070c","type":"entity_state","version":2,"world_id":"td-0d917a4eff776d999148769266591579674d2c42de6557026893a1902834f11f"}
[19:38:04] [Render thread/INFO]: 7DTD proxy updated: id=1d96b662-c615-4729-a431-d3c5806bac72 sequence=94 x=-45.30000001192093 y=71.0 z=75.77925174075625 yaw=109.17742919921875 pitch=0.0 roll=0.0
[19:38:04] [MC7DTD-entity-test-send/INFO]: Player proxy sent: {"type":"entity_state","version":1,"source":"minecraft","entity_type":"minecraft:player","entity_id":"4cee8e44-c4b9-4af8-ad92-2db1ac35aafd","stream_id":"ff55d991-cd59-45bf-acd4-77ae6eb479dc","world_id":"mc-cf4dce40-2be1-372b-b914-917f5dcc644c","dimension":"minecraft:overworld","sequence":54,"lifecycle":{"event":"update"},"metadata":{},"position":{"x":-47.30000001192093,"y":71.0,"z":72.77925174075624,"space":"minecraft"},"rotation":{"yaw":324.45015716552734,"pitch":37.3499755859375,"roll":0}}
[19:38:05] [MC7DTD-websocket/INFO]: 7DTD entity received: {"authority":"7dtd","dimension":"7dtd:main","entity_id":"1d96b662-c615-4729-a431-d3c5806bac72","entity_type":"7dtd:player","lifecycle":{"event":"update"},"metadata":{},"origin":{"dimension":"7dtd:main","entity_id":"1d96b662-c615-4729-a431-d3c5806bac72","game":"7dtd","world_id":"td-0d917a4eff776d999148769266591579674d2c42de6557026893a1902834f11f"},"position":{"x":-45.30000001192093,"y":71,"z":75.77925174075625,"space":"minecraft"},"rotation":{"pitch":0,"roll":0,"yaw":109.17742919921875},"sequence":95,"source":"7dtd","stream_id":"87f4fae0-b0b2-408f-bcab-c03d8733070c","type":"entity_state","version":2,"world_id":"td-0d917a4eff776d999148769266591579674d2c42de6557026893a1902834f11f"}
[19:38:05] [Render thread/INFO]: 7DTD proxy updated: id=1d96b662-c615-4729-a431-d3c5806bac72 sequence=95 x=-45.30000001192093 y=71.0 z=75.77925174075625 yaw=109.17742919921875 pitch=0.0 roll=0.0
[19:38:05] [MC7DTD-entity-test-send/INFO]: Player proxy sent: {"type":"entity_state","version":1,"source":"minecraft","entity_type":"minecraft:player","entity_id":"4cee8e44-c4b9-4af8-ad92-2db1ac35aafd","stream_id":"ff55d991-cd59-45bf-acd4-77ae6eb479dc","world_id":"mc-cf4dce40-2be1-372b-b914-917f5dcc644c","dimension":"minecraft:overworld","sequence":55,"lifecycle":{"event":"update"},"metadata":{},"position":{"x":-47.30000001192093,"y":71.0,"z":72.77925174075624,"space":"minecraft"},"rotation":{"yaw":324.45015716552734,"pitch":37.3499755859375,"roll":0}}
[19:38:06] [MC7DTD-websocket/INFO]: 7DTD entity received: {"authority":"7dtd","dimension":"7dtd:main","entity_id":"1d96b662-c615-4729-a431-d3c5806bac72","entity_type":"7dtd:player","lifecycle":{"event":"update"},"metadata":{},"origin":{"dimension":"7dtd:main","entity_id":"1d96b662-c615-4729-a431-d3c5806bac72","game":"7dtd","world_id":"td-0d917a4eff776d999148769266591579674d2c42de6557026893a1902834f11f"},"position":{"x":-45.30000001192093,"y":71,"z":75.77925174075625,"space":"minecraft"},"rotation":{"pitch":0,"roll":0,"yaw":109.17742919921875},"sequence":96,"source":"7dtd","stream_id":"87f4fae0-b0b2-408f-bcab-c03d8733070c","type":"entity_state","version":2,"world_id":"td-0d917a4eff776d999148769266591579674d2c42de6557026893a1902834f11f"}
[19:38:06] [Render thread/INFO]: 7DTD proxy updated: id=1d96b662-c615-4729-a431-d3c5806bac72 sequence=96 x=-45.30000001192093 y=71.0 z=75.77925174075625 yaw=109.17742919921875 pitch=0.0 roll=0.0
[19:38:06] [MC7DTD-entity-test-send/INFO]: Player proxy sent: {"type":"entity_state","version":1,"source":"minecraft","entity_type":"minecraft:player","entity_id":"4cee8e44-c4b9-4af8-ad92-2db1ac35aafd","stream_id":"ff55d991-cd59-45bf-acd4-77ae6eb479dc","world_id":"mc-cf4dce40-2be1-372b-b914-917f5dcc644c","dimension":"minecraft:overworld","sequence":56,"lifecycle":{"event":"update"},"metadata":{},"position":{"x":-47.30000001192093,"y":71.0,"z":72.77925174075624,"space":"minecraft"},"rotation":{"yaw":324.45015716552734,"pitch":37.3499755859375,"roll":0}}
[19:38:06] [MC7DTD-websocket/INFO]: 7DTD entity received: {"authority":"7dtd","dimension":"7dtd:main","entity_id":"1d96b662-c615-4729-a431-d3c5806bac72","entity_type":"7dtd:player","lifecycle":{"event":"update"},"metadata":{},"origin":{"dimension":"7dtd:main","entity_id":"1d96b662-c615-4729-a431-d3c5806bac72","game":"7dtd","world_id":"td-0d917a4eff776d999148769266591579674d2c42de6557026893a1902834f11f"},"position":{"x":-45.30000001192093,"y":71,"z":75.77925174075625,"space":"minecraft"},"rotation":{"pitch":0,"roll":0,"yaw":109.17742919921875},"sequence":97,"source":"7dtd","stream_id":"87f4fae0-b0b2-408f-bcab-c03d8733070c","type":"entity_state","version":2,"world_id":"td-0d917a4eff776d999148769266591579674d2c42de6557026893a1902834f11f"}
[19:38:06] [Render thread/INFO]: 7DTD proxy updated: id=1d96b662-c615-4729-a431-d3c5806bac72 sequence=97 x=-45.30000001192093 y=71.0 z=75.77925174075625 yaw=109.17742919921875 pitch=0.0 roll=0.0
[19:38:06] [MC7DTD-entity-test-send/INFO]: Player proxy sent: {"type":"entity_state","version":1,"source":"minecraft","entity_type":"minecraft:player","entity_id":"4cee8e44-c4b9-4af8-ad92-2db1ac35aafd","stream_id":"ff55d991-cd59-45bf-acd4-77ae6eb479dc","world_id":"mc-cf4dce40-2be1-372b-b914-917f5dcc644c","dimension":"minecraft:overworld","sequence":57,"lifecycle":{"event":"update"},"metadata":{},"position":{"x":-47.30000001192093,"y":71.0,"z":72.77925174075624,"space":"minecraft"},"rotation":{"yaw":324.45015716552734,"pitch":37.3499755859375,"roll":0}}
[19:38:06] [MC7DTD-websocket/INFO]: 7DTD entity received: {"authority":"7dtd","dimension":"7dtd:main","entity_id":"1d96b662-c615-4729-a431-d3c5806bac72","entity_type":"7dtd:player","lifecycle":{"event":"update"},"metadata":{},"origin":{"dimension":"7dtd:main","entity_id":"1d96b662-c615-4729-a431-d3c5806bac72","game":"7dtd","world_id":"td-0d917a4eff776d999148769266591579674d2c42de6557026893a1902834f11f"},"position":{"x":-45.30000001192093,"y":71,"z":75.77925174075625,"space":"minecraft"},"rotation":{"pitch":0,"roll":0,"yaw":109.17742919921875},"sequence":98,"source":"7dtd","stream_id":"87f4fae0-b0b2-408f-bcab-c03d8733070c","type":"entity_state","version":2,"world_id":"td-0d917a4eff776d999148769266591579674d2c42de6557026893a1902834f11f"}
[19:38:07] [Render thread/INFO]: 7DTD proxy updated: id=1d96b662-c615-4729-a431-d3c5806bac72 sequence=98 x=-45.30000001192093 y=71.0 z=75.77925174075625 yaw=109.17742919921875 pitch=0.0 roll=0.0
[19:38:07] [MC7DTD-entity-test-send/INFO]: Player proxy sent: {"type":"entity_state","version":1,"source":"minecraft","entity_type":"minecraft:player","entity_id":"4cee8e44-c4b9-4af8-ad92-2db1ac35aafd","stream_id":"ff55d991-cd59-45bf-acd4-77ae6eb479dc","world_id":"mc-cf4dce40-2be1-372b-b914-917f5dcc644c","dimension":"minecraft:overworld","sequence":58,"lifecycle":{"event":"update"},"metadata":{},"position":{"x":-47.30000001192093,"y":71.0,"z":72.77925174075624,"space":"minecraft"},"rotation":{"yaw":324.45015716552734,"pitch":37.3499755859375,"roll":0}}
[19:38:07] [MC7DTD-websocket/INFO]: 7DTD entity received: {"authority":"7dtd","dimension":"7dtd:main","entity_id":"1d96b662-c615-4729-a431-d3c5806bac72","entity_type":"7dtd:player","lifecycle":{"event":"update"},"metadata":{},"origin":{"dimension":"7dtd:main","entity_id":"1d96b662-c615-4729-a431-d3c5806bac72","game":"7dtd","world_id":"td-0d917a4eff776d999148769266591579674d2c42de6557026893a1902834f11f"},"position":{"x":-45.30000001192093,"y":71,"z":75.77925174075625,"space":"minecraft"},"rotation":{"pitch":0,"roll":0,"yaw":109.17742919921875},"sequence":99,"source":"7dtd","stream_id":"87f4fae0-b0b2-408f-bcab-c03d8733070c","type":"entity_state","version":2,"world_id":"td-0d917a4eff776d999148769266591579674d2c42de6557026893a1902834f11f"}
[19:38:07] [Render thread/INFO]: 7DTD proxy updated: id=1d96b662-c615-4729-a431-d3c5806bac72 sequence=99 x=-45.30000001192093 y=71.0 z=75.77925174075625 yaw=109.17742919921875 pitch=0.0 roll=0.0
[19:38:07] [MC7DTD-entity-test-send/INFO]: Player proxy sent: {"type":"entity_state","version":1,"source":"minecraft","entity_type":"minecraft:player","entity_id":"4cee8e44-c4b9-4af8-ad92-2db1ac35aafd","stream_id":"ff55d991-cd59-45bf-acd4-77ae6eb479dc","world_id":"mc-cf4dce40-2be1-372b-b914-917f5dcc644c","dimension":"minecraft:overworld","sequence":59,"lifecycle":{"event":"update"},"metadata":{},"position":{"x":-47.30000001192093,"y":71.0,"z":72.77925174075624,"space":"minecraft"},"rotation":{"yaw":324.45015716552734,"pitch":37.3499755859375,"roll":0}}
[19:38:07] [MC7DTD-websocket/INFO]: 7DTD entity received: {"authority":"7dtd","dimension":"7dtd:main","entity_id":"1d96b662-c615-4729-a431-d3c5806bac72","entity_type":"7dtd:player","lifecycle":{"event":"update"},"metadata":{},"origin":{"dimension":"7dtd:main","entity_id":"1d96b662-c615-4729-a431-d3c5806bac72","game":"7dtd","world_id":"td-0d917a4eff776d999148769266591579674d2c42de6557026893a1902834f11f"},"position":{"x":-45.30000001192093,"y":71,"z":75.77925174075625,"space":"minecraft"},"rotation":{"pitch":0,"roll":0,"yaw":109.17742919921875},"sequence":100,"source":"7dtd","stream_id":"87f4fae0-b0b2-408f-bcab-c03d8733070c","type":"entity_state","version":2,"world_id":"td-0d917a4eff776d999148769266591579674d2c42de6557026893a1902834f11f"}
[19:38:07] [Render thread/INFO]: 7DTD proxy updated: id=1d96b662-c615-4729-a431-d3c5806bac72 sequence=100 x=-45.30000001192093 y=71.0 z=75.77925174075625 yaw=109.17742919921875 pitch=0.0 roll=0.0
[19:38:08] [MC7DTD-entity-test-send/INFO]: Player proxy sent: {"type":"entity_state","version":1,"source":"minecraft","entity_type":"minecraft:player","entity_id":"4cee8e44-c4b9-4af8-ad92-2db1ac35aafd","stream_id":"ff55d991-cd59-45bf-acd4-77ae6eb479dc","world_id":"mc-cf4dce40-2be1-372b-b914-917f5dcc644c","dimension":"minecraft:overworld","sequence":60,"lifecycle":{"event":"update"},"metadata":{},"position":{"x":-47.30000001192093,"y":71.0,"z":72.77925174075624,"space":"minecraft"},"rotation":{"yaw":324.45015716552734,"pitch":37.3499755859375,"roll":0}}
[19:38:08] [MC7DTD-websocket/INFO]: 7DTD entity received: {"authority":"7dtd","dimension":"7dtd:main","entity_id":"1d96b662-c615-4729-a431-d3c5806bac72","entity_type":"7dtd:player","lifecycle":{"event":"update"},"metadata":{},"origin":{"dimension":"7dtd:main","entity_id":"1d96b662-c615-4729-a431-d3c5806bac72","game":"7dtd","world_id":"td-0d917a4eff776d999148769266591579674d2c42de6557026893a1902834f11f"},"position":{"x":-45.30000001192093,"y":71,"z":75.77925174075625,"space":"minecraft"},"rotation":{"pitch":0,"roll":0,"yaw":109.17742919921875},"sequence":101,"source":"7dtd","stream_id":"87f4fae0-b0b2-408f-bcab-c03d8733070c","type":"entity_state","version":2,"world_id":"td-0d917a4eff776d999148769266591579674d2c42de6557026893a1902834f11f"}
[19:38:08] [Render thread/INFO]: 7DTD proxy updated: id=1d96b662-c615-4729-a431-d3c5806bac72 sequence=101 x=-45.30000001192093 y=71.0 z=75.77925174075625 yaw=109.17742919921875 pitch=0.0 roll=0.0
[19:38:08] [MC7DTD-entity-test-send/INFO]: Player proxy sent: {"type":"entity_state","version":1,"source":"minecraft","entity_type":"minecraft:player","entity_id":"4cee8e44-c4b9-4af8-ad92-2db1ac35aafd","stream_id":"ff55d991-cd59-45bf-acd4-77ae6eb479dc","world_id":"mc-cf4dce40-2be1-372b-b914-917f5dcc644c","dimension":"minecraft:overworld","sequence":61,"lifecycle":{"event":"update"},"metadata":{},"position":{"x":-47.30000001192093,"y":71.0,"z":72.77925174075624,"space":"minecraft"},"rotation":{"yaw":324.45015716552734,"pitch":37.3499755859375,"roll":0}}
[19:38:08] [MC7DTD-websocket/INFO]: 7DTD entity received: {"authority":"7dtd","dimension":"7dtd:main","entity_id":"1d96b662-c615-4729-a431-d3c5806bac72","entity_type":"7dtd:player","lifecycle":{"event":"update"},"metadata":{},"origin":{"dimension":"7dtd:main","entity_id":"1d96b662-c615-4729-a431-d3c5806bac72","game":"7dtd","world_id":"td-0d917a4eff776d999148769266591579674d2c42de6557026893a1902834f11f"},"position":{"x":-45.30000001192093,"y":71,"z":75.77925174075625,"space":"minecraft"},"rotation":{"pitch":0,"roll":0,"yaw":109.17742919921875},"sequence":102,"source":"7dtd","stream_id":"87f4fae0-b0b2-408f-bcab-c03d8733070c","type":"entity_state","version":2,"world_id":"td-0d917a4eff776d999148769266591579674d2c42de6557026893a1902834f11f"}
[19:38:08] [Render thread/INFO]: 7DTD proxy updated: id=1d96b662-c615-4729-a431-d3c5806bac72 sequence=102 x=-45.30000001192093 y=71.0 z=75.77925174075625 yaw=109.17742919921875 pitch=0.0 roll=0.0
[19:38:09] [MC7DTD-entity-test-send/INFO]: Player proxy sent: {"type":"entity_state","version":1,"source":"minecraft","entity_type":"minecraft:player","entity_id":"4cee8e44-c4b9-4af8-ad92-2db1ac35aafd","stream_id":"ff55d991-cd59-45bf-acd4-77ae6eb479dc","world_id":"mc-cf4dce40-2be1-372b-b914-917f5dcc644c","dimension":"minecraft:overworld","sequence":62,"lifecycle":{"event":"update"},"metadata":{},"position":{"x":-47.30000001192093,"y":71.0,"z":72.77925174075624,"space":"minecraft"},"rotation":{"yaw":324.45015716552734,"pitch":37.3499755859375,"roll":0}}
[19:38:09] [MC7DTD-websocket/INFO]: 7DTD entity received: {"authority":"7dtd","dimension":"7dtd:main","entity_id":"1d96b662-c615-4729-a431-d3c5806bac72","entity_type":"7dtd:player","lifecycle":{"event":"update"},"metadata":{},"origin":{"dimension":"7dtd:main","entity_id":"1d96b662-c615-4729-a431-d3c5806bac72","game":"7dtd","world_id":"td-0d917a4eff776d999148769266591579674d2c42de6557026893a1902834f11f"},"position":{"x":-45.30000001192093,"y":71,"z":75.77925174075625,"space":"minecraft"},"rotation":{"pitch":0,"roll":0,"yaw":109.17742919921875},"sequence":103,"source":"7dtd","stream_id":"87f4fae0-b0b2-408f-bcab-c03d8733070c","type":"entity_state","version":2,"world_id":"td-0d917a4eff776d999148769266591579674d2c42de6557026893a1902834f11f"}
[19:38:09] [Render thread/INFO]: 7DTD proxy updated: id=1d96b662-c615-4729-a431-d3c5806bac72 sequence=103 x=-45.30000001192093 y=71.0 z=75.77925174075625 yaw=109.17742919921875 pitch=0.0 roll=0.0
[19:38:09] [MC7DTD-entity-test-send/INFO]: Player proxy sent: {"type":"entity_state","version":1,"source":"minecraft","entity_type":"minecraft:player","entity_id":"4cee8e44-c4b9-4af8-ad92-2db1ac35aafd","stream_id":"ff55d991-cd59-45bf-acd4-77ae6eb479dc","world_id":"mc-cf4dce40-2be1-372b-b914-917f5dcc644c","dimension":"minecraft:overworld","sequence":63,"lifecycle":{"event":"update"},"metadata":{},"position":{"x":-47.30000001192093,"y":71.0,"z":72.77925174075624,"space":"minecraft"},"rotation":{"yaw":324.45015716552734,"pitch":37.3499755859375,"roll":0}}
[19:38:09] [MC7DTD-websocket/INFO]: 7DTD entity received: {"authority":"7dtd","dimension":"7dtd:main","entity_id":"1d96b662-c615-4729-a431-d3c5806bac72","entity_type":"7dtd:player","lifecycle":{"event":"update"},"metadata":{},"origin":{"dimension":"7dtd:main","entity_id":"1d96b662-c615-4729-a431-d3c5806bac72","game":"7dtd","world_id":"td-0d917a4eff776d999148769266591579674d2c42de6557026893a1902834f11f"},"position":{"x":-45.30000001192093,"y":71,"z":75.77925174075625,"space":"minecraft"},"rotation":{"pitch":0,"roll":0,"yaw":109.17742919921875},"sequence":104,"source":"7dtd","stream_id":"87f4fae0-b0b2-408f-bcab-c03d8733070c","type":"entity_state","version":2,"world_id":"td-0d917a4eff776d999148769266591579674d2c42de6557026893a1902834f11f"}
[19:38:10] [Render thread/INFO]: 7DTD proxy updated: id=1d96b662-c615-4729-a431-d3c5806bac72 sequence=104 x=-45.30000001192093 y=71.0 z=75.77925174075625 yaw=109.17742919921875 pitch=0.0 roll=0.0
[19:38:10] [MC7DTD-entity-test-send/INFO]: Player proxy sent: {"type":"entity_state","version":1,"source":"minecraft","entity_type":"minecraft:player","entity_id":"4cee8e44-c4b9-4af8-ad92-2db1ac35aafd","stream_id":"ff55d991-cd59-45bf-acd4-77ae6eb479dc","world_id":"mc-cf4dce40-2be1-372b-b914-917f5dcc644c","dimension":"minecraft:overworld","sequence":64,"lifecycle":{"event":"update"},"metadata":{},"position":{"x":-47.30000001192093,"y":71.0,"z":72.77925174075624,"space":"minecraft"},"rotation":{"yaw":324.45015716552734,"pitch":37.3499755859375,"roll":0}}
[19:38:10] [MC7DTD-websocket/INFO]: 7DTD entity received: {"authority":"7dtd","dimension":"7dtd:main","entity_id":"1d96b662-c615-4729-a431-d3c5806bac72","entity_type":"7dtd:player","lifecycle":{"event":"update"},"metadata":{},"origin":{"dimension":"7dtd:main","entity_id":"1d96b662-c615-4729-a431-d3c5806bac72","game":"7dtd","world_id":"td-0d917a4eff776d999148769266591579674d2c42de6557026893a1902834f11f"},"position":{"x":-45.30000001192093,"y":71,"z":75.77925174075625,"space":"minecraft"},"rotation":{"pitch":0,"roll":0,"yaw":109.17742919921875},"sequence":105,"source":"7dtd","stream_id":"87f4fae0-b0b2-408f-bcab-c03d8733070c","type":"entity_state","version":2,"world_id":"td-0d917a4eff776d999148769266591579674d2c42de6557026893a1902834f11f"}
[19:38:10] [Render thread/INFO]: 7DTD proxy updated: id=1d96b662-c615-4729-a431-d3c5806bac72 sequence=105 x=-45.30000001192093 y=71.0 z=75.77925174075625 yaw=109.17742919921875 pitch=0.0 roll=0.0
[19:38:10] [MC7DTD-entity-test-send/INFO]: Player proxy sent: {"type":"entity_state","version":1,"source":"minecraft","entity_type":"minecraft:player","entity_id":"4cee8e44-c4b9-4af8-ad92-2db1ac35aafd","stream_id":"ff55d991-cd59-45bf-acd4-77ae6eb479dc","world_id":"mc-cf4dce40-2be1-372b-b914-917f5dcc644c","dimension":"minecraft:overworld","sequence":65,"lifecycle":{"event":"update"},"metadata":{},"position":{"x":-47.30000001192093,"y":71.0,"z":72.77925174075624,"space":"minecraft"},"rotation":{"yaw":324.45015716552734,"pitch":37.3499755859375,"roll":0}}
[19:38:10] [MC7DTD-websocket/INFO]: 7DTD entity received: {"authority":"7dtd","dimension":"7dtd:main","entity_id":"1d96b662-c615-4729-a431-d3c5806bac72","entity_type":"7dtd:player","lifecycle":{"event":"update"},"metadata":{},"origin":{"dimension":"7dtd:main","entity_id":"1d96b662-c615-4729-a431-d3c5806bac72","game":"7dtd","world_id":"td-0d917a4eff776d999148769266591579674d2c42de6557026893a1902834f11f"},"position":{"x":-45.30000001192093,"y":71,"z":75.77925174075625,"space":"minecraft"},"rotation":{"pitch":0,"roll":0,"yaw":109.17742919921875},"sequence":106,"source":"7dtd","stream_id":"87f4fae0-b0b2-408f-bcab-c03d8733070c","type":"entity_state","version":2,"world_id":"td-0d917a4eff776d999148769266591579674d2c42de6557026893a1902834f11f"}
[19:38:10] [Render thread/INFO]: 7DTD proxy updated: id=1d96b662-c615-4729-a431-d3c5806bac72 sequence=106 x=-45.30000001192093 y=71.0 z=75.77925174075625 yaw=109.17742919921875 pitch=0.0 roll=0.0
[19:38:11] [MC7DTD-entity-test-send/INFO]: Player proxy sent: {"type":"entity_state","version":1,"source":"minecraft","entity_type":"minecraft:player","entity_id":"4cee8e44-c4b9-4af8-ad92-2db1ac35aafd","stream_id":"ff55d991-cd59-45bf-acd4-77ae6eb479dc","world_id":"mc-cf4dce40-2be1-372b-b914-917f5dcc644c","dimension":"minecraft:overworld","sequence":66,"lifecycle":{"event":"update"},"metadata":{},"position":{"x":-47.30000001192093,"y":71.0,"z":72.77925174075624,"space":"minecraft"},"rotation":{"yaw":324.45015716552734,"pitch":37.3499755859375,"roll":0}}
[19:38:11] [MC7DTD-websocket/INFO]: 7DTD entity received: {"authority":"7dtd","dimension":"7dtd:main","entity_id":"1d96b662-c615-4729-a431-d3c5806bac72","entity_type":"7dtd:player","lifecycle":{"event":"update"},"metadata":{},"origin":{"dimension":"7dtd:main","entity_id":"1d96b662-c615-4729-a431-d3c5806bac72","game":"7dtd","world_id":"td-0d917a4eff776d999148769266591579674d2c42de6557026893a1902834f11f"},"position":{"x":-45.30000001192093,"y":71,"z":75.77925174075625,"space":"minecraft"},"rotation":{"pitch":0,"roll":0,"yaw":109.17742919921875},"sequence":107,"source":"7dtd","stream_id":"87f4fae0-b0b2-408f-bcab-c03d8733070c","type":"entity_state","version":2,"world_id":"td-0d917a4eff776d999148769266591579674d2c42de6557026893a1902834f11f"}
[19:38:11] [Render thread/INFO]: 7DTD proxy updated: id=1d96b662-c615-4729-a431-d3c5806bac72 sequence=107 x=-45.30000001192093 y=71.0 z=75.77925174075625 yaw=109.17742919921875 pitch=0.0 roll=0.0
[19:38:11] [MC7DTD-entity-test-send/INFO]: Player proxy sent: {"type":"entity_state","version":1,"source":"minecraft","entity_type":"minecraft:player","entity_id":"4cee8e44-c4b9-4af8-ad92-2db1ac35aafd","stream_id":"ff55d991-cd59-45bf-acd4-77ae6eb479dc","world_id":"mc-cf4dce40-2be1-372b-b914-917f5dcc644c","dimension":"minecraft:overworld","sequence":67,"lifecycle":{"event":"update"},"metadata":{},"position":{"x":-47.30000001192093,"y":71.0,"z":72.77925174075624,"space":"minecraft"},"rotation":{"yaw":324.45015716552734,"pitch":37.3499755859375,"roll":0}}
[19:38:12] [MC7DTD-websocket/INFO]: 7DTD entity received: {"authority":"7dtd","dimension":"7dtd:main","entity_id":"1d96b662-c615-4729-a431-d3c5806bac72","entity_type":"7dtd:player","lifecycle":{"event":"update"},"metadata":{},"origin":{"dimension":"7dtd:main","entity_id":"1d96b662-c615-4729-a431-d3c5806bac72","game":"7dtd","world_id":"td-0d917a4eff776d999148769266591579674d2c42de6557026893a1902834f11f"},"position":{"x":-45.30000001192093,"y":71,"z":75.77925174075625,"space":"minecraft"},"rotation":{"pitch":0,"roll":0,"yaw":109.17742919921875},"sequence":108,"source":"7dtd","stream_id":"87f4fae0-b0b2-408f-bcab-c03d8733070c","type":"entity_state","version":2,"world_id":"td-0d917a4eff776d999148769266591579674d2c42de6557026893a1902834f11f"}
[19:38:12] [Render thread/INFO]: 7DTD proxy updated: id=1d96b662-c615-4729-a431-d3c5806bac72 sequence=108 x=-45.30000001192093 y=71.0 z=75.77925174075625 yaw=109.17742919921875 pitch=0.0 roll=0.0
[19:38:12] [MC7DTD-entity-test-send/INFO]: Player proxy sent: {"type":"entity_state","version":1,"source":"minecraft","entity_type":"minecraft:player","entity_id":"4cee8e44-c4b9-4af8-ad92-2db1ac35aafd","stream_id":"ff55d991-cd59-45bf-acd4-77ae6eb479dc","world_id":"mc-cf4dce40-2be1-372b-b914-917f5dcc644c","dimension":"minecraft:overworld","sequence":68,"lifecycle":{"event":"update"},"metadata":{},"position":{"x":-47.30000001192093,"y":71.0,"z":72.77925174075624,"space":"minecraft"},"rotation":{"yaw":324.45015716552734,"pitch":37.3499755859375,"roll":0}}
[19:38:12] [MC7DTD-websocket/INFO]: 7DTD entity received: {"authority":"7dtd","dimension":"7dtd:main","entity_id":"1d96b662-c615-4729-a431-d3c5806bac72","entity_type":"7dtd:player","lifecycle":{"event":"update"},"metadata":{},"origin":{"dimension":"7dtd:main","entity_id":"1d96b662-c615-4729-a431-d3c5806bac72","game":"7dtd","world_id":"td-0d917a4eff776d999148769266591579674d2c42de6557026893a1902834f11f"},"position":{"x":-45.30000001192093,"y":71,"z":75.77925174075625,"space":"minecraft"},"rotation":{"pitch":0,"roll":0,"yaw":109.17742919921875},"sequence":109,"source":"7dtd","stream_id":"87f4fae0-b0b2-408f-bcab-c03d8733070c","type":"entity_state","version":2,"world_id":"td-0d917a4eff776d999148769266591579674d2c42de6557026893a1902834f11f"}
[19:38:12] [Render thread/INFO]: 7DTD proxy updated: id=1d96b662-c615-4729-a431-d3c5806bac72 sequence=109 x=-45.30000001192093 y=71.0 z=75.77925174075625 yaw=109.17742919921875 pitch=0.0 roll=0.0
[19:38:12] [MC7DTD-entity-test-send/INFO]: Player proxy sent: {"type":"entity_state","version":1,"source":"minecraft","entity_type":"minecraft:player","entity_id":"4cee8e44-c4b9-4af8-ad92-2db1ac35aafd","stream_id":"ff55d991-cd59-45bf-acd4-77ae6eb479dc","world_id":"mc-cf4dce40-2be1-372b-b914-917f5dcc644c","dimension":"minecraft:overworld","sequence":69,"lifecycle":{"event":"update"},"metadata":{},"position":{"x":-47.30000001192093,"y":71.0,"z":72.77925174075624,"space":"minecraft"},"rotation":{"yaw":324.45015716552734,"pitch":37.3499755859375,"roll":0}}
[19:38:12] [MC7DTD-websocket/INFO]: 7DTD entity received: {"authority":"7dtd","dimension":"7dtd:main","entity_id":"1d96b662-c615-4729-a431-d3c5806bac72","entity_type":"7dtd:player","lifecycle":{"event":"update"},"metadata":{},"origin":{"dimension":"7dtd:main","entity_id":"1d96b662-c615-4729-a431-d3c5806bac72","game":"7dtd","world_id":"td-0d917a4eff776d999148769266591579674d2c42de6557026893a1902834f11f"},"position":{"x":-45.30000001192093,"y":71,"z":75.77925174075625,"space":"minecraft"},"rotation":{"pitch":0,"roll":0,"yaw":109.17742919921875},"sequence":110,"source":"7dtd","stream_id":"87f4fae0-b0b2-408f-bcab-c03d8733070c","type":"entity_state","version":2,"world_id":"td-0d917a4eff776d999148769266591579674d2c42de6557026893a1902834f11f"}
[19:38:13] [Render thread/INFO]: 7DTD proxy updated: id=1d96b662-c615-4729-a431-d3c5806bac72 sequence=110 x=-45.30000001192093 y=71.0 z=75.77925174075625 yaw=109.17742919921875 pitch=0.0 roll=0.0
[19:38:13] [MC7DTD-websocket/INFO]: 7DTD entity received: {"authority":"7dtd","dimension":"7dtd:main","entity_id":"1d96b662-c615-4729-a431-d3c5806bac72","entity_type":"7dtd:player","lifecycle":{"event":"update"},"metadata":{},"origin":{"dimension":"7dtd:main","entity_id":"1d96b662-c615-4729-a431-d3c5806bac72","game":"7dtd","world_id":"td-0d917a4eff776d999148769266591579674d2c42de6557026893a1902834f11f"},"position":{"x":-45.30000001192093,"y":71,"z":75.77925174075625,"space":"minecraft"},"rotation":{"pitch":0,"roll":0,"yaw":109.17742919921875},"sequence":111,"source":"7dtd","stream_id":"87f4fae0-b0b2-408f-bcab-c03d8733070c","type":"entity_state","version":2,"world_id":"td-0d917a4eff776d999148769266591579674d2c42de6557026893a1902834f11f"}
[19:38:13] [Render thread/INFO]: 7DTD proxy updated: id=1d96b662-c615-4729-a431-d3c5806bac72 sequence=111 x=-45.30000001192093 y=71.0 z=75.77925174075625 yaw=109.17742919921875 pitch=0.0 roll=0.0
[19:38:13] [MC7DTD-entity-test-send/INFO]: Player proxy sent: {"type":"entity_state","version":1,"source":"minecraft","entity_type":"minecraft:player","entity_id":"4cee8e44-c4b9-4af8-ad92-2db1ac35aafd","stream_id":"ff55d991-cd59-45bf-acd4-77ae6eb479dc","world_id":"mc-cf4dce40-2be1-372b-b914-917f5dcc644c","dimension":"minecraft:overworld","sequence":70,"lifecycle":{"event":"update"},"metadata":{},"position":{"x":-47.30000001192093,"y":71.0,"z":72.77925174075624,"space":"minecraft"},"rotation":{"yaw":324.45015716552734,"pitch":37.3499755859375,"roll":0}}
[19:38:14] [MC7DTD-websocket/INFO]: 7DTD entity received: {"authority":"7dtd","dimension":"7dtd:main","entity_id":"1d96b662-c615-4729-a431-d3c5806bac72","entity_type":"7dtd:player","lifecycle":{"event":"update"},"metadata":{},"origin":{"dimension":"7dtd:main","entity_id":"1d96b662-c615-4729-a431-d3c5806bac72","game":"7dtd","world_id":"td-0d917a4eff776d999148769266591579674d2c42de6557026893a1902834f11f"},"position":{"x":-45.30000001192093,"y":71,"z":75.77925174075625,"space":"minecraft"},"rotation":{"pitch":0,"roll":0,"yaw":109.17742919921875},"sequence":112,"source":"7dtd","stream_id":"87f4fae0-b0b2-408f-bcab-c03d8733070c","type":"entity_state","version":2,"world_id":"td-0d917a4eff776d999148769266591579674d2c42de6557026893a1902834f11f"}
[19:38:14] [MC7DTD-entity-test-send/INFO]: Player proxy sent: {"type":"entity_state","version":1,"source":"minecraft","entity_type":"minecraft:player","entity_id":"4cee8e44-c4b9-4af8-ad92-2db1ac35aafd","stream_id":"ff55d991-cd59-45bf-acd4-77ae6eb479dc","world_id":"mc-cf4dce40-2be1-372b-b914-917f5dcc644c","dimension":"minecraft:overworld","sequence":71,"lifecycle":{"event":"update"},"metadata":{},"position":{"x":-47.30000001192093,"y":71.0,"z":72.77925174075624,"space":"minecraft"},"rotation":{"yaw":324.45015716552734,"pitch":37.3499755859375,"roll":0}}
[19:38:14] [Render thread/INFO]: 7DTD proxy updated: id=1d96b662-c615-4729-a431-d3c5806bac72 sequence=112 x=-45.30000001192093 y=71.0 z=75.77925174075625 yaw=109.17742919921875 pitch=0.0 roll=0.0
[19:38:14] [MC7DTD-websocket/INFO]: 7DTD entity received: {"authority":"7dtd","dimension":"7dtd:main","entity_id":"1d96b662-c615-4729-a431-d3c5806bac72","entity_type":"7dtd:player","lifecycle":{"event":"update"},"metadata":{},"origin":{"dimension":"7dtd:main","entity_id":"1d96b662-c615-4729-a431-d3c5806bac72","game":"7dtd","world_id":"td-0d917a4eff776d999148769266591579674d2c42de6557026893a1902834f11f"},"position":{"x":-45.30000001192093,"y":71,"z":75.77925174075625,"space":"minecraft"},"rotation":{"pitch":0,"roll":0,"yaw":109.17742919921875},"sequence":113,"source":"7dtd","stream_id":"87f4fae0-b0b2-408f-bcab-c03d8733070c","type":"entity_state","version":2,"world_id":"td-0d917a4eff776d999148769266591579674d2c42de6557026893a1902834f11f"}
[19:38:14] [Render thread/INFO]: 7DTD proxy updated: id=1d96b662-c615-4729-a431-d3c5806bac72 sequence=113 x=-45.30000001192093 y=71.0 z=75.77925174075625 yaw=109.17742919921875 pitch=0.0 roll=0.0
[19:38:14] [MC7DTD-entity-test-send/INFO]: Player proxy sent: {"type":"entity_state","version":1,"source":"minecraft","entity_type":"minecraft:player","entity_id":"4cee8e44-c4b9-4af8-ad92-2db1ac35aafd","stream_id":"ff55d991-cd59-45bf-acd4-77ae6eb479dc","world_id":"mc-cf4dce40-2be1-372b-b914-917f5dcc644c","dimension":"minecraft:overworld","sequence":72,"lifecycle":{"event":"update"},"metadata":{},"position":{"x":-47.30000001192093,"y":71.0,"z":72.77925174075624,"space":"minecraft"},"rotation":{"yaw":324.45015716552734,"pitch":37.3499755859375,"roll":0}}
[19:38:14] [MC7DTD-websocket/INFO]: 7DTD entity received: {"authority":"7dtd","dimension":"7dtd:main","entity_id":"1d96b662-c615-4729-a431-d3c5806bac72","entity_type":"7dtd:player","lifecycle":{"event":"update"},"metadata":{},"origin":{"dimension":"7dtd:main","entity_id":"1d96b662-c615-4729-a431-d3c5806bac72","game":"7dtd","world_id":"td-0d917a4eff776d999148769266591579674d2c42de6557026893a1902834f11f"},"position":{"x":-45.30000001192093,"y":71,"z":75.77925174075625,"space":"minecraft"},"rotation":{"pitch":0,"roll":0,"yaw":109.17742919921875},"sequence":114,"source":"7dtd","stream_id":"87f4fae0-b0b2-408f-bcab-c03d8733070c","type":"entity_state","version":2,"world_id":"td-0d917a4eff776d999148769266591579674d2c42de6557026893a1902834f11f"}
[19:38:15] [Render thread/INFO]: 7DTD proxy updated: id=1d96b662-c615-4729-a431-d3c5806bac72 sequence=114 x=-45.30000001192093 y=71.0 z=75.77925174075625 yaw=109.17742919921875 pitch=0.0 roll=0.0
[19:38:15] [MC7DTD-entity-test-send/INFO]: Player proxy sent: {"type":"entity_state","version":1,"source":"minecraft","entity_type":"minecraft:player","entity_id":"4cee8e44-c4b9-4af8-ad92-2db1ac35aafd","stream_id":"ff55d991-cd59-45bf-acd4-77ae6eb479dc","world_id":"mc-cf4dce40-2be1-372b-b914-917f5dcc644c","dimension":"minecraft:overworld","sequence":73,"lifecycle":{"event":"update"},"metadata":{},"position":{"x":-47.30000001192093,"y":71.0,"z":72.77925174075624,"space":"minecraft"},"rotation":{"yaw":324.45015716552734,"pitch":37.3499755859375,"roll":0}}
[19:38:15] [MC7DTD-websocket/INFO]: 7DTD entity received: {"authority":"7dtd","dimension":"7dtd:main","entity_id":"1d96b662-c615-4729-a431-d3c5806bac72","entity_type":"7dtd:player","lifecycle":{"event":"update"},"metadata":{},"origin":{"dimension":"7dtd:main","entity_id":"1d96b662-c615-4729-a431-d3c5806bac72","game":"7dtd","world_id":"td-0d917a4eff776d999148769266591579674d2c42de6557026893a1902834f11f"},"position":{"x":-45.30000001192093,"y":71,"z":75.77925174075625,"space":"minecraft"},"rotation":{"pitch":0,"roll":0,"yaw":109.17742919921875},"sequence":115,"source":"7dtd","stream_id":"87f4fae0-b0b2-408f-bcab-c03d8733070c","type":"entity_state","version":2,"world_id":"td-0d917a4eff776d999148769266591579674d2c42de6557026893a1902834f11f"}
[19:38:15] [Render thread/INFO]: 7DTD proxy updated: id=1d96b662-c615-4729-a431-d3c5806bac72 sequence=115 x=-45.30000001192093 y=71.0 z=75.77925174075625 yaw=109.17742919921875 pitch=0.0 roll=0.0
[19:38:15] [MC7DTD-entity-test-send/INFO]: Player proxy sent: {"type":"entity_state","version":1,"source":"minecraft","entity_type":"minecraft:player","entity_id":"4cee8e44-c4b9-4af8-ad92-2db1ac35aafd","stream_id":"ff55d991-cd59-45bf-acd4-77ae6eb479dc","world_id":"mc-cf4dce40-2be1-372b-b914-917f5dcc644c","dimension":"minecraft:overworld","sequence":74,"lifecycle":{"event":"update"},"metadata":{},"position":{"x":-47.30000001192093,"y":71.0,"z":72.77925174075624,"space":"minecraft"},"rotation":{"yaw":324.45015716552734,"pitch":37.3499755859375,"roll":0}}
[19:38:15] [Render thread/INFO]: [System] [CHAT] 第三天
[19:38:16] [MC7DTD-websocket/INFO]: 7DTD entity received: {"authority":"7dtd","dimension":"7dtd:main","entity_id":"1d96b662-c615-4729-a431-d3c5806bac72","entity_type":"7dtd:player","lifecycle":{"event":"update"},"metadata":{},"origin":{"dimension":"7dtd:main","entity_id":"1d96b662-c615-4729-a431-d3c5806bac72","game":"7dtd","world_id":"td-0d917a4eff776d999148769266591579674d2c42de6557026893a1902834f11f"},"position":{"x":-45.30000001192093,"y":71,"z":75.77925174075625,"space":"minecraft"},"rotation":{"pitch":0,"roll":0,"yaw":109.17742919921875},"sequence":116,"source":"7dtd","stream_id":"87f4fae0-b0b2-408f-bcab-c03d8733070c","type":"entity_state","version":2,"world_id":"td-0d917a4eff776d999148769266591579674d2c42de6557026893a1902834f11f"}
[19:38:16] [Render thread/INFO]: 7DTD proxy updated: id=1d96b662-c615-4729-a431-d3c5806bac72 sequence=116 x=-45.30000001192093 y=71.0 z=75.77925174075625 yaw=109.17742919921875 pitch=0.0 roll=0.0
[19:38:16] [MC7DTD-entity-test-send/INFO]: Player proxy sent: {"type":"entity_state","version":1,"source":"minecraft","entity_type":"minecraft:player","entity_id":"4cee8e44-c4b9-4af8-ad92-2db1ac35aafd","stream_id":"ff55d991-cd59-45bf-acd4-77ae6eb479dc","world_id":"mc-cf4dce40-2be1-372b-b914-917f5dcc644c","dimension":"minecraft:overworld","sequence":75,"lifecycle":{"event":"update"},"metadata":{},"position":{"x":-47.30000001192093,"y":71.0,"z":72.77925174075624,"space":"minecraft"},"rotation":{"yaw":324.45015716552734,"pitch":37.3499755859375,"roll":0}}
[19:38:16] [MC7DTD-websocket/INFO]: 7DTD entity received: {"authority":"7dtd","dimension":"7dtd:main","entity_id":"1d96b662-c615-4729-a431-d3c5806bac72","entity_type":"7dtd:player","lifecycle":{"event":"update"},"metadata":{},"origin":{"dimension":"7dtd:main","entity_id":"1d96b662-c615-4729-a431-d3c5806bac72","game":"7dtd","world_id":"td-0d917a4eff776d999148769266591579674d2c42de6557026893a1902834f11f"},"position":{"x":-45.30000001192093,"y":71,"z":75.77925174075625,"space":"minecraft"},"rotation":{"pitch":0,"roll":0,"yaw":109.17742919921875},"sequence":117,"source":"7dtd","stream_id":"87f4fae0-b0b2-408f-bcab-c03d8733070c","type":"entity_state","version":2,"world_id":"td-0d917a4eff776d999148769266591579674d2c42de6557026893a1902834f11f"}
[19:38:16] [Render thread/INFO]: 7DTD proxy updated: id=1d96b662-c615-4729-a431-d3c5806bac72 sequence=117 x=-45.30000001192093 y=71.0 z=75.77925174075625 yaw=109.17742919921875 pitch=0.0 roll=0.0
[19:38:16] [MC7DTD-entity-test-send/INFO]: Player proxy sent: {"type":"entity_state","version":1,"source":"minecraft","entity_type":"minecraft:player","entity_id":"4cee8e44-c4b9-4af8-ad92-2db1ac35aafd","stream_id":"ff55d991-cd59-45bf-acd4-77ae6eb479dc","world_id":"mc-cf4dce40-2be1-372b-b914-917f5dcc644c","dimension":"minecraft:overworld","sequence":76,"lifecycle":{"event":"update"},"metadata":{},"position":{"x":-47.30000001192093,"y":71.0,"z":72.77925174075624,"space":"minecraft"},"rotation":{"yaw":324.45015716552734,"pitch":37.3499755859375,"roll":0}}
[19:38:17] [MC7DTD-websocket/INFO]: 7DTD entity received: {"authority":"7dtd","dimension":"7dtd:main","entity_id":"1d96b662-c615-4729-a431-d3c5806bac72","entity_type":"7dtd:player","lifecycle":{"event":"update"},"metadata":{},"origin":{"dimension":"7dtd:main","entity_id":"1d96b662-c615-4729-a431-d3c5806bac72","game":"7dtd","world_id":"td-0d917a4eff776d999148769266591579674d2c42de6557026893a1902834f11f"},"position":{"x":-45.30000001192093,"y":71,"z":75.77925174075625,"space":"minecraft"},"rotation":{"pitch":0,"roll":0,"yaw":109.17742919921875},"sequence":118,"source":"7dtd","stream_id":"87f4fae0-b0b2-408f-bcab-c03d8733070c","type":"entity_state","version":2,"world_id":"td-0d917a4eff776d999148769266591579674d2c42de6557026893a1902834f11f"}
[19:38:17] [Render thread/INFO]: 7DTD proxy updated: id=1d96b662-c615-4729-a431-d3c5806bac72 sequence=118 x=-45.30000001192093 y=71.0 z=75.77925174075625 yaw=109.17742919921875 pitch=0.0 roll=0.0
[19:38:17] [MC7DTD-entity-test-send/INFO]: Player proxy sent: {"type":"entity_state","version":1,"source":"minecraft","entity_type":"minecraft:player","entity_id":"4cee8e44-c4b9-4af8-ad92-2db1ac35aafd","stream_id":"ff55d991-cd59-45bf-acd4-77ae6eb479dc","world_id":"mc-cf4dce40-2be1-372b-b914-917f5dcc644c","dimension":"minecraft:overworld","sequence":77,"lifecycle":{"event":"update"},"metadata":{},"position":{"x":-47.30000001192093,"y":71.0,"z":72.77925174075624,"space":"minecraft"},"rotation":{"yaw":324.45015716552734,"pitch":37.3499755859375,"roll":0}}
[19:38:17] [MC7DTD-websocket/INFO]: 7DTD entity received: {"authority":"7dtd","dimension":"7dtd:main","entity_id":"1d96b662-c615-4729-a431-d3c5806bac72","entity_type":"7dtd:player","lifecycle":{"event":"update"},"metadata":{},"origin":{"dimension":"7dtd:main","entity_id":"1d96b662-c615-4729-a431-d3c5806bac72","game":"7dtd","world_id":"td-0d917a4eff776d999148769266591579674d2c42de6557026893a1902834f11f"},"position":{"x":-45.30000001192093,"y":71,"z":75.77925174075625,"space":"minecraft"},"rotation":{"pitch":0,"roll":0,"yaw":109.17742919921875},"sequence":119,"source":"7dtd","stream_id":"87f4fae0-b0b2-408f-bcab-c03d8733070c","type":"entity_state","version":2,"world_id":"td-0d917a4eff776d999148769266591579674d2c42de6557026893a1902834f11f"}
[19:38:17] [Render thread/INFO]: 7DTD proxy updated: id=1d96b662-c615-4729-a431-d3c5806bac72 sequence=119 x=-45.30000001192093 y=71.0 z=75.77925174075625 yaw=109.17742919921875 pitch=0.0 roll=0.0
[19:38:17] [MC7DTD-entity-test-send/INFO]: Player proxy sent: {"type":"entity_state","version":1,"source":"minecraft","entity_type":"minecraft:player","entity_id":"4cee8e44-c4b9-4af8-ad92-2db1ac35aafd","stream_id":"ff55d991-cd59-45bf-acd4-77ae6eb479dc","world_id":"mc-cf4dce40-2be1-372b-b914-917f5dcc644c","dimension":"minecraft:overworld","sequence":78,"lifecycle":{"event":"update"},"metadata":{},"position":{"x":-47.30000001192093,"y":71.0,"z":72.77925174075624,"space":"minecraft"},"rotation":{"yaw":324.45015716552734,"pitch":37.3499755859375,"roll":0}}
[19:38:18] [MC7DTD-websocket/INFO]: 7DTD entity received: {"authority":"7dtd","dimension":"7dtd:main","entity_id":"1d96b662-c615-4729-a431-d3c5806bac72","entity_type":"7dtd:player","lifecycle":{"event":"update"},"metadata":{},"origin":{"dimension":"7dtd:main","entity_id":"1d96b662-c615-4729-a431-d3c5806bac72","game":"7dtd","world_id":"td-0d917a4eff776d999148769266591579674d2c42de6557026893a1902834f11f"},"position":{"x":-45.30000001192093,"y":71,"z":75.77925174075625,"space":"minecraft"},"rotation":{"pitch":0,"roll":0,"yaw":109.17742919921875},"sequence":120,"source":"7dtd","stream_id":"87f4fae0-b0b2-408f-bcab-c03d8733070c","type":"entity_state","version":2,"world_id":"td-0d917a4eff776d999148769266591579674d2c42de6557026893a1902834f11f"}
[19:38:18] [Render thread/INFO]: 7DTD proxy updated: id=1d96b662-c615-4729-a431-d3c5806bac72 sequence=120 x=-45.30000001192093 y=71.0 z=75.77925174075625 yaw=109.17742919921875 pitch=0.0 roll=0.0
[19:38:18] [MC7DTD-entity-test-send/INFO]: Player proxy sent: {"type":"entity_state","version":1,"source":"minecraft","entity_type":"minecraft:player","entity_id":"4cee8e44-c4b9-4af8-ad92-2db1ac35aafd","stream_id":"ff55d991-cd59-45bf-acd4-77ae6eb479dc","world_id":"mc-cf4dce40-2be1-372b-b914-917f5dcc644c","dimension":"minecraft:overworld","sequence":79,"lifecycle":{"event":"update"},"metadata":{},"position":{"x":-47.30000001192093,"y":71.0,"z":72.77925174075624,"space":"minecraft"},"rotation":{"yaw":324.45015716552734,"pitch":37.3499755859375,"roll":0}}
[19:38:18] [MC7DTD-websocket/INFO]: 7DTD entity received: {"authority":"7dtd","dimension":"7dtd:main","entity_id":"1d96b662-c615-4729-a431-d3c5806bac72","entity_type":"7dtd:player","lifecycle":{"event":"update"},"metadata":{},"origin":{"dimension":"7dtd:main","entity_id":"1d96b662-c615-4729-a431-d3c5806bac72","game":"7dtd","world_id":"td-0d917a4eff776d999148769266591579674d2c42de6557026893a1902834f11f"},"position":{"x":-45.30000001192093,"y":71,"z":75.77925174075625,"space":"minecraft"},"rotation":{"pitch":0,"roll":0,"yaw":109.17742919921875},"sequence":121,"source":"7dtd","stream_id":"87f4fae0-b0b2-408f-bcab-c03d8733070c","type":"entity_state","version":2,"world_id":"td-0d917a4eff776d999148769266591579674d2c42de6557026893a1902834f11f"}
[19:38:18] [Render thread/INFO]: 7DTD proxy updated: id=1d96b662-c615-4729-a431-d3c5806bac72 sequence=121 x=-45.30000001192093 y=71.0 z=75.77925174075625 yaw=109.17742919921875 pitch=0.0 roll=0.0
[19:38:18] [MC7DTD-entity-test-send/INFO]: Player proxy sent: {"type":"entity_state","version":1,"source":"minecraft","entity_type":"minecraft:player","entity_id":"4cee8e44-c4b9-4af8-ad92-2db1ac35aafd","stream_id":"ff55d991-cd59-45bf-acd4-77ae6eb479dc","world_id":"mc-cf4dce40-2be1-372b-b914-917f5dcc644c","dimension":"minecraft:overworld","sequence":80,"lifecycle":{"event":"update"},"metadata":{},"position":{"x":-47.30000001192093,"y":71.0,"z":72.77925174075624,"space":"minecraft"},"rotation":{"yaw":324.45015716552734,"pitch":37.3499755859375,"roll":0}}
[19:38:19] [MC7DTD-websocket/INFO]: 7DTD entity received: {"authority":"7dtd","dimension":"7dtd:main","entity_id":"1d96b662-c615-4729-a431-d3c5806bac72","entity_type":"7dtd:player","lifecycle":{"event":"update"},"metadata":{},"origin":{"dimension":"7dtd:main","entity_id":"1d96b662-c615-4729-a431-d3c5806bac72","game":"7dtd","world_id":"td-0d917a4eff776d999148769266591579674d2c42de6557026893a1902834f11f"},"position":{"x":-45.30000001192093,"y":71,"z":75.77925174075625,"space":"minecraft"},"rotation":{"pitch":0,"roll":0,"yaw":109.17742919921875},"sequence":122,"source":"7dtd","stream_id":"87f4fae0-b0b2-408f-bcab-c03d8733070c","type":"entity_state","version":2,"world_id":"td-0d917a4eff776d999148769266591579674d2c42de6557026893a1902834f11f"}
[19:38:19] [Render thread/INFO]: 7DTD proxy updated: id=1d96b662-c615-4729-a431-d3c5806bac72 sequence=122 x=-45.30000001192093 y=71.0 z=75.77925174075625 yaw=109.17742919921875 pitch=0.0 roll=0.0
[19:38:19] [MC7DTD-entity-test-send/INFO]: Player proxy sent: {"type":"entity_state","version":1,"source":"minecraft","entity_type":"minecraft:player","entity_id":"4cee8e44-c4b9-4af8-ad92-2db1ac35aafd","stream_id":"ff55d991-cd59-45bf-acd4-77ae6eb479dc","world_id":"mc-cf4dce40-2be1-372b-b914-917f5dcc644c","dimension":"minecraft:overworld","sequence":81,"lifecycle":{"event":"update"},"metadata":{},"position":{"x":-47.30000001192093,"y":71.0,"z":72.77925174075624,"space":"minecraft"},"rotation":{"yaw":324.45015716552734,"pitch":37.3499755859375,"roll":0}}
[19:38:19] [MC7DTD-websocket/INFO]: 7DTD entity received: {"authority":"7dtd","dimension":"7dtd:main","entity_id":"1d96b662-c615-4729-a431-d3c5806bac72","entity_type":"7dtd:player","lifecycle":{"event":"update"},"metadata":{},"origin":{"dimension":"7dtd:main","entity_id":"1d96b662-c615-4729-a431-d3c5806bac72","game":"7dtd","world_id":"td-0d917a4eff776d999148769266591579674d2c42de6557026893a1902834f11f"},"position":{"x":-45.30000001192093,"y":71,"z":75.77925174075625,"space":"minecraft"},"rotation":{"pitch":0,"roll":0,"yaw":109.17742919921875},"sequence":123,"source":"7dtd","stream_id":"87f4fae0-b0b2-408f-bcab-c03d8733070c","type":"entity_state","version":2,"world_id":"td-0d917a4eff776d999148769266591579674d2c42de6557026893a1902834f11f"}
[19:38:19] [Render thread/INFO]: 7DTD proxy updated: id=1d96b662-c615-4729-a431-d3c5806bac72 sequence=123 x=-45.30000001192093 y=71.0 z=75.77925174075625 yaw=109.17742919921875 pitch=0.0 roll=0.0
[19:38:19] [MC7DTD-entity-test-send/INFO]: Player proxy sent: {"type":"entity_state","version":1,"source":"minecraft","entity_type":"minecraft:player","entity_id":"4cee8e44-c4b9-4af8-ad92-2db1ac35aafd","stream_id":"ff55d991-cd59-45bf-acd4-77ae6eb479dc","world_id":"mc-cf4dce40-2be1-372b-b914-917f5dcc644c","dimension":"minecraft:overworld","sequence":82,"lifecycle":{"event":"update"},"metadata":{},"position":{"x":-47.30000001192093,"y":71.0,"z":72.77925174075624,"space":"minecraft"},"rotation":{"yaw":324.45015716552734,"pitch":37.3499755859375,"roll":0}}
[19:38:20] [MC7DTD-websocket/INFO]: 7DTD entity received: {"authority":"7dtd","dimension":"7dtd:main","entity_id":"1d96b662-c615-4729-a431-d3c5806bac72","entity_type":"7dtd:player","lifecycle":{"event":"update"},"metadata":{},"origin":{"dimension":"7dtd:main","entity_id":"1d96b662-c615-4729-a431-d3c5806bac72","game":"7dtd","world_id":"td-0d917a4eff776d999148769266591579674d2c42de6557026893a1902834f11f"},"position":{"x":-45.30000001192093,"y":71,"z":75.77925174075625,"space":"minecraft"},"rotation":{"pitch":0,"roll":0,"yaw":109.17742919921875},"sequence":124,"source":"7dtd","stream_id":"87f4fae0-b0b2-408f-bcab-c03d8733070c","type":"entity_state","version":2,"world_id":"td-0d917a4eff776d999148769266591579674d2c42de6557026893a1902834f11f"}
[19:38:20] [Render thread/INFO]: 7DTD proxy updated: id=1d96b662-c615-4729-a431-d3c5806bac72 sequence=124 x=-45.30000001192093 y=71.0 z=75.77925174075625 yaw=109.17742919921875 pitch=0.0 roll=0.0
[19:38:20] [MC7DTD-entity-test-send/INFO]: Player proxy sent: {"type":"entity_state","version":1,"source":"minecraft","entity_type":"minecraft:player","entity_id":"4cee8e44-c4b9-4af8-ad92-2db1ac35aafd","stream_id":"ff55d991-cd59-45bf-acd4-77ae6eb479dc","world_id":"mc-cf4dce40-2be1-372b-b914-917f5dcc644c","dimension":"minecraft:overworld","sequence":83,"lifecycle":{"event":"update"},"metadata":{},"position":{"x":-47.30000001192093,"y":71.0,"z":72.77925174075624,"space":"minecraft"},"rotation":{"yaw":324.45015716552734,"pitch":37.3499755859375,"roll":0}}
[19:38:20] [MC7DTD-websocket/INFO]: 7DTD entity received: {"authority":"7dtd","dimension":"7dtd:main","entity_id":"1d96b662-c615-4729-a431-d3c5806bac72","entity_type":"7dtd:player","lifecycle":{"event":"update"},"metadata":{},"origin":{"dimension":"7dtd:main","entity_id":"1d96b662-c615-4729-a431-d3c5806bac72","game":"7dtd","world_id":"td-0d917a4eff776d999148769266591579674d2c42de6557026893a1902834f11f"},"position":{"x":-45.30000001192093,"y":71,"z":75.77925174075625,"space":"minecraft"},"rotation":{"pitch":0,"roll":0,"yaw":109.17742919921875},"sequence":125,"source":"7dtd","stream_id":"87f4fae0-b0b2-408f-bcab-c03d8733070c","type":"entity_state","version":2,"world_id":"td-0d917a4eff776d999148769266591579674d2c42de6557026893a1902834f11f"}
[19:38:20] [Render thread/INFO]: 7DTD proxy updated: id=1d96b662-c615-4729-a431-d3c5806bac72 sequence=125 x=-45.30000001192093 y=71.0 z=75.77925174075625 yaw=109.17742919921875 pitch=0.0 roll=0.0
[19:38:20] [MC7DTD-entity-test-send/INFO]: Player proxy sent: {"type":"entity_state","version":1,"source":"minecraft","entity_type":"minecraft:player","entity_id":"4cee8e44-c4b9-4af8-ad92-2db1ac35aafd","stream_id":"ff55d991-cd59-45bf-acd4-77ae6eb479dc","world_id":"mc-cf4dce40-2be1-372b-b914-917f5dcc644c","dimension":"minecraft:overworld","sequence":84,"lifecycle":{"event":"update"},"metadata":{},"position":{"x":-47.30000001192093,"y":71.0,"z":72.77925174075624,"space":"minecraft"},"rotation":{"yaw":324.45015716552734,"pitch":37.3499755859375,"roll":0}}
[19:38:20] [MC7DTD-websocket/INFO]: 7DTD entity received: {"authority":"7dtd","dimension":"7dtd:main","entity_id":"1d96b662-c615-4729-a431-d3c5806bac72","entity_type":"7dtd:player","lifecycle":{"event":"update"},"metadata":{},"origin":{"dimension":"7dtd:main","entity_id":"1d96b662-c615-4729-a431-d3c5806bac72","game":"7dtd","world_id":"td-0d917a4eff776d999148769266591579674d2c42de6557026893a1902834f11f"},"position":{"x":-45.30000001192093,"y":71,"z":75.77925174075625,"space":"minecraft"},"rotation":{"pitch":0,"roll":0,"yaw":109.17742919921875},"sequence":126,"source":"7dtd","stream_id":"87f4fae0-b0b2-408f-bcab-c03d8733070c","type":"entity_state","version":2,"world_id":"td-0d917a4eff776d999148769266591579674d2c42de6557026893a1902834f11f"}
[19:38:21] [Render thread/INFO]: 7DTD proxy updated: id=1d96b662-c615-4729-a431-d3c5806bac72 sequence=126 x=-45.30000001192093 y=71.0 z=75.77925174075625 yaw=109.17742919921875 pitch=0.0 roll=0.0
[19:38:21] [MC7DTD-websocket/INFO]: 7DTD entity received: {"authority":"7dtd","dimension":"7dtd:main","entity_id":"1d96b662-c615-4729-a431-d3c5806bac72","entity_type":"7dtd:player","lifecycle":{"event":"update"},"metadata":{},"origin":{"dimension":"7dtd:main","entity_id":"1d96b662-c615-4729-a431-d3c5806bac72","game":"7dtd","world_id":"td-0d917a4eff776d999148769266591579674d2c42de6557026893a1902834f11f"},"position":{"x":-45.30000001192093,"y":71,"z":75.77925174075625,"space":"minecraft"},"rotation":{"pitch":0,"roll":0,"yaw":109.17742919921875},"sequence":127,"source":"7dtd","stream_id":"87f4fae0-b0b2-408f-bcab-c03d8733070c","type":"entity_state","version":2,"world_id":"td-0d917a4eff776d999148769266591579674d2c42de6557026893a1902834f11f"}
[19:38:21] [Render thread/INFO]: 7DTD proxy updated: id=1d96b662-c615-4729-a431-d3c5806bac72 sequence=127 x=-45.30000001192093 y=71.0 z=75.77925174075625 yaw=109.17742919921875 pitch=0.0 roll=0.0
[19:38:21] [MC7DTD-entity-test-send/INFO]: Player proxy sent: {"type":"entity_state","version":1,"source":"minecraft","entity_type":"minecraft:player","entity_id":"4cee8e44-c4b9-4af8-ad92-2db1ac35aafd","stream_id":"ff55d991-cd59-45bf-acd4-77ae6eb479dc","world_id":"mc-cf4dce40-2be1-372b-b914-917f5dcc644c","dimension":"minecraft:overworld","sequence":85,"lifecycle":{"event":"update"},"metadata":{},"position":{"x":-47.30000001192093,"y":71.0,"z":72.77925174075624,"space":"minecraft"},"rotation":{"yaw":324.45015716552734,"pitch":37.3499755859375,"roll":0}}
[19:38:22] [Server thread/INFO]: Saving and pausing game...
[19:38:22] [Server thread/INFO]: Saving chunks for level 'ServerLevel[Demo World]'/minecraft:overworld
[19:38:22] [MC7DTD-websocket/INFO]: 7DTD entity received: {"authority":"7dtd","dimension":"7dtd:main","entity_id":"1d96b662-c615-4729-a431-d3c5806bac72","entity_type":"7dtd:player","lifecycle":{"event":"update"},"metadata":{},"origin":{"dimension":"7dtd:main","entity_id":"1d96b662-c615-4729-a431-d3c5806bac72","game":"7dtd","world_id":"td-0d917a4eff776d999148769266591579674d2c42de6557026893a1902834f11f"},"position":{"x":-45.30000001192093,"y":71,"z":75.77925174075625,"space":"minecraft"},"rotation":{"pitch":0,"roll":0,"yaw":109.17742919921875},"sequence":128,"source":"7dtd","stream_id":"87f4fae0-b0b2-408f-bcab-c03d8733070c","type":"entity_state","version":2,"world_id":"td-0d917a4eff776d999148769266591579674d2c42de6557026893a1902834f11f"}
[19:38:22] [Render thread/INFO]: 7DTD proxy updated: id=1d96b662-c615-4729-a431-d3c5806bac72 sequence=128 x=-45.30000001192093 y=71.0 z=75.77925174075625 yaw=109.17742919921875 pitch=0.0 roll=0.0
[19:38:22] [Server thread/INFO]: Saving chunks for level 'ServerLevel[Demo World]'/minecraft:the_end
[19:38:22] [Server thread/INFO]: Saving chunks for level 'ServerLevel[Demo World]'/minecraft:the_nether
[19:38:22] [MC7DTD-websocket/INFO]: 7DTD entity received: {"authority":"7dtd","dimension":"7dtd:main","entity_id":"1d96b662-c615-4729-a431-d3c5806bac72","entity_type":"7dtd:player","lifecycle":{"event":"update"},"metadata":{},"origin":{"dimension":"7dtd:main","entity_id":"1d96b662-c615-4729-a431-d3c5806bac72","game":"7dtd","world_id":"td-0d917a4eff776d999148769266591579674d2c42de6557026893a1902834f11f"},"position":{"x":-45.30000001192093,"y":71,"z":75.77925174075625,"space":"minecraft"},"rotation":{"pitch":0,"roll":0,"yaw":109.17742919921875},"sequence":129,"source":"7dtd","stream_id":"87f4fae0-b0b2-408f-bcab-c03d8733070c","type":"entity_state","version":2,"world_id":"td-0d917a4eff776d999148769266591579674d2c42de6557026893a1902834f11f"}
[19:38:22] [Render thread/INFO]: 7DTD proxy updated: id=1d96b662-c615-4729-a431-d3c5806bac72 sequence=129 x=-45.30000001192093 y=71.0 z=75.77925174075625 yaw=109.17742919921875 pitch=0.0 roll=0.0
[19:38:23] [MC7DTD-websocket/INFO]: 7DTD entity received: {"authority":"7dtd","dimension":"7dtd:main","entity_id":"1d96b662-c615-4729-a431-d3c5806bac72","entity_type":"7dtd:player","lifecycle":{"event":"update"},"metadata":{},"origin":{"dimension":"7dtd:main","entity_id":"1d96b662-c615-4729-a431-d3c5806bac72","game":"7dtd","world_id":"td-0d917a4eff776d999148769266591579674d2c42de6557026893a1902834f11f"},"position":{"x":-45.30000001192093,"y":71,"z":75.77925174075625,"space":"minecraft"},"rotation":{"pitch":0,"roll":0,"yaw":109.17742919921875},"sequence":130,"source":"7dtd","stream_id":"87f4fae0-b0b2-408f-bcab-c03d8733070c","type":"entity_state","version":2,"world_id":"td-0d917a4eff776d999148769266591579674d2c42de6557026893a1902834f11f"}
[19:38:23] [Render thread/INFO]: 7DTD proxy updated: id=1d96b662-c615-4729-a431-d3c5806bac72 sequence=130 x=-45.30000001192093 y=71.0 z=75.77925174075625 yaw=109.17742919921875 pitch=0.0 roll=0.0
[19:38:23] [MC7DTD-websocket/INFO]: 7DTD entity received: {"authority":"7dtd","dimension":"7dtd:main","entity_id":"1d96b662-c615-4729-a431-d3c5806bac72","entity_type":"7dtd:player","lifecycle":{"event":"update"},"metadata":{},"origin":{"dimension":"7dtd:main","entity_id":"1d96b662-c615-4729-a431-d3c5806bac72","game":"7dtd","world_id":"td-0d917a4eff776d999148769266591579674d2c42de6557026893a1902834f11f"},"position":{"x":-45.30000001192093,"y":71,"z":75.77925174075625,"space":"minecraft"},"rotation":{"pitch":0,"roll":0,"yaw":109.17742919921875},"sequence":131,"source":"7dtd","stream_id":"87f4fae0-b0b2-408f-bcab-c03d8733070c","type":"entity_state","version":2,"world_id":"td-0d917a4eff776d999148769266591579674d2c42de6557026893a1902834f11f"}
[19:38:23] [Render thread/INFO]: 7DTD proxy updated: id=1d96b662-c615-4729-a431-d3c5806bac72 sequence=131 x=-45.30000001192093 y=71.0 z=75.77925174075625 yaw=109.17742919921875 pitch=0.0 roll=0.0
[19:38:24] [MC7DTD-websocket/INFO]: 7DTD entity received: {"authority":"7dtd","dimension":"7dtd:main","entity_id":"1d96b662-c615-4729-a431-d3c5806bac72","entity_type":"7dtd:player","lifecycle":{"event":"update"},"metadata":{},"origin":{"dimension":"7dtd:main","entity_id":"1d96b662-c615-4729-a431-d3c5806bac72","game":"7dtd","world_id":"td-0d917a4eff776d999148769266591579674d2c42de6557026893a1902834f11f"},"position":{"x":-45.30000001192093,"y":71,"z":75.77925174075625,"space":"minecraft"},"rotation":{"pitch":0,"roll":0,"yaw":109.17742919921875},"sequence":132,"source":"7dtd","stream_id":"87f4fae0-b0b2-408f-bcab-c03d8733070c","type":"entity_state","version":2,"world_id":"td-0d917a4eff776d999148769266591579674d2c42de6557026893a1902834f11f"}
[19:38:24] [Render thread/INFO]: 7DTD proxy updated: id=1d96b662-c615-4729-a431-d3c5806bac72 sequence=132 x=-45.30000001192093 y=71.0 z=75.77925174075625 yaw=109.17742919921875 pitch=0.0 roll=0.0
[19:38:24] [MC7DTD-websocket/INFO]: 7DTD entity received: {"authority":"7dtd","dimension":"7dtd:main","entity_id":"1d96b662-c615-4729-a431-d3c5806bac72","entity_type":"7dtd:player","lifecycle":{"event":"update"},"metadata":{},"origin":{"dimension":"7dtd:main","entity_id":"1d96b662-c615-4729-a431-d3c5806bac72","game":"7dtd","world_id":"td-0d917a4eff776d999148769266591579674d2c42de6557026893a1902834f11f"},"position":{"x":-45.30000001192093,"y":71,"z":75.77925174075625,"space":"minecraft"},"rotation":{"pitch":0,"roll":0,"yaw":109.17742919921875},"sequence":133,"source":"7dtd","stream_id":"87f4fae0-b0b2-408f-bcab-c03d8733070c","type":"entity_state","version":2,"world_id":"td-0d917a4eff776d999148769266591579674d2c42de6557026893a1902834f11f"}
[19:38:24] [Render thread/INFO]: 7DTD proxy updated: id=1d96b662-c615-4729-a431-d3c5806bac72 sequence=133 x=-45.30000001192093 y=71.0 z=75.77925174075625 yaw=109.17742919921875 pitch=0.0 roll=0.0
[19:38:25] [MC7DTD-websocket/INFO]: 7DTD entity received: {"authority":"7dtd","dimension":"7dtd:main","entity_id":"1d96b662-c615-4729-a431-d3c5806bac72","entity_type":"7dtd:player","lifecycle":{"event":"update"},"metadata":{},"origin":{"dimension":"7dtd:main","entity_id":"1d96b662-c615-4729-a431-d3c5806bac72","game":"7dtd","world_id":"td-0d917a4eff776d999148769266591579674d2c42de6557026893a1902834f11f"},"position":{"x":-45.30000001192093,"y":71,"z":75.77925174075625,"space":"minecraft"},"rotation":{"pitch":0,"roll":0,"yaw":109.17742919921875},"sequence":134,"source":"7dtd","stream_id":"87f4fae0-b0b2-408f-bcab-c03d8733070c","type":"entity_state","version":2,"world_id":"td-0d917a4eff776d999148769266591579674d2c42de6557026893a1902834f11f"}
[19:38:25] [Render thread/INFO]: 7DTD proxy updated: id=1d96b662-c615-4729-a431-d3c5806bac72 sequence=134 x=-45.30000001192093 y=71.0 z=75.77925174075625 yaw=109.17742919921875 pitch=0.0 roll=0.0
[19:38:25] [MC7DTD-websocket/INFO]: 7DTD entity received: {"authority":"7dtd","dimension":"7dtd:main","entity_id":"1d96b662-c615-4729-a431-d3c5806bac72","entity_type":"7dtd:player","lifecycle":{"event":"update"},"metadata":{},"origin":{"dimension":"7dtd:main","entity_id":"1d96b662-c615-4729-a431-d3c5806bac72","game":"7dtd","world_id":"td-0d917a4eff776d999148769266591579674d2c42de6557026893a1902834f11f"},"position":{"x":-45.30000001192093,"y":71,"z":75.77925174075625,"space":"minecraft"},"rotation":{"pitch":0,"roll":0,"yaw":109.17742919921875},"sequence":135,"source":"7dtd","stream_id":"87f4fae0-b0b2-408f-bcab-c03d8733070c","type":"entity_state","version":2,"world_id":"td-0d917a4eff776d999148769266591579674d2c42de6557026893a1902834f11f"}
[19:38:25] [Render thread/INFO]: 7DTD proxy updated: id=1d96b662-c615-4729-a431-d3c5806bac72 sequence=135 x=-45.30000001192093 y=71.0 z=75.77925174075625 yaw=109.17742919921875 pitch=0.0 roll=0.0
[19:38:26] [MC7DTD-websocket/INFO]: 7DTD entity received: {"authority":"7dtd","dimension":"7dtd:main","entity_id":"1d96b662-c615-4729-a431-d3c5806bac72","entity_type":"7dtd:player","lifecycle":{"event":"update"},"metadata":{},"origin":{"dimension":"7dtd:main","entity_id":"1d96b662-c615-4729-a431-d3c5806bac72","game":"7dtd","world_id":"td-0d917a4eff776d999148769266591579674d2c42de6557026893a1902834f11f"},"position":{"x":-45.30000001192093,"y":71,"z":75.77925174075625,"space":"minecraft"},"rotation":{"pitch":0,"roll":0,"yaw":109.17742919921875},"sequence":136,"source":"7dtd","stream_id":"87f4fae0-b0b2-408f-bcab-c03d8733070c","type":"entity_state","version":2,"world_id":"td-0d917a4eff776d999148769266591579674d2c42de6557026893a1902834f11f"}
[19:38:26] [Render thread/INFO]: 7DTD proxy updated: id=1d96b662-c615-4729-a431-d3c5806bac72 sequence=136 x=-45.30000001192093 y=71.0 z=75.77925174075625 yaw=109.17742919921875 pitch=0.0 roll=0.0
[19:38:26] [MC7DTD-websocket/INFO]: 7DTD entity received: {"authority":"7dtd","dimension":"7dtd:main","entity_id":"1d96b662-c615-4729-a431-d3c5806bac72","entity_type":"7dtd:player","lifecycle":{"event":"update"},"metadata":{},"origin":{"dimension":"7dtd:main","entity_id":"1d96b662-c615-4729-a431-d3c5806bac72","game":"7dtd","world_id":"td-0d917a4eff776d999148769266591579674d2c42de6557026893a1902834f11f"},"position":{"x":-45.30000001192093,"y":71,"z":75.77925174075625,"space":"minecraft"},"rotation":{"pitch":0,"roll":0,"yaw":109.17742919921875},"sequence":137,"source":"7dtd","stream_id":"87f4fae0-b0b2-408f-bcab-c03d8733070c","type":"entity_state","version":2,"world_id":"td-0d917a4eff776d999148769266591579674d2c42de6557026893a1902834f11f"}
[19:38:26] [Render thread/INFO]: 7DTD proxy updated: id=1d96b662-c615-4729-a431-d3c5806bac72 sequence=137 x=-45.30000001192093 y=71.0 z=75.77925174075625 yaw=109.17742919921875 pitch=0.0 roll=0.0
[19:38:27] [MC7DTD-websocket/INFO]: 7DTD entity received: {"authority":"7dtd","dimension":"7dtd:main","entity_id":"1d96b662-c615-4729-a431-d3c5806bac72","entity_type":"7dtd:player","lifecycle":{"event":"update"},"metadata":{},"origin":{"dimension":"7dtd:main","entity_id":"1d96b662-c615-4729-a431-d3c5806bac72","game":"7dtd","world_id":"td-0d917a4eff776d999148769266591579674d2c42de6557026893a1902834f11f"},"position":{"x":-45.30000001192093,"y":71,"z":75.77925174075625,"space":"minecraft"},"rotation":{"pitch":0,"roll":0,"yaw":109.17742919921875},"sequence":138,"source":"7dtd","stream_id":"87f4fae0-b0b2-408f-bcab-c03d8733070c","type":"entity_state","version":2,"world_id":"td-0d917a4eff776d999148769266591579674d2c42de6557026893a1902834f11f"}
[19:38:27] [Render thread/INFO]: 7DTD proxy updated: id=1d96b662-c615-4729-a431-d3c5806bac72 sequence=138 x=-45.30000001192093 y=71.0 z=75.77925174075625 yaw=109.17742919921875 pitch=0.0 roll=0.0
[19:38:27] [MC7DTD-websocket/INFO]: 7DTD entity received: {"authority":"7dtd","dimension":"7dtd:main","entity_id":"1d96b662-c615-4729-a431-d3c5806bac72","entity_type":"7dtd:player","lifecycle":{"event":"update"},"metadata":{},"origin":{"dimension":"7dtd:main","entity_id":"1d96b662-c615-4729-a431-d3c5806bac72","game":"7dtd","world_id":"td-0d917a4eff776d999148769266591579674d2c42de6557026893a1902834f11f"},"position":{"x":-45.30000001192093,"y":71,"z":75.77925174075625,"space":"minecraft"},"rotation":{"pitch":0,"roll":0,"yaw":109.17742919921875},"sequence":139,"source":"7dtd","stream_id":"87f4fae0-b0b2-408f-bcab-c03d8733070c","type":"entity_state","version":2,"world_id":"td-0d917a4eff776d999148769266591579674d2c42de6557026893a1902834f11f"}
[19:38:27] [Render thread/INFO]: 7DTD proxy updated: id=1d96b662-c615-4729-a431-d3c5806bac72 sequence=139 x=-45.30000001192093 y=71.0 z=75.77925174075625 yaw=109.17742919921875 pitch=0.0 roll=0.0
[19:38:28] [MC7DTD-websocket/INFO]: 7DTD entity received: {"authority":"7dtd","dimension":"7dtd:main","entity_id":"1d96b662-c615-4729-a431-d3c5806bac72","entity_type":"7dtd:player","lifecycle":{"event":"update"},"metadata":{},"origin":{"dimension":"7dtd:main","entity_id":"1d96b662-c615-4729-a431-d3c5806bac72","game":"7dtd","world_id":"td-0d917a4eff776d999148769266591579674d2c42de6557026893a1902834f11f"},"position":{"x":-45.30000001192093,"y":71,"z":75.77925174075625,"space":"minecraft"},"rotation":{"pitch":0,"roll":0,"yaw":109.17742919921875},"sequence":140,"source":"7dtd","stream_id":"87f4fae0-b0b2-408f-bcab-c03d8733070c","type":"entity_state","version":2,"world_id":"td-0d917a4eff776d999148769266591579674d2c42de6557026893a1902834f11f"}
[19:38:28] [Render thread/INFO]: 7DTD proxy updated: id=1d96b662-c615-4729-a431-d3c5806bac72 sequence=140 x=-45.30000001192093 y=71.0 z=75.77925174075625 yaw=109.17742919921875 pitch=0.0 roll=0.0
[19:38:28] [MC7DTD-websocket/INFO]: 7DTD entity received: {"authority":"7dtd","dimension":"7dtd:main","entity_id":"1d96b662-c615-4729-a431-d3c5806bac72","entity_type":"7dtd:player","lifecycle":{"event":"update"},"metadata":{},"origin":{"dimension":"7dtd:main","entity_id":"1d96b662-c615-4729-a431-d3c5806bac72","game":"7dtd","world_id":"td-0d917a4eff776d999148769266591579674d2c42de6557026893a1902834f11f"},"position":{"x":-45.30000001192093,"y":71,"z":75.77925174075625,"space":"minecraft"},"rotation":{"pitch":0,"roll":0,"yaw":109.17742919921875},"sequence":141,"source":"7dtd","stream_id":"87f4fae0-b0b2-408f-bcab-c03d8733070c","type":"entity_state","version":2,"world_id":"td-0d917a4eff776d999148769266591579674d2c42de6557026893a1902834f11f"}
[19:38:28] [Render thread/INFO]: 7DTD proxy updated: id=1d96b662-c615-4729-a431-d3c5806bac72 sequence=141 x=-45.30000001192093 y=71.0 z=75.77925174075625 yaw=109.17742919921875 pitch=0.0 roll=0.0
[19:38:29] [MC7DTD-websocket/INFO]: 7DTD entity received: {"authority":"7dtd","dimension":"7dtd:main","entity_id":"1d96b662-c615-4729-a431-d3c5806bac72","entity_type":"7dtd:player","lifecycle":{"event":"update"},"metadata":{},"origin":{"dimension":"7dtd:main","entity_id":"1d96b662-c615-4729-a431-d3c5806bac72","game":"7dtd","world_id":"td-0d917a4eff776d999148769266591579674d2c42de6557026893a1902834f11f"},"position":{"x":-45.30000001192093,"y":71,"z":75.77925174075625,"space":"minecraft"},"rotation":{"pitch":0,"roll":0,"yaw":109.17742919921875},"sequence":142,"source":"7dtd","stream_id":"87f4fae0-b0b2-408f-bcab-c03d8733070c","type":"entity_state","version":2,"world_id":"td-0d917a4eff776d999148769266591579674d2c42de6557026893a1902834f11f"}
[19:38:29] [Render thread/INFO]: 7DTD proxy updated: id=1d96b662-c615-4729-a431-d3c5806bac72 sequence=142 x=-45.30000001192093 y=71.0 z=75.77925174075625 yaw=109.17742919921875 pitch=0.0 roll=0.0
[19:38:29] [MC7DTD-websocket/INFO]: 7DTD entity received: {"authority":"7dtd","dimension":"7dtd:main","entity_id":"1d96b662-c615-4729-a431-d3c5806bac72","entity_type":"7dtd:player","lifecycle":{"event":"update"},"metadata":{},"origin":{"dimension":"7dtd:main","entity_id":"1d96b662-c615-4729-a431-d3c5806bac72","game":"7dtd","world_id":"td-0d917a4eff776d999148769266591579674d2c42de6557026893a1902834f11f"},"position":{"x":-45.30000001192093,"y":71,"z":75.77925174075625,"space":"minecraft"},"rotation":{"pitch":0,"roll":0,"yaw":109.17742919921875},"sequence":143,"source":"7dtd","stream_id":"87f4fae0-b0b2-408f-bcab-c03d8733070c","type":"entity_state","version":2,"world_id":"td-0d917a4eff776d999148769266591579674d2c42de6557026893a1902834f11f"}
[19:38:29] [Render thread/INFO]: 7DTD proxy updated: id=1d96b662-c615-4729-a431-d3c5806bac72 sequence=143 x=-45.30000001192093 y=71.0 z=75.77925174075625 yaw=109.17742919921875 pitch=0.0 roll=0.0
[19:38:30] [MC7DTD-websocket/INFO]: 7DTD entity received: {"authority":"7dtd","dimension":"7dtd:main","entity_id":"1d96b662-c615-4729-a431-d3c5806bac72","entity_type":"7dtd:player","lifecycle":{"event":"update"},"metadata":{},"origin":{"dimension":"7dtd:main","entity_id":"1d96b662-c615-4729-a431-d3c5806bac72","game":"7dtd","world_id":"td-0d917a4eff776d999148769266591579674d2c42de6557026893a1902834f11f"},"position":{"x":-45.30000001192093,"y":71,"z":75.77925174075625,"space":"minecraft"},"rotation":{"pitch":0,"roll":0,"yaw":109.17742919921875},"sequence":144,"source":"7dtd","stream_id":"87f4fae0-b0b2-408f-bcab-c03d8733070c","type":"entity_state","version":2,"world_id":"td-0d917a4eff776d999148769266591579674d2c42de6557026893a1902834f11f"}
[19:38:30] [Render thread/INFO]: 7DTD proxy updated: id=1d96b662-c615-4729-a431-d3c5806bac72 sequence=144 x=-45.30000001192093 y=71.0 z=75.77925174075625 yaw=109.17742919921875 pitch=0.0 roll=0.0
[19:38:30] [MC7DTD-websocket/INFO]: 7DTD entity received: {"authority":"7dtd","dimension":"7dtd:main","entity_id":"1d96b662-c615-4729-a431-d3c5806bac72","entity_type":"7dtd:player","lifecycle":{"event":"update"},"metadata":{},"origin":{"dimension":"7dtd:main","entity_id":"1d96b662-c615-4729-a431-d3c5806bac72","game":"7dtd","world_id":"td-0d917a4eff776d999148769266591579674d2c42de6557026893a1902834f11f"},"position":{"x":-45.30000001192093,"y":71,"z":75.77925174075625,"space":"minecraft"},"rotation":{"pitch":0,"roll":0,"yaw":109.17742919921875},"sequence":145,"source":"7dtd","stream_id":"87f4fae0-b0b2-408f-bcab-c03d8733070c","type":"entity_state","version":2,"world_id":"td-0d917a4eff776d999148769266591579674d2c42de6557026893a1902834f11f"}
[19:38:30] [Render thread/INFO]: 7DTD proxy updated: id=1d96b662-c615-4729-a431-d3c5806bac72 sequence=145 x=-45.30000001192093 y=71.0 z=75.77925174075625 yaw=109.17742919921875 pitch=0.0 roll=0.0
[19:38:31] [MC7DTD-websocket/INFO]: 7DTD entity received: {"authority":"7dtd","dimension":"7dtd:main","entity_id":"1d96b662-c615-4729-a431-d3c5806bac72","entity_type":"7dtd:player","lifecycle":{"event":"update"},"metadata":{},"origin":{"dimension":"7dtd:main","entity_id":"1d96b662-c615-4729-a431-d3c5806bac72","game":"7dtd","world_id":"td-0d917a4eff776d999148769266591579674d2c42de6557026893a1902834f11f"},"position":{"x":-45.30000001192093,"y":71,"z":75.77925174075625,"space":"minecraft"},"rotation":{"pitch":0,"roll":0,"yaw":109.17742919921875},"sequence":146,"source":"7dtd","stream_id":"87f4fae0-b0b2-408f-bcab-c03d8733070c","type":"entity_state","version":2,"world_id":"td-0d917a4eff776d999148769266591579674d2c42de6557026893a1902834f11f"}
[19:38:31] [Render thread/INFO]: 7DTD proxy updated: id=1d96b662-c615-4729-a431-d3c5806bac72 sequence=146 x=-45.30000001192093 y=71.0 z=75.77925174075625 yaw=109.17742919921875 pitch=0.0 roll=0.0
[19:38:31] [MC7DTD-websocket/INFO]: 7DTD entity received: {"authority":"7dtd","dimension":"7dtd:main","entity_id":"1d96b662-c615-4729-a431-d3c5806bac72","entity_type":"7dtd:player","lifecycle":{"event":"update"},"metadata":{},"origin":{"dimension":"7dtd:main","entity_id":"1d96b662-c615-4729-a431-d3c5806bac72","game":"7dtd","world_id":"td-0d917a4eff776d999148769266591579674d2c42de6557026893a1902834f11f"},"position":{"x":-45.30000001192093,"y":71,"z":75.77925174075625,"space":"minecraft"},"rotation":{"pitch":0,"roll":0,"yaw":109.17742919921875},"sequence":147,"source":"7dtd","stream_id":"87f4fae0-b0b2-408f-bcab-c03d8733070c","type":"entity_state","version":2,"world_id":"td-0d917a4eff776d999148769266591579674d2c42de6557026893a1902834f11f"}
[19:38:31] [Render thread/INFO]: 7DTD proxy updated: id=1d96b662-c615-4729-a431-d3c5806bac72 sequence=147 x=-45.30000001192093 y=71.0 z=75.77925174075625 yaw=109.17742919921875 pitch=0.0 roll=0.0
[19:38:32] [MC7DTD-websocket/INFO]: 7DTD entity received: {"authority":"7dtd","dimension":"7dtd:main","entity_id":"1d96b662-c615-4729-a431-d3c5806bac72","entity_type":"7dtd:player","lifecycle":{"event":"update"},"metadata":{},"origin":{"dimension":"7dtd:main","entity_id":"1d96b662-c615-4729-a431-d3c5806bac72","game":"7dtd","world_id":"td-0d917a4eff776d999148769266591579674d2c42de6557026893a1902834f11f"},"position":{"x":-45.30000001192093,"y":71,"z":75.77925174075625,"space":"minecraft"},"rotation":{"pitch":0,"roll":0,"yaw":109.17742919921875},"sequence":148,"source":"7dtd","stream_id":"87f4fae0-b0b2-408f-bcab-c03d8733070c","type":"entity_state","version":2,"world_id":"td-0d917a4eff776d999148769266591579674d2c42de6557026893a1902834f11f"}
[19:38:32] [Render thread/INFO]: 7DTD proxy updated: id=1d96b662-c615-4729-a431-d3c5806bac72 sequence=148 x=-45.30000001192093 y=71.0 z=75.77925174075625 yaw=109.17742919921875 pitch=0.0 roll=0.0
[19:38:32] [MC7DTD-websocket/INFO]: 7DTD entity received: {"authority":"7dtd","dimension":"7dtd:main","entity_id":"1d96b662-c615-4729-a431-d3c5806bac72","entity_type":"7dtd:player","lifecycle":{"event":"update"},"metadata":{},"origin":{"dimension":"7dtd:main","entity_id":"1d96b662-c615-4729-a431-d3c5806bac72","game":"7dtd","world_id":"td-0d917a4eff776d999148769266591579674d2c42de6557026893a1902834f11f"},"position":{"x":-45.30000001192093,"y":71,"z":75.77925174075625,"space":"minecraft"},"rotation":{"pitch":0,"roll":0,"yaw":109.17742919921875},"sequence":149,"source":"7dtd","stream_id":"87f4fae0-b0b2-408f-bcab-c03d8733070c","type":"entity_state","version":2,"world_id":"td-0d917a4eff776d999148769266591579674d2c42de6557026893a1902834f11f"}
[19:38:32] [Render thread/INFO]: 7DTD proxy updated: id=1d96b662-c615-4729-a431-d3c5806bac72 sequence=149 x=-45.30000001192093 y=71.0 z=75.77925174075625 yaw=109.17742919921875 pitch=0.0 roll=0.0
[19:38:33] [MC7DTD-websocket/INFO]: 7DTD entity received: {"authority":"7dtd","dimension":"7dtd:main","entity_id":"1d96b662-c615-4729-a431-d3c5806bac72","entity_type":"7dtd:player","lifecycle":{"event":"update"},"metadata":{},"origin":{"dimension":"7dtd:main","entity_id":"1d96b662-c615-4729-a431-d3c5806bac72","game":"7dtd","world_id":"td-0d917a4eff776d999148769266591579674d2c42de6557026893a1902834f11f"},"position":{"x":-45.30000001192093,"y":71,"z":75.77925174075625,"space":"minecraft"},"rotation":{"pitch":0,"roll":0,"yaw":109.17742919921875},"sequence":150,"source":"7dtd","stream_id":"87f4fae0-b0b2-408f-bcab-c03d8733070c","type":"entity_state","version":2,"world_id":"td-0d917a4eff776d999148769266591579674d2c42de6557026893a1902834f11f"}
[19:38:33] [Render thread/INFO]: 7DTD proxy updated: id=1d96b662-c615-4729-a431-d3c5806bac72 sequence=150 x=-45.30000001192093 y=71.0 z=75.77925174075625 yaw=109.17742919921875 pitch=0.0 roll=0.0
[19:38:33] [MC7DTD-websocket/INFO]: 7DTD entity received: {"authority":"7dtd","dimension":"7dtd:main","entity_id":"1d96b662-c615-4729-a431-d3c5806bac72","entity_type":"7dtd:player","lifecycle":{"event":"update"},"metadata":{},"origin":{"dimension":"7dtd:main","entity_id":"1d96b662-c615-4729-a431-d3c5806bac72","game":"7dtd","world_id":"td-0d917a4eff776d999148769266591579674d2c42de6557026893a1902834f11f"},"position":{"x":-45.30000001192093,"y":71,"z":75.77925174075625,"space":"minecraft"},"rotation":{"pitch":0,"roll":0,"yaw":109.17742919921875},"sequence":151,"source":"7dtd","stream_id":"87f4fae0-b0b2-408f-bcab-c03d8733070c","type":"entity_state","version":2,"world_id":"td-0d917a4eff776d999148769266591579674d2c42de6557026893a1902834f11f"}
[19:38:33] [Render thread/INFO]: 7DTD proxy updated: id=1d96b662-c615-4729-a431-d3c5806bac72 sequence=151 x=-45.30000001192093 y=71.0 z=75.77925174075625 yaw=109.17742919921875 pitch=0.0 roll=0.0
[19:38:34] [MC7DTD-websocket/INFO]: 7DTD entity received: {"authority":"7dtd","dimension":"7dtd:main","entity_id":"1d96b662-c615-4729-a431-d3c5806bac72","entity_type":"7dtd:player","lifecycle":{"event":"update"},"metadata":{},"origin":{"dimension":"7dtd:main","entity_id":"1d96b662-c615-4729-a431-d3c5806bac72","game":"7dtd","world_id":"td-0d917a4eff776d999148769266591579674d2c42de6557026893a1902834f11f"},"position":{"x":-45.30000001192093,"y":71,"z":75.77925174075625,"space":"minecraft"},"rotation":{"pitch":0,"roll":0,"yaw":109.17742919921875},"sequence":152,"source":"7dtd","stream_id":"87f4fae0-b0b2-408f-bcab-c03d8733070c","type":"entity_state","version":2,"world_id":"td-0d917a4eff776d999148769266591579674d2c42de6557026893a1902834f11f"}
[19:38:34] [Render thread/INFO]: 7DTD proxy updated: id=1d96b662-c615-4729-a431-d3c5806bac72 sequence=152 x=-45.30000001192093 y=71.0 z=75.77925174075625 yaw=109.17742919921875 pitch=0.0 roll=0.0
[19:38:34] [MC7DTD-websocket/INFO]: 7DTD entity received: {"authority":"7dtd","dimension":"7dtd:main","entity_id":"1d96b662-c615-4729-a431-d3c5806bac72","entity_type":"7dtd:player","lifecycle":{"event":"update"},"metadata":{},"origin":{"dimension":"7dtd:main","entity_id":"1d96b662-c615-4729-a431-d3c5806bac72","game":"7dtd","world_id":"td-0d917a4eff776d999148769266591579674d2c42de6557026893a1902834f11f"},"position":{"x":-45.30000001192093,"y":71,"z":75.77925174075625,"space":"minecraft"},"rotation":{"pitch":0,"roll":0,"yaw":109.17742919921875},"sequence":153,"source":"7dtd","stream_id":"87f4fae0-b0b2-408f-bcab-c03d8733070c","type":"entity_state","version":2,"world_id":"td-0d917a4eff776d999148769266591579674d2c42de6557026893a1902834f11f"}
[19:38:34] [Render thread/INFO]: 7DTD proxy updated: id=1d96b662-c615-4729-a431-d3c5806bac72 sequence=153 x=-45.30000001192093 y=71.0 z=75.77925174075625 yaw=109.17742919921875 pitch=0.0 roll=0.0
[19:38:35] [MC7DTD-websocket/INFO]: 7DTD entity received: {"authority":"7dtd","dimension":"7dtd:main","entity_id":"1d96b662-c615-4729-a431-d3c5806bac72","entity_type":"7dtd:player","lifecycle":{"event":"update"},"metadata":{},"origin":{"dimension":"7dtd:main","entity_id":"1d96b662-c615-4729-a431-d3c5806bac72","game":"7dtd","world_id":"td-0d917a4eff776d999148769266591579674d2c42de6557026893a1902834f11f"},"position":{"x":-45.30000001192093,"y":71,"z":75.77925174075625,"space":"minecraft"},"rotation":{"pitch":0,"roll":0,"yaw":109.17742919921875},"sequence":154,"source":"7dtd","stream_id":"87f4fae0-b0b2-408f-bcab-c03d8733070c","type":"entity_state","version":2,"world_id":"td-0d917a4eff776d999148769266591579674d2c42de6557026893a1902834f11f"}
[19:38:35] [Render thread/INFO]: 7DTD proxy updated: id=1d96b662-c615-4729-a431-d3c5806bac72 sequence=154 x=-45.30000001192093 y=71.0 z=75.77925174075625 yaw=109.17742919921875 pitch=0.0 roll=0.0
[19:38:35] [MC7DTD-websocket/INFO]: 7DTD entity received: {"authority":"7dtd","dimension":"7dtd:main","entity_id":"1d96b662-c615-4729-a431-d3c5806bac72","entity_type":"7dtd:player","lifecycle":{"event":"update"},"metadata":{},"origin":{"dimension":"7dtd:main","entity_id":"1d96b662-c615-4729-a431-d3c5806bac72","game":"7dtd","world_id":"td-0d917a4eff776d999148769266591579674d2c42de6557026893a1902834f11f"},"position":{"x":-45.30000001192093,"y":71,"z":75.77925174075625,"space":"minecraft"},"rotation":{"pitch":0,"roll":0,"yaw":109.17742919921875},"sequence":155,"source":"7dtd","stream_id":"87f4fae0-b0b2-408f-bcab-c03d8733070c","type":"entity_state","version":2,"world_id":"td-0d917a4eff776d999148769266591579674d2c42de6557026893a1902834f11f"}
[19:38:35] [Render thread/INFO]: 7DTD proxy updated: id=1d96b662-c615-4729-a431-d3c5806bac72 sequence=155 x=-45.30000001192093 y=71.0 z=75.77925174075625 yaw=109.17742919921875 pitch=0.0 roll=0.0
[19:38:36] [MC7DTD-websocket/INFO]: 7DTD entity received: {"authority":"7dtd","dimension":"7dtd:main","entity_id":"1d96b662-c615-4729-a431-d3c5806bac72","entity_type":"7dtd:player","lifecycle":{"event":"update"},"metadata":{},"origin":{"dimension":"7dtd:main","entity_id":"1d96b662-c615-4729-a431-d3c5806bac72","game":"7dtd","world_id":"td-0d917a4eff776d999148769266591579674d2c42de6557026893a1902834f11f"},"position":{"x":-45.30000001192093,"y":71,"z":75.77925174075625,"space":"minecraft"},"rotation":{"pitch":0,"roll":0,"yaw":109.17742919921875},"sequence":156,"source":"7dtd","stream_id":"87f4fae0-b0b2-408f-bcab-c03d8733070c","type":"entity_state","version":2,"world_id":"td-0d917a4eff776d999148769266591579674d2c42de6557026893a1902834f11f"}
[19:38:36] [Render thread/INFO]: 7DTD proxy updated: id=1d96b662-c615-4729-a431-d3c5806bac72 sequence=156 x=-45.30000001192093 y=71.0 z=75.77925174075625 yaw=109.17742919921875 pitch=0.0 roll=0.0
[19:38:36] [MC7DTD-websocket/INFO]: 7DTD entity received: {"authority":"7dtd","dimension":"7dtd:main","entity_id":"1d96b662-c615-4729-a431-d3c5806bac72","entity_type":"7dtd:player","lifecycle":{"event":"update"},"metadata":{},"origin":{"dimension":"7dtd:main","entity_id":"1d96b662-c615-4729-a431-d3c5806bac72","game":"7dtd","world_id":"td-0d917a4eff776d999148769266591579674d2c42de6557026893a1902834f11f"},"position":{"x":-45.30000001192093,"y":71,"z":75.77925174075625,"space":"minecraft"},"rotation":{"pitch":0,"roll":0,"yaw":109.17742919921875},"sequence":157,"source":"7dtd","stream_id":"87f4fae0-b0b2-408f-bcab-c03d8733070c","type":"entity_state","version":2,"world_id":"td-0d917a4eff776d999148769266591579674d2c42de6557026893a1902834f11f"}
[19:38:36] [Render thread/INFO]: 7DTD proxy updated: id=1d96b662-c615-4729-a431-d3c5806bac72 sequence=157 x=-45.30000001192093 y=71.0 z=75.77925174075625 yaw=109.17742919921875 pitch=0.0 roll=0.0
[19:38:37] [MC7DTD-websocket/INFO]: 7DTD entity received: {"authority":"7dtd","dimension":"7dtd:main","entity_id":"1d96b662-c615-4729-a431-d3c5806bac72","entity_type":"7dtd:player","lifecycle":{"event":"update"},"metadata":{},"origin":{"dimension":"7dtd:main","entity_id":"1d96b662-c615-4729-a431-d3c5806bac72","game":"7dtd","world_id":"td-0d917a4eff776d999148769266591579674d2c42de6557026893a1902834f11f"},"position":{"x":-45.30000001192093,"y":71,"z":75.77925174075625,"space":"minecraft"},"rotation":{"pitch":0,"roll":0,"yaw":109.17742919921875},"sequence":158,"source":"7dtd","stream_id":"87f4fae0-b0b2-408f-bcab-c03d8733070c","type":"entity_state","version":2,"world_id":"td-0d917a4eff776d999148769266591579674d2c42de6557026893a1902834f11f"}
[19:38:37] [Render thread/INFO]: 7DTD proxy updated: id=1d96b662-c615-4729-a431-d3c5806bac72 sequence=158 x=-45.30000001192093 y=71.0 z=75.77925174075625 yaw=109.17742919921875 pitch=0.0 roll=0.0
[19:38:37] [MC7DTD-websocket/INFO]: 7DTD entity received: {"authority":"7dtd","dimension":"7dtd:main","entity_id":"1d96b662-c615-4729-a431-d3c5806bac72","entity_type":"7dtd:player","lifecycle":{"event":"update"},"metadata":{},"origin":{"dimension":"7dtd:main","entity_id":"1d96b662-c615-4729-a431-d3c5806bac72","game":"7dtd","world_id":"td-0d917a4eff776d999148769266591579674d2c42de6557026893a1902834f11f"},"position":{"x":-45.30000001192093,"y":71,"z":75.77925174075625,"space":"minecraft"},"rotation":{"pitch":-0.625,"roll":0,"yaw":109.92742919921875},"sequence":159,"source":"7dtd","stream_id":"87f4fae0-b0b2-408f-bcab-c03d8733070c","type":"entity_state","version":2,"world_id":"td-0d917a4eff776d999148769266591579674d2c42de6557026893a1902834f11f"}
[19:38:37] [Render thread/INFO]: 7DTD proxy updated: id=1d96b662-c615-4729-a431-d3c5806bac72 sequence=159 x=-45.30000001192093 y=71.0 z=75.77925174075625 yaw=109.92742919921875 pitch=-0.625 roll=0.0
[19:38:38] [MC7DTD-websocket/INFO]: 7DTD entity received: {"authority":"7dtd","dimension":"7dtd:main","entity_id":"1d96b662-c615-4729-a431-d3c5806bac72","entity_type":"7dtd:player","lifecycle":{"event":"update"},"metadata":{},"origin":{"dimension":"7dtd:main","entity_id":"1d96b662-c615-4729-a431-d3c5806bac72","game":"7dtd","world_id":"td-0d917a4eff776d999148769266591579674d2c42de6557026893a1902834f11f"},"position":{"x":-45.30000001192093,"y":71,"z":75.77925174075625,"space":"minecraft"},"rotation":{"pitch":-0.625,"roll":0,"yaw":109.92742919921875},"sequence":160,"source":"7dtd","stream_id":"87f4fae0-b0b2-408f-bcab-c03d8733070c","type":"entity_state","version":2,"world_id":"td-0d917a4eff776d999148769266591579674d2c42de6557026893a1902834f11f"}
[19:38:38] [Render thread/INFO]: 7DTD proxy updated: id=1d96b662-c615-4729-a431-d3c5806bac72 sequence=160 x=-45.30000001192093 y=71.0 z=75.77925174075625 yaw=109.92742919921875 pitch=-0.625 roll=0.0
[19:38:38] [MC7DTD-websocket/INFO]: 7DTD entity received: {"authority":"7dtd","dimension":"7dtd:main","entity_id":"1d96b662-c615-4729-a431-d3c5806bac72","entity_type":"7dtd:player","lifecycle":{"event":"update"},"metadata":{},"origin":{"dimension":"7dtd:main","entity_id":"1d96b662-c615-4729-a431-d3c5806bac72","game":"7dtd","world_id":"td-0d917a4eff776d999148769266591579674d2c42de6557026893a1902834f11f"},"position":{"x":-45.30000001192093,"y":71,"z":75.77925174075625,"space":"minecraft"},"rotation":{"pitch":-0.625,"roll":0,"yaw":109.92742919921875},"sequence":161,"source":"7dtd","stream_id":"87f4fae0-b0b2-408f-bcab-c03d8733070c","type":"entity_state","version":2,"world_id":"td-0d917a4eff776d999148769266591579674d2c42de6557026893a1902834f11f"}
[19:38:38] [Render thread/INFO]: 7DTD proxy updated: id=1d96b662-c615-4729-a431-d3c5806bac72 sequence=161 x=-45.30000001192093 y=71.0 z=75.77925174075625 yaw=109.92742919921875 pitch=-0.625 roll=0.0
[19:38:39] [MC7DTD-websocket/INFO]: 7DTD entity received: {"authority":"7dtd","dimension":"7dtd:main","entity_id":"1d96b662-c615-4729-a431-d3c5806bac72","entity_type":"7dtd:player","lifecycle":{"event":"update"},"metadata":{},"origin":{"dimension":"7dtd:main","entity_id":"1d96b662-c615-4729-a431-d3c5806bac72","game":"7dtd","world_id":"td-0d917a4eff776d999148769266591579674d2c42de6557026893a1902834f11f"},"position":{"x":-45.30000001192093,"y":71,"z":75.77925174075625,"space":"minecraft"},"rotation":{"pitch":-0.625,"roll":0,"yaw":109.92742919921875},"sequence":162,"source":"7dtd","stream_id":"87f4fae0-b0b2-408f-bcab-c03d8733070c","type":"entity_state","version":2,"world_id":"td-0d917a4eff776d999148769266591579674d2c42de6557026893a1902834f11f"}
[19:38:39] [Render thread/INFO]: 7DTD proxy updated: id=1d96b662-c615-4729-a431-d3c5806bac72 sequence=162 x=-45.30000001192093 y=71.0 z=75.77925174075625 yaw=109.92742919921875 pitch=-0.625 roll=0.0
[19:38:39] [MC7DTD-websocket/INFO]: 7DTD entity received: {"authority":"7dtd","dimension":"7dtd:main","entity_id":"1d96b662-c615-4729-a431-d3c5806bac72","entity_type":"7dtd:player","lifecycle":{"event":"update"},"metadata":{},"origin":{"dimension":"7dtd:main","entity_id":"1d96b662-c615-4729-a431-d3c5806bac72","game":"7dtd","world_id":"td-0d917a4eff776d999148769266591579674d2c42de6557026893a1902834f11f"},"position":{"x":-45.30000001192093,"y":71,"z":75.77925174075625,"space":"minecraft"},"rotation":{"pitch":-0.8125,"roll":0,"yaw":110.17741394042969},"sequence":163,"source":"7dtd","stream_id":"87f4fae0-b0b2-408f-bcab-c03d8733070c","type":"entity_state","version":2,"world_id":"td-0d917a4eff776d999148769266591579674d2c42de6557026893a1902834f11f"}
[19:38:39] [Render thread/INFO]: 7DTD proxy updated: id=1d96b662-c615-4729-a431-d3c5806bac72 sequence=163 x=-45.30000001192093 y=71.0 z=75.77925174075625 yaw=110.17741394042969 pitch=-0.8125 roll=0.0
[19:38:40] [MC7DTD-websocket/INFO]: 7DTD entity received: {"authority":"7dtd","dimension":"7dtd:main","entity_id":"1d96b662-c615-4729-a431-d3c5806bac72","entity_type":"7dtd:player","lifecycle":{"event":"update"},"metadata":{},"origin":{"dimension":"7dtd:main","entity_id":"1d96b662-c615-4729-a431-d3c5806bac72","game":"7dtd","world_id":"td-0d917a4eff776d999148769266591579674d2c42de6557026893a1902834f11f"},"position":{"x":-45.30000001192093,"y":71,"z":75.77925174075625,"space":"minecraft"},"rotation":{"pitch":-2,"roll":0,"yaw":112.05242919921875},"sequence":164,"source":"7dtd","stream_id":"87f4fae0-b0b2-408f-bcab-c03d8733070c","type":"entity_state","version":2,"world_id":"td-0d917a4eff776d999148769266591579674d2c42de6557026893a1902834f11f"}
[19:38:40] [Render thread/INFO]: 7DTD proxy updated: id=1d96b662-c615-4729-a431-d3c5806bac72 sequence=164 x=-45.30000001192093 y=71.0 z=75.77925174075625 yaw=112.05242919921875 pitch=-2.0 roll=0.0
[19:38:40] [MC7DTD-websocket/INFO]: 7DTD entity received: {"authority":"7dtd","dimension":"7dtd:main","entity_id":"1d96b662-c615-4729-a431-d3c5806bac72","entity_type":"7dtd:player","lifecycle":{"event":"update"},"metadata":{},"origin":{"dimension":"7dtd:main","entity_id":"1d96b662-c615-4729-a431-d3c5806bac72","game":"7dtd","world_id":"td-0d917a4eff776d999148769266591579674d2c42de6557026893a1902834f11f"},"position":{"x":-45.30000001192093,"y":71,"z":75.77925174075625,"space":"minecraft"},"rotation":{"pitch":-1.75,"roll":0,"yaw":121.55242919921875},"sequence":165,"source":"7dtd","stream_id":"87f4fae0-b0b2-408f-bcab-c03d8733070c","type":"entity_state","version":2,"world_id":"td-0d917a4eff776d999148769266591579674d2c42de6557026893a1902834f11f"}
[19:38:40] [Render thread/INFO]: 7DTD proxy updated: id=1d96b662-c615-4729-a431-d3c5806bac72 sequence=165 x=-45.30000001192093 y=71.0 z=75.77925174075625 yaw=121.55242919921875 pitch=-1.75 roll=0.0
[19:38:41] [MC7DTD-websocket/INFO]: 7DTD entity received: {"authority":"7dtd","dimension":"7dtd:main","entity_id":"1d96b662-c615-4729-a431-d3c5806bac72","entity_type":"7dtd:player","lifecycle":{"event":"update"},"metadata":{},"origin":{"dimension":"7dtd:main","entity_id":"1d96b662-c615-4729-a431-d3c5806bac72","game":"7dtd","world_id":"td-0d917a4eff776d999148769266591579674d2c42de6557026893a1902834f11f"},"position":{"x":-44.74879151582718,"y":71,"z":76.12104861575625,"space":"minecraft"},"rotation":{"pitch":-1.25,"roll":0,"yaw":121.80242919921875},"sequence":166,"source":"7dtd","stream_id":"87f4fae0-b0b2-408f-bcab-c03d8733070c","type":"entity_state","version":2,"world_id":"td-0d917a4eff776d999148769266591579674d2c42de6557026893a1902834f11f"}
[19:38:41] [Render thread/INFO]: 7DTD proxy updated: id=1d96b662-c615-4729-a431-d3c5806bac72 sequence=166 x=-44.74879151582718 y=71.0 z=76.12104861575625 yaw=121.80242919921875 pitch=-1.25 roll=0.0
[19:38:41] [MC7DTD-websocket/INFO]: 7DTD entity received: {"authority":"7dtd","dimension":"7dtd:main","entity_id":"1d96b662-c615-4729-a431-d3c5806bac72","entity_type":"7dtd:player","lifecycle":{"event":"update"},"metadata":{},"origin":{"dimension":"7dtd:main","entity_id":"1d96b662-c615-4729-a431-d3c5806bac72","game":"7dtd","world_id":"td-0d917a4eff776d999148769266591579674d2c42de6557026893a1902834f11f"},"position":{"x":-44.184796154499054,"y":71.00000381469727,"z":76.33711306888125,"space":"minecraft"},"rotation":{"pitch":-1.25,"roll":0,"yaw":124.23989868164063},"sequence":167,"source":"7dtd","stream_id":"87f4fae0-b0b2-408f-bcab-c03d8733070c","type":"entity_state","version":2,"world_id":"td-0d917a4eff776d999148769266591579674d2c42de6557026893a1902834f11f"}
[19:38:41] [Render thread/INFO]: 7DTD proxy updated: id=1d96b662-c615-4729-a431-d3c5806bac72 sequence=167 x=-44.184796154499054 y=71.00000381469727 z=76.33711306888125 yaw=124.23989868164062 pitch=-1.25 roll=0.0
[19:38:42] [MC7DTD-websocket/INFO]: 7DTD entity received: {"authority":"7dtd","dimension":"7dtd:main","entity_id":"1d96b662-c615-4729-a431-d3c5806bac72","entity_type":"7dtd:player","lifecycle":{"event":"update"},"metadata":{},"origin":{"dimension":"7dtd:main","entity_id":"1d96b662-c615-4729-a431-d3c5806bac72","game":"7dtd","world_id":"td-0d917a4eff776d999148769266591579674d2c42de6557026893a1902834f11f"},"position":{"x":-43.961590588092804,"y":71,"z":75.29423587161563,"space":"minecraft"},"rotation":{"pitch":-1.25,"roll":0,"yaw":126.11492919921875},"sequence":168,"source":"7dtd","stream_id":"87f4fae0-b0b2-408f-bcab-c03d8733070c","type":"entity_state","version":2,"world_id":"td-0d917a4eff776d999148769266591579674d2c42de6557026893a1902834f11f"}
[19:38:42] [Render thread/INFO]: 7DTD proxy updated: id=1d96b662-c615-4729-a431-d3c5806bac72 sequence=168 x=-43.961590588092804 y=71.0 z=75.29423587161563 yaw=126.11492919921875 pitch=-1.25 roll=0.0
[19:38:42] [MC7DTD-websocket/INFO]: 7DTD entity received: {"authority":"7dtd","dimension":"7dtd:main","entity_id":"1d96b662-c615-4729-a431-d3c5806bac72","entity_type":"7dtd:player","lifecycle":{"event":"update"},"metadata":{},"origin":{"dimension":"7dtd:main","entity_id":"1d96b662-c615-4729-a431-d3c5806bac72","game":"7dtd","world_id":"td-0d917a4eff776d999148769266591579674d2c42de6557026893a1902834f11f"},"position":{"x":-44.696698009967804,"y":71,"z":75.65437381106875,"space":"minecraft"},"rotation":{"pitch":-0.875,"roll":0,"yaw":132.42742919921875},"sequence":169,"source":"7dtd","stream_id":"87f4fae0-b0b2-408f-bcab-c03d8733070c","type":"entity_state","version":2,"world_id":"td-0d917a4eff776d999148769266591579674d2c42de6557026893a1902834f11f"}
[19:38:42] [Render thread/INFO]: 7DTD proxy updated: id=1d96b662-c615-4729-a431-d3c5806bac72 sequence=169 x=-44.696698009967804 y=71.0 z=75.65437381106875 yaw=132.42742919921875 pitch=-0.875 roll=0.0
[19:38:43] [MC7DTD-websocket/INFO]: 7DTD entity received: {"authority":"7dtd","dimension":"7dtd:main","entity_id":"1d96b662-c615-4729-a431-d3c5806bac72","entity_type":"7dtd:player","lifecycle":{"event":"update"},"metadata":{},"origin":{"dimension":"7dtd:main","entity_id":"1d96b662-c615-4729-a431-d3c5806bac72","game":"7dtd","world_id":"td-0d917a4eff776d999148769266591579674d2c42de6557026893a1902834f11f"},"position":{"x":-45.48981934785843,"y":71.00000381469727,"z":75.51261966067813,"space":"minecraft"},"rotation":{"pitch":-0.875,"roll":0,"yaw":137.17742919921875},"sequence":170,"source":"7dtd","stream_id":"87f4fae0-b0b2-408f-bcab-c03d8733070c","type":"entity_state","version":2,"world_id":"td-0d917a4eff776d999148769266591579674d2c42de6557026893a1902834f11f"}
[19:38:43] [Render thread/INFO]: 7DTD proxy updated: id=1d96b662-c615-4729-a431-d3c5806bac72 sequence=170 x=-45.48981934785843 y=71.00000381469727 z=75.51261966067813 yaw=137.17742919921875 pitch=-0.875 roll=0.0
[19:38:43] [MC7DTD-websocket/INFO]: 7DTD entity received: {"authority":"7dtd","dimension":"7dtd:main","entity_id":"1d96b662-c615-4729-a431-d3c5806bac72","entity_type":"7dtd:player","lifecycle":{"event":"update"},"metadata":{},"origin":{"dimension":"7dtd:main","entity_id":"1d96b662-c615-4729-a431-d3c5806bac72","game":"7dtd","world_id":"td-0d917a4eff776d999148769266591579674d2c42de6557026893a1902834f11f"},"position":{"x":-45.50220948457718,"y":71,"z":75.50016848880313,"space":"minecraft"},"rotation":{"pitch":-0.375,"roll":0,"yaw":139.36491394042969},"sequence":171,"source":"7dtd","stream_id":"87f4fae0-b0b2-408f-bcab-c03d8733070c","type":"entity_state","version":2,"world_id":"td-0d917a4eff776d999148769266591579674d2c42de6557026893a1902834f11f"}
[19:38:43] [Render thread/INFO]: 7DTD proxy updated: id=1d96b662-c615-4729-a431-d3c5806bac72 sequence=171 x=-45.50220948457718 y=71.0 z=75.50016848880313 yaw=139.3649139404297 pitch=-0.375 roll=0.0
[19:38:44] [MC7DTD-websocket/INFO]: 7DTD entity received: {"authority":"7dtd","dimension":"7dtd:main","entity_id":"1d96b662-c615-4729-a431-d3c5806bac72","entity_type":"7dtd:player","lifecycle":{"event":"update"},"metadata":{},"origin":{"dimension":"7dtd:main","entity_id":"1d96b662-c615-4729-a431-d3c5806bac72","game":"7dtd","world_id":"td-0d917a4eff776d999148769266591579674d2c42de6557026893a1902834f11f"},"position":{"x":-46.099346935749054,"y":71,"z":74.90498416263125,"space":"minecraft"},"rotation":{"pitch":1.125,"roll":0,"yaw":145.36492919921875},"sequence":172,"source":"7dtd","stream_id":"87f4fae0-b0b2-408f-bcab-c03d8733070c","type":"entity_state","version":2,"world_id":"td-0d917a4eff776d999148769266591579674d2c42de6557026893a1902834f11f"}
[19:38:44] [Render thread/INFO]: 7DTD proxy updated: id=1d96b662-c615-4729-a431-d3c5806bac72 sequence=172 x=-46.099346935749054 y=71.0 z=74.90498416263125 yaw=145.36492919921875 pitch=1.125 roll=0.0
[19:38:44] [MC7DTD-websocket/INFO]: 7DTD entity received: {"authority":"7dtd","dimension":"7dtd:main","entity_id":"1d96b662-c615-4729-a431-d3c5806bac72","entity_type":"7dtd:player","lifecycle":{"event":"update"},"metadata":{},"origin":{"dimension":"7dtd:main","entity_id":"1d96b662-c615-4729-a431-d3c5806bac72","game":"7dtd","world_id":"td-0d917a4eff776d999148769266591579674d2c42de6557026893a1902834f11f"},"position":{"x":-46.03718262910843,"y":71.00000381469727,"z":74.848770783725,"space":"minecraft"},"rotation":{"pitch":1.25,"roll":0,"yaw":147.17741394042969},"sequence":173,"source":"7dtd","stream_id":"87f4fae0-b0b2-408f-bcab-c03d8733070c","type":"entity_state","version":2,"world_id":"td-0d917a4eff776d999148769266591579674d2c42de6557026893a1902834f11f"}
[19:38:44] [Render thread/INFO]: 7DTD proxy updated: id=1d96b662-c615-4729-a431-d3c5806bac72 sequence=173 x=-46.03718262910843 y=71.00000381469727 z=74.848770783725 yaw=147.1774139404297 pitch=1.25 roll=0.0
[19:38:45] [MC7DTD-websocket/INFO]: 7DTD entity received: {"authority":"7dtd","dimension":"7dtd:main","entity_id":"1d96b662-c615-4729-a431-d3c5806bac72","entity_type":"7dtd:player","lifecycle":{"event":"update"},"metadata":{},"origin":{"dimension":"7dtd:main","entity_id":"1d96b662-c615-4729-a431-d3c5806bac72","game":"7dtd","world_id":"td-0d917a4eff776d999148769266591579674d2c42de6557026893a1902834f11f"},"position":{"x":-45.92286378145218,"y":71,"z":74.77610843020938,"space":"minecraft"},"rotation":{"pitch":1.375,"roll":0,"yaw":147.05241394042969},"sequence":174,"source":"7dtd","stream_id":"87f4fae0-b0b2-408f-bcab-c03d8733070c","type":"entity_state","version":2,"world_id":"td-0d917a4eff776d999148769266591579674d2c42de6557026893a1902834f11f"}
[19:38:45] [Render thread/INFO]: 7DTD proxy updated: id=1d96b662-c615-4729-a431-d3c5806bac72 sequence=174 x=-45.92286378145218 y=71.0 z=74.77610843020938 yaw=147.0524139404297 pitch=1.375 roll=0.0
[19:38:45] [MC7DTD-websocket/INFO]: 7DTD entity received: {"authority":"7dtd","dimension":"7dtd:main","entity_id":"1d96b662-c615-4729-a431-d3c5806bac72","entity_type":"7dtd:player","lifecycle":{"event":"update"},"metadata":{},"origin":{"dimension":"7dtd:main","entity_id":"1d96b662-c615-4729-a431-d3c5806bac72","game":"7dtd","world_id":"td-0d917a4eff776d999148769266591579674d2c42de6557026893a1902834f11f"},"position":{"x":-46.51466065645218,"y":71.00000381469727,"z":75.15965335208438,"space":"minecraft"},"rotation":{"pitch":1.375,"roll":0,"yaw":147.05241394042969},"sequence":175,"source":"7dtd","stream_id":"87f4fae0-b0b2-408f-bcab-c03d8733070c","type":"entity_state","version":2,"world_id":"td-0d917a4eff776d999148769266591579674d2c42de6557026893a1902834f11f"}
[19:38:45] [Render thread/INFO]: 7DTD proxy updated: id=1d96b662-c615-4729-a431-d3c5806bac72 sequence=175 x=-46.51466065645218 y=71.00000381469727 z=75.15965335208438 yaw=147.0524139404297 pitch=1.375 roll=0.0
[19:38:46] [MC7DTD-websocket/INFO]: 7DTD entity received: {"authority":"7dtd","dimension":"7dtd:main","entity_id":"1d96b662-c615-4729-a431-d3c5806bac72","entity_type":"7dtd:player","lifecycle":{"event":"update"},"metadata":{},"origin":{"dimension":"7dtd:main","entity_id":"1d96b662-c615-4729-a431-d3c5806bac72","game":"7dtd","world_id":"td-0d917a4eff776d999148769266591579674d2c42de6557026893a1902834f11f"},"position":{"x":-45.78669434785843,"y":71.00000381469727,"z":75.49543826419375,"space":"minecraft"},"rotation":{"pitch":0.3125,"roll":0,"yaw":141.36491394042969},"sequence":176,"source":"7dtd","stream_id":"87f4fae0-b0b2-408f-bcab-c03d8733070c","type":"entity_state","version":2,"world_id":"td-0d917a4eff776d999148769266591579674d2c42de6557026893a1902834f11f"}
[19:38:46] [Render thread/INFO]: 7DTD proxy updated: id=1d96b662-c615-4729-a431-d3c5806bac72 sequence=176 x=-45.78669434785843 y=71.00000381469727 z=75.49543826419375 yaw=141.3649139404297 pitch=0.3125 roll=0.0
[19:38:46] [MC7DTD-websocket/INFO]: 7DTD entity received: {"authority":"7dtd","dimension":"7dtd:main","entity_id":"1d96b662-c615-4729-a431-d3c5806bac72","entity_type":"7dtd:player","lifecycle":{"event":"update"},"metadata":{},"origin":{"dimension":"7dtd:main","entity_id":"1d96b662-c615-4729-a431-d3c5806bac72","game":"7dtd","world_id":"td-0d917a4eff776d999148769266591579674d2c42de6557026893a1902834f11f"},"position":{"x":-45.612896740436554,"y":71,"z":74.95494143802188,"space":"minecraft"},"rotation":{"pitch":-0.125,"roll":0,"yaw":87.489898681640625},"sequence":177,"source":"7dtd","stream_id":"87f4fae0-b0b2-408f-bcab-c03d8733070c","type":"entity_state","version":2,"world_id":"td-0d917a4eff776d999148769266591579674d2c42de6557026893a1902834f11f"}
[19:38:46] [Render thread/INFO]: 7DTD proxy updated: id=1d96b662-c615-4729-a431-d3c5806bac72 sequence=177 x=-45.612896740436554 y=71.0 z=74.95494143802188 yaw=87.48989868164062 pitch=-0.125 roll=0.0
[19:38:47] [MC7DTD-websocket/INFO]: 7DTD entity received: {"authority":"7dtd","dimension":"7dtd:main","entity_id":"1d96b662-c615-4729-a431-d3c5806bac72","entity_type":"7dtd:player","lifecycle":{"event":"update"},"metadata":{},"origin":{"dimension":"7dtd:main","entity_id":"1d96b662-c615-4729-a431-d3c5806bac72","game":"7dtd","world_id":"td-0d917a4eff776d999148769266591579674d2c42de6557026893a1902834f11f"},"position":{"x":-46.37482911348343,"y":71.00000381469727,"z":75.418106721225,"space":"minecraft"},"rotation":{"pitch":2.5625,"roll":0,"yaw":143.80242919921875},"sequence":178,"source":"7dtd","stream_id":"87f4fae0-b0b2-408f-bcab-c03d8733070c","type":"entity_state","version":2,"world_id":"td-0d917a4eff776d999148769266591579674d2c42de6557026893a1902834f11f"}
[19:38:47] [Render thread/INFO]: 7DTD proxy updated: id=1d96b662-c615-4729-a431-d3c5806bac72 sequence=178 x=-46.37482911348343 y=71.00000381469727 z=75.418106721225 yaw=143.80242919921875 pitch=2.5625 roll=0.0
[19:38:47] [MC7DTD-websocket/INFO]: 7DTD entity received: {"authority":"7dtd","dimension":"7dtd:main","entity_id":"1d96b662-c615-4729-a431-d3c5806bac72","entity_type":"7dtd:player","lifecycle":{"event":"update"},"metadata":{},"origin":{"dimension":"7dtd:main","entity_id":"1d96b662-c615-4729-a431-d3c5806bac72","game":"7dtd","world_id":"td-0d917a4eff776d999148769266591579674d2c42de6557026893a1902834f11f"},"position":{"x":-45.51899415254593,"y":71,"z":75.29557864505313,"space":"minecraft"},"rotation":{"pitch":-0,"roll":0,"yaw":145.67741394042969},"sequence":179,"source":"7dtd","stream_id":"87f4fae0-b0b2-408f-bcab-c03d8733070c","type":"entity_state","version":2,"world_id":"td-0d917a4eff776d999148769266591579674d2c42de6557026893a1902834f11f"}
[19:38:47] [Render thread/INFO]: 7DTD proxy updated: id=1d96b662-c615-4729-a431-d3c5806bac72 sequence=179 x=-45.51899415254593 y=71.0 z=75.29557864505313 yaw=145.6774139404297 pitch=-0.0 roll=0.0
[19:38:48] [MC7DTD-websocket/INFO]: 7DTD entity received: {"authority":"7dtd","dimension":"7dtd:main","entity_id":"1d96b662-c615-4729-a431-d3c5806bac72","entity_type":"7dtd:player","lifecycle":{"event":"update"},"metadata":{},"origin":{"dimension":"7dtd:main","entity_id":"1d96b662-c615-4729-a431-d3c5806bac72","game":"7dtd","world_id":"td-0d917a4eff776d999148769266591579674d2c42de6557026893a1902834f11f"},"position":{"x":-45.83082276582718,"y":71,"z":75.03926150638125,"space":"minecraft"},"rotation":{"pitch":2.375,"roll":0,"yaw":153.80242919921875},"sequence":180,"source":"7dtd","stream_id":"87f4fae0-b0b2-408f-bcab-c03d8733070c","type":"entity_state","version":2,"world_id":"td-0d917a4eff776d999148769266591579674d2c42de6557026893a1902834f11f"}
[19:38:48] [Render thread/INFO]: 7DTD proxy updated: id=1d96b662-c615-4729-a431-d3c5806bac72 sequence=180 x=-45.83082276582718 y=71.0 z=75.03926150638125 yaw=153.80242919921875 pitch=2.375 roll=0.0
[19:38:48] [MC7DTD-websocket/INFO]: 7DTD entity received: {"authority":"7dtd","dimension":"7dtd:main","entity_id":"1d96b662-c615-4729-a431-d3c5806bac72","entity_type":"7dtd:player","lifecycle":{"event":"update"},"metadata":{},"origin":{"dimension":"7dtd:main","entity_id":"1d96b662-c615-4729-a431-d3c5806bac72","game":"7dtd","world_id":"td-0d917a4eff776d999148769266591579674d2c42de6557026893a1902834f11f"},"position":{"x":-45.34077149629593,"y":71,"z":75.13472049075625,"space":"minecraft"},"rotation":{"pitch":2.875,"roll":0,"yaw":154.42742919921875},"sequence":181,"source":"7dtd","stream_id":"87f4fae0-b0b2-408f-bcab-c03d8733070c","type":"entity_state","version":2,"world_id":"td-0d917a4eff776d999148769266591579674d2c42de6557026893a1902834f11f"}
[19:38:48] [Render thread/INFO]: 7DTD proxy updated: id=1d96b662-c615-4729-a431-d3c5806bac72 sequence=181 x=-45.34077149629593 y=71.0 z=75.13472049075625 yaw=154.42742919921875 pitch=2.875 roll=0.0
[19:38:49] [MC7DTD-websocket/INFO]: 7DTD entity received: {"authority":"7dtd","dimension":"7dtd:main","entity_id":"1d96b662-c615-4729-a431-d3c5806bac72","entity_type":"7dtd:player","lifecycle":{"event":"update"},"metadata":{},"origin":{"dimension":"7dtd:main","entity_id":"1d96b662-c615-4729-a431-d3c5806bac72","game":"7dtd","world_id":"td-0d917a4eff776d999148769266591579674d2c42de6557026893a1902834f11f"},"position":{"x":-45.339886486530304,"y":71,"z":75.1362463696625,"space":"minecraft"},"rotation":{"pitch":2.875,"roll":0,"yaw":154.42742919921875},"sequence":182,"source":"7dtd","stream_id":"87f4fae0-b0b2-408f-bcab-c03d8733070c","type":"entity_state","version":2,"world_id":"td-0d917a4eff776d999148769266591579674d2c42de6557026893a1902834f11f"}
[19:38:49] [Render thread/INFO]: 7DTD proxy updated: id=1d96b662-c615-4729-a431-d3c5806bac72 sequence=182 x=-45.339886486530304 y=71.0 z=75.1362463696625 yaw=154.42742919921875 pitch=2.875 roll=0.0
[19:38:49] [MC7DTD-websocket/INFO]: 7DTD entity received: {"authority":"7dtd","dimension":"7dtd:main","entity_id":"1d96b662-c615-4729-a431-d3c5806bac72","entity_type":"7dtd:player","lifecycle":{"event":"update"},"metadata":{},"origin":{"dimension":"7dtd:main","entity_id":"1d96b662-c615-4729-a431-d3c5806bac72","game":"7dtd","world_id":"td-0d917a4eff776d999148769266591579674d2c42de6557026893a1902834f11f"},"position":{"x":-45.339886486530304,"y":71,"z":75.1362463696625,"space":"minecraft"},"rotation":{"pitch":2.875,"roll":0,"yaw":154.42742919921875},"sequence":183,"source":"7dtd","stream_id":"87f4fae0-b0b2-408f-bcab-c03d8733070c","type":"entity_state","version":2,"world_id":"td-0d917a4eff776d999148769266591579674d2c42de6557026893a1902834f11f"}
[19:38:49] [Render thread/INFO]: 7DTD proxy updated: id=1d96b662-c615-4729-a431-d3c5806bac72 sequence=183 x=-45.339886486530304 y=71.0 z=75.1362463696625 yaw=154.42742919921875 pitch=2.875 roll=0.0
[19:38:50] [MC7DTD-websocket/INFO]: 7DTD entity received: {"authority":"7dtd","dimension":"7dtd:main","entity_id":"1d96b662-c615-4729-a431-d3c5806bac72","entity_type":"7dtd:player","lifecycle":{"event":"update"},"metadata":{},"origin":{"dimension":"7dtd:main","entity_id":"1d96b662-c615-4729-a431-d3c5806bac72","game":"7dtd","world_id":"td-0d917a4eff776d999148769266591579674d2c42de6557026893a1902834f11f"},"position":{"x":-45.339886486530304,"y":71,"z":75.1362463696625,"space":"minecraft"},"rotation":{"pitch":2.875,"roll":0,"yaw":154.42742919921875},"sequence":184,"source":"7dtd","stream_id":"87f4fae0-b0b2-408f-bcab-c03d8733070c","type":"entity_state","version":2,"world_id":"td-0d917a4eff776d999148769266591579674d2c42de6557026893a1902834f11f"}
[19:38:50] [Render thread/INFO]: 7DTD proxy updated: id=1d96b662-c615-4729-a431-d3c5806bac72 sequence=184 x=-45.339886486530304 y=71.0 z=75.1362463696625 yaw=154.42742919921875 pitch=2.875 roll=0.0
[19:38:50] [MC7DTD-websocket/INFO]: 7DTD entity received: {"authority":"7dtd","dimension":"7dtd:main","entity_id":"1d96b662-c615-4729-a431-d3c5806bac72","entity_type":"7dtd:player","lifecycle":{"event":"update"},"metadata":{},"origin":{"dimension":"7dtd:main","entity_id":"1d96b662-c615-4729-a431-d3c5806bac72","game":"7dtd","world_id":"td-0d917a4eff776d999148769266591579674d2c42de6557026893a1902834f11f"},"position":{"x":-45.339886486530304,"y":71,"z":75.1362463696625,"space":"minecraft"},"rotation":{"pitch":2.875,"roll":0,"yaw":154.42742919921875},"sequence":185,"source":"7dtd","stream_id":"87f4fae0-b0b2-408f-bcab-c03d8733070c","type":"entity_state","version":2,"world_id":"td-0d917a4eff776d999148769266591579674d2c42de6557026893a1902834f11f"}
[19:38:50] [Render thread/INFO]: 7DTD proxy updated: id=1d96b662-c615-4729-a431-d3c5806bac72 sequence=185 x=-45.339886486530304 y=71.0 z=75.1362463696625 yaw=154.42742919921875 pitch=2.875 roll=0.0
[19:38:51] [MC7DTD-websocket/INFO]: 7DTD entity received: {"authority":"7dtd","dimension":"7dtd:main","entity_id":"1d96b662-c615-4729-a431-d3c5806bac72","entity_type":"7dtd:player","lifecycle":{"event":"update"},"metadata":{},"origin":{"dimension":"7dtd:main","entity_id":"1d96b662-c615-4729-a431-d3c5806bac72","game":"7dtd","world_id":"td-0d917a4eff776d999148769266591579674d2c42de6557026893a1902834f11f"},"position":{"x":-45.339886486530304,"y":71,"z":75.1362463696625,"space":"minecraft"},"rotation":{"pitch":2.875,"roll":0,"yaw":154.42742919921875},"sequence":186,"source":"7dtd","stream_id":"87f4fae0-b0b2-408f-bcab-c03d8733070c","type":"entity_state","version":2,"world_id":"td-0d917a4eff776d999148769266591579674d2c42de6557026893a1902834f11f"}
[19:38:51] [Render thread/INFO]: 7DTD proxy updated: id=1d96b662-c615-4729-a431-d3c5806bac72 sequence=186 x=-45.339886486530304 y=71.0 z=75.1362463696625 yaw=154.42742919921875 pitch=2.875 roll=0.0
[19:38:51] [MC7DTD-websocket/INFO]: 7DTD entity received: {"authority":"7dtd","dimension":"7dtd:main","entity_id":"1d96b662-c615-4729-a431-d3c5806bac72","entity_type":"7dtd:player","lifecycle":{"event":"update"},"metadata":{},"origin":{"dimension":"7dtd:main","entity_id":"1d96b662-c615-4729-a431-d3c5806bac72","game":"7dtd","world_id":"td-0d917a4eff776d999148769266591579674d2c42de6557026893a1902834f11f"},"position":{"x":-45.339886486530304,"y":71,"z":75.1362463696625,"space":"minecraft"},"rotation":{"pitch":2.875,"roll":0,"yaw":154.42742919921875},"sequence":187,"source":"7dtd","stream_id":"87f4fae0-b0b2-408f-bcab-c03d8733070c","type":"entity_state","version":2,"world_id":"td-0d917a4eff776d999148769266591579674d2c42de6557026893a1902834f11f"}
[19:38:51] [Render thread/INFO]: 7DTD proxy updated: id=1d96b662-c615-4729-a431-d3c5806bac72 sequence=187 x=-45.339886486530304 y=71.0 z=75.1362463696625 yaw=154.42742919921875 pitch=2.875 roll=0.0
[19:38:52] [MC7DTD-websocket/INFO]: 7DTD entity received: {"authority":"7dtd","dimension":"7dtd:main","entity_id":"1d96b662-c615-4729-a431-d3c5806bac72","entity_type":"7dtd:player","lifecycle":{"event":"update"},"metadata":{},"origin":{"dimension":"7dtd:main","entity_id":"1d96b662-c615-4729-a431-d3c5806bac72","game":"7dtd","world_id":"td-0d917a4eff776d999148769266591579674d2c42de6557026893a1902834f11f"},"position":{"x":-45.339886486530304,"y":71,"z":75.1362463696625,"space":"minecraft"},"rotation":{"pitch":2.875,"roll":0,"yaw":154.42742919921875},"sequence":188,"source":"7dtd","stream_id":"87f4fae0-b0b2-408f-bcab-c03d8733070c","type":"entity_state","version":2,"world_id":"td-0d917a4eff776d999148769266591579674d2c42de6557026893a1902834f11f"}
[19:38:52] [Render thread/INFO]: 7DTD proxy updated: id=1d96b662-c615-4729-a431-d3c5806bac72 sequence=188 x=-45.339886486530304 y=71.0 z=75.1362463696625 yaw=154.42742919921875 pitch=2.875 roll=0.0
[19:38:52] [MC7DTD-websocket/INFO]: 7DTD entity received: {"authority":"7dtd","dimension":"7dtd:main","entity_id":"1d96b662-c615-4729-a431-d3c5806bac72","entity_type":"7dtd:player","lifecycle":{"event":"update"},"metadata":{},"origin":{"dimension":"7dtd:main","entity_id":"1d96b662-c615-4729-a431-d3c5806bac72","game":"7dtd","world_id":"td-0d917a4eff776d999148769266591579674d2c42de6557026893a1902834f11f"},"position":{"x":-45.339886486530304,"y":71,"z":75.1362463696625,"space":"minecraft"},"rotation":{"pitch":2.875,"roll":0,"yaw":154.42742919921875},"sequence":189,"source":"7dtd","stream_id":"87f4fae0-b0b2-408f-bcab-c03d8733070c","type":"entity_state","version":2,"world_id":"td-0d917a4eff776d999148769266591579674d2c42de6557026893a1902834f11f"}
[19:38:52] [Render thread/INFO]: 7DTD proxy updated: id=1d96b662-c615-4729-a431-d3c5806bac72 sequence=189 x=-45.339886486530304 y=71.0 z=75.1362463696625 yaw=154.42742919921875 pitch=2.875 roll=0.0
[19:38:53] [MC7DTD-websocket/INFO]: 7DTD entity received: {"authority":"7dtd","dimension":"7dtd:main","entity_id":"1d96b662-c615-4729-a431-d3c5806bac72","entity_type":"7dtd:player","lifecycle":{"event":"update"},"metadata":{},"origin":{"dimension":"7dtd:main","entity_id":"1d96b662-c615-4729-a431-d3c5806bac72","game":"7dtd","world_id":"td-0d917a4eff776d999148769266591579674d2c42de6557026893a1902834f11f"},"position":{"x":-45.339886486530304,"y":71,"z":75.1362463696625,"space":"minecraft"},"rotation":{"pitch":2.875,"roll":0,"yaw":154.42742919921875},"sequence":190,"source":"7dtd","stream_id":"87f4fae0-b0b2-408f-bcab-c03d8733070c","type":"entity_state","version":2,"world_id":"td-0d917a4eff776d999148769266591579674d2c42de6557026893a1902834f11f"}
[19:38:53] [Render thread/INFO]: 7DTD proxy updated: id=1d96b662-c615-4729-a431-d3c5806bac72 sequence=190 x=-45.339886486530304 y=71.0 z=75.1362463696625 yaw=154.42742919921875 pitch=2.875 roll=0.0
[19:38:53] [MC7DTD-websocket/INFO]: 7DTD entity received: {"authority":"7dtd","dimension":"7dtd:main","entity_id":"1d96b662-c615-4729-a431-d3c5806bac72","entity_type":"7dtd:player","lifecycle":{"event":"update"},"metadata":{},"origin":{"dimension":"7dtd:main","entity_id":"1d96b662-c615-4729-a431-d3c5806bac72","game":"7dtd","world_id":"td-0d917a4eff776d999148769266591579674d2c42de6557026893a1902834f11f"},"position":{"x":-45.339886486530304,"y":71,"z":75.1362463696625,"space":"minecraft"},"rotation":{"pitch":2.875,"roll":0,"yaw":154.42742919921875},"sequence":191,"source":"7dtd","stream_id":"87f4fae0-b0b2-408f-bcab-c03d8733070c","type":"entity_state","version":2,"world_id":"td-0d917a4eff776d999148769266591579674d2c42de6557026893a1902834f11f"}
[19:38:53] [Render thread/INFO]: 7DTD proxy updated: id=1d96b662-c615-4729-a431-d3c5806bac72 sequence=191 x=-45.339886486530304 y=71.0 z=75.1362463696625 yaw=154.42742919921875 pitch=2.875 roll=0.0
[19:38:54] [MC7DTD-websocket/INFO]: 7DTD entity received: {"authority":"7dtd","dimension":"7dtd:main","entity_id":"1d96b662-c615-4729-a431-d3c5806bac72","entity_type":"7dtd:player","lifecycle":{"event":"update"},"metadata":{},"origin":{"dimension":"7dtd:main","entity_id":"1d96b662-c615-4729-a431-d3c5806bac72","game":"7dtd","world_id":"td-0d917a4eff776d999148769266591579674d2c42de6557026893a1902834f11f"},"position":{"x":-45.339886486530304,"y":71,"z":75.1362463696625,"space":"minecraft"},"rotation":{"pitch":2.875,"roll":0,"yaw":154.42742919921875},"sequence":192,"source":"7dtd","stream_id":"87f4fae0-b0b2-408f-bcab-c03d8733070c","type":"entity_state","version":2,"world_id":"td-0d917a4eff776d999148769266591579674d2c42de6557026893a1902834f11f"}
[19:38:54] [Render thread/INFO]: 7DTD proxy updated: id=1d96b662-c615-4729-a431-d3c5806bac72 sequence=192 x=-45.339886486530304 y=71.0 z=75.1362463696625 yaw=154.42742919921875 pitch=2.875 roll=0.0
[19:38:54] [MC7DTD-websocket/INFO]: 7DTD entity received: {"authority":"7dtd","dimension":"7dtd:main","entity_id":"1d96b662-c615-4729-a431-d3c5806bac72","entity_type":"7dtd:player","lifecycle":{"event":"update"},"metadata":{},"origin":{"dimension":"7dtd:main","entity_id":"1d96b662-c615-4729-a431-d3c5806bac72","game":"7dtd","world_id":"td-0d917a4eff776d999148769266591579674d2c42de6557026893a1902834f11f"},"position":{"x":-45.339886486530304,"y":71,"z":75.1362463696625,"space":"minecraft"},"rotation":{"pitch":2.875,"roll":0,"yaw":154.42742919921875},"sequence":193,"source":"7dtd","stream_id":"87f4fae0-b0b2-408f-bcab-c03d8733070c","type":"entity_state","version":2,"world_id":"td-0d917a4eff776d999148769266591579674d2c42de6557026893a1902834f11f"}
[19:38:54] [Render thread/INFO]: 7DTD proxy updated: id=1d96b662-c615-4729-a431-d3c5806bac72 sequence=193 x=-45.339886486530304 y=71.0 z=75.1362463696625 yaw=154.42742919921875 pitch=2.875 roll=0.0
[19:38:55] [MC7DTD-websocket/INFO]: 7DTD entity received: {"authority":"7dtd","dimension":"7dtd:main","entity_id":"1d96b662-c615-4729-a431-d3c5806bac72","entity_type":"7dtd:player","lifecycle":{"event":"update"},"metadata":{},"origin":{"dimension":"7dtd:main","entity_id":"1d96b662-c615-4729-a431-d3c5806bac72","game":"7dtd","world_id":"td-0d917a4eff776d999148769266591579674d2c42de6557026893a1902834f11f"},"position":{"x":-45.339886486530304,"y":71,"z":75.1362463696625,"space":"minecraft"},"rotation":{"pitch":2.875,"roll":0,"yaw":154.42742919921875},"sequence":194,"source":"7dtd","stream_id":"87f4fae0-b0b2-408f-bcab-c03d8733070c","type":"entity_state","version":2,"world_id":"td-0d917a4eff776d999148769266591579674d2c42de6557026893a1902834f11f"}
[19:38:55] [Render thread/INFO]: 7DTD proxy updated: id=1d96b662-c615-4729-a431-d3c5806bac72 sequence=194 x=-45.339886486530304 y=71.0 z=75.1362463696625 yaw=154.42742919921875 pitch=2.875 roll=0.0
[19:38:55] [MC7DTD-websocket/INFO]: 7DTD entity received: {"authority":"7dtd","dimension":"7dtd:main","entity_id":"1d96b662-c615-4729-a431-d3c5806bac72","entity_type":"7dtd:player","lifecycle":{"event":"update"},"metadata":{},"origin":{"dimension":"7dtd:main","entity_id":"1d96b662-c615-4729-a431-d3c5806bac72","game":"7dtd","world_id":"td-0d917a4eff776d999148769266591579674d2c42de6557026893a1902834f11f"},"position":{"x":-45.339886486530304,"y":71,"z":75.1362463696625,"space":"minecraft"},"rotation":{"pitch":2.875,"roll":0,"yaw":154.42742919921875},"sequence":195,"source":"7dtd","stream_id":"87f4fae0-b0b2-408f-bcab-c03d8733070c","type":"entity_state","version":2,"world_id":"td-0d917a4eff776d999148769266591579674d2c42de6557026893a1902834f11f"}
[19:38:55] [Render thread/INFO]: 7DTD proxy updated: id=1d96b662-c615-4729-a431-d3c5806bac72 sequence=195 x=-45.339886486530304 y=71.0 z=75.1362463696625 yaw=154.42742919921875 pitch=2.875 roll=0.0
[19:38:56] [MC7DTD-websocket/INFO]: 7DTD entity received: {"authority":"7dtd","dimension":"7dtd:main","entity_id":"1d96b662-c615-4729-a431-d3c5806bac72","entity_type":"7dtd:player","lifecycle":{"event":"update"},"metadata":{},"origin":{"dimension":"7dtd:main","entity_id":"1d96b662-c615-4729-a431-d3c5806bac72","game":"7dtd","world_id":"td-0d917a4eff776d999148769266591579674d2c42de6557026893a1902834f11f"},"position":{"x":-45.339886486530304,"y":71,"z":75.1362463696625,"space":"minecraft"},"rotation":{"pitch":2.875,"roll":0,"yaw":154.42742919921875},"sequence":196,"source":"7dtd","stream_id":"87f4fae0-b0b2-408f-bcab-c03d8733070c","type":"entity_state","version":2,"world_id":"td-0d917a4eff776d999148769266591579674d2c42de6557026893a1902834f11f"}
[19:38:56] [Render thread/INFO]: 7DTD proxy updated: id=1d96b662-c615-4729-a431-d3c5806bac72 sequence=196 x=-45.339886486530304 y=71.0 z=75.1362463696625 yaw=154.42742919921875 pitch=2.875 roll=0.0
[19:38:56] [MC7DTD-websocket/INFO]: 7DTD entity received: {"authority":"7dtd","dimension":"7dtd:main","entity_id":"1d96b662-c615-4729-a431-d3c5806bac72","entity_type":"7dtd:player","lifecycle":{"event":"update"},"metadata":{},"origin":{"dimension":"7dtd:main","entity_id":"1d96b662-c615-4729-a431-d3c5806bac72","game":"7dtd","world_id":"td-0d917a4eff776d999148769266591579674d2c42de6557026893a1902834f11f"},"position":{"x":-45.339886486530304,"y":71,"z":75.1362463696625,"space":"minecraft"},"rotation":{"pitch":2.875,"roll":0,"yaw":154.42742919921875},"sequence":197,"source":"7dtd","stream_id":"87f4fae0-b0b2-408f-bcab-c03d8733070c","type":"entity_state","version":2,"world_id":"td-0d917a4eff776d999148769266591579674d2c42de6557026893a1902834f11f"}
[19:38:56] [Render thread/INFO]: 7DTD proxy updated: id=1d96b662-c615-4729-a431-d3c5806bac72 sequence=197 x=-45.339886486530304 y=71.0 z=75.1362463696625 yaw=154.42742919921875 pitch=2.875 roll=0.0
[19:38:57] [MC7DTD-websocket/INFO]: 7DTD entity received: {"authority":"7dtd","dimension":"7dtd:main","entity_id":"1d96b662-c615-4729-a431-d3c5806bac72","entity_type":"7dtd:player","lifecycle":{"event":"update"},"metadata":{},"origin":{"dimension":"7dtd:main","entity_id":"1d96b662-c615-4729-a431-d3c5806bac72","game":"7dtd","world_id":"td-0d917a4eff776d999148769266591579674d2c42de6557026893a1902834f11f"},"position":{"x":-45.339886486530304,"y":71,"z":75.1362463696625,"space":"minecraft"},"rotation":{"pitch":2.875,"roll":0,"yaw":154.42742919921875},"sequence":198,"source":"7dtd","stream_id":"87f4fae0-b0b2-408f-bcab-c03d8733070c","type":"entity_state","version":2,"world_id":"td-0d917a4eff776d999148769266591579674d2c42de6557026893a1902834f11f"}
[19:38:57] [Render thread/INFO]: 7DTD proxy updated: id=1d96b662-c615-4729-a431-d3c5806bac72 sequence=198 x=-45.339886486530304 y=71.0 z=75.1362463696625 yaw=154.42742919921875 pitch=2.875 roll=0.0
[19:38:57] [MC7DTD-websocket/INFO]: 7DTD entity received: {"authority":"7dtd","dimension":"7dtd:main","entity_id":"1d96b662-c615-4729-a431-d3c5806bac72","entity_type":"7dtd:player","lifecycle":{"event":"update"},"metadata":{},"origin":{"dimension":"7dtd:main","entity_id":"1d96b662-c615-4729-a431-d3c5806bac72","game":"7dtd","world_id":"td-0d917a4eff776d999148769266591579674d2c42de6557026893a1902834f11f"},"position":{"x":-45.339886486530304,"y":71,"z":75.1362463696625,"space":"minecraft"},"rotation":{"pitch":2.875,"roll":0,"yaw":154.42742919921875},"sequence":199,"source":"7dtd","stream_id":"87f4fae0-b0b2-408f-bcab-c03d8733070c","type":"entity_state","version":2,"world_id":"td-0d917a4eff776d999148769266591579674d2c42de6557026893a1902834f11f"}
[19:38:57] [Render thread/INFO]: 7DTD proxy updated: id=1d96b662-c615-4729-a431-d3c5806bac72 sequence=199 x=-45.339886486530304 y=71.0 z=75.1362463696625 yaw=154.42742919921875 pitch=2.875 roll=0.0
[19:38:58] [MC7DTD-websocket/INFO]: 7DTD entity received: {"authority":"7dtd","dimension":"7dtd:main","entity_id":"1d96b662-c615-4729-a431-d3c5806bac72","entity_type":"7dtd:player","lifecycle":{"event":"update"},"metadata":{},"origin":{"dimension":"7dtd:main","entity_id":"1d96b662-c615-4729-a431-d3c5806bac72","game":"7dtd","world_id":"td-0d917a4eff776d999148769266591579674d2c42de6557026893a1902834f11f"},"position":{"x":-45.339886486530304,"y":71,"z":75.1362463696625,"space":"minecraft"},"rotation":{"pitch":2.875,"roll":0,"yaw":154.42742919921875},"sequence":200,"source":"7dtd","stream_id":"87f4fae0-b0b2-408f-bcab-c03d8733070c","type":"entity_state","version":2,"world_id":"td-0d917a4eff776d999148769266591579674d2c42de6557026893a1902834f11f"}
[19:38:58] [Render thread/INFO]: 7DTD proxy updated: id=1d96b662-c615-4729-a431-d3c5806bac72 sequence=200 x=-45.339886486530304 y=71.0 z=75.1362463696625 yaw=154.42742919921875 pitch=2.875 roll=0.0
[19:38:58] [MC7DTD-websocket/INFO]: 7DTD entity received: {"authority":"7dtd","dimension":"7dtd:main","entity_id":"1d96b662-c615-4729-a431-d3c5806bac72","entity_type":"7dtd:player","lifecycle":{"event":"update"},"metadata":{},"origin":{"dimension":"7dtd:main","entity_id":"1d96b662-c615-4729-a431-d3c5806bac72","game":"7dtd","world_id":"td-0d917a4eff776d999148769266591579674d2c42de6557026893a1902834f11f"},"position":{"x":-45.339886486530304,"y":71,"z":75.1362463696625,"space":"minecraft"},"rotation":{"pitch":2.875,"roll":0,"yaw":154.42742919921875},"sequence":201,"source":"7dtd","stream_id":"87f4fae0-b0b2-408f-bcab-c03d8733070c","type":"entity_state","version":2,"world_id":"td-0d917a4eff776d999148769266591579674d2c42de6557026893a1902834f11f"}
[19:38:58] [Render thread/INFO]: 7DTD proxy updated: id=1d96b662-c615-4729-a431-d3c5806bac72 sequence=201 x=-45.339886486530304 y=71.0 z=75.1362463696625 yaw=154.42742919921875 pitch=2.875 roll=0.0
[19:38:59] [MC7DTD-websocket/INFO]: 7DTD entity received: {"authority":"7dtd","dimension":"7dtd:main","entity_id":"1d96b662-c615-4729-a431-d3c5806bac72","entity_type":"7dtd:player","lifecycle":{"event":"update"},"metadata":{},"origin":{"dimension":"7dtd:main","entity_id":"1d96b662-c615-4729-a431-d3c5806bac72","game":"7dtd","world_id":"td-0d917a4eff776d999148769266591579674d2c42de6557026893a1902834f11f"},"position":{"x":-45.339886486530304,"y":71,"z":75.1362463696625,"space":"minecraft"},"rotation":{"pitch":2.875,"roll":0,"yaw":154.42742919921875},"sequence":202,"source":"7dtd","stream_id":"87f4fae0-b0b2-408f-bcab-c03d8733070c","type":"entity_state","version":2,"world_id":"td-0d917a4eff776d999148769266591579674d2c42de6557026893a1902834f11f"}
[19:38:59] [Render thread/INFO]: 7DTD proxy updated: id=1d96b662-c615-4729-a431-d3c5806bac72 sequence=202 x=-45.339886486530304 y=71.0 z=75.1362463696625 yaw=154.42742919921875 pitch=2.875 roll=0.0
[19:38:59] [MC7DTD-websocket/INFO]: 7DTD entity received: {"authority":"7dtd","dimension":"7dtd:main","entity_id":"1d96b662-c615-4729-a431-d3c5806bac72","entity_type":"7dtd:player","lifecycle":{"event":"update"},"metadata":{},"origin":{"dimension":"7dtd:main","entity_id":"1d96b662-c615-4729-a431-d3c5806bac72","game":"7dtd","world_id":"td-0d917a4eff776d999148769266591579674d2c42de6557026893a1902834f11f"},"position":{"x":-45.339886486530304,"y":71,"z":75.1362463696625,"space":"minecraft"},"rotation":{"pitch":2.875,"roll":0,"yaw":154.42742919921875},"sequence":203,"source":"7dtd","stream_id":"87f4fae0-b0b2-408f-bcab-c03d8733070c","type":"entity_state","version":2,"world_id":"td-0d917a4eff776d999148769266591579674d2c42de6557026893a1902834f11f"}
[19:38:59] [Render thread/INFO]: 7DTD proxy updated: id=1d96b662-c615-4729-a431-d3c5806bac72 sequence=203 x=-45.339886486530304 y=71.0 z=75.1362463696625 yaw=154.42742919921875 pitch=2.875 roll=0.0
[19:39:00] [MC7DTD-websocket/INFO]: 7DTD entity received: {"authority":"7dtd","dimension":"7dtd:main","entity_id":"1d96b662-c615-4729-a431-d3c5806bac72","entity_type":"7dtd:player","lifecycle":{"event":"update"},"metadata":{},"origin":{"dimension":"7dtd:main","entity_id":"1d96b662-c615-4729-a431-d3c5806bac72","game":"7dtd","world_id":"td-0d917a4eff776d999148769266591579674d2c42de6557026893a1902834f11f"},"position":{"x":-45.339886486530304,"y":71,"z":75.1362463696625,"space":"minecraft"},"rotation":{"pitch":2.875,"roll":0,"yaw":154.42742919921875},"sequence":204,"source":"7dtd","stream_id":"87f4fae0-b0b2-408f-bcab-c03d8733070c","type":"entity_state","version":2,"world_id":"td-0d917a4eff776d999148769266591579674d2c42de6557026893a1902834f11f"}
[19:39:00] [Render thread/INFO]: 7DTD proxy updated: id=1d96b662-c615-4729-a431-d3c5806bac72 sequence=204 x=-45.339886486530304 y=71.0 z=75.1362463696625 yaw=154.42742919921875 pitch=2.875 roll=0.0
[19:39:00] [MC7DTD-websocket/INFO]: 7DTD entity received: {"authority":"7dtd","dimension":"7dtd:main","entity_id":"1d96b662-c615-4729-a431-d3c5806bac72","entity_type":"7dtd:player","lifecycle":{"event":"update"},"metadata":{},"origin":{"dimension":"7dtd:main","entity_id":"1d96b662-c615-4729-a431-d3c5806bac72","game":"7dtd","world_id":"td-0d917a4eff776d999148769266591579674d2c42de6557026893a1902834f11f"},"position":{"x":-45.339886486530304,"y":71,"z":75.1362463696625,"space":"minecraft"},"rotation":{"pitch":2.875,"roll":0,"yaw":154.42742919921875},"sequence":205,"source":"7dtd","stream_id":"87f4fae0-b0b2-408f-bcab-c03d8733070c","type":"entity_state","version":2,"world_id":"td-0d917a4eff776d999148769266591579674d2c42de6557026893a1902834f11f"}
[19:39:00] [Render thread/INFO]: 7DTD proxy updated: id=1d96b662-c615-4729-a431-d3c5806bac72 sequence=205 x=-45.339886486530304 y=71.0 z=75.1362463696625 yaw=154.42742919921875 pitch=2.875 roll=0.0
[19:39:01] [MC7DTD-websocket/INFO]: 7DTD entity received: {"authority":"7dtd","dimension":"7dtd:main","entity_id":"1d96b662-c615-4729-a431-d3c5806bac72","entity_type":"7dtd:player","lifecycle":{"event":"update"},"metadata":{},"origin":{"dimension":"7dtd:main","entity_id":"1d96b662-c615-4729-a431-d3c5806bac72","game":"7dtd","world_id":"td-0d917a4eff776d999148769266591579674d2c42de6557026893a1902834f11f"},"position":{"x":-45.339886486530304,"y":71,"z":75.1362463696625,"space":"minecraft"},"rotation":{"pitch":2.875,"roll":0,"yaw":154.42742919921875},"sequence":206,"source":"7dtd","stream_id":"87f4fae0-b0b2-408f-bcab-c03d8733070c","type":"entity_state","version":2,"world_id":"td-0d917a4eff776d999148769266591579674d2c42de6557026893a1902834f11f"}
[19:39:01] [Render thread/INFO]: 7DTD proxy updated: id=1d96b662-c615-4729-a431-d3c5806bac72 sequence=206 x=-45.339886486530304 y=71.0 z=75.1362463696625 yaw=154.42742919921875 pitch=2.875 roll=0.0
[19:39:01] [MC7DTD-websocket/INFO]: 7DTD entity received: {"authority":"7dtd","dimension":"7dtd:main","entity_id":"1d96b662-c615-4729-a431-d3c5806bac72","entity_type":"7dtd:player","lifecycle":{"event":"update"},"metadata":{},"origin":{"dimension":"7dtd:main","entity_id":"1d96b662-c615-4729-a431-d3c5806bac72","game":"7dtd","world_id":"td-0d917a4eff776d999148769266591579674d2c42de6557026893a1902834f11f"},"position":{"x":-45.339886486530304,"y":71,"z":75.1362463696625,"space":"minecraft"},"rotation":{"pitch":2.875,"roll":0,"yaw":154.42742919921875},"sequence":207,"source":"7dtd","stream_id":"87f4fae0-b0b2-408f-bcab-c03d8733070c","type":"entity_state","version":2,"world_id":"td-0d917a4eff776d999148769266591579674d2c42de6557026893a1902834f11f"}
[19:39:01] [Render thread/INFO]: 7DTD proxy updated: id=1d96b662-c615-4729-a431-d3c5806bac72 sequence=207 x=-45.339886486530304 y=71.0 z=75.1362463696625 yaw=154.42742919921875 pitch=2.875 roll=0.0
[19:39:02] [MC7DTD-websocket/INFO]: 7DTD entity received: {"authority":"7dtd","dimension":"7dtd:main","entity_id":"1d96b662-c615-4729-a431-d3c5806bac72","entity_type":"7dtd:player","lifecycle":{"event":"update"},"metadata":{},"origin":{"dimension":"7dtd:main","entity_id":"1d96b662-c615-4729-a431-d3c5806bac72","game":"7dtd","world_id":"td-0d917a4eff776d999148769266591579674d2c42de6557026893a1902834f11f"},"position":{"x":-45.339886486530304,"y":71,"z":75.1362463696625,"space":"minecraft"},"rotation":{"pitch":2.875,"roll":0,"yaw":154.42742919921875},"sequence":208,"source":"7dtd","stream_id":"87f4fae0-b0b2-408f-bcab-c03d8733070c","type":"entity_state","version":2,"world_id":"td-0d917a4eff776d999148769266591579674d2c42de6557026893a1902834f11f"}
[19:39:02] [Render thread/INFO]: 7DTD proxy updated: id=1d96b662-c615-4729-a431-d3c5806bac72 sequence=208 x=-45.339886486530304 y=71.0 z=75.1362463696625 yaw=154.42742919921875 pitch=2.875 roll=0.0
[19:39:02] [MC7DTD-websocket/INFO]: 7DTD entity received: {"authority":"7dtd","dimension":"7dtd:main","entity_id":"1d96b662-c615-4729-a431-d3c5806bac72","entity_type":"7dtd:player","lifecycle":{"event":"update"},"metadata":{},"origin":{"dimension":"7dtd:main","entity_id":"1d96b662-c615-4729-a431-d3c5806bac72","game":"7dtd","world_id":"td-0d917a4eff776d999148769266591579674d2c42de6557026893a1902834f11f"},"position":{"x":-45.339886486530304,"y":71,"z":75.1362463696625,"space":"minecraft"},"rotation":{"pitch":2.875,"roll":0,"yaw":154.42742919921875},"sequence":209,"source":"7dtd","stream_id":"87f4fae0-b0b2-408f-bcab-c03d8733070c","type":"entity_state","version":2,"world_id":"td-0d917a4eff776d999148769266591579674d2c42de6557026893a1902834f11f"}
[19:39:02] [Render thread/INFO]: 7DTD proxy updated: id=1d96b662-c615-4729-a431-d3c5806bac72 sequence=209 x=-45.339886486530304 y=71.0 z=75.1362463696625 yaw=154.42742919921875 pitch=2.875 roll=0.0
[19:39:03] [MC7DTD-websocket/INFO]: 7DTD entity received: {"authority":"7dtd","dimension":"7dtd:main","entity_id":"1d96b662-c615-4729-a431-d3c5806bac72","entity_type":"7dtd:player","lifecycle":{"event":"update"},"metadata":{},"origin":{"dimension":"7dtd:main","entity_id":"1d96b662-c615-4729-a431-d3c5806bac72","game":"7dtd","world_id":"td-0d917a4eff776d999148769266591579674d2c42de6557026893a1902834f11f"},"position":{"x":-45.339886486530304,"y":71,"z":75.1362463696625,"space":"minecraft"},"rotation":{"pitch":2.875,"roll":0,"yaw":154.42742919921875},"sequence":210,"source":"7dtd","stream_id":"87f4fae0-b0b2-408f-bcab-c03d8733070c","type":"entity_state","version":2,"world_id":"td-0d917a4eff776d999148769266591579674d2c42de6557026893a1902834f11f"}
[19:39:03] [Render thread/INFO]: 7DTD proxy updated: id=1d96b662-c615-4729-a431-d3c5806bac72 sequence=210 x=-45.339886486530304 y=71.0 z=75.1362463696625 yaw=154.42742919921875 pitch=2.875 roll=0.0
[19:39:03] [MC7DTD-websocket/INFO]: 7DTD entity received: {"authority":"7dtd","dimension":"7dtd:main","entity_id":"1d96b662-c615-4729-a431-d3c5806bac72","entity_type":"7dtd:player","lifecycle":{"event":"update"},"metadata":{},"origin":{"dimension":"7dtd:main","entity_id":"1d96b662-c615-4729-a431-d3c5806bac72","game":"7dtd","world_id":"td-0d917a4eff776d999148769266591579674d2c42de6557026893a1902834f11f"},"position":{"x":-45.339886486530304,"y":71,"z":75.1362463696625,"space":"minecraft"},"rotation":{"pitch":2.875,"roll":0,"yaw":154.42742919921875},"sequence":211,"source":"7dtd","stream_id":"87f4fae0-b0b2-408f-bcab-c03d8733070c","type":"entity_state","version":2,"world_id":"td-0d917a4eff776d999148769266591579674d2c42de6557026893a1902834f11f"}
[19:39:03] [Render thread/INFO]: 7DTD proxy updated: id=1d96b662-c615-4729-a431-d3c5806bac72 sequence=211 x=-45.339886486530304 y=71.0 z=75.1362463696625 yaw=154.42742919921875 pitch=2.875 roll=0.0
[19:39:04] [MC7DTD-websocket/INFO]: 7DTD entity received: {"authority":"7dtd","dimension":"7dtd:main","entity_id":"1d96b662-c615-4729-a431-d3c5806bac72","entity_type":"7dtd:player","lifecycle":{"event":"update"},"metadata":{},"origin":{"dimension":"7dtd:main","entity_id":"1d96b662-c615-4729-a431-d3c5806bac72","game":"7dtd","world_id":"td-0d917a4eff776d999148769266591579674d2c42de6557026893a1902834f11f"},"position":{"x":-45.339886486530304,"y":71,"z":75.1362463696625,"space":"minecraft"},"rotation":{"pitch":2.875,"roll":0,"yaw":154.42742919921875},"sequence":212,"source":"7dtd","stream_id":"87f4fae0-b0b2-408f-bcab-c03d8733070c","type":"entity_state","version":2,"world_id":"td-0d917a4eff776d999148769266591579674d2c42de6557026893a1902834f11f"}
[19:39:04] [Render thread/INFO]: 7DTD proxy updated: id=1d96b662-c615-4729-a431-d3c5806bac72 sequence=212 x=-45.339886486530304 y=71.0 z=75.1362463696625 yaw=154.42742919921875 pitch=2.875 roll=0.0
[19:39:04] [MC7DTD-websocket/INFO]: 7DTD entity received: {"authority":"7dtd","dimension":"7dtd:main","entity_id":"1d96b662-c615-4729-a431-d3c5806bac72","entity_type":"7dtd:player","lifecycle":{"event":"update"},"metadata":{},"origin":{"dimension":"7dtd:main","entity_id":"1d96b662-c615-4729-a431-d3c5806bac72","game":"7dtd","world_id":"td-0d917a4eff776d999148769266591579674d2c42de6557026893a1902834f11f"},"position":{"x":-45.339886486530304,"y":71,"z":75.1362463696625,"space":"minecraft"},"rotation":{"pitch":2.875,"roll":0,"yaw":154.42742919921875},"sequence":213,"source":"7dtd","stream_id":"87f4fae0-b0b2-408f-bcab-c03d8733070c","type":"entity_state","version":2,"world_id":"td-0d917a4eff776d999148769266591579674d2c42de6557026893a1902834f11f"}
[19:39:04] [Render thread/INFO]: 7DTD proxy updated: id=1d96b662-c615-4729-a431-d3c5806bac72 sequence=213 x=-45.339886486530304 y=71.0 z=75.1362463696625 yaw=154.42742919921875 pitch=2.875 roll=0.0
[19:39:05] [MC7DTD-websocket/INFO]: 7DTD entity received: {"authority":"7dtd","dimension":"7dtd:main","entity_id":"1d96b662-c615-4729-a431-d3c5806bac72","entity_type":"7dtd:player","lifecycle":{"event":"update"},"metadata":{},"origin":{"dimension":"7dtd:main","entity_id":"1d96b662-c615-4729-a431-d3c5806bac72","game":"7dtd","world_id":"td-0d917a4eff776d999148769266591579674d2c42de6557026893a1902834f11f"},"position":{"x":-45.339886486530304,"y":71,"z":75.1362463696625,"space":"minecraft"},"rotation":{"pitch":2.875,"roll":0,"yaw":154.42742919921875},"sequence":214,"source":"7dtd","stream_id":"87f4fae0-b0b2-408f-bcab-c03d8733070c","type":"entity_state","version":2,"world_id":"td-0d917a4eff776d999148769266591579674d2c42de6557026893a1902834f11f"}
[19:39:05] [Render thread/INFO]: 7DTD proxy updated: id=1d96b662-c615-4729-a431-d3c5806bac72 sequence=214 x=-45.339886486530304 y=71.0 z=75.1362463696625 yaw=154.42742919921875 pitch=2.875 roll=0.0
[19:39:05] [MC7DTD-websocket/INFO]: 7DTD entity received: {"authority":"7dtd","dimension":"7dtd:main","entity_id":"1d96b662-c615-4729-a431-d3c5806bac72","entity_type":"7dtd:player","lifecycle":{"event":"update"},"metadata":{},"origin":{"dimension":"7dtd:main","entity_id":"1d96b662-c615-4729-a431-d3c5806bac72","game":"7dtd","world_id":"td-0d917a4eff776d999148769266591579674d2c42de6557026893a1902834f11f"},"position":{"x":-45.339886486530304,"y":71,"z":75.1362463696625,"space":"minecraft"},"rotation":{"pitch":2.875,"roll":0,"yaw":154.42742919921875},"sequence":215,"source":"7dtd","stream_id":"87f4fae0-b0b2-408f-bcab-c03d8733070c","type":"entity_state","version":2,"world_id":"td-0d917a4eff776d999148769266591579674d2c42de6557026893a1902834f11f"}
[19:39:05] [Render thread/INFO]: 7DTD proxy updated: id=1d96b662-c615-4729-a431-d3c5806bac72 sequence=215 x=-45.339886486530304 y=71.0 z=75.1362463696625 yaw=154.42742919921875 pitch=2.875 roll=0.0
[19:39:06] [MC7DTD-websocket/INFO]: 7DTD entity received: {"authority":"7dtd","dimension":"7dtd:main","entity_id":"1d96b662-c615-4729-a431-d3c5806bac72","entity_type":"7dtd:player","lifecycle":{"event":"update"},"metadata":{},"origin":{"dimension":"7dtd:main","entity_id":"1d96b662-c615-4729-a431-d3c5806bac72","game":"7dtd","world_id":"td-0d917a4eff776d999148769266591579674d2c42de6557026893a1902834f11f"},"position":{"x":-45.339886486530304,"y":71,"z":75.1362463696625,"space":"minecraft"},"rotation":{"pitch":2.875,"roll":0,"yaw":154.42742919921875},"sequence":216,"source":"7dtd","stream_id":"87f4fae0-b0b2-408f-bcab-c03d8733070c","type":"entity_state","version":2,"world_id":"td-0d917a4eff776d999148769266591579674d2c42de6557026893a1902834f11f"}
[19:39:06] [Render thread/INFO]: 7DTD proxy updated: id=1d96b662-c615-4729-a431-d3c5806bac72 sequence=216 x=-45.339886486530304 y=71.0 z=75.1362463696625 yaw=154.42742919921875 pitch=2.875 roll=0.0
[19:39:06] [MC7DTD-websocket/INFO]: 7DTD entity received: {"authority":"7dtd","dimension":"7dtd:main","entity_id":"1d96b662-c615-4729-a431-d3c5806bac72","entity_type":"7dtd:player","lifecycle":{"event":"update"},"metadata":{},"origin":{"dimension":"7dtd:main","entity_id":"1d96b662-c615-4729-a431-d3c5806bac72","game":"7dtd","world_id":"td-0d917a4eff776d999148769266591579674d2c42de6557026893a1902834f11f"},"position":{"x":-45.339886486530304,"y":71,"z":75.1362463696625,"space":"minecraft"},"rotation":{"pitch":2.875,"roll":0,"yaw":154.42742919921875},"sequence":217,"source":"7dtd","stream_id":"87f4fae0-b0b2-408f-bcab-c03d8733070c","type":"entity_state","version":2,"world_id":"td-0d917a4eff776d999148769266591579674d2c42de6557026893a1902834f11f"}
[19:39:06] [Render thread/INFO]: 7DTD proxy updated: id=1d96b662-c615-4729-a431-d3c5806bac72 sequence=217 x=-45.339886486530304 y=71.0 z=75.1362463696625 yaw=154.42742919921875 pitch=2.875 roll=0.0
[19:39:07] [MC7DTD-websocket/INFO]: 7DTD entity received: {"authority":"7dtd","dimension":"7dtd:main","entity_id":"1d96b662-c615-4729-a431-d3c5806bac72","entity_type":"7dtd:player","lifecycle":{"event":"update"},"metadata":{},"origin":{"dimension":"7dtd:main","entity_id":"1d96b662-c615-4729-a431-d3c5806bac72","game":"7dtd","world_id":"td-0d917a4eff776d999148769266591579674d2c42de6557026893a1902834f11f"},"position":{"x":-45.339886486530304,"y":71,"z":75.1362463696625,"space":"minecraft"},"rotation":{"pitch":2.875,"roll":0,"yaw":154.42742919921875},"sequence":218,"source":"7dtd","stream_id":"87f4fae0-b0b2-408f-bcab-c03d8733070c","type":"entity_state","version":2,"world_id":"td-0d917a4eff776d999148769266591579674d2c42de6557026893a1902834f11f"}
[19:39:07] [Render thread/INFO]: 7DTD proxy updated: id=1d96b662-c615-4729-a431-d3c5806bac72 sequence=218 x=-45.339886486530304 y=71.0 z=75.1362463696625 yaw=154.42742919921875 pitch=2.875 roll=0.0
[19:39:07] [MC7DTD-websocket/INFO]: 7DTD entity received: {"authority":"7dtd","dimension":"7dtd:main","entity_id":"1d96b662-c615-4729-a431-d3c5806bac72","entity_type":"7dtd:player","lifecycle":{"event":"update"},"metadata":{},"origin":{"dimension":"7dtd:main","entity_id":"1d96b662-c615-4729-a431-d3c5806bac72","game":"7dtd","world_id":"td-0d917a4eff776d999148769266591579674d2c42de6557026893a1902834f11f"},"position":{"x":-45.339886486530304,"y":71,"z":75.1362463696625,"space":"minecraft"},"rotation":{"pitch":2.875,"roll":0,"yaw":154.42742919921875},"sequence":219,"source":"7dtd","stream_id":"87f4fae0-b0b2-408f-bcab-c03d8733070c","type":"entity_state","version":2,"world_id":"td-0d917a4eff776d999148769266591579674d2c42de6557026893a1902834f11f"}
[19:39:07] [Render thread/INFO]: 7DTD proxy updated: id=1d96b662-c615-4729-a431-d3c5806bac72 sequence=219 x=-45.339886486530304 y=71.0 z=75.1362463696625 yaw=154.42742919921875 pitch=2.875 roll=0.0
[19:39:08] [MC7DTD-websocket/INFO]: 7DTD entity received: {"authority":"7dtd","dimension":"7dtd:main","entity_id":"1d96b662-c615-4729-a431-d3c5806bac72","entity_type":"7dtd:player","lifecycle":{"event":"update"},"metadata":{},"origin":{"dimension":"7dtd:main","entity_id":"1d96b662-c615-4729-a431-d3c5806bac72","game":"7dtd","world_id":"td-0d917a4eff776d999148769266591579674d2c42de6557026893a1902834f11f"},"position":{"x":-45.339886486530304,"y":71,"z":75.1362463696625,"space":"minecraft"},"rotation":{"pitch":2.875,"roll":0,"yaw":154.42742919921875},"sequence":220,"source":"7dtd","stream_id":"87f4fae0-b0b2-408f-bcab-c03d8733070c","type":"entity_state","version":2,"world_id":"td-0d917a4eff776d999148769266591579674d2c42de6557026893a1902834f11f"}
[19:39:08] [Render thread/INFO]: 7DTD proxy updated: id=1d96b662-c615-4729-a431-d3c5806bac72 sequence=220 x=-45.339886486530304 y=71.0 z=75.1362463696625 yaw=154.42742919921875 pitch=2.875 roll=0.0
[19:39:08] [MC7DTD-websocket/INFO]: 7DTD entity received: {"authority":"7dtd","dimension":"7dtd:main","entity_id":"1d96b662-c615-4729-a431-d3c5806bac72","entity_type":"7dtd:player","lifecycle":{"event":"update"},"metadata":{},"origin":{"dimension":"7dtd:main","entity_id":"1d96b662-c615-4729-a431-d3c5806bac72","game":"7dtd","world_id":"td-0d917a4eff776d999148769266591579674d2c42de6557026893a1902834f11f"},"position":{"x":-45.339886486530304,"y":71,"z":75.1362463696625,"space":"minecraft"},"rotation":{"pitch":2.875,"roll":0,"yaw":154.42742919921875},"sequence":221,"source":"7dtd","stream_id":"87f4fae0-b0b2-408f-bcab-c03d8733070c","type":"entity_state","version":2,"world_id":"td-0d917a4eff776d999148769266591579674d2c42de6557026893a1902834f11f"}
[19:39:08] [Render thread/INFO]: 7DTD proxy updated: id=1d96b662-c615-4729-a431-d3c5806bac72 sequence=221 x=-45.339886486530304 y=71.0 z=75.1362463696625 yaw=154.42742919921875 pitch=2.875 roll=0.0
[19:39:09] [MC7DTD-websocket/INFO]: 7DTD entity received: {"authority":"7dtd","dimension":"7dtd:main","entity_id":"1d96b662-c615-4729-a431-d3c5806bac72","entity_type":"7dtd:player","lifecycle":{"event":"update"},"metadata":{},"origin":{"dimension":"7dtd:main","entity_id":"1d96b662-c615-4729-a431-d3c5806bac72","game":"7dtd","world_id":"td-0d917a4eff776d999148769266591579674d2c42de6557026893a1902834f11f"},"position":{"x":-45.339886486530304,"y":71,"z":75.1362463696625,"space":"minecraft"},"rotation":{"pitch":2.875,"roll":0,"yaw":154.42742919921875},"sequence":222,"source":"7dtd","stream_id":"87f4fae0-b0b2-408f-bcab-c03d8733070c","type":"entity_state","version":2,"world_id":"td-0d917a4eff776d999148769266591579674d2c42de6557026893a1902834f11f"}
[19:39:09] [Render thread/INFO]: 7DTD proxy updated: id=1d96b662-c615-4729-a431-d3c5806bac72 sequence=222 x=-45.339886486530304 y=71.0 z=75.1362463696625 yaw=154.42742919921875 pitch=2.875 roll=0.0
[19:39:09] [MC7DTD-websocket/INFO]: 7DTD entity received: {"authority":"7dtd","dimension":"7dtd:main","entity_id":"1d96b662-c615-4729-a431-d3c5806bac72","entity_type":"7dtd:player","lifecycle":{"event":"update"},"metadata":{},"origin":{"dimension":"7dtd:main","entity_id":"1d96b662-c615-4729-a431-d3c5806bac72","game":"7dtd","world_id":"td-0d917a4eff776d999148769266591579674d2c42de6557026893a1902834f11f"},"position":{"x":-45.339886486530304,"y":71,"z":75.1362463696625,"space":"minecraft"},"rotation":{"pitch":2.875,"roll":0,"yaw":154.42742919921875},"sequence":223,"source":"7dtd","stream_id":"87f4fae0-b0b2-408f-bcab-c03d8733070c","type":"entity_state","version":2,"world_id":"td-0d917a4eff776d999148769266591579674d2c42de6557026893a1902834f11f"}
[19:39:09] [Render thread/INFO]: 7DTD proxy updated: id=1d96b662-c615-4729-a431-d3c5806bac72 sequence=223 x=-45.339886486530304 y=71.0 z=75.1362463696625 yaw=154.42742919921875 pitch=2.875 roll=0.0
[19:39:10] [MC7DTD-websocket/INFO]: 7DTD entity received: {"authority":"7dtd","dimension":"7dtd:main","entity_id":"1d96b662-c615-4729-a431-d3c5806bac72","entity_type":"7dtd:player","lifecycle":{"event":"update"},"metadata":{},"origin":{"dimension":"7dtd:main","entity_id":"1d96b662-c615-4729-a431-d3c5806bac72","game":"7dtd","world_id":"td-0d917a4eff776d999148769266591579674d2c42de6557026893a1902834f11f"},"position":{"x":-45.339886486530304,"y":71,"z":75.1362463696625,"space":"minecraft"},"rotation":{"pitch":2.875,"roll":0,"yaw":154.42742919921875},"sequence":224,"source":"7dtd","stream_id":"87f4fae0-b0b2-408f-bcab-c03d8733070c","type":"entity_state","version":2,"world_id":"td-0d917a4eff776d999148769266591579674d2c42de6557026893a1902834f11f"}
[19:39:10] [Render thread/INFO]: 7DTD proxy updated: id=1d96b662-c615-4729-a431-d3c5806bac72 sequence=224 x=-45.339886486530304 y=71.0 z=75.1362463696625 yaw=154.42742919921875 pitch=2.875 roll=0.0
[19:39:10] [MC7DTD-websocket/INFO]: 7DTD entity received: {"authority":"7dtd","dimension":"7dtd:main","entity_id":"1d96b662-c615-4729-a431-d3c5806bac72","entity_type":"7dtd:player","lifecycle":{"event":"update"},"metadata":{},"origin":{"dimension":"7dtd:main","entity_id":"1d96b662-c615-4729-a431-d3c5806bac72","game":"7dtd","world_id":"td-0d917a4eff776d999148769266591579674d2c42de6557026893a1902834f11f"},"position":{"x":-45.339886486530304,"y":71,"z":75.1362463696625,"space":"minecraft"},"rotation":{"pitch":2.875,"roll":0,"yaw":154.42742919921875},"sequence":225,"source":"7dtd","stream_id":"87f4fae0-b0b2-408f-bcab-c03d8733070c","type":"entity_state","version":2,"world_id":"td-0d917a4eff776d999148769266591579674d2c42de6557026893a1902834f11f"}
[19:39:10] [Render thread/INFO]: 7DTD proxy updated: id=1d96b662-c615-4729-a431-d3c5806bac72 sequence=225 x=-45.339886486530304 y=71.0 z=75.1362463696625 yaw=154.42742919921875 pitch=2.875 roll=0.0
[19:39:11] [MC7DTD-websocket/INFO]: 7DTD entity received: {"authority":"7dtd","dimension":"7dtd:main","entity_id":"1d96b662-c615-4729-a431-d3c5806bac72","entity_type":"7dtd:player","lifecycle":{"event":"update"},"metadata":{},"origin":{"dimension":"7dtd:main","entity_id":"1d96b662-c615-4729-a431-d3c5806bac72","game":"7dtd","world_id":"td-0d917a4eff776d999148769266591579674d2c42de6557026893a1902834f11f"},"position":{"x":-45.339886486530304,"y":71,"z":75.1362463696625,"space":"minecraft"},"rotation":{"pitch":2.875,"roll":0,"yaw":154.42742919921875},"sequence":226,"source":"7dtd","stream_id":"87f4fae0-b0b2-408f-bcab-c03d8733070c","type":"entity_state","version":2,"world_id":"td-0d917a4eff776d999148769266591579674d2c42de6557026893a1902834f11f"}
[19:39:11] [Render thread/INFO]: 7DTD proxy updated: id=1d96b662-c615-4729-a431-d3c5806bac72 sequence=226 x=-45.339886486530304 y=71.0 z=75.1362463696625 yaw=154.42742919921875 pitch=2.875 roll=0.0
[19:39:11] [MC7DTD-websocket/INFO]: 7DTD entity received: {"authority":"7dtd","dimension":"7dtd:main","entity_id":"1d96b662-c615-4729-a431-d3c5806bac72","entity_type":"7dtd:player","lifecycle":{"event":"update"},"metadata":{},"origin":{"dimension":"7dtd:main","entity_id":"1d96b662-c615-4729-a431-d3c5806bac72","game":"7dtd","world_id":"td-0d917a4eff776d999148769266591579674d2c42de6557026893a1902834f11f"},"position":{"x":-45.339886486530304,"y":71,"z":75.1362463696625,"space":"minecraft"},"rotation":{"pitch":2.875,"roll":0,"yaw":154.42742919921875},"sequence":227,"source":"7dtd","stream_id":"87f4fae0-b0b2-408f-bcab-c03d8733070c","type":"entity_state","version":2,"world_id":"td-0d917a4eff776d999148769266591579674d2c42de6557026893a1902834f11f"}
[19:39:11] [Render thread/INFO]: 7DTD proxy updated: id=1d96b662-c615-4729-a431-d3c5806bac72 sequence=227 x=-45.339886486530304 y=71.0 z=75.1362463696625 yaw=154.42742919921875 pitch=2.875 roll=0.0
[19:39:12] [MC7DTD-websocket/INFO]: 7DTD entity received: {"authority":"7dtd","dimension":"7dtd:main","entity_id":"1d96b662-c615-4729-a431-d3c5806bac72","entity_type":"7dtd:player","lifecycle":{"event":"update"},"metadata":{},"origin":{"dimension":"7dtd:main","entity_id":"1d96b662-c615-4729-a431-d3c5806bac72","game":"7dtd","world_id":"td-0d917a4eff776d999148769266591579674d2c42de6557026893a1902834f11f"},"position":{"x":-45.339886486530304,"y":71,"z":75.1362463696625,"space":"minecraft"},"rotation":{"pitch":2.875,"roll":0,"yaw":154.42742919921875},"sequence":228,"source":"7dtd","stream_id":"87f4fae0-b0b2-408f-bcab-c03d8733070c","type":"entity_state","version":2,"world_id":"td-0d917a4eff776d999148769266591579674d2c42de6557026893a1902834f11f"}
[19:39:12] [Render thread/INFO]: 7DTD proxy updated: id=1d96b662-c615-4729-a431-d3c5806bac72 sequence=228 x=-45.339886486530304 y=71.0 z=75.1362463696625 yaw=154.42742919921875 pitch=2.875 roll=0.0
[19:39:12] [MC7DTD-websocket/INFO]: 7DTD entity received: {"authority":"7dtd","dimension":"7dtd:main","entity_id":"1d96b662-c615-4729-a431-d3c5806bac72","entity_type":"7dtd:player","lifecycle":{"event":"update"},"metadata":{},"origin":{"dimension":"7dtd:main","entity_id":"1d96b662-c615-4729-a431-d3c5806bac72","game":"7dtd","world_id":"td-0d917a4eff776d999148769266591579674d2c42de6557026893a1902834f11f"},"position":{"x":-45.339886486530304,"y":71,"z":75.1362463696625,"space":"minecraft"},"rotation":{"pitch":2.875,"roll":0,"yaw":154.42742919921875},"sequence":229,"source":"7dtd","stream_id":"87f4fae0-b0b2-408f-bcab-c03d8733070c","type":"entity_state","version":2,"world_id":"td-0d917a4eff776d999148769266591579674d2c42de6557026893a1902834f11f"}
[19:39:12] [Render thread/INFO]: 7DTD proxy updated: id=1d96b662-c615-4729-a431-d3c5806bac72 sequence=229 x=-45.339886486530304 y=71.0 z=75.1362463696625 yaw=154.42742919921875 pitch=2.875 roll=0.0
[19:39:13] [MC7DTD-websocket/INFO]: 7DTD entity received: {"authority":"7dtd","dimension":"7dtd:main","entity_id":"1d96b662-c615-4729-a431-d3c5806bac72","entity_type":"7dtd:player","lifecycle":{"event":"update"},"metadata":{},"origin":{"dimension":"7dtd:main","entity_id":"1d96b662-c615-4729-a431-d3c5806bac72","game":"7dtd","world_id":"td-0d917a4eff776d999148769266591579674d2c42de6557026893a1902834f11f"},"position":{"x":-45.339886486530304,"y":71,"z":75.1362463696625,"space":"minecraft"},"rotation":{"pitch":2.875,"roll":0,"yaw":154.42742919921875},"sequence":230,"source":"7dtd","stream_id":"87f4fae0-b0b2-408f-bcab-c03d8733070c","type":"entity_state","version":2,"world_id":"td-0d917a4eff776d999148769266591579674d2c42de6557026893a1902834f11f"}
[19:39:13] [Render thread/INFO]: 7DTD proxy updated: id=1d96b662-c615-4729-a431-d3c5806bac72 sequence=230 x=-45.339886486530304 y=71.0 z=75.1362463696625 yaw=154.42742919921875 pitch=2.875 roll=0.0
[19:39:13] [MC7DTD-websocket/INFO]: 7DTD entity received: {"authority":"7dtd","dimension":"7dtd:main","entity_id":"1d96b662-c615-4729-a431-d3c5806bac72","entity_type":"7dtd:player","lifecycle":{"event":"update"},"metadata":{},"origin":{"dimension":"7dtd:main","entity_id":"1d96b662-c615-4729-a431-d3c5806bac72","game":"7dtd","world_id":"td-0d917a4eff776d999148769266591579674d2c42de6557026893a1902834f11f"},"position":{"x":-45.339886486530304,"y":71,"z":75.1362463696625,"space":"minecraft"},"rotation":{"pitch":2.875,"roll":0,"yaw":154.42742919921875},"sequence":231,"source":"7dtd","stream_id":"87f4fae0-b0b2-408f-bcab-c03d8733070c","type":"entity_state","version":2,"world_id":"td-0d917a4eff776d999148769266591579674d2c42de6557026893a1902834f11f"}
[19:39:13] [Render thread/INFO]: 7DTD proxy updated: id=1d96b662-c615-4729-a431-d3c5806bac72 sequence=231 x=-45.339886486530304 y=71.0 z=75.1362463696625 yaw=154.42742919921875 pitch=2.875 roll=0.0
[19:39:14] [MC7DTD-websocket/INFO]: 7DTD entity received: {"authority":"7dtd","dimension":"7dtd:main","entity_id":"1d96b662-c615-4729-a431-d3c5806bac72","entity_type":"7dtd:player","lifecycle":{"event":"update"},"metadata":{},"origin":{"dimension":"7dtd:main","entity_id":"1d96b662-c615-4729-a431-d3c5806bac72","game":"7dtd","world_id":"td-0d917a4eff776d999148769266591579674d2c42de6557026893a1902834f11f"},"position":{"x":-45.339886486530304,"y":71,"z":75.1362463696625,"space":"minecraft"},"rotation":{"pitch":2.875,"roll":0,"yaw":154.42742919921875},"sequence":232,"source":"7dtd","stream_id":"87f4fae0-b0b2-408f-bcab-c03d8733070c","type":"entity_state","version":2,"world_id":"td-0d917a4eff776d999148769266591579674d2c42de6557026893a1902834f11f"}
[19:39:14] [Render thread/INFO]: 7DTD proxy updated: id=1d96b662-c615-4729-a431-d3c5806bac72 sequence=232 x=-45.339886486530304 y=71.0 z=75.1362463696625 yaw=154.42742919921875 pitch=2.875 roll=0.0
[19:39:14] [MC7DTD-websocket/INFO]: 7DTD entity received: {"authority":"7dtd","dimension":"7dtd:main","entity_id":"1d96b662-c615-4729-a431-d3c5806bac72","entity_type":"7dtd:player","lifecycle":{"event":"update"},"metadata":{},"origin":{"dimension":"7dtd:main","entity_id":"1d96b662-c615-4729-a431-d3c5806bac72","game":"7dtd","world_id":"td-0d917a4eff776d999148769266591579674d2c42de6557026893a1902834f11f"},"position":{"x":-45.339886486530304,"y":71,"z":75.1362463696625,"space":"minecraft"},"rotation":{"pitch":2.875,"roll":0,"yaw":154.42742919921875},"sequence":233,"source":"7dtd","stream_id":"87f4fae0-b0b2-408f-bcab-c03d8733070c","type":"entity_state","version":2,"world_id":"td-0d917a4eff776d999148769266591579674d2c42de6557026893a1902834f11f"}
[19:39:14] [Render thread/INFO]: 7DTD proxy updated: id=1d96b662-c615-4729-a431-d3c5806bac72 sequence=233 x=-45.339886486530304 y=71.0 z=75.1362463696625 yaw=154.42742919921875 pitch=2.875 roll=0.0
[19:39:15] [MC7DTD-websocket/INFO]: 7DTD entity received: {"authority":"7dtd","dimension":"7dtd:main","entity_id":"1d96b662-c615-4729-a431-d3c5806bac72","entity_type":"7dtd:player","lifecycle":{"event":"update"},"metadata":{},"origin":{"dimension":"7dtd:main","entity_id":"1d96b662-c615-4729-a431-d3c5806bac72","game":"7dtd","world_id":"td-0d917a4eff776d999148769266591579674d2c42de6557026893a1902834f11f"},"position":{"x":-45.339886486530304,"y":71,"z":75.1362463696625,"space":"minecraft"},"rotation":{"pitch":2.875,"roll":0,"yaw":154.42742919921875},"sequence":234,"source":"7dtd","stream_id":"87f4fae0-b0b2-408f-bcab-c03d8733070c","type":"entity_state","version":2,"world_id":"td-0d917a4eff776d999148769266591579674d2c42de6557026893a1902834f11f"}
[19:39:15] [Render thread/INFO]: 7DTD proxy updated: id=1d96b662-c615-4729-a431-d3c5806bac72 sequence=234 x=-45.339886486530304 y=71.0 z=75.1362463696625 yaw=154.42742919921875 pitch=2.875 roll=0.0
[19:39:15] [MC7DTD-websocket/INFO]: 7DTD entity received: {"authority":"7dtd","dimension":"7dtd:main","entity_id":"1d96b662-c615-4729-a431-d3c5806bac72","entity_type":"7dtd:player","lifecycle":{"event":"update"},"metadata":{},"origin":{"dimension":"7dtd:main","entity_id":"1d96b662-c615-4729-a431-d3c5806bac72","game":"7dtd","world_id":"td-0d917a4eff776d999148769266591579674d2c42de6557026893a1902834f11f"},"position":{"x":-45.339886486530304,"y":71,"z":75.1362463696625,"space":"minecraft"},"rotation":{"pitch":2.875,"roll":0,"yaw":154.42742919921875},"sequence":235,"source":"7dtd","stream_id":"87f4fae0-b0b2-408f-bcab-c03d8733070c","type":"entity_state","version":2,"world_id":"td-0d917a4eff776d999148769266591579674d2c42de6557026893a1902834f11f"}
[19:39:15] [Render thread/INFO]: 7DTD proxy updated: id=1d96b662-c615-4729-a431-d3c5806bac72 sequence=235 x=-45.339886486530304 y=71.0 z=75.1362463696625 yaw=154.42742919921875 pitch=2.875 roll=0.0
[19:39:16] [MC7DTD-websocket/INFO]: 7DTD entity received: {"authority":"7dtd","dimension":"7dtd:main","entity_id":"1d96b662-c615-4729-a431-d3c5806bac72","entity_type":"7dtd:player","lifecycle":{"event":"update"},"metadata":{},"origin":{"dimension":"7dtd:main","entity_id":"1d96b662-c615-4729-a431-d3c5806bac72","game":"7dtd","world_id":"td-0d917a4eff776d999148769266591579674d2c42de6557026893a1902834f11f"},"position":{"x":-45.339886486530304,"y":71,"z":75.1362463696625,"space":"minecraft"},"rotation":{"pitch":2.875,"roll":0,"yaw":154.42742919921875},"sequence":236,"source":"7dtd","stream_id":"87f4fae0-b0b2-408f-bcab-c03d8733070c","type":"entity_state","version":2,"world_id":"td-0d917a4eff776d999148769266591579674d2c42de6557026893a1902834f11f"}
[19:39:16] [Render thread/INFO]: 7DTD proxy updated: id=1d96b662-c615-4729-a431-d3c5806bac72 sequence=236 x=-45.339886486530304 y=71.0 z=75.1362463696625 yaw=154.42742919921875 pitch=2.875 roll=0.0
[19:39:16] [MC7DTD-websocket/INFO]: 7DTD entity received: {"authority":"7dtd","dimension":"7dtd:main","entity_id":"1d96b662-c615-4729-a431-d3c5806bac72","entity_type":"7dtd:player","lifecycle":{"event":"update"},"metadata":{},"origin":{"dimension":"7dtd:main","entity_id":"1d96b662-c615-4729-a431-d3c5806bac72","game":"7dtd","world_id":"td-0d917a4eff776d999148769266591579674d2c42de6557026893a1902834f11f"},"position":{"x":-45.339886486530304,"y":71,"z":75.1362463696625,"space":"minecraft"},"rotation":{"pitch":2.875,"roll":0,"yaw":154.42742919921875},"sequence":237,"source":"7dtd","stream_id":"87f4fae0-b0b2-408f-bcab-c03d8733070c","type":"entity_state","version":2,"world_id":"td-0d917a4eff776d999148769266591579674d2c42de6557026893a1902834f11f"}
[19:39:16] [Render thread/INFO]: 7DTD proxy updated: id=1d96b662-c615-4729-a431-d3c5806bac72 sequence=237 x=-45.339886486530304 y=71.0 z=75.1362463696625 yaw=154.42742919921875 pitch=2.875 roll=0.0
[19:39:17] [MC7DTD-websocket/INFO]: 7DTD entity received: {"authority":"7dtd","dimension":"7dtd:main","entity_id":"1d96b662-c615-4729-a431-d3c5806bac72","entity_type":"7dtd:player","lifecycle":{"event":"update"},"metadata":{},"origin":{"dimension":"7dtd:main","entity_id":"1d96b662-c615-4729-a431-d3c5806bac72","game":"7dtd","world_id":"td-0d917a4eff776d999148769266591579674d2c42de6557026893a1902834f11f"},"position":{"x":-45.339886486530304,"y":71,"z":75.1362463696625,"space":"minecraft"},"rotation":{"pitch":2.875,"roll":0,"yaw":154.42742919921875},"sequence":238,"source":"7dtd","stream_id":"87f4fae0-b0b2-408f-bcab-c03d8733070c","type":"entity_state","version":2,"world_id":"td-0d917a4eff776d999148769266591579674d2c42de6557026893a1902834f11f"}
[19:39:17] [Render thread/INFO]: 7DTD proxy updated: id=1d96b662-c615-4729-a431-d3c5806bac72 sequence=238 x=-45.339886486530304 y=71.0 z=75.1362463696625 yaw=154.42742919921875 pitch=2.875 roll=0.0
[19:39:17] [MC7DTD-websocket/INFO]: 7DTD entity received: {"authority":"7dtd","dimension":"7dtd:main","entity_id":"1d96b662-c615-4729-a431-d3c5806bac72","entity_type":"7dtd:player","lifecycle":{"event":"update"},"metadata":{},"origin":{"dimension":"7dtd:main","entity_id":"1d96b662-c615-4729-a431-d3c5806bac72","game":"7dtd","world_id":"td-0d917a4eff776d999148769266591579674d2c42de6557026893a1902834f11f"},"position":{"x":-45.339886486530304,"y":71,"z":75.1362463696625,"space":"minecraft"},"rotation":{"pitch":2.875,"roll":0,"yaw":154.42742919921875},"sequence":239,"source":"7dtd","stream_id":"87f4fae0-b0b2-408f-bcab-c03d8733070c","type":"entity_state","version":2,"world_id":"td-0d917a4eff776d999148769266591579674d2c42de6557026893a1902834f11f"}
[19:39:17] [Render thread/INFO]: 7DTD proxy updated: id=1d96b662-c615-4729-a431-d3c5806bac72 sequence=239 x=-45.339886486530304 y=71.0 z=75.1362463696625 yaw=154.42742919921875 pitch=2.875 roll=0.0
[19:39:18] [MC7DTD-websocket/INFO]: 7DTD entity received: {"authority":"7dtd","dimension":"7dtd:main","entity_id":"1d96b662-c615-4729-a431-d3c5806bac72","entity_type":"7dtd:player","lifecycle":{"event":"update"},"metadata":{},"origin":{"dimension":"7dtd:main","entity_id":"1d96b662-c615-4729-a431-d3c5806bac72","game":"7dtd","world_id":"td-0d917a4eff776d999148769266591579674d2c42de6557026893a1902834f11f"},"position":{"x":-45.339886486530304,"y":71,"z":75.1362463696625,"space":"minecraft"},"rotation":{"pitch":2.875,"roll":0,"yaw":154.42742919921875},"sequence":240,"source":"7dtd","stream_id":"87f4fae0-b0b2-408f-bcab-c03d8733070c","type":"entity_state","version":2,"world_id":"td-0d917a4eff776d999148769266591579674d2c42de6557026893a1902834f11f"}
[19:39:18] [Render thread/INFO]: 7DTD proxy updated: id=1d96b662-c615-4729-a431-d3c5806bac72 sequence=240 x=-45.339886486530304 y=71.0 z=75.1362463696625 yaw=154.42742919921875 pitch=2.875 roll=0.0
[19:39:18] [MC7DTD-websocket/INFO]: 7DTD entity received: {"authority":"7dtd","dimension":"7dtd:main","entity_id":"1d96b662-c615-4729-a431-d3c5806bac72","entity_type":"7dtd:player","lifecycle":{"event":"update"},"metadata":{},"origin":{"dimension":"7dtd:main","entity_id":"1d96b662-c615-4729-a431-d3c5806bac72","game":"7dtd","world_id":"td-0d917a4eff776d999148769266591579674d2c42de6557026893a1902834f11f"},"position":{"x":-45.339886486530304,"y":71,"z":75.1362463696625,"space":"minecraft"},"rotation":{"pitch":2.875,"roll":0,"yaw":154.42742919921875},"sequence":241,"source":"7dtd","stream_id":"87f4fae0-b0b2-408f-bcab-c03d8733070c","type":"entity_state","version":2,"world_id":"td-0d917a4eff776d999148769266591579674d2c42de6557026893a1902834f11f"}
[19:39:18] [Render thread/INFO]: 7DTD proxy updated: id=1d96b662-c615-4729-a431-d3c5806bac72 sequence=241 x=-45.339886486530304 y=71.0 z=75.1362463696625 yaw=154.42742919921875 pitch=2.875 roll=0.0
[19:39:19] [MC7DTD-websocket/INFO]: 7DTD entity received: {"authority":"7dtd","dimension":"7dtd:main","entity_id":"1d96b662-c615-4729-a431-d3c5806bac72","entity_type":"7dtd:player","lifecycle":{"event":"update"},"metadata":{},"origin":{"dimension":"7dtd:main","entity_id":"1d96b662-c615-4729-a431-d3c5806bac72","game":"7dtd","world_id":"td-0d917a4eff776d999148769266591579674d2c42de6557026893a1902834f11f"},"position":{"x":-45.339886486530304,"y":71,"z":75.1362463696625,"space":"minecraft"},"rotation":{"pitch":2.875,"roll":0,"yaw":154.42742919921875},"sequence":242,"source":"7dtd","stream_id":"87f4fae0-b0b2-408f-bcab-c03d8733070c","type":"entity_state","version":2,"world_id":"td-0d917a4eff776d999148769266591579674d2c42de6557026893a1902834f11f"}
[19:39:19] [Render thread/INFO]: 7DTD proxy updated: id=1d96b662-c615-4729-a431-d3c5806bac72 sequence=242 x=-45.339886486530304 y=71.0 z=75.1362463696625 yaw=154.42742919921875 pitch=2.875 roll=0.0
[19:39:19] [MC7DTD-websocket/INFO]: 7DTD entity received: {"authority":"7dtd","dimension":"7dtd:main","entity_id":"1d96b662-c615-4729-a431-d3c5806bac72","entity_type":"7dtd:player","lifecycle":{"event":"update"},"metadata":{},"origin":{"dimension":"7dtd:main","entity_id":"1d96b662-c615-4729-a431-d3c5806bac72","game":"7dtd","world_id":"td-0d917a4eff776d999148769266591579674d2c42de6557026893a1902834f11f"},"position":{"x":-45.339886486530304,"y":71,"z":75.1362463696625,"space":"minecraft"},"rotation":{"pitch":2.875,"roll":0,"yaw":154.42742919921875},"sequence":243,"source":"7dtd","stream_id":"87f4fae0-b0b2-408f-bcab-c03d8733070c","type":"entity_state","version":2,"world_id":"td-0d917a4eff776d999148769266591579674d2c42de6557026893a1902834f11f"}
[19:39:19] [Render thread/INFO]: 7DTD proxy updated: id=1d96b662-c615-4729-a431-d3c5806bac72 sequence=243 x=-45.339886486530304 y=71.0 z=75.1362463696625 yaw=154.42742919921875 pitch=2.875 roll=0.0
[19:39:20] [MC7DTD-websocket/INFO]: 7DTD entity received: {"authority":"7dtd","dimension":"7dtd:main","entity_id":"1d96b662-c615-4729-a431-d3c5806bac72","entity_type":"7dtd:player","lifecycle":{"event":"update"},"metadata":{},"origin":{"dimension":"7dtd:main","entity_id":"1d96b662-c615-4729-a431-d3c5806bac72","game":"7dtd","world_id":"td-0d917a4eff776d999148769266591579674d2c42de6557026893a1902834f11f"},"position":{"x":-45.339886486530304,"y":71,"z":75.1362463696625,"space":"minecraft"},"rotation":{"pitch":2.875,"roll":0,"yaw":154.42742919921875},"sequence":244,"source":"7dtd","stream_id":"87f4fae0-b0b2-408f-bcab-c03d8733070c","type":"entity_state","version":2,"world_id":"td-0d917a4eff776d999148769266591579674d2c42de6557026893a1902834f11f"}
[19:39:20] [Render thread/INFO]: 7DTD proxy updated: id=1d96b662-c615-4729-a431-d3c5806bac72 sequence=244 x=-45.339886486530304 y=71.0 z=75.1362463696625 yaw=154.42742919921875 pitch=2.875 roll=0.0
[19:39:20] [MC7DTD-websocket/INFO]: 7DTD entity received: {"authority":"7dtd","dimension":"7dtd:main","entity_id":"1d96b662-c615-4729-a431-d3c5806bac72","entity_type":"7dtd:player","lifecycle":{"event":"update"},"metadata":{},"origin":{"dimension":"7dtd:main","entity_id":"1d96b662-c615-4729-a431-d3c5806bac72","game":"7dtd","world_id":"td-0d917a4eff776d999148769266591579674d2c42de6557026893a1902834f11f"},"position":{"x":-45.339886486530304,"y":71,"z":75.1362463696625,"space":"minecraft"},"rotation":{"pitch":2.875,"roll":0,"yaw":154.42742919921875},"sequence":245,"source":"7dtd","stream_id":"87f4fae0-b0b2-408f-bcab-c03d8733070c","type":"entity_state","version":2,"world_id":"td-0d917a4eff776d999148769266591579674d2c42de6557026893a1902834f11f"}
[19:39:20] [Render thread/INFO]: 7DTD proxy updated: id=1d96b662-c615-4729-a431-d3c5806bac72 sequence=245 x=-45.339886486530304 y=71.0 z=75.1362463696625 yaw=154.42742919921875 pitch=2.875 roll=0.0
[19:39:21] [MC7DTD-websocket/INFO]: 7DTD entity received: {"authority":"7dtd","dimension":"7dtd:main","entity_id":"1d96b662-c615-4729-a431-d3c5806bac72","entity_type":"7dtd:player","lifecycle":{"event":"update"},"metadata":{},"origin":{"dimension":"7dtd:main","entity_id":"1d96b662-c615-4729-a431-d3c5806bac72","game":"7dtd","world_id":"td-0d917a4eff776d999148769266591579674d2c42de6557026893a1902834f11f"},"position":{"x":-45.339886486530304,"y":71,"z":75.1362463696625,"space":"minecraft"},"rotation":{"pitch":2.875,"roll":0,"yaw":154.42742919921875},"sequence":246,"source":"7dtd","stream_id":"87f4fae0-b0b2-408f-bcab-c03d8733070c","type":"entity_state","version":2,"world_id":"td-0d917a4eff776d999148769266591579674d2c42de6557026893a1902834f11f"}
[19:39:21] [Render thread/INFO]: 7DTD proxy updated: id=1d96b662-c615-4729-a431-d3c5806bac72 sequence=246 x=-45.339886486530304 y=71.0 z=75.1362463696625 yaw=154.42742919921875 pitch=2.875 roll=0.0
[19:39:21] [MC7DTD-websocket/INFO]: 7DTD entity received: {"authority":"7dtd","dimension":"7dtd:main","entity_id":"1d96b662-c615-4729-a431-d3c5806bac72","entity_type":"7dtd:player","lifecycle":{"event":"update"},"metadata":{},"origin":{"dimension":"7dtd:main","entity_id":"1d96b662-c615-4729-a431-d3c5806bac72","game":"7dtd","world_id":"td-0d917a4eff776d999148769266591579674d2c42de6557026893a1902834f11f"},"position":{"x":-45.339886486530304,"y":71,"z":75.1362463696625,"space":"minecraft"},"rotation":{"pitch":2.875,"roll":0,"yaw":154.42742919921875},"sequence":247,"source":"7dtd","stream_id":"87f4fae0-b0b2-408f-bcab-c03d8733070c","type":"entity_state","version":2,"world_id":"td-0d917a4eff776d999148769266591579674d2c42de6557026893a1902834f11f"}
[19:39:21] [Render thread/INFO]: 7DTD proxy updated: id=1d96b662-c615-4729-a431-d3c5806bac72 sequence=247 x=-45.339886486530304 y=71.0 z=75.1362463696625 yaw=154.42742919921875 pitch=2.875 roll=0.0
[19:39:22] [MC7DTD-websocket/INFO]: 7DTD entity received: {"authority":"7dtd","dimension":"7dtd:main","entity_id":"1d96b662-c615-4729-a431-d3c5806bac72","entity_type":"7dtd:player","lifecycle":{"event":"update"},"metadata":{},"origin":{"dimension":"7dtd:main","entity_id":"1d96b662-c615-4729-a431-d3c5806bac72","game":"7dtd","world_id":"td-0d917a4eff776d999148769266591579674d2c42de6557026893a1902834f11f"},"position":{"x":-45.339886486530304,"y":71,"z":75.1362463696625,"space":"minecraft"},"rotation":{"pitch":2.875,"roll":0,"yaw":154.42742919921875},"sequence":248,"source":"7dtd","stream_id":"87f4fae0-b0b2-408f-bcab-c03d8733070c","type":"entity_state","version":2,"world_id":"td-0d917a4eff776d999148769266591579674d2c42de6557026893a1902834f11f"}
[19:39:22] [Render thread/INFO]: 7DTD proxy updated: id=1d96b662-c615-4729-a431-d3c5806bac72 sequence=248 x=-45.339886486530304 y=71.0 z=75.1362463696625 yaw=154.42742919921875 pitch=2.875 roll=0.0
[19:39:22] [MC7DTD-websocket/INFO]: 7DTD entity received: {"authority":"7dtd","dimension":"7dtd:main","entity_id":"1d96b662-c615-4729-a431-d3c5806bac72","entity_type":"7dtd:player","lifecycle":{"event":"update"},"metadata":{},"origin":{"dimension":"7dtd:main","entity_id":"1d96b662-c615-4729-a431-d3c5806bac72","game":"7dtd","world_id":"td-0d917a4eff776d999148769266591579674d2c42de6557026893a1902834f11f"},"position":{"x":-45.339886486530304,"y":71,"z":75.1362463696625,"space":"minecraft"},"rotation":{"pitch":2.875,"roll":0,"yaw":154.42742919921875},"sequence":249,"source":"7dtd","stream_id":"87f4fae0-b0b2-408f-bcab-c03d8733070c","type":"entity_state","version":2,"world_id":"td-0d917a4eff776d999148769266591579674d2c42de6557026893a1902834f11f"}
[19:39:22] [Render thread/INFO]: 7DTD proxy updated: id=1d96b662-c615-4729-a431-d3c5806bac72 sequence=249 x=-45.339886486530304 y=71.0 z=75.1362463696625 yaw=154.42742919921875 pitch=2.875 roll=0.0
[19:39:23] [MC7DTD-websocket/INFO]: 7DTD entity received: {"authority":"7dtd","dimension":"7dtd:main","entity_id":"1d96b662-c615-4729-a431-d3c5806bac72","entity_type":"7dtd:player","lifecycle":{"event":"update"},"metadata":{},"origin":{"dimension":"7dtd:main","entity_id":"1d96b662-c615-4729-a431-d3c5806bac72","game":"7dtd","world_id":"td-0d917a4eff776d999148769266591579674d2c42de6557026893a1902834f11f"},"position":{"x":-45.339886486530304,"y":71,"z":75.1362463696625,"space":"minecraft"},"rotation":{"pitch":2.875,"roll":0,"yaw":154.42742919921875},"sequence":250,"source":"7dtd","stream_id":"87f4fae0-b0b2-408f-bcab-c03d8733070c","type":"entity_state","version":2,"world_id":"td-0d917a4eff776d999148769266591579674d2c42de6557026893a1902834f11f"}
[19:39:23] [Render thread/INFO]: 7DTD proxy updated: id=1d96b662-c615-4729-a431-d3c5806bac72 sequence=250 x=-45.339886486530304 y=71.0 z=75.1362463696625 yaw=154.42742919921875 pitch=2.875 roll=0.0
[19:39:23] [MC7DTD-websocket/INFO]: 7DTD entity received: {"authority":"7dtd","dimension":"7dtd:main","entity_id":"1d96b662-c615-4729-a431-d3c5806bac72","entity_type":"7dtd:player","lifecycle":{"event":"update"},"metadata":{},"origin":{"dimension":"7dtd:main","entity_id":"1d96b662-c615-4729-a431-d3c5806bac72","game":"7dtd","world_id":"td-0d917a4eff776d999148769266591579674d2c42de6557026893a1902834f11f"},"position":{"x":-45.339886486530304,"y":71,"z":75.1362463696625,"space":"minecraft"},"rotation":{"pitch":2.875,"roll":0,"yaw":154.42742919921875},"sequence":251,"source":"7dtd","stream_id":"87f4fae0-b0b2-408f-bcab-c03d8733070c","type":"entity_state","version":2,"world_id":"td-0d917a4eff776d999148769266591579674d2c42de6557026893a1902834f11f"}
[19:39:23] [Render thread/INFO]: 7DTD proxy updated: id=1d96b662-c615-4729-a431-d3c5806bac72 sequence=251 x=-45.339886486530304 y=71.0 z=75.1362463696625 yaw=154.42742919921875 pitch=2.875 roll=0.0
[19:39:24] [MC7DTD-websocket/INFO]: 7DTD entity received: {"authority":"7dtd","dimension":"7dtd:main","entity_id":"1d96b662-c615-4729-a431-d3c5806bac72","entity_type":"7dtd:player","lifecycle":{"event":"update"},"metadata":{},"origin":{"dimension":"7dtd:main","entity_id":"1d96b662-c615-4729-a431-d3c5806bac72","game":"7dtd","world_id":"td-0d917a4eff776d999148769266591579674d2c42de6557026893a1902834f11f"},"position":{"x":-45.339886486530304,"y":71,"z":75.1362463696625,"space":"minecraft"},"rotation":{"pitch":2.875,"roll":0,"yaw":154.42742919921875},"sequence":252,"source":"7dtd","stream_id":"87f4fae0-b0b2-408f-bcab-c03d8733070c","type":"entity_state","version":2,"world_id":"td-0d917a4eff776d999148769266591579674d2c42de6557026893a1902834f11f"}
[19:39:24] [Render thread/INFO]: 7DTD proxy updated: id=1d96b662-c615-4729-a431-d3c5806bac72 sequence=252 x=-45.339886486530304 y=71.0 z=75.1362463696625 yaw=154.42742919921875 pitch=2.875 roll=0.0
[19:39:24] [MC7DTD-websocket/INFO]: 7DTD entity received: {"authority":"7dtd","dimension":"7dtd:main","entity_id":"1d96b662-c615-4729-a431-d3c5806bac72","entity_type":"7dtd:player","lifecycle":{"event":"update"},"metadata":{},"origin":{"dimension":"7dtd:main","entity_id":"1d96b662-c615-4729-a431-d3c5806bac72","game":"7dtd","world_id":"td-0d917a4eff776d999148769266591579674d2c42de6557026893a1902834f11f"},"position":{"x":-45.339886486530304,"y":71,"z":75.1362463696625,"space":"minecraft"},"rotation":{"pitch":2.875,"roll":0,"yaw":154.42742919921875},"sequence":253,"source":"7dtd","stream_id":"87f4fae0-b0b2-408f-bcab-c03d8733070c","type":"entity_state","version":2,"world_id":"td-0d917a4eff776d999148769266591579674d2c42de6557026893a1902834f11f"}
[19:39:24] [Render thread/INFO]: 7DTD proxy updated: id=1d96b662-c615-4729-a431-d3c5806bac72 sequence=253 x=-45.339886486530304 y=71.0 z=75.1362463696625 yaw=154.42742919921875 pitch=2.875 roll=0.0
[19:39:25] [MC7DTD-websocket/INFO]: 7DTD entity received: {"authority":"7dtd","dimension":"7dtd:main","entity_id":"1d96b662-c615-4729-a431-d3c5806bac72","entity_type":"7dtd:player","lifecycle":{"event":"update"},"metadata":{},"origin":{"dimension":"7dtd:main","entity_id":"1d96b662-c615-4729-a431-d3c5806bac72","game":"7dtd","world_id":"td-0d917a4eff776d999148769266591579674d2c42de6557026893a1902834f11f"},"position":{"x":-45.339886486530304,"y":71,"z":75.1362463696625,"space":"minecraft"},"rotation":{"pitch":2.875,"roll":0,"yaw":154.42742919921875},"sequence":254,"source":"7dtd","stream_id":"87f4fae0-b0b2-408f-bcab-c03d8733070c","type":"entity_state","version":2,"world_id":"td-0d917a4eff776d999148769266591579674d2c42de6557026893a1902834f11f"}
[19:39:25] [Render thread/INFO]: 7DTD proxy updated: id=1d96b662-c615-4729-a431-d3c5806bac72 sequence=254 x=-45.339886486530304 y=71.0 z=75.1362463696625 yaw=154.42742919921875 pitch=2.875 roll=0.0
[19:39:25] [MC7DTD-websocket/INFO]: 7DTD entity received: {"authority":"7dtd","dimension":"7dtd:main","entity_id":"1d96b662-c615-4729-a431-d3c5806bac72","entity_type":"7dtd:player","lifecycle":{"event":"update"},"metadata":{},"origin":{"dimension":"7dtd:main","entity_id":"1d96b662-c615-4729-a431-d3c5806bac72","game":"7dtd","world_id":"td-0d917a4eff776d999148769266591579674d2c42de6557026893a1902834f11f"},"position":{"x":-45.339886486530304,"y":71,"z":75.1362463696625,"space":"minecraft"},"rotation":{"pitch":2.875,"roll":0,"yaw":154.42742919921875},"sequence":255,"source":"7dtd","stream_id":"87f4fae0-b0b2-408f-bcab-c03d8733070c","type":"entity_state","version":2,"world_id":"td-0d917a4eff776d999148769266591579674d2c42de6557026893a1902834f11f"}
[19:39:25] [Render thread/INFO]: 7DTD proxy updated: id=1d96b662-c615-4729-a431-d3c5806bac72 sequence=255 x=-45.339886486530304 y=71.0 z=75.1362463696625 yaw=154.42742919921875 pitch=2.875 roll=0.0
[19:39:26] [MC7DTD-websocket/INFO]: 7DTD entity received: {"authority":"7dtd","dimension":"7dtd:main","entity_id":"1d96b662-c615-4729-a431-d3c5806bac72","entity_type":"7dtd:player","lifecycle":{"event":"update"},"metadata":{},"origin":{"dimension":"7dtd:main","entity_id":"1d96b662-c615-4729-a431-d3c5806bac72","game":"7dtd","world_id":"td-0d917a4eff776d999148769266591579674d2c42de6557026893a1902834f11f"},"position":{"x":-45.339886486530304,"y":71,"z":75.1362463696625,"space":"minecraft"},"rotation":{"pitch":2.875,"roll":0,"yaw":154.42742919921875},"sequence":256,"source":"7dtd","stream_id":"87f4fae0-b0b2-408f-bcab-c03d8733070c","type":"entity_state","version":2,"world_id":"td-0d917a4eff776d999148769266591579674d2c42de6557026893a1902834f11f"}
[19:39:26] [Render thread/INFO]: 7DTD proxy updated: id=1d96b662-c615-4729-a431-d3c5806bac72 sequence=256 x=-45.339886486530304 y=71.0 z=75.1362463696625 yaw=154.42742919921875 pitch=2.875 roll=0.0
[19:39:26] [MC7DTD-websocket/INFO]: 7DTD entity received: {"authority":"7dtd","dimension":"7dtd:main","entity_id":"1d96b662-c615-4729-a431-d3c5806bac72","entity_type":"7dtd:player","lifecycle":{"event":"update"},"metadata":{},"origin":{"dimension":"7dtd:main","entity_id":"1d96b662-c615-4729-a431-d3c5806bac72","game":"7dtd","world_id":"td-0d917a4eff776d999148769266591579674d2c42de6557026893a1902834f11f"},"position":{"x":-45.339886486530304,"y":71,"z":75.1362463696625,"space":"minecraft"},"rotation":{"pitch":2.875,"roll":0,"yaw":154.42742919921875},"sequence":257,"source":"7dtd","stream_id":"87f4fae0-b0b2-408f-bcab-c03d8733070c","type":"entity_state","version":2,"world_id":"td-0d917a4eff776d999148769266591579674d2c42de6557026893a1902834f11f"}
[19:39:26] [Render thread/INFO]: 7DTD proxy updated: id=1d96b662-c615-4729-a431-d3c5806bac72 sequence=257 x=-45.339886486530304 y=71.0 z=75.1362463696625 yaw=154.42742919921875 pitch=2.875 roll=0.0
[19:39:27] [MC7DTD-websocket/INFO]: 7DTD entity received: {"authority":"7dtd","dimension":"7dtd:main","entity_id":"1d96b662-c615-4729-a431-d3c5806bac72","entity_type":"7dtd:player","lifecycle":{"event":"update"},"metadata":{},"origin":{"dimension":"7dtd:main","entity_id":"1d96b662-c615-4729-a431-d3c5806bac72","game":"7dtd","world_id":"td-0d917a4eff776d999148769266591579674d2c42de6557026893a1902834f11f"},"position":{"x":-45.339886486530304,"y":71,"z":75.1362463696625,"space":"minecraft"},"rotation":{"pitch":2.875,"roll":0,"yaw":154.42742919921875},"sequence":258,"source":"7dtd","stream_id":"87f4fae0-b0b2-408f-bcab-c03d8733070c","type":"entity_state","version":2,"world_id":"td-0d917a4eff776d999148769266591579674d2c42de6557026893a1902834f11f"}
[19:39:27] [Render thread/INFO]: 7DTD proxy updated: id=1d96b662-c615-4729-a431-d3c5806bac72 sequence=258 x=-45.339886486530304 y=71.0 z=75.1362463696625 yaw=154.42742919921875 pitch=2.875 roll=0.0
[19:39:27] [MC7DTD-websocket/INFO]: 7DTD entity received: {"authority":"7dtd","dimension":"7dtd:main","entity_id":"1d96b662-c615-4729-a431-d3c5806bac72","entity_type":"7dtd:player","lifecycle":{"event":"update"},"metadata":{},"origin":{"dimension":"7dtd:main","entity_id":"1d96b662-c615-4729-a431-d3c5806bac72","game":"7dtd","world_id":"td-0d917a4eff776d999148769266591579674d2c42de6557026893a1902834f11f"},"position":{"x":-45.339886486530304,"y":71,"z":75.1362463696625,"space":"minecraft"},"rotation":{"pitch":2.875,"roll":0,"yaw":154.42742919921875},"sequence":259,"source":"7dtd","stream_id":"87f4fae0-b0b2-408f-bcab-c03d8733070c","type":"entity_state","version":2,"world_id":"td-0d917a4eff776d999148769266591579674d2c42de6557026893a1902834f11f"}
[19:39:27] [Render thread/INFO]: 7DTD proxy updated: id=1d96b662-c615-4729-a431-d3c5806bac72 sequence=259 x=-45.339886486530304 y=71.0 z=75.1362463696625 yaw=154.42742919921875 pitch=2.875 roll=0.0
[19:39:28] [MC7DTD-websocket/INFO]: 7DTD entity received: {"authority":"7dtd","dimension":"7dtd:main","entity_id":"1d96b662-c615-4729-a431-d3c5806bac72","entity_type":"7dtd:player","lifecycle":{"event":"update"},"metadata":{},"origin":{"dimension":"7dtd:main","entity_id":"1d96b662-c615-4729-a431-d3c5806bac72","game":"7dtd","world_id":"td-0d917a4eff776d999148769266591579674d2c42de6557026893a1902834f11f"},"position":{"x":-45.339886486530304,"y":71,"z":75.1362463696625,"space":"minecraft"},"rotation":{"pitch":2.875,"roll":0,"yaw":154.42742919921875},"sequence":260,"source":"7dtd","stream_id":"87f4fae0-b0b2-408f-bcab-c03d8733070c","type":"entity_state","version":2,"world_id":"td-0d917a4eff776d999148769266591579674d2c42de6557026893a1902834f11f"}
[19:39:28] [Render thread/INFO]: 7DTD proxy updated: id=1d96b662-c615-4729-a431-d3c5806bac72 sequence=260 x=-45.339886486530304 y=71.0 z=75.1362463696625 yaw=154.42742919921875 pitch=2.875 roll=0.0
[19:39:28] [MC7DTD-websocket/INFO]: 7DTD entity received: {"authority":"7dtd","dimension":"7dtd:main","entity_id":"1d96b662-c615-4729-a431-d3c5806bac72","entity_type":"7dtd:player","lifecycle":{"event":"update"},"metadata":{},"origin":{"dimension":"7dtd:main","entity_id":"1d96b662-c615-4729-a431-d3c5806bac72","game":"7dtd","world_id":"td-0d917a4eff776d999148769266591579674d2c42de6557026893a1902834f11f"},"position":{"x":-45.339886486530304,"y":71,"z":75.1362463696625,"space":"minecraft"},"rotation":{"pitch":2.875,"roll":0,"yaw":154.42742919921875},"sequence":261,"source":"7dtd","stream_id":"87f4fae0-b0b2-408f-bcab-c03d8733070c","type":"entity_state","version":2,"world_id":"td-0d917a4eff776d999148769266591579674d2c42de6557026893a1902834f11f"}
[19:39:28] [Render thread/INFO]: 7DTD proxy updated: id=1d96b662-c615-4729-a431-d3c5806bac72 sequence=261 x=-45.339886486530304 y=71.0 z=75.1362463696625 yaw=154.42742919921875 pitch=2.875 roll=0.0
[19:39:29] [MC7DTD-websocket/INFO]: 7DTD entity received: {"authority":"7dtd","dimension":"7dtd:main","entity_id":"1d96b662-c615-4729-a431-d3c5806bac72","entity_type":"7dtd:player","lifecycle":{"event":"update"},"metadata":{},"origin":{"dimension":"7dtd:main","entity_id":"1d96b662-c615-4729-a431-d3c5806bac72","game":"7dtd","world_id":"td-0d917a4eff776d999148769266591579674d2c42de6557026893a1902834f11f"},"position":{"x":-45.339886486530304,"y":71,"z":75.1362463696625,"space":"minecraft"},"rotation":{"pitch":2.875,"roll":0,"yaw":154.42742919921875},"sequence":262,"source":"7dtd","stream_id":"87f4fae0-b0b2-408f-bcab-c03d8733070c","type":"entity_state","version":2,"world_id":"td-0d917a4eff776d999148769266591579674d2c42de6557026893a1902834f11f"}
[19:39:29] [Render thread/INFO]: 7DTD proxy updated: id=1d96b662-c615-4729-a431-d3c5806bac72 sequence=262 x=-45.339886486530304 y=71.0 z=75.1362463696625 yaw=154.42742919921875 pitch=2.875 roll=0.0
[19:39:29] [MC7DTD-websocket/INFO]: 7DTD entity received: {"authority":"7dtd","dimension":"7dtd:main","entity_id":"1d96b662-c615-4729-a431-d3c5806bac72","entity_type":"7dtd:player","lifecycle":{"event":"update"},"metadata":{},"origin":{"dimension":"7dtd:main","entity_id":"1d96b662-c615-4729-a431-d3c5806bac72","game":"7dtd","world_id":"td-0d917a4eff776d999148769266591579674d2c42de6557026893a1902834f11f"},"position":{"x":-45.339886486530304,"y":71,"z":75.1362463696625,"space":"minecraft"},"rotation":{"pitch":2.875,"roll":0,"yaw":154.42742919921875},"sequence":263,"source":"7dtd","stream_id":"87f4fae0-b0b2-408f-bcab-c03d8733070c","type":"entity_state","version":2,"world_id":"td-0d917a4eff776d999148769266591579674d2c42de6557026893a1902834f11f"}
[19:39:29] [Render thread/INFO]: 7DTD proxy updated: id=1d96b662-c615-4729-a431-d3c5806bac72 sequence=263 x=-45.339886486530304 y=71.0 z=75.1362463696625 yaw=154.42742919921875 pitch=2.875 roll=0.0
[19:39:30] [MC7DTD-websocket/INFO]: 7DTD entity received: {"authority":"7dtd","dimension":"7dtd:main","entity_id":"1d96b662-c615-4729-a431-d3c5806bac72","entity_type":"7dtd:player","lifecycle":{"event":"update"},"metadata":{},"origin":{"dimension":"7dtd:main","entity_id":"1d96b662-c615-4729-a431-d3c5806bac72","game":"7dtd","world_id":"td-0d917a4eff776d999148769266591579674d2c42de6557026893a1902834f11f"},"position":{"x":-45.339886486530304,"y":71,"z":75.1362463696625,"space":"minecraft"},"rotation":{"pitch":2.875,"roll":0,"yaw":154.42742919921875},"sequence":264,"source":"7dtd","stream_id":"87f4fae0-b0b2-408f-bcab-c03d8733070c","type":"entity_state","version":2,"world_id":"td-0d917a4eff776d999148769266591579674d2c42de6557026893a1902834f11f"}
[19:39:30] [Render thread/INFO]: 7DTD proxy updated: id=1d96b662-c615-4729-a431-d3c5806bac72 sequence=264 x=-45.339886486530304 y=71.0 z=75.1362463696625 yaw=154.42742919921875 pitch=2.875 roll=0.0
[19:39:30] [MC7DTD-websocket/INFO]: 7DTD entity received: {"authority":"7dtd","dimension":"7dtd:main","entity_id":"1d96b662-c615-4729-a431-d3c5806bac72","entity_type":"7dtd:player","lifecycle":{"event":"update"},"metadata":{},"origin":{"dimension":"7dtd:main","entity_id":"1d96b662-c615-4729-a431-d3c5806bac72","game":"7dtd","world_id":"td-0d917a4eff776d999148769266591579674d2c42de6557026893a1902834f11f"},"position":{"x":-45.339886486530304,"y":71,"z":75.1362463696625,"space":"minecraft"},"rotation":{"pitch":2.875,"roll":0,"yaw":154.42742919921875},"sequence":265,"source":"7dtd","stream_id":"87f4fae0-b0b2-408f-bcab-c03d8733070c","type":"entity_state","version":2,"world_id":"td-0d917a4eff776d999148769266591579674d2c42de6557026893a1902834f11f"}
[19:39:30] [Render thread/INFO]: 7DTD proxy updated: id=1d96b662-c615-4729-a431-d3c5806bac72 sequence=265 x=-45.339886486530304 y=71.0 z=75.1362463696625 yaw=154.42742919921875 pitch=2.875 roll=0.0
[19:39:31] [MC7DTD-websocket/INFO]: 7DTD entity received: {"authority":"7dtd","dimension":"7dtd:main","entity_id":"1d96b662-c615-4729-a431-d3c5806bac72","entity_type":"7dtd:player","lifecycle":{"event":"update"},"metadata":{},"origin":{"dimension":"7dtd:main","entity_id":"1d96b662-c615-4729-a431-d3c5806bac72","game":"7dtd","world_id":"td-0d917a4eff776d999148769266591579674d2c42de6557026893a1902834f11f"},"position":{"x":-45.339886486530304,"y":71,"z":75.1362463696625,"space":"minecraft"},"rotation":{"pitch":2.875,"roll":0,"yaw":154.42742919921875},"sequence":266,"source":"7dtd","stream_id":"87f4fae0-b0b2-408f-bcab-c03d8733070c","type":"entity_state","version":2,"world_id":"td-0d917a4eff776d999148769266591579674d2c42de6557026893a1902834f11f"}
[19:39:31] [Render thread/INFO]: 7DTD proxy updated: id=1d96b662-c615-4729-a431-d3c5806bac72 sequence=266 x=-45.339886486530304 y=71.0 z=75.1362463696625 yaw=154.42742919921875 pitch=2.875 roll=0.0
[19:39:31] [MC7DTD-websocket/INFO]: 7DTD entity received: {"authority":"7dtd","dimension":"7dtd:main","entity_id":"1d96b662-c615-4729-a431-d3c5806bac72","entity_type":"7dtd:player","lifecycle":{"event":"update"},"metadata":{},"origin":{"dimension":"7dtd:main","entity_id":"1d96b662-c615-4729-a431-d3c5806bac72","game":"7dtd","world_id":"td-0d917a4eff776d999148769266591579674d2c42de6557026893a1902834f11f"},"position":{"x":-45.339886486530304,"y":71,"z":75.1362463696625,"space":"minecraft"},"rotation":{"pitch":2.875,"roll":0,"yaw":154.42742919921875},"sequence":267,"source":"7dtd","stream_id":"87f4fae0-b0b2-408f-bcab-c03d8733070c","type":"entity_state","version":2,"world_id":"td-0d917a4eff776d999148769266591579674d2c42de6557026893a1902834f11f"}
[19:39:31] [Render thread/INFO]: 7DTD proxy updated: id=1d96b662-c615-4729-a431-d3c5806bac72 sequence=267 x=-45.339886486530304 y=71.0 z=75.1362463696625 yaw=154.42742919921875 pitch=2.875 roll=0.0
[19:39:32] [MC7DTD-websocket/INFO]: 7DTD entity received: {"authority":"7dtd","dimension":"7dtd:main","entity_id":"1d96b662-c615-4729-a431-d3c5806bac72","entity_type":"7dtd:player","lifecycle":{"event":"update"},"metadata":{},"origin":{"dimension":"7dtd:main","entity_id":"1d96b662-c615-4729-a431-d3c5806bac72","game":"7dtd","world_id":"td-0d917a4eff776d999148769266591579674d2c42de6557026893a1902834f11f"},"position":{"x":-45.339886486530304,"y":71,"z":75.1362463696625,"space":"minecraft"},"rotation":{"pitch":2.875,"roll":0,"yaw":154.42742919921875},"sequence":268,"source":"7dtd","stream_id":"87f4fae0-b0b2-408f-bcab-c03d8733070c","type":"entity_state","version":2,"world_id":"td-0d917a4eff776d999148769266591579674d2c42de6557026893a1902834f11f"}
[19:39:32] [Render thread/INFO]: 7DTD proxy updated: id=1d96b662-c615-4729-a431-d3c5806bac72 sequence=268 x=-45.339886486530304 y=71.0 z=75.1362463696625 yaw=154.42742919921875 pitch=2.875 roll=0.0
[19:39:32] [MC7DTD-websocket/INFO]: 7DTD entity received: {"authority":"7dtd","dimension":"7dtd:main","entity_id":"1d96b662-c615-4729-a431-d3c5806bac72","entity_type":"7dtd:player","lifecycle":{"event":"update"},"metadata":{},"origin":{"dimension":"7dtd:main","entity_id":"1d96b662-c615-4729-a431-d3c5806bac72","game":"7dtd","world_id":"td-0d917a4eff776d999148769266591579674d2c42de6557026893a1902834f11f"},"position":{"x":-45.339886486530304,"y":71,"z":75.1362463696625,"space":"minecraft"},"rotation":{"pitch":2.875,"roll":0,"yaw":154.42742919921875},"sequence":269,"source":"7dtd","stream_id":"87f4fae0-b0b2-408f-bcab-c03d8733070c","type":"entity_state","version":2,"world_id":"td-0d917a4eff776d999148769266591579674d2c42de6557026893a1902834f11f"}
[19:39:32] [Render thread/INFO]: 7DTD proxy updated: id=1d96b662-c615-4729-a431-d3c5806bac72 sequence=269 x=-45.339886486530304 y=71.0 z=75.1362463696625 yaw=154.42742919921875 pitch=2.875 roll=0.0
[19:39:33] [MC7DTD-websocket/INFO]: 7DTD entity received: {"authority":"7dtd","dimension":"7dtd:main","entity_id":"1d96b662-c615-4729-a431-d3c5806bac72","entity_type":"7dtd:player","lifecycle":{"event":"update"},"metadata":{},"origin":{"dimension":"7dtd:main","entity_id":"1d96b662-c615-4729-a431-d3c5806bac72","game":"7dtd","world_id":"td-0d917a4eff776d999148769266591579674d2c42de6557026893a1902834f11f"},"position":{"x":-45.339886486530304,"y":71,"z":75.1362463696625,"space":"minecraft"},"rotation":{"pitch":2.875,"roll":0,"yaw":154.42742919921875},"sequence":270,"source":"7dtd","stream_id":"87f4fae0-b0b2-408f-bcab-c03d8733070c","type":"entity_state","version":2,"world_id":"td-0d917a4eff776d999148769266591579674d2c42de6557026893a1902834f11f"}
[19:39:33] [Render thread/INFO]: 7DTD proxy updated: id=1d96b662-c615-4729-a431-d3c5806bac72 sequence=270 x=-45.339886486530304 y=71.0 z=75.1362463696625 yaw=154.42742919921875 pitch=2.875 roll=0.0
[19:39:33] [MC7DTD-websocket/INFO]: 7DTD entity received: {"authority":"7dtd","dimension":"7dtd:main","entity_id":"1d96b662-c615-4729-a431-d3c5806bac72","entity_type":"7dtd:player","lifecycle":{"event":"update"},"metadata":{},"origin":{"dimension":"7dtd:main","entity_id":"1d96b662-c615-4729-a431-d3c5806bac72","game":"7dtd","world_id":"td-0d917a4eff776d999148769266591579674d2c42de6557026893a1902834f11f"},"position":{"x":-45.339886486530304,"y":71,"z":75.1362463696625,"space":"minecraft"},"rotation":{"pitch":2.875,"roll":0,"yaw":154.42742919921875},"sequence":271,"source":"7dtd","stream_id":"87f4fae0-b0b2-408f-bcab-c03d8733070c","type":"entity_state","version":2,"world_id":"td-0d917a4eff776d999148769266591579674d2c42de6557026893a1902834f11f"}
[19:39:33] [Render thread/INFO]: 7DTD proxy updated: id=1d96b662-c615-4729-a431-d3c5806bac72 sequence=271 x=-45.339886486530304 y=71.0 z=75.1362463696625 yaw=154.42742919921875 pitch=2.875 roll=0.0
[19:39:34] [MC7DTD-websocket/INFO]: 7DTD entity received: {"authority":"7dtd","dimension":"7dtd:main","entity_id":"1d96b662-c615-4729-a431-d3c5806bac72","entity_type":"7dtd:player","lifecycle":{"event":"update"},"metadata":{},"origin":{"dimension":"7dtd:main","entity_id":"1d96b662-c615-4729-a431-d3c5806bac72","game":"7dtd","world_id":"td-0d917a4eff776d999148769266591579674d2c42de6557026893a1902834f11f"},"position":{"x":-45.339886486530304,"y":71,"z":75.1362463696625,"space":"minecraft"},"rotation":{"pitch":2.875,"roll":0,"yaw":154.42742919921875},"sequence":272,"source":"7dtd","stream_id":"87f4fae0-b0b2-408f-bcab-c03d8733070c","type":"entity_state","version":2,"world_id":"td-0d917a4eff776d999148769266591579674d2c42de6557026893a1902834f11f"}
[19:39:34] [Render thread/INFO]: 7DTD proxy updated: id=1d96b662-c615-4729-a431-d3c5806bac72 sequence=272 x=-45.339886486530304 y=71.0 z=75.1362463696625 yaw=154.42742919921875 pitch=2.875 roll=0.0
[19:39:34] [MC7DTD-websocket/INFO]: 7DTD entity received: {"authority":"7dtd","dimension":"7dtd:main","entity_id":"1d96b662-c615-4729-a431-d3c5806bac72","entity_type":"7dtd:player","lifecycle":{"event":"update"},"metadata":{},"origin":{"dimension":"7dtd:main","entity_id":"1d96b662-c615-4729-a431-d3c5806bac72","game":"7dtd","world_id":"td-0d917a4eff776d999148769266591579674d2c42de6557026893a1902834f11f"},"position":{"x":-45.339886486530304,"y":71,"z":75.1362463696625,"space":"minecraft"},"rotation":{"pitch":2.875,"roll":0,"yaw":154.42742919921875},"sequence":273,"source":"7dtd","stream_id":"87f4fae0-b0b2-408f-bcab-c03d8733070c","type":"entity_state","version":2,"world_id":"td-0d917a4eff776d999148769266591579674d2c42de6557026893a1902834f11f"}
[19:39:34] [Render thread/INFO]: 7DTD proxy updated: id=1d96b662-c615-4729-a431-d3c5806bac72 sequence=273 x=-45.339886486530304 y=71.0 z=75.1362463696625 yaw=154.42742919921875 pitch=2.875 roll=0.0
[19:39:35] [MC7DTD-websocket/INFO]: 7DTD entity received: {"authority":"7dtd","dimension":"7dtd:main","entity_id":"1d96b662-c615-4729-a431-d3c5806bac72","entity_type":"7dtd:player","lifecycle":{"event":"update"},"metadata":{},"origin":{"dimension":"7dtd:main","entity_id":"1d96b662-c615-4729-a431-d3c5806bac72","game":"7dtd","world_id":"td-0d917a4eff776d999148769266591579674d2c42de6557026893a1902834f11f"},"position":{"x":-45.339886486530304,"y":71,"z":75.1362463696625,"space":"minecraft"},"rotation":{"pitch":2.875,"roll":0,"yaw":154.42742919921875},"sequence":274,"source":"7dtd","stream_id":"87f4fae0-b0b2-408f-bcab-c03d8733070c","type":"entity_state","version":2,"world_id":"td-0d917a4eff776d999148769266591579674d2c42de6557026893a1902834f11f"}
[19:39:35] [Render thread/INFO]: 7DTD proxy updated: id=1d96b662-c615-4729-a431-d3c5806bac72 sequence=274 x=-45.339886486530304 y=71.0 z=75.1362463696625 yaw=154.42742919921875 pitch=2.875 roll=0.0
[19:39:35] [MC7DTD-websocket/INFO]: 7DTD entity received: {"authority":"7dtd","dimension":"7dtd:main","entity_id":"1d96b662-c615-4729-a431-d3c5806bac72","entity_type":"7dtd:player","lifecycle":{"event":"update"},"metadata":{},"origin":{"dimension":"7dtd:main","entity_id":"1d96b662-c615-4729-a431-d3c5806bac72","game":"7dtd","world_id":"td-0d917a4eff776d999148769266591579674d2c42de6557026893a1902834f11f"},"position":{"x":-45.339886486530304,"y":71,"z":75.1362463696625,"space":"minecraft"},"rotation":{"pitch":2.875,"roll":0,"yaw":154.42742919921875},"sequence":275,"source":"7dtd","stream_id":"87f4fae0-b0b2-408f-bcab-c03d8733070c","type":"entity_state","version":2,"world_id":"td-0d917a4eff776d999148769266591579674d2c42de6557026893a1902834f11f"}
[19:39:35] [Render thread/INFO]: 7DTD proxy updated: id=1d96b662-c615-4729-a431-d3c5806bac72 sequence=275 x=-45.339886486530304 y=71.0 z=75.1362463696625 yaw=154.42742919921875 pitch=2.875 roll=0.0
[19:39:36] [MC7DTD-websocket/INFO]: 7DTD entity received: {"authority":"7dtd","dimension":"7dtd:main","entity_id":"1d96b662-c615-4729-a431-d3c5806bac72","entity_type":"7dtd:player","lifecycle":{"event":"update"},"metadata":{},"origin":{"dimension":"7dtd:main","entity_id":"1d96b662-c615-4729-a431-d3c5806bac72","game":"7dtd","world_id":"td-0d917a4eff776d999148769266591579674d2c42de6557026893a1902834f11f"},"position":{"x":-45.339886486530304,"y":71,"z":75.1362463696625,"space":"minecraft"},"rotation":{"pitch":2.875,"roll":0,"yaw":154.42742919921875},"sequence":276,"source":"7dtd","stream_id":"87f4fae0-b0b2-408f-bcab-c03d8733070c","type":"entity_state","version":2,"world_id":"td-0d917a4eff776d999148769266591579674d2c42de6557026893a1902834f11f"}
[19:39:36] [Render thread/INFO]: 7DTD proxy updated: id=1d96b662-c615-4729-a431-d3c5806bac72 sequence=276 x=-45.339886486530304 y=71.0 z=75.1362463696625 yaw=154.42742919921875 pitch=2.875 roll=0.0
[19:39:36] [MC7DTD-websocket/INFO]: 7DTD entity received: {"authority":"7dtd","dimension":"7dtd:main","entity_id":"1d96b662-c615-4729-a431-d3c5806bac72","entity_type":"7dtd:player","lifecycle":{"event":"update"},"metadata":{},"origin":{"dimension":"7dtd:main","entity_id":"1d96b662-c615-4729-a431-d3c5806bac72","game":"7dtd","world_id":"td-0d917a4eff776d999148769266591579674d2c42de6557026893a1902834f11f"},"position":{"x":-45.339886486530304,"y":71,"z":75.1362463696625,"space":"minecraft"},"rotation":{"pitch":2.875,"roll":0,"yaw":154.42742919921875},"sequence":277,"source":"7dtd","stream_id":"87f4fae0-b0b2-408f-bcab-c03d8733070c","type":"entity_state","version":2,"world_id":"td-0d917a4eff776d999148769266591579674d2c42de6557026893a1902834f11f"}
[19:39:36] [Render thread/INFO]: 7DTD proxy updated: id=1d96b662-c615-4729-a431-d3c5806bac72 sequence=277 x=-45.339886486530304 y=71.0 z=75.1362463696625 yaw=154.42742919921875 pitch=2.875 roll=0.0
[19:39:37] [MC7DTD-websocket/INFO]: 7DTD entity received: {"authority":"7dtd","dimension":"7dtd:main","entity_id":"1d96b662-c615-4729-a431-d3c5806bac72","entity_type":"7dtd:player","lifecycle":{"event":"update"},"metadata":{},"origin":{"dimension":"7dtd:main","entity_id":"1d96b662-c615-4729-a431-d3c5806bac72","game":"7dtd","world_id":"td-0d917a4eff776d999148769266591579674d2c42de6557026893a1902834f11f"},"position":{"x":-45.339886486530304,"y":71,"z":75.1362463696625,"space":"minecraft"},"rotation":{"pitch":2.875,"roll":0,"yaw":154.42742919921875},"sequence":278,"source":"7dtd","stream_id":"87f4fae0-b0b2-408f-bcab-c03d8733070c","type":"entity_state","version":2,"world_id":"td-0d917a4eff776d999148769266591579674d2c42de6557026893a1902834f11f"}
[19:39:37] [Render thread/INFO]: 7DTD proxy updated: id=1d96b662-c615-4729-a431-d3c5806bac72 sequence=278 x=-45.339886486530304 y=71.0 z=75.1362463696625 yaw=154.42742919921875 pitch=2.875 roll=0.0
[19:39:37] [MC7DTD-websocket/INFO]: 7DTD entity received: {"authority":"7dtd","dimension":"7dtd:main","entity_id":"1d96b662-c615-4729-a431-d3c5806bac72","entity_type":"7dtd:player","lifecycle":{"event":"update"},"metadata":{},"origin":{"dimension":"7dtd:main","entity_id":"1d96b662-c615-4729-a431-d3c5806bac72","game":"7dtd","world_id":"td-0d917a4eff776d999148769266591579674d2c42de6557026893a1902834f11f"},"position":{"x":-45.339886486530304,"y":71,"z":75.1362463696625,"space":"minecraft"},"rotation":{"pitch":2.875,"roll":0,"yaw":154.42742919921875},"sequence":279,"source":"7dtd","stream_id":"87f4fae0-b0b2-408f-bcab-c03d8733070c","type":"entity_state","version":2,"world_id":"td-0d917a4eff776d999148769266591579674d2c42de6557026893a1902834f11f"}
[19:39:37] [Render thread/INFO]: 7DTD proxy updated: id=1d96b662-c615-4729-a431-d3c5806bac72 sequence=279 x=-45.339886486530304 y=71.0 z=75.1362463696625 yaw=154.42742919921875 pitch=2.875 roll=0.0
[19:39:38] [MC7DTD-websocket/INFO]: 7DTD entity received: {"authority":"7dtd","dimension":"7dtd:main","entity_id":"1d96b662-c615-4729-a431-d3c5806bac72","entity_type":"7dtd:player","lifecycle":{"event":"update"},"metadata":{},"origin":{"dimension":"7dtd:main","entity_id":"1d96b662-c615-4729-a431-d3c5806bac72","game":"7dtd","world_id":"td-0d917a4eff776d999148769266591579674d2c42de6557026893a1902834f11f"},"position":{"x":-45.339886486530304,"y":71,"z":75.1362463696625,"space":"minecraft"},"rotation":{"pitch":2.875,"roll":0,"yaw":154.42742919921875},"sequence":280,"source":"7dtd","stream_id":"87f4fae0-b0b2-408f-bcab-c03d8733070c","type":"entity_state","version":2,"world_id":"td-0d917a4eff776d999148769266591579674d2c42de6557026893a1902834f11f"}
[19:39:38] [Render thread/INFO]: 7DTD proxy updated: id=1d96b662-c615-4729-a431-d3c5806bac72 sequence=280 x=-45.339886486530304 y=71.0 z=75.1362463696625 yaw=154.42742919921875 pitch=2.875 roll=0.0
[19:39:38] [MC7DTD-websocket/INFO]: 7DTD entity received: {"authority":"7dtd","dimension":"7dtd:main","entity_id":"1d96b662-c615-4729-a431-d3c5806bac72","entity_type":"7dtd:player","lifecycle":{"event":"update"},"metadata":{},"origin":{"dimension":"7dtd:main","entity_id":"1d96b662-c615-4729-a431-d3c5806bac72","game":"7dtd","world_id":"td-0d917a4eff776d999148769266591579674d2c42de6557026893a1902834f11f"},"position":{"x":-45.339886486530304,"y":71,"z":75.1362463696625,"space":"minecraft"},"rotation":{"pitch":2.875,"roll":0,"yaw":154.42742919921875},"sequence":281,"source":"7dtd","stream_id":"87f4fae0-b0b2-408f-bcab-c03d8733070c","type":"entity_state","version":2,"world_id":"td-0d917a4eff776d999148769266591579674d2c42de6557026893a1902834f11f"}
[19:39:38] [Render thread/INFO]: 7DTD proxy updated: id=1d96b662-c615-4729-a431-d3c5806bac72 sequence=281 x=-45.339886486530304 y=71.0 z=75.1362463696625 yaw=154.42742919921875 pitch=2.875 roll=0.0
[19:39:39] [MC7DTD-websocket/INFO]: 7DTD entity received: {"authority":"7dtd","dimension":"7dtd:main","entity_id":"1d96b662-c615-4729-a431-d3c5806bac72","entity_type":"7dtd:player","lifecycle":{"event":"update"},"metadata":{},"origin":{"dimension":"7dtd:main","entity_id":"1d96b662-c615-4729-a431-d3c5806bac72","game":"7dtd","world_id":"td-0d917a4eff776d999148769266591579674d2c42de6557026893a1902834f11f"},"position":{"x":-45.339886486530304,"y":71,"z":75.1362463696625,"space":"minecraft"},"rotation":{"pitch":2.875,"roll":0,"yaw":154.42742919921875},"sequence":282,"source":"7dtd","stream_id":"87f4fae0-b0b2-408f-bcab-c03d8733070c","type":"entity_state","version":2,"world_id":"td-0d917a4eff776d999148769266591579674d2c42de6557026893a1902834f11f"}
[19:39:39] [Render thread/INFO]: 7DTD proxy updated: id=1d96b662-c615-4729-a431-d3c5806bac72 sequence=282 x=-45.339886486530304 y=71.0 z=75.1362463696625 yaw=154.42742919921875 pitch=2.875 roll=0.0
[19:39:39] [MC7DTD-websocket/INFO]: 7DTD entity received: {"authority":"7dtd","dimension":"7dtd:main","entity_id":"1d96b662-c615-4729-a431-d3c5806bac72","entity_type":"7dtd:player","lifecycle":{"event":"update"},"metadata":{},"origin":{"dimension":"7dtd:main","entity_id":"1d96b662-c615-4729-a431-d3c5806bac72","game":"7dtd","world_id":"td-0d917a4eff776d999148769266591579674d2c42de6557026893a1902834f11f"},"position":{"x":-45.339886486530304,"y":71,"z":75.1362463696625,"space":"minecraft"},"rotation":{"pitch":2.875,"roll":0,"yaw":154.42742919921875},"sequence":283,"source":"7dtd","stream_id":"87f4fae0-b0b2-408f-bcab-c03d8733070c","type":"entity_state","version":2,"world_id":"td-0d917a4eff776d999148769266591579674d2c42de6557026893a1902834f11f"}
[19:39:39] [Render thread/INFO]: 7DTD proxy updated: id=1d96b662-c615-4729-a431-d3c5806bac72 sequence=283 x=-45.339886486530304 y=71.0 z=75.1362463696625 yaw=154.42742919921875 pitch=2.875 roll=0.0
[19:39:40] [MC7DTD-websocket/INFO]: 7DTD entity received: {"authority":"7dtd","dimension":"7dtd:main","entity_id":"1d96b662-c615-4729-a431-d3c5806bac72","entity_type":"7dtd:player","lifecycle":{"event":"update"},"metadata":{},"origin":{"dimension":"7dtd:main","entity_id":"1d96b662-c615-4729-a431-d3c5806bac72","game":"7dtd","world_id":"td-0d917a4eff776d999148769266591579674d2c42de6557026893a1902834f11f"},"position":{"x":-45.339886486530304,"y":71,"z":75.1362463696625,"space":"minecraft"},"rotation":{"pitch":2.875,"roll":0,"yaw":154.42742919921875},"sequence":284,"source":"7dtd","stream_id":"87f4fae0-b0b2-408f-bcab-c03d8733070c","type":"entity_state","version":2,"world_id":"td-0d917a4eff776d999148769266591579674d2c42de6557026893a1902834f11f"}
[19:39:40] [Render thread/INFO]: 7DTD proxy updated: id=1d96b662-c615-4729-a431-d3c5806bac72 sequence=284 x=-45.339886486530304 y=71.0 z=75.1362463696625 yaw=154.42742919921875 pitch=2.875 roll=0.0
[19:39:40] [MC7DTD-websocket/INFO]: 7DTD entity received: {"authority":"7dtd","dimension":"7dtd:main","entity_id":"1d96b662-c615-4729-a431-d3c5806bac72","entity_type":"7dtd:player","lifecycle":{"event":"update"},"metadata":{},"origin":{"dimension":"7dtd:main","entity_id":"1d96b662-c615-4729-a431-d3c5806bac72","game":"7dtd","world_id":"td-0d917a4eff776d999148769266591579674d2c42de6557026893a1902834f11f"},"position":{"x":-45.339886486530304,"y":71,"z":75.1362463696625,"space":"minecraft"},"rotation":{"pitch":2.875,"roll":0,"yaw":154.42742919921875},"sequence":285,"source":"7dtd","stream_id":"87f4fae0-b0b2-408f-bcab-c03d8733070c","type":"entity_state","version":2,"world_id":"td-0d917a4eff776d999148769266591579674d2c42de6557026893a1902834f11f"}
[19:39:40] [Render thread/INFO]: 7DTD proxy updated: id=1d96b662-c615-4729-a431-d3c5806bac72 sequence=285 x=-45.339886486530304 y=71.0 z=75.1362463696625 yaw=154.42742919921875 pitch=2.875 roll=0.0
[19:39:41] [MC7DTD-websocket/INFO]: 7DTD entity received: {"authority":"7dtd","dimension":"7dtd:main","entity_id":"1d96b662-c615-4729-a431-d3c5806bac72","entity_type":"7dtd:player","lifecycle":{"event":"update"},"metadata":{},"origin":{"dimension":"7dtd:main","entity_id":"1d96b662-c615-4729-a431-d3c5806bac72","game":"7dtd","world_id":"td-0d917a4eff776d999148769266591579674d2c42de6557026893a1902834f11f"},"position":{"x":-45.339886486530304,"y":71,"z":75.1362463696625,"space":"minecraft"},"rotation":{"pitch":2.875,"roll":0,"yaw":154.42742919921875},"sequence":286,"source":"7dtd","stream_id":"87f4fae0-b0b2-408f-bcab-c03d8733070c","type":"entity_state","version":2,"world_id":"td-0d917a4eff776d999148769266591579674d2c42de6557026893a1902834f11f"}
[19:39:41] [Render thread/INFO]: 7DTD proxy updated: id=1d96b662-c615-4729-a431-d3c5806bac72 sequence=286 x=-45.339886486530304 y=71.0 z=75.1362463696625 yaw=154.42742919921875 pitch=2.875 roll=0.0
[19:39:41] [MC7DTD-websocket/INFO]: 7DTD entity received: {"authority":"7dtd","dimension":"7dtd:main","entity_id":"1d96b662-c615-4729-a431-d3c5806bac72","entity_type":"7dtd:player","lifecycle":{"event":"update"},"metadata":{},"origin":{"dimension":"7dtd:main","entity_id":"1d96b662-c615-4729-a431-d3c5806bac72","game":"7dtd","world_id":"td-0d917a4eff776d999148769266591579674d2c42de6557026893a1902834f11f"},"position":{"x":-45.339886486530304,"y":71,"z":75.1362463696625,"space":"minecraft"},"rotation":{"pitch":2.875,"roll":0,"yaw":154.42742919921875},"sequence":287,"source":"7dtd","stream_id":"87f4fae0-b0b2-408f-bcab-c03d8733070c","type":"entity_state","version":2,"world_id":"td-0d917a4eff776d999148769266591579674d2c42de6557026893a1902834f11f"}
[19:39:41] [Render thread/INFO]: 7DTD proxy updated: id=1d96b662-c615-4729-a431-d3c5806bac72 sequence=287 x=-45.339886486530304 y=71.0 z=75.1362463696625 yaw=154.42742919921875 pitch=2.875 roll=0.0
[19:39:42] [MC7DTD-websocket/INFO]: 7DTD entity received: {"authority":"7dtd","dimension":"7dtd:main","entity_id":"1d96b662-c615-4729-a431-d3c5806bac72","entity_type":"7dtd:player","lifecycle":{"event":"update"},"metadata":{},"origin":{"dimension":"7dtd:main","entity_id":"1d96b662-c615-4729-a431-d3c5806bac72","game":"7dtd","world_id":"td-0d917a4eff776d999148769266591579674d2c42de6557026893a1902834f11f"},"position":{"x":-45.339886486530304,"y":71,"z":75.1362463696625,"space":"minecraft"},"rotation":{"pitch":2.875,"roll":0,"yaw":154.42742919921875},"sequence":288,"source":"7dtd","stream_id":"87f4fae0-b0b2-408f-bcab-c03d8733070c","type":"entity_state","version":2,"world_id":"td-0d917a4eff776d999148769266591579674d2c42de6557026893a1902834f11f"}
[19:39:42] [Render thread/INFO]: 7DTD proxy updated: id=1d96b662-c615-4729-a431-d3c5806bac72 sequence=288 x=-45.339886486530304 y=71.0 z=75.1362463696625 yaw=154.42742919921875 pitch=2.875 roll=0.0
[19:39:42] [MC7DTD-websocket/INFO]: 7DTD entity received: {"authority":"7dtd","dimension":"7dtd:main","entity_id":"1d96b662-c615-4729-a431-d3c5806bac72","entity_type":"7dtd:player","lifecycle":{"event":"update"},"metadata":{},"origin":{"dimension":"7dtd:main","entity_id":"1d96b662-c615-4729-a431-d3c5806bac72","game":"7dtd","world_id":"td-0d917a4eff776d999148769266591579674d2c42de6557026893a1902834f11f"},"position":{"x":-45.339886486530304,"y":71,"z":75.1362463696625,"space":"minecraft"},"rotation":{"pitch":2.875,"roll":0,"yaw":154.42742919921875},"sequence":289,"source":"7dtd","stream_id":"87f4fae0-b0b2-408f-bcab-c03d8733070c","type":"entity_state","version":2,"world_id":"td-0d917a4eff776d999148769266591579674d2c42de6557026893a1902834f11f"}
[19:39:42] [Render thread/INFO]: 7DTD proxy updated: id=1d96b662-c615-4729-a431-d3c5806bac72 sequence=289 x=-45.339886486530304 y=71.0 z=75.1362463696625 yaw=154.42742919921875 pitch=2.875 roll=0.0
[19:39:43] [MC7DTD-websocket/INFO]: 7DTD entity received: {"authority":"7dtd","dimension":"7dtd:main","entity_id":"1d96b662-c615-4729-a431-d3c5806bac72","entity_type":"7dtd:player","lifecycle":{"event":"update"},"metadata":{},"origin":{"dimension":"7dtd:main","entity_id":"1d96b662-c615-4729-a431-d3c5806bac72","game":"7dtd","world_id":"td-0d917a4eff776d999148769266591579674d2c42de6557026893a1902834f11f"},"position":{"x":-45.339886486530304,"y":71,"z":75.1362463696625,"space":"minecraft"},"rotation":{"pitch":2.875,"roll":0,"yaw":154.42742919921875},"sequence":290,"source":"7dtd","stream_id":"87f4fae0-b0b2-408f-bcab-c03d8733070c","type":"entity_state","version":2,"world_id":"td-0d917a4eff776d999148769266591579674d2c42de6557026893a1902834f11f"}
[19:39:43] [Render thread/INFO]: 7DTD proxy updated: id=1d96b662-c615-4729-a431-d3c5806bac72 sequence=290 x=-45.339886486530304 y=71.0 z=75.1362463696625 yaw=154.42742919921875 pitch=2.875 roll=0.0
[19:39:43] [MC7DTD-websocket/INFO]: 7DTD entity received: {"authority":"7dtd","dimension":"7dtd:main","entity_id":"1d96b662-c615-4729-a431-d3c5806bac72","entity_type":"7dtd:player","lifecycle":{"event":"update"},"metadata":{},"origin":{"dimension":"7dtd:main","entity_id":"1d96b662-c615-4729-a431-d3c5806bac72","game":"7dtd","world_id":"td-0d917a4eff776d999148769266591579674d2c42de6557026893a1902834f11f"},"position":{"x":-45.339886486530304,"y":71,"z":75.1362463696625,"space":"minecraft"},"rotation":{"pitch":2.875,"roll":0,"yaw":154.42742919921875},"sequence":291,"source":"7dtd","stream_id":"87f4fae0-b0b2-408f-bcab-c03d8733070c","type":"entity_state","version":2,"world_id":"td-0d917a4eff776d999148769266591579674d2c42de6557026893a1902834f11f"}
[19:39:43] [Render thread/INFO]: 7DTD proxy updated: id=1d96b662-c615-4729-a431-d3c5806bac72 sequence=291 x=-45.339886486530304 y=71.0 z=75.1362463696625 yaw=154.42742919921875 pitch=2.875 roll=0.0
[19:39:44] [MC7DTD-websocket/INFO]: 7DTD entity received: {"authority":"7dtd","dimension":"7dtd:main","entity_id":"1d96b662-c615-4729-a431-d3c5806bac72","entity_type":"7dtd:player","lifecycle":{"event":"update"},"metadata":{},"origin":{"dimension":"7dtd:main","entity_id":"1d96b662-c615-4729-a431-d3c5806bac72","game":"7dtd","world_id":"td-0d917a4eff776d999148769266591579674d2c42de6557026893a1902834f11f"},"position":{"x":-45.339886486530304,"y":71,"z":75.1362463696625,"space":"minecraft"},"rotation":{"pitch":2.875,"roll":0,"yaw":154.42742919921875},"sequence":292,"source":"7dtd","stream_id":"87f4fae0-b0b2-408f-bcab-c03d8733070c","type":"entity_state","version":2,"world_id":"td-0d917a4eff776d999148769266591579674d2c42de6557026893a1902834f11f"}
[19:39:44] [Render thread/INFO]: 7DTD proxy updated: id=1d96b662-c615-4729-a431-d3c5806bac72 sequence=292 x=-45.339886486530304 y=71.0 z=75.1362463696625 yaw=154.42742919921875 pitch=2.875 roll=0.0
[19:39:44] [MC7DTD-websocket/INFO]: 7DTD entity received: {"authority":"7dtd","dimension":"7dtd:main","entity_id":"1d96b662-c615-4729-a431-d3c5806bac72","entity_type":"7dtd:player","lifecycle":{"event":"update"},"metadata":{},"origin":{"dimension":"7dtd:main","entity_id":"1d96b662-c615-4729-a431-d3c5806bac72","game":"7dtd","world_id":"td-0d917a4eff776d999148769266591579674d2c42de6557026893a1902834f11f"},"position":{"x":-45.339886486530304,"y":71,"z":75.1362463696625,"space":"minecraft"},"rotation":{"pitch":2.875,"roll":0,"yaw":154.42742919921875},"sequence":293,"source":"7dtd","stream_id":"87f4fae0-b0b2-408f-bcab-c03d8733070c","type":"entity_state","version":2,"world_id":"td-0d917a4eff776d999148769266591579674d2c42de6557026893a1902834f11f"}
[19:39:44] [Render thread/INFO]: 7DTD proxy updated: id=1d96b662-c615-4729-a431-d3c5806bac72 sequence=293 x=-45.339886486530304 y=71.0 z=75.1362463696625 yaw=154.42742919921875 pitch=2.875 roll=0.0
[19:39:45] [MC7DTD-websocket/INFO]: 7DTD entity received: {"authority":"7dtd","dimension":"7dtd:main","entity_id":"1d96b662-c615-4729-a431-d3c5806bac72","entity_type":"7dtd:player","lifecycle":{"event":"update"},"metadata":{},"origin":{"dimension":"7dtd:main","entity_id":"1d96b662-c615-4729-a431-d3c5806bac72","game":"7dtd","world_id":"td-0d917a4eff776d999148769266591579674d2c42de6557026893a1902834f11f"},"position":{"x":-45.339886486530304,"y":71,"z":75.1362463696625,"space":"minecraft"},"rotation":{"pitch":2.875,"roll":0,"yaw":154.42742919921875},"sequence":294,"source":"7dtd","stream_id":"87f4fae0-b0b2-408f-bcab-c03d8733070c","type":"entity_state","version":2,"world_id":"td-0d917a4eff776d999148769266591579674d2c42de6557026893a1902834f11f"}
[19:39:45] [Render thread/INFO]: 7DTD proxy updated: id=1d96b662-c615-4729-a431-d3c5806bac72 sequence=294 x=-45.339886486530304 y=71.0 z=75.1362463696625 yaw=154.42742919921875 pitch=2.875 roll=0.0
[19:39:45] [MC7DTD-websocket/INFO]: 7DTD entity received: {"authority":"7dtd","dimension":"7dtd:main","entity_id":"1d96b662-c615-4729-a431-d3c5806bac72","entity_type":"7dtd:player","lifecycle":{"event":"update"},"metadata":{},"origin":{"dimension":"7dtd:main","entity_id":"1d96b662-c615-4729-a431-d3c5806bac72","game":"7dtd","world_id":"td-0d917a4eff776d999148769266591579674d2c42de6557026893a1902834f11f"},"position":{"x":-45.339886486530304,"y":71,"z":75.1362463696625,"space":"minecraft"},"rotation":{"pitch":2.875,"roll":0,"yaw":154.42742919921875},"sequence":295,"source":"7dtd","stream_id":"87f4fae0-b0b2-408f-bcab-c03d8733070c","type":"entity_state","version":2,"world_id":"td-0d917a4eff776d999148769266591579674d2c42de6557026893a1902834f11f"}
[19:39:45] [Render thread/INFO]: 7DTD proxy updated: id=1d96b662-c615-4729-a431-d3c5806bac72 sequence=295 x=-45.339886486530304 y=71.0 z=75.1362463696625 yaw=154.42742919921875 pitch=2.875 roll=0.0
[19:39:46] [MC7DTD-websocket/INFO]: 7DTD entity received: {"authority":"7dtd","dimension":"7dtd:main","entity_id":"1d96b662-c615-4729-a431-d3c5806bac72","entity_type":"7dtd:player","lifecycle":{"event":"update"},"metadata":{},"origin":{"dimension":"7dtd:main","entity_id":"1d96b662-c615-4729-a431-d3c5806bac72","game":"7dtd","world_id":"td-0d917a4eff776d999148769266591579674d2c42de6557026893a1902834f11f"},"position":{"x":-45.339886486530304,"y":71,"z":75.1362463696625,"space":"minecraft"},"rotation":{"pitch":2.875,"roll":0,"yaw":154.42742919921875},"sequence":296,"source":"7dtd","stream_id":"87f4fae0-b0b2-408f-bcab-c03d8733070c","type":"entity_state","version":2,"world_id":"td-0d917a4eff776d999148769266591579674d2c42de6557026893a1902834f11f"}
[19:39:46] [Render thread/INFO]: 7DTD proxy updated: id=1d96b662-c615-4729-a431-d3c5806bac72 sequence=296 x=-45.339886486530304 y=71.0 z=75.1362463696625 yaw=154.42742919921875 pitch=2.875 roll=0.0
[19:39:46] [MC7DTD-websocket/INFO]: 7DTD entity received: {"authority":"7dtd","dimension":"7dtd:main","entity_id":"1d96b662-c615-4729-a431-d3c5806bac72","entity_type":"7dtd:player","lifecycle":{"event":"update"},"metadata":{},"origin":{"dimension":"7dtd:main","entity_id":"1d96b662-c615-4729-a431-d3c5806bac72","game":"7dtd","world_id":"td-0d917a4eff776d999148769266591579674d2c42de6557026893a1902834f11f"},"position":{"x":-45.339886486530304,"y":71,"z":75.1362463696625,"space":"minecraft"},"rotation":{"pitch":2.875,"roll":0,"yaw":154.42742919921875},"sequence":297,"source":"7dtd","stream_id":"87f4fae0-b0b2-408f-bcab-c03d8733070c","type":"entity_state","version":2,"world_id":"td-0d917a4eff776d999148769266591579674d2c42de6557026893a1902834f11f"}
[19:39:46] [Render thread/INFO]: 7DTD proxy updated: id=1d96b662-c615-4729-a431-d3c5806bac72 sequence=297 x=-45.339886486530304 y=71.0 z=75.1362463696625 yaw=154.42742919921875 pitch=2.875 roll=0.0
[19:39:47] [MC7DTD-websocket/INFO]: 7DTD entity received: {"authority":"7dtd","dimension":"7dtd:main","entity_id":"1d96b662-c615-4729-a431-d3c5806bac72","entity_type":"7dtd:player","lifecycle":{"event":"update"},"metadata":{},"origin":{"dimension":"7dtd:main","entity_id":"1d96b662-c615-4729-a431-d3c5806bac72","game":"7dtd","world_id":"td-0d917a4eff776d999148769266591579674d2c42de6557026893a1902834f11f"},"position":{"x":-45.339886486530304,"y":71,"z":75.1362463696625,"space":"minecraft"},"rotation":{"pitch":2.875,"roll":0,"yaw":154.42742919921875},"sequence":298,"source":"7dtd","stream_id":"87f4fae0-b0b2-408f-bcab-c03d8733070c","type":"entity_state","version":2,"world_id":"td-0d917a4eff776d999148769266591579674d2c42de6557026893a1902834f11f"}
[19:39:47] [Render thread/INFO]: 7DTD proxy updated: id=1d96b662-c615-4729-a431-d3c5806bac72 sequence=298 x=-45.339886486530304 y=71.0 z=75.1362463696625 yaw=154.42742919921875 pitch=2.875 roll=0.0
[19:39:47] [MC7DTD-websocket/INFO]: 7DTD entity received: {"authority":"7dtd","dimension":"7dtd:main","entity_id":"1d96b662-c615-4729-a431-d3c5806bac72","entity_type":"7dtd:player","lifecycle":{"event":"update"},"metadata":{},"origin":{"dimension":"7dtd:main","entity_id":"1d96b662-c615-4729-a431-d3c5806bac72","game":"7dtd","world_id":"td-0d917a4eff776d999148769266591579674d2c42de6557026893a1902834f11f"},"position":{"x":-45.339886486530304,"y":71,"z":75.1362463696625,"space":"minecraft"},"rotation":{"pitch":2.875,"roll":0,"yaw":154.42742919921875},"sequence":299,"source":"7dtd","stream_id":"87f4fae0-b0b2-408f-bcab-c03d8733070c","type":"entity_state","version":2,"world_id":"td-0d917a4eff776d999148769266591579674d2c42de6557026893a1902834f11f"}
[19:39:47] [Render thread/INFO]: 7DTD proxy updated: id=1d96b662-c615-4729-a431-d3c5806bac72 sequence=299 x=-45.339886486530304 y=71.0 z=75.1362463696625 yaw=154.42742919921875 pitch=2.875 roll=0.0
[19:39:48] [MC7DTD-websocket/INFO]: 7DTD entity received: {"authority":"7dtd","dimension":"7dtd:main","entity_id":"1d96b662-c615-4729-a431-d3c5806bac72","entity_type":"7dtd:player","lifecycle":{"event":"update"},"metadata":{},"origin":{"dimension":"7dtd:main","entity_id":"1d96b662-c615-4729-a431-d3c5806bac72","game":"7dtd","world_id":"td-0d917a4eff776d999148769266591579674d2c42de6557026893a1902834f11f"},"position":{"x":-45.339886486530304,"y":71,"z":75.1362463696625,"space":"minecraft"},"rotation":{"pitch":2.875,"roll":0,"yaw":154.42742919921875},"sequence":300,"source":"7dtd","stream_id":"87f4fae0-b0b2-408f-bcab-c03d8733070c","type":"entity_state","version":2,"world_id":"td-0d917a4eff776d999148769266591579674d2c42de6557026893a1902834f11f"}
[19:39:48] [Render thread/INFO]: 7DTD proxy updated: id=1d96b662-c615-4729-a431-d3c5806bac72 sequence=300 x=-45.339886486530304 y=71.0 z=75.1362463696625 yaw=154.42742919921875 pitch=2.875 roll=0.0
[19:39:48] [MC7DTD-websocket/INFO]: 7DTD entity received: {"authority":"7dtd","dimension":"7dtd:main","entity_id":"1d96b662-c615-4729-a431-d3c5806bac72","entity_type":"7dtd:player","lifecycle":{"event":"update"},"metadata":{},"origin":{"dimension":"7dtd:main","entity_id":"1d96b662-c615-4729-a431-d3c5806bac72","game":"7dtd","world_id":"td-0d917a4eff776d999148769266591579674d2c42de6557026893a1902834f11f"},"position":{"x":-45.339886486530304,"y":71,"z":75.1362463696625,"space":"minecraft"},"rotation":{"pitch":2.875,"roll":0,"yaw":154.42742919921875},"sequence":301,"source":"7dtd","stream_id":"87f4fae0-b0b2-408f-bcab-c03d8733070c","type":"entity_state","version":2,"world_id":"td-0d917a4eff776d999148769266591579674d2c42de6557026893a1902834f11f"}
[19:39:48] [Render thread/INFO]: 7DTD proxy updated: id=1d96b662-c615-4729-a431-d3c5806bac72 sequence=301 x=-45.339886486530304 y=71.0 z=75.1362463696625 yaw=154.42742919921875 pitch=2.875 roll=0.0
[19:39:49] [MC7DTD-websocket/INFO]: 7DTD entity received: {"authority":"7dtd","dimension":"7dtd:main","entity_id":"1d96b662-c615-4729-a431-d3c5806bac72","entity_type":"7dtd:player","lifecycle":{"event":"update"},"metadata":{},"origin":{"dimension":"7dtd:main","entity_id":"1d96b662-c615-4729-a431-d3c5806bac72","game":"7dtd","world_id":"td-0d917a4eff776d999148769266591579674d2c42de6557026893a1902834f11f"},"position":{"x":-45.339886486530304,"y":71,"z":75.1362463696625,"space":"minecraft"},"rotation":{"pitch":2.875,"roll":0,"yaw":154.42742919921875},"sequence":302,"source":"7dtd","stream_id":"87f4fae0-b0b2-408f-bcab-c03d8733070c","type":"entity_state","version":2,"world_id":"td-0d917a4eff776d999148769266591579674d2c42de6557026893a1902834f11f"}
[19:39:49] [Render thread/INFO]: 7DTD proxy updated: id=1d96b662-c615-4729-a431-d3c5806bac72 sequence=302 x=-45.339886486530304 y=71.0 z=75.1362463696625 yaw=154.42742919921875 pitch=2.875 roll=0.0
[19:39:49] [MC7DTD-websocket/INFO]: 7DTD entity received: {"authority":"7dtd","dimension":"7dtd:main","entity_id":"1d96b662-c615-4729-a431-d3c5806bac72","entity_type":"7dtd:player","lifecycle":{"event":"update"},"metadata":{},"origin":{"dimension":"7dtd:main","entity_id":"1d96b662-c615-4729-a431-d3c5806bac72","game":"7dtd","world_id":"td-0d917a4eff776d999148769266591579674d2c42de6557026893a1902834f11f"},"position":{"x":-45.339886486530304,"y":71,"z":75.1362463696625,"space":"minecraft"},"rotation":{"pitch":2.875,"roll":0,"yaw":154.42742919921875},"sequence":303,"source":"7dtd","stream_id":"87f4fae0-b0b2-408f-bcab-c03d8733070c","type":"entity_state","version":2,"world_id":"td-0d917a4eff776d999148769266591579674d2c42de6557026893a1902834f11f"}
[19:39:49] [Render thread/INFO]: 7DTD proxy updated: id=1d96b662-c615-4729-a431-d3c5806bac72 sequence=303 x=-45.339886486530304 y=71.0 z=75.1362463696625 yaw=154.42742919921875 pitch=2.875 roll=0.0
[19:39:50] [MC7DTD-websocket/INFO]: 7DTD entity received: {"authority":"7dtd","dimension":"7dtd:main","entity_id":"1d96b662-c615-4729-a431-d3c5806bac72","entity_type":"7dtd:player","lifecycle":{"event":"update"},"metadata":{},"origin":{"dimension":"7dtd:main","entity_id":"1d96b662-c615-4729-a431-d3c5806bac72","game":"7dtd","world_id":"td-0d917a4eff776d999148769266591579674d2c42de6557026893a1902834f11f"},"position":{"x":-45.339886486530304,"y":71,"z":75.1362463696625,"space":"minecraft"},"rotation":{"pitch":2.875,"roll":0,"yaw":154.42742919921875},"sequence":304,"source":"7dtd","stream_id":"87f4fae0-b0b2-408f-bcab-c03d8733070c","type":"entity_state","version":2,"world_id":"td-0d917a4eff776d999148769266591579674d2c42de6557026893a1902834f11f"}
[19:39:50] [Render thread/INFO]: 7DTD proxy updated: id=1d96b662-c615-4729-a431-d3c5806bac72 sequence=304 x=-45.339886486530304 y=71.0 z=75.1362463696625 yaw=154.42742919921875 pitch=2.875 roll=0.0
[19:39:50] [MC7DTD-websocket/INFO]: 7DTD entity received: {"authority":"7dtd","dimension":"7dtd:main","entity_id":"1d96b662-c615-4729-a431-d3c5806bac72","entity_type":"7dtd:player","lifecycle":{"event":"update"},"metadata":{},"origin":{"dimension":"7dtd:main","entity_id":"1d96b662-c615-4729-a431-d3c5806bac72","game":"7dtd","world_id":"td-0d917a4eff776d999148769266591579674d2c42de6557026893a1902834f11f"},"position":{"x":-45.339886486530304,"y":71,"z":75.1362463696625,"space":"minecraft"},"rotation":{"pitch":2.875,"roll":0,"yaw":154.42742919921875},"sequence":305,"source":"7dtd","stream_id":"87f4fae0-b0b2-408f-bcab-c03d8733070c","type":"entity_state","version":2,"world_id":"td-0d917a4eff776d999148769266591579674d2c42de6557026893a1902834f11f"}
[19:39:50] [Render thread/INFO]: 7DTD proxy updated: id=1d96b662-c615-4729-a431-d3c5806bac72 sequence=305 x=-45.339886486530304 y=71.0 z=75.1362463696625 yaw=154.42742919921875 pitch=2.875 roll=0.0
[19:39:50] [MC7DTD-entity-test-send/INFO]: Player proxy sent: {"type":"entity_state","version":1,"source":"minecraft","entity_type":"minecraft:player","entity_id":"4cee8e44-c4b9-4af8-ad92-2db1ac35aafd","stream_id":"ff55d991-cd59-45bf-acd4-77ae6eb479dc","world_id":"mc-cf4dce40-2be1-372b-b914-917f5dcc644c","dimension":"minecraft:overworld","sequence":86,"lifecycle":{"event":"update"},"metadata":{},"position":{"x":-47.30000001192093,"y":71.0,"z":72.77925174075624,"space":"minecraft"},"rotation":{"yaw":324.45015716552734,"pitch":37.3499755859375,"roll":0}}
[19:39:51] [MC7DTD-entity-test-send/INFO]: Player proxy sent: {"type":"entity_state","version":1,"source":"minecraft","entity_type":"minecraft:player","entity_id":"4cee8e44-c4b9-4af8-ad92-2db1ac35aafd","stream_id":"ff55d991-cd59-45bf-acd4-77ae6eb479dc","world_id":"mc-cf4dce40-2be1-372b-b914-917f5dcc644c","dimension":"minecraft:overworld","sequence":87,"lifecycle":{"event":"update"},"metadata":{},"position":{"x":-47.30000001192093,"y":71.0,"z":72.77925174075624,"space":"minecraft"},"rotation":{"yaw":324.45015716552734,"pitch":37.3499755859375,"roll":0}}
[19:39:51] [MC7DTD-websocket/INFO]: 7DTD entity received: {"authority":"7dtd","dimension":"7dtd:main","entity_id":"1d96b662-c615-4729-a431-d3c5806bac72","entity_type":"7dtd:player","lifecycle":{"event":"update"},"metadata":{},"origin":{"dimension":"7dtd:main","entity_id":"1d96b662-c615-4729-a431-d3c5806bac72","game":"7dtd","world_id":"td-0d917a4eff776d999148769266591579674d2c42de6557026893a1902834f11f"},"position":{"x":-45.339886486530304,"y":71,"z":75.1362463696625,"space":"minecraft"},"rotation":{"pitch":2.875,"roll":0,"yaw":154.42742919921875},"sequence":306,"source":"7dtd","stream_id":"87f4fae0-b0b2-408f-bcab-c03d8733070c","type":"entity_state","version":2,"world_id":"td-0d917a4eff776d999148769266591579674d2c42de6557026893a1902834f11f"}
[19:39:51] [Render thread/INFO]: 7DTD proxy updated: id=1d96b662-c615-4729-a431-d3c5806bac72 sequence=306 x=-45.339886486530304 y=71.0 z=75.1362463696625 yaw=154.42742919921875 pitch=2.875 roll=0.0
[19:39:51] [MC7DTD-websocket/INFO]: 7DTD entity received: {"authority":"7dtd","dimension":"7dtd:main","entity_id":"1d96b662-c615-4729-a431-d3c5806bac72","entity_type":"7dtd:player","lifecycle":{"event":"update"},"metadata":{},"origin":{"dimension":"7dtd:main","entity_id":"1d96b662-c615-4729-a431-d3c5806bac72","game":"7dtd","world_id":"td-0d917a4eff776d999148769266591579674d2c42de6557026893a1902834f11f"},"position":{"x":-45.339886486530304,"y":71,"z":75.1362463696625,"space":"minecraft"},"rotation":{"pitch":2.875,"roll":0,"yaw":154.42742919921875},"sequence":307,"source":"7dtd","stream_id":"87f4fae0-b0b2-408f-bcab-c03d8733070c","type":"entity_state","version":2,"world_id":"td-0d917a4eff776d999148769266591579674d2c42de6557026893a1902834f11f"}
[19:39:51] [Render thread/INFO]: 7DTD proxy updated: id=1d96b662-c615-4729-a431-d3c5806bac72 sequence=307 x=-45.339886486530304 y=71.0 z=75.1362463696625 yaw=154.42742919921875 pitch=2.875 roll=0.0
[19:39:51] [MC7DTD-entity-test-send/INFO]: Player proxy sent: {"type":"entity_state","version":1,"source":"minecraft","entity_type":"minecraft:player","entity_id":"4cee8e44-c4b9-4af8-ad92-2db1ac35aafd","stream_id":"ff55d991-cd59-45bf-acd4-77ae6eb479dc","world_id":"mc-cf4dce40-2be1-372b-b914-917f5dcc644c","dimension":"minecraft:overworld","sequence":88,"lifecycle":{"event":"update"},"metadata":{},"position":{"x":-47.30000001192093,"y":71.0,"z":72.77925174075624,"space":"minecraft"},"rotation":{"yaw":324.45015716552734,"pitch":37.3499755859375,"roll":0}}
[19:39:52] [MC7DTD-websocket/INFO]: 7DTD entity received: {"authority":"7dtd","dimension":"7dtd:main","entity_id":"1d96b662-c615-4729-a431-d3c5806bac72","entity_type":"7dtd:player","lifecycle":{"event":"update"},"metadata":{},"origin":{"dimension":"7dtd:main","entity_id":"1d96b662-c615-4729-a431-d3c5806bac72","game":"7dtd","world_id":"td-0d917a4eff776d999148769266591579674d2c42de6557026893a1902834f11f"},"position":{"x":-45.339886486530304,"y":71,"z":75.1362463696625,"space":"minecraft"},"rotation":{"pitch":2.875,"roll":0,"yaw":154.42742919921875},"sequence":308,"source":"7dtd","stream_id":"87f4fae0-b0b2-408f-bcab-c03d8733070c","type":"entity_state","version":2,"world_id":"td-0d917a4eff776d999148769266591579674d2c42de6557026893a1902834f11f"}
[19:39:52] [Render thread/INFO]: 7DTD proxy updated: id=1d96b662-c615-4729-a431-d3c5806bac72 sequence=308 x=-45.339886486530304 y=71.0 z=75.1362463696625 yaw=154.42742919921875 pitch=2.875 roll=0.0
[19:39:52] [MC7DTD-entity-test-send/INFO]: Player proxy sent: {"type":"entity_state","version":1,"source":"minecraft","entity_type":"minecraft:player","entity_id":"4cee8e44-c4b9-4af8-ad92-2db1ac35aafd","stream_id":"ff55d991-cd59-45bf-acd4-77ae6eb479dc","world_id":"mc-cf4dce40-2be1-372b-b914-917f5dcc644c","dimension":"minecraft:overworld","sequence":89,"lifecycle":{"event":"update"},"metadata":{},"position":{"x":-47.30000001192093,"y":71.0,"z":72.77925174075624,"space":"minecraft"},"rotation":{"yaw":324.45015716552734,"pitch":37.3499755859375,"roll":0}}
[19:39:52] [MC7DTD-websocket/INFO]: 7DTD entity received: {"authority":"7dtd","dimension":"7dtd:main","entity_id":"1d96b662-c615-4729-a431-d3c5806bac72","entity_type":"7dtd:player","lifecycle":{"event":"update"},"metadata":{},"origin":{"dimension":"7dtd:main","entity_id":"1d96b662-c615-4729-a431-d3c5806bac72","game":"7dtd","world_id":"td-0d917a4eff776d999148769266591579674d2c42de6557026893a1902834f11f"},"position":{"x":-45.339886486530304,"y":71,"z":75.1362463696625,"space":"minecraft"},"rotation":{"pitch":2.875,"roll":0,"yaw":154.42742919921875},"sequence":309,"source":"7dtd","stream_id":"87f4fae0-b0b2-408f-bcab-c03d8733070c","type":"entity_state","version":2,"world_id":"td-0d917a4eff776d999148769266591579674d2c42de6557026893a1902834f11f"}
[19:39:52] [Render thread/INFO]: 7DTD proxy updated: id=1d96b662-c615-4729-a431-d3c5806bac72 sequence=309 x=-45.339886486530304 y=71.0 z=75.1362463696625 yaw=154.42742919921875 pitch=2.875 roll=0.0
[19:39:53] [MC7DTD-entity-test-send/INFO]: Player proxy sent: {"type":"entity_state","version":1,"source":"minecraft","entity_type":"minecraft:player","entity_id":"4cee8e44-c4b9-4af8-ad92-2db1ac35aafd","stream_id":"ff55d991-cd59-45bf-acd4-77ae6eb479dc","world_id":"mc-cf4dce40-2be1-372b-b914-917f5dcc644c","dimension":"minecraft:overworld","sequence":90,"lifecycle":{"event":"update"},"metadata":{},"position":{"x":-47.30000001192093,"y":71.0,"z":72.77925174075624,"space":"minecraft"},"rotation":{"yaw":324.45015716552734,"pitch":37.3499755859375,"roll":0}}
[19:39:53] [MC7DTD-websocket/INFO]: 7DTD entity received: {"authority":"7dtd","dimension":"7dtd:main","entity_id":"1d96b662-c615-4729-a431-d3c5806bac72","entity_type":"7dtd:player","lifecycle":{"event":"update"},"metadata":{},"origin":{"dimension":"7dtd:main","entity_id":"1d96b662-c615-4729-a431-d3c5806bac72","game":"7dtd","world_id":"td-0d917a4eff776d999148769266591579674d2c42de6557026893a1902834f11f"},"position":{"x":-45.339886486530304,"y":71,"z":75.1362463696625,"space":"minecraft"},"rotation":{"pitch":2.875,"roll":0,"yaw":154.42742919921875},"sequence":310,"source":"7dtd","stream_id":"87f4fae0-b0b2-408f-bcab-c03d8733070c","type":"entity_state","version":2,"world_id":"td-0d917a4eff776d999148769266591579674d2c42de6557026893a1902834f11f"}
[19:39:53] [Render thread/INFO]: 7DTD proxy updated: id=1d96b662-c615-4729-a431-d3c5806bac72 sequence=310 x=-45.339886486530304 y=71.0 z=75.1362463696625 yaw=154.42742919921875 pitch=2.875 roll=0.0
[19:39:53] [MC7DTD-entity-test-send/INFO]: Player proxy sent: {"type":"entity_state","version":1,"source":"minecraft","entity_type":"minecraft:player","entity_id":"4cee8e44-c4b9-4af8-ad92-2db1ac35aafd","stream_id":"ff55d991-cd59-45bf-acd4-77ae6eb479dc","world_id":"mc-cf4dce40-2be1-372b-b914-917f5dcc644c","dimension":"minecraft:overworld","sequence":91,"lifecycle":{"event":"update"},"metadata":{},"position":{"x":-47.30000001192093,"y":71.0,"z":72.77925174075624,"space":"minecraft"},"rotation":{"yaw":324.45015716552734,"pitch":37.3499755859375,"roll":0}}
[19:39:53] [MC7DTD-websocket/INFO]: 7DTD entity received: {"authority":"7dtd","dimension":"7dtd:main","entity_id":"1d96b662-c615-4729-a431-d3c5806bac72","entity_type":"7dtd:player","lifecycle":{"event":"update"},"metadata":{},"origin":{"dimension":"7dtd:main","entity_id":"1d96b662-c615-4729-a431-d3c5806bac72","game":"7dtd","world_id":"td-0d917a4eff776d999148769266591579674d2c42de6557026893a1902834f11f"},"position":{"x":-45.339886486530304,"y":71,"z":75.1362463696625,"space":"minecraft"},"rotation":{"pitch":2.875,"roll":0,"yaw":154.42742919921875},"sequence":311,"source":"7dtd","stream_id":"87f4fae0-b0b2-408f-bcab-c03d8733070c","type":"entity_state","version":2,"world_id":"td-0d917a4eff776d999148769266591579674d2c42de6557026893a1902834f11f"}
[19:39:53] [Render thread/INFO]: 7DTD proxy updated: id=1d96b662-c615-4729-a431-d3c5806bac72 sequence=311 x=-45.339886486530304 y=71.0 z=75.1362463696625 yaw=154.42742919921875 pitch=2.875 roll=0.0
[19:39:54] [MC7DTD-entity-test-send/INFO]: Player proxy sent: {"type":"entity_state","version":1,"source":"minecraft","entity_type":"minecraft:player","entity_id":"4cee8e44-c4b9-4af8-ad92-2db1ac35aafd","stream_id":"ff55d991-cd59-45bf-acd4-77ae6eb479dc","world_id":"mc-cf4dce40-2be1-372b-b914-917f5dcc644c","dimension":"minecraft:overworld","sequence":92,"lifecycle":{"event":"update"},"metadata":{},"position":{"x":-47.30000001192093,"y":71.0,"z":72.77925174075624,"space":"minecraft"},"rotation":{"yaw":324.45015716552734,"pitch":37.3499755859375,"roll":0}}
[19:39:54] [MC7DTD-websocket/INFO]: 7DTD entity received: {"authority":"7dtd","dimension":"7dtd:main","entity_id":"1d96b662-c615-4729-a431-d3c5806bac72","entity_type":"7dtd:player","lifecycle":{"event":"update"},"metadata":{},"origin":{"dimension":"7dtd:main","entity_id":"1d96b662-c615-4729-a431-d3c5806bac72","game":"7dtd","world_id":"td-0d917a4eff776d999148769266591579674d2c42de6557026893a1902834f11f"},"position":{"x":-45.339886486530304,"y":71,"z":75.1362463696625,"space":"minecraft"},"rotation":{"pitch":2.875,"roll":0,"yaw":154.42742919921875},"sequence":312,"source":"7dtd","stream_id":"87f4fae0-b0b2-408f-bcab-c03d8733070c","type":"entity_state","version":2,"world_id":"td-0d917a4eff776d999148769266591579674d2c42de6557026893a1902834f11f"}
[19:39:54] [Render thread/INFO]: 7DTD proxy updated: id=1d96b662-c615-4729-a431-d3c5806bac72 sequence=312 x=-45.339886486530304 y=71.0 z=75.1362463696625 yaw=154.42742919921875 pitch=2.875 roll=0.0
[19:39:54] [MC7DTD-entity-test-send/INFO]: Player proxy sent: {"type":"entity_state","version":1,"source":"minecraft","entity_type":"minecraft:player","entity_id":"4cee8e44-c4b9-4af8-ad92-2db1ac35aafd","stream_id":"ff55d991-cd59-45bf-acd4-77ae6eb479dc","world_id":"mc-cf4dce40-2be1-372b-b914-917f5dcc644c","dimension":"minecraft:overworld","sequence":93,"lifecycle":{"event":"update"},"metadata":{},"position":{"x":-47.30000001192093,"y":71.0,"z":72.77925174075624,"space":"minecraft"},"rotation":{"yaw":324.45015716552734,"pitch":37.3499755859375,"roll":0}}
[19:39:54] [MC7DTD-websocket/INFO]: 7DTD entity received: {"authority":"7dtd","dimension":"7dtd:main","entity_id":"1d96b662-c615-4729-a431-d3c5806bac72","entity_type":"7dtd:player","lifecycle":{"event":"update"},"metadata":{},"origin":{"dimension":"7dtd:main","entity_id":"1d96b662-c615-4729-a431-d3c5806bac72","game":"7dtd","world_id":"td-0d917a4eff776d999148769266591579674d2c42de6557026893a1902834f11f"},"position":{"x":-45.339886486530304,"y":71,"z":75.1362463696625,"space":"minecraft"},"rotation":{"pitch":2.875,"roll":0,"yaw":154.42742919921875},"sequence":313,"source":"7dtd","stream_id":"87f4fae0-b0b2-408f-bcab-c03d8733070c","type":"entity_state","version":2,"world_id":"td-0d917a4eff776d999148769266591579674d2c42de6557026893a1902834f11f"}
[19:39:54] [Render thread/INFO]: 7DTD proxy updated: id=1d96b662-c615-4729-a431-d3c5806bac72 sequence=313 x=-45.339886486530304 y=71.0 z=75.1362463696625 yaw=154.42742919921875 pitch=2.875 roll=0.0
[19:39:55] [MC7DTD-entity-test-send/INFO]: Player proxy sent: {"type":"entity_state","version":1,"source":"minecraft","entity_type":"minecraft:player","entity_id":"4cee8e44-c4b9-4af8-ad92-2db1ac35aafd","stream_id":"ff55d991-cd59-45bf-acd4-77ae6eb479dc","world_id":"mc-cf4dce40-2be1-372b-b914-917f5dcc644c","dimension":"minecraft:overworld","sequence":94,"lifecycle":{"event":"update"},"metadata":{},"position":{"x":-47.30000001192093,"y":71.0,"z":72.77925174075624,"space":"minecraft"},"rotation":{"yaw":324.45015716552734,"pitch":37.3499755859375,"roll":0}}
[19:39:55] [MC7DTD-websocket/INFO]: 7DTD entity received: {"authority":"7dtd","dimension":"7dtd:main","entity_id":"1d96b662-c615-4729-a431-d3c5806bac72","entity_type":"7dtd:player","lifecycle":{"event":"update"},"metadata":{},"origin":{"dimension":"7dtd:main","entity_id":"1d96b662-c615-4729-a431-d3c5806bac72","game":"7dtd","world_id":"td-0d917a4eff776d999148769266591579674d2c42de6557026893a1902834f11f"},"position":{"x":-45.339886486530304,"y":71,"z":75.1362463696625,"space":"minecraft"},"rotation":{"pitch":2.875,"roll":0,"yaw":154.42742919921875},"sequence":314,"source":"7dtd","stream_id":"87f4fae0-b0b2-408f-bcab-c03d8733070c","type":"entity_state","version":2,"world_id":"td-0d917a4eff776d999148769266591579674d2c42de6557026893a1902834f11f"}
[19:39:55] [Render thread/INFO]: 7DTD proxy updated: id=1d96b662-c615-4729-a431-d3c5806bac72 sequence=314 x=-45.339886486530304 y=71.0 z=75.1362463696625 yaw=154.42742919921875 pitch=2.875 roll=0.0
[19:39:55] [MC7DTD-entity-test-send/INFO]: Player proxy sent: {"type":"entity_state","version":1,"source":"minecraft","entity_type":"minecraft:player","entity_id":"4cee8e44-c4b9-4af8-ad92-2db1ac35aafd","stream_id":"ff55d991-cd59-45bf-acd4-77ae6eb479dc","world_id":"mc-cf4dce40-2be1-372b-b914-917f5dcc644c","dimension":"minecraft:overworld","sequence":95,"lifecycle":{"event":"update"},"metadata":{},"position":{"x":-47.30000001192093,"y":71.0,"z":72.77925174075624,"space":"minecraft"},"rotation":{"yaw":324.45015716552734,"pitch":37.3499755859375,"roll":0}}
[19:39:55] [MC7DTD-websocket/INFO]: 7DTD entity received: {"authority":"7dtd","dimension":"7dtd:main","entity_id":"1d96b662-c615-4729-a431-d3c5806bac72","entity_type":"7dtd:player","lifecycle":{"event":"update"},"metadata":{},"origin":{"dimension":"7dtd:main","entity_id":"1d96b662-c615-4729-a431-d3c5806bac72","game":"7dtd","world_id":"td-0d917a4eff776d999148769266591579674d2c42de6557026893a1902834f11f"},"position":{"x":-45.339886486530304,"y":71,"z":75.1362463696625,"space":"minecraft"},"rotation":{"pitch":2.875,"roll":0,"yaw":154.42742919921875},"sequence":315,"source":"7dtd","stream_id":"87f4fae0-b0b2-408f-bcab-c03d8733070c","type":"entity_state","version":2,"world_id":"td-0d917a4eff776d999148769266591579674d2c42de6557026893a1902834f11f"}
[19:39:55] [Render thread/INFO]: 7DTD proxy updated: id=1d96b662-c615-4729-a431-d3c5806bac72 sequence=315 x=-45.339886486530304 y=71.0 z=75.1362463696625 yaw=154.42742919921875 pitch=2.875 roll=0.0
[19:39:56] [MC7DTD-entity-test-send/INFO]: Player proxy sent: {"type":"entity_state","version":1,"source":"minecraft","entity_type":"minecraft:player","entity_id":"4cee8e44-c4b9-4af8-ad92-2db1ac35aafd","stream_id":"ff55d991-cd59-45bf-acd4-77ae6eb479dc","world_id":"mc-cf4dce40-2be1-372b-b914-917f5dcc644c","dimension":"minecraft:overworld","sequence":96,"lifecycle":{"event":"update"},"metadata":{},"position":{"x":-47.30000001192093,"y":71.0,"z":72.77925174075624,"space":"minecraft"},"rotation":{"yaw":324.45015716552734,"pitch":37.3499755859375,"roll":0}}
[19:39:56] [MC7DTD-websocket/INFO]: 7DTD entity received: {"authority":"7dtd","dimension":"7dtd:main","entity_id":"1d96b662-c615-4729-a431-d3c5806bac72","entity_type":"7dtd:player","lifecycle":{"event":"update"},"metadata":{},"origin":{"dimension":"7dtd:main","entity_id":"1d96b662-c615-4729-a431-d3c5806bac72","game":"7dtd","world_id":"td-0d917a4eff776d999148769266591579674d2c42de6557026893a1902834f11f"},"position":{"x":-45.339886486530304,"y":71,"z":75.1362463696625,"space":"minecraft"},"rotation":{"pitch":2.875,"roll":0,"yaw":154.42742919921875},"sequence":316,"source":"7dtd","stream_id":"87f4fae0-b0b2-408f-bcab-c03d8733070c","type":"entity_state","version":2,"world_id":"td-0d917a4eff776d999148769266591579674d2c42de6557026893a1902834f11f"}
[19:39:56] [Render thread/INFO]: 7DTD proxy updated: id=1d96b662-c615-4729-a431-d3c5806bac72 sequence=316 x=-45.339886486530304 y=71.0 z=75.1362463696625 yaw=154.42742919921875 pitch=2.875 roll=0.0
[19:39:56] [MC7DTD-entity-test-send/INFO]: Player proxy sent: {"type":"entity_state","version":1,"source":"minecraft","entity_type":"minecraft:player","entity_id":"4cee8e44-c4b9-4af8-ad92-2db1ac35aafd","stream_id":"ff55d991-cd59-45bf-acd4-77ae6eb479dc","world_id":"mc-cf4dce40-2be1-372b-b914-917f5dcc644c","dimension":"minecraft:overworld","sequence":97,"lifecycle":{"event":"update"},"metadata":{},"position":{"x":-47.30000001192093,"y":71.0,"z":72.77925174075624,"space":"minecraft"},"rotation":{"yaw":324.45015716552734,"pitch":37.3499755859375,"roll":0}}
[19:39:56] [MC7DTD-websocket/INFO]: 7DTD entity received: {"authority":"7dtd","dimension":"7dtd:main","entity_id":"1d96b662-c615-4729-a431-d3c5806bac72","entity_type":"7dtd:player","lifecycle":{"event":"update"},"metadata":{},"origin":{"dimension":"7dtd:main","entity_id":"1d96b662-c615-4729-a431-d3c5806bac72","game":"7dtd","world_id":"td-0d917a4eff776d999148769266591579674d2c42de6557026893a1902834f11f"},"position":{"x":-45.339886486530304,"y":71,"z":75.1362463696625,"space":"minecraft"},"rotation":{"pitch":2.875,"roll":0,"yaw":154.42742919921875},"sequence":317,"source":"7dtd","stream_id":"87f4fae0-b0b2-408f-bcab-c03d8733070c","type":"entity_state","version":2,"world_id":"td-0d917a4eff776d999148769266591579674d2c42de6557026893a1902834f11f"}
[19:39:56] [Render thread/INFO]: 7DTD proxy updated: id=1d96b662-c615-4729-a431-d3c5806bac72 sequence=317 x=-45.339886486530304 y=71.0 z=75.1362463696625 yaw=154.42742919921875 pitch=2.875 roll=0.0
[19:39:57] [MC7DTD-entity-test-send/INFO]: Player proxy sent: {"type":"entity_state","version":1,"source":"minecraft","entity_type":"minecraft:player","entity_id":"4cee8e44-c4b9-4af8-ad92-2db1ac35aafd","stream_id":"ff55d991-cd59-45bf-acd4-77ae6eb479dc","world_id":"mc-cf4dce40-2be1-372b-b914-917f5dcc644c","dimension":"minecraft:overworld","sequence":98,"lifecycle":{"event":"update"},"metadata":{},"position":{"x":-47.30000001192093,"y":71.0,"z":72.77925174075624,"space":"minecraft"},"rotation":{"yaw":324.45015716552734,"pitch":37.3499755859375,"roll":0}}
[19:39:57] [MC7DTD-websocket/INFO]: 7DTD entity received: {"authority":"7dtd","dimension":"7dtd:main","entity_id":"1d96b662-c615-4729-a431-d3c5806bac72","entity_type":"7dtd:player","lifecycle":{"event":"update"},"metadata":{},"origin":{"dimension":"7dtd:main","entity_id":"1d96b662-c615-4729-a431-d3c5806bac72","game":"7dtd","world_id":"td-0d917a4eff776d999148769266591579674d2c42de6557026893a1902834f11f"},"position":{"x":-45.339886486530304,"y":71,"z":75.1362463696625,"space":"minecraft"},"rotation":{"pitch":2.875,"roll":0,"yaw":154.42742919921875},"sequence":318,"source":"7dtd","stream_id":"87f4fae0-b0b2-408f-bcab-c03d8733070c","type":"entity_state","version":2,"world_id":"td-0d917a4eff776d999148769266591579674d2c42de6557026893a1902834f11f"}
[19:39:57] [Render thread/INFO]: 7DTD proxy updated: id=1d96b662-c615-4729-a431-d3c5806bac72 sequence=318 x=-45.339886486530304 y=71.0 z=75.1362463696625 yaw=154.42742919921875 pitch=2.875 roll=0.0
[19:39:57] [MC7DTD-entity-test-send/INFO]: Player proxy sent: {"type":"entity_state","version":1,"source":"minecraft","entity_type":"minecraft:player","entity_id":"4cee8e44-c4b9-4af8-ad92-2db1ac35aafd","stream_id":"ff55d991-cd59-45bf-acd4-77ae6eb479dc","world_id":"mc-cf4dce40-2be1-372b-b914-917f5dcc644c","dimension":"minecraft:overworld","sequence":99,"lifecycle":{"event":"update"},"metadata":{},"position":{"x":-47.30000001192093,"y":71.0,"z":72.77925174075624,"space":"minecraft"},"rotation":{"yaw":324.45015716552734,"pitch":37.3499755859375,"roll":0}}
[19:39:57] [MC7DTD-websocket/INFO]: 7DTD entity received: {"authority":"7dtd","dimension":"7dtd:main","entity_id":"1d96b662-c615-4729-a431-d3c5806bac72","entity_type":"7dtd:player","lifecycle":{"event":"update"},"metadata":{},"origin":{"dimension":"7dtd:main","entity_id":"1d96b662-c615-4729-a431-d3c5806bac72","game":"7dtd","world_id":"td-0d917a4eff776d999148769266591579674d2c42de6557026893a1902834f11f"},"position":{"x":-45.339886486530304,"y":71,"z":75.1362463696625,"space":"minecraft"},"rotation":{"pitch":2.875,"roll":0,"yaw":154.42742919921875},"sequence":319,"source":"7dtd","stream_id":"87f4fae0-b0b2-408f-bcab-c03d8733070c","type":"entity_state","version":2,"world_id":"td-0d917a4eff776d999148769266591579674d2c42de6557026893a1902834f11f"}
[19:39:57] [Render thread/INFO]: 7DTD proxy updated: id=1d96b662-c615-4729-a431-d3c5806bac72 sequence=319 x=-45.339886486530304 y=71.0 z=75.1362463696625 yaw=154.42742919921875 pitch=2.875 roll=0.0
[19:39:58] [MC7DTD-entity-test-send/INFO]: Player proxy sent: {"type":"entity_state","version":1,"source":"minecraft","entity_type":"minecraft:player","entity_id":"4cee8e44-c4b9-4af8-ad92-2db1ac35aafd","stream_id":"ff55d991-cd59-45bf-acd4-77ae6eb479dc","world_id":"mc-cf4dce40-2be1-372b-b914-917f5dcc644c","dimension":"minecraft:overworld","sequence":100,"lifecycle":{"event":"update"},"metadata":{},"position":{"x":-47.30000001192093,"y":71.0,"z":72.77925174075624,"space":"minecraft"},"rotation":{"yaw":324.45015716552734,"pitch":37.3499755859375,"roll":0}}
[19:39:58] [MC7DTD-websocket/INFO]: 7DTD entity received: {"authority":"7dtd","dimension":"7dtd:main","entity_id":"1d96b662-c615-4729-a431-d3c5806bac72","entity_type":"7dtd:player","lifecycle":{"event":"update"},"metadata":{},"origin":{"dimension":"7dtd:main","entity_id":"1d96b662-c615-4729-a431-d3c5806bac72","game":"7dtd","world_id":"td-0d917a4eff776d999148769266591579674d2c42de6557026893a1902834f11f"},"position":{"x":-45.339886486530304,"y":71,"z":75.1362463696625,"space":"minecraft"},"rotation":{"pitch":2.875,"roll":0,"yaw":154.42742919921875},"sequence":320,"source":"7dtd","stream_id":"87f4fae0-b0b2-408f-bcab-c03d8733070c","type":"entity_state","version":2,"world_id":"td-0d917a4eff776d999148769266591579674d2c42de6557026893a1902834f11f"}
[19:39:58] [Render thread/INFO]: 7DTD proxy updated: id=1d96b662-c615-4729-a431-d3c5806bac72 sequence=320 x=-45.339886486530304 y=71.0 z=75.1362463696625 yaw=154.42742919921875 pitch=2.875 roll=0.0
[19:39:58] [MC7DTD-entity-test-send/INFO]: Player proxy sent: {"type":"entity_state","version":1,"source":"minecraft","entity_type":"minecraft:player","entity_id":"4cee8e44-c4b9-4af8-ad92-2db1ac35aafd","stream_id":"ff55d991-cd59-45bf-acd4-77ae6eb479dc","world_id":"mc-cf4dce40-2be1-372b-b914-917f5dcc644c","dimension":"minecraft:overworld","sequence":101,"lifecycle":{"event":"update"},"metadata":{},"position":{"x":-47.30000001192093,"y":71.0,"z":72.77925174075624,"space":"minecraft"},"rotation":{"yaw":324.45015716552734,"pitch":37.3499755859375,"roll":0}}
[19:39:58] [MC7DTD-websocket/INFO]: 7DTD entity received: {"authority":"7dtd","dimension":"7dtd:main","entity_id":"1d96b662-c615-4729-a431-d3c5806bac72","entity_type":"7dtd:player","lifecycle":{"event":"update"},"metadata":{},"origin":{"dimension":"7dtd:main","entity_id":"1d96b662-c615-4729-a431-d3c5806bac72","game":"7dtd","world_id":"td-0d917a4eff776d999148769266591579674d2c42de6557026893a1902834f11f"},"position":{"x":-45.339886486530304,"y":71,"z":75.1362463696625,"space":"minecraft"},"rotation":{"pitch":2.875,"roll":0,"yaw":154.42742919921875},"sequence":321,"source":"7dtd","stream_id":"87f4fae0-b0b2-408f-bcab-c03d8733070c","type":"entity_state","version":2,"world_id":"td-0d917a4eff776d999148769266591579674d2c42de6557026893a1902834f11f"}
[19:39:58] [Render thread/INFO]: 7DTD proxy updated: id=1d96b662-c615-4729-a431-d3c5806bac72 sequence=321 x=-45.339886486530304 y=71.0 z=75.1362463696625 yaw=154.42742919921875 pitch=2.875 roll=0.0
[19:39:59] [MC7DTD-entity-test-send/INFO]: Player proxy sent: {"type":"entity_state","version":1,"source":"minecraft","entity_type":"minecraft:player","entity_id":"4cee8e44-c4b9-4af8-ad92-2db1ac35aafd","stream_id":"ff55d991-cd59-45bf-acd4-77ae6eb479dc","world_id":"mc-cf4dce40-2be1-372b-b914-917f5dcc644c","dimension":"minecraft:overworld","sequence":102,"lifecycle":{"event":"update"},"metadata":{},"position":{"x":-47.30000001192093,"y":71.0,"z":72.77925174075624,"space":"minecraft"},"rotation":{"yaw":324.45015716552734,"pitch":37.3499755859375,"roll":0}}
[19:39:59] [MC7DTD-websocket/INFO]: 7DTD entity received: {"authority":"7dtd","dimension":"7dtd:main","entity_id":"1d96b662-c615-4729-a431-d3c5806bac72","entity_type":"7dtd:player","lifecycle":{"event":"update"},"metadata":{},"origin":{"dimension":"7dtd:main","entity_id":"1d96b662-c615-4729-a431-d3c5806bac72","game":"7dtd","world_id":"td-0d917a4eff776d999148769266591579674d2c42de6557026893a1902834f11f"},"position":{"x":-45.339886486530304,"y":71,"z":75.1362463696625,"space":"minecraft"},"rotation":{"pitch":2.875,"roll":0,"yaw":154.42742919921875},"sequence":322,"source":"7dtd","stream_id":"87f4fae0-b0b2-408f-bcab-c03d8733070c","type":"entity_state","version":2,"world_id":"td-0d917a4eff776d999148769266591579674d2c42de6557026893a1902834f11f"}
[19:39:59] [Render thread/INFO]: 7DTD proxy updated: id=1d96b662-c615-4729-a431-d3c5806bac72 sequence=322 x=-45.339886486530304 y=71.0 z=75.1362463696625 yaw=154.42742919921875 pitch=2.875 roll=0.0
[19:39:59] [MC7DTD-entity-test-send/INFO]: Player proxy sent: {"type":"entity_state","version":1,"source":"minecraft","entity_type":"minecraft:player","entity_id":"4cee8e44-c4b9-4af8-ad92-2db1ac35aafd","stream_id":"ff55d991-cd59-45bf-acd4-77ae6eb479dc","world_id":"mc-cf4dce40-2be1-372b-b914-917f5dcc644c","dimension":"minecraft:overworld","sequence":103,"lifecycle":{"event":"update"},"metadata":{},"position":{"x":-47.30000001192093,"y":71.0,"z":72.77925174075624,"space":"minecraft"},"rotation":{"yaw":324.45015716552734,"pitch":37.3499755859375,"roll":0}}
[19:39:59] [MC7DTD-websocket/INFO]: 7DTD entity received: {"authority":"7dtd","dimension":"7dtd:main","entity_id":"1d96b662-c615-4729-a431-d3c5806bac72","entity_type":"7dtd:player","lifecycle":{"event":"update"},"metadata":{},"origin":{"dimension":"7dtd:main","entity_id":"1d96b662-c615-4729-a431-d3c5806bac72","game":"7dtd","world_id":"td-0d917a4eff776d999148769266591579674d2c42de6557026893a1902834f11f"},"position":{"x":-45.339886486530304,"y":71,"z":75.1362463696625,"space":"minecraft"},"rotation":{"pitch":2.875,"roll":0,"yaw":154.42742919921875},"sequence":323,"source":"7dtd","stream_id":"87f4fae0-b0b2-408f-bcab-c03d8733070c","type":"entity_state","version":2,"world_id":"td-0d917a4eff776d999148769266591579674d2c42de6557026893a1902834f11f"}
[19:39:59] [Render thread/INFO]: 7DTD proxy updated: id=1d96b662-c615-4729-a431-d3c5806bac72 sequence=323 x=-45.339886486530304 y=71.0 z=75.1362463696625 yaw=154.42742919921875 pitch=2.875 roll=0.0
[19:40:00] [MC7DTD-entity-test-send/INFO]: Player proxy sent: {"type":"entity_state","version":1,"source":"minecraft","entity_type":"minecraft:player","entity_id":"4cee8e44-c4b9-4af8-ad92-2db1ac35aafd","stream_id":"ff55d991-cd59-45bf-acd4-77ae6eb479dc","world_id":"mc-cf4dce40-2be1-372b-b914-917f5dcc644c","dimension":"minecraft:overworld","sequence":104,"lifecycle":{"event":"update"},"metadata":{},"position":{"x":-47.30000001192093,"y":71.0,"z":72.77925174075624,"space":"minecraft"},"rotation":{"yaw":324.45015716552734,"pitch":37.3499755859375,"roll":0}}
[19:40:00] [MC7DTD-websocket/INFO]: 7DTD entity received: {"authority":"7dtd","dimension":"7dtd:main","entity_id":"1d96b662-c615-4729-a431-d3c5806bac72","entity_type":"7dtd:player","lifecycle":{"event":"update"},"metadata":{},"origin":{"dimension":"7dtd:main","entity_id":"1d96b662-c615-4729-a431-d3c5806bac72","game":"7dtd","world_id":"td-0d917a4eff776d999148769266591579674d2c42de6557026893a1902834f11f"},"position":{"x":-45.339886486530304,"y":71,"z":75.1362463696625,"space":"minecraft"},"rotation":{"pitch":2.875,"roll":0,"yaw":154.42742919921875},"sequence":324,"source":"7dtd","stream_id":"87f4fae0-b0b2-408f-bcab-c03d8733070c","type":"entity_state","version":2,"world_id":"td-0d917a4eff776d999148769266591579674d2c42de6557026893a1902834f11f"}
[19:40:00] [Render thread/INFO]: 7DTD proxy updated: id=1d96b662-c615-4729-a431-d3c5806bac72 sequence=324 x=-45.339886486530304 y=71.0 z=75.1362463696625 yaw=154.42742919921875 pitch=2.875 roll=0.0
[19:40:00] [MC7DTD-entity-test-send/INFO]: Player proxy sent: {"type":"entity_state","version":1,"source":"minecraft","entity_type":"minecraft:player","entity_id":"4cee8e44-c4b9-4af8-ad92-2db1ac35aafd","stream_id":"ff55d991-cd59-45bf-acd4-77ae6eb479dc","world_id":"mc-cf4dce40-2be1-372b-b914-917f5dcc644c","dimension":"minecraft:overworld","sequence":105,"lifecycle":{"event":"update"},"metadata":{},"position":{"x":-47.30000001192093,"y":71.0,"z":72.77925174075624,"space":"minecraft"},"rotation":{"yaw":324.45015716552734,"pitch":37.3499755859375,"roll":0}}
[19:40:00] [MC7DTD-websocket/INFO]: 7DTD entity received: {"authority":"7dtd","dimension":"7dtd:main","entity_id":"1d96b662-c615-4729-a431-d3c5806bac72","entity_type":"7dtd:player","lifecycle":{"event":"update"},"metadata":{},"origin":{"dimension":"7dtd:main","entity_id":"1d96b662-c615-4729-a431-d3c5806bac72","game":"7dtd","world_id":"td-0d917a4eff776d999148769266591579674d2c42de6557026893a1902834f11f"},"position":{"x":-45.339886486530304,"y":71,"z":75.1362463696625,"space":"minecraft"},"rotation":{"pitch":2.875,"roll":0,"yaw":154.42742919921875},"sequence":325,"source":"7dtd","stream_id":"87f4fae0-b0b2-408f-bcab-c03d8733070c","type":"entity_state","version":2,"world_id":"td-0d917a4eff776d999148769266591579674d2c42de6557026893a1902834f11f"}
[19:40:00] [Render thread/INFO]: 7DTD proxy updated: id=1d96b662-c615-4729-a431-d3c5806bac72 sequence=325 x=-45.339886486530304 y=71.0 z=75.1362463696625 yaw=154.42742919921875 pitch=2.875 roll=0.0
[19:40:01] [MC7DTD-entity-test-send/INFO]: Player proxy sent: {"type":"entity_state","version":1,"source":"minecraft","entity_type":"minecraft:player","entity_id":"4cee8e44-c4b9-4af8-ad92-2db1ac35aafd","stream_id":"ff55d991-cd59-45bf-acd4-77ae6eb479dc","world_id":"mc-cf4dce40-2be1-372b-b914-917f5dcc644c","dimension":"minecraft:overworld","sequence":106,"lifecycle":{"event":"update"},"metadata":{},"position":{"x":-47.30000001192093,"y":71.0,"z":72.77925174075624,"space":"minecraft"},"rotation":{"yaw":324.45015716552734,"pitch":37.3499755859375,"roll":0}}
[19:40:01] [MC7DTD-websocket/INFO]: 7DTD entity received: {"authority":"7dtd","dimension":"7dtd:main","entity_id":"1d96b662-c615-4729-a431-d3c5806bac72","entity_type":"7dtd:player","lifecycle":{"event":"update"},"metadata":{},"origin":{"dimension":"7dtd:main","entity_id":"1d96b662-c615-4729-a431-d3c5806bac72","game":"7dtd","world_id":"td-0d917a4eff776d999148769266591579674d2c42de6557026893a1902834f11f"},"position":{"x":-45.339886486530304,"y":71,"z":75.1362463696625,"space":"minecraft"},"rotation":{"pitch":2.875,"roll":0,"yaw":154.42742919921875},"sequence":326,"source":"7dtd","stream_id":"87f4fae0-b0b2-408f-bcab-c03d8733070c","type":"entity_state","version":2,"world_id":"td-0d917a4eff776d999148769266591579674d2c42de6557026893a1902834f11f"}
[19:40:01] [Render thread/INFO]: 7DTD proxy updated: id=1d96b662-c615-4729-a431-d3c5806bac72 sequence=326 x=-45.339886486530304 y=71.0 z=75.1362463696625 yaw=154.42742919921875 pitch=2.875 roll=0.0
[19:40:01] [MC7DTD-entity-test-send/INFO]: Player proxy sent: {"type":"entity_state","version":1,"source":"minecraft","entity_type":"minecraft:player","entity_id":"4cee8e44-c4b9-4af8-ad92-2db1ac35aafd","stream_id":"ff55d991-cd59-45bf-acd4-77ae6eb479dc","world_id":"mc-cf4dce40-2be1-372b-b914-917f5dcc644c","dimension":"minecraft:overworld","sequence":107,"lifecycle":{"event":"update"},"metadata":{},"position":{"x":-47.30000001192093,"y":71.0,"z":72.77925174075624,"space":"minecraft"},"rotation":{"yaw":324.45015716552734,"pitch":37.3499755859375,"roll":0}}
[19:40:01] [MC7DTD-websocket/INFO]: 7DTD entity received: {"authority":"7dtd","dimension":"7dtd:main","entity_id":"1d96b662-c615-4729-a431-d3c5806bac72","entity_type":"7dtd:player","lifecycle":{"event":"update"},"metadata":{},"origin":{"dimension":"7dtd:main","entity_id":"1d96b662-c615-4729-a431-d3c5806bac72","game":"7dtd","world_id":"td-0d917a4eff776d999148769266591579674d2c42de6557026893a1902834f11f"},"position":{"x":-45.339886486530304,"y":71,"z":75.1362463696625,"space":"minecraft"},"rotation":{"pitch":2.875,"roll":0,"yaw":154.42742919921875},"sequence":327,"source":"7dtd","stream_id":"87f4fae0-b0b2-408f-bcab-c03d8733070c","type":"entity_state","version":2,"world_id":"td-0d917a4eff776d999148769266591579674d2c42de6557026893a1902834f11f"}
[19:40:02] [Render thread/INFO]: 7DTD proxy updated: id=1d96b662-c615-4729-a431-d3c5806bac72 sequence=327 x=-45.339886486530304 y=71.0 z=75.1362463696625 yaw=154.42742919921875 pitch=2.875 roll=0.0
[19:40:02] [MC7DTD-entity-test-send/INFO]: Player proxy sent: {"type":"entity_state","version":1,"source":"minecraft","entity_type":"minecraft:player","entity_id":"4cee8e44-c4b9-4af8-ad92-2db1ac35aafd","stream_id":"ff55d991-cd59-45bf-acd4-77ae6eb479dc","world_id":"mc-cf4dce40-2be1-372b-b914-917f5dcc644c","dimension":"minecraft:overworld","sequence":108,"lifecycle":{"event":"update"},"metadata":{},"position":{"x":-47.30000001192093,"y":71.0,"z":72.77925174075624,"space":"minecraft"},"rotation":{"yaw":324.45015716552734,"pitch":37.3499755859375,"roll":0}}
[19:40:02] [MC7DTD-websocket/INFO]: 7DTD entity received: {"authority":"7dtd","dimension":"7dtd:main","entity_id":"1d96b662-c615-4729-a431-d3c5806bac72","entity_type":"7dtd:player","lifecycle":{"event":"update"},"metadata":{},"origin":{"dimension":"7dtd:main","entity_id":"1d96b662-c615-4729-a431-d3c5806bac72","game":"7dtd","world_id":"td-0d917a4eff776d999148769266591579674d2c42de6557026893a1902834f11f"},"position":{"x":-45.339886486530304,"y":71,"z":75.1362463696625,"space":"minecraft"},"rotation":{"pitch":2.875,"roll":0,"yaw":154.42742919921875},"sequence":328,"source":"7dtd","stream_id":"87f4fae0-b0b2-408f-bcab-c03d8733070c","type":"entity_state","version":2,"world_id":"td-0d917a4eff776d999148769266591579674d2c42de6557026893a1902834f11f"}
[19:40:02] [Render thread/INFO]: 7DTD proxy updated: id=1d96b662-c615-4729-a431-d3c5806bac72 sequence=328 x=-45.339886486530304 y=71.0 z=75.1362463696625 yaw=154.42742919921875 pitch=2.875 roll=0.0
[19:40:02] [MC7DTD-entity-test-send/INFO]: Player proxy sent: {"type":"entity_state","version":1,"source":"minecraft","entity_type":"minecraft:player","entity_id":"4cee8e44-c4b9-4af8-ad92-2db1ac35aafd","stream_id":"ff55d991-cd59-45bf-acd4-77ae6eb479dc","world_id":"mc-cf4dce40-2be1-372b-b914-917f5dcc644c","dimension":"minecraft:overworld","sequence":109,"lifecycle":{"event":"update"},"metadata":{},"position":{"x":-47.30000001192093,"y":71.0,"z":72.77925174075624,"space":"minecraft"},"rotation":{"yaw":324.45015716552734,"pitch":37.3499755859375,"roll":0}}
[19:40:02] [MC7DTD-websocket/INFO]: 7DTD entity received: {"authority":"7dtd","dimension":"7dtd:main","entity_id":"1d96b662-c615-4729-a431-d3c5806bac72","entity_type":"7dtd:player","lifecycle":{"event":"update"},"metadata":{},"origin":{"dimension":"7dtd:main","entity_id":"1d96b662-c615-4729-a431-d3c5806bac72","game":"7dtd","world_id":"td-0d917a4eff776d999148769266591579674d2c42de6557026893a1902834f11f"},"position":{"x":-45.339886486530304,"y":71,"z":75.1362463696625,"space":"minecraft"},"rotation":{"pitch":2.875,"roll":0,"yaw":154.42742919921875},"sequence":329,"source":"7dtd","stream_id":"87f4fae0-b0b2-408f-bcab-c03d8733070c","type":"entity_state","version":2,"world_id":"td-0d917a4eff776d999148769266591579674d2c42de6557026893a1902834f11f"}
[19:40:02] [Render thread/INFO]: 7DTD proxy updated: id=1d96b662-c615-4729-a431-d3c5806bac72 sequence=329 x=-45.339886486530304 y=71.0 z=75.1362463696625 yaw=154.42742919921875 pitch=2.875 roll=0.0
[19:40:03] [MC7DTD-entity-test-send/INFO]: Player proxy sent: {"type":"entity_state","version":1,"source":"minecraft","entity_type":"minecraft:player","entity_id":"4cee8e44-c4b9-4af8-ad92-2db1ac35aafd","stream_id":"ff55d991-cd59-45bf-acd4-77ae6eb479dc","world_id":"mc-cf4dce40-2be1-372b-b914-917f5dcc644c","dimension":"minecraft:overworld","sequence":110,"lifecycle":{"event":"update"},"metadata":{},"position":{"x":-47.30000001192093,"y":71.0,"z":72.77925174075624,"space":"minecraft"},"rotation":{"yaw":324.45015716552734,"pitch":37.3499755859375,"roll":0}}
[19:40:03] [MC7DTD-websocket/INFO]: 7DTD entity received: {"authority":"7dtd","dimension":"7dtd:main","entity_id":"1d96b662-c615-4729-a431-d3c5806bac72","entity_type":"7dtd:player","lifecycle":{"event":"update"},"metadata":{},"origin":{"dimension":"7dtd:main","entity_id":"1d96b662-c615-4729-a431-d3c5806bac72","game":"7dtd","world_id":"td-0d917a4eff776d999148769266591579674d2c42de6557026893a1902834f11f"},"position":{"x":-45.339886486530304,"y":71,"z":75.1362463696625,"space":"minecraft"},"rotation":{"pitch":2.875,"roll":0,"yaw":154.42742919921875},"sequence":330,"source":"7dtd","stream_id":"87f4fae0-b0b2-408f-bcab-c03d8733070c","type":"entity_state","version":2,"world_id":"td-0d917a4eff776d999148769266591579674d2c42de6557026893a1902834f11f"}
[19:40:03] [Render thread/INFO]: 7DTD proxy updated: id=1d96b662-c615-4729-a431-d3c5806bac72 sequence=330 x=-45.339886486530304 y=71.0 z=75.1362463696625 yaw=154.42742919921875 pitch=2.875 roll=0.0
[19:40:03] [MC7DTD-websocket/INFO]: 7DTD entity received: {"authority":"7dtd","dimension":"7dtd:main","entity_id":"1d96b662-c615-4729-a431-d3c5806bac72","entity_type":"7dtd:player","lifecycle":{"event":"update"},"metadata":{},"origin":{"dimension":"7dtd:main","entity_id":"1d96b662-c615-4729-a431-d3c5806bac72","game":"7dtd","world_id":"td-0d917a4eff776d999148769266591579674d2c42de6557026893a1902834f11f"},"position":{"x":-45.339886486530304,"y":71,"z":75.1362463696625,"space":"minecraft"},"rotation":{"pitch":2.875,"roll":0,"yaw":154.42742919921875},"sequence":331,"source":"7dtd","stream_id":"87f4fae0-b0b2-408f-bcab-c03d8733070c","type":"entity_state","version":2,"world_id":"td-0d917a4eff776d999148769266591579674d2c42de6557026893a1902834f11f"}
[19:40:03] [Render thread/INFO]: 7DTD proxy updated: id=1d96b662-c615-4729-a431-d3c5806bac72 sequence=331 x=-45.339886486530304 y=71.0 z=75.1362463696625 yaw=154.42742919921875 pitch=2.875 roll=0.0
[19:40:03] [MC7DTD-entity-test-send/INFO]: Player proxy sent: {"type":"entity_state","version":1,"source":"minecraft","entity_type":"minecraft:player","entity_id":"4cee8e44-c4b9-4af8-ad92-2db1ac35aafd","stream_id":"ff55d991-cd59-45bf-acd4-77ae6eb479dc","world_id":"mc-cf4dce40-2be1-372b-b914-917f5dcc644c","dimension":"minecraft:overworld","sequence":111,"lifecycle":{"event":"update"},"metadata":{},"position":{"x":-47.30000001192093,"y":71.0,"z":72.77925174075624,"space":"minecraft"},"rotation":{"yaw":324.45015716552734,"pitch":37.3499755859375,"roll":0}}
[19:40:04] [MC7DTD-websocket/INFO]: 7DTD entity received: {"authority":"7dtd","dimension":"7dtd:main","entity_id":"1d96b662-c615-4729-a431-d3c5806bac72","entity_type":"7dtd:player","lifecycle":{"event":"update"},"metadata":{},"origin":{"dimension":"7dtd:main","entity_id":"1d96b662-c615-4729-a431-d3c5806bac72","game":"7dtd","world_id":"td-0d917a4eff776d999148769266591579674d2c42de6557026893a1902834f11f"},"position":{"x":-45.339886486530304,"y":71,"z":75.1362463696625,"space":"minecraft"},"rotation":{"pitch":2.875,"roll":0,"yaw":154.42742919921875},"sequence":332,"source":"7dtd","stream_id":"87f4fae0-b0b2-408f-bcab-c03d8733070c","type":"entity_state","version":2,"world_id":"td-0d917a4eff776d999148769266591579674d2c42de6557026893a1902834f11f"}
[19:40:04] [Render thread/INFO]: 7DTD proxy updated: id=1d96b662-c615-4729-a431-d3c5806bac72 sequence=332 x=-45.339886486530304 y=71.0 z=75.1362463696625 yaw=154.42742919921875 pitch=2.875 roll=0.0
[19:40:04] [MC7DTD-entity-test-send/INFO]: Player proxy sent: {"type":"entity_state","version":1,"source":"minecraft","entity_type":"minecraft:player","entity_id":"4cee8e44-c4b9-4af8-ad92-2db1ac35aafd","stream_id":"ff55d991-cd59-45bf-acd4-77ae6eb479dc","world_id":"mc-cf4dce40-2be1-372b-b914-917f5dcc644c","dimension":"minecraft:overworld","sequence":112,"lifecycle":{"event":"update"},"metadata":{},"position":{"x":-47.30000001192093,"y":71.0,"z":72.77925174075624,"space":"minecraft"},"rotation":{"yaw":324.45015716552734,"pitch":37.3499755859375,"roll":0}}
[19:40:04] [MC7DTD-websocket/INFO]: 7DTD entity received: {"authority":"7dtd","dimension":"7dtd:main","entity_id":"1d96b662-c615-4729-a431-d3c5806bac72","entity_type":"7dtd:player","lifecycle":{"event":"update"},"metadata":{},"origin":{"dimension":"7dtd:main","entity_id":"1d96b662-c615-4729-a431-d3c5806bac72","game":"7dtd","world_id":"td-0d917a4eff776d999148769266591579674d2c42de6557026893a1902834f11f"},"position":{"x":-45.339886486530304,"y":71,"z":75.1362463696625,"space":"minecraft"},"rotation":{"pitch":2.875,"roll":0,"yaw":154.42742919921875},"sequence":333,"source":"7dtd","stream_id":"87f4fae0-b0b2-408f-bcab-c03d8733070c","type":"entity_state","version":2,"world_id":"td-0d917a4eff776d999148769266591579674d2c42de6557026893a1902834f11f"}
[19:40:04] [Render thread/INFO]: 7DTD proxy updated: id=1d96b662-c615-4729-a431-d3c5806bac72 sequence=333 x=-45.339886486530304 y=71.0 z=75.1362463696625 yaw=154.42742919921875 pitch=2.875 roll=0.0
[19:40:05] [MC7DTD-entity-test-send/INFO]: Player proxy sent: {"type":"entity_state","version":1,"source":"minecraft","entity_type":"minecraft:player","entity_id":"4cee8e44-c4b9-4af8-ad92-2db1ac35aafd","stream_id":"ff55d991-cd59-45bf-acd4-77ae6eb479dc","world_id":"mc-cf4dce40-2be1-372b-b914-917f5dcc644c","dimension":"minecraft:overworld","sequence":113,"lifecycle":{"event":"update"},"metadata":{},"position":{"x":-47.30000001192093,"y":71.0,"z":72.77925174075624,"space":"minecraft"},"rotation":{"yaw":324.45015716552734,"pitch":37.3499755859375,"roll":0}}
[19:40:05] [MC7DTD-websocket/INFO]: 7DTD entity received: {"authority":"7dtd","dimension":"7dtd:main","entity_id":"1d96b662-c615-4729-a431-d3c5806bac72","entity_type":"7dtd:player","lifecycle":{"event":"update"},"metadata":{},"origin":{"dimension":"7dtd:main","entity_id":"1d96b662-c615-4729-a431-d3c5806bac72","game":"7dtd","world_id":"td-0d917a4eff776d999148769266591579674d2c42de6557026893a1902834f11f"},"position":{"x":-45.339886486530304,"y":71,"z":75.1362463696625,"space":"minecraft"},"rotation":{"pitch":2.875,"roll":0,"yaw":154.42742919921875},"sequence":334,"source":"7dtd","stream_id":"87f4fae0-b0b2-408f-bcab-c03d8733070c","type":"entity_state","version":2,"world_id":"td-0d917a4eff776d999148769266591579674d2c42de6557026893a1902834f11f"}
[19:40:05] [Render thread/INFO]: 7DTD proxy updated: id=1d96b662-c615-4729-a431-d3c5806bac72 sequence=334 x=-45.339886486530304 y=71.0 z=75.1362463696625 yaw=154.42742919921875 pitch=2.875 roll=0.0
[19:40:05] [MC7DTD-entity-test-send/INFO]: Player proxy sent: {"type":"entity_state","version":1,"source":"minecraft","entity_type":"minecraft:player","entity_id":"4cee8e44-c4b9-4af8-ad92-2db1ac35aafd","stream_id":"ff55d991-cd59-45bf-acd4-77ae6eb479dc","world_id":"mc-cf4dce40-2be1-372b-b914-917f5dcc644c","dimension":"minecraft:overworld","sequence":114,"lifecycle":{"event":"update"},"metadata":{},"position":{"x":-47.30000001192093,"y":71.0,"z":72.77925174075624,"space":"minecraft"},"rotation":{"yaw":324.45015716552734,"pitch":37.3499755859375,"roll":0}}
[19:40:05] [MC7DTD-websocket/INFO]: 7DTD entity received: {"authority":"7dtd","dimension":"7dtd:main","entity_id":"1d96b662-c615-4729-a431-d3c5806bac72","entity_type":"7dtd:player","lifecycle":{"event":"update"},"metadata":{},"origin":{"dimension":"7dtd:main","entity_id":"1d96b662-c615-4729-a431-d3c5806bac72","game":"7dtd","world_id":"td-0d917a4eff776d999148769266591579674d2c42de6557026893a1902834f11f"},"position":{"x":-45.339886486530304,"y":71,"z":75.1362463696625,"space":"minecraft"},"rotation":{"pitch":2.875,"roll":0,"yaw":154.42742919921875},"sequence":335,"source":"7dtd","stream_id":"87f4fae0-b0b2-408f-bcab-c03d8733070c","type":"entity_state","version":2,"world_id":"td-0d917a4eff776d999148769266591579674d2c42de6557026893a1902834f11f"}
[19:40:05] [Render thread/INFO]: 7DTD proxy updated: id=1d96b662-c615-4729-a431-d3c5806bac72 sequence=335 x=-45.339886486530304 y=71.0 z=75.1362463696625 yaw=154.42742919921875 pitch=2.875 roll=0.0
[19:40:06] [MC7DTD-entity-test-send/INFO]: Player proxy sent: {"type":"entity_state","version":1,"source":"minecraft","entity_type":"minecraft:player","entity_id":"4cee8e44-c4b9-4af8-ad92-2db1ac35aafd","stream_id":"ff55d991-cd59-45bf-acd4-77ae6eb479dc","world_id":"mc-cf4dce40-2be1-372b-b914-917f5dcc644c","dimension":"minecraft:overworld","sequence":115,"lifecycle":{"event":"update"},"metadata":{},"position":{"x":-47.30000001192093,"y":71.0,"z":72.77925174075624,"space":"minecraft"},"rotation":{"yaw":324.45015716552734,"pitch":37.3499755859375,"roll":0}}
[19:40:06] [MC7DTD-websocket/INFO]: 7DTD entity received: {"authority":"7dtd","dimension":"7dtd:main","entity_id":"1d96b662-c615-4729-a431-d3c5806bac72","entity_type":"7dtd:player","lifecycle":{"event":"update"},"metadata":{},"origin":{"dimension":"7dtd:main","entity_id":"1d96b662-c615-4729-a431-d3c5806bac72","game":"7dtd","world_id":"td-0d917a4eff776d999148769266591579674d2c42de6557026893a1902834f11f"},"position":{"x":-45.339886486530304,"y":71,"z":75.1362463696625,"space":"minecraft"},"rotation":{"pitch":2.875,"roll":0,"yaw":154.42742919921875},"sequence":336,"source":"7dtd","stream_id":"87f4fae0-b0b2-408f-bcab-c03d8733070c","type":"entity_state","version":2,"world_id":"td-0d917a4eff776d999148769266591579674d2c42de6557026893a1902834f11f"}
[19:40:06] [Render thread/INFO]: 7DTD proxy updated: id=1d96b662-c615-4729-a431-d3c5806bac72 sequence=336 x=-45.339886486530304 y=71.0 z=75.1362463696625 yaw=154.42742919921875 pitch=2.875 roll=0.0
[19:40:06] [MC7DTD-entity-test-send/INFO]: Player proxy sent: {"type":"entity_state","version":1,"source":"minecraft","entity_type":"minecraft:player","entity_id":"4cee8e44-c4b9-4af8-ad92-2db1ac35aafd","stream_id":"ff55d991-cd59-45bf-acd4-77ae6eb479dc","world_id":"mc-cf4dce40-2be1-372b-b914-917f5dcc644c","dimension":"minecraft:overworld","sequence":116,"lifecycle":{"event":"update"},"metadata":{},"position":{"x":-47.30000001192093,"y":71.0,"z":72.77925174075624,"space":"minecraft"},"rotation":{"yaw":324.45015716552734,"pitch":37.3499755859375,"roll":0}}
[19:40:06] [MC7DTD-websocket/INFO]: 7DTD entity received: {"authority":"7dtd","dimension":"7dtd:main","entity_id":"1d96b662-c615-4729-a431-d3c5806bac72","entity_type":"7dtd:player","lifecycle":{"event":"update"},"metadata":{},"origin":{"dimension":"7dtd:main","entity_id":"1d96b662-c615-4729-a431-d3c5806bac72","game":"7dtd","world_id":"td-0d917a4eff776d999148769266591579674d2c42de6557026893a1902834f11f"},"position":{"x":-45.339886486530304,"y":71,"z":75.1362463696625,"space":"minecraft"},"rotation":{"pitch":2.875,"roll":0,"yaw":154.42742919921875},"sequence":337,"source":"7dtd","stream_id":"87f4fae0-b0b2-408f-bcab-c03d8733070c","type":"entity_state","version":2,"world_id":"td-0d917a4eff776d999148769266591579674d2c42de6557026893a1902834f11f"}
[19:40:06] [Render thread/INFO]: 7DTD proxy updated: id=1d96b662-c615-4729-a431-d3c5806bac72 sequence=337 x=-45.339886486530304 y=71.0 z=75.1362463696625 yaw=154.42742919921875 pitch=2.875 roll=0.0
[19:40:07] [MC7DTD-entity-test-send/INFO]: Player proxy sent: {"type":"entity_state","version":1,"source":"minecraft","entity_type":"minecraft:player","entity_id":"4cee8e44-c4b9-4af8-ad92-2db1ac35aafd","stream_id":"ff55d991-cd59-45bf-acd4-77ae6eb479dc","world_id":"mc-cf4dce40-2be1-372b-b914-917f5dcc644c","dimension":"minecraft:overworld","sequence":117,"lifecycle":{"event":"update"},"metadata":{},"position":{"x":-47.30000001192093,"y":71.0,"z":72.77925174075624,"space":"minecraft"},"rotation":{"yaw":324.45015716552734,"pitch":37.3499755859375,"roll":0}}
[19:40:07] [MC7DTD-websocket/INFO]: 7DTD entity received: {"authority":"7dtd","dimension":"7dtd:main","entity_id":"1d96b662-c615-4729-a431-d3c5806bac72","entity_type":"7dtd:player","lifecycle":{"event":"update"},"metadata":{},"origin":{"dimension":"7dtd:main","entity_id":"1d96b662-c615-4729-a431-d3c5806bac72","game":"7dtd","world_id":"td-0d917a4eff776d999148769266591579674d2c42de6557026893a1902834f11f"},"position":{"x":-45.339886486530304,"y":71,"z":75.1362463696625,"space":"minecraft"},"rotation":{"pitch":2.875,"roll":0,"yaw":154.42742919921875},"sequence":338,"source":"7dtd","stream_id":"87f4fae0-b0b2-408f-bcab-c03d8733070c","type":"entity_state","version":2,"world_id":"td-0d917a4eff776d999148769266591579674d2c42de6557026893a1902834f11f"}
[19:40:07] [Render thread/INFO]: 7DTD proxy updated: id=1d96b662-c615-4729-a431-d3c5806bac72 sequence=338 x=-45.339886486530304 y=71.0 z=75.1362463696625 yaw=154.42742919921875 pitch=2.875 roll=0.0
[19:40:07] [MC7DTD-entity-test-send/INFO]: Player proxy sent: {"type":"entity_state","version":1,"source":"minecraft","entity_type":"minecraft:player","entity_id":"4cee8e44-c4b9-4af8-ad92-2db1ac35aafd","stream_id":"ff55d991-cd59-45bf-acd4-77ae6eb479dc","world_id":"mc-cf4dce40-2be1-372b-b914-917f5dcc644c","dimension":"minecraft:overworld","sequence":118,"lifecycle":{"event":"update"},"metadata":{},"position":{"x":-47.30000001192093,"y":71.0,"z":72.77925174075624,"space":"minecraft"},"rotation":{"yaw":324.45015716552734,"pitch":37.3499755859375,"roll":0}}
[19:40:07] [MC7DTD-websocket/INFO]: 7DTD entity received: {"authority":"7dtd","dimension":"7dtd:main","entity_id":"1d96b662-c615-4729-a431-d3c5806bac72","entity_type":"7dtd:player","lifecycle":{"event":"update"},"metadata":{},"origin":{"dimension":"7dtd:main","entity_id":"1d96b662-c615-4729-a431-d3c5806bac72","game":"7dtd","world_id":"td-0d917a4eff776d999148769266591579674d2c42de6557026893a1902834f11f"},"position":{"x":-45.339886486530304,"y":71,"z":75.1362463696625,"space":"minecraft"},"rotation":{"pitch":2.875,"roll":0,"yaw":154.42742919921875},"sequence":339,"source":"7dtd","stream_id":"87f4fae0-b0b2-408f-bcab-c03d8733070c","type":"entity_state","version":2,"world_id":"td-0d917a4eff776d999148769266591579674d2c42de6557026893a1902834f11f"}
[19:40:08] [Render thread/INFO]: 7DTD proxy updated: id=1d96b662-c615-4729-a431-d3c5806bac72 sequence=339 x=-45.339886486530304 y=71.0 z=75.1362463696625 yaw=154.42742919921875 pitch=2.875 roll=0.0
[19:40:08] [MC7DTD-entity-test-send/INFO]: Player proxy sent: {"type":"entity_state","version":1,"source":"minecraft","entity_type":"minecraft:player","entity_id":"4cee8e44-c4b9-4af8-ad92-2db1ac35aafd","stream_id":"ff55d991-cd59-45bf-acd4-77ae6eb479dc","world_id":"mc-cf4dce40-2be1-372b-b914-917f5dcc644c","dimension":"minecraft:overworld","sequence":119,"lifecycle":{"event":"update"},"metadata":{},"position":{"x":-47.30000001192093,"y":71.0,"z":72.77925174075624,"space":"minecraft"},"rotation":{"yaw":324.45015716552734,"pitch":37.3499755859375,"roll":0}}
[19:40:08] [MC7DTD-websocket/INFO]: 7DTD entity received: {"authority":"7dtd","dimension":"7dtd:main","entity_id":"1d96b662-c615-4729-a431-d3c5806bac72","entity_type":"7dtd:player","lifecycle":{"event":"update"},"metadata":{},"origin":{"dimension":"7dtd:main","entity_id":"1d96b662-c615-4729-a431-d3c5806bac72","game":"7dtd","world_id":"td-0d917a4eff776d999148769266591579674d2c42de6557026893a1902834f11f"},"position":{"x":-45.339886486530304,"y":71,"z":75.1362463696625,"space":"minecraft"},"rotation":{"pitch":2.875,"roll":0,"yaw":154.42742919921875},"sequence":340,"source":"7dtd","stream_id":"87f4fae0-b0b2-408f-bcab-c03d8733070c","type":"entity_state","version":2,"world_id":"td-0d917a4eff776d999148769266591579674d2c42de6557026893a1902834f11f"}
[19:40:08] [Render thread/INFO]: 7DTD proxy updated: id=1d96b662-c615-4729-a431-d3c5806bac72 sequence=340 x=-45.339886486530304 y=71.0 z=75.1362463696625 yaw=154.42742919921875 pitch=2.875 roll=0.0
[19:40:08] [MC7DTD-entity-test-send/INFO]: Player proxy sent: {"type":"entity_state","version":1,"source":"minecraft","entity_type":"minecraft:player","entity_id":"4cee8e44-c4b9-4af8-ad92-2db1ac35aafd","stream_id":"ff55d991-cd59-45bf-acd4-77ae6eb479dc","world_id":"mc-cf4dce40-2be1-372b-b914-917f5dcc644c","dimension":"minecraft:overworld","sequence":120,"lifecycle":{"event":"update"},"metadata":{},"position":{"x":-47.30000001192093,"y":71.0,"z":72.77925174075624,"space":"minecraft"},"rotation":{"yaw":324.45015716552734,"pitch":37.3499755859375,"roll":0}}
[19:40:08] [MC7DTD-websocket/INFO]: 7DTD entity received: {"authority":"7dtd","dimension":"7dtd:main","entity_id":"1d96b662-c615-4729-a431-d3c5806bac72","entity_type":"7dtd:player","lifecycle":{"event":"update"},"metadata":{},"origin":{"dimension":"7dtd:main","entity_id":"1d96b662-c615-4729-a431-d3c5806bac72","game":"7dtd","world_id":"td-0d917a4eff776d999148769266591579674d2c42de6557026893a1902834f11f"},"position":{"x":-45.339886486530304,"y":71,"z":75.1362463696625,"space":"minecraft"},"rotation":{"pitch":2.875,"roll":0,"yaw":154.42742919921875},"sequence":341,"source":"7dtd","stream_id":"87f4fae0-b0b2-408f-bcab-c03d8733070c","type":"entity_state","version":2,"world_id":"td-0d917a4eff776d999148769266591579674d2c42de6557026893a1902834f11f"}
[19:40:09] [Render thread/INFO]: 7DTD proxy updated: id=1d96b662-c615-4729-a431-d3c5806bac72 sequence=341 x=-45.339886486530304 y=71.0 z=75.1362463696625 yaw=154.42742919921875 pitch=2.875 roll=0.0
[19:40:09] [MC7DTD-entity-test-send/INFO]: Player proxy sent: {"type":"entity_state","version":1,"source":"minecraft","entity_type":"minecraft:player","entity_id":"4cee8e44-c4b9-4af8-ad92-2db1ac35aafd","stream_id":"ff55d991-cd59-45bf-acd4-77ae6eb479dc","world_id":"mc-cf4dce40-2be1-372b-b914-917f5dcc644c","dimension":"minecraft:overworld","sequence":121,"lifecycle":{"event":"update"},"metadata":{},"position":{"x":-47.30000001192093,"y":71.0,"z":72.77925174075624,"space":"minecraft"},"rotation":{"yaw":324.45015716552734,"pitch":37.3499755859375,"roll":0}}
[19:40:09] [MC7DTD-websocket/INFO]: 7DTD entity received: {"authority":"7dtd","dimension":"7dtd:main","entity_id":"1d96b662-c615-4729-a431-d3c5806bac72","entity_type":"7dtd:player","lifecycle":{"event":"update"},"metadata":{},"origin":{"dimension":"7dtd:main","entity_id":"1d96b662-c615-4729-a431-d3c5806bac72","game":"7dtd","world_id":"td-0d917a4eff776d999148769266591579674d2c42de6557026893a1902834f11f"},"position":{"x":-45.339886486530304,"y":71,"z":75.1362463696625,"space":"minecraft"},"rotation":{"pitch":2.875,"roll":0,"yaw":154.42742919921875},"sequence":342,"source":"7dtd","stream_id":"87f4fae0-b0b2-408f-bcab-c03d8733070c","type":"entity_state","version":2,"world_id":"td-0d917a4eff776d999148769266591579674d2c42de6557026893a1902834f11f"}
[19:40:09] [Render thread/INFO]: 7DTD proxy updated: id=1d96b662-c615-4729-a431-d3c5806bac72 sequence=342 x=-45.339886486530304 y=71.0 z=75.1362463696625 yaw=154.42742919921875 pitch=2.875 roll=0.0
[19:40:09] [MC7DTD-entity-test-send/INFO]: Player proxy sent: {"type":"entity_state","version":1,"source":"minecraft","entity_type":"minecraft:player","entity_id":"4cee8e44-c4b9-4af8-ad92-2db1ac35aafd","stream_id":"ff55d991-cd59-45bf-acd4-77ae6eb479dc","world_id":"mc-cf4dce40-2be1-372b-b914-917f5dcc644c","dimension":"minecraft:overworld","sequence":122,"lifecycle":{"event":"update"},"metadata":{},"position":{"x":-47.30000001192093,"y":71.0,"z":72.77925174075624,"space":"minecraft"},"rotation":{"yaw":324.45015716552734,"pitch":37.3499755859375,"roll":0}}
[19:40:09] [MC7DTD-websocket/INFO]: 7DTD entity received: {"authority":"7dtd","dimension":"7dtd:main","entity_id":"1d96b662-c615-4729-a431-d3c5806bac72","entity_type":"7dtd:player","lifecycle":{"event":"update"},"metadata":{},"origin":{"dimension":"7dtd:main","entity_id":"1d96b662-c615-4729-a431-d3c5806bac72","game":"7dtd","world_id":"td-0d917a4eff776d999148769266591579674d2c42de6557026893a1902834f11f"},"position":{"x":-45.339886486530304,"y":71,"z":75.1362463696625,"space":"minecraft"},"rotation":{"pitch":2.875,"roll":0,"yaw":154.42742919921875},"sequence":343,"source":"7dtd","stream_id":"87f4fae0-b0b2-408f-bcab-c03d8733070c","type":"entity_state","version":2,"world_id":"td-0d917a4eff776d999148769266591579674d2c42de6557026893a1902834f11f"}
[19:40:10] [Render thread/INFO]: 7DTD proxy updated: id=1d96b662-c615-4729-a431-d3c5806bac72 sequence=343 x=-45.339886486530304 y=71.0 z=75.1362463696625 yaw=154.42742919921875 pitch=2.875 roll=0.0
[19:40:10] [MC7DTD-entity-test-send/INFO]: Player proxy sent: {"type":"entity_state","version":1,"source":"minecraft","entity_type":"minecraft:player","entity_id":"4cee8e44-c4b9-4af8-ad92-2db1ac35aafd","stream_id":"ff55d991-cd59-45bf-acd4-77ae6eb479dc","world_id":"mc-cf4dce40-2be1-372b-b914-917f5dcc644c","dimension":"minecraft:overworld","sequence":123,"lifecycle":{"event":"update"},"metadata":{},"position":{"x":-47.30000001192093,"y":71.0,"z":72.77925174075624,"space":"minecraft"},"rotation":{"yaw":324.45015716552734,"pitch":37.3499755859375,"roll":0}}
[19:40:10] [MC7DTD-websocket/INFO]: 7DTD entity received: {"authority":"7dtd","dimension":"7dtd:main","entity_id":"1d96b662-c615-4729-a431-d3c5806bac72","entity_type":"7dtd:player","lifecycle":{"event":"update"},"metadata":{},"origin":{"dimension":"7dtd:main","entity_id":"1d96b662-c615-4729-a431-d3c5806bac72","game":"7dtd","world_id":"td-0d917a4eff776d999148769266591579674d2c42de6557026893a1902834f11f"},"position":{"x":-45.339886486530304,"y":71,"z":75.1362463696625,"space":"minecraft"},"rotation":{"pitch":2.875,"roll":0,"yaw":154.42742919921875},"sequence":344,"source":"7dtd","stream_id":"87f4fae0-b0b2-408f-bcab-c03d8733070c","type":"entity_state","version":2,"world_id":"td-0d917a4eff776d999148769266591579674d2c42de6557026893a1902834f11f"}
[19:40:10] [Render thread/INFO]: 7DTD proxy updated: id=1d96b662-c615-4729-a431-d3c5806bac72 sequence=344 x=-45.339886486530304 y=71.0 z=75.1362463696625 yaw=154.42742919921875 pitch=2.875 roll=0.0
[19:40:10] [MC7DTD-entity-test-send/INFO]: Player proxy sent: {"type":"entity_state","version":1,"source":"minecraft","entity_type":"minecraft:player","entity_id":"4cee8e44-c4b9-4af8-ad92-2db1ac35aafd","stream_id":"ff55d991-cd59-45bf-acd4-77ae6eb479dc","world_id":"mc-cf4dce40-2be1-372b-b914-917f5dcc644c","dimension":"minecraft:overworld","sequence":124,"lifecycle":{"event":"update"},"metadata":{},"position":{"x":-47.30000001192093,"y":71.0,"z":72.77925174075624,"space":"minecraft"},"rotation":{"yaw":324.45015716552734,"pitch":37.3499755859375,"roll":0}}
[19:40:10] [MC7DTD-websocket/INFO]: 7DTD entity received: {"authority":"7dtd","dimension":"7dtd:main","entity_id":"1d96b662-c615-4729-a431-d3c5806bac72","entity_type":"7dtd:player","lifecycle":{"event":"update"},"metadata":{},"origin":{"dimension":"7dtd:main","entity_id":"1d96b662-c615-4729-a431-d3c5806bac72","game":"7dtd","world_id":"td-0d917a4eff776d999148769266591579674d2c42de6557026893a1902834f11f"},"position":{"x":-45.339886486530304,"y":71,"z":75.1362463696625,"space":"minecraft"},"rotation":{"pitch":2.875,"roll":0,"yaw":154.42742919921875},"sequence":345,"source":"7dtd","stream_id":"87f4fae0-b0b2-408f-bcab-c03d8733070c","type":"entity_state","version":2,"world_id":"td-0d917a4eff776d999148769266591579674d2c42de6557026893a1902834f11f"}
[19:40:11] [Render thread/INFO]: 7DTD proxy updated: id=1d96b662-c615-4729-a431-d3c5806bac72 sequence=345 x=-45.339886486530304 y=71.0 z=75.1362463696625 yaw=154.42742919921875 pitch=2.875 roll=0.0
[19:40:11] [MC7DTD-entity-test-send/INFO]: Player proxy sent: {"type":"entity_state","version":1,"source":"minecraft","entity_type":"minecraft:player","entity_id":"4cee8e44-c4b9-4af8-ad92-2db1ac35aafd","stream_id":"ff55d991-cd59-45bf-acd4-77ae6eb479dc","world_id":"mc-cf4dce40-2be1-372b-b914-917f5dcc644c","dimension":"minecraft:overworld","sequence":125,"lifecycle":{"event":"update"},"metadata":{},"position":{"x":-47.30000001192093,"y":71.0,"z":72.77925174075624,"space":"minecraft"},"rotation":{"yaw":324.45015716552734,"pitch":37.3499755859375,"roll":0}}
[19:40:11] [MC7DTD-websocket/INFO]: 7DTD entity received: {"authority":"7dtd","dimension":"7dtd:main","entity_id":"1d96b662-c615-4729-a431-d3c5806bac72","entity_type":"7dtd:player","lifecycle":{"event":"update"},"metadata":{},"origin":{"dimension":"7dtd:main","entity_id":"1d96b662-c615-4729-a431-d3c5806bac72","game":"7dtd","world_id":"td-0d917a4eff776d999148769266591579674d2c42de6557026893a1902834f11f"},"position":{"x":-45.339886486530304,"y":71,"z":75.1362463696625,"space":"minecraft"},"rotation":{"pitch":2.875,"roll":0,"yaw":154.42742919921875},"sequence":346,"source":"7dtd","stream_id":"87f4fae0-b0b2-408f-bcab-c03d8733070c","type":"entity_state","version":2,"world_id":"td-0d917a4eff776d999148769266591579674d2c42de6557026893a1902834f11f"}
[19:40:11] [Render thread/INFO]: 7DTD proxy updated: id=1d96b662-c615-4729-a431-d3c5806bac72 sequence=346 x=-45.339886486530304 y=71.0 z=75.1362463696625 yaw=154.42742919921875 pitch=2.875 roll=0.0
[19:40:11] [MC7DTD-entity-test-send/INFO]: Player proxy sent: {"type":"entity_state","version":1,"source":"minecraft","entity_type":"minecraft:player","entity_id":"4cee8e44-c4b9-4af8-ad92-2db1ac35aafd","stream_id":"ff55d991-cd59-45bf-acd4-77ae6eb479dc","world_id":"mc-cf4dce40-2be1-372b-b914-917f5dcc644c","dimension":"minecraft:overworld","sequence":126,"lifecycle":{"event":"update"},"metadata":{},"position":{"x":-47.30000001192093,"y":71.0,"z":72.77925174075624,"space":"minecraft"},"rotation":{"yaw":324.45015716552734,"pitch":37.3499755859375,"roll":0}}
[19:40:11] [MC7DTD-websocket/INFO]: 7DTD entity received: {"authority":"7dtd","dimension":"7dtd:main","entity_id":"1d96b662-c615-4729-a431-d3c5806bac72","entity_type":"7dtd:player","lifecycle":{"event":"update"},"metadata":{},"origin":{"dimension":"7dtd:main","entity_id":"1d96b662-c615-4729-a431-d3c5806bac72","game":"7dtd","world_id":"td-0d917a4eff776d999148769266591579674d2c42de6557026893a1902834f11f"},"position":{"x":-45.339886486530304,"y":71,"z":75.1362463696625,"space":"minecraft"},"rotation":{"pitch":2.875,"roll":0,"yaw":154.42742919921875},"sequence":347,"source":"7dtd","stream_id":"87f4fae0-b0b2-408f-bcab-c03d8733070c","type":"entity_state","version":2,"world_id":"td-0d917a4eff776d999148769266591579674d2c42de6557026893a1902834f11f"}
[19:40:11] [Render thread/INFO]: 7DTD proxy updated: id=1d96b662-c615-4729-a431-d3c5806bac72 sequence=347 x=-45.339886486530304 y=71.0 z=75.1362463696625 yaw=154.42742919921875 pitch=2.875 roll=0.0
[19:40:12] [MC7DTD-entity-test-send/INFO]: Player proxy sent: {"type":"entity_state","version":1,"source":"minecraft","entity_type":"minecraft:player","entity_id":"4cee8e44-c4b9-4af8-ad92-2db1ac35aafd","stream_id":"ff55d991-cd59-45bf-acd4-77ae6eb479dc","world_id":"mc-cf4dce40-2be1-372b-b914-917f5dcc644c","dimension":"minecraft:overworld","sequence":127,"lifecycle":{"event":"update"},"metadata":{},"position":{"x":-47.30000001192093,"y":71.0,"z":72.77925174075624,"space":"minecraft"},"rotation":{"yaw":324.45015716552734,"pitch":37.3499755859375,"roll":0}}
[19:40:12] [MC7DTD-websocket/INFO]: 7DTD entity received: {"authority":"7dtd","dimension":"7dtd:main","entity_id":"1d96b662-c615-4729-a431-d3c5806bac72","entity_type":"7dtd:player","lifecycle":{"event":"update"},"metadata":{},"origin":{"dimension":"7dtd:main","entity_id":"1d96b662-c615-4729-a431-d3c5806bac72","game":"7dtd","world_id":"td-0d917a4eff776d999148769266591579674d2c42de6557026893a1902834f11f"},"position":{"x":-45.339886486530304,"y":71,"z":75.1362463696625,"space":"minecraft"},"rotation":{"pitch":2.875,"roll":0,"yaw":154.42742919921875},"sequence":348,"source":"7dtd","stream_id":"87f4fae0-b0b2-408f-bcab-c03d8733070c","type":"entity_state","version":2,"world_id":"td-0d917a4eff776d999148769266591579674d2c42de6557026893a1902834f11f"}
[19:40:12] [Render thread/INFO]: 7DTD proxy updated: id=1d96b662-c615-4729-a431-d3c5806bac72 sequence=348 x=-45.339886486530304 y=71.0 z=75.1362463696625 yaw=154.42742919921875 pitch=2.875 roll=0.0
[19:40:12] [MC7DTD-websocket/INFO]: 7DTD entity received: {"authority":"7dtd","dimension":"7dtd:main","entity_id":"1d96b662-c615-4729-a431-d3c5806bac72","entity_type":"7dtd:player","lifecycle":{"event":"update"},"metadata":{},"origin":{"dimension":"7dtd:main","entity_id":"1d96b662-c615-4729-a431-d3c5806bac72","game":"7dtd","world_id":"td-0d917a4eff776d999148769266591579674d2c42de6557026893a1902834f11f"},"position":{"x":-45.339886486530304,"y":71,"z":75.1362463696625,"space":"minecraft"},"rotation":{"pitch":2.875,"roll":0,"yaw":154.42742919921875},"sequence":349,"source":"7dtd","stream_id":"87f4fae0-b0b2-408f-bcab-c03d8733070c","type":"entity_state","version":2,"world_id":"td-0d917a4eff776d999148769266591579674d2c42de6557026893a1902834f11f"}
[19:40:12] [Render thread/INFO]: 7DTD proxy updated: id=1d96b662-c615-4729-a431-d3c5806bac72 sequence=349 x=-45.339886486530304 y=71.0 z=75.1362463696625 yaw=154.42742919921875 pitch=2.875 roll=0.0
[19:40:12] [MC7DTD-entity-test-send/INFO]: Player proxy sent: {"type":"entity_state","version":1,"source":"minecraft","entity_type":"minecraft:player","entity_id":"4cee8e44-c4b9-4af8-ad92-2db1ac35aafd","stream_id":"ff55d991-cd59-45bf-acd4-77ae6eb479dc","world_id":"mc-cf4dce40-2be1-372b-b914-917f5dcc644c","dimension":"minecraft:overworld","sequence":128,"lifecycle":{"event":"update"},"metadata":{},"position":{"x":-47.30000001192093,"y":71.0,"z":72.77925174075624,"space":"minecraft"},"rotation":{"yaw":324.45015716552734,"pitch":37.3499755859375,"roll":0}}
[19:40:13] [MC7DTD-entity-test-send/INFO]: Player proxy sent: {"type":"entity_state","version":1,"source":"minecraft","entity_type":"minecraft:player","entity_id":"4cee8e44-c4b9-4af8-ad92-2db1ac35aafd","stream_id":"ff55d991-cd59-45bf-acd4-77ae6eb479dc","world_id":"mc-cf4dce40-2be1-372b-b914-917f5dcc644c","dimension":"minecraft:overworld","sequence":129,"lifecycle":{"event":"update"},"metadata":{},"position":{"x":-47.30000001192093,"y":71.0,"z":72.77925174075624,"space":"minecraft"},"rotation":{"yaw":324.45015716552734,"pitch":37.3499755859375,"roll":0}}
[19:40:13] [MC7DTD-websocket/INFO]: 7DTD entity received: {"authority":"7dtd","dimension":"7dtd:main","entity_id":"1d96b662-c615-4729-a431-d3c5806bac72","entity_type":"7dtd:player","lifecycle":{"event":"update"},"metadata":{},"origin":{"dimension":"7dtd:main","entity_id":"1d96b662-c615-4729-a431-d3c5806bac72","game":"7dtd","world_id":"td-0d917a4eff776d999148769266591579674d2c42de6557026893a1902834f11f"},"position":{"x":-45.339886486530304,"y":71,"z":75.1362463696625,"space":"minecraft"},"rotation":{"pitch":2.875,"roll":0,"yaw":154.42742919921875},"sequence":350,"source":"7dtd","stream_id":"87f4fae0-b0b2-408f-bcab-c03d8733070c","type":"entity_state","version":2,"world_id":"td-0d917a4eff776d999148769266591579674d2c42de6557026893a1902834f11f"}
[19:40:13] [Render thread/INFO]: 7DTD proxy updated: id=1d96b662-c615-4729-a431-d3c5806bac72 sequence=350 x=-45.339886486530304 y=71.0 z=75.1362463696625 yaw=154.42742919921875 pitch=2.875 roll=0.0
[19:40:13] [MC7DTD-websocket/INFO]: 7DTD entity received: {"authority":"7dtd","dimension":"7dtd:main","entity_id":"1d96b662-c615-4729-a431-d3c5806bac72","entity_type":"7dtd:player","lifecycle":{"event":"update"},"metadata":{},"origin":{"dimension":"7dtd:main","entity_id":"1d96b662-c615-4729-a431-d3c5806bac72","game":"7dtd","world_id":"td-0d917a4eff776d999148769266591579674d2c42de6557026893a1902834f11f"},"position":{"x":-45.339886486530304,"y":71,"z":75.1362463696625,"space":"minecraft"},"rotation":{"pitch":2.875,"roll":0,"yaw":154.42742919921875},"sequence":351,"source":"7dtd","stream_id":"87f4fae0-b0b2-408f-bcab-c03d8733070c","type":"entity_state","version":2,"world_id":"td-0d917a4eff776d999148769266591579674d2c42de6557026893a1902834f11f"}
[19:40:14] [Render thread/INFO]: 7DTD proxy updated: id=1d96b662-c615-4729-a431-d3c5806bac72 sequence=351 x=-45.339886486530304 y=71.0 z=75.1362463696625 yaw=154.42742919921875 pitch=2.875 roll=0.0
[19:40:14] [MC7DTD-entity-test-send/INFO]: Player proxy sent: {"type":"entity_state","version":1,"source":"minecraft","entity_type":"minecraft:player","entity_id":"4cee8e44-c4b9-4af8-ad92-2db1ac35aafd","stream_id":"ff55d991-cd59-45bf-acd4-77ae6eb479dc","world_id":"mc-cf4dce40-2be1-372b-b914-917f5dcc644c","dimension":"minecraft:overworld","sequence":130,"lifecycle":{"event":"update"},"metadata":{},"position":{"x":-47.30000001192093,"y":71.0,"z":72.77925174075624,"space":"minecraft"},"rotation":{"yaw":324.45015716552734,"pitch":37.3499755859375,"roll":0}}
[19:40:14] [MC7DTD-websocket/INFO]: 7DTD entity received: {"authority":"7dtd","dimension":"7dtd:main","entity_id":"1d96b662-c615-4729-a431-d3c5806bac72","entity_type":"7dtd:player","lifecycle":{"event":"update"},"metadata":{},"origin":{"dimension":"7dtd:main","entity_id":"1d96b662-c615-4729-a431-d3c5806bac72","game":"7dtd","world_id":"td-0d917a4eff776d999148769266591579674d2c42de6557026893a1902834f11f"},"position":{"x":-45.339886486530304,"y":71,"z":75.1362463696625,"space":"minecraft"},"rotation":{"pitch":2.875,"roll":0,"yaw":154.42742919921875},"sequence":352,"source":"7dtd","stream_id":"87f4fae0-b0b2-408f-bcab-c03d8733070c","type":"entity_state","version":2,"world_id":"td-0d917a4eff776d999148769266591579674d2c42de6557026893a1902834f11f"}
[19:40:14] [Render thread/INFO]: 7DTD proxy updated: id=1d96b662-c615-4729-a431-d3c5806bac72 sequence=352 x=-45.339886486530304 y=71.0 z=75.1362463696625 yaw=154.42742919921875 pitch=2.875 roll=0.0
[19:40:14] [MC7DTD-entity-test-send/INFO]: Player proxy sent: {"type":"entity_state","version":1,"source":"minecraft","entity_type":"minecraft:player","entity_id":"4cee8e44-c4b9-4af8-ad92-2db1ac35aafd","stream_id":"ff55d991-cd59-45bf-acd4-77ae6eb479dc","world_id":"mc-cf4dce40-2be1-372b-b914-917f5dcc644c","dimension":"minecraft:overworld","sequence":131,"lifecycle":{"event":"update"},"metadata":{},"position":{"x":-47.30000001192093,"y":71.0,"z":72.77925174075624,"space":"minecraft"},"rotation":{"yaw":324.45015716552734,"pitch":37.3499755859375,"roll":0}}
[19:40:14] [MC7DTD-websocket/INFO]: 7DTD entity received: {"authority":"7dtd","dimension":"7dtd:main","entity_id":"1d96b662-c615-4729-a431-d3c5806bac72","entity_type":"7dtd:player","lifecycle":{"event":"update"},"metadata":{},"origin":{"dimension":"7dtd:main","entity_id":"1d96b662-c615-4729-a431-d3c5806bac72","game":"7dtd","world_id":"td-0d917a4eff776d999148769266591579674d2c42de6557026893a1902834f11f"},"position":{"x":-45.339886486530304,"y":71,"z":75.1362463696625,"space":"minecraft"},"rotation":{"pitch":2.875,"roll":0,"yaw":154.42742919921875},"sequence":353,"source":"7dtd","stream_id":"87f4fae0-b0b2-408f-bcab-c03d8733070c","type":"entity_state","version":2,"world_id":"td-0d917a4eff776d999148769266591579674d2c42de6557026893a1902834f11f"}
[19:40:15] [Render thread/INFO]: 7DTD proxy updated: id=1d96b662-c615-4729-a431-d3c5806bac72 sequence=353 x=-45.339886486530304 y=71.0 z=75.1362463696625 yaw=154.42742919921875 pitch=2.875 roll=0.0
[19:40:15] [MC7DTD-entity-test-send/INFO]: Player proxy sent: {"type":"entity_state","version":1,"source":"minecraft","entity_type":"minecraft:player","entity_id":"4cee8e44-c4b9-4af8-ad92-2db1ac35aafd","stream_id":"ff55d991-cd59-45bf-acd4-77ae6eb479dc","world_id":"mc-cf4dce40-2be1-372b-b914-917f5dcc644c","dimension":"minecraft:overworld","sequence":132,"lifecycle":{"event":"update"},"metadata":{},"position":{"x":-47.30000001192093,"y":71.0,"z":72.77925174075624,"space":"minecraft"},"rotation":{"yaw":324.45015716552734,"pitch":37.3499755859375,"roll":0}}
[19:40:15] [MC7DTD-websocket/INFO]: 7DTD entity received: {"authority":"7dtd","dimension":"7dtd:main","entity_id":"1d96b662-c615-4729-a431-d3c5806bac72","entity_type":"7dtd:player","lifecycle":{"event":"update"},"metadata":{},"origin":{"dimension":"7dtd:main","entity_id":"1d96b662-c615-4729-a431-d3c5806bac72","game":"7dtd","world_id":"td-0d917a4eff776d999148769266591579674d2c42de6557026893a1902834f11f"},"position":{"x":-45.339886486530304,"y":71,"z":75.1362463696625,"space":"minecraft"},"rotation":{"pitch":2.875,"roll":0,"yaw":154.42742919921875},"sequence":354,"source":"7dtd","stream_id":"87f4fae0-b0b2-408f-bcab-c03d8733070c","type":"entity_state","version":2,"world_id":"td-0d917a4eff776d999148769266591579674d2c42de6557026893a1902834f11f"}
[19:40:15] [Render thread/INFO]: 7DTD proxy updated: id=1d96b662-c615-4729-a431-d3c5806bac72 sequence=354 x=-45.339886486530304 y=71.0 z=75.1362463696625 yaw=154.42742919921875 pitch=2.875 roll=0.0
[19:40:15] [MC7DTD-entity-test-send/INFO]: Player proxy sent: {"type":"entity_state","version":1,"source":"minecraft","entity_type":"minecraft:player","entity_id":"4cee8e44-c4b9-4af8-ad92-2db1ac35aafd","stream_id":"ff55d991-cd59-45bf-acd4-77ae6eb479dc","world_id":"mc-cf4dce40-2be1-372b-b914-917f5dcc644c","dimension":"minecraft:overworld","sequence":133,"lifecycle":{"event":"update"},"metadata":{},"position":{"x":-47.30000001192093,"y":71.0,"z":72.77925174075624,"space":"minecraft"},"rotation":{"yaw":324.45015716552734,"pitch":37.3499755859375,"roll":0}}
[19:40:15] [MC7DTD-websocket/INFO]: 7DTD entity received: {"authority":"7dtd","dimension":"7dtd:main","entity_id":"1d96b662-c615-4729-a431-d3c5806bac72","entity_type":"7dtd:player","lifecycle":{"event":"update"},"metadata":{},"origin":{"dimension":"7dtd:main","entity_id":"1d96b662-c615-4729-a431-d3c5806bac72","game":"7dtd","world_id":"td-0d917a4eff776d999148769266591579674d2c42de6557026893a1902834f11f"},"position":{"x":-45.339886486530304,"y":71,"z":75.1362463696625,"space":"minecraft"},"rotation":{"pitch":2.875,"roll":0,"yaw":154.42742919921875},"sequence":355,"source":"7dtd","stream_id":"87f4fae0-b0b2-408f-bcab-c03d8733070c","type":"entity_state","version":2,"world_id":"td-0d917a4eff776d999148769266591579674d2c42de6557026893a1902834f11f"}
[19:40:16] [Render thread/INFO]: 7DTD proxy updated: id=1d96b662-c615-4729-a431-d3c5806bac72 sequence=355 x=-45.339886486530304 y=71.0 z=75.1362463696625 yaw=154.42742919921875 pitch=2.875 roll=0.0
[19:40:16] [MC7DTD-entity-test-send/INFO]: Player proxy sent: {"type":"entity_state","version":1,"source":"minecraft","entity_type":"minecraft:player","entity_id":"4cee8e44-c4b9-4af8-ad92-2db1ac35aafd","stream_id":"ff55d991-cd59-45bf-acd4-77ae6eb479dc","world_id":"mc-cf4dce40-2be1-372b-b914-917f5dcc644c","dimension":"minecraft:overworld","sequence":134,"lifecycle":{"event":"update"},"metadata":{},"position":{"x":-47.30000001192093,"y":71.0,"z":72.77925174075624,"space":"minecraft"},"rotation":{"yaw":324.45015716552734,"pitch":37.3499755859375,"roll":0}}
[19:40:16] [MC7DTD-websocket/INFO]: 7DTD entity received: {"authority":"7dtd","dimension":"7dtd:main","entity_id":"1d96b662-c615-4729-a431-d3c5806bac72","entity_type":"7dtd:player","lifecycle":{"event":"update"},"metadata":{},"origin":{"dimension":"7dtd:main","entity_id":"1d96b662-c615-4729-a431-d3c5806bac72","game":"7dtd","world_id":"td-0d917a4eff776d999148769266591579674d2c42de6557026893a1902834f11f"},"position":{"x":-45.339886486530304,"y":71,"z":75.1362463696625,"space":"minecraft"},"rotation":{"pitch":2.875,"roll":0,"yaw":154.42742919921875},"sequence":356,"source":"7dtd","stream_id":"87f4fae0-b0b2-408f-bcab-c03d8733070c","type":"entity_state","version":2,"world_id":"td-0d917a4eff776d999148769266591579674d2c42de6557026893a1902834f11f"}
[19:40:16] [Render thread/INFO]: 7DTD proxy updated: id=1d96b662-c615-4729-a431-d3c5806bac72 sequence=356 x=-45.339886486530304 y=71.0 z=75.1362463696625 yaw=154.42742919921875 pitch=2.875 roll=0.0
[19:40:16] [MC7DTD-entity-test-send/INFO]: Player proxy sent: {"type":"entity_state","version":1,"source":"minecraft","entity_type":"minecraft:player","entity_id":"4cee8e44-c4b9-4af8-ad92-2db1ac35aafd","stream_id":"ff55d991-cd59-45bf-acd4-77ae6eb479dc","world_id":"mc-cf4dce40-2be1-372b-b914-917f5dcc644c","dimension":"minecraft:overworld","sequence":135,"lifecycle":{"event":"update"},"metadata":{},"position":{"x":-47.30000001192093,"y":71.0,"z":72.77925174075624,"space":"minecraft"},"rotation":{"yaw":324.45015716552734,"pitch":37.3499755859375,"roll":0}}
[19:40:16] [MC7DTD-websocket/INFO]: 7DTD entity received: {"authority":"7dtd","dimension":"7dtd:main","entity_id":"1d96b662-c615-4729-a431-d3c5806bac72","entity_type":"7dtd:player","lifecycle":{"event":"update"},"metadata":{},"origin":{"dimension":"7dtd:main","entity_id":"1d96b662-c615-4729-a431-d3c5806bac72","game":"7dtd","world_id":"td-0d917a4eff776d999148769266591579674d2c42de6557026893a1902834f11f"},"position":{"x":-45.339886486530304,"y":71,"z":75.1362463696625,"space":"minecraft"},"rotation":{"pitch":2.875,"roll":0,"yaw":154.42742919921875},"sequence":357,"source":"7dtd","stream_id":"87f4fae0-b0b2-408f-bcab-c03d8733070c","type":"entity_state","version":2,"world_id":"td-0d917a4eff776d999148769266591579674d2c42de6557026893a1902834f11f"}
[19:40:16] [Render thread/INFO]: 7DTD proxy updated: id=1d96b662-c615-4729-a431-d3c5806bac72 sequence=357 x=-45.339886486530304 y=71.0 z=75.1362463696625 yaw=154.42742919921875 pitch=2.875 roll=0.0
[19:40:17] [MC7DTD-entity-test-send/INFO]: Player proxy sent: {"type":"entity_state","version":1,"source":"minecraft","entity_type":"minecraft:player","entity_id":"4cee8e44-c4b9-4af8-ad92-2db1ac35aafd","stream_id":"ff55d991-cd59-45bf-acd4-77ae6eb479dc","world_id":"mc-cf4dce40-2be1-372b-b914-917f5dcc644c","dimension":"minecraft:overworld","sequence":136,"lifecycle":{"event":"update"},"metadata":{},"position":{"x":-47.30000001192093,"y":71.0,"z":72.77925174075624,"space":"minecraft"},"rotation":{"yaw":324.45015716552734,"pitch":37.3499755859375,"roll":0}}
[19:40:17] [MC7DTD-websocket/INFO]: 7DTD entity received: {"authority":"7dtd","dimension":"7dtd:main","entity_id":"1d96b662-c615-4729-a431-d3c5806bac72","entity_type":"7dtd:player","lifecycle":{"event":"update"},"metadata":{},"origin":{"dimension":"7dtd:main","entity_id":"1d96b662-c615-4729-a431-d3c5806bac72","game":"7dtd","world_id":"td-0d917a4eff776d999148769266591579674d2c42de6557026893a1902834f11f"},"position":{"x":-45.339886486530304,"y":71,"z":75.1362463696625,"space":"minecraft"},"rotation":{"pitch":2.875,"roll":0,"yaw":154.42742919921875},"sequence":358,"source":"7dtd","stream_id":"87f4fae0-b0b2-408f-bcab-c03d8733070c","type":"entity_state","version":2,"world_id":"td-0d917a4eff776d999148769266591579674d2c42de6557026893a1902834f11f"}
[19:40:17] [Render thread/INFO]: 7DTD proxy updated: id=1d96b662-c615-4729-a431-d3c5806bac72 sequence=358 x=-45.339886486530304 y=71.0 z=75.1362463696625 yaw=154.42742919921875 pitch=2.875 roll=0.0
[19:40:17] [MC7DTD-entity-test-send/INFO]: Player proxy sent: {"type":"entity_state","version":1,"source":"minecraft","entity_type":"minecraft:player","entity_id":"4cee8e44-c4b9-4af8-ad92-2db1ac35aafd","stream_id":"ff55d991-cd59-45bf-acd4-77ae6eb479dc","world_id":"mc-cf4dce40-2be1-372b-b914-917f5dcc644c","dimension":"minecraft:overworld","sequence":137,"lifecycle":{"event":"update"},"metadata":{},"position":{"x":-47.30000001192093,"y":71.0,"z":72.77925174075624,"space":"minecraft"},"rotation":{"yaw":324.45015716552734,"pitch":37.3499755859375,"roll":0}}
[19:40:18] [MC7DTD-websocket/INFO]: 7DTD entity received: {"authority":"7dtd","dimension":"7dtd:main","entity_id":"1d96b662-c615-4729-a431-d3c5806bac72","entity_type":"7dtd:player","lifecycle":{"event":"update"},"metadata":{},"origin":{"dimension":"7dtd:main","entity_id":"1d96b662-c615-4729-a431-d3c5806bac72","game":"7dtd","world_id":"td-0d917a4eff776d999148769266591579674d2c42de6557026893a1902834f11f"},"position":{"x":-45.339886486530304,"y":71,"z":75.1362463696625,"space":"minecraft"},"rotation":{"pitch":2.875,"roll":0,"yaw":154.42742919921875},"sequence":359,"source":"7dtd","stream_id":"87f4fae0-b0b2-408f-bcab-c03d8733070c","type":"entity_state","version":2,"world_id":"td-0d917a4eff776d999148769266591579674d2c42de6557026893a1902834f11f"}
[19:40:18] [Render thread/INFO]: 7DTD proxy updated: id=1d96b662-c615-4729-a431-d3c5806bac72 sequence=359 x=-45.339886486530304 y=71.0 z=75.1362463696625 yaw=154.42742919921875 pitch=2.875 roll=0.0
[19:40:18] [MC7DTD-entity-test-send/INFO]: Player proxy sent: {"type":"entity_state","version":1,"source":"minecraft","entity_type":"minecraft:player","entity_id":"4cee8e44-c4b9-4af8-ad92-2db1ac35aafd","stream_id":"ff55d991-cd59-45bf-acd4-77ae6eb479dc","world_id":"mc-cf4dce40-2be1-372b-b914-917f5dcc644c","dimension":"minecraft:overworld","sequence":138,"lifecycle":{"event":"update"},"metadata":{},"position":{"x":-47.30000001192093,"y":71.0,"z":72.77925174075624,"space":"minecraft"},"rotation":{"yaw":324.45015716552734,"pitch":37.3499755859375,"roll":0}}
[19:40:18] [MC7DTD-websocket/INFO]: 7DTD entity received: {"authority":"7dtd","dimension":"7dtd:main","entity_id":"1d96b662-c615-4729-a431-d3c5806bac72","entity_type":"7dtd:player","lifecycle":{"event":"update"},"metadata":{},"origin":{"dimension":"7dtd:main","entity_id":"1d96b662-c615-4729-a431-d3c5806bac72","game":"7dtd","world_id":"td-0d917a4eff776d999148769266591579674d2c42de6557026893a1902834f11f"},"position":{"x":-45.339886486530304,"y":71,"z":75.1362463696625,"space":"minecraft"},"rotation":{"pitch":2.875,"roll":0,"yaw":154.42742919921875},"sequence":360,"source":"7dtd","stream_id":"87f4fae0-b0b2-408f-bcab-c03d8733070c","type":"entity_state","version":2,"world_id":"td-0d917a4eff776d999148769266591579674d2c42de6557026893a1902834f11f"}
[19:40:18] [Render thread/INFO]: 7DTD proxy updated: id=1d96b662-c615-4729-a431-d3c5806bac72 sequence=360 x=-45.339886486530304 y=71.0 z=75.1362463696625 yaw=154.42742919921875 pitch=2.875 roll=0.0
[19:40:18] [MC7DTD-entity-test-send/INFO]: Player proxy sent: {"type":"entity_state","version":1,"source":"minecraft","entity_type":"minecraft:player","entity_id":"4cee8e44-c4b9-4af8-ad92-2db1ac35aafd","stream_id":"ff55d991-cd59-45bf-acd4-77ae6eb479dc","world_id":"mc-cf4dce40-2be1-372b-b914-917f5dcc644c","dimension":"minecraft:overworld","sequence":139,"lifecycle":{"event":"update"},"metadata":{},"position":{"x":-47.30000001192093,"y":71.0,"z":72.77925174075624,"space":"minecraft"},"rotation":{"yaw":324.45015716552734,"pitch":37.3499755859375,"roll":0}}
[19:40:19] [MC7DTD-websocket/INFO]: 7DTD entity received: {"authority":"7dtd","dimension":"7dtd:main","entity_id":"1d96b662-c615-4729-a431-d3c5806bac72","entity_type":"7dtd:player","lifecycle":{"event":"update"},"metadata":{},"origin":{"dimension":"7dtd:main","entity_id":"1d96b662-c615-4729-a431-d3c5806bac72","game":"7dtd","world_id":"td-0d917a4eff776d999148769266591579674d2c42de6557026893a1902834f11f"},"position":{"x":-45.339886486530304,"y":71,"z":75.1362463696625,"space":"minecraft"},"rotation":{"pitch":2.875,"roll":0,"yaw":154.42742919921875},"sequence":361,"source":"7dtd","stream_id":"87f4fae0-b0b2-408f-bcab-c03d8733070c","type":"entity_state","version":2,"world_id":"td-0d917a4eff776d999148769266591579674d2c42de6557026893a1902834f11f"}
[19:40:19] [Render thread/INFO]: 7DTD proxy updated: id=1d96b662-c615-4729-a431-d3c5806bac72 sequence=361 x=-45.339886486530304 y=71.0 z=75.1362463696625 yaw=154.42742919921875 pitch=2.875 roll=0.0
[19:40:19] [MC7DTD-entity-test-send/INFO]: Player proxy sent: {"type":"entity_state","version":1,"source":"minecraft","entity_type":"minecraft:player","entity_id":"4cee8e44-c4b9-4af8-ad92-2db1ac35aafd","stream_id":"ff55d991-cd59-45bf-acd4-77ae6eb479dc","world_id":"mc-cf4dce40-2be1-372b-b914-917f5dcc644c","dimension":"minecraft:overworld","sequence":140,"lifecycle":{"event":"update"},"metadata":{},"position":{"x":-47.30000001192093,"y":71.0,"z":72.77925174075624,"space":"minecraft"},"rotation":{"yaw":324.45015716552734,"pitch":37.3499755859375,"roll":0}}
[19:40:19] [MC7DTD-websocket/INFO]: 7DTD entity received: {"authority":"7dtd","dimension":"7dtd:main","entity_id":"1d96b662-c615-4729-a431-d3c5806bac72","entity_type":"7dtd:player","lifecycle":{"event":"update"},"metadata":{},"origin":{"dimension":"7dtd:main","entity_id":"1d96b662-c615-4729-a431-d3c5806bac72","game":"7dtd","world_id":"td-0d917a4eff776d999148769266591579674d2c42de6557026893a1902834f11f"},"position":{"x":-45.339886486530304,"y":71,"z":75.1362463696625,"space":"minecraft"},"rotation":{"pitch":2.875,"roll":0,"yaw":154.42742919921875},"sequence":362,"source":"7dtd","stream_id":"87f4fae0-b0b2-408f-bcab-c03d8733070c","type":"entity_state","version":2,"world_id":"td-0d917a4eff776d999148769266591579674d2c42de6557026893a1902834f11f"}
[19:40:19] [Render thread/INFO]: 7DTD proxy updated: id=1d96b662-c615-4729-a431-d3c5806bac72 sequence=362 x=-45.339886486530304 y=71.0 z=75.1362463696625 yaw=154.42742919921875 pitch=2.875 roll=0.0
[19:40:19] [MC7DTD-entity-test-send/INFO]: Player proxy sent: {"type":"entity_state","version":1,"source":"minecraft","entity_type":"minecraft:player","entity_id":"4cee8e44-c4b9-4af8-ad92-2db1ac35aafd","stream_id":"ff55d991-cd59-45bf-acd4-77ae6eb479dc","world_id":"mc-cf4dce40-2be1-372b-b914-917f5dcc644c","dimension":"minecraft:overworld","sequence":141,"lifecycle":{"event":"update"},"metadata":{},"position":{"x":-47.30000001192093,"y":71.0,"z":72.77925174075624,"space":"minecraft"},"rotation":{"yaw":324.45015716552734,"pitch":37.3499755859375,"roll":0}}
[19:40:20] [MC7DTD-websocket/INFO]: 7DTD entity received: {"authority":"7dtd","dimension":"7dtd:main","entity_id":"1d96b662-c615-4729-a431-d3c5806bac72","entity_type":"7dtd:player","lifecycle":{"event":"update"},"metadata":{},"origin":{"dimension":"7dtd:main","entity_id":"1d96b662-c615-4729-a431-d3c5806bac72","game":"7dtd","world_id":"td-0d917a4eff776d999148769266591579674d2c42de6557026893a1902834f11f"},"position":{"x":-45.339886486530304,"y":71,"z":75.1362463696625,"space":"minecraft"},"rotation":{"pitch":2.875,"roll":0,"yaw":154.42742919921875},"sequence":363,"source":"7dtd","stream_id":"87f4fae0-b0b2-408f-bcab-c03d8733070c","type":"entity_state","version":2,"world_id":"td-0d917a4eff776d999148769266591579674d2c42de6557026893a1902834f11f"}
[19:40:20] [Render thread/INFO]: 7DTD proxy updated: id=1d96b662-c615-4729-a431-d3c5806bac72 sequence=363 x=-45.339886486530304 y=71.0 z=75.1362463696625 yaw=154.42742919921875 pitch=2.875 roll=0.0
[19:40:20] [MC7DTD-entity-test-send/INFO]: Player proxy sent: {"type":"entity_state","version":1,"source":"minecraft","entity_type":"minecraft:player","entity_id":"4cee8e44-c4b9-4af8-ad92-2db1ac35aafd","stream_id":"ff55d991-cd59-45bf-acd4-77ae6eb479dc","world_id":"mc-cf4dce40-2be1-372b-b914-917f5dcc644c","dimension":"minecraft:overworld","sequence":142,"lifecycle":{"event":"update"},"metadata":{},"position":{"x":-47.30000001192093,"y":71.0,"z":72.77925174075624,"space":"minecraft"},"rotation":{"yaw":324.45015716552734,"pitch":37.3499755859375,"roll":0}}
[19:40:20] [MC7DTD-websocket/INFO]: 7DTD entity received: {"authority":"7dtd","dimension":"7dtd:main","entity_id":"1d96b662-c615-4729-a431-d3c5806bac72","entity_type":"7dtd:player","lifecycle":{"event":"update"},"metadata":{},"origin":{"dimension":"7dtd:main","entity_id":"1d96b662-c615-4729-a431-d3c5806bac72","game":"7dtd","world_id":"td-0d917a4eff776d999148769266591579674d2c42de6557026893a1902834f11f"},"position":{"x":-45.339886486530304,"y":71,"z":75.1362463696625,"space":"minecraft"},"rotation":{"pitch":2.875,"roll":0,"yaw":154.42742919921875},"sequence":364,"source":"7dtd","stream_id":"87f4fae0-b0b2-408f-bcab-c03d8733070c","type":"entity_state","version":2,"world_id":"td-0d917a4eff776d999148769266591579674d2c42de6557026893a1902834f11f"}
[19:40:20] [Render thread/INFO]: 7DTD proxy updated: id=1d96b662-c615-4729-a431-d3c5806bac72 sequence=364 x=-45.339886486530304 y=71.0 z=75.1362463696625 yaw=154.42742919921875 pitch=2.875 roll=0.0
[19:40:20] [MC7DTD-entity-test-send/INFO]: Player proxy sent: {"type":"entity_state","version":1,"source":"minecraft","entity_type":"minecraft:player","entity_id":"4cee8e44-c4b9-4af8-ad92-2db1ac35aafd","stream_id":"ff55d991-cd59-45bf-acd4-77ae6eb479dc","world_id":"mc-cf4dce40-2be1-372b-b914-917f5dcc644c","dimension":"minecraft:overworld","sequence":143,"lifecycle":{"event":"update"},"metadata":{},"position":{"x":-47.30000001192093,"y":71.0,"z":72.77925174075624,"space":"minecraft"},"rotation":{"yaw":324.45015716552734,"pitch":37.3499755859375,"roll":0}}
[19:40:20] [MC7DTD-websocket/INFO]: 7DTD entity received: {"authority":"7dtd","dimension":"7dtd:main","entity_id":"1d96b662-c615-4729-a431-d3c5806bac72","entity_type":"7dtd:player","lifecycle":{"event":"update"},"metadata":{},"origin":{"dimension":"7dtd:main","entity_id":"1d96b662-c615-4729-a431-d3c5806bac72","game":"7dtd","world_id":"td-0d917a4eff776d999148769266591579674d2c42de6557026893a1902834f11f"},"position":{"x":-45.339886486530304,"y":71,"z":75.1362463696625,"space":"minecraft"},"rotation":{"pitch":2.875,"roll":0,"yaw":154.42742919921875},"sequence":365,"source":"7dtd","stream_id":"87f4fae0-b0b2-408f-bcab-c03d8733070c","type":"entity_state","version":2,"world_id":"td-0d917a4eff776d999148769266591579674d2c42de6557026893a1902834f11f"}
[19:40:21] [Render thread/INFO]: 7DTD proxy updated: id=1d96b662-c615-4729-a431-d3c5806bac72 sequence=365 x=-45.339886486530304 y=71.0 z=75.1362463696625 yaw=154.42742919921875 pitch=2.875 roll=0.0
[19:40:21] [MC7DTD-entity-test-send/INFO]: Player proxy sent: {"type":"entity_state","version":1,"source":"minecraft","entity_type":"minecraft:player","entity_id":"4cee8e44-c4b9-4af8-ad92-2db1ac35aafd","stream_id":"ff55d991-cd59-45bf-acd4-77ae6eb479dc","world_id":"mc-cf4dce40-2be1-372b-b914-917f5dcc644c","dimension":"minecraft:overworld","sequence":144,"lifecycle":{"event":"update"},"metadata":{},"position":{"x":-47.30000001192093,"y":71.0,"z":72.77925174075624,"space":"minecraft"},"rotation":{"yaw":324.45015716552734,"pitch":37.3499755859375,"roll":0}}
[19:40:21] [MC7DTD-websocket/INFO]: 7DTD entity received: {"authority":"7dtd","dimension":"7dtd:main","entity_id":"1d96b662-c615-4729-a431-d3c5806bac72","entity_type":"7dtd:player","lifecycle":{"event":"update"},"metadata":{},"origin":{"dimension":"7dtd:main","entity_id":"1d96b662-c615-4729-a431-d3c5806bac72","game":"7dtd","world_id":"td-0d917a4eff776d999148769266591579674d2c42de6557026893a1902834f11f"},"position":{"x":-45.339886486530304,"y":71,"z":75.1362463696625,"space":"minecraft"},"rotation":{"pitch":2.875,"roll":0,"yaw":154.42742919921875},"sequence":366,"source":"7dtd","stream_id":"87f4fae0-b0b2-408f-bcab-c03d8733070c","type":"entity_state","version":2,"world_id":"td-0d917a4eff776d999148769266591579674d2c42de6557026893a1902834f11f"}
[19:40:21] [Render thread/INFO]: 7DTD proxy updated: id=1d96b662-c615-4729-a431-d3c5806bac72 sequence=366 x=-45.339886486530304 y=71.0 z=75.1362463696625 yaw=154.42742919921875 pitch=2.875 roll=0.0
[19:40:21] [MC7DTD-entity-test-send/INFO]: Player proxy sent: {"type":"entity_state","version":1,"source":"minecraft","entity_type":"minecraft:player","entity_id":"4cee8e44-c4b9-4af8-ad92-2db1ac35aafd","stream_id":"ff55d991-cd59-45bf-acd4-77ae6eb479dc","world_id":"mc-cf4dce40-2be1-372b-b914-917f5dcc644c","dimension":"minecraft:overworld","sequence":145,"lifecycle":{"event":"update"},"metadata":{},"position":{"x":-47.30000001192093,"y":71.0,"z":72.77925174075624,"space":"minecraft"},"rotation":{"yaw":324.45015716552734,"pitch":37.3499755859375,"roll":0}}
[19:40:22] [MC7DTD-websocket/INFO]: 7DTD entity received: {"authority":"7dtd","dimension":"7dtd:main","entity_id":"1d96b662-c615-4729-a431-d3c5806bac72","entity_type":"7dtd:player","lifecycle":{"event":"update"},"metadata":{},"origin":{"dimension":"7dtd:main","entity_id":"1d96b662-c615-4729-a431-d3c5806bac72","game":"7dtd","world_id":"td-0d917a4eff776d999148769266591579674d2c42de6557026893a1902834f11f"},"position":{"x":-45.339886486530304,"y":71,"z":75.1362463696625,"space":"minecraft"},"rotation":{"pitch":2.875,"roll":0,"yaw":154.42742919921875},"sequence":367,"source":"7dtd","stream_id":"87f4fae0-b0b2-408f-bcab-c03d8733070c","type":"entity_state","version":2,"world_id":"td-0d917a4eff776d999148769266591579674d2c42de6557026893a1902834f11f"}
[19:40:22] [Render thread/INFO]: 7DTD proxy updated: id=1d96b662-c615-4729-a431-d3c5806bac72 sequence=367 x=-45.339886486530304 y=71.0 z=75.1362463696625 yaw=154.42742919921875 pitch=2.875 roll=0.0
[19:40:22] [MC7DTD-entity-test-send/INFO]: Player proxy sent: {"type":"entity_state","version":1,"source":"minecraft","entity_type":"minecraft:player","entity_id":"4cee8e44-c4b9-4af8-ad92-2db1ac35aafd","stream_id":"ff55d991-cd59-45bf-acd4-77ae6eb479dc","world_id":"mc-cf4dce40-2be1-372b-b914-917f5dcc644c","dimension":"minecraft:overworld","sequence":146,"lifecycle":{"event":"update"},"metadata":{},"position":{"x":-47.30000001192093,"y":71.0,"z":72.77925174075624,"space":"minecraft"},"rotation":{"yaw":324.45015716552734,"pitch":37.3499755859375,"roll":0}}
[19:40:22] [MC7DTD-websocket/INFO]: 7DTD entity received: {"authority":"7dtd","dimension":"7dtd:main","entity_id":"1d96b662-c615-4729-a431-d3c5806bac72","entity_type":"7dtd:player","lifecycle":{"event":"update"},"metadata":{},"origin":{"dimension":"7dtd:main","entity_id":"1d96b662-c615-4729-a431-d3c5806bac72","game":"7dtd","world_id":"td-0d917a4eff776d999148769266591579674d2c42de6557026893a1902834f11f"},"position":{"x":-45.339886486530304,"y":71,"z":75.1362463696625,"space":"minecraft"},"rotation":{"pitch":2.875,"roll":0,"yaw":154.42742919921875},"sequence":368,"source":"7dtd","stream_id":"87f4fae0-b0b2-408f-bcab-c03d8733070c","type":"entity_state","version":2,"world_id":"td-0d917a4eff776d999148769266591579674d2c42de6557026893a1902834f11f"}
[19:40:22] [Render thread/INFO]: 7DTD proxy updated: id=1d96b662-c615-4729-a431-d3c5806bac72 sequence=368 x=-45.339886486530304 y=71.0 z=75.1362463696625 yaw=154.42742919921875 pitch=2.875 roll=0.0
[19:40:22] [MC7DTD-websocket/INFO]: 7DTD entity received: {"authority":"7dtd","dimension":"7dtd:main","entity_id":"1d96b662-c615-4729-a431-d3c5806bac72","entity_type":"7dtd:player","lifecycle":{"event":"update"},"metadata":{},"origin":{"dimension":"7dtd:main","entity_id":"1d96b662-c615-4729-a431-d3c5806bac72","game":"7dtd","world_id":"td-0d917a4eff776d999148769266591579674d2c42de6557026893a1902834f11f"},"position":{"x":-45.339886486530304,"y":71,"z":75.1362463696625,"space":"minecraft"},"rotation":{"pitch":2.875,"roll":0,"yaw":154.42742919921875},"sequence":369,"source":"7dtd","stream_id":"87f4fae0-b0b2-408f-bcab-c03d8733070c","type":"entity_state","version":2,"world_id":"td-0d917a4eff776d999148769266591579674d2c42de6557026893a1902834f11f"}
[19:40:23] [Render thread/INFO]: 7DTD proxy updated: id=1d96b662-c615-4729-a431-d3c5806bac72 sequence=369 x=-45.339886486530304 y=71.0 z=75.1362463696625 yaw=154.42742919921875 pitch=2.875 roll=0.0
[19:40:23] [MC7DTD-entity-test-send/INFO]: Player proxy sent: {"type":"entity_state","version":1,"source":"minecraft","entity_type":"minecraft:player","entity_id":"4cee8e44-c4b9-4af8-ad92-2db1ac35aafd","stream_id":"ff55d991-cd59-45bf-acd4-77ae6eb479dc","world_id":"mc-cf4dce40-2be1-372b-b914-917f5dcc644c","dimension":"minecraft:overworld","sequence":147,"lifecycle":{"event":"update"},"metadata":{},"position":{"x":-47.30000001192093,"y":71.0,"z":72.77925174075624,"space":"minecraft"},"rotation":{"yaw":324.45015716552734,"pitch":37.3499755859375,"roll":0}}
[19:40:23] [MC7DTD-entity-test-send/INFO]: Player proxy sent: {"type":"entity_state","version":1,"source":"minecraft","entity_type":"minecraft:player","entity_id":"4cee8e44-c4b9-4af8-ad92-2db1ac35aafd","stream_id":"ff55d991-cd59-45bf-acd4-77ae6eb479dc","world_id":"mc-cf4dce40-2be1-372b-b914-917f5dcc644c","dimension":"minecraft:overworld","sequence":148,"lifecycle":{"event":"update"},"metadata":{},"position":{"x":-47.30000001192093,"y":71.0,"z":72.77925174075624,"space":"minecraft"},"rotation":{"yaw":324.45015716552734,"pitch":37.3499755859375,"roll":0}}
[19:40:23] [MC7DTD-websocket/INFO]: 7DTD entity received: {"authority":"7dtd","dimension":"7dtd:main","entity_id":"1d96b662-c615-4729-a431-d3c5806bac72","entity_type":"7dtd:player","lifecycle":{"event":"update"},"metadata":{},"origin":{"dimension":"7dtd:main","entity_id":"1d96b662-c615-4729-a431-d3c5806bac72","game":"7dtd","world_id":"td-0d917a4eff776d999148769266591579674d2c42de6557026893a1902834f11f"},"position":{"x":-45.339886486530304,"y":71,"z":75.1362463696625,"space":"minecraft"},"rotation":{"pitch":2.875,"roll":0,"yaw":154.42742919921875},"sequence":370,"source":"7dtd","stream_id":"87f4fae0-b0b2-408f-bcab-c03d8733070c","type":"entity_state","version":2,"world_id":"td-0d917a4eff776d999148769266591579674d2c42de6557026893a1902834f11f"}
[19:40:23] [Render thread/INFO]: 7DTD proxy updated: id=1d96b662-c615-4729-a431-d3c5806bac72 sequence=370 x=-45.339886486530304 y=71.0 z=75.1362463696625 yaw=154.42742919921875 pitch=2.875 roll=0.0
[19:40:24] [MC7DTD-entity-test-send/INFO]: Player proxy sent: {"type":"entity_state","version":1,"source":"minecraft","entity_type":"minecraft:player","entity_id":"4cee8e44-c4b9-4af8-ad92-2db1ac35aafd","stream_id":"ff55d991-cd59-45bf-acd4-77ae6eb479dc","world_id":"mc-cf4dce40-2be1-372b-b914-917f5dcc644c","dimension":"minecraft:overworld","sequence":149,"lifecycle":{"event":"update"},"metadata":{},"position":{"x":-47.30000001192093,"y":71.0,"z":72.77925174075624,"space":"minecraft"},"rotation":{"yaw":324.45015716552734,"pitch":37.3499755859375,"roll":0}}
[19:40:24] [MC7DTD-websocket/INFO]: 7DTD entity received: {"authority":"7dtd","dimension":"7dtd:main","entity_id":"1d96b662-c615-4729-a431-d3c5806bac72","entity_type":"7dtd:player","lifecycle":{"event":"update"},"metadata":{},"origin":{"dimension":"7dtd:main","entity_id":"1d96b662-c615-4729-a431-d3c5806bac72","game":"7dtd","world_id":"td-0d917a4eff776d999148769266591579674d2c42de6557026893a1902834f11f"},"position":{"x":-45.339886486530304,"y":71,"z":75.1362463696625,"space":"minecraft"},"rotation":{"pitch":2.875,"roll":0,"yaw":154.42742919921875},"sequence":371,"source":"7dtd","stream_id":"87f4fae0-b0b2-408f-bcab-c03d8733070c","type":"entity_state","version":2,"world_id":"td-0d917a4eff776d999148769266591579674d2c42de6557026893a1902834f11f"}
[19:40:24] [Render thread/INFO]: 7DTD proxy updated: id=1d96b662-c615-4729-a431-d3c5806bac72 sequence=371 x=-45.339886486530304 y=71.0 z=75.1362463696625 yaw=154.42742919921875 pitch=2.875 roll=0.0
[19:40:24] [MC7DTD-entity-test-send/INFO]: Player proxy sent: {"type":"entity_state","version":1,"source":"minecraft","entity_type":"minecraft:player","entity_id":"4cee8e44-c4b9-4af8-ad92-2db1ac35aafd","stream_id":"ff55d991-cd59-45bf-acd4-77ae6eb479dc","world_id":"mc-cf4dce40-2be1-372b-b914-917f5dcc644c","dimension":"minecraft:overworld","sequence":150,"lifecycle":{"event":"update"},"metadata":{},"position":{"x":-47.30000001192093,"y":71.0,"z":72.77925174075624,"space":"minecraft"},"rotation":{"yaw":324.45015716552734,"pitch":37.3499755859375,"roll":0}}
[19:40:24] [MC7DTD-websocket/INFO]: 7DTD entity received: {"authority":"7dtd","dimension":"7dtd:main","entity_id":"1d96b662-c615-4729-a431-d3c5806bac72","entity_type":"7dtd:player","lifecycle":{"event":"update"},"metadata":{},"origin":{"dimension":"7dtd:main","entity_id":"1d96b662-c615-4729-a431-d3c5806bac72","game":"7dtd","world_id":"td-0d917a4eff776d999148769266591579674d2c42de6557026893a1902834f11f"},"position":{"x":-45.339886486530304,"y":71,"z":75.1362463696625,"space":"minecraft"},"rotation":{"pitch":2.875,"roll":0,"yaw":154.42742919921875},"sequence":372,"source":"7dtd","stream_id":"87f4fae0-b0b2-408f-bcab-c03d8733070c","type":"entity_state","version":2,"world_id":"td-0d917a4eff776d999148769266591579674d2c42de6557026893a1902834f11f"}
[19:40:24] [Render thread/INFO]: 7DTD proxy updated: id=1d96b662-c615-4729-a431-d3c5806bac72 sequence=372 x=-45.339886486530304 y=71.0 z=75.1362463696625 yaw=154.42742919921875 pitch=2.875 roll=0.0
[19:40:25] [MC7DTD-entity-test-send/INFO]: Player proxy sent: {"type":"entity_state","version":1,"source":"minecraft","entity_type":"minecraft:player","entity_id":"4cee8e44-c4b9-4af8-ad92-2db1ac35aafd","stream_id":"ff55d991-cd59-45bf-acd4-77ae6eb479dc","world_id":"mc-cf4dce40-2be1-372b-b914-917f5dcc644c","dimension":"minecraft:overworld","sequence":151,"lifecycle":{"event":"update"},"metadata":{},"position":{"x":-47.30000001192093,"y":71.0,"z":72.77925174075624,"space":"minecraft"},"rotation":{"yaw":324.45015716552734,"pitch":37.3499755859375,"roll":0}}
[19:40:25] [MC7DTD-websocket/INFO]: 7DTD entity received: {"authority":"7dtd","dimension":"7dtd:main","entity_id":"1d96b662-c615-4729-a431-d3c5806bac72","entity_type":"7dtd:player","lifecycle":{"event":"update"},"metadata":{},"origin":{"dimension":"7dtd:main","entity_id":"1d96b662-c615-4729-a431-d3c5806bac72","game":"7dtd","world_id":"td-0d917a4eff776d999148769266591579674d2c42de6557026893a1902834f11f"},"position":{"x":-45.339886486530304,"y":71,"z":75.1362463696625,"space":"minecraft"},"rotation":{"pitch":2.875,"roll":0,"yaw":154.42742919921875},"sequence":373,"source":"7dtd","stream_id":"87f4fae0-b0b2-408f-bcab-c03d8733070c","type":"entity_state","version":2,"world_id":"td-0d917a4eff776d999148769266591579674d2c42de6557026893a1902834f11f"}
[19:40:25] [Render thread/INFO]: 7DTD proxy updated: id=1d96b662-c615-4729-a431-d3c5806bac72 sequence=373 x=-45.339886486530304 y=71.0 z=75.1362463696625 yaw=154.42742919921875 pitch=2.875 roll=0.0
[19:40:25] [MC7DTD-websocket/INFO]: 7DTD entity received: {"authority":"7dtd","dimension":"7dtd:main","entity_id":"1d96b662-c615-4729-a431-d3c5806bac72","entity_type":"7dtd:player","lifecycle":{"event":"update"},"metadata":{},"origin":{"dimension":"7dtd:main","entity_id":"1d96b662-c615-4729-a431-d3c5806bac72","game":"7dtd","world_id":"td-0d917a4eff776d999148769266591579674d2c42de6557026893a1902834f11f"},"position":{"x":-45.339886486530304,"y":71,"z":75.1362463696625,"space":"minecraft"},"rotation":{"pitch":2.875,"roll":0,"yaw":154.42742919921875},"sequence":374,"source":"7dtd","stream_id":"87f4fae0-b0b2-408f-bcab-c03d8733070c","type":"entity_state","version":2,"world_id":"td-0d917a4eff776d999148769266591579674d2c42de6557026893a1902834f11f"}
[19:40:25] [Render thread/INFO]: 7DTD proxy updated: id=1d96b662-c615-4729-a431-d3c5806bac72 sequence=374 x=-45.339886486530304 y=71.0 z=75.1362463696625 yaw=154.42742919921875 pitch=2.875 roll=0.0
[19:40:25] [MC7DTD-entity-test-send/INFO]: Player proxy sent: {"type":"entity_state","version":1,"source":"minecraft","entity_type":"minecraft:player","entity_id":"4cee8e44-c4b9-4af8-ad92-2db1ac35aafd","stream_id":"ff55d991-cd59-45bf-acd4-77ae6eb479dc","world_id":"mc-cf4dce40-2be1-372b-b914-917f5dcc644c","dimension":"minecraft:overworld","sequence":152,"lifecycle":{"event":"update"},"metadata":{},"position":{"x":-47.30000001192093,"y":71.0,"z":72.77925174075624,"space":"minecraft"},"rotation":{"yaw":324.45015716552734,"pitch":37.3499755859375,"roll":0}}
[19:40:25] [MC7DTD-websocket/INFO]: 7DTD entity received: {"authority":"7dtd","dimension":"7dtd:main","entity_id":"1d96b662-c615-4729-a431-d3c5806bac72","entity_type":"7dtd:player","lifecycle":{"event":"update"},"metadata":{},"origin":{"dimension":"7dtd:main","entity_id":"1d96b662-c615-4729-a431-d3c5806bac72","game":"7dtd","world_id":"td-0d917a4eff776d999148769266591579674d2c42de6557026893a1902834f11f"},"position":{"x":-45.339886486530304,"y":71,"z":75.1362463696625,"space":"minecraft"},"rotation":{"pitch":2.875,"roll":0,"yaw":154.42742919921875},"sequence":375,"source":"7dtd","stream_id":"87f4fae0-b0b2-408f-bcab-c03d8733070c","type":"entity_state","version":2,"world_id":"td-0d917a4eff776d999148769266591579674d2c42de6557026893a1902834f11f"}
[19:40:26] [Render thread/INFO]: 7DTD proxy updated: id=1d96b662-c615-4729-a431-d3c5806bac72 sequence=375 x=-45.339886486530304 y=71.0 z=75.1362463696625 yaw=154.42742919921875 pitch=2.875 roll=0.0
[19:40:26] [MC7DTD-entity-test-send/INFO]: Player proxy sent: {"type":"entity_state","version":1,"source":"minecraft","entity_type":"minecraft:player","entity_id":"4cee8e44-c4b9-4af8-ad92-2db1ac35aafd","stream_id":"ff55d991-cd59-45bf-acd4-77ae6eb479dc","world_id":"mc-cf4dce40-2be1-372b-b914-917f5dcc644c","dimension":"minecraft:overworld","sequence":153,"lifecycle":{"event":"update"},"metadata":{},"position":{"x":-47.30000001192093,"y":71.0,"z":72.77925174075624,"space":"minecraft"},"rotation":{"yaw":324.45015716552734,"pitch":37.3499755859375,"roll":0}}
[19:40:26] [MC7DTD-websocket/INFO]: 7DTD entity received: {"authority":"7dtd","dimension":"7dtd:main","entity_id":"1d96b662-c615-4729-a431-d3c5806bac72","entity_type":"7dtd:player","lifecycle":{"event":"update"},"metadata":{},"origin":{"dimension":"7dtd:main","entity_id":"1d96b662-c615-4729-a431-d3c5806bac72","game":"7dtd","world_id":"td-0d917a4eff776d999148769266591579674d2c42de6557026893a1902834f11f"},"position":{"x":-45.339886486530304,"y":71,"z":75.1362463696625,"space":"minecraft"},"rotation":{"pitch":2.875,"roll":0,"yaw":154.42742919921875},"sequence":376,"source":"7dtd","stream_id":"87f4fae0-b0b2-408f-bcab-c03d8733070c","type":"entity_state","version":2,"world_id":"td-0d917a4eff776d999148769266591579674d2c42de6557026893a1902834f11f"}
[19:40:26] [Render thread/INFO]: 7DTD proxy updated: id=1d96b662-c615-4729-a431-d3c5806bac72 sequence=376 x=-45.339886486530304 y=71.0 z=75.1362463696625 yaw=154.42742919921875 pitch=2.875 roll=0.0
[19:40:26] [MC7DTD-entity-test-send/INFO]: Player proxy sent: {"type":"entity_state","version":1,"source":"minecraft","entity_type":"minecraft:player","entity_id":"4cee8e44-c4b9-4af8-ad92-2db1ac35aafd","stream_id":"ff55d991-cd59-45bf-acd4-77ae6eb479dc","world_id":"mc-cf4dce40-2be1-372b-b914-917f5dcc644c","dimension":"minecraft:overworld","sequence":154,"lifecycle":{"event":"update"},"metadata":{},"position":{"x":-47.30000001192093,"y":71.0,"z":72.77925174075624,"space":"minecraft"},"rotation":{"yaw":324.45015716552734,"pitch":37.3499755859375,"roll":0}}
[19:40:27] [MC7DTD-websocket/INFO]: 7DTD entity received: {"authority":"7dtd","dimension":"7dtd:main","entity_id":"1d96b662-c615-4729-a431-d3c5806bac72","entity_type":"7dtd:player","lifecycle":{"event":"update"},"metadata":{},"origin":{"dimension":"7dtd:main","entity_id":"1d96b662-c615-4729-a431-d3c5806bac72","game":"7dtd","world_id":"td-0d917a4eff776d999148769266591579674d2c42de6557026893a1902834f11f"},"position":{"x":-45.339886486530304,"y":71,"z":75.1362463696625,"space":"minecraft"},"rotation":{"pitch":2.875,"roll":0,"yaw":154.42742919921875},"sequence":377,"source":"7dtd","stream_id":"87f4fae0-b0b2-408f-bcab-c03d8733070c","type":"entity_state","version":2,"world_id":"td-0d917a4eff776d999148769266591579674d2c42de6557026893a1902834f11f"}
[19:40:27] [Render thread/INFO]: 7DTD proxy updated: id=1d96b662-c615-4729-a431-d3c5806bac72 sequence=377 x=-45.339886486530304 y=71.0 z=75.1362463696625 yaw=154.42742919921875 pitch=2.875 roll=0.0
[19:40:27] [MC7DTD-entity-test-send/INFO]: Player proxy sent: {"type":"entity_state","version":1,"source":"minecraft","entity_type":"minecraft:player","entity_id":"4cee8e44-c4b9-4af8-ad92-2db1ac35aafd","stream_id":"ff55d991-cd59-45bf-acd4-77ae6eb479dc","world_id":"mc-cf4dce40-2be1-372b-b914-917f5dcc644c","dimension":"minecraft:overworld","sequence":155,"lifecycle":{"event":"update"},"metadata":{},"position":{"x":-47.30000001192093,"y":71.0,"z":72.77925174075624,"space":"minecraft"},"rotation":{"yaw":324.45015716552734,"pitch":37.3499755859375,"roll":0}}
[19:40:27] [MC7DTD-websocket/INFO]: 7DTD entity received: {"authority":"7dtd","dimension":"7dtd:main","entity_id":"1d96b662-c615-4729-a431-d3c5806bac72","entity_type":"7dtd:player","lifecycle":{"event":"update"},"metadata":{},"origin":{"dimension":"7dtd:main","entity_id":"1d96b662-c615-4729-a431-d3c5806bac72","game":"7dtd","world_id":"td-0d917a4eff776d999148769266591579674d2c42de6557026893a1902834f11f"},"position":{"x":-45.339886486530304,"y":71,"z":75.1362463696625,"space":"minecraft"},"rotation":{"pitch":2.875,"roll":0,"yaw":154.42742919921875},"sequence":378,"source":"7dtd","stream_id":"87f4fae0-b0b2-408f-bcab-c03d8733070c","type":"entity_state","version":2,"world_id":"td-0d917a4eff776d999148769266591579674d2c42de6557026893a1902834f11f"}
[19:40:27] [Render thread/INFO]: 7DTD proxy updated: id=1d96b662-c615-4729-a431-d3c5806bac72 sequence=378 x=-45.339886486530304 y=71.0 z=75.1362463696625 yaw=154.42742919921875 pitch=2.875 roll=0.0
[19:40:27] [MC7DTD-entity-test-send/INFO]: Player proxy sent: {"type":"entity_state","version":1,"source":"minecraft","entity_type":"minecraft:player","entity_id":"4cee8e44-c4b9-4af8-ad92-2db1ac35aafd","stream_id":"ff55d991-cd59-45bf-acd4-77ae6eb479dc","world_id":"mc-cf4dce40-2be1-372b-b914-917f5dcc644c","dimension":"minecraft:overworld","sequence":156,"lifecycle":{"event":"update"},"metadata":{},"position":{"x":-47.30000001192093,"y":71.0,"z":72.77925174075624,"space":"minecraft"},"rotation":{"yaw":324.45015716552734,"pitch":37.3499755859375,"roll":0}}
[19:40:28] [MC7DTD-websocket/INFO]: 7DTD entity received: {"authority":"7dtd","dimension":"7dtd:main","entity_id":"1d96b662-c615-4729-a431-d3c5806bac72","entity_type":"7dtd:player","lifecycle":{"event":"update"},"metadata":{},"origin":{"dimension":"7dtd:main","entity_id":"1d96b662-c615-4729-a431-d3c5806bac72","game":"7dtd","world_id":"td-0d917a4eff776d999148769266591579674d2c42de6557026893a1902834f11f"},"position":{"x":-45.339886486530304,"y":71,"z":75.1362463696625,"space":"minecraft"},"rotation":{"pitch":2.875,"roll":0,"yaw":154.42742919921875},"sequence":379,"source":"7dtd","stream_id":"87f4fae0-b0b2-408f-bcab-c03d8733070c","type":"entity_state","version":2,"world_id":"td-0d917a4eff776d999148769266591579674d2c42de6557026893a1902834f11f"}
[19:40:28] [Render thread/INFO]: 7DTD proxy updated: id=1d96b662-c615-4729-a431-d3c5806bac72 sequence=379 x=-45.339886486530304 y=71.0 z=75.1362463696625 yaw=154.42742919921875 pitch=2.875 roll=0.0
[19:40:28] [MC7DTD-entity-test-send/INFO]: Player proxy sent: {"type":"entity_state","version":1,"source":"minecraft","entity_type":"minecraft:player","entity_id":"4cee8e44-c4b9-4af8-ad92-2db1ac35aafd","stream_id":"ff55d991-cd59-45bf-acd4-77ae6eb479dc","world_id":"mc-cf4dce40-2be1-372b-b914-917f5dcc644c","dimension":"minecraft:overworld","sequence":157,"lifecycle":{"event":"update"},"metadata":{},"position":{"x":-47.30000001192093,"y":71.0,"z":72.77925174075624,"space":"minecraft"},"rotation":{"yaw":324.45015716552734,"pitch":37.3499755859375,"roll":0}}
[19:40:28] [MC7DTD-websocket/INFO]: 7DTD entity received: {"authority":"7dtd","dimension":"7dtd:main","entity_id":"1d96b662-c615-4729-a431-d3c5806bac72","entity_type":"7dtd:player","lifecycle":{"event":"update"},"metadata":{},"origin":{"dimension":"7dtd:main","entity_id":"1d96b662-c615-4729-a431-d3c5806bac72","game":"7dtd","world_id":"td-0d917a4eff776d999148769266591579674d2c42de6557026893a1902834f11f"},"position":{"x":-45.339886486530304,"y":71,"z":75.1362463696625,"space":"minecraft"},"rotation":{"pitch":2.875,"roll":0,"yaw":154.42742919921875},"sequence":380,"source":"7dtd","stream_id":"87f4fae0-b0b2-408f-bcab-c03d8733070c","type":"entity_state","version":2,"world_id":"td-0d917a4eff776d999148769266591579674d2c42de6557026893a1902834f11f"}
[19:40:28] [Render thread/INFO]: 7DTD proxy updated: id=1d96b662-c615-4729-a431-d3c5806bac72 sequence=380 x=-45.339886486530304 y=71.0 z=75.1362463696625 yaw=154.42742919921875 pitch=2.875 roll=0.0
[19:40:28] [MC7DTD-entity-test-send/INFO]: Player proxy sent: {"type":"entity_state","version":1,"source":"minecraft","entity_type":"minecraft:player","entity_id":"4cee8e44-c4b9-4af8-ad92-2db1ac35aafd","stream_id":"ff55d991-cd59-45bf-acd4-77ae6eb479dc","world_id":"mc-cf4dce40-2be1-372b-b914-917f5dcc644c","dimension":"minecraft:overworld","sequence":158,"lifecycle":{"event":"update"},"metadata":{},"position":{"x":-47.30000001192093,"y":71.0,"z":72.77925174075624,"space":"minecraft"},"rotation":{"yaw":324.45015716552734,"pitch":37.3499755859375,"roll":0}}
[19:40:28] [MC7DTD-websocket/INFO]: 7DTD entity received: {"authority":"7dtd","dimension":"7dtd:main","entity_id":"1d96b662-c615-4729-a431-d3c5806bac72","entity_type":"7dtd:player","lifecycle":{"event":"update"},"metadata":{},"origin":{"dimension":"7dtd:main","entity_id":"1d96b662-c615-4729-a431-d3c5806bac72","game":"7dtd","world_id":"td-0d917a4eff776d999148769266591579674d2c42de6557026893a1902834f11f"},"position":{"x":-45.339886486530304,"y":71,"z":75.1362463696625,"space":"minecraft"},"rotation":{"pitch":2.875,"roll":0,"yaw":154.42742919921875},"sequence":381,"source":"7dtd","stream_id":"87f4fae0-b0b2-408f-bcab-c03d8733070c","type":"entity_state","version":2,"world_id":"td-0d917a4eff776d999148769266591579674d2c42de6557026893a1902834f11f"}
[19:40:29] [Render thread/INFO]: 7DTD proxy updated: id=1d96b662-c615-4729-a431-d3c5806bac72 sequence=381 x=-45.339886486530304 y=71.0 z=75.1362463696625 yaw=154.42742919921875 pitch=2.875 roll=0.0
[19:40:29] [MC7DTD-entity-test-send/INFO]: Player proxy sent: {"type":"entity_state","version":1,"source":"minecraft","entity_type":"minecraft:player","entity_id":"4cee8e44-c4b9-4af8-ad92-2db1ac35aafd","stream_id":"ff55d991-cd59-45bf-acd4-77ae6eb479dc","world_id":"mc-cf4dce40-2be1-372b-b914-917f5dcc644c","dimension":"minecraft:overworld","sequence":159,"lifecycle":{"event":"update"},"metadata":{},"position":{"x":-47.30000001192093,"y":71.0,"z":72.77925174075624,"space":"minecraft"},"rotation":{"yaw":324.45015716552734,"pitch":37.3499755859375,"roll":0}}
[19:40:29] [MC7DTD-websocket/INFO]: 7DTD entity received: {"authority":"7dtd","dimension":"7dtd:main","entity_id":"1d96b662-c615-4729-a431-d3c5806bac72","entity_type":"7dtd:player","lifecycle":{"event":"update"},"metadata":{},"origin":{"dimension":"7dtd:main","entity_id":"1d96b662-c615-4729-a431-d3c5806bac72","game":"7dtd","world_id":"td-0d917a4eff776d999148769266591579674d2c42de6557026893a1902834f11f"},"position":{"x":-45.339886486530304,"y":71,"z":75.1362463696625,"space":"minecraft"},"rotation":{"pitch":2.875,"roll":0,"yaw":154.42742919921875},"sequence":382,"source":"7dtd","stream_id":"87f4fae0-b0b2-408f-bcab-c03d8733070c","type":"entity_state","version":2,"world_id":"td-0d917a4eff776d999148769266591579674d2c42de6557026893a1902834f11f"}
[19:40:29] [Render thread/INFO]: 7DTD proxy updated: id=1d96b662-c615-4729-a431-d3c5806bac72 sequence=382 x=-45.339886486530304 y=71.0 z=75.1362463696625 yaw=154.42742919921875 pitch=2.875 roll=0.0
[19:40:29] [MC7DTD-entity-test-send/INFO]: Player proxy sent: {"type":"entity_state","version":1,"source":"minecraft","entity_type":"minecraft:player","entity_id":"4cee8e44-c4b9-4af8-ad92-2db1ac35aafd","stream_id":"ff55d991-cd59-45bf-acd4-77ae6eb479dc","world_id":"mc-cf4dce40-2be1-372b-b914-917f5dcc644c","dimension":"minecraft:overworld","sequence":160,"lifecycle":{"event":"update"},"metadata":{},"position":{"x":-47.30000001192093,"y":71.0,"z":72.77925174075624,"space":"minecraft"},"rotation":{"yaw":324.45015716552734,"pitch":37.3499755859375,"roll":0}}
[19:40:30] [MC7DTD-websocket/INFO]: 7DTD entity received: {"authority":"7dtd","dimension":"7dtd:main","entity_id":"1d96b662-c615-4729-a431-d3c5806bac72","entity_type":"7dtd:player","lifecycle":{"event":"update"},"metadata":{},"origin":{"dimension":"7dtd:main","entity_id":"1d96b662-c615-4729-a431-d3c5806bac72","game":"7dtd","world_id":"td-0d917a4eff776d999148769266591579674d2c42de6557026893a1902834f11f"},"position":{"x":-45.339886486530304,"y":71,"z":75.1362463696625,"space":"minecraft"},"rotation":{"pitch":2.875,"roll":0,"yaw":154.42742919921875},"sequence":383,"source":"7dtd","stream_id":"87f4fae0-b0b2-408f-bcab-c03d8733070c","type":"entity_state","version":2,"world_id":"td-0d917a4eff776d999148769266591579674d2c42de6557026893a1902834f11f"}
[19:40:30] [Render thread/INFO]: 7DTD proxy updated: id=1d96b662-c615-4729-a431-d3c5806bac72 sequence=383 x=-45.339886486530304 y=71.0 z=75.1362463696625 yaw=154.42742919921875 pitch=2.875 roll=0.0
[19:40:30] [MC7DTD-entity-test-send/INFO]: Player proxy sent: {"type":"entity_state","version":1,"source":"minecraft","entity_type":"minecraft:player","entity_id":"4cee8e44-c4b9-4af8-ad92-2db1ac35aafd","stream_id":"ff55d991-cd59-45bf-acd4-77ae6eb479dc","world_id":"mc-cf4dce40-2be1-372b-b914-917f5dcc644c","dimension":"minecraft:overworld","sequence":161,"lifecycle":{"event":"update"},"metadata":{},"position":{"x":-47.30000001192093,"y":71.0,"z":72.77925174075624,"space":"minecraft"},"rotation":{"yaw":324.45015716552734,"pitch":37.3499755859375,"roll":0}}
[19:40:30] [MC7DTD-websocket/INFO]: 7DTD entity received: {"authority":"7dtd","dimension":"7dtd:main","entity_id":"1d96b662-c615-4729-a431-d3c5806bac72","entity_type":"7dtd:player","lifecycle":{"event":"update"},"metadata":{},"origin":{"dimension":"7dtd:main","entity_id":"1d96b662-c615-4729-a431-d3c5806bac72","game":"7dtd","world_id":"td-0d917a4eff776d999148769266591579674d2c42de6557026893a1902834f11f"},"position":{"x":-45.339886486530304,"y":71,"z":75.1362463696625,"space":"minecraft"},"rotation":{"pitch":2.875,"roll":0,"yaw":154.42742919921875},"sequence":384,"source":"7dtd","stream_id":"87f4fae0-b0b2-408f-bcab-c03d8733070c","type":"entity_state","version":2,"world_id":"td-0d917a4eff776d999148769266591579674d2c42de6557026893a1902834f11f"}
[19:40:30] [Render thread/INFO]: 7DTD proxy updated: id=1d96b662-c615-4729-a431-d3c5806bac72 sequence=384 x=-45.339886486530304 y=71.0 z=75.1362463696625 yaw=154.42742919921875 pitch=2.875 roll=0.0
[19:40:30] [MC7DTD-entity-test-send/INFO]: Player proxy sent: {"type":"entity_state","version":1,"source":"minecraft","entity_type":"minecraft:player","entity_id":"4cee8e44-c4b9-4af8-ad92-2db1ac35aafd","stream_id":"ff55d991-cd59-45bf-acd4-77ae6eb479dc","world_id":"mc-cf4dce40-2be1-372b-b914-917f5dcc644c","dimension":"minecraft:overworld","sequence":162,"lifecycle":{"event":"update"},"metadata":{},"position":{"x":-47.30000001192093,"y":71.0,"z":72.77925174075624,"space":"minecraft"},"rotation":{"yaw":324.45015716552734,"pitch":37.3499755859375,"roll":0}}
[19:40:31] [MC7DTD-websocket/INFO]: 7DTD entity received: {"authority":"7dtd","dimension":"7dtd:main","entity_id":"1d96b662-c615-4729-a431-d3c5806bac72","entity_type":"7dtd:player","lifecycle":{"event":"update"},"metadata":{},"origin":{"dimension":"7dtd:main","entity_id":"1d96b662-c615-4729-a431-d3c5806bac72","game":"7dtd","world_id":"td-0d917a4eff776d999148769266591579674d2c42de6557026893a1902834f11f"},"position":{"x":-45.339886486530304,"y":71,"z":75.1362463696625,"space":"minecraft"},"rotation":{"pitch":2.875,"roll":0,"yaw":154.42742919921875},"sequence":385,"source":"7dtd","stream_id":"87f4fae0-b0b2-408f-bcab-c03d8733070c","type":"entity_state","version":2,"world_id":"td-0d917a4eff776d999148769266591579674d2c42de6557026893a1902834f11f"}
[19:40:31] [Render thread/INFO]: 7DTD proxy updated: id=1d96b662-c615-4729-a431-d3c5806bac72 sequence=385 x=-45.339886486530304 y=71.0 z=75.1362463696625 yaw=154.42742919921875 pitch=2.875 roll=0.0
[19:40:31] [MC7DTD-entity-test-send/INFO]: Player proxy sent: {"type":"entity_state","version":1,"source":"minecraft","entity_type":"minecraft:player","entity_id":"4cee8e44-c4b9-4af8-ad92-2db1ac35aafd","stream_id":"ff55d991-cd59-45bf-acd4-77ae6eb479dc","world_id":"mc-cf4dce40-2be1-372b-b914-917f5dcc644c","dimension":"minecraft:overworld","sequence":163,"lifecycle":{"event":"update"},"metadata":{},"position":{"x":-47.30000001192093,"y":71.0,"z":72.77925174075624,"space":"minecraft"},"rotation":{"yaw":324.45015716552734,"pitch":37.3499755859375,"roll":0}}
[19:40:31] [MC7DTD-websocket/INFO]: 7DTD entity received: {"authority":"7dtd","dimension":"7dtd:main","entity_id":"1d96b662-c615-4729-a431-d3c5806bac72","entity_type":"7dtd:player","lifecycle":{"event":"update"},"metadata":{},"origin":{"dimension":"7dtd:main","entity_id":"1d96b662-c615-4729-a431-d3c5806bac72","game":"7dtd","world_id":"td-0d917a4eff776d999148769266591579674d2c42de6557026893a1902834f11f"},"position":{"x":-45.339886486530304,"y":71,"z":75.1362463696625,"space":"minecraft"},"rotation":{"pitch":2.875,"roll":0,"yaw":154.42742919921875},"sequence":386,"source":"7dtd","stream_id":"87f4fae0-b0b2-408f-bcab-c03d8733070c","type":"entity_state","version":2,"world_id":"td-0d917a4eff776d999148769266591579674d2c42de6557026893a1902834f11f"}
[19:40:31] [Render thread/INFO]: 7DTD proxy updated: id=1d96b662-c615-4729-a431-d3c5806bac72 sequence=386 x=-45.339886486530304 y=71.0 z=75.1362463696625 yaw=154.42742919921875 pitch=2.875 roll=0.0
[19:40:31] [MC7DTD-entity-test-send/INFO]: Player proxy sent: {"type":"entity_state","version":1,"source":"minecraft","entity_type":"minecraft:player","entity_id":"4cee8e44-c4b9-4af8-ad92-2db1ac35aafd","stream_id":"ff55d991-cd59-45bf-acd4-77ae6eb479dc","world_id":"mc-cf4dce40-2be1-372b-b914-917f5dcc644c","dimension":"minecraft:overworld","sequence":164,"lifecycle":{"event":"update"},"metadata":{},"position":{"x":-47.30000001192093,"y":71.0,"z":72.77925174075624,"space":"minecraft"},"rotation":{"yaw":324.45015716552734,"pitch":37.3499755859375,"roll":0}}
[19:40:32] [MC7DTD-websocket/INFO]: 7DTD entity received: {"authority":"7dtd","dimension":"7dtd:main","entity_id":"1d96b662-c615-4729-a431-d3c5806bac72","entity_type":"7dtd:player","lifecycle":{"event":"update"},"metadata":{},"origin":{"dimension":"7dtd:main","entity_id":"1d96b662-c615-4729-a431-d3c5806bac72","game":"7dtd","world_id":"td-0d917a4eff776d999148769266591579674d2c42de6557026893a1902834f11f"},"position":{"x":-45.339886486530304,"y":71,"z":75.1362463696625,"space":"minecraft"},"rotation":{"pitch":2.875,"roll":0,"yaw":154.42742919921875},"sequence":387,"source":"7dtd","stream_id":"87f4fae0-b0b2-408f-bcab-c03d8733070c","type":"entity_state","version":2,"world_id":"td-0d917a4eff776d999148769266591579674d2c42de6557026893a1902834f11f"}
[19:40:32] [Render thread/INFO]: 7DTD proxy updated: id=1d96b662-c615-4729-a431-d3c5806bac72 sequence=387 x=-45.339886486530304 y=71.0 z=75.1362463696625 yaw=154.42742919921875 pitch=2.875 roll=0.0
[19:40:32] [MC7DTD-entity-test-send/INFO]: Player proxy sent: {"type":"entity_state","version":1,"source":"minecraft","entity_type":"minecraft:player","entity_id":"4cee8e44-c4b9-4af8-ad92-2db1ac35aafd","stream_id":"ff55d991-cd59-45bf-acd4-77ae6eb479dc","world_id":"mc-cf4dce40-2be1-372b-b914-917f5dcc644c","dimension":"minecraft:overworld","sequence":165,"lifecycle":{"event":"update"},"metadata":{},"position":{"x":-47.30000001192093,"y":71.0,"z":72.77925174075624,"space":"minecraft"},"rotation":{"yaw":324.45015716552734,"pitch":37.3499755859375,"roll":0}}
[19:40:32] [MC7DTD-websocket/INFO]: 7DTD entity received: {"authority":"7dtd","dimension":"7dtd:main","entity_id":"1d96b662-c615-4729-a431-d3c5806bac72","entity_type":"7dtd:player","lifecycle":{"event":"update"},"metadata":{},"origin":{"dimension":"7dtd:main","entity_id":"1d96b662-c615-4729-a431-d3c5806bac72","game":"7dtd","world_id":"td-0d917a4eff776d999148769266591579674d2c42de6557026893a1902834f11f"},"position":{"x":-45.339886486530304,"y":71,"z":75.1362463696625,"space":"minecraft"},"rotation":{"pitch":2.875,"roll":0,"yaw":154.42742919921875},"sequence":388,"source":"7dtd","stream_id":"87f4fae0-b0b2-408f-bcab-c03d8733070c","type":"entity_state","version":2,"world_id":"td-0d917a4eff776d999148769266591579674d2c42de6557026893a1902834f11f"}
[19:40:32] [Render thread/INFO]: 7DTD proxy updated: id=1d96b662-c615-4729-a431-d3c5806bac72 sequence=388 x=-45.339886486530304 y=71.0 z=75.1362463696625 yaw=154.42742919921875 pitch=2.875 roll=0.0
[19:40:33] [MC7DTD-entity-test-send/INFO]: Player proxy sent: {"type":"entity_state","version":1,"source":"minecraft","entity_type":"minecraft:player","entity_id":"4cee8e44-c4b9-4af8-ad92-2db1ac35aafd","stream_id":"ff55d991-cd59-45bf-acd4-77ae6eb479dc","world_id":"mc-cf4dce40-2be1-372b-b914-917f5dcc644c","dimension":"minecraft:overworld","sequence":166,"lifecycle":{"event":"update"},"metadata":{},"position":{"x":-47.30000001192093,"y":71.0,"z":72.77925174075624,"space":"minecraft"},"rotation":{"yaw":324.45015716552734,"pitch":37.3499755859375,"roll":0}}
[19:40:33] [MC7DTD-websocket/INFO]: 7DTD entity received: {"authority":"7dtd","dimension":"7dtd:main","entity_id":"1d96b662-c615-4729-a431-d3c5806bac72","entity_type":"7dtd:player","lifecycle":{"event":"update"},"metadata":{},"origin":{"dimension":"7dtd:main","entity_id":"1d96b662-c615-4729-a431-d3c5806bac72","game":"7dtd","world_id":"td-0d917a4eff776d999148769266591579674d2c42de6557026893a1902834f11f"},"position":{"x":-45.339886486530304,"y":71,"z":75.1362463696625,"space":"minecraft"},"rotation":{"pitch":2.875,"roll":0,"yaw":154.42742919921875},"sequence":389,"source":"7dtd","stream_id":"87f4fae0-b0b2-408f-bcab-c03d8733070c","type":"entity_state","version":2,"world_id":"td-0d917a4eff776d999148769266591579674d2c42de6557026893a1902834f11f"}
[19:40:33] [Render thread/INFO]: 7DTD proxy updated: id=1d96b662-c615-4729-a431-d3c5806bac72 sequence=389 x=-45.339886486530304 y=71.0 z=75.1362463696625 yaw=154.42742919921875 pitch=2.875 roll=0.0
[19:40:33] [MC7DTD-entity-test-send/INFO]: Player proxy sent: {"type":"entity_state","version":1,"source":"minecraft","entity_type":"minecraft:player","entity_id":"4cee8e44-c4b9-4af8-ad92-2db1ac35aafd","stream_id":"ff55d991-cd59-45bf-acd4-77ae6eb479dc","world_id":"mc-cf4dce40-2be1-372b-b914-917f5dcc644c","dimension":"minecraft:overworld","sequence":167,"lifecycle":{"event":"update"},"metadata":{},"position":{"x":-47.30000001192093,"y":71.0,"z":72.77925174075624,"space":"minecraft"},"rotation":{"yaw":324.45015716552734,"pitch":37.3499755859375,"roll":0}}
[19:40:33] [MC7DTD-websocket/INFO]: 7DTD entity received: {"authority":"7dtd","dimension":"7dtd:main","entity_id":"1d96b662-c615-4729-a431-d3c5806bac72","entity_type":"7dtd:player","lifecycle":{"event":"update"},"metadata":{},"origin":{"dimension":"7dtd:main","entity_id":"1d96b662-c615-4729-a431-d3c5806bac72","game":"7dtd","world_id":"td-0d917a4eff776d999148769266591579674d2c42de6557026893a1902834f11f"},"position":{"x":-45.339886486530304,"y":71,"z":75.1362463696625,"space":"minecraft"},"rotation":{"pitch":2.875,"roll":0,"yaw":154.42742919921875},"sequence":390,"source":"7dtd","stream_id":"87f4fae0-b0b2-408f-bcab-c03d8733070c","type":"entity_state","version":2,"world_id":"td-0d917a4eff776d999148769266591579674d2c42de6557026893a1902834f11f"}
[19:40:33] [Render thread/INFO]: 7DTD proxy updated: id=1d96b662-c615-4729-a431-d3c5806bac72 sequence=390 x=-45.339886486530304 y=71.0 z=75.1362463696625 yaw=154.42742919921875 pitch=2.875 roll=0.0
[19:40:34] [MC7DTD-websocket/INFO]: 7DTD entity received: {"authority":"7dtd","dimension":"7dtd:main","entity_id":"1d96b662-c615-4729-a431-d3c5806bac72","entity_type":"7dtd:player","lifecycle":{"event":"update"},"metadata":{},"origin":{"dimension":"7dtd:main","entity_id":"1d96b662-c615-4729-a431-d3c5806bac72","game":"7dtd","world_id":"td-0d917a4eff776d999148769266591579674d2c42de6557026893a1902834f11f"},"position":{"x":-45.339886486530304,"y":71,"z":75.1362463696625,"space":"minecraft"},"rotation":{"pitch":2.875,"roll":0,"yaw":154.42742919921875},"sequence":391,"source":"7dtd","stream_id":"87f4fae0-b0b2-408f-bcab-c03d8733070c","type":"entity_state","version":2,"world_id":"td-0d917a4eff776d999148769266591579674d2c42de6557026893a1902834f11f"}
[19:40:34] [Render thread/INFO]: 7DTD proxy updated: id=1d96b662-c615-4729-a431-d3c5806bac72 sequence=391 x=-45.339886486530304 y=71.0 z=75.1362463696625 yaw=154.42742919921875 pitch=2.875 roll=0.0
[19:40:34] [MC7DTD-entity-test-send/INFO]: Player proxy sent: {"type":"entity_state","version":1,"source":"minecraft","entity_type":"minecraft:player","entity_id":"4cee8e44-c4b9-4af8-ad92-2db1ac35aafd","stream_id":"ff55d991-cd59-45bf-acd4-77ae6eb479dc","world_id":"mc-cf4dce40-2be1-372b-b914-917f5dcc644c","dimension":"minecraft:overworld","sequence":168,"lifecycle":{"event":"update"},"metadata":{},"position":{"x":-47.30000001192093,"y":71.0,"z":72.77925174075624,"space":"minecraft"},"rotation":{"yaw":324.45015716552734,"pitch":37.3499755859375,"roll":0}}
[19:40:34] [MC7DTD-entity-test-send/INFO]: Player proxy sent: {"type":"entity_state","version":1,"source":"minecraft","entity_type":"minecraft:player","entity_id":"4cee8e44-c4b9-4af8-ad92-2db1ac35aafd","stream_id":"ff55d991-cd59-45bf-acd4-77ae6eb479dc","world_id":"mc-cf4dce40-2be1-372b-b914-917f5dcc644c","dimension":"minecraft:overworld","sequence":169,"lifecycle":{"event":"update"},"metadata":{},"position":{"x":-47.30000001192093,"y":71.0,"z":72.77925174075624,"space":"minecraft"},"rotation":{"yaw":324.45015716552734,"pitch":37.3499755859375,"roll":0}}
[19:40:34] [MC7DTD-websocket/INFO]: 7DTD entity received: {"authority":"7dtd","dimension":"7dtd:main","entity_id":"1d96b662-c615-4729-a431-d3c5806bac72","entity_type":"7dtd:player","lifecycle":{"event":"update"},"metadata":{},"origin":{"dimension":"7dtd:main","entity_id":"1d96b662-c615-4729-a431-d3c5806bac72","game":"7dtd","world_id":"td-0d917a4eff776d999148769266591579674d2c42de6557026893a1902834f11f"},"position":{"x":-45.339886486530304,"y":71,"z":75.1362463696625,"space":"minecraft"},"rotation":{"pitch":2.875,"roll":0,"yaw":154.42742919921875},"sequence":392,"source":"7dtd","stream_id":"87f4fae0-b0b2-408f-bcab-c03d8733070c","type":"entity_state","version":2,"world_id":"td-0d917a4eff776d999148769266591579674d2c42de6557026893a1902834f11f"}
[19:40:34] [Render thread/INFO]: 7DTD proxy updated: id=1d96b662-c615-4729-a431-d3c5806bac72 sequence=392 x=-45.339886486530304 y=71.0 z=75.1362463696625 yaw=154.42742919921875 pitch=2.875 roll=0.0
[19:40:35] [MC7DTD-websocket/INFO]: 7DTD entity received: {"authority":"7dtd","dimension":"7dtd:main","entity_id":"1d96b662-c615-4729-a431-d3c5806bac72","entity_type":"7dtd:player","lifecycle":{"event":"update"},"metadata":{},"origin":{"dimension":"7dtd:main","entity_id":"1d96b662-c615-4729-a431-d3c5806bac72","game":"7dtd","world_id":"td-0d917a4eff776d999148769266591579674d2c42de6557026893a1902834f11f"},"position":{"x":-45.339886486530304,"y":71,"z":75.1362463696625,"space":"minecraft"},"rotation":{"pitch":2.875,"roll":0,"yaw":154.42742919921875},"sequence":393,"source":"7dtd","stream_id":"87f4fae0-b0b2-408f-bcab-c03d8733070c","type":"entity_state","version":2,"world_id":"td-0d917a4eff776d999148769266591579674d2c42de6557026893a1902834f11f"}
[19:40:35] [Render thread/INFO]: 7DTD proxy updated: id=1d96b662-c615-4729-a431-d3c5806bac72 sequence=393 x=-45.339886486530304 y=71.0 z=75.1362463696625 yaw=154.42742919921875 pitch=2.875 roll=0.0
[19:40:35] [MC7DTD-entity-test-send/INFO]: Player proxy sent: {"type":"entity_state","version":1,"source":"minecraft","entity_type":"minecraft:player","entity_id":"4cee8e44-c4b9-4af8-ad92-2db1ac35aafd","stream_id":"ff55d991-cd59-45bf-acd4-77ae6eb479dc","world_id":"mc-cf4dce40-2be1-372b-b914-917f5dcc644c","dimension":"minecraft:overworld","sequence":170,"lifecycle":{"event":"update"},"metadata":{},"position":{"x":-47.30000001192093,"y":71.0,"z":72.77925174075624,"space":"minecraft"},"rotation":{"yaw":324.45015716552734,"pitch":37.3499755859375,"roll":0}}
[19:40:35] [MC7DTD-websocket/INFO]: 7DTD entity received: {"authority":"7dtd","dimension":"7dtd:main","entity_id":"1d96b662-c615-4729-a431-d3c5806bac72","entity_type":"7dtd:player","lifecycle":{"event":"update"},"metadata":{},"origin":{"dimension":"7dtd:main","entity_id":"1d96b662-c615-4729-a431-d3c5806bac72","game":"7dtd","world_id":"td-0d917a4eff776d999148769266591579674d2c42de6557026893a1902834f11f"},"position":{"x":-45.339886486530304,"y":71,"z":75.1362463696625,"space":"minecraft"},"rotation":{"pitch":2.875,"roll":0,"yaw":154.42742919921875},"sequence":394,"source":"7dtd","stream_id":"87f4fae0-b0b2-408f-bcab-c03d8733070c","type":"entity_state","version":2,"world_id":"td-0d917a4eff776d999148769266591579674d2c42de6557026893a1902834f11f"}
[19:40:35] [Render thread/INFO]: 7DTD proxy updated: id=1d96b662-c615-4729-a431-d3c5806bac72 sequence=394 x=-45.339886486530304 y=71.0 z=75.1362463696625 yaw=154.42742919921875 pitch=2.875 roll=0.0
[19:40:35] [MC7DTD-entity-test-send/INFO]: Player proxy sent: {"type":"entity_state","version":1,"source":"minecraft","entity_type":"minecraft:player","entity_id":"4cee8e44-c4b9-4af8-ad92-2db1ac35aafd","stream_id":"ff55d991-cd59-45bf-acd4-77ae6eb479dc","world_id":"mc-cf4dce40-2be1-372b-b914-917f5dcc644c","dimension":"minecraft:overworld","sequence":171,"lifecycle":{"event":"update"},"metadata":{},"position":{"x":-47.30000001192093,"y":71.0,"z":72.77925174075624,"space":"minecraft"},"rotation":{"yaw":324.45015716552734,"pitch":37.3499755859375,"roll":0}}
[19:40:36] [MC7DTD-websocket/INFO]: 7DTD entity received: {"authority":"7dtd","dimension":"7dtd:main","entity_id":"1d96b662-c615-4729-a431-d3c5806bac72","entity_type":"7dtd:player","lifecycle":{"event":"update"},"metadata":{},"origin":{"dimension":"7dtd:main","entity_id":"1d96b662-c615-4729-a431-d3c5806bac72","game":"7dtd","world_id":"td-0d917a4eff776d999148769266591579674d2c42de6557026893a1902834f11f"},"position":{"x":-45.339886486530304,"y":71,"z":75.1362463696625,"space":"minecraft"},"rotation":{"pitch":2.875,"roll":0,"yaw":154.42742919921875},"sequence":395,"source":"7dtd","stream_id":"87f4fae0-b0b2-408f-bcab-c03d8733070c","type":"entity_state","version":2,"world_id":"td-0d917a4eff776d999148769266591579674d2c42de6557026893a1902834f11f"}
[19:40:36] [Render thread/INFO]: 7DTD proxy updated: id=1d96b662-c615-4729-a431-d3c5806bac72 sequence=395 x=-45.339886486530304 y=71.0 z=75.1362463696625 yaw=154.42742919921875 pitch=2.875 roll=0.0
[19:40:36] [MC7DTD-entity-test-send/INFO]: Player proxy sent: {"type":"entity_state","version":1,"source":"minecraft","entity_type":"minecraft:player","entity_id":"4cee8e44-c4b9-4af8-ad92-2db1ac35aafd","stream_id":"ff55d991-cd59-45bf-acd4-77ae6eb479dc","world_id":"mc-cf4dce40-2be1-372b-b914-917f5dcc644c","dimension":"minecraft:overworld","sequence":172,"lifecycle":{"event":"update"},"metadata":{},"position":{"x":-47.30000001192093,"y":71.0,"z":72.77925174075624,"space":"minecraft"},"rotation":{"yaw":324.45015716552734,"pitch":37.3499755859375,"roll":0}}
[19:40:36] [MC7DTD-websocket/INFO]: 7DTD entity received: {"authority":"7dtd","dimension":"7dtd:main","entity_id":"1d96b662-c615-4729-a431-d3c5806bac72","entity_type":"7dtd:player","lifecycle":{"event":"update"},"metadata":{},"origin":{"dimension":"7dtd:main","entity_id":"1d96b662-c615-4729-a431-d3c5806bac72","game":"7dtd","world_id":"td-0d917a4eff776d999148769266591579674d2c42de6557026893a1902834f11f"},"position":{"x":-45.339886486530304,"y":71,"z":75.1362463696625,"space":"minecraft"},"rotation":{"pitch":2.875,"roll":0,"yaw":154.42742919921875},"sequence":396,"source":"7dtd","stream_id":"87f4fae0-b0b2-408f-bcab-c03d8733070c","type":"entity_state","version":2,"world_id":"td-0d917a4eff776d999148769266591579674d2c42de6557026893a1902834f11f"}
[19:40:36] [Render thread/INFO]: 7DTD proxy updated: id=1d96b662-c615-4729-a431-d3c5806bac72 sequence=396 x=-45.339886486530304 y=71.0 z=75.1362463696625 yaw=154.42742919921875 pitch=2.875 roll=0.0
[19:40:36] [MC7DTD-entity-test-send/INFO]: Player proxy sent: {"type":"entity_state","version":1,"source":"minecraft","entity_type":"minecraft:player","entity_id":"4cee8e44-c4b9-4af8-ad92-2db1ac35aafd","stream_id":"ff55d991-cd59-45bf-acd4-77ae6eb479dc","world_id":"mc-cf4dce40-2be1-372b-b914-917f5dcc644c","dimension":"minecraft:overworld","sequence":173,"lifecycle":{"event":"update"},"metadata":{},"position":{"x":-47.30000001192093,"y":71.0,"z":72.77925174075624,"space":"minecraft"},"rotation":{"yaw":324.45015716552734,"pitch":37.3499755859375,"roll":0}}
[19:40:37] [MC7DTD-websocket/INFO]: 7DTD entity received: {"authority":"7dtd","dimension":"7dtd:main","entity_id":"1d96b662-c615-4729-a431-d3c5806bac72","entity_type":"7dtd:player","lifecycle":{"event":"update"},"metadata":{},"origin":{"dimension":"7dtd:main","entity_id":"1d96b662-c615-4729-a431-d3c5806bac72","game":"7dtd","world_id":"td-0d917a4eff776d999148769266591579674d2c42de6557026893a1902834f11f"},"position":{"x":-45.339886486530304,"y":71,"z":75.1362463696625,"space":"minecraft"},"rotation":{"pitch":2.875,"roll":0,"yaw":154.42742919921875},"sequence":397,"source":"7dtd","stream_id":"87f4fae0-b0b2-408f-bcab-c03d8733070c","type":"entity_state","version":2,"world_id":"td-0d917a4eff776d999148769266591579674d2c42de6557026893a1902834f11f"}
[19:40:37] [Render thread/INFO]: 7DTD proxy updated: id=1d96b662-c615-4729-a431-d3c5806bac72 sequence=397 x=-45.339886486530304 y=71.0 z=75.1362463696625 yaw=154.42742919921875 pitch=2.875 roll=0.0
[19:40:37] [MC7DTD-entity-test-send/INFO]: Player proxy sent: {"type":"entity_state","version":1,"source":"minecraft","entity_type":"minecraft:player","entity_id":"4cee8e44-c4b9-4af8-ad92-2db1ac35aafd","stream_id":"ff55d991-cd59-45bf-acd4-77ae6eb479dc","world_id":"mc-cf4dce40-2be1-372b-b914-917f5dcc644c","dimension":"minecraft:overworld","sequence":174,"lifecycle":{"event":"update"},"metadata":{},"position":{"x":-47.30000001192093,"y":71.0,"z":72.77925174075624,"space":"minecraft"},"rotation":{"yaw":324.45015716552734,"pitch":37.3499755859375,"roll":0}}
[19:40:37] [MC7DTD-websocket/INFO]: 7DTD entity received: {"authority":"7dtd","dimension":"7dtd:main","entity_id":"1d96b662-c615-4729-a431-d3c5806bac72","entity_type":"7dtd:player","lifecycle":{"event":"update"},"metadata":{},"origin":{"dimension":"7dtd:main","entity_id":"1d96b662-c615-4729-a431-d3c5806bac72","game":"7dtd","world_id":"td-0d917a4eff776d999148769266591579674d2c42de6557026893a1902834f11f"},"position":{"x":-45.339886486530304,"y":71,"z":75.1362463696625,"space":"minecraft"},"rotation":{"pitch":2.875,"roll":0,"yaw":154.42742919921875},"sequence":398,"source":"7dtd","stream_id":"87f4fae0-b0b2-408f-bcab-c03d8733070c","type":"entity_state","version":2,"world_id":"td-0d917a4eff776d999148769266591579674d2c42de6557026893a1902834f11f"}
[19:40:37] [Render thread/INFO]: 7DTD proxy updated: id=1d96b662-c615-4729-a431-d3c5806bac72 sequence=398 x=-45.339886486530304 y=71.0 z=75.1362463696625 yaw=154.42742919921875 pitch=2.875 roll=0.0
[19:40:37] [MC7DTD-entity-test-send/INFO]: Player proxy sent: {"type":"entity_state","version":1,"source":"minecraft","entity_type":"minecraft:player","entity_id":"4cee8e44-c4b9-4af8-ad92-2db1ac35aafd","stream_id":"ff55d991-cd59-45bf-acd4-77ae6eb479dc","world_id":"mc-cf4dce40-2be1-372b-b914-917f5dcc644c","dimension":"minecraft:overworld","sequence":175,"lifecycle":{"event":"update"},"metadata":{},"position":{"x":-47.30000001192093,"y":71.0,"z":72.77925174075624,"space":"minecraft"},"rotation":{"yaw":324.45015716552734,"pitch":37.3499755859375,"roll":0}}
[19:40:38] [MC7DTD-websocket/INFO]: 7DTD entity received: {"authority":"7dtd","dimension":"7dtd:main","entity_id":"1d96b662-c615-4729-a431-d3c5806bac72","entity_type":"7dtd:player","lifecycle":{"event":"update"},"metadata":{},"origin":{"dimension":"7dtd:main","entity_id":"1d96b662-c615-4729-a431-d3c5806bac72","game":"7dtd","world_id":"td-0d917a4eff776d999148769266591579674d2c42de6557026893a1902834f11f"},"position":{"x":-45.339886486530304,"y":71,"z":75.1362463696625,"space":"minecraft"},"rotation":{"pitch":2.875,"roll":0,"yaw":154.42742919921875},"sequence":399,"source":"7dtd","stream_id":"87f4fae0-b0b2-408f-bcab-c03d8733070c","type":"entity_state","version":2,"world_id":"td-0d917a4eff776d999148769266591579674d2c42de6557026893a1902834f11f"}
[19:40:38] [Render thread/INFO]: 7DTD proxy updated: id=1d96b662-c615-4729-a431-d3c5806bac72 sequence=399 x=-45.339886486530304 y=71.0 z=75.1362463696625 yaw=154.42742919921875 pitch=2.875 roll=0.0
[19:40:38] [MC7DTD-entity-test-send/INFO]: Player proxy sent: {"type":"entity_state","version":1,"source":"minecraft","entity_type":"minecraft:player","entity_id":"4cee8e44-c4b9-4af8-ad92-2db1ac35aafd","stream_id":"ff55d991-cd59-45bf-acd4-77ae6eb479dc","world_id":"mc-cf4dce40-2be1-372b-b914-917f5dcc644c","dimension":"minecraft:overworld","sequence":176,"lifecycle":{"event":"update"},"metadata":{},"position":{"x":-47.30000001192093,"y":71.0,"z":72.77925174075624,"space":"minecraft"},"rotation":{"yaw":324.45015716552734,"pitch":37.3499755859375,"roll":0}}
[19:40:38] [MC7DTD-websocket/INFO]: 7DTD entity received: {"authority":"7dtd","dimension":"7dtd:main","entity_id":"1d96b662-c615-4729-a431-d3c5806bac72","entity_type":"7dtd:player","lifecycle":{"event":"update"},"metadata":{},"origin":{"dimension":"7dtd:main","entity_id":"1d96b662-c615-4729-a431-d3c5806bac72","game":"7dtd","world_id":"td-0d917a4eff776d999148769266591579674d2c42de6557026893a1902834f11f"},"position":{"x":-45.339886486530304,"y":71,"z":75.1362463696625,"space":"minecraft"},"rotation":{"pitch":2.875,"roll":0,"yaw":154.42742919921875},"sequence":400,"source":"7dtd","stream_id":"87f4fae0-b0b2-408f-bcab-c03d8733070c","type":"entity_state","version":2,"world_id":"td-0d917a4eff776d999148769266591579674d2c42de6557026893a1902834f11f"}
[19:40:38] [Render thread/INFO]: 7DTD proxy updated: id=1d96b662-c615-4729-a431-d3c5806bac72 sequence=400 x=-45.339886486530304 y=71.0 z=75.1362463696625 yaw=154.42742919921875 pitch=2.875 roll=0.0
[19:40:38] [MC7DTD-entity-test-send/INFO]: Player proxy sent: {"type":"entity_state","version":1,"source":"minecraft","entity_type":"minecraft:player","entity_id":"4cee8e44-c4b9-4af8-ad92-2db1ac35aafd","stream_id":"ff55d991-cd59-45bf-acd4-77ae6eb479dc","world_id":"mc-cf4dce40-2be1-372b-b914-917f5dcc644c","dimension":"minecraft:overworld","sequence":177,"lifecycle":{"event":"update"},"metadata":{},"position":{"x":-47.30000001192093,"y":71.0,"z":72.77925174075624,"space":"minecraft"},"rotation":{"yaw":324.45015716552734,"pitch":37.3499755859375,"roll":0}}
[19:40:39] [MC7DTD-websocket/INFO]: 7DTD entity received: {"authority":"7dtd","dimension":"7dtd:main","entity_id":"1d96b662-c615-4729-a431-d3c5806bac72","entity_type":"7dtd:player","lifecycle":{"event":"update"},"metadata":{},"origin":{"dimension":"7dtd:main","entity_id":"1d96b662-c615-4729-a431-d3c5806bac72","game":"7dtd","world_id":"td-0d917a4eff776d999148769266591579674d2c42de6557026893a1902834f11f"},"position":{"x":-45.339886486530304,"y":71,"z":75.1362463696625,"space":"minecraft"},"rotation":{"pitch":2.875,"roll":0,"yaw":154.42742919921875},"sequence":401,"source":"7dtd","stream_id":"87f4fae0-b0b2-408f-bcab-c03d8733070c","type":"entity_state","version":2,"world_id":"td-0d917a4eff776d999148769266591579674d2c42de6557026893a1902834f11f"}
[19:40:39] [Render thread/INFO]: 7DTD proxy updated: id=1d96b662-c615-4729-a431-d3c5806bac72 sequence=401 x=-45.339886486530304 y=71.0 z=75.1362463696625 yaw=154.42742919921875 pitch=2.875 roll=0.0
[19:40:39] [MC7DTD-entity-test-send/INFO]: Player proxy sent: {"type":"entity_state","version":1,"source":"minecraft","entity_type":"minecraft:player","entity_id":"4cee8e44-c4b9-4af8-ad92-2db1ac35aafd","stream_id":"ff55d991-cd59-45bf-acd4-77ae6eb479dc","world_id":"mc-cf4dce40-2be1-372b-b914-917f5dcc644c","dimension":"minecraft:overworld","sequence":178,"lifecycle":{"event":"update"},"metadata":{},"position":{"x":-47.30000001192093,"y":71.0,"z":72.77925174075624,"space":"minecraft"},"rotation":{"yaw":324.45015716552734,"pitch":37.3499755859375,"roll":0}}
[19:40:39] [MC7DTD-websocket/INFO]: 7DTD entity received: {"authority":"7dtd","dimension":"7dtd:main","entity_id":"1d96b662-c615-4729-a431-d3c5806bac72","entity_type":"7dtd:player","lifecycle":{"event":"update"},"metadata":{},"origin":{"dimension":"7dtd:main","entity_id":"1d96b662-c615-4729-a431-d3c5806bac72","game":"7dtd","world_id":"td-0d917a4eff776d999148769266591579674d2c42de6557026893a1902834f11f"},"position":{"x":-45.339886486530304,"y":71,"z":75.1362463696625,"space":"minecraft"},"rotation":{"pitch":2.875,"roll":0,"yaw":154.42742919921875},"sequence":402,"source":"7dtd","stream_id":"87f4fae0-b0b2-408f-bcab-c03d8733070c","type":"entity_state","version":2,"world_id":"td-0d917a4eff776d999148769266591579674d2c42de6557026893a1902834f11f"}
[19:40:39] [Render thread/INFO]: 7DTD proxy updated: id=1d96b662-c615-4729-a431-d3c5806bac72 sequence=402 x=-45.339886486530304 y=71.0 z=75.1362463696625 yaw=154.42742919921875 pitch=2.875 roll=0.0
[19:40:39] [MC7DTD-entity-test-send/INFO]: Player proxy sent: {"type":"entity_state","version":1,"source":"minecraft","entity_type":"minecraft:player","entity_id":"4cee8e44-c4b9-4af8-ad92-2db1ac35aafd","stream_id":"ff55d991-cd59-45bf-acd4-77ae6eb479dc","world_id":"mc-cf4dce40-2be1-372b-b914-917f5dcc644c","dimension":"minecraft:overworld","sequence":179,"lifecycle":{"event":"update"},"metadata":{},"position":{"x":-47.30000001192093,"y":71.0,"z":72.77925174075624,"space":"minecraft"},"rotation":{"yaw":324.45015716552734,"pitch":37.3499755859375,"roll":0}}
[19:40:40] [MC7DTD-websocket/INFO]: 7DTD entity received: {"authority":"7dtd","dimension":"7dtd:main","entity_id":"1d96b662-c615-4729-a431-d3c5806bac72","entity_type":"7dtd:player","lifecycle":{"event":"update"},"metadata":{},"origin":{"dimension":"7dtd:main","entity_id":"1d96b662-c615-4729-a431-d3c5806bac72","game":"7dtd","world_id":"td-0d917a4eff776d999148769266591579674d2c42de6557026893a1902834f11f"},"position":{"x":-45.339886486530304,"y":71,"z":75.1362463696625,"space":"minecraft"},"rotation":{"pitch":2.875,"roll":0,"yaw":154.42742919921875},"sequence":403,"source":"7dtd","stream_id":"87f4fae0-b0b2-408f-bcab-c03d8733070c","type":"entity_state","version":2,"world_id":"td-0d917a4eff776d999148769266591579674d2c42de6557026893a1902834f11f"}
[19:40:40] [Render thread/INFO]: 7DTD proxy updated: id=1d96b662-c615-4729-a431-d3c5806bac72 sequence=403 x=-45.339886486530304 y=71.0 z=75.1362463696625 yaw=154.42742919921875 pitch=2.875 roll=0.0
[19:40:40] [MC7DTD-entity-test-send/INFO]: Player proxy sent: {"type":"entity_state","version":1,"source":"minecraft","entity_type":"minecraft:player","entity_id":"4cee8e44-c4b9-4af8-ad92-2db1ac35aafd","stream_id":"ff55d991-cd59-45bf-acd4-77ae6eb479dc","world_id":"mc-cf4dce40-2be1-372b-b914-917f5dcc644c","dimension":"minecraft:overworld","sequence":180,"lifecycle":{"event":"update"},"metadata":{},"position":{"x":-47.30000001192093,"y":71.0,"z":72.77925174075624,"space":"minecraft"},"rotation":{"yaw":324.45015716552734,"pitch":37.3499755859375,"roll":0}}
[19:40:40] [MC7DTD-websocket/INFO]: 7DTD entity received: {"authority":"7dtd","dimension":"7dtd:main","entity_id":"1d96b662-c615-4729-a431-d3c5806bac72","entity_type":"7dtd:player","lifecycle":{"event":"update"},"metadata":{},"origin":{"dimension":"7dtd:main","entity_id":"1d96b662-c615-4729-a431-d3c5806bac72","game":"7dtd","world_id":"td-0d917a4eff776d999148769266591579674d2c42de6557026893a1902834f11f"},"position":{"x":-45.339886486530304,"y":71,"z":75.1362463696625,"space":"minecraft"},"rotation":{"pitch":2.875,"roll":0,"yaw":154.42742919921875},"sequence":404,"source":"7dtd","stream_id":"87f4fae0-b0b2-408f-bcab-c03d8733070c","type":"entity_state","version":2,"world_id":"td-0d917a4eff776d999148769266591579674d2c42de6557026893a1902834f11f"}
[19:40:40] [Render thread/INFO]: 7DTD proxy updated: id=1d96b662-c615-4729-a431-d3c5806bac72 sequence=404 x=-45.339886486530304 y=71.0 z=75.1362463696625 yaw=154.42742919921875 pitch=2.875 roll=0.0
[19:40:40] [MC7DTD-entity-test-send/INFO]: Player proxy sent: {"type":"entity_state","version":1,"source":"minecraft","entity_type":"minecraft:player","entity_id":"4cee8e44-c4b9-4af8-ad92-2db1ac35aafd","stream_id":"ff55d991-cd59-45bf-acd4-77ae6eb479dc","world_id":"mc-cf4dce40-2be1-372b-b914-917f5dcc644c","dimension":"minecraft:overworld","sequence":181,"lifecycle":{"event":"update"},"metadata":{},"position":{"x":-47.30000001192093,"y":71.0,"z":72.77925174075624,"space":"minecraft"},"rotation":{"yaw":324.45015716552734,"pitch":37.3499755859375,"roll":0}}
[19:40:41] [MC7DTD-websocket/INFO]: 7DTD entity received: {"authority":"7dtd","dimension":"7dtd:main","entity_id":"1d96b662-c615-4729-a431-d3c5806bac72","entity_type":"7dtd:player","lifecycle":{"event":"update"},"metadata":{},"origin":{"dimension":"7dtd:main","entity_id":"1d96b662-c615-4729-a431-d3c5806bac72","game":"7dtd","world_id":"td-0d917a4eff776d999148769266591579674d2c42de6557026893a1902834f11f"},"position":{"x":-45.339886486530304,"y":71,"z":75.1362463696625,"space":"minecraft"},"rotation":{"pitch":2.875,"roll":0,"yaw":154.42742919921875},"sequence":405,"source":"7dtd","stream_id":"87f4fae0-b0b2-408f-bcab-c03d8733070c","type":"entity_state","version":2,"world_id":"td-0d917a4eff776d999148769266591579674d2c42de6557026893a1902834f11f"}
[19:40:41] [Render thread/INFO]: 7DTD proxy updated: id=1d96b662-c615-4729-a431-d3c5806bac72 sequence=405 x=-45.339886486530304 y=71.0 z=75.1362463696625 yaw=154.42742919921875 pitch=2.875 roll=0.0
[19:40:41] [MC7DTD-entity-test-send/INFO]: Player proxy sent: {"type":"entity_state","version":1,"source":"minecraft","entity_type":"minecraft:player","entity_id":"4cee8e44-c4b9-4af8-ad92-2db1ac35aafd","stream_id":"ff55d991-cd59-45bf-acd4-77ae6eb479dc","world_id":"mc-cf4dce40-2be1-372b-b914-917f5dcc644c","dimension":"minecraft:overworld","sequence":182,"lifecycle":{"event":"update"},"metadata":{},"position":{"x":-47.30000001192093,"y":71.0,"z":72.77925174075624,"space":"minecraft"},"rotation":{"yaw":324.45015716552734,"pitch":37.3499755859375,"roll":0}}
[19:40:41] [MC7DTD-websocket/INFO]: 7DTD entity received: {"authority":"7dtd","dimension":"7dtd:main","entity_id":"1d96b662-c615-4729-a431-d3c5806bac72","entity_type":"7dtd:player","lifecycle":{"event":"update"},"metadata":{},"origin":{"dimension":"7dtd:main","entity_id":"1d96b662-c615-4729-a431-d3c5806bac72","game":"7dtd","world_id":"td-0d917a4eff776d999148769266591579674d2c42de6557026893a1902834f11f"},"position":{"x":-45.339886486530304,"y":71,"z":75.1362463696625,"space":"minecraft"},"rotation":{"pitch":2.875,"roll":0,"yaw":154.42742919921875},"sequence":406,"source":"7dtd","stream_id":"87f4fae0-b0b2-408f-bcab-c03d8733070c","type":"entity_state","version":2,"world_id":"td-0d917a4eff776d999148769266591579674d2c42de6557026893a1902834f11f"}
[19:40:41] [Render thread/INFO]: 7DTD proxy updated: id=1d96b662-c615-4729-a431-d3c5806bac72 sequence=406 x=-45.339886486530304 y=71.0 z=75.1362463696625 yaw=154.42742919921875 pitch=2.875 roll=0.0
[19:40:42] [MC7DTD-entity-test-send/INFO]: Player proxy sent: {"type":"entity_state","version":1,"source":"minecraft","entity_type":"minecraft:player","entity_id":"4cee8e44-c4b9-4af8-ad92-2db1ac35aafd","stream_id":"ff55d991-cd59-45bf-acd4-77ae6eb479dc","world_id":"mc-cf4dce40-2be1-372b-b914-917f5dcc644c","dimension":"minecraft:overworld","sequence":183,"lifecycle":{"event":"update"},"metadata":{},"position":{"x":-47.30000001192093,"y":71.0,"z":72.77925174075624,"space":"minecraft"},"rotation":{"yaw":324.45015716552734,"pitch":37.3499755859375,"roll":0}}
[19:40:42] [MC7DTD-websocket/INFO]: 7DTD entity received: {"authority":"7dtd","dimension":"7dtd:main","entity_id":"1d96b662-c615-4729-a431-d3c5806bac72","entity_type":"7dtd:player","lifecycle":{"event":"update"},"metadata":{},"origin":{"dimension":"7dtd:main","entity_id":"1d96b662-c615-4729-a431-d3c5806bac72","game":"7dtd","world_id":"td-0d917a4eff776d999148769266591579674d2c42de6557026893a1902834f11f"},"position":{"x":-45.339886486530304,"y":71,"z":75.1362463696625,"space":"minecraft"},"rotation":{"pitch":2.875,"roll":0,"yaw":154.42742919921875},"sequence":407,"source":"7dtd","stream_id":"87f4fae0-b0b2-408f-bcab-c03d8733070c","type":"entity_state","version":2,"world_id":"td-0d917a4eff776d999148769266591579674d2c42de6557026893a1902834f11f"}
[19:40:42] [Render thread/INFO]: 7DTD proxy updated: id=1d96b662-c615-4729-a431-d3c5806bac72 sequence=407 x=-45.339886486530304 y=71.0 z=75.1362463696625 yaw=154.42742919921875 pitch=2.875 roll=0.0
[19:40:42] [MC7DTD-websocket/INFO]: 7DTD entity received: {"authority":"7dtd","dimension":"7dtd:main","entity_id":"1d96b662-c615-4729-a431-d3c5806bac72","entity_type":"7dtd:player","lifecycle":{"event":"update"},"metadata":{},"origin":{"dimension":"7dtd:main","entity_id":"1d96b662-c615-4729-a431-d3c5806bac72","game":"7dtd","world_id":"td-0d917a4eff776d999148769266591579674d2c42de6557026893a1902834f11f"},"position":{"x":-45.339886486530304,"y":71,"z":75.1362463696625,"space":"minecraft"},"rotation":{"pitch":2.875,"roll":0,"yaw":154.42742919921875},"sequence":408,"source":"7dtd","stream_id":"87f4fae0-b0b2-408f-bcab-c03d8733070c","type":"entity_state","version":2,"world_id":"td-0d917a4eff776d999148769266591579674d2c42de6557026893a1902834f11f"}
[19:40:42] [Render thread/INFO]: 7DTD proxy updated: id=1d96b662-c615-4729-a431-d3c5806bac72 sequence=408 x=-45.339886486530304 y=71.0 z=75.1362463696625 yaw=154.42742919921875 pitch=2.875 roll=0.0
[19:40:42] [MC7DTD-entity-test-send/INFO]: Player proxy sent: {"type":"entity_state","version":1,"source":"minecraft","entity_type":"minecraft:player","entity_id":"4cee8e44-c4b9-4af8-ad92-2db1ac35aafd","stream_id":"ff55d991-cd59-45bf-acd4-77ae6eb479dc","world_id":"mc-cf4dce40-2be1-372b-b914-917f5dcc644c","dimension":"minecraft:overworld","sequence":184,"lifecycle":{"event":"update"},"metadata":{},"position":{"x":-47.30000001192093,"y":71.0,"z":72.77925174075624,"space":"minecraft"},"rotation":{"yaw":324.45015716552734,"pitch":37.3499755859375,"roll":0}}
[19:40:43] [MC7DTD-entity-test-send/INFO]: Player proxy sent: {"type":"entity_state","version":1,"source":"minecraft","entity_type":"minecraft:player","entity_id":"4cee8e44-c4b9-4af8-ad92-2db1ac35aafd","stream_id":"ff55d991-cd59-45bf-acd4-77ae6eb479dc","world_id":"mc-cf4dce40-2be1-372b-b914-917f5dcc644c","dimension":"minecraft:overworld","sequence":185,"lifecycle":{"event":"update"},"metadata":{},"position":{"x":-47.30000001192093,"y":71.0,"z":72.77925174075624,"space":"minecraft"},"rotation":{"yaw":324.45015716552734,"pitch":37.3499755859375,"roll":0}}
[19:40:43] [MC7DTD-websocket/INFO]: 7DTD entity received: {"authority":"7dtd","dimension":"7dtd:main","entity_id":"1d96b662-c615-4729-a431-d3c5806bac72","entity_type":"7dtd:player","lifecycle":{"event":"update"},"metadata":{},"origin":{"dimension":"7dtd:main","entity_id":"1d96b662-c615-4729-a431-d3c5806bac72","game":"7dtd","world_id":"td-0d917a4eff776d999148769266591579674d2c42de6557026893a1902834f11f"},"position":{"x":-45.339886486530304,"y":71,"z":75.1362463696625,"space":"minecraft"},"rotation":{"pitch":2.875,"roll":0,"yaw":154.42742919921875},"sequence":409,"source":"7dtd","stream_id":"87f4fae0-b0b2-408f-bcab-c03d8733070c","type":"entity_state","version":2,"world_id":"td-0d917a4eff776d999148769266591579674d2c42de6557026893a1902834f11f"}
[19:40:43] [Render thread/INFO]: 7DTD proxy updated: id=1d96b662-c615-4729-a431-d3c5806bac72 sequence=409 x=-45.339886486530304 y=71.0 z=75.1362463696625 yaw=154.42742919921875 pitch=2.875 roll=0.0
[19:40:43] [MC7DTD-entity-test-send/INFO]: Player proxy sent: {"type":"entity_state","version":1,"source":"minecraft","entity_type":"minecraft:player","entity_id":"4cee8e44-c4b9-4af8-ad92-2db1ac35aafd","stream_id":"ff55d991-cd59-45bf-acd4-77ae6eb479dc","world_id":"mc-cf4dce40-2be1-372b-b914-917f5dcc644c","dimension":"minecraft:overworld","sequence":186,"lifecycle":{"event":"update"},"metadata":{},"position":{"x":-47.30000001192093,"y":71.0,"z":72.77925174075624,"space":"minecraft"},"rotation":{"yaw":324.45015716552734,"pitch":37.3499755859375,"roll":0}}
[19:40:43] [MC7DTD-websocket/INFO]: 7DTD entity received: {"authority":"7dtd","dimension":"7dtd:main","entity_id":"1d96b662-c615-4729-a431-d3c5806bac72","entity_type":"7dtd:player","lifecycle":{"event":"update"},"metadata":{},"origin":{"dimension":"7dtd:main","entity_id":"1d96b662-c615-4729-a431-d3c5806bac72","game":"7dtd","world_id":"td-0d917a4eff776d999148769266591579674d2c42de6557026893a1902834f11f"},"position":{"x":-45.339886486530304,"y":71,"z":75.1362463696625,"space":"minecraft"},"rotation":{"pitch":2.875,"roll":0,"yaw":154.42742919921875},"sequence":410,"source":"7dtd","stream_id":"87f4fae0-b0b2-408f-bcab-c03d8733070c","type":"entity_state","version":2,"world_id":"td-0d917a4eff776d999148769266591579674d2c42de6557026893a1902834f11f"}
[19:40:43] [Render thread/INFO]: 7DTD proxy updated: id=1d96b662-c615-4729-a431-d3c5806bac72 sequence=410 x=-45.339886486530304 y=71.0 z=75.1362463696625 yaw=154.42742919921875 pitch=2.875 roll=0.0
[19:40:44] [MC7DTD-websocket/INFO]: 7DTD entity received: {"authority":"7dtd","dimension":"7dtd:main","entity_id":"1d96b662-c615-4729-a431-d3c5806bac72","entity_type":"7dtd:player","lifecycle":{"event":"update"},"metadata":{},"origin":{"dimension":"7dtd:main","entity_id":"1d96b662-c615-4729-a431-d3c5806bac72","game":"7dtd","world_id":"td-0d917a4eff776d999148769266591579674d2c42de6557026893a1902834f11f"},"position":{"x":-45.339886486530304,"y":71,"z":75.1362463696625,"space":"minecraft"},"rotation":{"pitch":2.875,"roll":0,"yaw":154.42742919921875},"sequence":411,"source":"7dtd","stream_id":"87f4fae0-b0b2-408f-bcab-c03d8733070c","type":"entity_state","version":2,"world_id":"td-0d917a4eff776d999148769266591579674d2c42de6557026893a1902834f11f"}
[19:40:44] [Render thread/INFO]: 7DTD proxy updated: id=1d96b662-c615-4729-a431-d3c5806bac72 sequence=411 x=-45.339886486530304 y=71.0 z=75.1362463696625 yaw=154.42742919921875 pitch=2.875 roll=0.0
[19:40:44] [MC7DTD-entity-test-send/INFO]: Player proxy sent: {"type":"entity_state","version":1,"source":"minecraft","entity_type":"minecraft:player","entity_id":"4cee8e44-c4b9-4af8-ad92-2db1ac35aafd","stream_id":"ff55d991-cd59-45bf-acd4-77ae6eb479dc","world_id":"mc-cf4dce40-2be1-372b-b914-917f5dcc644c","dimension":"minecraft:overworld","sequence":187,"lifecycle":{"event":"update"},"metadata":{},"position":{"x":-47.30000001192093,"y":71.0,"z":72.77925174075624,"space":"minecraft"},"rotation":{"yaw":324.45015716552734,"pitch":37.3499755859375,"roll":0}}
[19:40:44] [MC7DTD-websocket/INFO]: 7DTD entity received: {"authority":"7dtd","dimension":"7dtd:main","entity_id":"1d96b662-c615-4729-a431-d3c5806bac72","entity_type":"7dtd:player","lifecycle":{"event":"update"},"metadata":{},"origin":{"dimension":"7dtd:main","entity_id":"1d96b662-c615-4729-a431-d3c5806bac72","game":"7dtd","world_id":"td-0d917a4eff776d999148769266591579674d2c42de6557026893a1902834f11f"},"position":{"x":-45.339886486530304,"y":71,"z":75.1362463696625,"space":"minecraft"},"rotation":{"pitch":2.875,"roll":0,"yaw":154.42742919921875},"sequence":412,"source":"7dtd","stream_id":"87f4fae0-b0b2-408f-bcab-c03d8733070c","type":"entity_state","version":2,"world_id":"td-0d917a4eff776d999148769266591579674d2c42de6557026893a1902834f11f"}
[19:40:44] [Render thread/INFO]: 7DTD proxy updated: id=1d96b662-c615-4729-a431-d3c5806bac72 sequence=412 x=-45.339886486530304 y=71.0 z=75.1362463696625 yaw=154.42742919921875 pitch=2.875 roll=0.0
[19:40:44] [MC7DTD-entity-test-send/INFO]: Player proxy sent: {"type":"entity_state","version":1,"source":"minecraft","entity_type":"minecraft:player","entity_id":"4cee8e44-c4b9-4af8-ad92-2db1ac35aafd","stream_id":"ff55d991-cd59-45bf-acd4-77ae6eb479dc","world_id":"mc-cf4dce40-2be1-372b-b914-917f5dcc644c","dimension":"minecraft:overworld","sequence":188,"lifecycle":{"event":"update"},"metadata":{},"position":{"x":-47.30000001192093,"y":71.0,"z":72.77925174075624,"space":"minecraft"},"rotation":{"yaw":324.45015716552734,"pitch":37.3499755859375,"roll":0}}
[19:40:45] [MC7DTD-websocket/INFO]: 7DTD entity received: {"authority":"7dtd","dimension":"7dtd:main","entity_id":"1d96b662-c615-4729-a431-d3c5806bac72","entity_type":"7dtd:player","lifecycle":{"event":"update"},"metadata":{},"origin":{"dimension":"7dtd:main","entity_id":"1d96b662-c615-4729-a431-d3c5806bac72","game":"7dtd","world_id":"td-0d917a4eff776d999148769266591579674d2c42de6557026893a1902834f11f"},"position":{"x":-45.339886486530304,"y":71,"z":75.1362463696625,"space":"minecraft"},"rotation":{"pitch":2.875,"roll":0,"yaw":154.42742919921875},"sequence":413,"source":"7dtd","stream_id":"87f4fae0-b0b2-408f-bcab-c03d8733070c","type":"entity_state","version":2,"world_id":"td-0d917a4eff776d999148769266591579674d2c42de6557026893a1902834f11f"}
[19:40:45] [Render thread/INFO]: 7DTD proxy updated: id=1d96b662-c615-4729-a431-d3c5806bac72 sequence=413 x=-45.339886486530304 y=71.0 z=75.1362463696625 yaw=154.42742919921875 pitch=2.875 roll=0.0
[19:40:45] [MC7DTD-entity-test-send/INFO]: Player proxy sent: {"type":"entity_state","version":1,"source":"minecraft","entity_type":"minecraft:player","entity_id":"4cee8e44-c4b9-4af8-ad92-2db1ac35aafd","stream_id":"ff55d991-cd59-45bf-acd4-77ae6eb479dc","world_id":"mc-cf4dce40-2be1-372b-b914-917f5dcc644c","dimension":"minecraft:overworld","sequence":189,"lifecycle":{"event":"update"},"metadata":{},"position":{"x":-47.30000001192093,"y":71.0,"z":72.77925174075624,"space":"minecraft"},"rotation":{"yaw":324.45015716552734,"pitch":37.3499755859375,"roll":0}}
[19:40:45] [MC7DTD-websocket/INFO]: 7DTD entity received: {"authority":"7dtd","dimension":"7dtd:main","entity_id":"1d96b662-c615-4729-a431-d3c5806bac72","entity_type":"7dtd:player","lifecycle":{"event":"update"},"metadata":{},"origin":{"dimension":"7dtd:main","entity_id":"1d96b662-c615-4729-a431-d3c5806bac72","game":"7dtd","world_id":"td-0d917a4eff776d999148769266591579674d2c42de6557026893a1902834f11f"},"position":{"x":-45.339886486530304,"y":71,"z":75.1362463696625,"space":"minecraft"},"rotation":{"pitch":2.875,"roll":0,"yaw":154.42742919921875},"sequence":414,"source":"7dtd","stream_id":"87f4fae0-b0b2-408f-bcab-c03d8733070c","type":"entity_state","version":2,"world_id":"td-0d917a4eff776d999148769266591579674d2c42de6557026893a1902834f11f"}
[19:40:45] [Render thread/INFO]: 7DTD proxy updated: id=1d96b662-c615-4729-a431-d3c5806bac72 sequence=414 x=-45.339886486530304 y=71.0 z=75.1362463696625 yaw=154.42742919921875 pitch=2.875 roll=0.0
[19:40:45] [MC7DTD-entity-test-send/INFO]: Player proxy sent: {"type":"entity_state","version":1,"source":"minecraft","entity_type":"minecraft:player","entity_id":"4cee8e44-c4b9-4af8-ad92-2db1ac35aafd","stream_id":"ff55d991-cd59-45bf-acd4-77ae6eb479dc","world_id":"mc-cf4dce40-2be1-372b-b914-917f5dcc644c","dimension":"minecraft:overworld","sequence":190,"lifecycle":{"event":"update"},"metadata":{},"position":{"x":-47.30000001192093,"y":71.0,"z":72.77925174075624,"space":"minecraft"},"rotation":{"yaw":324.45015716552734,"pitch":37.3499755859375,"roll":0}}
[19:40:46] [MC7DTD-websocket/INFO]: 7DTD entity received: {"authority":"7dtd","dimension":"7dtd:main","entity_id":"1d96b662-c615-4729-a431-d3c5806bac72","entity_type":"7dtd:player","lifecycle":{"event":"update"},"metadata":{},"origin":{"dimension":"7dtd:main","entity_id":"1d96b662-c615-4729-a431-d3c5806bac72","game":"7dtd","world_id":"td-0d917a4eff776d999148769266591579674d2c42de6557026893a1902834f11f"},"position":{"x":-45.339886486530304,"y":71,"z":75.1362463696625,"space":"minecraft"},"rotation":{"pitch":2.875,"roll":0,"yaw":154.42742919921875},"sequence":415,"source":"7dtd","stream_id":"87f4fae0-b0b2-408f-bcab-c03d8733070c","type":"entity_state","version":2,"world_id":"td-0d917a4eff776d999148769266591579674d2c42de6557026893a1902834f11f"}
[19:40:46] [Render thread/INFO]: 7DTD proxy updated: id=1d96b662-c615-4729-a431-d3c5806bac72 sequence=415 x=-45.339886486530304 y=71.0 z=75.1362463696625 yaw=154.42742919921875 pitch=2.875 roll=0.0
[19:40:46] [MC7DTD-entity-test-send/INFO]: Player proxy sent: {"type":"entity_state","version":1,"source":"minecraft","entity_type":"minecraft:player","entity_id":"4cee8e44-c4b9-4af8-ad92-2db1ac35aafd","stream_id":"ff55d991-cd59-45bf-acd4-77ae6eb479dc","world_id":"mc-cf4dce40-2be1-372b-b914-917f5dcc644c","dimension":"minecraft:overworld","sequence":191,"lifecycle":{"event":"update"},"metadata":{},"position":{"x":-47.30000001192093,"y":71.0,"z":72.77925174075624,"space":"minecraft"},"rotation":{"yaw":324.45015716552734,"pitch":37.3499755859375,"roll":0}}
[19:40:46] [MC7DTD-websocket/INFO]: 7DTD entity received: {"authority":"7dtd","dimension":"7dtd:main","entity_id":"1d96b662-c615-4729-a431-d3c5806bac72","entity_type":"7dtd:player","lifecycle":{"event":"update"},"metadata":{},"origin":{"dimension":"7dtd:main","entity_id":"1d96b662-c615-4729-a431-d3c5806bac72","game":"7dtd","world_id":"td-0d917a4eff776d999148769266591579674d2c42de6557026893a1902834f11f"},"position":{"x":-45.339886486530304,"y":71,"z":75.1362463696625,"space":"minecraft"},"rotation":{"pitch":2.875,"roll":0,"yaw":154.42742919921875},"sequence":416,"source":"7dtd","stream_id":"87f4fae0-b0b2-408f-bcab-c03d8733070c","type":"entity_state","version":2,"world_id":"td-0d917a4eff776d999148769266591579674d2c42de6557026893a1902834f11f"}
[19:40:46] [Render thread/INFO]: 7DTD proxy updated: id=1d96b662-c615-4729-a431-d3c5806bac72 sequence=416 x=-45.339886486530304 y=71.0 z=75.1362463696625 yaw=154.42742919921875 pitch=2.875 roll=0.0
[19:40:46] [MC7DTD-entity-test-send/INFO]: Player proxy sent: {"type":"entity_state","version":1,"source":"minecraft","entity_type":"minecraft:player","entity_id":"4cee8e44-c4b9-4af8-ad92-2db1ac35aafd","stream_id":"ff55d991-cd59-45bf-acd4-77ae6eb479dc","world_id":"mc-cf4dce40-2be1-372b-b914-917f5dcc644c","dimension":"minecraft:overworld","sequence":192,"lifecycle":{"event":"update"},"metadata":{},"position":{"x":-47.30000001192093,"y":71.0,"z":72.77925174075624,"space":"minecraft"},"rotation":{"yaw":324.45015716552734,"pitch":37.3499755859375,"roll":0}}
[19:40:46] [Server thread/INFO]: Saving and pausing game...
[19:40:46] [Server thread/INFO]: Saving chunks for level 'ServerLevel[Demo World]'/minecraft:overworld
[19:40:46] [Server thread/INFO]: Saving chunks for level 'ServerLevel[Demo World]'/minecraft:the_end
[19:40:46] [Server thread/INFO]: Saving chunks for level 'ServerLevel[Demo World]'/minecraft:the_nether
[19:40:47] [MC7DTD-websocket/INFO]: 7DTD entity received: {"authority":"7dtd","dimension":"7dtd:main","entity_id":"1d96b662-c615-4729-a431-d3c5806bac72","entity_type":"7dtd:player","lifecycle":{"event":"update"},"metadata":{},"origin":{"dimension":"7dtd:main","entity_id":"1d96b662-c615-4729-a431-d3c5806bac72","game":"7dtd","world_id":"td-0d917a4eff776d999148769266591579674d2c42de6557026893a1902834f11f"},"position":{"x":-45.339886486530304,"y":71,"z":75.1362463696625,"space":"minecraft"},"rotation":{"pitch":2.875,"roll":0,"yaw":154.42742919921875},"sequence":417,"source":"7dtd","stream_id":"87f4fae0-b0b2-408f-bcab-c03d8733070c","type":"entity_state","version":2,"world_id":"td-0d917a4eff776d999148769266591579674d2c42de6557026893a1902834f11f"}
[19:40:47] [Render thread/INFO]: 7DTD proxy updated: id=1d96b662-c615-4729-a431-d3c5806bac72 sequence=417 x=-45.339886486530304 y=71.0 z=75.1362463696625 yaw=154.42742919921875 pitch=2.875 roll=0.0
[19:40:47] [MC7DTD-websocket/INFO]: 7DTD entity received: {"authority":"7dtd","dimension":"7dtd:main","entity_id":"1d96b662-c615-4729-a431-d3c5806bac72","entity_type":"7dtd:player","lifecycle":{"event":"update"},"metadata":{},"origin":{"dimension":"7dtd:main","entity_id":"1d96b662-c615-4729-a431-d3c5806bac72","game":"7dtd","world_id":"td-0d917a4eff776d999148769266591579674d2c42de6557026893a1902834f11f"},"position":{"x":-45.339886486530304,"y":71,"z":75.1362463696625,"space":"minecraft"},"rotation":{"pitch":2.875,"roll":0,"yaw":154.42742919921875},"sequence":418,"source":"7dtd","stream_id":"87f4fae0-b0b2-408f-bcab-c03d8733070c","type":"entity_state","version":2,"world_id":"td-0d917a4eff776d999148769266591579674d2c42de6557026893a1902834f11f"}
[19:40:47] [Render thread/INFO]: 7DTD proxy updated: id=1d96b662-c615-4729-a431-d3c5806bac72 sequence=418 x=-45.339886486530304 y=71.0 z=75.1362463696625 yaw=154.42742919921875 pitch=2.875 roll=0.0
[19:40:48] [MC7DTD-websocket/INFO]: 7DTD entity received: {"authority":"7dtd","dimension":"7dtd:main","entity_id":"1d96b662-c615-4729-a431-d3c5806bac72","entity_type":"7dtd:player","lifecycle":{"event":"update"},"metadata":{},"origin":{"dimension":"7dtd:main","entity_id":"1d96b662-c615-4729-a431-d3c5806bac72","game":"7dtd","world_id":"td-0d917a4eff776d999148769266591579674d2c42de6557026893a1902834f11f"},"position":{"x":-45.339886486530304,"y":71,"z":75.1362463696625,"space":"minecraft"},"rotation":{"pitch":2.875,"roll":0,"yaw":154.42742919921875},"sequence":419,"source":"7dtd","stream_id":"87f4fae0-b0b2-408f-bcab-c03d8733070c","type":"entity_state","version":2,"world_id":"td-0d917a4eff776d999148769266591579674d2c42de6557026893a1902834f11f"}
[19:40:48] [Render thread/INFO]: 7DTD proxy updated: id=1d96b662-c615-4729-a431-d3c5806bac72 sequence=419 x=-45.339886486530304 y=71.0 z=75.1362463696625 yaw=154.42742919921875 pitch=2.875 roll=0.0
[19:40:48] [MC7DTD-websocket/INFO]: 7DTD entity received: {"authority":"7dtd","dimension":"7dtd:main","entity_id":"1d96b662-c615-4729-a431-d3c5806bac72","entity_type":"7dtd:player","lifecycle":{"event":"update"},"metadata":{},"origin":{"dimension":"7dtd:main","entity_id":"1d96b662-c615-4729-a431-d3c5806bac72","game":"7dtd","world_id":"td-0d917a4eff776d999148769266591579674d2c42de6557026893a1902834f11f"},"position":{"x":-45.339886486530304,"y":71,"z":75.1362463696625,"space":"minecraft"},"rotation":{"pitch":2.875,"roll":0,"yaw":154.42742919921875},"sequence":420,"source":"7dtd","stream_id":"87f4fae0-b0b2-408f-bcab-c03d8733070c","type":"entity_state","version":2,"world_id":"td-0d917a4eff776d999148769266591579674d2c42de6557026893a1902834f11f"}
[19:40:48] [Render thread/INFO]: 7DTD proxy updated: id=1d96b662-c615-4729-a431-d3c5806bac72 sequence=420 x=-45.339886486530304 y=71.0 z=75.1362463696625 yaw=154.42742919921875 pitch=2.875 roll=0.0
[19:40:49] [MC7DTD-websocket/INFO]: 7DTD entity received: {"authority":"7dtd","dimension":"7dtd:main","entity_id":"1d96b662-c615-4729-a431-d3c5806bac72","entity_type":"7dtd:player","lifecycle":{"event":"update"},"metadata":{},"origin":{"dimension":"7dtd:main","entity_id":"1d96b662-c615-4729-a431-d3c5806bac72","game":"7dtd","world_id":"td-0d917a4eff776d999148769266591579674d2c42de6557026893a1902834f11f"},"position":{"x":-45.339886486530304,"y":71,"z":75.1362463696625,"space":"minecraft"},"rotation":{"pitch":2.875,"roll":0,"yaw":154.42742919921875},"sequence":421,"source":"7dtd","stream_id":"87f4fae0-b0b2-408f-bcab-c03d8733070c","type":"entity_state","version":2,"world_id":"td-0d917a4eff776d999148769266591579674d2c42de6557026893a1902834f11f"}
[19:40:49] [Render thread/INFO]: 7DTD proxy updated: id=1d96b662-c615-4729-a431-d3c5806bac72 sequence=421 x=-45.339886486530304 y=71.0 z=75.1362463696625 yaw=154.42742919921875 pitch=2.875 roll=0.0
[19:40:49] [MC7DTD-websocket/INFO]: 7DTD entity received: {"authority":"7dtd","dimension":"7dtd:main","entity_id":"1d96b662-c615-4729-a431-d3c5806bac72","entity_type":"7dtd:player","lifecycle":{"event":"update"},"metadata":{},"origin":{"dimension":"7dtd:main","entity_id":"1d96b662-c615-4729-a431-d3c5806bac72","game":"7dtd","world_id":"td-0d917a4eff776d999148769266591579674d2c42de6557026893a1902834f11f"},"position":{"x":-45.339886486530304,"y":71,"z":75.1362463696625,"space":"minecraft"},"rotation":{"pitch":2.875,"roll":0,"yaw":154.42742919921875},"sequence":422,"source":"7dtd","stream_id":"87f4fae0-b0b2-408f-bcab-c03d8733070c","type":"entity_state","version":2,"world_id":"td-0d917a4eff776d999148769266591579674d2c42de6557026893a1902834f11f"}
[19:40:49] [Render thread/INFO]: 7DTD proxy updated: id=1d96b662-c615-4729-a431-d3c5806bac72 sequence=422 x=-45.339886486530304 y=71.0 z=75.1362463696625 yaw=154.42742919921875 pitch=2.875 roll=0.0
[19:40:50] [MC7DTD-websocket/INFO]: 7DTD entity received: {"authority":"7dtd","dimension":"7dtd:main","entity_id":"1d96b662-c615-4729-a431-d3c5806bac72","entity_type":"7dtd:player","lifecycle":{"event":"update"},"metadata":{},"origin":{"dimension":"7dtd:main","entity_id":"1d96b662-c615-4729-a431-d3c5806bac72","game":"7dtd","world_id":"td-0d917a4eff776d999148769266591579674d2c42de6557026893a1902834f11f"},"position":{"x":-45.339886486530304,"y":71,"z":75.1362463696625,"space":"minecraft"},"rotation":{"pitch":2.875,"roll":0,"yaw":154.42742919921875},"sequence":423,"source":"7dtd","stream_id":"87f4fae0-b0b2-408f-bcab-c03d8733070c","type":"entity_state","version":2,"world_id":"td-0d917a4eff776d999148769266591579674d2c42de6557026893a1902834f11f"}
[19:40:50] [Render thread/INFO]: 7DTD proxy updated: id=1d96b662-c615-4729-a431-d3c5806bac72 sequence=423 x=-45.339886486530304 y=71.0 z=75.1362463696625 yaw=154.42742919921875 pitch=2.875 roll=0.0
[19:40:50] [MC7DTD-websocket/INFO]: 7DTD entity received: {"authority":"7dtd","dimension":"7dtd:main","entity_id":"1d96b662-c615-4729-a431-d3c5806bac72","entity_type":"7dtd:player","lifecycle":{"event":"update"},"metadata":{},"origin":{"dimension":"7dtd:main","entity_id":"1d96b662-c615-4729-a431-d3c5806bac72","game":"7dtd","world_id":"td-0d917a4eff776d999148769266591579674d2c42de6557026893a1902834f11f"},"position":{"x":-45.339886486530304,"y":71,"z":75.1362463696625,"space":"minecraft"},"rotation":{"pitch":2.875,"roll":0,"yaw":154.42742919921875},"sequence":424,"source":"7dtd","stream_id":"87f4fae0-b0b2-408f-bcab-c03d8733070c","type":"entity_state","version":2,"world_id":"td-0d917a4eff776d999148769266591579674d2c42de6557026893a1902834f11f"}
[19:40:50] [Render thread/INFO]: 7DTD proxy updated: id=1d96b662-c615-4729-a431-d3c5806bac72 sequence=424 x=-45.339886486530304 y=71.0 z=75.1362463696625 yaw=154.42742919921875 pitch=2.875 roll=0.0
[19:40:51] [MC7DTD-websocket/INFO]: 7DTD entity received: {"authority":"7dtd","dimension":"7dtd:main","entity_id":"1d96b662-c615-4729-a431-d3c5806bac72","entity_type":"7dtd:player","lifecycle":{"event":"update"},"metadata":{},"origin":{"dimension":"7dtd:main","entity_id":"1d96b662-c615-4729-a431-d3c5806bac72","game":"7dtd","world_id":"td-0d917a4eff776d999148769266591579674d2c42de6557026893a1902834f11f"},"position":{"x":-45.339886486530304,"y":71,"z":75.1362463696625,"space":"minecraft"},"rotation":{"pitch":2.875,"roll":0,"yaw":154.42742919921875},"sequence":425,"source":"7dtd","stream_id":"87f4fae0-b0b2-408f-bcab-c03d8733070c","type":"entity_state","version":2,"world_id":"td-0d917a4eff776d999148769266591579674d2c42de6557026893a1902834f11f"}
[19:40:51] [Render thread/INFO]: 7DTD proxy updated: id=1d96b662-c615-4729-a431-d3c5806bac72 sequence=425 x=-45.339886486530304 y=71.0 z=75.1362463696625 yaw=154.42742919921875 pitch=2.875 roll=0.0
[19:40:51] [MC7DTD-websocket/INFO]: 7DTD entity received: {"authority":"7dtd","dimension":"7dtd:main","entity_id":"1d96b662-c615-4729-a431-d3c5806bac72","entity_type":"7dtd:player","lifecycle":{"event":"update"},"metadata":{},"origin":{"dimension":"7dtd:main","entity_id":"1d96b662-c615-4729-a431-d3c5806bac72","game":"7dtd","world_id":"td-0d917a4eff776d999148769266591579674d2c42de6557026893a1902834f11f"},"position":{"x":-45.339886486530304,"y":71,"z":75.1362463696625,"space":"minecraft"},"rotation":{"pitch":2.875,"roll":0,"yaw":154.42742919921875},"sequence":426,"source":"7dtd","stream_id":"87f4fae0-b0b2-408f-bcab-c03d8733070c","type":"entity_state","version":2,"world_id":"td-0d917a4eff776d999148769266591579674d2c42de6557026893a1902834f11f"}
[19:40:51] [Render thread/INFO]: 7DTD proxy updated: id=1d96b662-c615-4729-a431-d3c5806bac72 sequence=426 x=-45.339886486530304 y=71.0 z=75.1362463696625 yaw=154.42742919921875 pitch=2.875 roll=0.0
[19:40:52] [MC7DTD-websocket/INFO]: 7DTD entity received: {"authority":"7dtd","dimension":"7dtd:main","entity_id":"1d96b662-c615-4729-a431-d3c5806bac72","entity_type":"7dtd:player","lifecycle":{"event":"update"},"metadata":{},"origin":{"dimension":"7dtd:main","entity_id":"1d96b662-c615-4729-a431-d3c5806bac72","game":"7dtd","world_id":"td-0d917a4eff776d999148769266591579674d2c42de6557026893a1902834f11f"},"position":{"x":-45.339886486530304,"y":71,"z":75.1362463696625,"space":"minecraft"},"rotation":{"pitch":2.875,"roll":0,"yaw":154.42742919921875},"sequence":427,"source":"7dtd","stream_id":"87f4fae0-b0b2-408f-bcab-c03d8733070c","type":"entity_state","version":2,"world_id":"td-0d917a4eff776d999148769266591579674d2c42de6557026893a1902834f11f"}
[19:40:52] [Render thread/INFO]: 7DTD proxy updated: id=1d96b662-c615-4729-a431-d3c5806bac72 sequence=427 x=-45.339886486530304 y=71.0 z=75.1362463696625 yaw=154.42742919921875 pitch=2.875 roll=0.0
[19:40:52] [MC7DTD-websocket/INFO]: 7DTD entity received: {"authority":"7dtd","dimension":"7dtd:main","entity_id":"1d96b662-c615-4729-a431-d3c5806bac72","entity_type":"7dtd:player","lifecycle":{"event":"update"},"metadata":{},"origin":{"dimension":"7dtd:main","entity_id":"1d96b662-c615-4729-a431-d3c5806bac72","game":"7dtd","world_id":"td-0d917a4eff776d999148769266591579674d2c42de6557026893a1902834f11f"},"position":{"x":-45.339886486530304,"y":71,"z":75.1362463696625,"space":"minecraft"},"rotation":{"pitch":2.875,"roll":0,"yaw":154.42742919921875},"sequence":428,"source":"7dtd","stream_id":"87f4fae0-b0b2-408f-bcab-c03d8733070c","type":"entity_state","version":2,"world_id":"td-0d917a4eff776d999148769266591579674d2c42de6557026893a1902834f11f"}
[19:40:52] [Render thread/INFO]: 7DTD proxy updated: id=1d96b662-c615-4729-a431-d3c5806bac72 sequence=428 x=-45.339886486530304 y=71.0 z=75.1362463696625 yaw=154.42742919921875 pitch=2.875 roll=0.0
[19:40:53] [MC7DTD-websocket/INFO]: 7DTD entity received: {"authority":"7dtd","dimension":"7dtd:main","entity_id":"1d96b662-c615-4729-a431-d3c5806bac72","entity_type":"7dtd:player","lifecycle":{"event":"update"},"metadata":{},"origin":{"dimension":"7dtd:main","entity_id":"1d96b662-c615-4729-a431-d3c5806bac72","game":"7dtd","world_id":"td-0d917a4eff776d999148769266591579674d2c42de6557026893a1902834f11f"},"position":{"x":-45.339886486530304,"y":71,"z":75.1362463696625,"space":"minecraft"},"rotation":{"pitch":2.875,"roll":0,"yaw":154.42742919921875},"sequence":429,"source":"7dtd","stream_id":"87f4fae0-b0b2-408f-bcab-c03d8733070c","type":"entity_state","version":2,"world_id":"td-0d917a4eff776d999148769266591579674d2c42de6557026893a1902834f11f"}
[19:40:53] [Render thread/INFO]: 7DTD proxy updated: id=1d96b662-c615-4729-a431-d3c5806bac72 sequence=429 x=-45.339886486530304 y=71.0 z=75.1362463696625 yaw=154.42742919921875 pitch=2.875 roll=0.0
[19:40:53] [MC7DTD-websocket/INFO]: 7DTD entity received: {"authority":"7dtd","dimension":"7dtd:main","entity_id":"1d96b662-c615-4729-a431-d3c5806bac72","entity_type":"7dtd:player","lifecycle":{"event":"update"},"metadata":{},"origin":{"dimension":"7dtd:main","entity_id":"1d96b662-c615-4729-a431-d3c5806bac72","game":"7dtd","world_id":"td-0d917a4eff776d999148769266591579674d2c42de6557026893a1902834f11f"},"position":{"x":-45.339886486530304,"y":71,"z":75.1362463696625,"space":"minecraft"},"rotation":{"pitch":2.875,"roll":0,"yaw":154.42742919921875},"sequence":430,"source":"7dtd","stream_id":"87f4fae0-b0b2-408f-bcab-c03d8733070c","type":"entity_state","version":2,"world_id":"td-0d917a4eff776d999148769266591579674d2c42de6557026893a1902834f11f"}
[19:40:53] [Render thread/INFO]: 7DTD proxy updated: id=1d96b662-c615-4729-a431-d3c5806bac72 sequence=430 x=-45.339886486530304 y=71.0 z=75.1362463696625 yaw=154.42742919921875 pitch=2.875 roll=0.0
[19:40:54] [MC7DTD-websocket/INFO]: 7DTD entity received: {"authority":"7dtd","dimension":"7dtd:main","entity_id":"1d96b662-c615-4729-a431-d3c5806bac72","entity_type":"7dtd:player","lifecycle":{"event":"update"},"metadata":{},"origin":{"dimension":"7dtd:main","entity_id":"1d96b662-c615-4729-a431-d3c5806bac72","game":"7dtd","world_id":"td-0d917a4eff776d999148769266591579674d2c42de6557026893a1902834f11f"},"position":{"x":-45.339886486530304,"y":71,"z":75.1362463696625,"space":"minecraft"},"rotation":{"pitch":2.875,"roll":0,"yaw":154.42742919921875},"sequence":431,"source":"7dtd","stream_id":"87f4fae0-b0b2-408f-bcab-c03d8733070c","type":"entity_state","version":2,"world_id":"td-0d917a4eff776d999148769266591579674d2c42de6557026893a1902834f11f"}
[19:40:54] [Render thread/INFO]: 7DTD proxy updated: id=1d96b662-c615-4729-a431-d3c5806bac72 sequence=431 x=-45.339886486530304 y=71.0 z=75.1362463696625 yaw=154.42742919921875 pitch=2.875 roll=0.0
[19:40:54] [MC7DTD-websocket/INFO]: 7DTD entity received: {"authority":"7dtd","dimension":"7dtd:main","entity_id":"1d96b662-c615-4729-a431-d3c5806bac72","entity_type":"7dtd:player","lifecycle":{"event":"update"},"metadata":{},"origin":{"dimension":"7dtd:main","entity_id":"1d96b662-c615-4729-a431-d3c5806bac72","game":"7dtd","world_id":"td-0d917a4eff776d999148769266591579674d2c42de6557026893a1902834f11f"},"position":{"x":-45.339886486530304,"y":71,"z":75.1362463696625,"space":"minecraft"},"rotation":{"pitch":2.875,"roll":0,"yaw":154.42742919921875},"sequence":432,"source":"7dtd","stream_id":"87f4fae0-b0b2-408f-bcab-c03d8733070c","type":"entity_state","version":2,"world_id":"td-0d917a4eff776d999148769266591579674d2c42de6557026893a1902834f11f"}
[19:40:54] [Render thread/INFO]: 7DTD proxy updated: id=1d96b662-c615-4729-a431-d3c5806bac72 sequence=432 x=-45.339886486530304 y=71.0 z=75.1362463696625 yaw=154.42742919921875 pitch=2.875 roll=0.0
[19:40:55] [MC7DTD-websocket/INFO]: 7DTD entity received: {"authority":"7dtd","dimension":"7dtd:main","entity_id":"1d96b662-c615-4729-a431-d3c5806bac72","entity_type":"7dtd:player","lifecycle":{"event":"update"},"metadata":{},"origin":{"dimension":"7dtd:main","entity_id":"1d96b662-c615-4729-a431-d3c5806bac72","game":"7dtd","world_id":"td-0d917a4eff776d999148769266591579674d2c42de6557026893a1902834f11f"},"position":{"x":-45.339886486530304,"y":71,"z":75.1362463696625,"space":"minecraft"},"rotation":{"pitch":2.875,"roll":0,"yaw":154.42742919921875},"sequence":433,"source":"7dtd","stream_id":"87f4fae0-b0b2-408f-bcab-c03d8733070c","type":"entity_state","version":2,"world_id":"td-0d917a4eff776d999148769266591579674d2c42de6557026893a1902834f11f"}
[19:40:55] [Render thread/INFO]: 7DTD proxy updated: id=1d96b662-c615-4729-a431-d3c5806bac72 sequence=433 x=-45.339886486530304 y=71.0 z=75.1362463696625 yaw=154.42742919921875 pitch=2.875 roll=0.0
[19:40:55] [MC7DTD-websocket/INFO]: 7DTD entity received: {"authority":"7dtd","dimension":"7dtd:main","entity_id":"1d96b662-c615-4729-a431-d3c5806bac72","entity_type":"7dtd:player","lifecycle":{"event":"update"},"metadata":{},"origin":{"dimension":"7dtd:main","entity_id":"1d96b662-c615-4729-a431-d3c5806bac72","game":"7dtd","world_id":"td-0d917a4eff776d999148769266591579674d2c42de6557026893a1902834f11f"},"position":{"x":-45.339886486530304,"y":71,"z":75.1362463696625,"space":"minecraft"},"rotation":{"pitch":2.875,"roll":0,"yaw":154.42742919921875},"sequence":434,"source":"7dtd","stream_id":"87f4fae0-b0b2-408f-bcab-c03d8733070c","type":"entity_state","version":2,"world_id":"td-0d917a4eff776d999148769266591579674d2c42de6557026893a1902834f11f"}
[19:40:55] [Render thread/INFO]: 7DTD proxy updated: id=1d96b662-c615-4729-a431-d3c5806bac72 sequence=434 x=-45.339886486530304 y=71.0 z=75.1362463696625 yaw=154.42742919921875 pitch=2.875 roll=0.0
[19:40:56] [MC7DTD-websocket/INFO]: 7DTD entity received: {"authority":"7dtd","dimension":"7dtd:main","entity_id":"1d96b662-c615-4729-a431-d3c5806bac72","entity_type":"7dtd:player","lifecycle":{"event":"update"},"metadata":{},"origin":{"dimension":"7dtd:main","entity_id":"1d96b662-c615-4729-a431-d3c5806bac72","game":"7dtd","world_id":"td-0d917a4eff776d999148769266591579674d2c42de6557026893a1902834f11f"},"position":{"x":-45.339886486530304,"y":71,"z":75.1362463696625,"space":"minecraft"},"rotation":{"pitch":2.875,"roll":0,"yaw":154.42742919921875},"sequence":435,"source":"7dtd","stream_id":"87f4fae0-b0b2-408f-bcab-c03d8733070c","type":"entity_state","version":2,"world_id":"td-0d917a4eff776d999148769266591579674d2c42de6557026893a1902834f11f"}
[19:40:56] [Render thread/INFO]: 7DTD proxy updated: id=1d96b662-c615-4729-a431-d3c5806bac72 sequence=435 x=-45.339886486530304 y=71.0 z=75.1362463696625 yaw=154.42742919921875 pitch=2.875 roll=0.0
[19:40:56] [MC7DTD-websocket/INFO]: 7DTD entity received: {"authority":"7dtd","dimension":"7dtd:main","entity_id":"1d96b662-c615-4729-a431-d3c5806bac72","entity_type":"7dtd:player","lifecycle":{"event":"update"},"metadata":{},"origin":{"dimension":"7dtd:main","entity_id":"1d96b662-c615-4729-a431-d3c5806bac72","game":"7dtd","world_id":"td-0d917a4eff776d999148769266591579674d2c42de6557026893a1902834f11f"},"position":{"x":-45.339886486530304,"y":71,"z":75.1362463696625,"space":"minecraft"},"rotation":{"pitch":2.875,"roll":0,"yaw":154.42742919921875},"sequence":436,"source":"7dtd","stream_id":"87f4fae0-b0b2-408f-bcab-c03d8733070c","type":"entity_state","version":2,"world_id":"td-0d917a4eff776d999148769266591579674d2c42de6557026893a1902834f11f"}
[19:40:56] [Render thread/INFO]: 7DTD proxy updated: id=1d96b662-c615-4729-a431-d3c5806bac72 sequence=436 x=-45.339886486530304 y=71.0 z=75.1362463696625 yaw=154.42742919921875 pitch=2.875 roll=0.0
[19:40:57] [MC7DTD-websocket/INFO]: 7DTD entity received: {"authority":"7dtd","dimension":"7dtd:main","entity_id":"1d96b662-c615-4729-a431-d3c5806bac72","entity_type":"7dtd:player","lifecycle":{"event":"update"},"metadata":{},"origin":{"dimension":"7dtd:main","entity_id":"1d96b662-c615-4729-a431-d3c5806bac72","game":"7dtd","world_id":"td-0d917a4eff776d999148769266591579674d2c42de6557026893a1902834f11f"},"position":{"x":-45.339886486530304,"y":71,"z":75.1362463696625,"space":"minecraft"},"rotation":{"pitch":2.875,"roll":0,"yaw":154.42742919921875},"sequence":437,"source":"7dtd","stream_id":"87f4fae0-b0b2-408f-bcab-c03d8733070c","type":"entity_state","version":2,"world_id":"td-0d917a4eff776d999148769266591579674d2c42de6557026893a1902834f11f"}
[19:40:57] [Render thread/INFO]: 7DTD proxy updated: id=1d96b662-c615-4729-a431-d3c5806bac72 sequence=437 x=-45.339886486530304 y=71.0 z=75.1362463696625 yaw=154.42742919921875 pitch=2.875 roll=0.0
[19:40:57] [MC7DTD-websocket/INFO]: 7DTD entity received: {"authority":"7dtd","dimension":"7dtd:main","entity_id":"1d96b662-c615-4729-a431-d3c5806bac72","entity_type":"7dtd:player","lifecycle":{"event":"update"},"metadata":{},"origin":{"dimension":"7dtd:main","entity_id":"1d96b662-c615-4729-a431-d3c5806bac72","game":"7dtd","world_id":"td-0d917a4eff776d999148769266591579674d2c42de6557026893a1902834f11f"},"position":{"x":-45.339886486530304,"y":71,"z":75.1362463696625,"space":"minecraft"},"rotation":{"pitch":2.875,"roll":0,"yaw":154.42742919921875},"sequence":438,"source":"7dtd","stream_id":"87f4fae0-b0b2-408f-bcab-c03d8733070c","type":"entity_state","version":2,"world_id":"td-0d917a4eff776d999148769266591579674d2c42de6557026893a1902834f11f"}
[19:40:57] [Render thread/INFO]: 7DTD proxy updated: id=1d96b662-c615-4729-a431-d3c5806bac72 sequence=438 x=-45.339886486530304 y=71.0 z=75.1362463696625 yaw=154.42742919921875 pitch=2.875 roll=0.0
[19:40:58] [MC7DTD-websocket/INFO]: 7DTD entity received: {"authority":"7dtd","dimension":"7dtd:main","entity_id":"1d96b662-c615-4729-a431-d3c5806bac72","entity_type":"7dtd:player","lifecycle":{"event":"update"},"metadata":{},"origin":{"dimension":"7dtd:main","entity_id":"1d96b662-c615-4729-a431-d3c5806bac72","game":"7dtd","world_id":"td-0d917a4eff776d999148769266591579674d2c42de6557026893a1902834f11f"},"position":{"x":-45.339886486530304,"y":71,"z":75.1362463696625,"space":"minecraft"},"rotation":{"pitch":2.875,"roll":0,"yaw":154.42742919921875},"sequence":439,"source":"7dtd","stream_id":"87f4fae0-b0b2-408f-bcab-c03d8733070c","type":"entity_state","version":2,"world_id":"td-0d917a4eff776d999148769266591579674d2c42de6557026893a1902834f11f"}
[19:40:58] [Render thread/INFO]: 7DTD proxy updated: id=1d96b662-c615-4729-a431-d3c5806bac72 sequence=439 x=-45.339886486530304 y=71.0 z=75.1362463696625 yaw=154.42742919921875 pitch=2.875 roll=0.0
[19:40:58] [MC7DTD-websocket/INFO]: 7DTD entity received: {"authority":"7dtd","dimension":"7dtd:main","entity_id":"1d96b662-c615-4729-a431-d3c5806bac72","entity_type":"7dtd:player","lifecycle":{"event":"update"},"metadata":{},"origin":{"dimension":"7dtd:main","entity_id":"1d96b662-c615-4729-a431-d3c5806bac72","game":"7dtd","world_id":"td-0d917a4eff776d999148769266591579674d2c42de6557026893a1902834f11f"},"position":{"x":-45.339886486530304,"y":71,"z":75.1362463696625,"space":"minecraft"},"rotation":{"pitch":2.875,"roll":0,"yaw":154.42742919921875},"sequence":440,"source":"7dtd","stream_id":"87f4fae0-b0b2-408f-bcab-c03d8733070c","type":"entity_state","version":2,"world_id":"td-0d917a4eff776d999148769266591579674d2c42de6557026893a1902834f11f"}
[19:40:58] [Render thread/INFO]: 7DTD proxy updated: id=1d96b662-c615-4729-a431-d3c5806bac72 sequence=440 x=-45.339886486530304 y=71.0 z=75.1362463696625 yaw=154.42742919921875 pitch=2.875 roll=0.0
[19:40:59] [MC7DTD-websocket/INFO]: 7DTD entity received: {"authority":"7dtd","dimension":"7dtd:main","entity_id":"1d96b662-c615-4729-a431-d3c5806bac72","entity_type":"7dtd:player","lifecycle":{"event":"update"},"metadata":{},"origin":{"dimension":"7dtd:main","entity_id":"1d96b662-c615-4729-a431-d3c5806bac72","game":"7dtd","world_id":"td-0d917a4eff776d999148769266591579674d2c42de6557026893a1902834f11f"},"position":{"x":-45.339886486530304,"y":71,"z":75.1362463696625,"space":"minecraft"},"rotation":{"pitch":2.875,"roll":0,"yaw":154.42742919921875},"sequence":441,"source":"7dtd","stream_id":"87f4fae0-b0b2-408f-bcab-c03d8733070c","type":"entity_state","version":2,"world_id":"td-0d917a4eff776d999148769266591579674d2c42de6557026893a1902834f11f"}
[19:40:59] [Render thread/INFO]: 7DTD proxy updated: id=1d96b662-c615-4729-a431-d3c5806bac72 sequence=441 x=-45.339886486530304 y=71.0 z=75.1362463696625 yaw=154.42742919921875 pitch=2.875 roll=0.0
[19:40:59] [MC7DTD-websocket/INFO]: 7DTD entity received: {"authority":"7dtd","dimension":"7dtd:main","entity_id":"1d96b662-c615-4729-a431-d3c5806bac72","entity_type":"7dtd:player","lifecycle":{"event":"update"},"metadata":{},"origin":{"dimension":"7dtd:main","entity_id":"1d96b662-c615-4729-a431-d3c5806bac72","game":"7dtd","world_id":"td-0d917a4eff776d999148769266591579674d2c42de6557026893a1902834f11f"},"position":{"x":-45.339886486530304,"y":71,"z":75.1362463696625,"space":"minecraft"},"rotation":{"pitch":2.875,"roll":0,"yaw":154.42742919921875},"sequence":442,"source":"7dtd","stream_id":"87f4fae0-b0b2-408f-bcab-c03d8733070c","type":"entity_state","version":2,"world_id":"td-0d917a4eff776d999148769266591579674d2c42de6557026893a1902834f11f"}
[19:40:59] [Render thread/INFO]: 7DTD proxy updated: id=1d96b662-c615-4729-a431-d3c5806bac72 sequence=442 x=-45.339886486530304 y=71.0 z=75.1362463696625 yaw=154.42742919921875 pitch=2.875 roll=0.0
[19:41:00] [MC7DTD-websocket/INFO]: 7DTD entity received: {"authority":"7dtd","dimension":"7dtd:main","entity_id":"1d96b662-c615-4729-a431-d3c5806bac72","entity_type":"7dtd:player","lifecycle":{"event":"update"},"metadata":{},"origin":{"dimension":"7dtd:main","entity_id":"1d96b662-c615-4729-a431-d3c5806bac72","game":"7dtd","world_id":"td-0d917a4eff776d999148769266591579674d2c42de6557026893a1902834f11f"},"position":{"x":-45.339886486530304,"y":71,"z":75.1362463696625,"space":"minecraft"},"rotation":{"pitch":2.875,"roll":0,"yaw":154.42742919921875},"sequence":443,"source":"7dtd","stream_id":"87f4fae0-b0b2-408f-bcab-c03d8733070c","type":"entity_state","version":2,"world_id":"td-0d917a4eff776d999148769266591579674d2c42de6557026893a1902834f11f"}
[19:41:00] [Render thread/INFO]: 7DTD proxy updated: id=1d96b662-c615-4729-a431-d3c5806bac72 sequence=443 x=-45.339886486530304 y=71.0 z=75.1362463696625 yaw=154.42742919921875 pitch=2.875 roll=0.0
[19:41:00] [MC7DTD-websocket/INFO]: 7DTD entity received: {"authority":"7dtd","dimension":"7dtd:main","entity_id":"1d96b662-c615-4729-a431-d3c5806bac72","entity_type":"7dtd:player","lifecycle":{"event":"update"},"metadata":{},"origin":{"dimension":"7dtd:main","entity_id":"1d96b662-c615-4729-a431-d3c5806bac72","game":"7dtd","world_id":"td-0d917a4eff776d999148769266591579674d2c42de6557026893a1902834f11f"},"position":{"x":-45.339886486530304,"y":71,"z":75.1362463696625,"space":"minecraft"},"rotation":{"pitch":2.875,"roll":0,"yaw":154.42742919921875},"sequence":444,"source":"7dtd","stream_id":"87f4fae0-b0b2-408f-bcab-c03d8733070c","type":"entity_state","version":2,"world_id":"td-0d917a4eff776d999148769266591579674d2c42de6557026893a1902834f11f"}
[19:41:00] [Render thread/INFO]: 7DTD proxy updated: id=1d96b662-c615-4729-a431-d3c5806bac72 sequence=444 x=-45.339886486530304 y=71.0 z=75.1362463696625 yaw=154.42742919921875 pitch=2.875 roll=0.0
[19:41:01] [MC7DTD-websocket/INFO]: 7DTD entity received: {"authority":"7dtd","dimension":"7dtd:main","entity_id":"1d96b662-c615-4729-a431-d3c5806bac72","entity_type":"7dtd:player","lifecycle":{"event":"update"},"metadata":{},"origin":{"dimension":"7dtd:main","entity_id":"1d96b662-c615-4729-a431-d3c5806bac72","game":"7dtd","world_id":"td-0d917a4eff776d999148769266591579674d2c42de6557026893a1902834f11f"},"position":{"x":-45.339886486530304,"y":71,"z":75.1362463696625,"space":"minecraft"},"rotation":{"pitch":2.875,"roll":0,"yaw":154.42742919921875},"sequence":445,"source":"7dtd","stream_id":"87f4fae0-b0b2-408f-bcab-c03d8733070c","type":"entity_state","version":2,"world_id":"td-0d917a4eff776d999148769266591579674d2c42de6557026893a1902834f11f"}
[19:41:01] [Render thread/INFO]: 7DTD proxy updated: id=1d96b662-c615-4729-a431-d3c5806bac72 sequence=445 x=-45.339886486530304 y=71.0 z=75.1362463696625 yaw=154.42742919921875 pitch=2.875 roll=0.0
[19:41:01] [MC7DTD-websocket/INFO]: 7DTD entity received: {"authority":"7dtd","dimension":"7dtd:main","entity_id":"1d96b662-c615-4729-a431-d3c5806bac72","entity_type":"7dtd:player","lifecycle":{"event":"update"},"metadata":{},"origin":{"dimension":"7dtd:main","entity_id":"1d96b662-c615-4729-a431-d3c5806bac72","game":"7dtd","world_id":"td-0d917a4eff776d999148769266591579674d2c42de6557026893a1902834f11f"},"position":{"x":-45.339886486530304,"y":71,"z":75.1362463696625,"space":"minecraft"},"rotation":{"pitch":2.875,"roll":0,"yaw":154.42742919921875},"sequence":446,"source":"7dtd","stream_id":"87f4fae0-b0b2-408f-bcab-c03d8733070c","type":"entity_state","version":2,"world_id":"td-0d917a4eff776d999148769266591579674d2c42de6557026893a1902834f11f"}
[19:41:01] [Render thread/INFO]: 7DTD proxy updated: id=1d96b662-c615-4729-a431-d3c5806bac72 sequence=446 x=-45.339886486530304 y=71.0 z=75.1362463696625 yaw=154.42742919921875 pitch=2.875 roll=0.0
[19:41:02] [MC7DTD-websocket/INFO]: 7DTD entity received: {"authority":"7dtd","dimension":"7dtd:main","entity_id":"1d96b662-c615-4729-a431-d3c5806bac72","entity_type":"7dtd:player","lifecycle":{"event":"update"},"metadata":{},"origin":{"dimension":"7dtd:main","entity_id":"1d96b662-c615-4729-a431-d3c5806bac72","game":"7dtd","world_id":"td-0d917a4eff776d999148769266591579674d2c42de6557026893a1902834f11f"},"position":{"x":-45.339886486530304,"y":71,"z":75.1362463696625,"space":"minecraft"},"rotation":{"pitch":2.875,"roll":0,"yaw":154.42742919921875},"sequence":447,"source":"7dtd","stream_id":"87f4fae0-b0b2-408f-bcab-c03d8733070c","type":"entity_state","version":2,"world_id":"td-0d917a4eff776d999148769266591579674d2c42de6557026893a1902834f11f"}
[19:41:02] [Render thread/INFO]: 7DTD proxy updated: id=1d96b662-c615-4729-a431-d3c5806bac72 sequence=447 x=-45.339886486530304 y=71.0 z=75.1362463696625 yaw=154.42742919921875 pitch=2.875 roll=0.0
[19:41:02] [MC7DTD-websocket/INFO]: 7DTD entity received: {"authority":"7dtd","dimension":"7dtd:main","entity_id":"1d96b662-c615-4729-a431-d3c5806bac72","entity_type":"7dtd:player","lifecycle":{"event":"update"},"metadata":{},"origin":{"dimension":"7dtd:main","entity_id":"1d96b662-c615-4729-a431-d3c5806bac72","game":"7dtd","world_id":"td-0d917a4eff776d999148769266591579674d2c42de6557026893a1902834f11f"},"position":{"x":-45.339886486530304,"y":71,"z":75.1362463696625,"space":"minecraft"},"rotation":{"pitch":2.875,"roll":0,"yaw":154.42742919921875},"sequence":448,"source":"7dtd","stream_id":"87f4fae0-b0b2-408f-bcab-c03d8733070c","type":"entity_state","version":2,"world_id":"td-0d917a4eff776d999148769266591579674d2c42de6557026893a1902834f11f"}
[19:41:02] [Render thread/INFO]: 7DTD proxy updated: id=1d96b662-c615-4729-a431-d3c5806bac72 sequence=448 x=-45.339886486530304 y=71.0 z=75.1362463696625 yaw=154.42742919921875 pitch=2.875 roll=0.0
[19:41:03] [MC7DTD-websocket/INFO]: 7DTD entity received: {"authority":"7dtd","dimension":"7dtd:main","entity_id":"1d96b662-c615-4729-a431-d3c5806bac72","entity_type":"7dtd:player","lifecycle":{"event":"update"},"metadata":{},"origin":{"dimension":"7dtd:main","entity_id":"1d96b662-c615-4729-a431-d3c5806bac72","game":"7dtd","world_id":"td-0d917a4eff776d999148769266591579674d2c42de6557026893a1902834f11f"},"position":{"x":-45.339886486530304,"y":71,"z":75.1362463696625,"space":"minecraft"},"rotation":{"pitch":2.875,"roll":0,"yaw":154.42742919921875},"sequence":449,"source":"7dtd","stream_id":"87f4fae0-b0b2-408f-bcab-c03d8733070c","type":"entity_state","version":2,"world_id":"td-0d917a4eff776d999148769266591579674d2c42de6557026893a1902834f11f"}
[19:41:03] [Render thread/INFO]: 7DTD proxy updated: id=1d96b662-c615-4729-a431-d3c5806bac72 sequence=449 x=-45.339886486530304 y=71.0 z=75.1362463696625 yaw=154.42742919921875 pitch=2.875 roll=0.0
[19:41:03] [MC7DTD-websocket/INFO]: 7DTD entity received: {"authority":"7dtd","dimension":"7dtd:main","entity_id":"1d96b662-c615-4729-a431-d3c5806bac72","entity_type":"7dtd:player","lifecycle":{"event":"update"},"metadata":{},"origin":{"dimension":"7dtd:main","entity_id":"1d96b662-c615-4729-a431-d3c5806bac72","game":"7dtd","world_id":"td-0d917a4eff776d999148769266591579674d2c42de6557026893a1902834f11f"},"position":{"x":-45.339886486530304,"y":71,"z":75.1362463696625,"space":"minecraft"},"rotation":{"pitch":2.875,"roll":0,"yaw":154.42742919921875},"sequence":450,"source":"7dtd","stream_id":"87f4fae0-b0b2-408f-bcab-c03d8733070c","type":"entity_state","version":2,"world_id":"td-0d917a4eff776d999148769266591579674d2c42de6557026893a1902834f11f"}
[19:41:03] [Render thread/INFO]: 7DTD proxy updated: id=1d96b662-c615-4729-a431-d3c5806bac72 sequence=450 x=-45.339886486530304 y=71.0 z=75.1362463696625 yaw=154.42742919921875 pitch=2.875 roll=0.0
[19:41:04] [MC7DTD-websocket/INFO]: 7DTD entity received: {"authority":"7dtd","dimension":"7dtd:main","entity_id":"1d96b662-c615-4729-a431-d3c5806bac72","entity_type":"7dtd:player","lifecycle":{"event":"update"},"metadata":{},"origin":{"dimension":"7dtd:main","entity_id":"1d96b662-c615-4729-a431-d3c5806bac72","game":"7dtd","world_id":"td-0d917a4eff776d999148769266591579674d2c42de6557026893a1902834f11f"},"position":{"x":-45.339886486530304,"y":71,"z":75.1362463696625,"space":"minecraft"},"rotation":{"pitch":2.875,"roll":0,"yaw":154.42742919921875},"sequence":451,"source":"7dtd","stream_id":"87f4fae0-b0b2-408f-bcab-c03d8733070c","type":"entity_state","version":2,"world_id":"td-0d917a4eff776d999148769266591579674d2c42de6557026893a1902834f11f"}
[19:41:04] [Render thread/INFO]: 7DTD proxy updated: id=1d96b662-c615-4729-a431-d3c5806bac72 sequence=451 x=-45.339886486530304 y=71.0 z=75.1362463696625 yaw=154.42742919921875 pitch=2.875 roll=0.0
[19:41:04] [MC7DTD-websocket/INFO]: 7DTD entity received: {"authority":"7dtd","dimension":"7dtd:main","entity_id":"1d96b662-c615-4729-a431-d3c5806bac72","entity_type":"7dtd:player","lifecycle":{"event":"update"},"metadata":{},"origin":{"dimension":"7dtd:main","entity_id":"1d96b662-c615-4729-a431-d3c5806bac72","game":"7dtd","world_id":"td-0d917a4eff776d999148769266591579674d2c42de6557026893a1902834f11f"},"position":{"x":-45.339886486530304,"y":71,"z":75.1362463696625,"space":"minecraft"},"rotation":{"pitch":2.875,"roll":0,"yaw":154.42742919921875},"sequence":452,"source":"7dtd","stream_id":"87f4fae0-b0b2-408f-bcab-c03d8733070c","type":"entity_state","version":2,"world_id":"td-0d917a4eff776d999148769266591579674d2c42de6557026893a1902834f11f"}
[19:41:04] [Render thread/INFO]: 7DTD proxy updated: id=1d96b662-c615-4729-a431-d3c5806bac72 sequence=452 x=-45.339886486530304 y=71.0 z=75.1362463696625 yaw=154.42742919921875 pitch=2.875 roll=0.0
[19:41:05] [MC7DTD-websocket/INFO]: 7DTD entity received: {"authority":"7dtd","dimension":"7dtd:main","entity_id":"1d96b662-c615-4729-a431-d3c5806bac72","entity_type":"7dtd:player","lifecycle":{"event":"update"},"metadata":{},"origin":{"dimension":"7dtd:main","entity_id":"1d96b662-c615-4729-a431-d3c5806bac72","game":"7dtd","world_id":"td-0d917a4eff776d999148769266591579674d2c42de6557026893a1902834f11f"},"position":{"x":-45.339886486530304,"y":71,"z":75.1362463696625,"space":"minecraft"},"rotation":{"pitch":2.875,"roll":0,"yaw":154.42742919921875},"sequence":453,"source":"7dtd","stream_id":"87f4fae0-b0b2-408f-bcab-c03d8733070c","type":"entity_state","version":2,"world_id":"td-0d917a4eff776d999148769266591579674d2c42de6557026893a1902834f11f"}
[19:41:05] [Render thread/INFO]: 7DTD proxy updated: id=1d96b662-c615-4729-a431-d3c5806bac72 sequence=453 x=-45.339886486530304 y=71.0 z=75.1362463696625 yaw=154.42742919921875 pitch=2.875 roll=0.0
[19:41:05] [MC7DTD-websocket/INFO]: 7DTD entity received: {"authority":"7dtd","dimension":"7dtd:main","entity_id":"1d96b662-c615-4729-a431-d3c5806bac72","entity_type":"7dtd:player","lifecycle":{"event":"update"},"metadata":{},"origin":{"dimension":"7dtd:main","entity_id":"1d96b662-c615-4729-a431-d3c5806bac72","game":"7dtd","world_id":"td-0d917a4eff776d999148769266591579674d2c42de6557026893a1902834f11f"},"position":{"x":-45.339886486530304,"y":71,"z":75.1362463696625,"space":"minecraft"},"rotation":{"pitch":2.875,"roll":0,"yaw":154.42742919921875},"sequence":454,"source":"7dtd","stream_id":"87f4fae0-b0b2-408f-bcab-c03d8733070c","type":"entity_state","version":2,"world_id":"td-0d917a4eff776d999148769266591579674d2c42de6557026893a1902834f11f"}
[19:41:05] [Render thread/INFO]: 7DTD proxy updated: id=1d96b662-c615-4729-a431-d3c5806bac72 sequence=454 x=-45.339886486530304 y=71.0 z=75.1362463696625 yaw=154.42742919921875 pitch=2.875 roll=0.0
[19:41:06] [MC7DTD-websocket/INFO]: 7DTD entity received: {"authority":"7dtd","dimension":"7dtd:main","entity_id":"1d96b662-c615-4729-a431-d3c5806bac72","entity_type":"7dtd:player","lifecycle":{"event":"update"},"metadata":{},"origin":{"dimension":"7dtd:main","entity_id":"1d96b662-c615-4729-a431-d3c5806bac72","game":"7dtd","world_id":"td-0d917a4eff776d999148769266591579674d2c42de6557026893a1902834f11f"},"position":{"x":-45.339886486530304,"y":71,"z":75.1362463696625,"space":"minecraft"},"rotation":{"pitch":2.875,"roll":0,"yaw":154.42742919921875},"sequence":455,"source":"7dtd","stream_id":"87f4fae0-b0b2-408f-bcab-c03d8733070c","type":"entity_state","version":2,"world_id":"td-0d917a4eff776d999148769266591579674d2c42de6557026893a1902834f11f"}
[19:41:06] [Render thread/INFO]: 7DTD proxy updated: id=1d96b662-c615-4729-a431-d3c5806bac72 sequence=455 x=-45.339886486530304 y=71.0 z=75.1362463696625 yaw=154.42742919921875 pitch=2.875 roll=0.0
[19:41:06] [MC7DTD-websocket/INFO]: 7DTD entity received: {"authority":"7dtd","dimension":"7dtd:main","entity_id":"1d96b662-c615-4729-a431-d3c5806bac72","entity_type":"7dtd:player","lifecycle":{"event":"update"},"metadata":{},"origin":{"dimension":"7dtd:main","entity_id":"1d96b662-c615-4729-a431-d3c5806bac72","game":"7dtd","world_id":"td-0d917a4eff776d999148769266591579674d2c42de6557026893a1902834f11f"},"position":{"x":-45.339886486530304,"y":71,"z":75.1362463696625,"space":"minecraft"},"rotation":{"pitch":2.875,"roll":0,"yaw":154.42742919921875},"sequence":456,"source":"7dtd","stream_id":"87f4fae0-b0b2-408f-bcab-c03d8733070c","type":"entity_state","version":2,"world_id":"td-0d917a4eff776d999148769266591579674d2c42de6557026893a1902834f11f"}
[19:41:06] [Render thread/INFO]: 7DTD proxy updated: id=1d96b662-c615-4729-a431-d3c5806bac72 sequence=456 x=-45.339886486530304 y=71.0 z=75.1362463696625 yaw=154.42742919921875 pitch=2.875 roll=0.0
[19:41:07] [MC7DTD-websocket/INFO]: 7DTD entity received: {"authority":"7dtd","dimension":"7dtd:main","entity_id":"1d96b662-c615-4729-a431-d3c5806bac72","entity_type":"7dtd:player","lifecycle":{"event":"update"},"metadata":{},"origin":{"dimension":"7dtd:main","entity_id":"1d96b662-c615-4729-a431-d3c5806bac72","game":"7dtd","world_id":"td-0d917a4eff776d999148769266591579674d2c42de6557026893a1902834f11f"},"position":{"x":-45.339886486530304,"y":71,"z":75.1362463696625,"space":"minecraft"},"rotation":{"pitch":2.875,"roll":0,"yaw":154.42742919921875},"sequence":457,"source":"7dtd","stream_id":"87f4fae0-b0b2-408f-bcab-c03d8733070c","type":"entity_state","version":2,"world_id":"td-0d917a4eff776d999148769266591579674d2c42de6557026893a1902834f11f"}
[19:41:07] [Render thread/INFO]: 7DTD proxy updated: id=1d96b662-c615-4729-a431-d3c5806bac72 sequence=457 x=-45.339886486530304 y=71.0 z=75.1362463696625 yaw=154.42742919921875 pitch=2.875 roll=0.0
[19:41:07] [MC7DTD-websocket/INFO]: 7DTD entity received: {"authority":"7dtd","dimension":"7dtd:main","entity_id":"1d96b662-c615-4729-a431-d3c5806bac72","entity_type":"7dtd:player","lifecycle":{"event":"update"},"metadata":{},"origin":{"dimension":"7dtd:main","entity_id":"1d96b662-c615-4729-a431-d3c5806bac72","game":"7dtd","world_id":"td-0d917a4eff776d999148769266591579674d2c42de6557026893a1902834f11f"},"position":{"x":-45.339886486530304,"y":71,"z":75.1362463696625,"space":"minecraft"},"rotation":{"pitch":2.875,"roll":0,"yaw":154.42742919921875},"sequence":458,"source":"7dtd","stream_id":"87f4fae0-b0b2-408f-bcab-c03d8733070c","type":"entity_state","version":2,"world_id":"td-0d917a4eff776d999148769266591579674d2c42de6557026893a1902834f11f"}
[19:41:07] [Render thread/INFO]: 7DTD proxy updated: id=1d96b662-c615-4729-a431-d3c5806bac72 sequence=458 x=-45.339886486530304 y=71.0 z=75.1362463696625 yaw=154.42742919921875 pitch=2.875 roll=0.0
[19:41:08] [MC7DTD-websocket/INFO]: 7DTD entity received: {"authority":"7dtd","dimension":"7dtd:main","entity_id":"1d96b662-c615-4729-a431-d3c5806bac72","entity_type":"7dtd:player","lifecycle":{"event":"update"},"metadata":{},"origin":{"dimension":"7dtd:main","entity_id":"1d96b662-c615-4729-a431-d3c5806bac72","game":"7dtd","world_id":"td-0d917a4eff776d999148769266591579674d2c42de6557026893a1902834f11f"},"position":{"x":-45.339886486530304,"y":71,"z":75.1362463696625,"space":"minecraft"},"rotation":{"pitch":2.875,"roll":0,"yaw":154.42742919921875},"sequence":459,"source":"7dtd","stream_id":"87f4fae0-b0b2-408f-bcab-c03d8733070c","type":"entity_state","version":2,"world_id":"td-0d917a4eff776d999148769266591579674d2c42de6557026893a1902834f11f"}
[19:41:08] [Render thread/INFO]: 7DTD proxy updated: id=1d96b662-c615-4729-a431-d3c5806bac72 sequence=459 x=-45.339886486530304 y=71.0 z=75.1362463696625 yaw=154.42742919921875 pitch=2.875 roll=0.0
[19:41:08] [MC7DTD-websocket/INFO]: 7DTD entity received: {"authority":"7dtd","dimension":"7dtd:main","entity_id":"1d96b662-c615-4729-a431-d3c5806bac72","entity_type":"7dtd:player","lifecycle":{"event":"despawn","reason":"world_unloaded"},"metadata":{},"origin":{"dimension":"7dtd:main","entity_id":"1d96b662-c615-4729-a431-d3c5806bac72","game":"7dtd","world_id":"td-0d917a4eff776d999148769266591579674d2c42de6557026893a1902834f11f"},"position":null,"rotation":null,"sequence":460,"source":"7dtd","stream_id":"87f4fae0-b0b2-408f-bcab-c03d8733070c","type":"entity_state","version":2,"world_id":"td-0d917a4eff776d999148769266591579674d2c42de6557026893a1902834f11f"}
[19:41:08] [Render thread/INFO]: 7DTD proxy display deleted: body=-1000000 nose=-1000001 removed=true thread=Render thread
[19:41:08] [Render thread/INFO]: 7DTD proxy despawned: id=1d96b662-c615-4729-a431-d3c5806bac72 sequence=460 count=0
[19:41:24] [MC7DTD-entity-test-send/INFO]: Player proxy sent: {"type":"entity_state","version":1,"source":"minecraft","entity_type":"minecraft:player","entity_id":"4cee8e44-c4b9-4af8-ad92-2db1ac35aafd","stream_id":"ff55d991-cd59-45bf-acd4-77ae6eb479dc","world_id":"mc-cf4dce40-2be1-372b-b914-917f5dcc644c","dimension":"minecraft:overworld","sequence":193,"lifecycle":{"event":"update"},"metadata":{},"position":{"x":-47.30000001192093,"y":71.0,"z":72.77925174075624,"space":"minecraft"},"rotation":{"yaw":324.45015716552734,"pitch":37.3499755859375,"roll":0}}
[19:41:25] [MC7DTD-entity-test-send/INFO]: Player proxy sent: {"type":"entity_state","version":1,"source":"minecraft","entity_type":"minecraft:player","entity_id":"4cee8e44-c4b9-4af8-ad92-2db1ac35aafd","stream_id":"ff55d991-cd59-45bf-acd4-77ae6eb479dc","world_id":"mc-cf4dce40-2be1-372b-b914-917f5dcc644c","dimension":"minecraft:overworld","sequence":194,"lifecycle":{"event":"update"},"metadata":{},"position":{"x":-47.30000001192093,"y":71.0,"z":72.77925174075624,"space":"minecraft"},"rotation":{"yaw":324.45015716552734,"pitch":37.3499755859375,"roll":0}}
[19:41:25] [MC7DTD-entity-test-send/INFO]: Player proxy sent: {"type":"entity_state","version":1,"source":"minecraft","entity_type":"minecraft:player","entity_id":"4cee8e44-c4b9-4af8-ad92-2db1ac35aafd","stream_id":"ff55d991-cd59-45bf-acd4-77ae6eb479dc","world_id":"mc-cf4dce40-2be1-372b-b914-917f5dcc644c","dimension":"minecraft:overworld","sequence":195,"lifecycle":{"event":"update"},"metadata":{},"position":{"x":-47.30000001192093,"y":71.0,"z":72.77925174075624,"space":"minecraft"},"rotation":{"yaw":324.45015716552734,"pitch":37.3499755859375,"roll":0}}
[19:41:26] [MC7DTD-entity-test-send/INFO]: Player proxy sent: {"type":"entity_state","version":1,"source":"minecraft","entity_type":"minecraft:player","entity_id":"4cee8e44-c4b9-4af8-ad92-2db1ac35aafd","stream_id":"ff55d991-cd59-45bf-acd4-77ae6eb479dc","world_id":"mc-cf4dce40-2be1-372b-b914-917f5dcc644c","dimension":"minecraft:overworld","sequence":196,"lifecycle":{"event":"update"},"metadata":{},"position":{"x":-47.30000001192093,"y":71.0,"z":72.77925174075624,"space":"minecraft"},"rotation":{"yaw":324.45015716552734,"pitch":37.3499755859375,"roll":0}}
[19:41:26] [MC7DTD-entity-test-send/INFO]: Player proxy sent: {"type":"entity_state","version":1,"source":"minecraft","entity_type":"minecraft:player","entity_id":"4cee8e44-c4b9-4af8-ad92-2db1ac35aafd","stream_id":"ff55d991-cd59-45bf-acd4-77ae6eb479dc","world_id":"mc-cf4dce40-2be1-372b-b914-917f5dcc644c","dimension":"minecraft:overworld","sequence":197,"lifecycle":{"event":"update"},"metadata":{},"position":{"x":-47.30000001192093,"y":71.0,"z":72.77925174075624,"space":"minecraft"},"rotation":{"yaw":324.45015716552734,"pitch":37.3499755859375,"roll":0}}
[19:41:27] [MC7DTD-entity-test-send/INFO]: Player proxy sent: {"type":"entity_state","version":1,"source":"minecraft","entity_type":"minecraft:player","entity_id":"4cee8e44-c4b9-4af8-ad92-2db1ac35aafd","stream_id":"ff55d991-cd59-45bf-acd4-77ae6eb479dc","world_id":"mc-cf4dce40-2be1-372b-b914-917f5dcc644c","dimension":"minecraft:overworld","sequence":198,"lifecycle":{"event":"update"},"metadata":{},"position":{"x":-47.30000001192093,"y":71.0,"z":72.77925174075624,"space":"minecraft"},"rotation":{"yaw":324.45015716552734,"pitch":37.3499755859375,"roll":0}}
[19:41:27] [MC7DTD-entity-test-send/INFO]: Player proxy sent: {"type":"entity_state","version":1,"source":"minecraft","entity_type":"minecraft:player","entity_id":"4cee8e44-c4b9-4af8-ad92-2db1ac35aafd","stream_id":"ff55d991-cd59-45bf-acd4-77ae6eb479dc","world_id":"mc-cf4dce40-2be1-372b-b914-917f5dcc644c","dimension":"minecraft:overworld","sequence":199,"lifecycle":{"event":"update"},"metadata":{},"position":{"x":-47.30000001192093,"y":71.0,"z":72.77925174075624,"space":"minecraft"},"rotation":{"yaw":324.45015716552734,"pitch":37.3499755859375,"roll":0}}
[19:41:28] [MC7DTD-entity-test-send/INFO]: Player proxy sent: {"type":"entity_state","version":1,"source":"minecraft","entity_type":"minecraft:player","entity_id":"4cee8e44-c4b9-4af8-ad92-2db1ac35aafd","stream_id":"ff55d991-cd59-45bf-acd4-77ae6eb479dc","world_id":"mc-cf4dce40-2be1-372b-b914-917f5dcc644c","dimension":"minecraft:overworld","sequence":200,"lifecycle":{"event":"update"},"metadata":{},"position":{"x":-47.30000001192093,"y":71.0,"z":72.77925174075624,"space":"minecraft"},"rotation":{"yaw":324.45015716552734,"pitch":37.3499755859375,"roll":0}}
[19:41:28] [MC7DTD-entity-test-send/INFO]: Player proxy sent: {"type":"entity_state","version":1,"source":"minecraft","entity_type":"minecraft:player","entity_id":"4cee8e44-c4b9-4af8-ad92-2db1ac35aafd","stream_id":"ff55d991-cd59-45bf-acd4-77ae6eb479dc","world_id":"mc-cf4dce40-2be1-372b-b914-917f5dcc644c","dimension":"minecraft:overworld","sequence":201,"lifecycle":{"event":"update"},"metadata":{},"position":{"x":-47.30000001192093,"y":71.0,"z":72.77925174075624,"space":"minecraft"},"rotation":{"yaw":324.45015716552734,"pitch":37.3499755859375,"roll":0}}
[19:41:29] [MC7DTD-entity-test-send/INFO]: Player proxy sent: {"type":"entity_state","version":1,"source":"minecraft","entity_type":"minecraft:player","entity_id":"4cee8e44-c4b9-4af8-ad92-2db1ac35aafd","stream_id":"ff55d991-cd59-45bf-acd4-77ae6eb479dc","world_id":"mc-cf4dce40-2be1-372b-b914-917f5dcc644c","dimension":"minecraft:overworld","sequence":202,"lifecycle":{"event":"update"},"metadata":{},"position":{"x":-47.30000001192093,"y":71.0,"z":72.77925174075624,"space":"minecraft"},"rotation":{"yaw":324.45015716552734,"pitch":37.3499755859375,"roll":0}}
[19:41:29] [MC7DTD-entity-test-send/INFO]: Player proxy sent: {"type":"entity_state","version":1,"source":"minecraft","entity_type":"minecraft:player","entity_id":"4cee8e44-c4b9-4af8-ad92-2db1ac35aafd","stream_id":"ff55d991-cd59-45bf-acd4-77ae6eb479dc","world_id":"mc-cf4dce40-2be1-372b-b914-917f5dcc644c","dimension":"minecraft:overworld","sequence":203,"lifecycle":{"event":"update"},"metadata":{},"position":{"x":-47.30000001192093,"y":71.0,"z":72.77925174075624,"space":"minecraft"},"rotation":{"yaw":324.45015716552734,"pitch":37.3499755859375,"roll":0}}
[19:41:30] [MC7DTD-entity-test-send/INFO]: Player proxy sent: {"type":"entity_state","version":1,"source":"minecraft","entity_type":"minecraft:player","entity_id":"4cee8e44-c4b9-4af8-ad92-2db1ac35aafd","stream_id":"ff55d991-cd59-45bf-acd4-77ae6eb479dc","world_id":"mc-cf4dce40-2be1-372b-b914-917f5dcc644c","dimension":"minecraft:overworld","sequence":204,"lifecycle":{"event":"update"},"metadata":{},"position":{"x":-47.30000001192093,"y":71.0,"z":72.77925174075624,"space":"minecraft"},"rotation":{"yaw":324.45015716552734,"pitch":37.3499755859375,"roll":0}}
[19:41:30] [MC7DTD-entity-test-send/INFO]: Player proxy sent: {"type":"entity_state","version":1,"source":"minecraft","entity_type":"minecraft:player","entity_id":"4cee8e44-c4b9-4af8-ad92-2db1ac35aafd","stream_id":"ff55d991-cd59-45bf-acd4-77ae6eb479dc","world_id":"mc-cf4dce40-2be1-372b-b914-917f5dcc644c","dimension":"minecraft:overworld","sequence":205,"lifecycle":{"event":"update"},"metadata":{},"position":{"x":-47.30000001192093,"y":71.0,"z":72.77925174075624,"space":"minecraft"},"rotation":{"yaw":324.45015716552734,"pitch":37.3499755859375,"roll":0}}
[19:41:31] [MC7DTD-entity-test-send/INFO]: Player proxy sent: {"type":"entity_state","version":1,"source":"minecraft","entity_type":"minecraft:player","entity_id":"4cee8e44-c4b9-4af8-ad92-2db1ac35aafd","stream_id":"ff55d991-cd59-45bf-acd4-77ae6eb479dc","world_id":"mc-cf4dce40-2be1-372b-b914-917f5dcc644c","dimension":"minecraft:overworld","sequence":206,"lifecycle":{"event":"update"},"metadata":{},"position":{"x":-47.30000001192093,"y":71.0,"z":72.77925174075624,"space":"minecraft"},"rotation":{"yaw":324.45015716552734,"pitch":37.3499755859375,"roll":0}}
[19:41:31] [MC7DTD-entity-test-send/INFO]: Player proxy sent: {"type":"entity_state","version":1,"source":"minecraft","entity_type":"minecraft:player","entity_id":"4cee8e44-c4b9-4af8-ad92-2db1ac35aafd","stream_id":"ff55d991-cd59-45bf-acd4-77ae6eb479dc","world_id":"mc-cf4dce40-2be1-372b-b914-917f5dcc644c","dimension":"minecraft:overworld","sequence":207,"lifecycle":{"event":"update"},"metadata":{},"position":{"x":-47.30000001192093,"y":71.0,"z":72.77925174075624,"space":"minecraft"},"rotation":{"yaw":324.45015716552734,"pitch":37.3499755859375,"roll":0}}
[19:41:32] [MC7DTD-entity-test-send/INFO]: Player proxy sent: {"type":"entity_state","version":1,"source":"minecraft","entity_type":"minecraft:player","entity_id":"4cee8e44-c4b9-4af8-ad92-2db1ac35aafd","stream_id":"ff55d991-cd59-45bf-acd4-77ae6eb479dc","world_id":"mc-cf4dce40-2be1-372b-b914-917f5dcc644c","dimension":"minecraft:overworld","sequence":208,"lifecycle":{"event":"update"},"metadata":{},"position":{"x":-47.30000001192093,"y":71.0,"z":72.77925174075624,"space":"minecraft"},"rotation":{"yaw":324.45015716552734,"pitch":37.3499755859375,"roll":0}}
[19:41:32] [MC7DTD-entity-test-send/INFO]: Player proxy sent: {"type":"entity_state","version":1,"source":"minecraft","entity_type":"minecraft:player","entity_id":"4cee8e44-c4b9-4af8-ad92-2db1ac35aafd","stream_id":"ff55d991-cd59-45bf-acd4-77ae6eb479dc","world_id":"mc-cf4dce40-2be1-372b-b914-917f5dcc644c","dimension":"minecraft:overworld","sequence":209,"lifecycle":{"event":"update"},"metadata":{},"position":{"x":-47.30000001192093,"y":71.0,"z":72.77925174075624,"space":"minecraft"},"rotation":{"yaw":324.45015716552734,"pitch":37.3499755859375,"roll":0}}
[19:41:33] [MC7DTD-entity-test-send/INFO]: Player proxy sent: {"type":"entity_state","version":1,"source":"minecraft","entity_type":"minecraft:player","entity_id":"4cee8e44-c4b9-4af8-ad92-2db1ac35aafd","stream_id":"ff55d991-cd59-45bf-acd4-77ae6eb479dc","world_id":"mc-cf4dce40-2be1-372b-b914-917f5dcc644c","dimension":"minecraft:overworld","sequence":210,"lifecycle":{"event":"update"},"metadata":{},"position":{"x":-47.30000001192093,"y":71.0,"z":72.77925174075624,"space":"minecraft"},"rotation":{"yaw":324.45015716552734,"pitch":37.3499755859375,"roll":0}}
[19:41:33] [MC7DTD-entity-test-send/INFO]: Player proxy sent: {"type":"entity_state","version":1,"source":"minecraft","entity_type":"minecraft:player","entity_id":"4cee8e44-c4b9-4af8-ad92-2db1ac35aafd","stream_id":"ff55d991-cd59-45bf-acd4-77ae6eb479dc","world_id":"mc-cf4dce40-2be1-372b-b914-917f5dcc644c","dimension":"minecraft:overworld","sequence":211,"lifecycle":{"event":"update"},"metadata":{},"position":{"x":-47.30000001192093,"y":71.0,"z":72.77925174075624,"space":"minecraft"},"rotation":{"yaw":324.45015716552734,"pitch":37.3499755859375,"roll":0}}
[19:41:34] [MC7DTD-entity-test-send/INFO]: Player proxy sent: {"type":"entity_state","version":1,"source":"minecraft","entity_type":"minecraft:player","entity_id":"4cee8e44-c4b9-4af8-ad92-2db1ac35aafd","stream_id":"ff55d991-cd59-45bf-acd4-77ae6eb479dc","world_id":"mc-cf4dce40-2be1-372b-b914-917f5dcc644c","dimension":"minecraft:overworld","sequence":212,"lifecycle":{"event":"update"},"metadata":{},"position":{"x":-47.30000001192093,"y":71.0,"z":72.77925174075624,"space":"minecraft"},"rotation":{"yaw":324.45015716552734,"pitch":37.3499755859375,"roll":0}}
[19:41:35] [MC7DTD-entity-test-send/INFO]: Player proxy sent: {"type":"entity_state","version":1,"source":"minecraft","entity_type":"minecraft:player","entity_id":"4cee8e44-c4b9-4af8-ad92-2db1ac35aafd","stream_id":"ff55d991-cd59-45bf-acd4-77ae6eb479dc","world_id":"mc-cf4dce40-2be1-372b-b914-917f5dcc644c","dimension":"minecraft:overworld","sequence":213,"lifecycle":{"event":"update"},"metadata":{},"position":{"x":-47.30000001192093,"y":71.0,"z":72.77925174075624,"space":"minecraft"},"rotation":{"yaw":324.45015716552734,"pitch":37.3499755859375,"roll":0}}
[19:41:35] [MC7DTD-entity-test-send/INFO]: Player proxy sent: {"type":"entity_state","version":1,"source":"minecraft","entity_type":"minecraft:player","entity_id":"4cee8e44-c4b9-4af8-ad92-2db1ac35aafd","stream_id":"ff55d991-cd59-45bf-acd4-77ae6eb479dc","world_id":"mc-cf4dce40-2be1-372b-b914-917f5dcc644c","dimension":"minecraft:overworld","sequence":214,"lifecycle":{"event":"update"},"metadata":{},"position":{"x":-47.30000001192093,"y":71.0,"z":72.77925174075624,"space":"minecraft"},"rotation":{"yaw":324.45015716552734,"pitch":37.3499755859375,"roll":0}}
[19:41:36] [MC7DTD-entity-test-send/INFO]: Player proxy sent: {"type":"entity_state","version":1,"source":"minecraft","entity_type":"minecraft:player","entity_id":"4cee8e44-c4b9-4af8-ad92-2db1ac35aafd","stream_id":"ff55d991-cd59-45bf-acd4-77ae6eb479dc","world_id":"mc-cf4dce40-2be1-372b-b914-917f5dcc644c","dimension":"minecraft:overworld","sequence":215,"lifecycle":{"event":"update"},"metadata":{},"position":{"x":-47.30000001192093,"y":71.0,"z":72.77925174075624,"space":"minecraft"},"rotation":{"yaw":324.45015716552734,"pitch":37.3499755859375,"roll":0}}
[19:41:36] [MC7DTD-entity-test-send/INFO]: Player proxy sent: {"type":"entity_state","version":1,"source":"minecraft","entity_type":"minecraft:player","entity_id":"4cee8e44-c4b9-4af8-ad92-2db1ac35aafd","stream_id":"ff55d991-cd59-45bf-acd4-77ae6eb479dc","world_id":"mc-cf4dce40-2be1-372b-b914-917f5dcc644c","dimension":"minecraft:overworld","sequence":216,"lifecycle":{"event":"update"},"metadata":{},"position":{"x":-47.30000001192093,"y":71.0,"z":72.77925174075624,"space":"minecraft"},"rotation":{"yaw":324.45015716552734,"pitch":37.3499755859375,"roll":0}}
[19:41:37] [MC7DTD-entity-test-send/INFO]: Player proxy sent: {"type":"entity_state","version":1,"source":"minecraft","entity_type":"minecraft:player","entity_id":"4cee8e44-c4b9-4af8-ad92-2db1ac35aafd","stream_id":"ff55d991-cd59-45bf-acd4-77ae6eb479dc","world_id":"mc-cf4dce40-2be1-372b-b914-917f5dcc644c","dimension":"minecraft:overworld","sequence":217,"lifecycle":{"event":"update"},"metadata":{},"position":{"x":-47.30000001192093,"y":71.0,"z":72.77925174075624,"space":"minecraft"},"rotation":{"yaw":324.45015716552734,"pitch":37.3499755859375,"roll":0}}
[19:41:37] [MC7DTD-entity-test-send/INFO]: Player proxy sent: {"type":"entity_state","version":1,"source":"minecraft","entity_type":"minecraft:player","entity_id":"4cee8e44-c4b9-4af8-ad92-2db1ac35aafd","stream_id":"ff55d991-cd59-45bf-acd4-77ae6eb479dc","world_id":"mc-cf4dce40-2be1-372b-b914-917f5dcc644c","dimension":"minecraft:overworld","sequence":218,"lifecycle":{"event":"update"},"metadata":{},"position":{"x":-47.30000001192093,"y":71.0,"z":72.77925174075624,"space":"minecraft"},"rotation":{"yaw":324.45015716552734,"pitch":37.3499755859375,"roll":0}}
[19:41:38] [MC7DTD-entity-test-send/INFO]: Player proxy sent: {"type":"entity_state","version":1,"source":"minecraft","entity_type":"minecraft:player","entity_id":"4cee8e44-c4b9-4af8-ad92-2db1ac35aafd","stream_id":"ff55d991-cd59-45bf-acd4-77ae6eb479dc","world_id":"mc-cf4dce40-2be1-372b-b914-917f5dcc644c","dimension":"minecraft:overworld","sequence":219,"lifecycle":{"event":"update"},"metadata":{},"position":{"x":-47.30000001192093,"y":71.0,"z":72.77925174075624,"space":"minecraft"},"rotation":{"yaw":324.45015716552734,"pitch":37.3499755859375,"roll":0}}
[19:41:38] [MC7DTD-entity-test-send/INFO]: Player proxy sent: {"type":"entity_state","version":1,"source":"minecraft","entity_type":"minecraft:player","entity_id":"4cee8e44-c4b9-4af8-ad92-2db1ac35aafd","stream_id":"ff55d991-cd59-45bf-acd4-77ae6eb479dc","world_id":"mc-cf4dce40-2be1-372b-b914-917f5dcc644c","dimension":"minecraft:overworld","sequence":220,"lifecycle":{"event":"update"},"metadata":{},"position":{"x":-47.30000001192093,"y":71.0,"z":72.77925174075624,"space":"minecraft"},"rotation":{"yaw":324.45015716552734,"pitch":37.3499755859375,"roll":0}}
[19:41:39] [MC7DTD-entity-test-send/INFO]: Player proxy sent: {"type":"entity_state","version":1,"source":"minecraft","entity_type":"minecraft:player","entity_id":"4cee8e44-c4b9-4af8-ad92-2db1ac35aafd","stream_id":"ff55d991-cd59-45bf-acd4-77ae6eb479dc","world_id":"mc-cf4dce40-2be1-372b-b914-917f5dcc644c","dimension":"minecraft:overworld","sequence":221,"lifecycle":{"event":"update"},"metadata":{},"position":{"x":-47.30000001192093,"y":71.0,"z":72.77925174075624,"space":"minecraft"},"rotation":{"yaw":324.45015716552734,"pitch":37.3499755859375,"roll":0}}
[19:41:39] [MC7DTD-entity-test-send/INFO]: Player proxy sent: {"type":"entity_state","version":1,"source":"minecraft","entity_type":"minecraft:player","entity_id":"4cee8e44-c4b9-4af8-ad92-2db1ac35aafd","stream_id":"ff55d991-cd59-45bf-acd4-77ae6eb479dc","world_id":"mc-cf4dce40-2be1-372b-b914-917f5dcc644c","dimension":"minecraft:overworld","sequence":222,"lifecycle":{"event":"update"},"metadata":{},"position":{"x":-47.30000001192093,"y":71.0,"z":72.77925174075624,"space":"minecraft"},"rotation":{"yaw":324.45015716552734,"pitch":37.3499755859375,"roll":0}}
[19:41:40] [MC7DTD-entity-test-send/INFO]: Player proxy sent: {"type":"entity_state","version":1,"source":"minecraft","entity_type":"minecraft:player","entity_id":"4cee8e44-c4b9-4af8-ad92-2db1ac35aafd","stream_id":"ff55d991-cd59-45bf-acd4-77ae6eb479dc","world_id":"mc-cf4dce40-2be1-372b-b914-917f5dcc644c","dimension":"minecraft:overworld","sequence":223,"lifecycle":{"event":"update"},"metadata":{},"position":{"x":-47.30000001192093,"y":71.0,"z":72.77925174075624,"space":"minecraft"},"rotation":{"yaw":324.45015716552734,"pitch":37.3499755859375,"roll":0}}
[19:41:40] [MC7DTD-entity-test-send/INFO]: Player proxy sent: {"type":"entity_state","version":1,"source":"minecraft","entity_type":"minecraft:player","entity_id":"4cee8e44-c4b9-4af8-ad92-2db1ac35aafd","stream_id":"ff55d991-cd59-45bf-acd4-77ae6eb479dc","world_id":"mc-cf4dce40-2be1-372b-b914-917f5dcc644c","dimension":"minecraft:overworld","sequence":224,"lifecycle":{"event":"update"},"metadata":{},"position":{"x":-47.30000001192093,"y":71.0,"z":72.77925174075624,"space":"minecraft"},"rotation":{"yaw":324.45015716552734,"pitch":37.3499755859375,"roll":0}}
[19:41:41] [MC7DTD-entity-test-send/INFO]: Player proxy sent: {"type":"entity_state","version":1,"source":"minecraft","entity_type":"minecraft:player","entity_id":"4cee8e44-c4b9-4af8-ad92-2db1ac35aafd","stream_id":"ff55d991-cd59-45bf-acd4-77ae6eb479dc","world_id":"mc-cf4dce40-2be1-372b-b914-917f5dcc644c","dimension":"minecraft:overworld","sequence":225,"lifecycle":{"event":"update"},"metadata":{},"position":{"x":-47.30000001192093,"y":71.0,"z":72.77925174075624,"space":"minecraft"},"rotation":{"yaw":324.45015716552734,"pitch":37.3499755859375,"roll":0}}
[19:41:41] [MC7DTD-entity-test-send/INFO]: Player proxy sent: {"type":"entity_state","version":1,"source":"minecraft","entity_type":"minecraft:player","entity_id":"4cee8e44-c4b9-4af8-ad92-2db1ac35aafd","stream_id":"ff55d991-cd59-45bf-acd4-77ae6eb479dc","world_id":"mc-cf4dce40-2be1-372b-b914-917f5dcc644c","dimension":"minecraft:overworld","sequence":226,"lifecycle":{"event":"update"},"metadata":{},"position":{"x":-47.30000001192093,"y":71.0,"z":72.77925174075624,"space":"minecraft"},"rotation":{"yaw":324.45015716552734,"pitch":37.3499755859375,"roll":0}}
[19:41:42] [MC7DTD-entity-test-send/INFO]: Player proxy sent: {"type":"entity_state","version":1,"source":"minecraft","entity_type":"minecraft:player","entity_id":"4cee8e44-c4b9-4af8-ad92-2db1ac35aafd","stream_id":"ff55d991-cd59-45bf-acd4-77ae6eb479dc","world_id":"mc-cf4dce40-2be1-372b-b914-917f5dcc644c","dimension":"minecraft:overworld","sequence":227,"lifecycle":{"event":"update"},"metadata":{},"position":{"x":-47.30000001192093,"y":71.0,"z":72.77925174075624,"space":"minecraft"},"rotation":{"yaw":324.45015716552734,"pitch":37.3499755859375,"roll":0}}
[19:41:42] [MC7DTD-entity-test-send/INFO]: Player proxy sent: {"type":"entity_state","version":1,"source":"minecraft","entity_type":"minecraft:player","entity_id":"4cee8e44-c4b9-4af8-ad92-2db1ac35aafd","stream_id":"ff55d991-cd59-45bf-acd4-77ae6eb479dc","world_id":"mc-cf4dce40-2be1-372b-b914-917f5dcc644c","dimension":"minecraft:overworld","sequence":228,"lifecycle":{"event":"update"},"metadata":{},"position":{"x":-47.30000001192093,"y":71.0,"z":72.77925174075624,"space":"minecraft"},"rotation":{"yaw":324.45015716552734,"pitch":37.3499755859375,"roll":0}}
[19:41:43] [MC7DTD-entity-test-send/INFO]: Player proxy sent: {"type":"entity_state","version":1,"source":"minecraft","entity_type":"minecraft:player","entity_id":"4cee8e44-c4b9-4af8-ad92-2db1ac35aafd","stream_id":"ff55d991-cd59-45bf-acd4-77ae6eb479dc","world_id":"mc-cf4dce40-2be1-372b-b914-917f5dcc644c","dimension":"minecraft:overworld","sequence":229,"lifecycle":{"event":"update"},"metadata":{},"position":{"x":-47.30000001192093,"y":71.0,"z":72.77925174075624,"space":"minecraft"},"rotation":{"yaw":324.45015716552734,"pitch":37.3499755859375,"roll":0}}
[19:41:43] [MC7DTD-entity-test-send/INFO]: Player proxy sent: {"type":"entity_state","version":1,"source":"minecraft","entity_type":"minecraft:player","entity_id":"4cee8e44-c4b9-4af8-ad92-2db1ac35aafd","stream_id":"ff55d991-cd59-45bf-acd4-77ae6eb479dc","world_id":"mc-cf4dce40-2be1-372b-b914-917f5dcc644c","dimension":"minecraft:overworld","sequence":230,"lifecycle":{"event":"update"},"metadata":{},"position":{"x":-47.30000001192093,"y":71.0,"z":72.77925174075624,"space":"minecraft"},"rotation":{"yaw":324.45015716552734,"pitch":37.3499755859375,"roll":0}}
[19:41:44] [MC7DTD-entity-test-send/INFO]: Player proxy sent: {"type":"entity_state","version":1,"source":"minecraft","entity_type":"minecraft:player","entity_id":"4cee8e44-c4b9-4af8-ad92-2db1ac35aafd","stream_id":"ff55d991-cd59-45bf-acd4-77ae6eb479dc","world_id":"mc-cf4dce40-2be1-372b-b914-917f5dcc644c","dimension":"minecraft:overworld","sequence":231,"lifecycle":{"event":"update"},"metadata":{},"position":{"x":-47.30000001192093,"y":71.0,"z":72.77925174075624,"space":"minecraft"},"rotation":{"yaw":324.45015716552734,"pitch":37.3499755859375,"roll":0}}
[19:41:44] [MC7DTD-entity-test-send/INFO]: Player proxy sent: {"type":"entity_state","version":1,"source":"minecraft","entity_type":"minecraft:player","entity_id":"4cee8e44-c4b9-4af8-ad92-2db1ac35aafd","stream_id":"ff55d991-cd59-45bf-acd4-77ae6eb479dc","world_id":"mc-cf4dce40-2be1-372b-b914-917f5dcc644c","dimension":"minecraft:overworld","sequence":232,"lifecycle":{"event":"update"},"metadata":{},"position":{"x":-47.30000001192093,"y":71.0,"z":72.77925174075624,"space":"minecraft"},"rotation":{"yaw":324.45015716552734,"pitch":37.3499755859375,"roll":0}}
[19:41:45] [MC7DTD-entity-test-send/INFO]: Player proxy sent: {"type":"entity_state","version":1,"source":"minecraft","entity_type":"minecraft:player","entity_id":"4cee8e44-c4b9-4af8-ad92-2db1ac35aafd","stream_id":"ff55d991-cd59-45bf-acd4-77ae6eb479dc","world_id":"mc-cf4dce40-2be1-372b-b914-917f5dcc644c","dimension":"minecraft:overworld","sequence":233,"lifecycle":{"event":"update"},"metadata":{},"position":{"x":-47.30000001192093,"y":71.0,"z":72.77925174075624,"space":"minecraft"},"rotation":{"yaw":324.45015716552734,"pitch":37.3499755859375,"roll":0}}
[19:41:46] [MC7DTD-entity-test-send/INFO]: Player proxy sent: {"type":"entity_state","version":1,"source":"minecraft","entity_type":"minecraft:player","entity_id":"4cee8e44-c4b9-4af8-ad92-2db1ac35aafd","stream_id":"ff55d991-cd59-45bf-acd4-77ae6eb479dc","world_id":"mc-cf4dce40-2be1-372b-b914-917f5dcc644c","dimension":"minecraft:overworld","sequence":234,"lifecycle":{"event":"update"},"metadata":{},"position":{"x":-47.30000001192093,"y":71.0,"z":72.77925174075624,"space":"minecraft"},"rotation":{"yaw":324.45015716552734,"pitch":37.3499755859375,"roll":0}}
[19:41:46] [MC7DTD-entity-test-send/INFO]: Player proxy sent: {"type":"entity_state","version":1,"source":"minecraft","entity_type":"minecraft:player","entity_id":"4cee8e44-c4b9-4af8-ad92-2db1ac35aafd","stream_id":"ff55d991-cd59-45bf-acd4-77ae6eb479dc","world_id":"mc-cf4dce40-2be1-372b-b914-917f5dcc644c","dimension":"minecraft:overworld","sequence":235,"lifecycle":{"event":"update"},"metadata":{},"position":{"x":-47.30000001192093,"y":71.0,"z":72.77925174075624,"space":"minecraft"},"rotation":{"yaw":324.45015716552734,"pitch":37.3499755859375,"roll":0}}
[19:41:47] [MC7DTD-entity-test-send/INFO]: Player proxy sent: {"type":"entity_state","version":1,"source":"minecraft","entity_type":"minecraft:player","entity_id":"4cee8e44-c4b9-4af8-ad92-2db1ac35aafd","stream_id":"ff55d991-cd59-45bf-acd4-77ae6eb479dc","world_id":"mc-cf4dce40-2be1-372b-b914-917f5dcc644c","dimension":"minecraft:overworld","sequence":236,"lifecycle":{"event":"update"},"metadata":{},"position":{"x":-47.30000001192093,"y":71.0,"z":72.77925174075624,"space":"minecraft"},"rotation":{"yaw":324.45015716552734,"pitch":37.3499755859375,"roll":0}}
[19:41:47] [MC7DTD-entity-test-send/INFO]: Player proxy sent: {"type":"entity_state","version":1,"source":"minecraft","entity_type":"minecraft:player","entity_id":"4cee8e44-c4b9-4af8-ad92-2db1ac35aafd","stream_id":"ff55d991-cd59-45bf-acd4-77ae6eb479dc","world_id":"mc-cf4dce40-2be1-372b-b914-917f5dcc644c","dimension":"minecraft:overworld","sequence":237,"lifecycle":{"event":"update"},"metadata":{},"position":{"x":-47.30000001192093,"y":71.0,"z":72.77925174075624,"space":"minecraft"},"rotation":{"yaw":324.45015716552734,"pitch":37.3499755859375,"roll":0}}
[19:41:48] [MC7DTD-entity-test-send/INFO]: Player proxy sent: {"type":"entity_state","version":1,"source":"minecraft","entity_type":"minecraft:player","entity_id":"4cee8e44-c4b9-4af8-ad92-2db1ac35aafd","stream_id":"ff55d991-cd59-45bf-acd4-77ae6eb479dc","world_id":"mc-cf4dce40-2be1-372b-b914-917f5dcc644c","dimension":"minecraft:overworld","sequence":238,"lifecycle":{"event":"update"},"metadata":{},"position":{"x":-47.30000001192093,"y":71.0,"z":72.77925174075624,"space":"minecraft"},"rotation":{"yaw":324.45015716552734,"pitch":37.3499755859375,"roll":0}}
[19:41:48] [MC7DTD-entity-test-send/INFO]: Player proxy sent: {"type":"entity_state","version":1,"source":"minecraft","entity_type":"minecraft:player","entity_id":"4cee8e44-c4b9-4af8-ad92-2db1ac35aafd","stream_id":"ff55d991-cd59-45bf-acd4-77ae6eb479dc","world_id":"mc-cf4dce40-2be1-372b-b914-917f5dcc644c","dimension":"minecraft:overworld","sequence":239,"lifecycle":{"event":"update"},"metadata":{},"position":{"x":-47.30000001192093,"y":71.0,"z":72.77925174075624,"space":"minecraft"},"rotation":{"yaw":324.45015716552734,"pitch":37.3499755859375,"roll":0}}
[19:41:49] [MC7DTD-entity-test-send/INFO]: Player proxy sent: {"type":"entity_state","version":1,"source":"minecraft","entity_type":"minecraft:player","entity_id":"4cee8e44-c4b9-4af8-ad92-2db1ac35aafd","stream_id":"ff55d991-cd59-45bf-acd4-77ae6eb479dc","world_id":"mc-cf4dce40-2be1-372b-b914-917f5dcc644c","dimension":"minecraft:overworld","sequence":240,"lifecycle":{"event":"update"},"metadata":{},"position":{"x":-47.30000001192093,"y":71.0,"z":72.77925174075624,"space":"minecraft"},"rotation":{"yaw":324.45015716552734,"pitch":37.3499755859375,"roll":0}}
[19:41:49] [MC7DTD-entity-test-send/INFO]: Player proxy sent: {"type":"entity_state","version":1,"source":"minecraft","entity_type":"minecraft:player","entity_id":"4cee8e44-c4b9-4af8-ad92-2db1ac35aafd","stream_id":"ff55d991-cd59-45bf-acd4-77ae6eb479dc","world_id":"mc-cf4dce40-2be1-372b-b914-917f5dcc644c","dimension":"minecraft:overworld","sequence":241,"lifecycle":{"event":"update"},"metadata":{},"position":{"x":-47.30000001192093,"y":71.0,"z":72.77925174075624,"space":"minecraft"},"rotation":{"yaw":324.45015716552734,"pitch":37.3499755859375,"roll":0}}
[19:41:50] [MC7DTD-entity-test-send/INFO]: Player proxy sent: {"type":"entity_state","version":1,"source":"minecraft","entity_type":"minecraft:player","entity_id":"4cee8e44-c4b9-4af8-ad92-2db1ac35aafd","stream_id":"ff55d991-cd59-45bf-acd4-77ae6eb479dc","world_id":"mc-cf4dce40-2be1-372b-b914-917f5dcc644c","dimension":"minecraft:overworld","sequence":242,"lifecycle":{"event":"update"},"metadata":{},"position":{"x":-47.30000001192093,"y":71.0,"z":72.77925174075624,"space":"minecraft"},"rotation":{"yaw":324.45015716552734,"pitch":37.3499755859375,"roll":0}}
[19:41:50] [MC7DTD-entity-test-send/INFO]: Player proxy sent: {"type":"entity_state","version":1,"source":"minecraft","entity_type":"minecraft:player","entity_id":"4cee8e44-c4b9-4af8-ad92-2db1ac35aafd","stream_id":"ff55d991-cd59-45bf-acd4-77ae6eb479dc","world_id":"mc-cf4dce40-2be1-372b-b914-917f5dcc644c","dimension":"minecraft:overworld","sequence":243,"lifecycle":{"event":"update"},"metadata":{},"position":{"x":-47.30000001192093,"y":71.0,"z":72.77925174075624,"space":"minecraft"},"rotation":{"yaw":324.45015716552734,"pitch":37.3499755859375,"roll":0}}
[19:41:51] [MC7DTD-entity-test-send/INFO]: Player proxy sent: {"type":"entity_state","version":1,"source":"minecraft","entity_type":"minecraft:player","entity_id":"4cee8e44-c4b9-4af8-ad92-2db1ac35aafd","stream_id":"ff55d991-cd59-45bf-acd4-77ae6eb479dc","world_id":"mc-cf4dce40-2be1-372b-b914-917f5dcc644c","dimension":"minecraft:overworld","sequence":244,"lifecycle":{"event":"update"},"metadata":{},"position":{"x":-47.30000001192093,"y":71.0,"z":72.77925174075624,"space":"minecraft"},"rotation":{"yaw":324.45015716552734,"pitch":37.3499755859375,"roll":0}}
[19:41:51] [MC7DTD-entity-test-send/INFO]: Player proxy sent: {"type":"entity_state","version":1,"source":"minecraft","entity_type":"minecraft:player","entity_id":"4cee8e44-c4b9-4af8-ad92-2db1ac35aafd","stream_id":"ff55d991-cd59-45bf-acd4-77ae6eb479dc","world_id":"mc-cf4dce40-2be1-372b-b914-917f5dcc644c","dimension":"minecraft:overworld","sequence":245,"lifecycle":{"event":"update"},"metadata":{},"position":{"x":-47.30000001192093,"y":71.0,"z":72.77925174075624,"space":"minecraft"},"rotation":{"yaw":324.45015716552734,"pitch":37.3499755859375,"roll":0}}
[19:41:52] [MC7DTD-entity-test-send/INFO]: Player proxy sent: {"type":"entity_state","version":1,"source":"minecraft","entity_type":"minecraft:player","entity_id":"4cee8e44-c4b9-4af8-ad92-2db1ac35aafd","stream_id":"ff55d991-cd59-45bf-acd4-77ae6eb479dc","world_id":"mc-cf4dce40-2be1-372b-b914-917f5dcc644c","dimension":"minecraft:overworld","sequence":246,"lifecycle":{"event":"update"},"metadata":{},"position":{"x":-47.30000001192093,"y":71.0,"z":72.77925174075624,"space":"minecraft"},"rotation":{"yaw":324.45015716552734,"pitch":37.3499755859375,"roll":0}}
[19:41:52] [MC7DTD-entity-test-send/INFO]: Player proxy sent: {"type":"entity_state","version":1,"source":"minecraft","entity_type":"minecraft:player","entity_id":"4cee8e44-c4b9-4af8-ad92-2db1ac35aafd","stream_id":"ff55d991-cd59-45bf-acd4-77ae6eb479dc","world_id":"mc-cf4dce40-2be1-372b-b914-917f5dcc644c","dimension":"minecraft:overworld","sequence":247,"lifecycle":{"event":"update"},"metadata":{},"position":{"x":-47.30000001192093,"y":71.0,"z":72.77925174075624,"space":"minecraft"},"rotation":{"yaw":324.45015716552734,"pitch":37.3499755859375,"roll":0}}
[19:41:53] [MC7DTD-entity-test-send/INFO]: Player proxy sent: {"type":"entity_state","version":1,"source":"minecraft","entity_type":"minecraft:player","entity_id":"4cee8e44-c4b9-4af8-ad92-2db1ac35aafd","stream_id":"ff55d991-cd59-45bf-acd4-77ae6eb479dc","world_id":"mc-cf4dce40-2be1-372b-b914-917f5dcc644c","dimension":"minecraft:overworld","sequence":248,"lifecycle":{"event":"update"},"metadata":{},"position":{"x":-47.30000001192093,"y":71.0,"z":72.77925174075624,"space":"minecraft"},"rotation":{"yaw":324.45015716552734,"pitch":37.3499755859375,"roll":0}}
[19:41:53] [MC7DTD-entity-test-send/INFO]: Player proxy sent: {"type":"entity_state","version":1,"source":"minecraft","entity_type":"minecraft:player","entity_id":"4cee8e44-c4b9-4af8-ad92-2db1ac35aafd","stream_id":"ff55d991-cd59-45bf-acd4-77ae6eb479dc","world_id":"mc-cf4dce40-2be1-372b-b914-917f5dcc644c","dimension":"minecraft:overworld","sequence":249,"lifecycle":{"event":"update"},"metadata":{},"position":{"x":-47.30000001192093,"y":71.0,"z":72.77925174075624,"space":"minecraft"},"rotation":{"yaw":324.45015716552734,"pitch":37.3499755859375,"roll":0}}
[19:41:54] [MC7DTD-entity-test-send/INFO]: Player proxy sent: {"type":"entity_state","version":1,"source":"minecraft","entity_type":"minecraft:player","entity_id":"4cee8e44-c4b9-4af8-ad92-2db1ac35aafd","stream_id":"ff55d991-cd59-45bf-acd4-77ae6eb479dc","world_id":"mc-cf4dce40-2be1-372b-b914-917f5dcc644c","dimension":"minecraft:overworld","sequence":250,"lifecycle":{"event":"update"},"metadata":{},"position":{"x":-47.30000001192093,"y":71.0,"z":72.77925174075624,"space":"minecraft"},"rotation":{"yaw":324.45015716552734,"pitch":37.3499755859375,"roll":0}}
[19:41:54] [MC7DTD-entity-test-send/INFO]: Player proxy sent: {"type":"entity_state","version":1,"source":"minecraft","entity_type":"minecraft:player","entity_id":"4cee8e44-c4b9-4af8-ad92-2db1ac35aafd","stream_id":"ff55d991-cd59-45bf-acd4-77ae6eb479dc","world_id":"mc-cf4dce40-2be1-372b-b914-917f5dcc644c","dimension":"minecraft:overworld","sequence":251,"lifecycle":{"event":"update"},"metadata":{},"position":{"x":-47.30000001192093,"y":71.0,"z":72.77925174075624,"space":"minecraft"},"rotation":{"yaw":324.45015716552734,"pitch":37.3499755859375,"roll":0}}
[19:41:55] [MC7DTD-entity-test-send/INFO]: Player proxy sent: {"type":"entity_state","version":1,"source":"minecraft","entity_type":"minecraft:player","entity_id":"4cee8e44-c4b9-4af8-ad92-2db1ac35aafd","stream_id":"ff55d991-cd59-45bf-acd4-77ae6eb479dc","world_id":"mc-cf4dce40-2be1-372b-b914-917f5dcc644c","dimension":"minecraft:overworld","sequence":252,"lifecycle":{"event":"update"},"metadata":{},"position":{"x":-47.30000001192093,"y":71.0,"z":72.77925174075624,"space":"minecraft"},"rotation":{"yaw":324.45015716552734,"pitch":37.3499755859375,"roll":0}}
[19:41:56] [MC7DTD-entity-test-send/INFO]: Player proxy sent: {"type":"entity_state","version":1,"source":"minecraft","entity_type":"minecraft:player","entity_id":"4cee8e44-c4b9-4af8-ad92-2db1ac35aafd","stream_id":"ff55d991-cd59-45bf-acd4-77ae6eb479dc","world_id":"mc-cf4dce40-2be1-372b-b914-917f5dcc644c","dimension":"minecraft:overworld","sequence":253,"lifecycle":{"event":"update"},"metadata":{},"position":{"x":-47.30000001192093,"y":71.0,"z":72.77925174075624,"space":"minecraft"},"rotation":{"yaw":324.45015716552734,"pitch":37.3499755859375,"roll":0}}
[19:41:56] [MC7DTD-entity-test-send/INFO]: Player proxy sent: {"type":"entity_state","version":1,"source":"minecraft","entity_type":"minecraft:player","entity_id":"4cee8e44-c4b9-4af8-ad92-2db1ac35aafd","stream_id":"ff55d991-cd59-45bf-acd4-77ae6eb479dc","world_id":"mc-cf4dce40-2be1-372b-b914-917f5dcc644c","dimension":"minecraft:overworld","sequence":254,"lifecycle":{"event":"update"},"metadata":{},"position":{"x":-47.30000001192093,"y":71.0,"z":72.77925174075624,"space":"minecraft"},"rotation":{"yaw":324.45015716552734,"pitch":37.3499755859375,"roll":0}}
[19:41:57] [MC7DTD-entity-test-send/INFO]: Player proxy sent: {"type":"entity_state","version":1,"source":"minecraft","entity_type":"minecraft:player","entity_id":"4cee8e44-c4b9-4af8-ad92-2db1ac35aafd","stream_id":"ff55d991-cd59-45bf-acd4-77ae6eb479dc","world_id":"mc-cf4dce40-2be1-372b-b914-917f5dcc644c","dimension":"minecraft:overworld","sequence":255,"lifecycle":{"event":"update"},"metadata":{},"position":{"x":-47.30000001192093,"y":71.0,"z":72.77925174075624,"space":"minecraft"},"rotation":{"yaw":324.45015716552734,"pitch":37.3499755859375,"roll":0}}
[19:41:57] [MC7DTD-entity-test-send/INFO]: Player proxy sent: {"type":"entity_state","version":1,"source":"minecraft","entity_type":"minecraft:player","entity_id":"4cee8e44-c4b9-4af8-ad92-2db1ac35aafd","stream_id":"ff55d991-cd59-45bf-acd4-77ae6eb479dc","world_id":"mc-cf4dce40-2be1-372b-b914-917f5dcc644c","dimension":"minecraft:overworld","sequence":256,"lifecycle":{"event":"update"},"metadata":{},"position":{"x":-47.30000001192093,"y":71.0,"z":72.77925174075624,"space":"minecraft"},"rotation":{"yaw":324.45015716552734,"pitch":37.3499755859375,"roll":0}}
[19:41:58] [MC7DTD-entity-test-send/INFO]: Player proxy sent: {"type":"entity_state","version":1,"source":"minecraft","entity_type":"minecraft:player","entity_id":"4cee8e44-c4b9-4af8-ad92-2db1ac35aafd","stream_id":"ff55d991-cd59-45bf-acd4-77ae6eb479dc","world_id":"mc-cf4dce40-2be1-372b-b914-917f5dcc644c","dimension":"minecraft:overworld","sequence":257,"lifecycle":{"event":"update"},"metadata":{},"position":{"x":-47.30000001192093,"y":71.0,"z":72.77925174075624,"space":"minecraft"},"rotation":{"yaw":324.45015716552734,"pitch":37.3499755859375,"roll":0}}
[19:41:58] [MC7DTD-entity-test-send/INFO]: Player proxy sent: {"type":"entity_state","version":1,"source":"minecraft","entity_type":"minecraft:player","entity_id":"4cee8e44-c4b9-4af8-ad92-2db1ac35aafd","stream_id":"ff55d991-cd59-45bf-acd4-77ae6eb479dc","world_id":"mc-cf4dce40-2be1-372b-b914-917f5dcc644c","dimension":"minecraft:overworld","sequence":258,"lifecycle":{"event":"update"},"metadata":{},"position":{"x":-47.30000001192093,"y":71.0,"z":72.77925174075624,"space":"minecraft"},"rotation":{"yaw":324.45015716552734,"pitch":37.3499755859375,"roll":0}}
[19:41:59] [MC7DTD-entity-test-send/INFO]: Player proxy sent: {"type":"entity_state","version":1,"source":"minecraft","entity_type":"minecraft:player","entity_id":"4cee8e44-c4b9-4af8-ad92-2db1ac35aafd","stream_id":"ff55d991-cd59-45bf-acd4-77ae6eb479dc","world_id":"mc-cf4dce40-2be1-372b-b914-917f5dcc644c","dimension":"minecraft:overworld","sequence":259,"lifecycle":{"event":"update"},"metadata":{},"position":{"x":-47.30000001192093,"y":71.0,"z":72.77925174075624,"space":"minecraft"},"rotation":{"yaw":324.45015716552734,"pitch":37.3499755859375,"roll":0}}
[19:41:59] [MC7DTD-entity-test-send/INFO]: Player proxy sent: {"type":"entity_state","version":1,"source":"minecraft","entity_type":"minecraft:player","entity_id":"4cee8e44-c4b9-4af8-ad92-2db1ac35aafd","stream_id":"ff55d991-cd59-45bf-acd4-77ae6eb479dc","world_id":"mc-cf4dce40-2be1-372b-b914-917f5dcc644c","dimension":"minecraft:overworld","sequence":260,"lifecycle":{"event":"update"},"metadata":{},"position":{"x":-47.30000001192093,"y":71.0,"z":72.77925174075624,"space":"minecraft"},"rotation":{"yaw":324.45015716552734,"pitch":37.3499755859375,"roll":0}}
[19:42:00] [MC7DTD-entity-test-send/INFO]: Player proxy sent: {"type":"entity_state","version":1,"source":"minecraft","entity_type":"minecraft:player","entity_id":"4cee8e44-c4b9-4af8-ad92-2db1ac35aafd","stream_id":"ff55d991-cd59-45bf-acd4-77ae6eb479dc","world_id":"mc-cf4dce40-2be1-372b-b914-917f5dcc644c","dimension":"minecraft:overworld","sequence":261,"lifecycle":{"event":"update"},"metadata":{},"position":{"x":-47.30000001192093,"y":71.0,"z":72.77925174075624,"space":"minecraft"},"rotation":{"yaw":324.45015716552734,"pitch":37.3499755859375,"roll":0}}
[19:42:00] [MC7DTD-entity-test-send/INFO]: Player proxy sent: {"type":"entity_state","version":1,"source":"minecraft","entity_type":"minecraft:player","entity_id":"4cee8e44-c4b9-4af8-ad92-2db1ac35aafd","stream_id":"ff55d991-cd59-45bf-acd4-77ae6eb479dc","world_id":"mc-cf4dce40-2be1-372b-b914-917f5dcc644c","dimension":"minecraft:overworld","sequence":262,"lifecycle":{"event":"update"},"metadata":{},"position":{"x":-47.30000001192093,"y":71.0,"z":72.77925174075624,"space":"minecraft"},"rotation":{"yaw":324.45015716552734,"pitch":37.3499755859375,"roll":0}}
[19:42:01] [MC7DTD-entity-test-send/INFO]: Player proxy sent: {"type":"entity_state","version":1,"source":"minecraft","entity_type":"minecraft:player","entity_id":"4cee8e44-c4b9-4af8-ad92-2db1ac35aafd","stream_id":"ff55d991-cd59-45bf-acd4-77ae6eb479dc","world_id":"mc-cf4dce40-2be1-372b-b914-917f5dcc644c","dimension":"minecraft:overworld","sequence":263,"lifecycle":{"event":"update"},"metadata":{},"position":{"x":-47.30000001192093,"y":71.0,"z":72.77925174075624,"space":"minecraft"},"rotation":{"yaw":324.45015716552734,"pitch":37.3499755859375,"roll":0}}
[19:42:01] [MC7DTD-entity-test-send/INFO]: Player proxy sent: {"type":"entity_state","version":1,"source":"minecraft","entity_type":"minecraft:player","entity_id":"4cee8e44-c4b9-4af8-ad92-2db1ac35aafd","stream_id":"ff55d991-cd59-45bf-acd4-77ae6eb479dc","world_id":"mc-cf4dce40-2be1-372b-b914-917f5dcc644c","dimension":"minecraft:overworld","sequence":264,"lifecycle":{"event":"update"},"metadata":{},"position":{"x":-47.30000001192093,"y":71.0,"z":72.77925174075624,"space":"minecraft"},"rotation":{"yaw":324.45015716552734,"pitch":37.3499755859375,"roll":0}}
[19:42:02] [MC7DTD-entity-test-send/INFO]: Player proxy sent: {"type":"entity_state","version":1,"source":"minecraft","entity_type":"minecraft:player","entity_id":"4cee8e44-c4b9-4af8-ad92-2db1ac35aafd","stream_id":"ff55d991-cd59-45bf-acd4-77ae6eb479dc","world_id":"mc-cf4dce40-2be1-372b-b914-917f5dcc644c","dimension":"minecraft:overworld","sequence":265,"lifecycle":{"event":"update"},"metadata":{},"position":{"x":-47.30000001192093,"y":71.0,"z":72.77925174075624,"space":"minecraft"},"rotation":{"yaw":324.45015716552734,"pitch":37.3499755859375,"roll":0}}
[19:42:02] [MC7DTD-entity-test-send/INFO]: Player proxy sent: {"type":"entity_state","version":1,"source":"minecraft","entity_type":"minecraft:player","entity_id":"4cee8e44-c4b9-4af8-ad92-2db1ac35aafd","stream_id":"ff55d991-cd59-45bf-acd4-77ae6eb479dc","world_id":"mc-cf4dce40-2be1-372b-b914-917f5dcc644c","dimension":"minecraft:overworld","sequence":266,"lifecycle":{"event":"update"},"metadata":{},"position":{"x":-47.30000001192093,"y":71.0,"z":72.77925174075624,"space":"minecraft"},"rotation":{"yaw":324.45015716552734,"pitch":37.3499755859375,"roll":0}}
[19:42:03] [MC7DTD-entity-test-send/INFO]: Player proxy sent: {"type":"entity_state","version":1,"source":"minecraft","entity_type":"minecraft:player","entity_id":"4cee8e44-c4b9-4af8-ad92-2db1ac35aafd","stream_id":"ff55d991-cd59-45bf-acd4-77ae6eb479dc","world_id":"mc-cf4dce40-2be1-372b-b914-917f5dcc644c","dimension":"minecraft:overworld","sequence":267,"lifecycle":{"event":"update"},"metadata":{},"position":{"x":-47.30000001192093,"y":71.0,"z":72.77925174075624,"space":"minecraft"},"rotation":{"yaw":324.45015716552734,"pitch":37.3499755859375,"roll":0}}
[19:42:03] [MC7DTD-entity-test-send/INFO]: Player proxy sent: {"type":"entity_state","version":1,"source":"minecraft","entity_type":"minecraft:player","entity_id":"4cee8e44-c4b9-4af8-ad92-2db1ac35aafd","stream_id":"ff55d991-cd59-45bf-acd4-77ae6eb479dc","world_id":"mc-cf4dce40-2be1-372b-b914-917f5dcc644c","dimension":"minecraft:overworld","sequence":268,"lifecycle":{"event":"update"},"metadata":{},"position":{"x":-47.30000001192093,"y":71.0,"z":72.77925174075624,"space":"minecraft"},"rotation":{"yaw":324.45015716552734,"pitch":37.3499755859375,"roll":0}}
[19:42:04] [MC7DTD-entity-test-send/INFO]: Player proxy sent: {"type":"entity_state","version":1,"source":"minecraft","entity_type":"minecraft:player","entity_id":"4cee8e44-c4b9-4af8-ad92-2db1ac35aafd","stream_id":"ff55d991-cd59-45bf-acd4-77ae6eb479dc","world_id":"mc-cf4dce40-2be1-372b-b914-917f5dcc644c","dimension":"minecraft:overworld","sequence":269,"lifecycle":{"event":"update"},"metadata":{},"position":{"x":-47.30000001192093,"y":71.0,"z":72.77925174075624,"space":"minecraft"},"rotation":{"yaw":324.45015716552734,"pitch":37.3499755859375,"roll":0}}
[19:42:04] [MC7DTD-entity-test-send/INFO]: Player proxy sent: {"type":"entity_state","version":1,"source":"minecraft","entity_type":"minecraft:player","entity_id":"4cee8e44-c4b9-4af8-ad92-2db1ac35aafd","stream_id":"ff55d991-cd59-45bf-acd4-77ae6eb479dc","world_id":"mc-cf4dce40-2be1-372b-b914-917f5dcc644c","dimension":"minecraft:overworld","sequence":270,"lifecycle":{"event":"update"},"metadata":{},"position":{"x":-47.30000001192093,"y":71.0,"z":72.77925174075624,"space":"minecraft"},"rotation":{"yaw":324.45015716552734,"pitch":37.3499755859375,"roll":0}}
[19:42:05] [MC7DTD-entity-test-send/INFO]: Player proxy sent: {"type":"entity_state","version":1,"source":"minecraft","entity_type":"minecraft:player","entity_id":"4cee8e44-c4b9-4af8-ad92-2db1ac35aafd","stream_id":"ff55d991-cd59-45bf-acd4-77ae6eb479dc","world_id":"mc-cf4dce40-2be1-372b-b914-917f5dcc644c","dimension":"minecraft:overworld","sequence":271,"lifecycle":{"event":"update"},"metadata":{},"position":{"x":-47.30000001192093,"y":71.0,"z":72.77925174075624,"space":"minecraft"},"rotation":{"yaw":324.45015716552734,"pitch":37.3499755859375,"roll":0}}
[19:42:05] [MC7DTD-entity-test-send/INFO]: Player proxy sent: {"type":"entity_state","version":1,"source":"minecraft","entity_type":"minecraft:player","entity_id":"4cee8e44-c4b9-4af8-ad92-2db1ac35aafd","stream_id":"ff55d991-cd59-45bf-acd4-77ae6eb479dc","world_id":"mc-cf4dce40-2be1-372b-b914-917f5dcc644c","dimension":"minecraft:overworld","sequence":272,"lifecycle":{"event":"update"},"metadata":{},"position":{"x":-47.30000001192093,"y":71.0,"z":72.77925174075624,"space":"minecraft"},"rotation":{"yaw":324.45015716552734,"pitch":37.3499755859375,"roll":0}}
[19:42:06] [MC7DTD-entity-test-send/INFO]: Player proxy sent: {"type":"entity_state","version":1,"source":"minecraft","entity_type":"minecraft:player","entity_id":"4cee8e44-c4b9-4af8-ad92-2db1ac35aafd","stream_id":"ff55d991-cd59-45bf-acd4-77ae6eb479dc","world_id":"mc-cf4dce40-2be1-372b-b914-917f5dcc644c","dimension":"minecraft:overworld","sequence":273,"lifecycle":{"event":"update"},"metadata":{},"position":{"x":-47.30000001192093,"y":71.0,"z":72.77925174075624,"space":"minecraft"},"rotation":{"yaw":324.45015716552734,"pitch":37.3499755859375,"roll":0}}
[19:42:06] [MC7DTD-entity-test-send/INFO]: Player proxy sent: {"type":"entity_state","version":1,"source":"minecraft","entity_type":"minecraft:player","entity_id":"4cee8e44-c4b9-4af8-ad92-2db1ac35aafd","stream_id":"ff55d991-cd59-45bf-acd4-77ae6eb479dc","world_id":"mc-cf4dce40-2be1-372b-b914-917f5dcc644c","dimension":"minecraft:overworld","sequence":274,"lifecycle":{"event":"update"},"metadata":{},"position":{"x":-47.30000001192093,"y":71.0,"z":72.77925174075624,"space":"minecraft"},"rotation":{"yaw":324.45015716552734,"pitch":37.3499755859375,"roll":0}}
[19:42:07] [MC7DTD-entity-test-send/INFO]: Player proxy sent: {"type":"entity_state","version":1,"source":"minecraft","entity_type":"minecraft:player","entity_id":"4cee8e44-c4b9-4af8-ad92-2db1ac35aafd","stream_id":"ff55d991-cd59-45bf-acd4-77ae6eb479dc","world_id":"mc-cf4dce40-2be1-372b-b914-917f5dcc644c","dimension":"minecraft:overworld","sequence":275,"lifecycle":{"event":"update"},"metadata":{},"position":{"x":-47.30000001192093,"y":71.0,"z":72.77925174075624,"space":"minecraft"},"rotation":{"yaw":324.45015716552734,"pitch":37.3499755859375,"roll":0}}
[19:42:08] [MC7DTD-entity-test-send/INFO]: Player proxy sent: {"type":"entity_state","version":1,"source":"minecraft","entity_type":"minecraft:player","entity_id":"4cee8e44-c4b9-4af8-ad92-2db1ac35aafd","stream_id":"ff55d991-cd59-45bf-acd4-77ae6eb479dc","world_id":"mc-cf4dce40-2be1-372b-b914-917f5dcc644c","dimension":"minecraft:overworld","sequence":276,"lifecycle":{"event":"update"},"metadata":{},"position":{"x":-47.30000001192093,"y":71.0,"z":72.77925174075624,"space":"minecraft"},"rotation":{"yaw":324.45015716552734,"pitch":37.3499755859375,"roll":0}}
[19:42:08] [MC7DTD-entity-test-send/INFO]: Player proxy sent: {"type":"entity_state","version":1,"source":"minecraft","entity_type":"minecraft:player","entity_id":"4cee8e44-c4b9-4af8-ad92-2db1ac35aafd","stream_id":"ff55d991-cd59-45bf-acd4-77ae6eb479dc","world_id":"mc-cf4dce40-2be1-372b-b914-917f5dcc644c","dimension":"minecraft:overworld","sequence":277,"lifecycle":{"event":"update"},"metadata":{},"position":{"x":-47.30000001192093,"y":71.0,"z":72.77925174075624,"space":"minecraft"},"rotation":{"yaw":324.45015716552734,"pitch":37.3499755859375,"roll":0}}
[19:42:09] [MC7DTD-entity-test-send/INFO]: Player proxy sent: {"type":"entity_state","version":1,"source":"minecraft","entity_type":"minecraft:player","entity_id":"4cee8e44-c4b9-4af8-ad92-2db1ac35aafd","stream_id":"ff55d991-cd59-45bf-acd4-77ae6eb479dc","world_id":"mc-cf4dce40-2be1-372b-b914-917f5dcc644c","dimension":"minecraft:overworld","sequence":278,"lifecycle":{"event":"update"},"metadata":{},"position":{"x":-47.30000001192093,"y":71.0,"z":72.77925174075624,"space":"minecraft"},"rotation":{"yaw":324.45015716552734,"pitch":37.3499755859375,"roll":0}}
[19:42:09] [MC7DTD-entity-test-send/INFO]: Player proxy sent: {"type":"entity_state","version":1,"source":"minecraft","entity_type":"minecraft:player","entity_id":"4cee8e44-c4b9-4af8-ad92-2db1ac35aafd","stream_id":"ff55d991-cd59-45bf-acd4-77ae6eb479dc","world_id":"mc-cf4dce40-2be1-372b-b914-917f5dcc644c","dimension":"minecraft:overworld","sequence":279,"lifecycle":{"event":"update"},"metadata":{},"position":{"x":-47.30000001192093,"y":71.0,"z":72.77925174075624,"space":"minecraft"},"rotation":{"yaw":324.45015716552734,"pitch":37.3499755859375,"roll":0}}
[19:42:10] [MC7DTD-entity-test-send/INFO]: Player proxy sent: {"type":"entity_state","version":1,"source":"minecraft","entity_type":"minecraft:player","entity_id":"4cee8e44-c4b9-4af8-ad92-2db1ac35aafd","stream_id":"ff55d991-cd59-45bf-acd4-77ae6eb479dc","world_id":"mc-cf4dce40-2be1-372b-b914-917f5dcc644c","dimension":"minecraft:overworld","sequence":280,"lifecycle":{"event":"update"},"metadata":{},"position":{"x":-47.30000001192093,"y":71.0,"z":72.77925174075624,"space":"minecraft"},"rotation":{"yaw":324.45015716552734,"pitch":37.3499755859375,"roll":0}}
[19:42:10] [MC7DTD-entity-test-send/INFO]: Player proxy sent: {"type":"entity_state","version":1,"source":"minecraft","entity_type":"minecraft:player","entity_id":"4cee8e44-c4b9-4af8-ad92-2db1ac35aafd","stream_id":"ff55d991-cd59-45bf-acd4-77ae6eb479dc","world_id":"mc-cf4dce40-2be1-372b-b914-917f5dcc644c","dimension":"minecraft:overworld","sequence":281,"lifecycle":{"event":"update"},"metadata":{},"position":{"x":-47.30000001192093,"y":71.0,"z":72.77925174075624,"space":"minecraft"},"rotation":{"yaw":324.45015716552734,"pitch":37.3499755859375,"roll":0}}
[19:42:11] [MC7DTD-entity-test-send/INFO]: Player proxy sent: {"type":"entity_state","version":1,"source":"minecraft","entity_type":"minecraft:player","entity_id":"4cee8e44-c4b9-4af8-ad92-2db1ac35aafd","stream_id":"ff55d991-cd59-45bf-acd4-77ae6eb479dc","world_id":"mc-cf4dce40-2be1-372b-b914-917f5dcc644c","dimension":"minecraft:overworld","sequence":282,"lifecycle":{"event":"update"},"metadata":{},"position":{"x":-47.30000001192093,"y":71.0,"z":72.77925174075624,"space":"minecraft"},"rotation":{"yaw":324.45015716552734,"pitch":37.3499755859375,"roll":0}}
[19:42:11] [MC7DTD-entity-test-send/INFO]: Player proxy sent: {"type":"entity_state","version":1,"source":"minecraft","entity_type":"minecraft:player","entity_id":"4cee8e44-c4b9-4af8-ad92-2db1ac35aafd","stream_id":"ff55d991-cd59-45bf-acd4-77ae6eb479dc","world_id":"mc-cf4dce40-2be1-372b-b914-917f5dcc644c","dimension":"minecraft:overworld","sequence":283,"lifecycle":{"event":"update"},"metadata":{},"position":{"x":-47.30000001192093,"y":71.0,"z":72.77925174075624,"space":"minecraft"},"rotation":{"yaw":324.45015716552734,"pitch":37.3499755859375,"roll":0}}
[19:42:12] [MC7DTD-entity-test-send/INFO]: Player proxy sent: {"type":"entity_state","version":1,"source":"minecraft","entity_type":"minecraft:player","entity_id":"4cee8e44-c4b9-4af8-ad92-2db1ac35aafd","stream_id":"ff55d991-cd59-45bf-acd4-77ae6eb479dc","world_id":"mc-cf4dce40-2be1-372b-b914-917f5dcc644c","dimension":"minecraft:overworld","sequence":284,"lifecycle":{"event":"update"},"metadata":{},"position":{"x":-47.30000001192093,"y":71.0,"z":72.77925174075624,"space":"minecraft"},"rotation":{"yaw":324.45015716552734,"pitch":37.3499755859375,"roll":0}}
[19:42:12] [MC7DTD-entity-test-send/INFO]: Player proxy sent: {"type":"entity_state","version":1,"source":"minecraft","entity_type":"minecraft:player","entity_id":"4cee8e44-c4b9-4af8-ad92-2db1ac35aafd","stream_id":"ff55d991-cd59-45bf-acd4-77ae6eb479dc","world_id":"mc-cf4dce40-2be1-372b-b914-917f5dcc644c","dimension":"minecraft:overworld","sequence":285,"lifecycle":{"event":"update"},"metadata":{},"position":{"x":-47.30000001192093,"y":71.0,"z":72.77925174075624,"space":"minecraft"},"rotation":{"yaw":324.45015716552734,"pitch":37.3499755859375,"roll":0}}
[19:42:13] [MC7DTD-entity-test-send/INFO]: Player proxy sent: {"type":"entity_state","version":1,"source":"minecraft","entity_type":"minecraft:player","entity_id":"4cee8e44-c4b9-4af8-ad92-2db1ac35aafd","stream_id":"ff55d991-cd59-45bf-acd4-77ae6eb479dc","world_id":"mc-cf4dce40-2be1-372b-b914-917f5dcc644c","dimension":"minecraft:overworld","sequence":286,"lifecycle":{"event":"update"},"metadata":{},"position":{"x":-47.30000001192093,"y":71.0,"z":72.77925174075624,"space":"minecraft"},"rotation":{"yaw":324.45015716552734,"pitch":37.3499755859375,"roll":0}}
[19:42:13] [MC7DTD-entity-test-send/INFO]: Player proxy sent: {"type":"entity_state","version":1,"source":"minecraft","entity_type":"minecraft:player","entity_id":"4cee8e44-c4b9-4af8-ad92-2db1ac35aafd","stream_id":"ff55d991-cd59-45bf-acd4-77ae6eb479dc","world_id":"mc-cf4dce40-2be1-372b-b914-917f5dcc644c","dimension":"minecraft:overworld","sequence":287,"lifecycle":{"event":"update"},"metadata":{},"position":{"x":-47.30000001192093,"y":71.0,"z":72.77925174075624,"space":"minecraft"},"rotation":{"yaw":324.45015716552734,"pitch":37.3499755859375,"roll":0}}
[19:42:14] [MC7DTD-entity-test-send/INFO]: Player proxy sent: {"type":"entity_state","version":1,"source":"minecraft","entity_type":"minecraft:player","entity_id":"4cee8e44-c4b9-4af8-ad92-2db1ac35aafd","stream_id":"ff55d991-cd59-45bf-acd4-77ae6eb479dc","world_id":"mc-cf4dce40-2be1-372b-b914-917f5dcc644c","dimension":"minecraft:overworld","sequence":288,"lifecycle":{"event":"update"},"metadata":{},"position":{"x":-47.30000001192093,"y":71.0,"z":72.77925174075624,"space":"minecraft"},"rotation":{"yaw":324.45015716552734,"pitch":37.3499755859375,"roll":0}}
[19:42:14] [MC7DTD-entity-test-send/INFO]: Player proxy sent: {"type":"entity_state","version":1,"source":"minecraft","entity_type":"minecraft:player","entity_id":"4cee8e44-c4b9-4af8-ad92-2db1ac35aafd","stream_id":"ff55d991-cd59-45bf-acd4-77ae6eb479dc","world_id":"mc-cf4dce40-2be1-372b-b914-917f5dcc644c","dimension":"minecraft:overworld","sequence":289,"lifecycle":{"event":"update"},"metadata":{},"position":{"x":-47.30000001192093,"y":71.0,"z":72.77925174075624,"space":"minecraft"},"rotation":{"yaw":324.45015716552734,"pitch":37.3499755859375,"roll":0}}
[19:42:15] [MC7DTD-entity-test-send/INFO]: Player proxy sent: {"type":"entity_state","version":1,"source":"minecraft","entity_type":"minecraft:player","entity_id":"4cee8e44-c4b9-4af8-ad92-2db1ac35aafd","stream_id":"ff55d991-cd59-45bf-acd4-77ae6eb479dc","world_id":"mc-cf4dce40-2be1-372b-b914-917f5dcc644c","dimension":"minecraft:overworld","sequence":290,"lifecycle":{"event":"update"},"metadata":{},"position":{"x":-47.30000001192093,"y":71.0,"z":72.77925174075624,"space":"minecraft"},"rotation":{"yaw":324.45015716552734,"pitch":37.3499755859375,"roll":0}}
[19:42:15] [MC7DTD-entity-test-send/INFO]: Player proxy sent: {"type":"entity_state","version":1,"source":"minecraft","entity_type":"minecraft:player","entity_id":"4cee8e44-c4b9-4af8-ad92-2db1ac35aafd","stream_id":"ff55d991-cd59-45bf-acd4-77ae6eb479dc","world_id":"mc-cf4dce40-2be1-372b-b914-917f5dcc644c","dimension":"minecraft:overworld","sequence":291,"lifecycle":{"event":"update"},"metadata":{},"position":{"x":-47.30000001192093,"y":71.0,"z":72.77925174075624,"space":"minecraft"},"rotation":{"yaw":324.45015716552734,"pitch":37.3499755859375,"roll":0}}
[19:42:16] [MC7DTD-entity-test-send/INFO]: Player proxy sent: {"type":"entity_state","version":1,"source":"minecraft","entity_type":"minecraft:player","entity_id":"4cee8e44-c4b9-4af8-ad92-2db1ac35aafd","stream_id":"ff55d991-cd59-45bf-acd4-77ae6eb479dc","world_id":"mc-cf4dce40-2be1-372b-b914-917f5dcc644c","dimension":"minecraft:overworld","sequence":292,"lifecycle":{"event":"update"},"metadata":{},"position":{"x":-47.30000001192093,"y":71.0,"z":72.77925174075624,"space":"minecraft"},"rotation":{"yaw":324.45015716552734,"pitch":37.3499755859375,"roll":0}}
[19:42:17] [MC7DTD-entity-test-send/INFO]: Player proxy sent: {"type":"entity_state","version":1,"source":"minecraft","entity_type":"minecraft:player","entity_id":"4cee8e44-c4b9-4af8-ad92-2db1ac35aafd","stream_id":"ff55d991-cd59-45bf-acd4-77ae6eb479dc","world_id":"mc-cf4dce40-2be1-372b-b914-917f5dcc644c","dimension":"minecraft:overworld","sequence":293,"lifecycle":{"event":"update"},"metadata":{},"position":{"x":-47.30000001192093,"y":71.0,"z":72.77925174075624,"space":"minecraft"},"rotation":{"yaw":324.45015716552734,"pitch":37.3499755859375,"roll":0}}
[19:42:17] [MC7DTD-entity-test-send/INFO]: Player proxy sent: {"type":"entity_state","version":1,"source":"minecraft","entity_type":"minecraft:player","entity_id":"4cee8e44-c4b9-4af8-ad92-2db1ac35aafd","stream_id":"ff55d991-cd59-45bf-acd4-77ae6eb479dc","world_id":"mc-cf4dce40-2be1-372b-b914-917f5dcc644c","dimension":"minecraft:overworld","sequence":294,"lifecycle":{"event":"update"},"metadata":{},"position":{"x":-47.30000001192093,"y":71.0,"z":72.77925174075624,"space":"minecraft"},"rotation":{"yaw":324.45015716552734,"pitch":37.3499755859375,"roll":0}}
[19:42:18] [MC7DTD-entity-test-send/INFO]: Player proxy sent: {"type":"entity_state","version":1,"source":"minecraft","entity_type":"minecraft:player","entity_id":"4cee8e44-c4b9-4af8-ad92-2db1ac35aafd","stream_id":"ff55d991-cd59-45bf-acd4-77ae6eb479dc","world_id":"mc-cf4dce40-2be1-372b-b914-917f5dcc644c","dimension":"minecraft:overworld","sequence":295,"lifecycle":{"event":"update"},"metadata":{},"position":{"x":-47.30000001192093,"y":71.0,"z":72.77925174075624,"space":"minecraft"},"rotation":{"yaw":324.45015716552734,"pitch":37.3499755859375,"roll":0}}
[19:42:18] [MC7DTD-entity-test-send/INFO]: Player proxy sent: {"type":"entity_state","version":1,"source":"minecraft","entity_type":"minecraft:player","entity_id":"4cee8e44-c4b9-4af8-ad92-2db1ac35aafd","stream_id":"ff55d991-cd59-45bf-acd4-77ae6eb479dc","world_id":"mc-cf4dce40-2be1-372b-b914-917f5dcc644c","dimension":"minecraft:overworld","sequence":296,"lifecycle":{"event":"update"},"metadata":{},"position":{"x":-47.30000001192093,"y":71.0,"z":72.77925174075624,"space":"minecraft"},"rotation":{"yaw":324.45015716552734,"pitch":37.3499755859375,"roll":0}}
[19:42:19] [MC7DTD-entity-test-send/INFO]: Player proxy sent: {"type":"entity_state","version":1,"source":"minecraft","entity_type":"minecraft:player","entity_id":"4cee8e44-c4b9-4af8-ad92-2db1ac35aafd","stream_id":"ff55d991-cd59-45bf-acd4-77ae6eb479dc","world_id":"mc-cf4dce40-2be1-372b-b914-917f5dcc644c","dimension":"minecraft:overworld","sequence":297,"lifecycle":{"event":"update"},"metadata":{},"position":{"x":-47.30000001192093,"y":71.0,"z":72.77925174075624,"space":"minecraft"},"rotation":{"yaw":324.45015716552734,"pitch":37.3499755859375,"roll":0}}
[19:42:19] [MC7DTD-entity-test-send/INFO]: Player proxy sent: {"type":"entity_state","version":1,"source":"minecraft","entity_type":"minecraft:player","entity_id":"4cee8e44-c4b9-4af8-ad92-2db1ac35aafd","stream_id":"ff55d991-cd59-45bf-acd4-77ae6eb479dc","world_id":"mc-cf4dce40-2be1-372b-b914-917f5dcc644c","dimension":"minecraft:overworld","sequence":298,"lifecycle":{"event":"update"},"metadata":{},"position":{"x":-47.30000001192093,"y":71.0,"z":72.77925174075624,"space":"minecraft"},"rotation":{"yaw":324.45015716552734,"pitch":37.3499755859375,"roll":0}}
[19:42:20] [MC7DTD-entity-test-send/INFO]: Player proxy sent: {"type":"entity_state","version":1,"source":"minecraft","entity_type":"minecraft:player","entity_id":"4cee8e44-c4b9-4af8-ad92-2db1ac35aafd","stream_id":"ff55d991-cd59-45bf-acd4-77ae6eb479dc","world_id":"mc-cf4dce40-2be1-372b-b914-917f5dcc644c","dimension":"minecraft:overworld","sequence":299,"lifecycle":{"event":"update"},"metadata":{},"position":{"x":-47.30000001192093,"y":71.0,"z":72.77925174075624,"space":"minecraft"},"rotation":{"yaw":324.45015716552734,"pitch":37.3499755859375,"roll":0}}
[19:42:20] [MC7DTD-entity-test-send/INFO]: Player proxy sent: {"type":"entity_state","version":1,"source":"minecraft","entity_type":"minecraft:player","entity_id":"4cee8e44-c4b9-4af8-ad92-2db1ac35aafd","stream_id":"ff55d991-cd59-45bf-acd4-77ae6eb479dc","world_id":"mc-cf4dce40-2be1-372b-b914-917f5dcc644c","dimension":"minecraft:overworld","sequence":300,"lifecycle":{"event":"update"},"metadata":{},"position":{"x":-47.30000001192093,"y":71.0,"z":72.77925174075624,"space":"minecraft"},"rotation":{"yaw":324.45015716552734,"pitch":37.3499755859375,"roll":0}}
[19:42:21] [MC7DTD-entity-test-send/INFO]: Player proxy sent: {"type":"entity_state","version":1,"source":"minecraft","entity_type":"minecraft:player","entity_id":"4cee8e44-c4b9-4af8-ad92-2db1ac35aafd","stream_id":"ff55d991-cd59-45bf-acd4-77ae6eb479dc","world_id":"mc-cf4dce40-2be1-372b-b914-917f5dcc644c","dimension":"minecraft:overworld","sequence":301,"lifecycle":{"event":"update"},"metadata":{},"position":{"x":-47.30000001192093,"y":71.0,"z":72.77925174075624,"space":"minecraft"},"rotation":{"yaw":324.45015716552734,"pitch":37.3499755859375,"roll":0}}
[19:42:21] [MC7DTD-entity-test-send/INFO]: Player proxy sent: {"type":"entity_state","version":1,"source":"minecraft","entity_type":"minecraft:player","entity_id":"4cee8e44-c4b9-4af8-ad92-2db1ac35aafd","stream_id":"ff55d991-cd59-45bf-acd4-77ae6eb479dc","world_id":"mc-cf4dce40-2be1-372b-b914-917f5dcc644c","dimension":"minecraft:overworld","sequence":302,"lifecycle":{"event":"update"},"metadata":{},"position":{"x":-47.30000001192093,"y":71.0,"z":72.77925174075624,"space":"minecraft"},"rotation":{"yaw":324.45015716552734,"pitch":37.3499755859375,"roll":0}}
[19:42:22] [MC7DTD-entity-test-send/INFO]: Player proxy sent: {"type":"entity_state","version":1,"source":"minecraft","entity_type":"minecraft:player","entity_id":"4cee8e44-c4b9-4af8-ad92-2db1ac35aafd","stream_id":"ff55d991-cd59-45bf-acd4-77ae6eb479dc","world_id":"mc-cf4dce40-2be1-372b-b914-917f5dcc644c","dimension":"minecraft:overworld","sequence":303,"lifecycle":{"event":"update"},"metadata":{},"position":{"x":-47.30000001192093,"y":71.0,"z":72.77925174075624,"space":"minecraft"},"rotation":{"yaw":324.45015716552734,"pitch":37.3499755859375,"roll":0}}
[19:42:22] [MC7DTD-entity-test-send/INFO]: Player proxy sent: {"type":"entity_state","version":1,"source":"minecraft","entity_type":"minecraft:player","entity_id":"4cee8e44-c4b9-4af8-ad92-2db1ac35aafd","stream_id":"ff55d991-cd59-45bf-acd4-77ae6eb479dc","world_id":"mc-cf4dce40-2be1-372b-b914-917f5dcc644c","dimension":"minecraft:overworld","sequence":304,"lifecycle":{"event":"update"},"metadata":{},"position":{"x":-47.30000001192093,"y":71.0,"z":72.77925174075624,"space":"minecraft"},"rotation":{"yaw":324.45015716552734,"pitch":37.3499755859375,"roll":0}}
[19:42:23] [MC7DTD-entity-test-send/INFO]: Player proxy sent: {"type":"entity_state","version":1,"source":"minecraft","entity_type":"minecraft:player","entity_id":"4cee8e44-c4b9-4af8-ad92-2db1ac35aafd","stream_id":"ff55d991-cd59-45bf-acd4-77ae6eb479dc","world_id":"mc-cf4dce40-2be1-372b-b914-917f5dcc644c","dimension":"minecraft:overworld","sequence":305,"lifecycle":{"event":"update"},"metadata":{},"position":{"x":-47.30000001192093,"y":71.0,"z":72.77925174075624,"space":"minecraft"},"rotation":{"yaw":324.45015716552734,"pitch":37.3499755859375,"roll":0}}
[19:42:23] [MC7DTD-entity-test-send/INFO]: Player proxy sent: {"type":"entity_state","version":1,"source":"minecraft","entity_type":"minecraft:player","entity_id":"4cee8e44-c4b9-4af8-ad92-2db1ac35aafd","stream_id":"ff55d991-cd59-45bf-acd4-77ae6eb479dc","world_id":"mc-cf4dce40-2be1-372b-b914-917f5dcc644c","dimension":"minecraft:overworld","sequence":306,"lifecycle":{"event":"update"},"metadata":{},"position":{"x":-47.30000001192093,"y":71.0,"z":72.77925174075624,"space":"minecraft"},"rotation":{"yaw":324.45015716552734,"pitch":37.3499755859375,"roll":0}}
[19:42:24] [MC7DTD-entity-test-send/INFO]: Player proxy sent: {"type":"entity_state","version":1,"source":"minecraft","entity_type":"minecraft:player","entity_id":"4cee8e44-c4b9-4af8-ad92-2db1ac35aafd","stream_id":"ff55d991-cd59-45bf-acd4-77ae6eb479dc","world_id":"mc-cf4dce40-2be1-372b-b914-917f5dcc644c","dimension":"minecraft:overworld","sequence":307,"lifecycle":{"event":"update"},"metadata":{},"position":{"x":-47.30000001192093,"y":71.0,"z":72.77925174075624,"space":"minecraft"},"rotation":{"yaw":324.45015716552734,"pitch":37.3499755859375,"roll":0}}
[19:42:25] [MC7DTD-entity-test-send/INFO]: Player proxy sent: {"type":"entity_state","version":1,"source":"minecraft","entity_type":"minecraft:player","entity_id":"4cee8e44-c4b9-4af8-ad92-2db1ac35aafd","stream_id":"ff55d991-cd59-45bf-acd4-77ae6eb479dc","world_id":"mc-cf4dce40-2be1-372b-b914-917f5dcc644c","dimension":"minecraft:overworld","sequence":308,"lifecycle":{"event":"update"},"metadata":{},"position":{"x":-47.30000001192093,"y":71.0,"z":72.77925174075624,"space":"minecraft"},"rotation":{"yaw":324.45015716552734,"pitch":37.3499755859375,"roll":0}}
[19:42:25] [MC7DTD-entity-test-send/INFO]: Player proxy sent: {"type":"entity_state","version":1,"source":"minecraft","entity_type":"minecraft:player","entity_id":"4cee8e44-c4b9-4af8-ad92-2db1ac35aafd","stream_id":"ff55d991-cd59-45bf-acd4-77ae6eb479dc","world_id":"mc-cf4dce40-2be1-372b-b914-917f5dcc644c","dimension":"minecraft:overworld","sequence":309,"lifecycle":{"event":"update"},"metadata":{},"position":{"x":-47.30000001192093,"y":71.0,"z":72.77925174075624,"space":"minecraft"},"rotation":{"yaw":324.45015716552734,"pitch":37.3499755859375,"roll":0}}
[19:42:26] [MC7DTD-entity-test-send/INFO]: Player proxy sent: {"type":"entity_state","version":1,"source":"minecraft","entity_type":"minecraft:player","entity_id":"4cee8e44-c4b9-4af8-ad92-2db1ac35aafd","stream_id":"ff55d991-cd59-45bf-acd4-77ae6eb479dc","world_id":"mc-cf4dce40-2be1-372b-b914-917f5dcc644c","dimension":"minecraft:overworld","sequence":310,"lifecycle":{"event":"update"},"metadata":{},"position":{"x":-47.30000001192093,"y":71.0,"z":72.77925174075624,"space":"minecraft"},"rotation":{"yaw":324.45015716552734,"pitch":37.3499755859375,"roll":0}}
[19:42:26] [MC7DTD-entity-test-send/INFO]: Player proxy sent: {"type":"entity_state","version":1,"source":"minecraft","entity_type":"minecraft:player","entity_id":"4cee8e44-c4b9-4af8-ad92-2db1ac35aafd","stream_id":"ff55d991-cd59-45bf-acd4-77ae6eb479dc","world_id":"mc-cf4dce40-2be1-372b-b914-917f5dcc644c","dimension":"minecraft:overworld","sequence":311,"lifecycle":{"event":"update"},"metadata":{},"position":{"x":-47.30000001192093,"y":71.0,"z":72.77925174075624,"space":"minecraft"},"rotation":{"yaw":324.45015716552734,"pitch":37.3499755859375,"roll":0}}
[19:42:27] [MC7DTD-entity-test-send/INFO]: Player proxy sent: {"type":"entity_state","version":1,"source":"minecraft","entity_type":"minecraft:player","entity_id":"4cee8e44-c4b9-4af8-ad92-2db1ac35aafd","stream_id":"ff55d991-cd59-45bf-acd4-77ae6eb479dc","world_id":"mc-cf4dce40-2be1-372b-b914-917f5dcc644c","dimension":"minecraft:overworld","sequence":312,"lifecycle":{"event":"update"},"metadata":{},"position":{"x":-47.30000001192093,"y":71.0,"z":72.77925174075624,"space":"minecraft"},"rotation":{"yaw":324.45015716552734,"pitch":37.3499755859375,"roll":0}}
[19:42:27] [MC7DTD-entity-test-send/INFO]: Player proxy sent: {"type":"entity_state","version":1,"source":"minecraft","entity_type":"minecraft:player","entity_id":"4cee8e44-c4b9-4af8-ad92-2db1ac35aafd","stream_id":"ff55d991-cd59-45bf-acd4-77ae6eb479dc","world_id":"mc-cf4dce40-2be1-372b-b914-917f5dcc644c","dimension":"minecraft:overworld","sequence":313,"lifecycle":{"event":"update"},"metadata":{},"position":{"x":-47.30000001192093,"y":71.0,"z":72.77925174075624,"space":"minecraft"},"rotation":{"yaw":324.45015716552734,"pitch":37.3499755859375,"roll":0}}
[19:42:28] [MC7DTD-entity-test-send/INFO]: Player proxy sent: {"type":"entity_state","version":1,"source":"minecraft","entity_type":"minecraft:player","entity_id":"4cee8e44-c4b9-4af8-ad92-2db1ac35aafd","stream_id":"ff55d991-cd59-45bf-acd4-77ae6eb479dc","world_id":"mc-cf4dce40-2be1-372b-b914-917f5dcc644c","dimension":"minecraft:overworld","sequence":314,"lifecycle":{"event":"update"},"metadata":{},"position":{"x":-47.30000001192093,"y":71.0,"z":72.77925174075624,"space":"minecraft"},"rotation":{"yaw":324.45015716552734,"pitch":37.3499755859375,"roll":0}}
[19:42:28] [MC7DTD-entity-test-send/INFO]: Player proxy sent: {"type":"entity_state","version":1,"source":"minecraft","entity_type":"minecraft:player","entity_id":"4cee8e44-c4b9-4af8-ad92-2db1ac35aafd","stream_id":"ff55d991-cd59-45bf-acd4-77ae6eb479dc","world_id":"mc-cf4dce40-2be1-372b-b914-917f5dcc644c","dimension":"minecraft:overworld","sequence":315,"lifecycle":{"event":"update"},"metadata":{},"position":{"x":-47.30000001192093,"y":71.0,"z":72.77925174075624,"space":"minecraft"},"rotation":{"yaw":324.45015716552734,"pitch":37.3499755859375,"roll":0}}
[19:42:29] [MC7DTD-entity-test-send/INFO]: Player proxy sent: {"type":"entity_state","version":1,"source":"minecraft","entity_type":"minecraft:player","entity_id":"4cee8e44-c4b9-4af8-ad92-2db1ac35aafd","stream_id":"ff55d991-cd59-45bf-acd4-77ae6eb479dc","world_id":"mc-cf4dce40-2be1-372b-b914-917f5dcc644c","dimension":"minecraft:overworld","sequence":316,"lifecycle":{"event":"update"},"metadata":{},"position":{"x":-47.30000001192093,"y":71.0,"z":72.77925174075624,"space":"minecraft"},"rotation":{"yaw":324.45015716552734,"pitch":37.3499755859375,"roll":0}}
[19:42:29] [MC7DTD-entity-test-send/INFO]: Player proxy sent: {"type":"entity_state","version":1,"source":"minecraft","entity_type":"minecraft:player","entity_id":"4cee8e44-c4b9-4af8-ad92-2db1ac35aafd","stream_id":"ff55d991-cd59-45bf-acd4-77ae6eb479dc","world_id":"mc-cf4dce40-2be1-372b-b914-917f5dcc644c","dimension":"minecraft:overworld","sequence":317,"lifecycle":{"event":"update"},"metadata":{},"position":{"x":-47.30000001192093,"y":71.0,"z":72.77925174075624,"space":"minecraft"},"rotation":{"yaw":324.45015716552734,"pitch":37.3499755859375,"roll":0}}
[19:42:30] [MC7DTD-entity-test-send/INFO]: Player proxy sent: {"type":"entity_state","version":1,"source":"minecraft","entity_type":"minecraft:player","entity_id":"4cee8e44-c4b9-4af8-ad92-2db1ac35aafd","stream_id":"ff55d991-cd59-45bf-acd4-77ae6eb479dc","world_id":"mc-cf4dce40-2be1-372b-b914-917f5dcc644c","dimension":"minecraft:overworld","sequence":318,"lifecycle":{"event":"update"},"metadata":{},"position":{"x":-47.30000001192093,"y":71.0,"z":72.77925174075624,"space":"minecraft"},"rotation":{"yaw":324.45015716552734,"pitch":37.3499755859375,"roll":0}}
[19:42:30] [MC7DTD-entity-test-send/INFO]: Player proxy sent: {"type":"entity_state","version":1,"source":"minecraft","entity_type":"minecraft:player","entity_id":"4cee8e44-c4b9-4af8-ad92-2db1ac35aafd","stream_id":"ff55d991-cd59-45bf-acd4-77ae6eb479dc","world_id":"mc-cf4dce40-2be1-372b-b914-917f5dcc644c","dimension":"minecraft:overworld","sequence":319,"lifecycle":{"event":"update"},"metadata":{},"position":{"x":-47.30000001192093,"y":71.0,"z":72.77925174075624,"space":"minecraft"},"rotation":{"yaw":324.45015716552734,"pitch":37.3499755859375,"roll":0}}
[19:42:31] [MC7DTD-entity-test-send/INFO]: Player proxy sent: {"type":"entity_state","version":1,"source":"minecraft","entity_type":"minecraft:player","entity_id":"4cee8e44-c4b9-4af8-ad92-2db1ac35aafd","stream_id":"ff55d991-cd59-45bf-acd4-77ae6eb479dc","world_id":"mc-cf4dce40-2be1-372b-b914-917f5dcc644c","dimension":"minecraft:overworld","sequence":320,"lifecycle":{"event":"update"},"metadata":{},"position":{"x":-47.30000001192093,"y":71.0,"z":72.77925174075624,"space":"minecraft"},"rotation":{"yaw":324.45015716552734,"pitch":37.3499755859375,"roll":0}}
[19:42:31] [MC7DTD-entity-test-send/INFO]: Player proxy sent: {"type":"entity_state","version":1,"source":"minecraft","entity_type":"minecraft:player","entity_id":"4cee8e44-c4b9-4af8-ad92-2db1ac35aafd","stream_id":"ff55d991-cd59-45bf-acd4-77ae6eb479dc","world_id":"mc-cf4dce40-2be1-372b-b914-917f5dcc644c","dimension":"minecraft:overworld","sequence":321,"lifecycle":{"event":"update"},"metadata":{},"position":{"x":-47.30000001192093,"y":71.0,"z":72.77925174075624,"space":"minecraft"},"rotation":{"yaw":324.45015716552734,"pitch":37.3499755859375,"roll":0}}
[19:42:32] [MC7DTD-entity-test-send/INFO]: Player proxy sent: {"type":"entity_state","version":1,"source":"minecraft","entity_type":"minecraft:player","entity_id":"4cee8e44-c4b9-4af8-ad92-2db1ac35aafd","stream_id":"ff55d991-cd59-45bf-acd4-77ae6eb479dc","world_id":"mc-cf4dce40-2be1-372b-b914-917f5dcc644c","dimension":"minecraft:overworld","sequence":322,"lifecycle":{"event":"update"},"metadata":{},"position":{"x":-47.30000001192093,"y":71.0,"z":72.77925174075624,"space":"minecraft"},"rotation":{"yaw":324.45015716552734,"pitch":37.3499755859375,"roll":0}}
[19:42:32] [MC7DTD-entity-test-send/INFO]: Player proxy sent: {"type":"entity_state","version":1,"source":"minecraft","entity_type":"minecraft:player","entity_id":"4cee8e44-c4b9-4af8-ad92-2db1ac35aafd","stream_id":"ff55d991-cd59-45bf-acd4-77ae6eb479dc","world_id":"mc-cf4dce40-2be1-372b-b914-917f5dcc644c","dimension":"minecraft:overworld","sequence":323,"lifecycle":{"event":"update"},"metadata":{},"position":{"x":-47.30000001192093,"y":71.0,"z":72.77925174075624,"space":"minecraft"},"rotation":{"yaw":324.45015716552734,"pitch":37.3499755859375,"roll":0}}
[19:42:33] [MC7DTD-entity-test-send/INFO]: Player proxy sent: {"type":"entity_state","version":1,"source":"minecraft","entity_type":"minecraft:player","entity_id":"4cee8e44-c4b9-4af8-ad92-2db1ac35aafd","stream_id":"ff55d991-cd59-45bf-acd4-77ae6eb479dc","world_id":"mc-cf4dce40-2be1-372b-b914-917f5dcc644c","dimension":"minecraft:overworld","sequence":324,"lifecycle":{"event":"update"},"metadata":{},"position":{"x":-47.30000001192093,"y":71.0,"z":72.77925174075624,"space":"minecraft"},"rotation":{"yaw":324.45015716552734,"pitch":37.3499755859375,"roll":0}}
[19:42:33] [MC7DTD-entity-test-send/INFO]: Player proxy sent: {"type":"entity_state","version":1,"source":"minecraft","entity_type":"minecraft:player","entity_id":"4cee8e44-c4b9-4af8-ad92-2db1ac35aafd","stream_id":"ff55d991-cd59-45bf-acd4-77ae6eb479dc","world_id":"mc-cf4dce40-2be1-372b-b914-917f5dcc644c","dimension":"minecraft:overworld","sequence":325,"lifecycle":{"event":"update"},"metadata":{},"position":{"x":-47.30000001192093,"y":71.0,"z":72.77925174075624,"space":"minecraft"},"rotation":{"yaw":324.45015716552734,"pitch":37.3499755859375,"roll":0}}
[19:42:34] [MC7DTD-entity-test-send/INFO]: Player proxy sent: {"type":"entity_state","version":1,"source":"minecraft","entity_type":"minecraft:player","entity_id":"4cee8e44-c4b9-4af8-ad92-2db1ac35aafd","stream_id":"ff55d991-cd59-45bf-acd4-77ae6eb479dc","world_id":"mc-cf4dce40-2be1-372b-b914-917f5dcc644c","dimension":"minecraft:overworld","sequence":326,"lifecycle":{"event":"update"},"metadata":{},"position":{"x":-47.30000001192093,"y":71.0,"z":72.77925174075624,"space":"minecraft"},"rotation":{"yaw":324.45015716552734,"pitch":37.3499755859375,"roll":0}}
[19:42:34] [MC7DTD-entity-test-send/INFO]: Player proxy sent: {"type":"entity_state","version":1,"source":"minecraft","entity_type":"minecraft:player","entity_id":"4cee8e44-c4b9-4af8-ad92-2db1ac35aafd","stream_id":"ff55d991-cd59-45bf-acd4-77ae6eb479dc","world_id":"mc-cf4dce40-2be1-372b-b914-917f5dcc644c","dimension":"minecraft:overworld","sequence":327,"lifecycle":{"event":"update"},"metadata":{},"position":{"x":-47.30000001192093,"y":71.0,"z":72.77925174075624,"space":"minecraft"},"rotation":{"yaw":324.45015716552734,"pitch":37.3499755859375,"roll":0}}
[19:42:35] [MC7DTD-entity-test-send/INFO]: Player proxy sent: {"type":"entity_state","version":1,"source":"minecraft","entity_type":"minecraft:player","entity_id":"4cee8e44-c4b9-4af8-ad92-2db1ac35aafd","stream_id":"ff55d991-cd59-45bf-acd4-77ae6eb479dc","world_id":"mc-cf4dce40-2be1-372b-b914-917f5dcc644c","dimension":"minecraft:overworld","sequence":328,"lifecycle":{"event":"update"},"metadata":{},"position":{"x":-47.30000001192093,"y":71.0,"z":72.77925174075624,"space":"minecraft"},"rotation":{"yaw":324.45015716552734,"pitch":37.3499755859375,"roll":0}}
[19:42:35] [MC7DTD-entity-test-send/INFO]: Player proxy sent: {"type":"entity_state","version":1,"source":"minecraft","entity_type":"minecraft:player","entity_id":"4cee8e44-c4b9-4af8-ad92-2db1ac35aafd","stream_id":"ff55d991-cd59-45bf-acd4-77ae6eb479dc","world_id":"mc-cf4dce40-2be1-372b-b914-917f5dcc644c","dimension":"minecraft:overworld","sequence":329,"lifecycle":{"event":"update"},"metadata":{},"position":{"x":-47.30000001192093,"y":71.0,"z":72.77925174075624,"space":"minecraft"},"rotation":{"yaw":324.45015716552734,"pitch":37.3499755859375,"roll":0}}
[19:42:36] [MC7DTD-entity-test-send/INFO]: Player proxy sent: {"type":"entity_state","version":1,"source":"minecraft","entity_type":"minecraft:player","entity_id":"4cee8e44-c4b9-4af8-ad92-2db1ac35aafd","stream_id":"ff55d991-cd59-45bf-acd4-77ae6eb479dc","world_id":"mc-cf4dce40-2be1-372b-b914-917f5dcc644c","dimension":"minecraft:overworld","sequence":330,"lifecycle":{"event":"update"},"metadata":{},"position":{"x":-47.30000001192093,"y":71.0,"z":72.77925174075624,"space":"minecraft"},"rotation":{"yaw":324.45015716552734,"pitch":37.3499755859375,"roll":0}}
[19:42:36] [MC7DTD-entity-test-send/INFO]: Player proxy sent: {"type":"entity_state","version":1,"source":"minecraft","entity_type":"minecraft:player","entity_id":"4cee8e44-c4b9-4af8-ad92-2db1ac35aafd","stream_id":"ff55d991-cd59-45bf-acd4-77ae6eb479dc","world_id":"mc-cf4dce40-2be1-372b-b914-917f5dcc644c","dimension":"minecraft:overworld","sequence":331,"lifecycle":{"event":"update"},"metadata":{},"position":{"x":-47.30000001192093,"y":71.0,"z":72.77925174075624,"space":"minecraft"},"rotation":{"yaw":324.45015716552734,"pitch":37.3499755859375,"roll":0}}
[19:42:37] [MC7DTD-entity-test-send/INFO]: Player proxy sent: {"type":"entity_state","version":1,"source":"minecraft","entity_type":"minecraft:player","entity_id":"4cee8e44-c4b9-4af8-ad92-2db1ac35aafd","stream_id":"ff55d991-cd59-45bf-acd4-77ae6eb479dc","world_id":"mc-cf4dce40-2be1-372b-b914-917f5dcc644c","dimension":"minecraft:overworld","sequence":332,"lifecycle":{"event":"update"},"metadata":{},"position":{"x":-47.30000001192093,"y":71.0,"z":72.77925174075624,"space":"minecraft"},"rotation":{"yaw":324.45015716552734,"pitch":37.3499755859375,"roll":0}}
[19:42:37] [MC7DTD-entity-test-send/INFO]: Player proxy sent: {"type":"entity_state","version":1,"source":"minecraft","entity_type":"minecraft:player","entity_id":"4cee8e44-c4b9-4af8-ad92-2db1ac35aafd","stream_id":"ff55d991-cd59-45bf-acd4-77ae6eb479dc","world_id":"mc-cf4dce40-2be1-372b-b914-917f5dcc644c","dimension":"minecraft:overworld","sequence":333,"lifecycle":{"event":"update"},"metadata":{},"position":{"x":-47.30000001192093,"y":71.0,"z":72.77925174075624,"space":"minecraft"},"rotation":{"yaw":324.45015716552734,"pitch":37.3499755859375,"roll":0}}
[19:42:38] [MC7DTD-entity-test-send/INFO]: Player proxy sent: {"type":"entity_state","version":1,"source":"minecraft","entity_type":"minecraft:player","entity_id":"4cee8e44-c4b9-4af8-ad92-2db1ac35aafd","stream_id":"ff55d991-cd59-45bf-acd4-77ae6eb479dc","world_id":"mc-cf4dce40-2be1-372b-b914-917f5dcc644c","dimension":"minecraft:overworld","sequence":334,"lifecycle":{"event":"update"},"metadata":{},"position":{"x":-47.30000001192093,"y":71.0,"z":72.77925174075624,"space":"minecraft"},"rotation":{"yaw":324.45015716552734,"pitch":37.3499755859375,"roll":0}}
[19:42:38] [MC7DTD-entity-test-send/INFO]: Player proxy sent: {"type":"entity_state","version":1,"source":"minecraft","entity_type":"minecraft:player","entity_id":"4cee8e44-c4b9-4af8-ad92-2db1ac35aafd","stream_id":"ff55d991-cd59-45bf-acd4-77ae6eb479dc","world_id":"mc-cf4dce40-2be1-372b-b914-917f5dcc644c","dimension":"minecraft:overworld","sequence":335,"lifecycle":{"event":"update"},"metadata":{},"position":{"x":-47.30000001192093,"y":71.0,"z":72.77925174075624,"space":"minecraft"},"rotation":{"yaw":324.45015716552734,"pitch":37.3499755859375,"roll":0}}
[19:42:39] [MC7DTD-entity-test-send/INFO]: Player proxy sent: {"type":"entity_state","version":1,"source":"minecraft","entity_type":"minecraft:player","entity_id":"4cee8e44-c4b9-4af8-ad92-2db1ac35aafd","stream_id":"ff55d991-cd59-45bf-acd4-77ae6eb479dc","world_id":"mc-cf4dce40-2be1-372b-b914-917f5dcc644c","dimension":"minecraft:overworld","sequence":336,"lifecycle":{"event":"update"},"metadata":{},"position":{"x":-47.30000001192093,"y":71.0,"z":72.77925174075624,"space":"minecraft"},"rotation":{"yaw":324.45015716552734,"pitch":37.3499755859375,"roll":0}}
[19:42:39] [MC7DTD-entity-test-send/INFO]: Player proxy sent: {"type":"entity_state","version":1,"source":"minecraft","entity_type":"minecraft:player","entity_id":"4cee8e44-c4b9-4af8-ad92-2db1ac35aafd","stream_id":"ff55d991-cd59-45bf-acd4-77ae6eb479dc","world_id":"mc-cf4dce40-2be1-372b-b914-917f5dcc644c","dimension":"minecraft:overworld","sequence":337,"lifecycle":{"event":"update"},"metadata":{},"position":{"x":-47.30000001192093,"y":71.0,"z":72.77925174075624,"space":"minecraft"},"rotation":{"yaw":324.45015716552734,"pitch":37.3499755859375,"roll":0}}
[19:42:40] [MC7DTD-entity-test-send/INFO]: Player proxy sent: {"type":"entity_state","version":1,"source":"minecraft","entity_type":"minecraft:player","entity_id":"4cee8e44-c4b9-4af8-ad92-2db1ac35aafd","stream_id":"ff55d991-cd59-45bf-acd4-77ae6eb479dc","world_id":"mc-cf4dce40-2be1-372b-b914-917f5dcc644c","dimension":"minecraft:overworld","sequence":338,"lifecycle":{"event":"update"},"metadata":{},"position":{"x":-47.30000001192093,"y":71.0,"z":72.77925174075624,"space":"minecraft"},"rotation":{"yaw":324.45015716552734,"pitch":37.3499755859375,"roll":0}}
[19:42:40] [MC7DTD-entity-test-send/INFO]: Player proxy sent: {"type":"entity_state","version":1,"source":"minecraft","entity_type":"minecraft:player","entity_id":"4cee8e44-c4b9-4af8-ad92-2db1ac35aafd","stream_id":"ff55d991-cd59-45bf-acd4-77ae6eb479dc","world_id":"mc-cf4dce40-2be1-372b-b914-917f5dcc644c","dimension":"minecraft:overworld","sequence":339,"lifecycle":{"event":"update"},"metadata":{},"position":{"x":-47.30000001192093,"y":71.0,"z":72.77925174075624,"space":"minecraft"},"rotation":{"yaw":324.45015716552734,"pitch":37.3499755859375,"roll":0}}
[19:42:41] [MC7DTD-entity-test-send/INFO]: Player proxy sent: {"type":"entity_state","version":1,"source":"minecraft","entity_type":"minecraft:player","entity_id":"4cee8e44-c4b9-4af8-ad92-2db1ac35aafd","stream_id":"ff55d991-cd59-45bf-acd4-77ae6eb479dc","world_id":"mc-cf4dce40-2be1-372b-b914-917f5dcc644c","dimension":"minecraft:overworld","sequence":340,"lifecycle":{"event":"update"},"metadata":{},"position":{"x":-47.30000001192093,"y":71.0,"z":72.77925174075624,"space":"minecraft"},"rotation":{"yaw":324.45015716552734,"pitch":37.3499755859375,"roll":0}}
[19:42:41] [MC7DTD-entity-test-send/INFO]: Player proxy sent: {"type":"entity_state","version":1,"source":"minecraft","entity_type":"minecraft:player","entity_id":"4cee8e44-c4b9-4af8-ad92-2db1ac35aafd","stream_id":"ff55d991-cd59-45bf-acd4-77ae6eb479dc","world_id":"mc-cf4dce40-2be1-372b-b914-917f5dcc644c","dimension":"minecraft:overworld","sequence":341,"lifecycle":{"event":"update"},"metadata":{},"position":{"x":-47.30000001192093,"y":71.0,"z":72.77925174075624,"space":"minecraft"},"rotation":{"yaw":324.45015716552734,"pitch":37.3499755859375,"roll":0}}
[19:42:42] [MC7DTD-entity-test-send/INFO]: Player proxy sent: {"type":"entity_state","version":1,"source":"minecraft","entity_type":"minecraft:player","entity_id":"4cee8e44-c4b9-4af8-ad92-2db1ac35aafd","stream_id":"ff55d991-cd59-45bf-acd4-77ae6eb479dc","world_id":"mc-cf4dce40-2be1-372b-b914-917f5dcc644c","dimension":"minecraft:overworld","sequence":342,"lifecycle":{"event":"update"},"metadata":{},"position":{"x":-47.30000001192093,"y":71.0,"z":72.77925174075624,"space":"minecraft"},"rotation":{"yaw":324.45015716552734,"pitch":37.3499755859375,"roll":0}}
[19:42:42] [MC7DTD-entity-test-send/INFO]: Player proxy sent: {"type":"entity_state","version":1,"source":"minecraft","entity_type":"minecraft:player","entity_id":"4cee8e44-c4b9-4af8-ad92-2db1ac35aafd","stream_id":"ff55d991-cd59-45bf-acd4-77ae6eb479dc","world_id":"mc-cf4dce40-2be1-372b-b914-917f5dcc644c","dimension":"minecraft:overworld","sequence":343,"lifecycle":{"event":"update"},"metadata":{},"position":{"x":-47.30000001192093,"y":71.0,"z":72.77925174075624,"space":"minecraft"},"rotation":{"yaw":324.45015716552734,"pitch":37.3499755859375,"roll":0}}
[19:42:43] [MC7DTD-entity-test-send/INFO]: Player proxy sent: {"type":"entity_state","version":1,"source":"minecraft","entity_type":"minecraft:player","entity_id":"4cee8e44-c4b9-4af8-ad92-2db1ac35aafd","stream_id":"ff55d991-cd59-45bf-acd4-77ae6eb479dc","world_id":"mc-cf4dce40-2be1-372b-b914-917f5dcc644c","dimension":"minecraft:overworld","sequence":344,"lifecycle":{"event":"update"},"metadata":{},"position":{"x":-47.30000001192093,"y":71.0,"z":72.77925174075624,"space":"minecraft"},"rotation":{"yaw":324.45015716552734,"pitch":37.3499755859375,"roll":0}}
[19:42:43] [MC7DTD-entity-test-send/INFO]: Player proxy sent: {"type":"entity_state","version":1,"source":"minecraft","entity_type":"minecraft:player","entity_id":"4cee8e44-c4b9-4af8-ad92-2db1ac35aafd","stream_id":"ff55d991-cd59-45bf-acd4-77ae6eb479dc","world_id":"mc-cf4dce40-2be1-372b-b914-917f5dcc644c","dimension":"minecraft:overworld","sequence":345,"lifecycle":{"event":"update"},"metadata":{},"position":{"x":-47.30000001192093,"y":71.0,"z":72.77925174075624,"space":"minecraft"},"rotation":{"yaw":324.45015716552734,"pitch":37.3499755859375,"roll":0}}
[19:42:44] [MC7DTD-entity-test-send/INFO]: Player proxy sent: {"type":"entity_state","version":1,"source":"minecraft","entity_type":"minecraft:player","entity_id":"4cee8e44-c4b9-4af8-ad92-2db1ac35aafd","stream_id":"ff55d991-cd59-45bf-acd4-77ae6eb479dc","world_id":"mc-cf4dce40-2be1-372b-b914-917f5dcc644c","dimension":"minecraft:overworld","sequence":346,"lifecycle":{"event":"update"},"metadata":{},"position":{"x":-47.30000001192093,"y":71.0,"z":72.77925174075624,"space":"minecraft"},"rotation":{"yaw":324.45015716552734,"pitch":37.3499755859375,"roll":0}}
[19:42:44] [MC7DTD-entity-test-send/INFO]: Player proxy sent: {"type":"entity_state","version":1,"source":"minecraft","entity_type":"minecraft:player","entity_id":"4cee8e44-c4b9-4af8-ad92-2db1ac35aafd","stream_id":"ff55d991-cd59-45bf-acd4-77ae6eb479dc","world_id":"mc-cf4dce40-2be1-372b-b914-917f5dcc644c","dimension":"minecraft:overworld","sequence":347,"lifecycle":{"event":"update"},"metadata":{},"position":{"x":-47.30000001192093,"y":71.0,"z":72.77925174075624,"space":"minecraft"},"rotation":{"yaw":324.45015716552734,"pitch":37.3499755859375,"roll":0}}
[19:42:45] [MC7DTD-entity-test-send/INFO]: Player proxy sent: {"type":"entity_state","version":1,"source":"minecraft","entity_type":"minecraft:player","entity_id":"4cee8e44-c4b9-4af8-ad92-2db1ac35aafd","stream_id":"ff55d991-cd59-45bf-acd4-77ae6eb479dc","world_id":"mc-cf4dce40-2be1-372b-b914-917f5dcc644c","dimension":"minecraft:overworld","sequence":348,"lifecycle":{"event":"update"},"metadata":{},"position":{"x":-47.30000001192093,"y":71.0,"z":72.77925174075624,"space":"minecraft"},"rotation":{"yaw":324.45015716552734,"pitch":37.3499755859375,"roll":0}}
[19:42:45] [MC7DTD-entity-test-send/INFO]: Player proxy sent: {"type":"entity_state","version":1,"source":"minecraft","entity_type":"minecraft:player","entity_id":"4cee8e44-c4b9-4af8-ad92-2db1ac35aafd","stream_id":"ff55d991-cd59-45bf-acd4-77ae6eb479dc","world_id":"mc-cf4dce40-2be1-372b-b914-917f5dcc644c","dimension":"minecraft:overworld","sequence":349,"lifecycle":{"event":"update"},"metadata":{},"position":{"x":-47.30000001192093,"y":71.0,"z":72.77925174075624,"space":"minecraft"},"rotation":{"yaw":324.45015716552734,"pitch":37.3499755859375,"roll":0}}
[19:42:46] [MC7DTD-entity-test-send/INFO]: Player proxy sent: {"type":"entity_state","version":1,"source":"minecraft","entity_type":"minecraft:player","entity_id":"4cee8e44-c4b9-4af8-ad92-2db1ac35aafd","stream_id":"ff55d991-cd59-45bf-acd4-77ae6eb479dc","world_id":"mc-cf4dce40-2be1-372b-b914-917f5dcc644c","dimension":"minecraft:overworld","sequence":350,"lifecycle":{"event":"update"},"metadata":{},"position":{"x":-47.30000001192093,"y":71.0,"z":72.77925174075624,"space":"minecraft"},"rotation":{"yaw":324.45015716552734,"pitch":37.3499755859375,"roll":0}}
[19:42:46] [MC7DTD-entity-test-send/INFO]: Player proxy sent: {"type":"entity_state","version":1,"source":"minecraft","entity_type":"minecraft:player","entity_id":"4cee8e44-c4b9-4af8-ad92-2db1ac35aafd","stream_id":"ff55d991-cd59-45bf-acd4-77ae6eb479dc","world_id":"mc-cf4dce40-2be1-372b-b914-917f5dcc644c","dimension":"minecraft:overworld","sequence":351,"lifecycle":{"event":"update"},"metadata":{},"position":{"x":-47.30000001192093,"y":71.0,"z":72.77925174075624,"space":"minecraft"},"rotation":{"yaw":324.45015716552734,"pitch":37.3499755859375,"roll":0}}
[19:42:47] [MC7DTD-entity-test-send/INFO]: Player proxy sent: {"type":"entity_state","version":1,"source":"minecraft","entity_type":"minecraft:player","entity_id":"4cee8e44-c4b9-4af8-ad92-2db1ac35aafd","stream_id":"ff55d991-cd59-45bf-acd4-77ae6eb479dc","world_id":"mc-cf4dce40-2be1-372b-b914-917f5dcc644c","dimension":"minecraft:overworld","sequence":352,"lifecycle":{"event":"update"},"metadata":{},"position":{"x":-47.30000001192093,"y":71.0,"z":72.77925174075624,"space":"minecraft"},"rotation":{"yaw":324.45015716552734,"pitch":37.3499755859375,"roll":0}}
[19:42:47] [MC7DTD-entity-test-send/INFO]: Player proxy sent: {"type":"entity_state","version":1,"source":"minecraft","entity_type":"minecraft:player","entity_id":"4cee8e44-c4b9-4af8-ad92-2db1ac35aafd","stream_id":"ff55d991-cd59-45bf-acd4-77ae6eb479dc","world_id":"mc-cf4dce40-2be1-372b-b914-917f5dcc644c","dimension":"minecraft:overworld","sequence":353,"lifecycle":{"event":"update"},"metadata":{},"position":{"x":-47.30000001192093,"y":71.0,"z":72.77925174075624,"space":"minecraft"},"rotation":{"yaw":324.45015716552734,"pitch":37.3499755859375,"roll":0}}
[19:42:48] [MC7DTD-entity-test-send/INFO]: Player proxy sent: {"type":"entity_state","version":1,"source":"minecraft","entity_type":"minecraft:player","entity_id":"4cee8e44-c4b9-4af8-ad92-2db1ac35aafd","stream_id":"ff55d991-cd59-45bf-acd4-77ae6eb479dc","world_id":"mc-cf4dce40-2be1-372b-b914-917f5dcc644c","dimension":"minecraft:overworld","sequence":354,"lifecycle":{"event":"update"},"metadata":{},"position":{"x":-47.30000001192093,"y":71.0,"z":72.77925174075624,"space":"minecraft"},"rotation":{"yaw":324.45015716552734,"pitch":37.3499755859375,"roll":0}}
[19:42:48] [MC7DTD-entity-test-send/INFO]: Player proxy sent: {"type":"entity_state","version":1,"source":"minecraft","entity_type":"minecraft:player","entity_id":"4cee8e44-c4b9-4af8-ad92-2db1ac35aafd","stream_id":"ff55d991-cd59-45bf-acd4-77ae6eb479dc","world_id":"mc-cf4dce40-2be1-372b-b914-917f5dcc644c","dimension":"minecraft:overworld","sequence":355,"lifecycle":{"event":"update"},"metadata":{},"position":{"x":-47.30000001192093,"y":71.0,"z":72.77925174075624,"space":"minecraft"},"rotation":{"yaw":324.45015716552734,"pitch":37.3499755859375,"roll":0}}
[19:42:49] [MC7DTD-entity-test-send/INFO]: Player proxy sent: {"type":"entity_state","version":1,"source":"minecraft","entity_type":"minecraft:player","entity_id":"4cee8e44-c4b9-4af8-ad92-2db1ac35aafd","stream_id":"ff55d991-cd59-45bf-acd4-77ae6eb479dc","world_id":"mc-cf4dce40-2be1-372b-b914-917f5dcc644c","dimension":"minecraft:overworld","sequence":356,"lifecycle":{"event":"update"},"metadata":{},"position":{"x":-47.30000001192093,"y":71.0,"z":72.77925174075624,"space":"minecraft"},"rotation":{"yaw":324.45015716552734,"pitch":37.3499755859375,"roll":0}}
[19:42:49] [MC7DTD-entity-test-send/INFO]: Player proxy sent: {"type":"entity_state","version":1,"source":"minecraft","entity_type":"minecraft:player","entity_id":"4cee8e44-c4b9-4af8-ad92-2db1ac35aafd","stream_id":"ff55d991-cd59-45bf-acd4-77ae6eb479dc","world_id":"mc-cf4dce40-2be1-372b-b914-917f5dcc644c","dimension":"minecraft:overworld","sequence":357,"lifecycle":{"event":"update"},"metadata":{},"position":{"x":-47.30000001192093,"y":71.0,"z":72.77925174075624,"space":"minecraft"},"rotation":{"yaw":324.45015716552734,"pitch":37.3499755859375,"roll":0}}
[19:42:50] [MC7DTD-entity-test-send/INFO]: Player proxy sent: {"type":"entity_state","version":1,"source":"minecraft","entity_type":"minecraft:player","entity_id":"4cee8e44-c4b9-4af8-ad92-2db1ac35aafd","stream_id":"ff55d991-cd59-45bf-acd4-77ae6eb479dc","world_id":"mc-cf4dce40-2be1-372b-b914-917f5dcc644c","dimension":"minecraft:overworld","sequence":358,"lifecycle":{"event":"update"},"metadata":{},"position":{"x":-47.30000001192093,"y":71.0,"z":72.77925174075624,"space":"minecraft"},"rotation":{"yaw":324.45015716552734,"pitch":37.3499755859375,"roll":0}}
[19:42:50] [MC7DTD-entity-test-send/INFO]: Player proxy sent: {"type":"entity_state","version":1,"source":"minecraft","entity_type":"minecraft:player","entity_id":"4cee8e44-c4b9-4af8-ad92-2db1ac35aafd","stream_id":"ff55d991-cd59-45bf-acd4-77ae6eb479dc","world_id":"mc-cf4dce40-2be1-372b-b914-917f5dcc644c","dimension":"minecraft:overworld","sequence":359,"lifecycle":{"event":"update"},"metadata":{},"position":{"x":-47.30000001192093,"y":71.0,"z":72.77925174075624,"space":"minecraft"},"rotation":{"yaw":324.45015716552734,"pitch":37.3499755859375,"roll":0}}
[19:42:51] [MC7DTD-entity-test-send/INFO]: Player proxy sent: {"type":"entity_state","version":1,"source":"minecraft","entity_type":"minecraft:player","entity_id":"4cee8e44-c4b9-4af8-ad92-2db1ac35aafd","stream_id":"ff55d991-cd59-45bf-acd4-77ae6eb479dc","world_id":"mc-cf4dce40-2be1-372b-b914-917f5dcc644c","dimension":"minecraft:overworld","sequence":360,"lifecycle":{"event":"update"},"metadata":{},"position":{"x":-47.30000001192093,"y":71.0,"z":72.77925174075624,"space":"minecraft"},"rotation":{"yaw":324.45015716552734,"pitch":37.3499755859375,"roll":0}}
[19:42:51] [MC7DTD-entity-test-send/INFO]: Player proxy sent: {"type":"entity_state","version":1,"source":"minecraft","entity_type":"minecraft:player","entity_id":"4cee8e44-c4b9-4af8-ad92-2db1ac35aafd","stream_id":"ff55d991-cd59-45bf-acd4-77ae6eb479dc","world_id":"mc-cf4dce40-2be1-372b-b914-917f5dcc644c","dimension":"minecraft:overworld","sequence":361,"lifecycle":{"event":"update"},"metadata":{},"position":{"x":-47.30000001192093,"y":71.0,"z":72.77925174075624,"space":"minecraft"},"rotation":{"yaw":324.45015716552734,"pitch":37.3499755859375,"roll":0}}
[19:42:52] [MC7DTD-entity-test-send/INFO]: Player proxy sent: {"type":"entity_state","version":1,"source":"minecraft","entity_type":"minecraft:player","entity_id":"4cee8e44-c4b9-4af8-ad92-2db1ac35aafd","stream_id":"ff55d991-cd59-45bf-acd4-77ae6eb479dc","world_id":"mc-cf4dce40-2be1-372b-b914-917f5dcc644c","dimension":"minecraft:overworld","sequence":362,"lifecycle":{"event":"update"},"metadata":{},"position":{"x":-47.30000001192093,"y":71.0,"z":72.77925174075624,"space":"minecraft"},"rotation":{"yaw":324.45015716552734,"pitch":37.3499755859375,"roll":0}}
[19:42:52] [MC7DTD-entity-test-send/INFO]: Player proxy sent: {"type":"entity_state","version":1,"source":"minecraft","entity_type":"minecraft:player","entity_id":"4cee8e44-c4b9-4af8-ad92-2db1ac35aafd","stream_id":"ff55d991-cd59-45bf-acd4-77ae6eb479dc","world_id":"mc-cf4dce40-2be1-372b-b914-917f5dcc644c","dimension":"minecraft:overworld","sequence":363,"lifecycle":{"event":"update"},"metadata":{},"position":{"x":-47.30000001192093,"y":71.0,"z":72.77925174075624,"space":"minecraft"},"rotation":{"yaw":324.45015716552734,"pitch":37.3499755859375,"roll":0}}
[19:42:53] [MC7DTD-entity-test-send/INFO]: Player proxy sent: {"type":"entity_state","version":1,"source":"minecraft","entity_type":"minecraft:player","entity_id":"4cee8e44-c4b9-4af8-ad92-2db1ac35aafd","stream_id":"ff55d991-cd59-45bf-acd4-77ae6eb479dc","world_id":"mc-cf4dce40-2be1-372b-b914-917f5dcc644c","dimension":"minecraft:overworld","sequence":364,"lifecycle":{"event":"update"},"metadata":{},"position":{"x":-47.30000001192093,"y":71.0,"z":72.77925174075624,"space":"minecraft"},"rotation":{"yaw":324.45015716552734,"pitch":37.3499755859375,"roll":0}}
[19:42:53] [MC7DTD-entity-test-send/INFO]: Player proxy sent: {"type":"entity_state","version":1,"source":"minecraft","entity_type":"minecraft:player","entity_id":"4cee8e44-c4b9-4af8-ad92-2db1ac35aafd","stream_id":"ff55d991-cd59-45bf-acd4-77ae6eb479dc","world_id":"mc-cf4dce40-2be1-372b-b914-917f5dcc644c","dimension":"minecraft:overworld","sequence":365,"lifecycle":{"event":"update"},"metadata":{},"position":{"x":-47.30000001192093,"y":71.0,"z":72.77925174075624,"space":"minecraft"},"rotation":{"yaw":324.45015716552734,"pitch":37.3499755859375,"roll":0}}
[19:42:54] [MC7DTD-entity-test-send/INFO]: Player proxy sent: {"type":"entity_state","version":1,"source":"minecraft","entity_type":"minecraft:player","entity_id":"4cee8e44-c4b9-4af8-ad92-2db1ac35aafd","stream_id":"ff55d991-cd59-45bf-acd4-77ae6eb479dc","world_id":"mc-cf4dce40-2be1-372b-b914-917f5dcc644c","dimension":"minecraft:overworld","sequence":366,"lifecycle":{"event":"update"},"metadata":{},"position":{"x":-47.30000001192093,"y":71.0,"z":72.77925174075624,"space":"minecraft"},"rotation":{"yaw":324.45015716552734,"pitch":37.3499755859375,"roll":0}}
[19:42:54] [MC7DTD-entity-test-send/INFO]: Player proxy sent: {"type":"entity_state","version":1,"source":"minecraft","entity_type":"minecraft:player","entity_id":"4cee8e44-c4b9-4af8-ad92-2db1ac35aafd","stream_id":"ff55d991-cd59-45bf-acd4-77ae6eb479dc","world_id":"mc-cf4dce40-2be1-372b-b914-917f5dcc644c","dimension":"minecraft:overworld","sequence":367,"lifecycle":{"event":"update"},"metadata":{},"position":{"x":-47.30000001192093,"y":71.0,"z":72.77925174075624,"space":"minecraft"},"rotation":{"yaw":324.45015716552734,"pitch":37.3499755859375,"roll":0}}
[19:42:55] [MC7DTD-entity-test-send/INFO]: Player proxy sent: {"type":"entity_state","version":1,"source":"minecraft","entity_type":"minecraft:player","entity_id":"4cee8e44-c4b9-4af8-ad92-2db1ac35aafd","stream_id":"ff55d991-cd59-45bf-acd4-77ae6eb479dc","world_id":"mc-cf4dce40-2be1-372b-b914-917f5dcc644c","dimension":"minecraft:overworld","sequence":368,"lifecycle":{"event":"update"},"metadata":{},"position":{"x":-47.30000001192093,"y":71.0,"z":72.77925174075624,"space":"minecraft"},"rotation":{"yaw":324.45015716552734,"pitch":37.3499755859375,"roll":0}}
[19:42:55] [MC7DTD-entity-test-send/INFO]: Player proxy sent: {"type":"entity_state","version":1,"source":"minecraft","entity_type":"minecraft:player","entity_id":"4cee8e44-c4b9-4af8-ad92-2db1ac35aafd","stream_id":"ff55d991-cd59-45bf-acd4-77ae6eb479dc","world_id":"mc-cf4dce40-2be1-372b-b914-917f5dcc644c","dimension":"minecraft:overworld","sequence":369,"lifecycle":{"event":"update"},"metadata":{},"position":{"x":-47.30000001192093,"y":71.0,"z":72.77925174075624,"space":"minecraft"},"rotation":{"yaw":324.45015716552734,"pitch":37.3499755859375,"roll":0}}
[19:42:56] [MC7DTD-entity-test-send/INFO]: Player proxy sent: {"type":"entity_state","version":1,"source":"minecraft","entity_type":"minecraft:player","entity_id":"4cee8e44-c4b9-4af8-ad92-2db1ac35aafd","stream_id":"ff55d991-cd59-45bf-acd4-77ae6eb479dc","world_id":"mc-cf4dce40-2be1-372b-b914-917f5dcc644c","dimension":"minecraft:overworld","sequence":370,"lifecycle":{"event":"update"},"metadata":{},"position":{"x":-47.30000001192093,"y":71.0,"z":72.77925174075624,"space":"minecraft"},"rotation":{"yaw":324.45015716552734,"pitch":37.3499755859375,"roll":0}}
[19:42:56] [MC7DTD-entity-test-send/INFO]: Player proxy sent: {"type":"entity_state","version":1,"source":"minecraft","entity_type":"minecraft:player","entity_id":"4cee8e44-c4b9-4af8-ad92-2db1ac35aafd","stream_id":"ff55d991-cd59-45bf-acd4-77ae6eb479dc","world_id":"mc-cf4dce40-2be1-372b-b914-917f5dcc644c","dimension":"minecraft:overworld","sequence":371,"lifecycle":{"event":"update"},"metadata":{},"position":{"x":-47.30000001192093,"y":71.0,"z":72.77925174075624,"space":"minecraft"},"rotation":{"yaw":324.45015716552734,"pitch":37.3499755859375,"roll":0}}
[19:42:57] [MC7DTD-entity-test-send/INFO]: Player proxy sent: {"type":"entity_state","version":1,"source":"minecraft","entity_type":"minecraft:player","entity_id":"4cee8e44-c4b9-4af8-ad92-2db1ac35aafd","stream_id":"ff55d991-cd59-45bf-acd4-77ae6eb479dc","world_id":"mc-cf4dce40-2be1-372b-b914-917f5dcc644c","dimension":"minecraft:overworld","sequence":372,"lifecycle":{"event":"update"},"metadata":{},"position":{"x":-47.30000001192093,"y":71.0,"z":72.77925174075624,"space":"minecraft"},"rotation":{"yaw":324.45015716552734,"pitch":37.3499755859375,"roll":0}}
[19:42:57] [MC7DTD-entity-test-send/INFO]: Player proxy sent: {"type":"entity_state","version":1,"source":"minecraft","entity_type":"minecraft:player","entity_id":"4cee8e44-c4b9-4af8-ad92-2db1ac35aafd","stream_id":"ff55d991-cd59-45bf-acd4-77ae6eb479dc","world_id":"mc-cf4dce40-2be1-372b-b914-917f5dcc644c","dimension":"minecraft:overworld","sequence":373,"lifecycle":{"event":"update"},"metadata":{},"position":{"x":-47.30000001192093,"y":71.0,"z":72.77925174075624,"space":"minecraft"},"rotation":{"yaw":324.45015716552734,"pitch":37.3499755859375,"roll":0}}
[19:42:58] [MC7DTD-entity-test-send/INFO]: Player proxy sent: {"type":"entity_state","version":1,"source":"minecraft","entity_type":"minecraft:player","entity_id":"4cee8e44-c4b9-4af8-ad92-2db1ac35aafd","stream_id":"ff55d991-cd59-45bf-acd4-77ae6eb479dc","world_id":"mc-cf4dce40-2be1-372b-b914-917f5dcc644c","dimension":"minecraft:overworld","sequence":374,"lifecycle":{"event":"update"},"metadata":{},"position":{"x":-47.30000001192093,"y":71.0,"z":72.77925174075624,"space":"minecraft"},"rotation":{"yaw":324.45015716552734,"pitch":37.3499755859375,"roll":0}}
[19:42:58] [MC7DTD-entity-test-send/INFO]: Player proxy sent: {"type":"entity_state","version":1,"source":"minecraft","entity_type":"minecraft:player","entity_id":"4cee8e44-c4b9-4af8-ad92-2db1ac35aafd","stream_id":"ff55d991-cd59-45bf-acd4-77ae6eb479dc","world_id":"mc-cf4dce40-2be1-372b-b914-917f5dcc644c","dimension":"minecraft:overworld","sequence":375,"lifecycle":{"event":"update"},"metadata":{},"position":{"x":-47.30000001192093,"y":71.0,"z":72.77925174075624,"space":"minecraft"},"rotation":{"yaw":324.45015716552734,"pitch":37.3499755859375,"roll":0}}
[19:42:59] [MC7DTD-entity-test-send/INFO]: Player proxy sent: {"type":"entity_state","version":1,"source":"minecraft","entity_type":"minecraft:player","entity_id":"4cee8e44-c4b9-4af8-ad92-2db1ac35aafd","stream_id":"ff55d991-cd59-45bf-acd4-77ae6eb479dc","world_id":"mc-cf4dce40-2be1-372b-b914-917f5dcc644c","dimension":"minecraft:overworld","sequence":376,"lifecycle":{"event":"update"},"metadata":{},"position":{"x":-47.30000001192093,"y":71.0,"z":72.77925174075624,"space":"minecraft"},"rotation":{"yaw":324.45015716552734,"pitch":37.3499755859375,"roll":0}}
[19:42:59] [MC7DTD-entity-test-send/INFO]: Player proxy sent: {"type":"entity_state","version":1,"source":"minecraft","entity_type":"minecraft:player","entity_id":"4cee8e44-c4b9-4af8-ad92-2db1ac35aafd","stream_id":"ff55d991-cd59-45bf-acd4-77ae6eb479dc","world_id":"mc-cf4dce40-2be1-372b-b914-917f5dcc644c","dimension":"minecraft:overworld","sequence":377,"lifecycle":{"event":"update"},"metadata":{},"position":{"x":-47.30000001192093,"y":71.0,"z":72.77925174075624,"space":"minecraft"},"rotation":{"yaw":324.45015716552734,"pitch":37.3499755859375,"roll":0}}
[19:43:00] [MC7DTD-entity-test-send/INFO]: Player proxy sent: {"type":"entity_state","version":1,"source":"minecraft","entity_type":"minecraft:player","entity_id":"4cee8e44-c4b9-4af8-ad92-2db1ac35aafd","stream_id":"ff55d991-cd59-45bf-acd4-77ae6eb479dc","world_id":"mc-cf4dce40-2be1-372b-b914-917f5dcc644c","dimension":"minecraft:overworld","sequence":378,"lifecycle":{"event":"update"},"metadata":{},"position":{"x":-47.30000001192093,"y":71.0,"z":72.77925174075624,"space":"minecraft"},"rotation":{"yaw":324.45015716552734,"pitch":37.3499755859375,"roll":0}}
[19:43:00] [MC7DTD-entity-test-send/INFO]: Player proxy sent: {"type":"entity_state","version":1,"source":"minecraft","entity_type":"minecraft:player","entity_id":"4cee8e44-c4b9-4af8-ad92-2db1ac35aafd","stream_id":"ff55d991-cd59-45bf-acd4-77ae6eb479dc","world_id":"mc-cf4dce40-2be1-372b-b914-917f5dcc644c","dimension":"minecraft:overworld","sequence":379,"lifecycle":{"event":"update"},"metadata":{},"position":{"x":-47.30000001192093,"y":71.0,"z":72.77925174075624,"space":"minecraft"},"rotation":{"yaw":324.45015716552734,"pitch":37.3499755859375,"roll":0}}
[19:43:01] [MC7DTD-entity-test-send/INFO]: Player proxy sent: {"type":"entity_state","version":1,"source":"minecraft","entity_type":"minecraft:player","entity_id":"4cee8e44-c4b9-4af8-ad92-2db1ac35aafd","stream_id":"ff55d991-cd59-45bf-acd4-77ae6eb479dc","world_id":"mc-cf4dce40-2be1-372b-b914-917f5dcc644c","dimension":"minecraft:overworld","sequence":380,"lifecycle":{"event":"update"},"metadata":{},"position":{"x":-47.30000001192093,"y":71.0,"z":72.77925174075624,"space":"minecraft"},"rotation":{"yaw":324.45015716552734,"pitch":37.3499755859375,"roll":0}}
[19:43:01] [MC7DTD-entity-test-send/INFO]: Player proxy sent: {"type":"entity_state","version":1,"source":"minecraft","entity_type":"minecraft:player","entity_id":"4cee8e44-c4b9-4af8-ad92-2db1ac35aafd","stream_id":"ff55d991-cd59-45bf-acd4-77ae6eb479dc","world_id":"mc-cf4dce40-2be1-372b-b914-917f5dcc644c","dimension":"minecraft:overworld","sequence":381,"lifecycle":{"event":"update"},"metadata":{},"position":{"x":-47.30000001192093,"y":71.0,"z":72.77925174075624,"space":"minecraft"},"rotation":{"yaw":324.45015716552734,"pitch":37.3499755859375,"roll":0}}
[19:43:02] [MC7DTD-entity-test-send/INFO]: Player proxy sent: {"type":"entity_state","version":1,"source":"minecraft","entity_type":"minecraft:player","entity_id":"4cee8e44-c4b9-4af8-ad92-2db1ac35aafd","stream_id":"ff55d991-cd59-45bf-acd4-77ae6eb479dc","world_id":"mc-cf4dce40-2be1-372b-b914-917f5dcc644c","dimension":"minecraft:overworld","sequence":382,"lifecycle":{"event":"update"},"metadata":{},"position":{"x":-47.30000001192093,"y":71.0,"z":72.77925174075624,"space":"minecraft"},"rotation":{"yaw":324.45015716552734,"pitch":37.3499755859375,"roll":0}}
[19:43:02] [MC7DTD-entity-test-send/INFO]: Player proxy sent: {"type":"entity_state","version":1,"source":"minecraft","entity_type":"minecraft:player","entity_id":"4cee8e44-c4b9-4af8-ad92-2db1ac35aafd","stream_id":"ff55d991-cd59-45bf-acd4-77ae6eb479dc","world_id":"mc-cf4dce40-2be1-372b-b914-917f5dcc644c","dimension":"minecraft:overworld","sequence":383,"lifecycle":{"event":"update"},"metadata":{},"position":{"x":-47.30000001192093,"y":71.0,"z":72.77925174075624,"space":"minecraft"},"rotation":{"yaw":324.45015716552734,"pitch":37.3499755859375,"roll":0}}
[19:43:03] [MC7DTD-entity-test-send/INFO]: Player proxy sent: {"type":"entity_state","version":1,"source":"minecraft","entity_type":"minecraft:player","entity_id":"4cee8e44-c4b9-4af8-ad92-2db1ac35aafd","stream_id":"ff55d991-cd59-45bf-acd4-77ae6eb479dc","world_id":"mc-cf4dce40-2be1-372b-b914-917f5dcc644c","dimension":"minecraft:overworld","sequence":384,"lifecycle":{"event":"update"},"metadata":{},"position":{"x":-47.30000001192093,"y":71.0,"z":72.77925174075624,"space":"minecraft"},"rotation":{"yaw":324.45015716552734,"pitch":37.3499755859375,"roll":0}}
[19:43:03] [MC7DTD-entity-test-send/INFO]: Player proxy sent: {"type":"entity_state","version":1,"source":"minecraft","entity_type":"minecraft:player","entity_id":"4cee8e44-c4b9-4af8-ad92-2db1ac35aafd","stream_id":"ff55d991-cd59-45bf-acd4-77ae6eb479dc","world_id":"mc-cf4dce40-2be1-372b-b914-917f5dcc644c","dimension":"minecraft:overworld","sequence":385,"lifecycle":{"event":"update"},"metadata":{},"position":{"x":-47.30000001192093,"y":71.0,"z":72.77925174075624,"space":"minecraft"},"rotation":{"yaw":324.45015716552734,"pitch":37.3499755859375,"roll":0}}
[19:43:04] [MC7DTD-entity-test-send/INFO]: Player proxy sent: {"type":"entity_state","version":1,"source":"minecraft","entity_type":"minecraft:player","entity_id":"4cee8e44-c4b9-4af8-ad92-2db1ac35aafd","stream_id":"ff55d991-cd59-45bf-acd4-77ae6eb479dc","world_id":"mc-cf4dce40-2be1-372b-b914-917f5dcc644c","dimension":"minecraft:overworld","sequence":386,"lifecycle":{"event":"update"},"metadata":{},"position":{"x":-47.30000001192093,"y":71.0,"z":72.77925174075624,"space":"minecraft"},"rotation":{"yaw":324.45015716552734,"pitch":37.3499755859375,"roll":0}}
[19:43:04] [MC7DTD-entity-test-send/INFO]: Player proxy sent: {"type":"entity_state","version":1,"source":"minecraft","entity_type":"minecraft:player","entity_id":"4cee8e44-c4b9-4af8-ad92-2db1ac35aafd","stream_id":"ff55d991-cd59-45bf-acd4-77ae6eb479dc","world_id":"mc-cf4dce40-2be1-372b-b914-917f5dcc644c","dimension":"minecraft:overworld","sequence":387,"lifecycle":{"event":"update"},"metadata":{},"position":{"x":-47.30000001192093,"y":71.0,"z":72.77925174075624,"space":"minecraft"},"rotation":{"yaw":324.45015716552734,"pitch":37.3499755859375,"roll":0}}
[19:43:05] [MC7DTD-entity-test-send/INFO]: Player proxy sent: {"type":"entity_state","version":1,"source":"minecraft","entity_type":"minecraft:player","entity_id":"4cee8e44-c4b9-4af8-ad92-2db1ac35aafd","stream_id":"ff55d991-cd59-45bf-acd4-77ae6eb479dc","world_id":"mc-cf4dce40-2be1-372b-b914-917f5dcc644c","dimension":"minecraft:overworld","sequence":388,"lifecycle":{"event":"update"},"metadata":{},"position":{"x":-47.30000001192093,"y":71.0,"z":72.77925174075624,"space":"minecraft"},"rotation":{"yaw":324.45015716552734,"pitch":37.3499755859375,"roll":0}}
[19:43:05] [MC7DTD-entity-test-send/INFO]: Player proxy sent: {"type":"entity_state","version":1,"source":"minecraft","entity_type":"minecraft:player","entity_id":"4cee8e44-c4b9-4af8-ad92-2db1ac35aafd","stream_id":"ff55d991-cd59-45bf-acd4-77ae6eb479dc","world_id":"mc-cf4dce40-2be1-372b-b914-917f5dcc644c","dimension":"minecraft:overworld","sequence":389,"lifecycle":{"event":"update"},"metadata":{},"position":{"x":-47.30000001192093,"y":71.0,"z":72.77925174075624,"space":"minecraft"},"rotation":{"yaw":324.45015716552734,"pitch":37.3499755859375,"roll":0}}
[19:43:06] [MC7DTD-entity-test-send/INFO]: Player proxy sent: {"type":"entity_state","version":1,"source":"minecraft","entity_type":"minecraft:player","entity_id":"4cee8e44-c4b9-4af8-ad92-2db1ac35aafd","stream_id":"ff55d991-cd59-45bf-acd4-77ae6eb479dc","world_id":"mc-cf4dce40-2be1-372b-b914-917f5dcc644c","dimension":"minecraft:overworld","sequence":390,"lifecycle":{"event":"update"},"metadata":{},"position":{"x":-47.30000001192093,"y":71.0,"z":72.77925174075624,"space":"minecraft"},"rotation":{"yaw":324.45015716552734,"pitch":37.3499755859375,"roll":0}}
[19:43:06] [MC7DTD-entity-test-send/INFO]: Player proxy sent: {"type":"entity_state","version":1,"source":"minecraft","entity_type":"minecraft:player","entity_id":"4cee8e44-c4b9-4af8-ad92-2db1ac35aafd","stream_id":"ff55d991-cd59-45bf-acd4-77ae6eb479dc","world_id":"mc-cf4dce40-2be1-372b-b914-917f5dcc644c","dimension":"minecraft:overworld","sequence":391,"lifecycle":{"event":"update"},"metadata":{},"position":{"x":-47.30000001192093,"y":71.0,"z":72.77925174075624,"space":"minecraft"},"rotation":{"yaw":324.45015716552734,"pitch":37.3499755859375,"roll":0}}
[19:43:07] [MC7DTD-entity-test-send/INFO]: Player proxy sent: {"type":"entity_state","version":1,"source":"minecraft","entity_type":"minecraft:player","entity_id":"4cee8e44-c4b9-4af8-ad92-2db1ac35aafd","stream_id":"ff55d991-cd59-45bf-acd4-77ae6eb479dc","world_id":"mc-cf4dce40-2be1-372b-b914-917f5dcc644c","dimension":"minecraft:overworld","sequence":392,"lifecycle":{"event":"update"},"metadata":{},"position":{"x":-47.30000001192093,"y":71.0,"z":72.77925174075624,"space":"minecraft"},"rotation":{"yaw":324.45015716552734,"pitch":37.3499755859375,"roll":0}}
[19:43:07] [MC7DTD-entity-test-send/INFO]: Player proxy sent: {"type":"entity_state","version":1,"source":"minecraft","entity_type":"minecraft:player","entity_id":"4cee8e44-c4b9-4af8-ad92-2db1ac35aafd","stream_id":"ff55d991-cd59-45bf-acd4-77ae6eb479dc","world_id":"mc-cf4dce40-2be1-372b-b914-917f5dcc644c","dimension":"minecraft:overworld","sequence":393,"lifecycle":{"event":"update"},"metadata":{},"position":{"x":-47.30000001192093,"y":71.0,"z":72.77925174075624,"space":"minecraft"},"rotation":{"yaw":324.45015716552734,"pitch":37.3499755859375,"roll":0}}
[19:43:08] [MC7DTD-entity-test-send/INFO]: Player proxy sent: {"type":"entity_state","version":1,"source":"minecraft","entity_type":"minecraft:player","entity_id":"4cee8e44-c4b9-4af8-ad92-2db1ac35aafd","stream_id":"ff55d991-cd59-45bf-acd4-77ae6eb479dc","world_id":"mc-cf4dce40-2be1-372b-b914-917f5dcc644c","dimension":"minecraft:overworld","sequence":394,"lifecycle":{"event":"update"},"metadata":{},"position":{"x":-47.30000001192093,"y":71.0,"z":72.77925174075624,"space":"minecraft"},"rotation":{"yaw":324.45015716552734,"pitch":37.3499755859375,"roll":0}}
[19:43:09] [MC7DTD-entity-test-send/INFO]: Player proxy sent: {"type":"entity_state","version":1,"source":"minecraft","entity_type":"minecraft:player","entity_id":"4cee8e44-c4b9-4af8-ad92-2db1ac35aafd","stream_id":"ff55d991-cd59-45bf-acd4-77ae6eb479dc","world_id":"mc-cf4dce40-2be1-372b-b914-917f5dcc644c","dimension":"minecraft:overworld","sequence":395,"lifecycle":{"event":"update"},"metadata":{},"position":{"x":-47.30000001192093,"y":71.0,"z":72.77925174075624,"space":"minecraft"},"rotation":{"yaw":324.45015716552734,"pitch":37.3499755859375,"roll":0}}
[19:43:09] [MC7DTD-entity-test-send/INFO]: Player proxy sent: {"type":"entity_state","version":1,"source":"minecraft","entity_type":"minecraft:player","entity_id":"4cee8e44-c4b9-4af8-ad92-2db1ac35aafd","stream_id":"ff55d991-cd59-45bf-acd4-77ae6eb479dc","world_id":"mc-cf4dce40-2be1-372b-b914-917f5dcc644c","dimension":"minecraft:overworld","sequence":396,"lifecycle":{"event":"update"},"metadata":{},"position":{"x":-47.30000001192093,"y":71.0,"z":72.77925174075624,"space":"minecraft"},"rotation":{"yaw":324.45015716552734,"pitch":37.3499755859375,"roll":0}}
[19:43:10] [MC7DTD-entity-test-send/INFO]: Player proxy sent: {"type":"entity_state","version":1,"source":"minecraft","entity_type":"minecraft:player","entity_id":"4cee8e44-c4b9-4af8-ad92-2db1ac35aafd","stream_id":"ff55d991-cd59-45bf-acd4-77ae6eb479dc","world_id":"mc-cf4dce40-2be1-372b-b914-917f5dcc644c","dimension":"minecraft:overworld","sequence":397,"lifecycle":{"event":"update"},"metadata":{},"position":{"x":-47.30000001192093,"y":71.0,"z":72.77925174075624,"space":"minecraft"},"rotation":{"yaw":324.45015716552734,"pitch":37.3499755859375,"roll":0}}
[19:43:10] [MC7DTD-entity-test-send/INFO]: Player proxy sent: {"type":"entity_state","version":1,"source":"minecraft","entity_type":"minecraft:player","entity_id":"4cee8e44-c4b9-4af8-ad92-2db1ac35aafd","stream_id":"ff55d991-cd59-45bf-acd4-77ae6eb479dc","world_id":"mc-cf4dce40-2be1-372b-b914-917f5dcc644c","dimension":"minecraft:overworld","sequence":398,"lifecycle":{"event":"update"},"metadata":{},"position":{"x":-47.30000001192093,"y":71.0,"z":72.77925174075624,"space":"minecraft"},"rotation":{"yaw":324.45015716552734,"pitch":37.3499755859375,"roll":0}}
[19:43:11] [MC7DTD-entity-test-send/INFO]: Player proxy sent: {"type":"entity_state","version":1,"source":"minecraft","entity_type":"minecraft:player","entity_id":"4cee8e44-c4b9-4af8-ad92-2db1ac35aafd","stream_id":"ff55d991-cd59-45bf-acd4-77ae6eb479dc","world_id":"mc-cf4dce40-2be1-372b-b914-917f5dcc644c","dimension":"minecraft:overworld","sequence":399,"lifecycle":{"event":"update"},"metadata":{},"position":{"x":-47.30000001192093,"y":71.0,"z":72.77925174075624,"space":"minecraft"},"rotation":{"yaw":324.45015716552734,"pitch":37.3499755859375,"roll":0}}
[19:43:11] [MC7DTD-entity-test-send/INFO]: Player proxy sent: {"type":"entity_state","version":1,"source":"minecraft","entity_type":"minecraft:player","entity_id":"4cee8e44-c4b9-4af8-ad92-2db1ac35aafd","stream_id":"ff55d991-cd59-45bf-acd4-77ae6eb479dc","world_id":"mc-cf4dce40-2be1-372b-b914-917f5dcc644c","dimension":"minecraft:overworld","sequence":400,"lifecycle":{"event":"update"},"metadata":{},"position":{"x":-47.30000001192093,"y":71.0,"z":72.77925174075624,"space":"minecraft"},"rotation":{"yaw":324.45015716552734,"pitch":37.3499755859375,"roll":0}}
[19:43:12] [MC7DTD-entity-test-send/INFO]: Player proxy sent: {"type":"entity_state","version":1,"source":"minecraft","entity_type":"minecraft:player","entity_id":"4cee8e44-c4b9-4af8-ad92-2db1ac35aafd","stream_id":"ff55d991-cd59-45bf-acd4-77ae6eb479dc","world_id":"mc-cf4dce40-2be1-372b-b914-917f5dcc644c","dimension":"minecraft:overworld","sequence":401,"lifecycle":{"event":"update"},"metadata":{},"position":{"x":-47.30000001192093,"y":71.0,"z":72.77925174075624,"space":"minecraft"},"rotation":{"yaw":324.45015716552734,"pitch":37.3499755859375,"roll":0}}
[19:43:12] [MC7DTD-entity-test-send/INFO]: Player proxy sent: {"type":"entity_state","version":1,"source":"minecraft","entity_type":"minecraft:player","entity_id":"4cee8e44-c4b9-4af8-ad92-2db1ac35aafd","stream_id":"ff55d991-cd59-45bf-acd4-77ae6eb479dc","world_id":"mc-cf4dce40-2be1-372b-b914-917f5dcc644c","dimension":"minecraft:overworld","sequence":402,"lifecycle":{"event":"update"},"metadata":{},"position":{"x":-47.30000001192093,"y":71.0,"z":72.77925174075624,"space":"minecraft"},"rotation":{"yaw":324.45015716552734,"pitch":37.3499755859375,"roll":0}}
[19:43:13] [MC7DTD-entity-test-send/INFO]: Player proxy sent: {"type":"entity_state","version":1,"source":"minecraft","entity_type":"minecraft:player","entity_id":"4cee8e44-c4b9-4af8-ad92-2db1ac35aafd","stream_id":"ff55d991-cd59-45bf-acd4-77ae6eb479dc","world_id":"mc-cf4dce40-2be1-372b-b914-917f5dcc644c","dimension":"minecraft:overworld","sequence":403,"lifecycle":{"event":"update"},"metadata":{},"position":{"x":-47.30000001192093,"y":71.0,"z":72.77925174075624,"space":"minecraft"},"rotation":{"yaw":324.45015716552734,"pitch":37.3499755859375,"roll":0}}
[19:43:13] [MC7DTD-entity-test-send/INFO]: Player proxy sent: {"type":"entity_state","version":1,"source":"minecraft","entity_type":"minecraft:player","entity_id":"4cee8e44-c4b9-4af8-ad92-2db1ac35aafd","stream_id":"ff55d991-cd59-45bf-acd4-77ae6eb479dc","world_id":"mc-cf4dce40-2be1-372b-b914-917f5dcc644c","dimension":"minecraft:overworld","sequence":404,"lifecycle":{"event":"update"},"metadata":{},"position":{"x":-47.30000001192093,"y":71.0,"z":72.77925174075624,"space":"minecraft"},"rotation":{"yaw":324.45015716552734,"pitch":37.3499755859375,"roll":0}}
[19:43:14] [MC7DTD-entity-test-send/INFO]: Player proxy sent: {"type":"entity_state","version":1,"source":"minecraft","entity_type":"minecraft:player","entity_id":"4cee8e44-c4b9-4af8-ad92-2db1ac35aafd","stream_id":"ff55d991-cd59-45bf-acd4-77ae6eb479dc","world_id":"mc-cf4dce40-2be1-372b-b914-917f5dcc644c","dimension":"minecraft:overworld","sequence":405,"lifecycle":{"event":"update"},"metadata":{},"position":{"x":-47.30000001192093,"y":71.0,"z":72.77925174075624,"space":"minecraft"},"rotation":{"yaw":324.45015716552734,"pitch":37.3499755859375,"roll":0}}
[19:43:14] [MC7DTD-entity-test-send/INFO]: Player proxy sent: {"type":"entity_state","version":1,"source":"minecraft","entity_type":"minecraft:player","entity_id":"4cee8e44-c4b9-4af8-ad92-2db1ac35aafd","stream_id":"ff55d991-cd59-45bf-acd4-77ae6eb479dc","world_id":"mc-cf4dce40-2be1-372b-b914-917f5dcc644c","dimension":"minecraft:overworld","sequence":406,"lifecycle":{"event":"update"},"metadata":{},"position":{"x":-47.30000001192093,"y":71.0,"z":72.77925174075624,"space":"minecraft"},"rotation":{"yaw":324.45015716552734,"pitch":37.3499755859375,"roll":0}}
[19:43:15] [MC7DTD-entity-test-send/INFO]: Player proxy sent: {"type":"entity_state","version":1,"source":"minecraft","entity_type":"minecraft:player","entity_id":"4cee8e44-c4b9-4af8-ad92-2db1ac35aafd","stream_id":"ff55d991-cd59-45bf-acd4-77ae6eb479dc","world_id":"mc-cf4dce40-2be1-372b-b914-917f5dcc644c","dimension":"minecraft:overworld","sequence":407,"lifecycle":{"event":"update"},"metadata":{},"position":{"x":-47.30000001192093,"y":71.0,"z":72.77925174075624,"space":"minecraft"},"rotation":{"yaw":324.45015716552734,"pitch":37.3499755859375,"roll":0}}
[19:43:15] [MC7DTD-entity-test-send/INFO]: Player proxy sent: {"type":"entity_state","version":1,"source":"minecraft","entity_type":"minecraft:player","entity_id":"4cee8e44-c4b9-4af8-ad92-2db1ac35aafd","stream_id":"ff55d991-cd59-45bf-acd4-77ae6eb479dc","world_id":"mc-cf4dce40-2be1-372b-b914-917f5dcc644c","dimension":"minecraft:overworld","sequence":408,"lifecycle":{"event":"update"},"metadata":{},"position":{"x":-47.30000001192093,"y":71.0,"z":72.77925174075624,"space":"minecraft"},"rotation":{"yaw":324.45015716552734,"pitch":37.3499755859375,"roll":0}}
[19:43:16] [MC7DTD-entity-test-send/INFO]: Player proxy sent: {"type":"entity_state","version":1,"source":"minecraft","entity_type":"minecraft:player","entity_id":"4cee8e44-c4b9-4af8-ad92-2db1ac35aafd","stream_id":"ff55d991-cd59-45bf-acd4-77ae6eb479dc","world_id":"mc-cf4dce40-2be1-372b-b914-917f5dcc644c","dimension":"minecraft:overworld","sequence":409,"lifecycle":{"event":"update"},"metadata":{},"position":{"x":-47.30000001192093,"y":71.0,"z":72.77925174075624,"space":"minecraft"},"rotation":{"yaw":324.45015716552734,"pitch":37.3499755859375,"roll":0}}
[19:43:16] [MC7DTD-entity-test-send/INFO]: Player proxy sent: {"type":"entity_state","version":1,"source":"minecraft","entity_type":"minecraft:player","entity_id":"4cee8e44-c4b9-4af8-ad92-2db1ac35aafd","stream_id":"ff55d991-cd59-45bf-acd4-77ae6eb479dc","world_id":"mc-cf4dce40-2be1-372b-b914-917f5dcc644c","dimension":"minecraft:overworld","sequence":410,"lifecycle":{"event":"update"},"metadata":{},"position":{"x":-47.30000001192093,"y":71.0,"z":72.77925174075624,"space":"minecraft"},"rotation":{"yaw":324.45015716552734,"pitch":37.3499755859375,"roll":0}}
[19:43:17] [MC7DTD-entity-test-send/INFO]: Player proxy sent: {"type":"entity_state","version":1,"source":"minecraft","entity_type":"minecraft:player","entity_id":"4cee8e44-c4b9-4af8-ad92-2db1ac35aafd","stream_id":"ff55d991-cd59-45bf-acd4-77ae6eb479dc","world_id":"mc-cf4dce40-2be1-372b-b914-917f5dcc644c","dimension":"minecraft:overworld","sequence":411,"lifecycle":{"event":"update"},"metadata":{},"position":{"x":-47.30000001192093,"y":71.0,"z":72.77925174075624,"space":"minecraft"},"rotation":{"yaw":324.45015716552734,"pitch":37.3499755859375,"roll":0}}
[19:43:17] [MC7DTD-entity-test-send/INFO]: Player proxy sent: {"type":"entity_state","version":1,"source":"minecraft","entity_type":"minecraft:player","entity_id":"4cee8e44-c4b9-4af8-ad92-2db1ac35aafd","stream_id":"ff55d991-cd59-45bf-acd4-77ae6eb479dc","world_id":"mc-cf4dce40-2be1-372b-b914-917f5dcc644c","dimension":"minecraft:overworld","sequence":412,"lifecycle":{"event":"update"},"metadata":{},"position":{"x":-47.30000001192093,"y":71.0,"z":72.77925174075624,"space":"minecraft"},"rotation":{"yaw":324.45015716552734,"pitch":37.3499755859375,"roll":0}}
[19:43:18] [MC7DTD-entity-test-send/INFO]: Player proxy sent: {"type":"entity_state","version":1,"source":"minecraft","entity_type":"minecraft:player","entity_id":"4cee8e44-c4b9-4af8-ad92-2db1ac35aafd","stream_id":"ff55d991-cd59-45bf-acd4-77ae6eb479dc","world_id":"mc-cf4dce40-2be1-372b-b914-917f5dcc644c","dimension":"minecraft:overworld","sequence":413,"lifecycle":{"event":"update"},"metadata":{},"position":{"x":-47.30000001192093,"y":71.0,"z":72.77925174075624,"space":"minecraft"},"rotation":{"yaw":324.45015716552734,"pitch":37.3499755859375,"roll":0}}
[19:43:18] [MC7DTD-entity-test-send/INFO]: Player proxy sent: {"type":"entity_state","version":1,"source":"minecraft","entity_type":"minecraft:player","entity_id":"4cee8e44-c4b9-4af8-ad92-2db1ac35aafd","stream_id":"ff55d991-cd59-45bf-acd4-77ae6eb479dc","world_id":"mc-cf4dce40-2be1-372b-b914-917f5dcc644c","dimension":"minecraft:overworld","sequence":414,"lifecycle":{"event":"update"},"metadata":{},"position":{"x":-47.30000001192093,"y":71.0,"z":72.77925174075624,"space":"minecraft"},"rotation":{"yaw":324.45015716552734,"pitch":37.3499755859375,"roll":0}}
[19:43:19] [MC7DTD-entity-test-send/INFO]: Player proxy sent: {"type":"entity_state","version":1,"source":"minecraft","entity_type":"minecraft:player","entity_id":"4cee8e44-c4b9-4af8-ad92-2db1ac35aafd","stream_id":"ff55d991-cd59-45bf-acd4-77ae6eb479dc","world_id":"mc-cf4dce40-2be1-372b-b914-917f5dcc644c","dimension":"minecraft:overworld","sequence":415,"lifecycle":{"event":"update"},"metadata":{},"position":{"x":-47.30000001192093,"y":71.0,"z":72.77925174075624,"space":"minecraft"},"rotation":{"yaw":324.45015716552734,"pitch":37.3499755859375,"roll":0}}
[19:43:19] [MC7DTD-entity-test-send/INFO]: Player proxy sent: {"type":"entity_state","version":1,"source":"minecraft","entity_type":"minecraft:player","entity_id":"4cee8e44-c4b9-4af8-ad92-2db1ac35aafd","stream_id":"ff55d991-cd59-45bf-acd4-77ae6eb479dc","world_id":"mc-cf4dce40-2be1-372b-b914-917f5dcc644c","dimension":"minecraft:overworld","sequence":416,"lifecycle":{"event":"update"},"metadata":{},"position":{"x":-47.30000001192093,"y":71.0,"z":72.77925174075624,"space":"minecraft"},"rotation":{"yaw":324.45015716552734,"pitch":37.3499755859375,"roll":0}}
[19:43:20] [MC7DTD-entity-test-send/INFO]: Player proxy sent: {"type":"entity_state","version":1,"source":"minecraft","entity_type":"minecraft:player","entity_id":"4cee8e44-c4b9-4af8-ad92-2db1ac35aafd","stream_id":"ff55d991-cd59-45bf-acd4-77ae6eb479dc","world_id":"mc-cf4dce40-2be1-372b-b914-917f5dcc644c","dimension":"minecraft:overworld","sequence":417,"lifecycle":{"event":"update"},"metadata":{},"position":{"x":-47.30000001192093,"y":71.0,"z":72.77925174075624,"space":"minecraft"},"rotation":{"yaw":324.45015716552734,"pitch":37.3499755859375,"roll":0}}
[19:43:20] [MC7DTD-entity-test-send/INFO]: Player proxy sent: {"type":"entity_state","version":1,"source":"minecraft","entity_type":"minecraft:player","entity_id":"4cee8e44-c4b9-4af8-ad92-2db1ac35aafd","stream_id":"ff55d991-cd59-45bf-acd4-77ae6eb479dc","world_id":"mc-cf4dce40-2be1-372b-b914-917f5dcc644c","dimension":"minecraft:overworld","sequence":418,"lifecycle":{"event":"update"},"metadata":{},"position":{"x":-47.30000001192093,"y":71.0,"z":72.77925174075624,"space":"minecraft"},"rotation":{"yaw":324.45015716552734,"pitch":37.3499755859375,"roll":0}}
[19:43:21] [MC7DTD-entity-test-send/INFO]: Player proxy sent: {"type":"entity_state","version":1,"source":"minecraft","entity_type":"minecraft:player","entity_id":"4cee8e44-c4b9-4af8-ad92-2db1ac35aafd","stream_id":"ff55d991-cd59-45bf-acd4-77ae6eb479dc","world_id":"mc-cf4dce40-2be1-372b-b914-917f5dcc644c","dimension":"minecraft:overworld","sequence":419,"lifecycle":{"event":"update"},"metadata":{},"position":{"x":-47.30000001192093,"y":71.0,"z":72.77925174075624,"space":"minecraft"},"rotation":{"yaw":324.45015716552734,"pitch":37.3499755859375,"roll":0}}
[19:43:21] [MC7DTD-entity-test-send/INFO]: Player proxy sent: {"type":"entity_state","version":1,"source":"minecraft","entity_type":"minecraft:player","entity_id":"4cee8e44-c4b9-4af8-ad92-2db1ac35aafd","stream_id":"ff55d991-cd59-45bf-acd4-77ae6eb479dc","world_id":"mc-cf4dce40-2be1-372b-b914-917f5dcc644c","dimension":"minecraft:overworld","sequence":420,"lifecycle":{"event":"update"},"metadata":{},"position":{"x":-47.30000001192093,"y":71.0,"z":72.77925174075624,"space":"minecraft"},"rotation":{"yaw":324.45015716552734,"pitch":37.3499755859375,"roll":0}}
[19:43:22] [MC7DTD-entity-test-send/INFO]: Player proxy sent: {"type":"entity_state","version":1,"source":"minecraft","entity_type":"minecraft:player","entity_id":"4cee8e44-c4b9-4af8-ad92-2db1ac35aafd","stream_id":"ff55d991-cd59-45bf-acd4-77ae6eb479dc","world_id":"mc-cf4dce40-2be1-372b-b914-917f5dcc644c","dimension":"minecraft:overworld","sequence":421,"lifecycle":{"event":"update"},"metadata":{},"position":{"x":-47.30000001192093,"y":71.0,"z":72.77925174075624,"space":"minecraft"},"rotation":{"yaw":324.45015716552734,"pitch":37.3499755859375,"roll":0}}
[19:43:22] [MC7DTD-entity-test-send/INFO]: Player proxy sent: {"type":"entity_state","version":1,"source":"minecraft","entity_type":"minecraft:player","entity_id":"4cee8e44-c4b9-4af8-ad92-2db1ac35aafd","stream_id":"ff55d991-cd59-45bf-acd4-77ae6eb479dc","world_id":"mc-cf4dce40-2be1-372b-b914-917f5dcc644c","dimension":"minecraft:overworld","sequence":422,"lifecycle":{"event":"update"},"metadata":{},"position":{"x":-47.30000001192093,"y":71.0,"z":72.77925174075624,"space":"minecraft"},"rotation":{"yaw":324.45015716552734,"pitch":37.3499755859375,"roll":0}}
[19:43:23] [MC7DTD-entity-test-send/INFO]: Player proxy sent: {"type":"entity_state","version":1,"source":"minecraft","entity_type":"minecraft:player","entity_id":"4cee8e44-c4b9-4af8-ad92-2db1ac35aafd","stream_id":"ff55d991-cd59-45bf-acd4-77ae6eb479dc","world_id":"mc-cf4dce40-2be1-372b-b914-917f5dcc644c","dimension":"minecraft:overworld","sequence":423,"lifecycle":{"event":"update"},"metadata":{},"position":{"x":-47.30000001192093,"y":71.0,"z":72.77925174075624,"space":"minecraft"},"rotation":{"yaw":324.45015716552734,"pitch":37.3499755859375,"roll":0}}
[19:43:23] [MC7DTD-entity-test-send/INFO]: Player proxy sent: {"type":"entity_state","version":1,"source":"minecraft","entity_type":"minecraft:player","entity_id":"4cee8e44-c4b9-4af8-ad92-2db1ac35aafd","stream_id":"ff55d991-cd59-45bf-acd4-77ae6eb479dc","world_id":"mc-cf4dce40-2be1-372b-b914-917f5dcc644c","dimension":"minecraft:overworld","sequence":424,"lifecycle":{"event":"update"},"metadata":{},"position":{"x":-47.30000001192093,"y":71.0,"z":72.77925174075624,"space":"minecraft"},"rotation":{"yaw":324.45015716552734,"pitch":37.3499755859375,"roll":0}}
[19:43:24] [MC7DTD-entity-test-send/INFO]: Player proxy sent: {"type":"entity_state","version":1,"source":"minecraft","entity_type":"minecraft:player","entity_id":"4cee8e44-c4b9-4af8-ad92-2db1ac35aafd","stream_id":"ff55d991-cd59-45bf-acd4-77ae6eb479dc","world_id":"mc-cf4dce40-2be1-372b-b914-917f5dcc644c","dimension":"minecraft:overworld","sequence":425,"lifecycle":{"event":"update"},"metadata":{},"position":{"x":-47.30000001192093,"y":71.0,"z":72.77925174075624,"space":"minecraft"},"rotation":{"yaw":324.45015716552734,"pitch":37.3499755859375,"roll":0}}
[19:43:24] [MC7DTD-entity-test-send/INFO]: Player proxy sent: {"type":"entity_state","version":1,"source":"minecraft","entity_type":"minecraft:player","entity_id":"4cee8e44-c4b9-4af8-ad92-2db1ac35aafd","stream_id":"ff55d991-cd59-45bf-acd4-77ae6eb479dc","world_id":"mc-cf4dce40-2be1-372b-b914-917f5dcc644c","dimension":"minecraft:overworld","sequence":426,"lifecycle":{"event":"update"},"metadata":{},"position":{"x":-47.30000001192093,"y":71.0,"z":72.77925174075624,"space":"minecraft"},"rotation":{"yaw":324.45015716552734,"pitch":37.3499755859375,"roll":0}}
[19:43:25] [MC7DTD-entity-test-send/INFO]: Player proxy sent: {"type":"entity_state","version":1,"source":"minecraft","entity_type":"minecraft:player","entity_id":"4cee8e44-c4b9-4af8-ad92-2db1ac35aafd","stream_id":"ff55d991-cd59-45bf-acd4-77ae6eb479dc","world_id":"mc-cf4dce40-2be1-372b-b914-917f5dcc644c","dimension":"minecraft:overworld","sequence":427,"lifecycle":{"event":"update"},"metadata":{},"position":{"x":-47.30000001192093,"y":71.0,"z":72.77925174075624,"space":"minecraft"},"rotation":{"yaw":324.45015716552734,"pitch":37.3499755859375,"roll":0}}
[19:43:25] [MC7DTD-entity-test-send/INFO]: Player proxy sent: {"type":"entity_state","version":1,"source":"minecraft","entity_type":"minecraft:player","entity_id":"4cee8e44-c4b9-4af8-ad92-2db1ac35aafd","stream_id":"ff55d991-cd59-45bf-acd4-77ae6eb479dc","world_id":"mc-cf4dce40-2be1-372b-b914-917f5dcc644c","dimension":"minecraft:overworld","sequence":428,"lifecycle":{"event":"update"},"metadata":{},"position":{"x":-47.30000001192093,"y":71.0,"z":72.77925174075624,"space":"minecraft"},"rotation":{"yaw":324.45015716552734,"pitch":37.3499755859375,"roll":0}}
[19:43:26] [MC7DTD-entity-test-send/INFO]: Player proxy sent: {"type":"entity_state","version":1,"source":"minecraft","entity_type":"minecraft:player","entity_id":"4cee8e44-c4b9-4af8-ad92-2db1ac35aafd","stream_id":"ff55d991-cd59-45bf-acd4-77ae6eb479dc","world_id":"mc-cf4dce40-2be1-372b-b914-917f5dcc644c","dimension":"minecraft:overworld","sequence":429,"lifecycle":{"event":"update"},"metadata":{},"position":{"x":-47.30000001192093,"y":71.0,"z":72.77925174075624,"space":"minecraft"},"rotation":{"yaw":324.45015716552734,"pitch":37.3499755859375,"roll":0}}
[19:43:26] [MC7DTD-entity-test-send/INFO]: Player proxy sent: {"type":"entity_state","version":1,"source":"minecraft","entity_type":"minecraft:player","entity_id":"4cee8e44-c4b9-4af8-ad92-2db1ac35aafd","stream_id":"ff55d991-cd59-45bf-acd4-77ae6eb479dc","world_id":"mc-cf4dce40-2be1-372b-b914-917f5dcc644c","dimension":"minecraft:overworld","sequence":430,"lifecycle":{"event":"update"},"metadata":{},"position":{"x":-47.30000001192093,"y":71.0,"z":72.77925174075624,"space":"minecraft"},"rotation":{"yaw":324.45015716552734,"pitch":37.3499755859375,"roll":0}}
[19:43:27] [MC7DTD-entity-test-send/INFO]: Player proxy sent: {"type":"entity_state","version":1,"source":"minecraft","entity_type":"minecraft:player","entity_id":"4cee8e44-c4b9-4af8-ad92-2db1ac35aafd","stream_id":"ff55d991-cd59-45bf-acd4-77ae6eb479dc","world_id":"mc-cf4dce40-2be1-372b-b914-917f5dcc644c","dimension":"minecraft:overworld","sequence":431,"lifecycle":{"event":"update"},"metadata":{},"position":{"x":-47.30000001192093,"y":71.0,"z":72.77925174075624,"space":"minecraft"},"rotation":{"yaw":324.45015716552734,"pitch":37.3499755859375,"roll":0}}
[19:43:27] [MC7DTD-entity-test-send/INFO]: Player proxy sent: {"type":"entity_state","version":1,"source":"minecraft","entity_type":"minecraft:player","entity_id":"4cee8e44-c4b9-4af8-ad92-2db1ac35aafd","stream_id":"ff55d991-cd59-45bf-acd4-77ae6eb479dc","world_id":"mc-cf4dce40-2be1-372b-b914-917f5dcc644c","dimension":"minecraft:overworld","sequence":432,"lifecycle":{"event":"update"},"metadata":{},"position":{"x":-47.30000001192093,"y":71.0,"z":72.77925174075624,"space":"minecraft"},"rotation":{"yaw":324.45015716552734,"pitch":37.3499755859375,"roll":0}}
[19:43:28] [MC7DTD-entity-test-send/INFO]: Player proxy sent: {"type":"entity_state","version":1,"source":"minecraft","entity_type":"minecraft:player","entity_id":"4cee8e44-c4b9-4af8-ad92-2db1ac35aafd","stream_id":"ff55d991-cd59-45bf-acd4-77ae6eb479dc","world_id":"mc-cf4dce40-2be1-372b-b914-917f5dcc644c","dimension":"minecraft:overworld","sequence":433,"lifecycle":{"event":"update"},"metadata":{},"position":{"x":-47.30000001192093,"y":71.0,"z":72.77925174075624,"space":"minecraft"},"rotation":{"yaw":324.45015716552734,"pitch":37.3499755859375,"roll":0}}
[19:43:28] [MC7DTD-entity-test-send/INFO]: Player proxy sent: {"type":"entity_state","version":1,"source":"minecraft","entity_type":"minecraft:player","entity_id":"4cee8e44-c4b9-4af8-ad92-2db1ac35aafd","stream_id":"ff55d991-cd59-45bf-acd4-77ae6eb479dc","world_id":"mc-cf4dce40-2be1-372b-b914-917f5dcc644c","dimension":"minecraft:overworld","sequence":434,"lifecycle":{"event":"update"},"metadata":{},"position":{"x":-47.30000001192093,"y":71.0,"z":72.77925174075624,"space":"minecraft"},"rotation":{"yaw":324.45015716552734,"pitch":37.3499755859375,"roll":0}}
[19:43:29] [MC7DTD-entity-test-send/INFO]: Player proxy sent: {"type":"entity_state","version":1,"source":"minecraft","entity_type":"minecraft:player","entity_id":"4cee8e44-c4b9-4af8-ad92-2db1ac35aafd","stream_id":"ff55d991-cd59-45bf-acd4-77ae6eb479dc","world_id":"mc-cf4dce40-2be1-372b-b914-917f5dcc644c","dimension":"minecraft:overworld","sequence":435,"lifecycle":{"event":"update"},"metadata":{},"position":{"x":-47.30000001192093,"y":71.0,"z":72.77925174075624,"space":"minecraft"},"rotation":{"yaw":324.45015716552734,"pitch":37.3499755859375,"roll":0}}
[19:43:29] [MC7DTD-entity-test-send/INFO]: Player proxy sent: {"type":"entity_state","version":1,"source":"minecraft","entity_type":"minecraft:player","entity_id":"4cee8e44-c4b9-4af8-ad92-2db1ac35aafd","stream_id":"ff55d991-cd59-45bf-acd4-77ae6eb479dc","world_id":"mc-cf4dce40-2be1-372b-b914-917f5dcc644c","dimension":"minecraft:overworld","sequence":436,"lifecycle":{"event":"update"},"metadata":{},"position":{"x":-47.30000001192093,"y":71.0,"z":72.77925174075624,"space":"minecraft"},"rotation":{"yaw":324.45015716552734,"pitch":37.3499755859375,"roll":0}}
[19:43:30] [MC7DTD-entity-test-send/INFO]: Player proxy sent: {"type":"entity_state","version":1,"source":"minecraft","entity_type":"minecraft:player","entity_id":"4cee8e44-c4b9-4af8-ad92-2db1ac35aafd","stream_id":"ff55d991-cd59-45bf-acd4-77ae6eb479dc","world_id":"mc-cf4dce40-2be1-372b-b914-917f5dcc644c","dimension":"minecraft:overworld","sequence":437,"lifecycle":{"event":"update"},"metadata":{},"position":{"x":-47.30000001192093,"y":71.0,"z":72.77925174075624,"space":"minecraft"},"rotation":{"yaw":324.45015716552734,"pitch":37.3499755859375,"roll":0}}
[19:43:30] [MC7DTD-entity-test-send/INFO]: Player proxy sent: {"type":"entity_state","version":1,"source":"minecraft","entity_type":"minecraft:player","entity_id":"4cee8e44-c4b9-4af8-ad92-2db1ac35aafd","stream_id":"ff55d991-cd59-45bf-acd4-77ae6eb479dc","world_id":"mc-cf4dce40-2be1-372b-b914-917f5dcc644c","dimension":"minecraft:overworld","sequence":438,"lifecycle":{"event":"update"},"metadata":{},"position":{"x":-47.30000001192093,"y":71.0,"z":72.77925174075624,"space":"minecraft"},"rotation":{"yaw":324.45015716552734,"pitch":37.3499755859375,"roll":0}}
[19:43:31] [MC7DTD-entity-test-send/INFO]: Player proxy sent: {"type":"entity_state","version":1,"source":"minecraft","entity_type":"minecraft:player","entity_id":"4cee8e44-c4b9-4af8-ad92-2db1ac35aafd","stream_id":"ff55d991-cd59-45bf-acd4-77ae6eb479dc","world_id":"mc-cf4dce40-2be1-372b-b914-917f5dcc644c","dimension":"minecraft:overworld","sequence":439,"lifecycle":{"event":"update"},"metadata":{},"position":{"x":-47.30000001192093,"y":71.0,"z":72.77925174075624,"space":"minecraft"},"rotation":{"yaw":324.45015716552734,"pitch":37.3499755859375,"roll":0}}
[19:43:31] [MC7DTD-entity-test-send/INFO]: Player proxy sent: {"type":"entity_state","version":1,"source":"minecraft","entity_type":"minecraft:player","entity_id":"4cee8e44-c4b9-4af8-ad92-2db1ac35aafd","stream_id":"ff55d991-cd59-45bf-acd4-77ae6eb479dc","world_id":"mc-cf4dce40-2be1-372b-b914-917f5dcc644c","dimension":"minecraft:overworld","sequence":440,"lifecycle":{"event":"update"},"metadata":{},"position":{"x":-47.30000001192093,"y":71.0,"z":72.77925174075624,"space":"minecraft"},"rotation":{"yaw":324.45015716552734,"pitch":37.3499755859375,"roll":0}}
[19:43:32] [MC7DTD-entity-test-send/INFO]: Player proxy sent: {"type":"entity_state","version":1,"source":"minecraft","entity_type":"minecraft:player","entity_id":"4cee8e44-c4b9-4af8-ad92-2db1ac35aafd","stream_id":"ff55d991-cd59-45bf-acd4-77ae6eb479dc","world_id":"mc-cf4dce40-2be1-372b-b914-917f5dcc644c","dimension":"minecraft:overworld","sequence":441,"lifecycle":{"event":"update"},"metadata":{},"position":{"x":-47.30000001192093,"y":71.0,"z":72.77925174075624,"space":"minecraft"},"rotation":{"yaw":324.45015716552734,"pitch":37.3499755859375,"roll":0}}
[19:43:32] [MC7DTD-entity-test-send/INFO]: Player proxy sent: {"type":"entity_state","version":1,"source":"minecraft","entity_type":"minecraft:player","entity_id":"4cee8e44-c4b9-4af8-ad92-2db1ac35aafd","stream_id":"ff55d991-cd59-45bf-acd4-77ae6eb479dc","world_id":"mc-cf4dce40-2be1-372b-b914-917f5dcc644c","dimension":"minecraft:overworld","sequence":442,"lifecycle":{"event":"update"},"metadata":{},"position":{"x":-47.30000001192093,"y":71.0,"z":72.77925174075624,"space":"minecraft"},"rotation":{"yaw":324.45015716552734,"pitch":37.3499755859375,"roll":0}}
[19:43:33] [MC7DTD-entity-test-send/INFO]: Player proxy sent: {"type":"entity_state","version":1,"source":"minecraft","entity_type":"minecraft:player","entity_id":"4cee8e44-c4b9-4af8-ad92-2db1ac35aafd","stream_id":"ff55d991-cd59-45bf-acd4-77ae6eb479dc","world_id":"mc-cf4dce40-2be1-372b-b914-917f5dcc644c","dimension":"minecraft:overworld","sequence":443,"lifecycle":{"event":"update"},"metadata":{},"position":{"x":-47.30000001192093,"y":71.0,"z":72.77925174075624,"space":"minecraft"},"rotation":{"yaw":324.45015716552734,"pitch":37.3499755859375,"roll":0}}
[19:43:33] [MC7DTD-entity-test-send/INFO]: Player proxy sent: {"type":"entity_state","version":1,"source":"minecraft","entity_type":"minecraft:player","entity_id":"4cee8e44-c4b9-4af8-ad92-2db1ac35aafd","stream_id":"ff55d991-cd59-45bf-acd4-77ae6eb479dc","world_id":"mc-cf4dce40-2be1-372b-b914-917f5dcc644c","dimension":"minecraft:overworld","sequence":444,"lifecycle":{"event":"update"},"metadata":{},"position":{"x":-47.30000001192093,"y":71.0,"z":72.77925174075624,"space":"minecraft"},"rotation":{"yaw":324.45015716552734,"pitch":37.3499755859375,"roll":0}}
[19:43:34] [MC7DTD-entity-test-send/INFO]: Player proxy sent: {"type":"entity_state","version":1,"source":"minecraft","entity_type":"minecraft:player","entity_id":"4cee8e44-c4b9-4af8-ad92-2db1ac35aafd","stream_id":"ff55d991-cd59-45bf-acd4-77ae6eb479dc","world_id":"mc-cf4dce40-2be1-372b-b914-917f5dcc644c","dimension":"minecraft:overworld","sequence":445,"lifecycle":{"event":"update"},"metadata":{},"position":{"x":-47.30000001192093,"y":71.0,"z":72.77925174075624,"space":"minecraft"},"rotation":{"yaw":324.45015716552734,"pitch":37.3499755859375,"roll":0}}
[19:43:34] [MC7DTD-entity-test-send/INFO]: Player proxy sent: {"type":"entity_state","version":1,"source":"minecraft","entity_type":"minecraft:player","entity_id":"4cee8e44-c4b9-4af8-ad92-2db1ac35aafd","stream_id":"ff55d991-cd59-45bf-acd4-77ae6eb479dc","world_id":"mc-cf4dce40-2be1-372b-b914-917f5dcc644c","dimension":"minecraft:overworld","sequence":446,"lifecycle":{"event":"update"},"metadata":{},"position":{"x":-47.30000001192093,"y":71.0,"z":72.77925174075624,"space":"minecraft"},"rotation":{"yaw":324.45015716552734,"pitch":37.3499755859375,"roll":0}}
[19:43:35] [MC7DTD-entity-test-send/INFO]: Player proxy sent: {"type":"entity_state","version":1,"source":"minecraft","entity_type":"minecraft:player","entity_id":"4cee8e44-c4b9-4af8-ad92-2db1ac35aafd","stream_id":"ff55d991-cd59-45bf-acd4-77ae6eb479dc","world_id":"mc-cf4dce40-2be1-372b-b914-917f5dcc644c","dimension":"minecraft:overworld","sequence":447,"lifecycle":{"event":"update"},"metadata":{},"position":{"x":-47.30000001192093,"y":71.0,"z":72.77925174075624,"space":"minecraft"},"rotation":{"yaw":324.45015716552734,"pitch":37.3499755859375,"roll":0}}
[19:43:35] [MC7DTD-entity-test-send/INFO]: Player proxy sent: {"type":"entity_state","version":1,"source":"minecraft","entity_type":"minecraft:player","entity_id":"4cee8e44-c4b9-4af8-ad92-2db1ac35aafd","stream_id":"ff55d991-cd59-45bf-acd4-77ae6eb479dc","world_id":"mc-cf4dce40-2be1-372b-b914-917f5dcc644c","dimension":"minecraft:overworld","sequence":448,"lifecycle":{"event":"update"},"metadata":{},"position":{"x":-47.30000001192093,"y":71.0,"z":72.77925174075624,"space":"minecraft"},"rotation":{"yaw":324.45015716552734,"pitch":37.3499755859375,"roll":0}}
[19:43:36] [MC7DTD-entity-test-send/INFO]: Player proxy sent: {"type":"entity_state","version":1,"source":"minecraft","entity_type":"minecraft:player","entity_id":"4cee8e44-c4b9-4af8-ad92-2db1ac35aafd","stream_id":"ff55d991-cd59-45bf-acd4-77ae6eb479dc","world_id":"mc-cf4dce40-2be1-372b-b914-917f5dcc644c","dimension":"minecraft:overworld","sequence":449,"lifecycle":{"event":"update"},"metadata":{},"position":{"x":-47.30000001192093,"y":71.0,"z":72.77925174075624,"space":"minecraft"},"rotation":{"yaw":324.45015716552734,"pitch":37.3499755859375,"roll":0}}
[19:43:36] [MC7DTD-entity-test-send/INFO]: Player proxy sent: {"type":"entity_state","version":1,"source":"minecraft","entity_type":"minecraft:player","entity_id":"4cee8e44-c4b9-4af8-ad92-2db1ac35aafd","stream_id":"ff55d991-cd59-45bf-acd4-77ae6eb479dc","world_id":"mc-cf4dce40-2be1-372b-b914-917f5dcc644c","dimension":"minecraft:overworld","sequence":450,"lifecycle":{"event":"update"},"metadata":{},"position":{"x":-47.30000001192093,"y":71.0,"z":72.77925174075624,"space":"minecraft"},"rotation":{"yaw":324.45015716552734,"pitch":37.3499755859375,"roll":0}}
[19:43:37] [MC7DTD-entity-test-send/INFO]: Player proxy sent: {"type":"entity_state","version":1,"source":"minecraft","entity_type":"minecraft:player","entity_id":"4cee8e44-c4b9-4af8-ad92-2db1ac35aafd","stream_id":"ff55d991-cd59-45bf-acd4-77ae6eb479dc","world_id":"mc-cf4dce40-2be1-372b-b914-917f5dcc644c","dimension":"minecraft:overworld","sequence":451,"lifecycle":{"event":"update"},"metadata":{},"position":{"x":-47.30000001192093,"y":71.0,"z":72.77925174075624,"space":"minecraft"},"rotation":{"yaw":324.45015716552734,"pitch":37.3499755859375,"roll":0}}
[19:43:37] [MC7DTD-entity-test-send/INFO]: Player proxy sent: {"type":"entity_state","version":1,"source":"minecraft","entity_type":"minecraft:player","entity_id":"4cee8e44-c4b9-4af8-ad92-2db1ac35aafd","stream_id":"ff55d991-cd59-45bf-acd4-77ae6eb479dc","world_id":"mc-cf4dce40-2be1-372b-b914-917f5dcc644c","dimension":"minecraft:overworld","sequence":452,"lifecycle":{"event":"update"},"metadata":{},"position":{"x":-47.30000001192093,"y":71.0,"z":72.77925174075624,"space":"minecraft"},"rotation":{"yaw":324.45015716552734,"pitch":37.3499755859375,"roll":0}}
[19:43:38] [MC7DTD-entity-test-send/INFO]: Player proxy sent: {"type":"entity_state","version":1,"source":"minecraft","entity_type":"minecraft:player","entity_id":"4cee8e44-c4b9-4af8-ad92-2db1ac35aafd","stream_id":"ff55d991-cd59-45bf-acd4-77ae6eb479dc","world_id":"mc-cf4dce40-2be1-372b-b914-917f5dcc644c","dimension":"minecraft:overworld","sequence":453,"lifecycle":{"event":"update"},"metadata":{},"position":{"x":-47.30000001192093,"y":71.0,"z":72.77925174075624,"space":"minecraft"},"rotation":{"yaw":324.45015716552734,"pitch":37.3499755859375,"roll":0}}
[19:43:38] [MC7DTD-entity-test-send/INFO]: Player proxy sent: {"type":"entity_state","version":1,"source":"minecraft","entity_type":"minecraft:player","entity_id":"4cee8e44-c4b9-4af8-ad92-2db1ac35aafd","stream_id":"ff55d991-cd59-45bf-acd4-77ae6eb479dc","world_id":"mc-cf4dce40-2be1-372b-b914-917f5dcc644c","dimension":"minecraft:overworld","sequence":454,"lifecycle":{"event":"update"},"metadata":{},"position":{"x":-47.30000001192093,"y":71.0,"z":72.77925174075624,"space":"minecraft"},"rotation":{"yaw":324.45015716552734,"pitch":37.3499755859375,"roll":0}}
