10:49:46 info: Microsoft.Hosting.Lifetime[14] Now listening on: http://localhost:18771
10:49:46 info: Microsoft.Hosting.Lifetime[0] Application started. Press Ctrl+C to shut down.
10:49:46 info: Microsoft.Hosting.Lifetime[0] Hosting environment: Production
10:49:46 info: Microsoft.Hosting.Lifetime[0] Content root path: D:\wenjian\minecraft\7-M
10:49:46 info: BridgeServer[0] Coordinate mapping loaded: scale=1, offsets=(0, 0, 0); config D:\wenjian\minecraft\7-M\config\coordinate.json
10:49:46 info: BridgeServer[0] Bridge connected ¡ª listening ws://localhost:18771/ws; config D:\wenjian\minecraft\7-M\config\network.json
10:49:55 info: Microsoft.AspNetCore.Hosting.Diagnostics[1] Request starting HTTP/1.1 GET http://localhost:18771/ws - - -
10:49:55 info: Microsoft.AspNetCore.Routing.EndpointMiddleware[0] Executing endpoint '/ws'
10:49:55 info: BridgeServer[0] Minecraft connected
10:49:56 info: Microsoft.AspNetCore.Hosting.Diagnostics[1] Request starting HTTP/1.1 GET http://localhost:18771/ws - - -
10:49:56 info: Microsoft.AspNetCore.Routing.EndpointMiddleware[0] Executing endpoint '/ws'
10:49:56 info: BridgeServer[0] 7DTD connected
10:49:56 info: BridgeServer[0] Test forwarded: minecraft -> 7dtd
10:49:56 info: BridgeServer[0] Test forwarded: 7dtd -> minecraft
10:50:12 info: BridgeServer[0] Player position forwarded: minecraft -> 7dtd (-46.4980827909365, 71, 73.39785432349018)
10:50:12 info: BridgeServer[0] Entity registry: spawned, id=879bff2e-8eff-415a-9bc5-3f3e72ae70a0, count=1
10:50:12 info: BridgeServer[0] [Presentation] entity=879bff2e-8eff-415a-9bc5-3f3e72ae70a0 state=[presentation, {   "renderer": "humanoid",   "model": "player",   "scale": 1.0,   "variant": "default" }]
10:50:12 info: BridgeServer[0] Entity state forwarded: minecraft -> 7dtd (spawn, 879bff2e-8eff-415a-9bc5-3f3e72ae70a0)
10:50:12 info: BridgeServer[0] Player position forwarded: minecraft -> 7dtd (-46.4980827909365, 71, 73.39785432349018)
10:50:12 info: BridgeServer[0] Entity registry: updated, id=879bff2e-8eff-415a-9bc5-3f3e72ae70a0, count=1
10:50:12 info: BridgeServer[0] [Presentation] entity=879bff2e-8eff-415a-9bc5-3f3e72ae70a0 state=[presentation, {   "renderer": "humanoid",   "model": "player",   "scale": 1.0,   "variant": "default" }]
10:50:12 info: BridgeServer[0] Entity state forwarded: minecraft -> 7dtd (update, 879bff2e-8eff-415a-9bc5-3f3e72ae70a0)
10:50:57 info: Microsoft.AspNetCore.Hosting.Diagnostics[1] Request starting HTTP/1.1 GET http://localhost:18771/health - - -
10:50:57 info: Microsoft.AspNetCore.Routing.EndpointMiddleware[0] Executing endpoint 'HTTP: GET /health'
10:50:57 info: Microsoft.AspNetCore.Http.Result.JsonResult[3] Writing value of type '<>f__AnonymousType5`3' as Json.
10:50:57 info: Microsoft.AspNetCore.Routing.EndpointMiddleware[1] Executed endpoint 'HTTP: GET /health'
10:50:57 info: Microsoft.AspNetCore.Hosting.Diagnostics[2] Request finished HTTP/1.1 GET http://localhost:18771/health - 200 - application/json;+charset=utf-8 15.9081ms
10:51:23 info: BridgeServer[0] Test forwarded: 7dtd -> minecraft
10:51:23 info: BridgeServer[0] Entity registry: despawned, id=879bff2e-8eff-415a-9bc5-3f3e72ae70a0, count=0
10:51:23 info: BridgeServer[0] Entity state forwarded: minecraft -> 7dtd (despawn, 879bff2e-8eff-415a-9bc5-3f3e72ae70a0)
10:51:23 info: BridgeServer[0] Entity registry: spawned, id=d317490e-d1c8-4c5d-b4fc-725645e4df41, count=1
10:51:23 info: BridgeServer[0] [Presentation] entity=d317490e-d1c8-4c5d-b4fc-725645e4df41 state=[presentation, {   "renderer": "humanoid",   "model": "player",   "scale": 1.0,   "variant": "default" }]
10:51:23 info: BridgeServer[0] Entity state forwarded: minecraft -> 7dtd (spawn, d317490e-d1c8-4c5d-b4fc-725645e4df41)
10:51:23 info: BridgeServer[0] Entity registry: spawned, id=c659c35b-0f9a-4089-a3ee-a6a9e72626f8, count=1
10:51:23 info: BridgeServer[0] [Presentation] entity=c659c35b-0f9a-4089-a3ee-a6a9e72626f8 state=[presentation, {   "renderer": "humanoid",   "model": "survivor",   "scale": 1.0,   "variant": "default" }]
10:51:23 info: BridgeServer[0] Entity state forwarded: 7dtd -> minecraft (spawn, c659c35b-0f9a-4089-a3ee-a6a9e72626f8)
10:51:23 info: BridgeServer[0] Components: equipment_applied, id=c659c35b-0f9a-4089-a3ee-a6a9e72626f8, revision=1; 7dtd -> minecraft
10:51:24 info: BridgeServer[0] Entity registry: updated, id=c659c35b-0f9a-4089-a3ee-a6a9e72626f8, count=1
10:51:24 info: BridgeServer[0] [Presentation] entity=c659c35b-0f9a-4089-a3ee-a6a9e72626f8 state=[presentation, {   "renderer": "humanoid",   "model": "survivor",   "scale": 1.0,   "variant": "default" }]
10:51:24 info: BridgeServer[0] Entity state forwarded: 7dtd -> minecraft (update, c659c35b-0f9a-4089-a3ee-a6a9e72626f8)
10:51:24 info: BridgeServer[0] Entity registry: updated, id=c659c35b-0f9a-4089-a3ee-a6a9e72626f8, count=1
10:51:24 info: BridgeServer[0] [Presentation] entity=c659c35b-0f9a-4089-a3ee-a6a9e72626f8 state=[presentation, {   "renderer": "humanoid",   "model": "survivor",   "scale": 1.0,   "variant": "default" }]
10:51:24 info: BridgeServer[0] Entity state forwarded: 7dtd -> minecraft (update, c659c35b-0f9a-4089-a3ee-a6a9e72626f8)
10:51:25 info: BridgeServer[0] Entity registry: updated, id=c659c35b-0f9a-4089-a3ee-a6a9e72626f8, count=1
10:51:25 info: BridgeServer[0] [Presentation] entity=c659c35b-0f9a-4089-a3ee-a6a9e72626f8 state=[presentation, {   "renderer": "humanoid",   "model": "survivor",   "scale": 1.0,   "variant": "default" }]
10:51:25 info: BridgeServer[0] Entity state forwarded: 7dtd -> minecraft (update, c659c35b-0f9a-4089-a3ee-a6a9e72626f8)
10:51:26 info: BridgeServer[0] Entity registry: updated, id=c659c35b-0f9a-4089-a3ee-a6a9e72626f8, count=1
10:51:26 info: BridgeServer[0] [Presentation] entity=c659c35b-0f9a-4089-a3ee-a6a9e72626f8 state=[presentation, {   "renderer": "humanoid",   "model": "survivor",   "scale": 1.0,   "variant": "default" }]
10:51:26 info: BridgeServer[0] Entity state forwarded: 7dtd -> minecraft (update, c659c35b-0f9a-4089-a3ee-a6a9e72626f8)
10:51:26 info: BridgeServer[0] Entity registry: updated, id=c659c35b-0f9a-4089-a3ee-a6a9e72626f8, count=1
10:51:26 info: BridgeServer[0] [Presentation] entity=c659c35b-0f9a-4089-a3ee-a6a9e72626f8 state=[presentation, {   "renderer": "humanoid",   "model": "survivor",   "scale": 1.0,   "variant": "default" }]
10:51:26 info: BridgeServer[0] Entity state forwarded: 7dtd -> minecraft (update, c659c35b-0f9a-4089-a3ee-a6a9e72626f8)
10:51:27 info: BridgeServer[0] Entity registry: updated, id=c659c35b-0f9a-4089-a3ee-a6a9e72626f8, count=1
10:51:27 info: BridgeServer[0] [Presentation] entity=c659c35b-0f9a-4089-a3ee-a6a9e72626f8 state=[presentation, {   "renderer": "humanoid",   "model": "survivor",   "scale": 1.0,   "variant": "default" }]
10:51:27 info: BridgeServer[0] Entity state forwarded: 7dtd -> minecraft (update, c659c35b-0f9a-4089-a3ee-a6a9e72626f8)
10:51:27 info: BridgeServer[0] Entity registry: updated, id=c659c35b-0f9a-4089-a3ee-a6a9e72626f8, count=1
10:51:27 info: BridgeServer[0] [Presentation] entity=c659c35b-0f9a-4089-a3ee-a6a9e72626f8 state=[presentation, {   "renderer": "humanoid",   "model": "survivor",   "scale": 1.0,   "variant": "default" }]
10:51:27 info: BridgeServer[0] Entity state forwarded: 7dtd -> minecraft (update, c659c35b-0f9a-4089-a3ee-a6a9e72626f8)
10:51:28 info: BridgeServer[0] Entity registry: updated, id=c659c35b-0f9a-4089-a3ee-a6a9e72626f8, count=1
10:51:28 info: BridgeServer[0] [Presentation] entity=c659c35b-0f9a-4089-a3ee-a6a9e72626f8 state=[presentation, {   "renderer": "humanoid",   "model": "survivor",   "scale": 1.0,   "variant": "default" }]
10:51:28 info: BridgeServer[0] Entity state forwarded: 7dtd -> minecraft (update, c659c35b-0f9a-4089-a3ee-a6a9e72626f8)
10:51:28 info: BridgeServer[0] Entity registry: updated, id=c659c35b-0f9a-4089-a3ee-a6a9e72626f8, count=1
10:51:28 info: BridgeServer[0] [Presentation] entity=c659c35b-0f9a-4089-a3ee-a6a9e72626f8 state=[presentation, {   "renderer": "humanoid",   "model": "survivor",   "scale": 1.0,   "variant": "default" }]
10:51:28 info: BridgeServer[0] Entity state forwarded: 7dtd -> minecraft (update, c659c35b-0f9a-4089-a3ee-a6a9e72626f8)
10:51:29 info: BridgeServer[0] Entity registry: updated, id=c659c35b-0f9a-4089-a3ee-a6a9e72626f8, count=1
10:51:29 info: BridgeServer[0] [Presentation] entity=c659c35b-0f9a-4089-a3ee-a6a9e72626f8 state=[presentation, {   "renderer": "humanoid",   "model": "survivor",   "scale": 1.0,   "variant": "default" }]
10:51:29 info: BridgeServer[0] Entity state forwarded: 7dtd -> minecraft (update, c659c35b-0f9a-4089-a3ee-a6a9e72626f8)
10:51:29 info: BridgeServer[0] Entity registry: updated, id=c659c35b-0f9a-4089-a3ee-a6a9e72626f8, count=1
10:51:29 info: BridgeServer[0] [Presentation] entity=c659c35b-0f9a-4089-a3ee-a6a9e72626f8 state=[presentation, {   "renderer": "humanoid",   "model": "survivor",   "scale": 1.0,   "variant": "default" }]
10:51:29 info: BridgeServer[0] Entity state forwarded: 7dtd -> minecraft (update, c659c35b-0f9a-4089-a3ee-a6a9e72626f8)
10:51:30 info: BridgeServer[0] Entity registry: updated, id=c659c35b-0f9a-4089-a3ee-a6a9e72626f8, count=1
10:51:30 info: BridgeServer[0] [Presentation] entity=c659c35b-0f9a-4089-a3ee-a6a9e72626f8 state=[presentation, {   "renderer": "humanoid",   "model": "survivor",   "scale": 1.0,   "variant": "default" }]
10:51:30 info: BridgeServer[0] Entity state forwarded: 7dtd -> minecraft (update, c659c35b-0f9a-4089-a3ee-a6a9e72626f8)
10:51:30 info: BridgeServer[0] Entity registry: updated, id=c659c35b-0f9a-4089-a3ee-a6a9e72626f8, count=1
10:51:30 info: BridgeServer[0] [Presentation] entity=c659c35b-0f9a-4089-a3ee-a6a9e72626f8 state=[presentation, {   "renderer": "humanoid",   "model": "survivor",   "scale": 1.0,   "variant": "default" }]
10:51:30 info: BridgeServer[0] Entity state forwarded: 7dtd -> minecraft (update, c659c35b-0f9a-4089-a3ee-a6a9e72626f8)
10:51:31 info: BridgeServer[0] Entity registry: updated, id=c659c35b-0f9a-4089-a3ee-a6a9e72626f8, count=1
10:51:31 info: BridgeServer[0] [Presentation] entity=c659c35b-0f9a-4089-a3ee-a6a9e72626f8 state=[presentation, {   "renderer": "humanoid",   "model": "survivor",   "scale": 1.0,   "variant": "default" }]
10:51:31 info: BridgeServer[0] Entity state forwarded: 7dtd -> minecraft (update, c659c35b-0f9a-4089-a3ee-a6a9e72626f8)
10:51:31 info: BridgeServer[0] Entity registry: updated, id=c659c35b-0f9a-4089-a3ee-a6a9e72626f8, count=1
10:51:31 info: BridgeServer[0] [Presentation] entity=c659c35b-0f9a-4089-a3ee-a6a9e72626f8 state=[presentation, {   "renderer": "humanoid",   "model": "survivor",   "scale": 1.0,   "variant": "default" }]
10:51:31 info: BridgeServer[0] Entity state forwarded: 7dtd -> minecraft (update, c659c35b-0f9a-4089-a3ee-a6a9e72626f8)
10:51:32 info: BridgeServer[0] Entity registry: updated, id=c659c35b-0f9a-4089-a3ee-a6a9e72626f8, count=1
10:51:32 info: BridgeServer[0] [Presentation] entity=c659c35b-0f9a-4089-a3ee-a6a9e72626f8 state=[presentation, {   "renderer": "humanoid",   "model": "survivor",   "scale": 1.0,   "variant": "default" }]
10:51:32 info: BridgeServer[0] Entity state forwarded: 7dtd -> minecraft (update, c659c35b-0f9a-4089-a3ee-a6a9e72626f8)
10:51:32 info: BridgeServer[0] Entity registry: updated, id=c659c35b-0f9a-4089-a3ee-a6a9e72626f8, count=1
10:51:32 info: BridgeServer[0] [Presentation] entity=c659c35b-0f9a-4089-a3ee-a6a9e72626f8 state=[presentation, {   "renderer": "humanoid",   "model": "survivor",   "scale": 1.0,   "variant": "default" }]
10:51:32 info: BridgeServer[0] Entity state forwarded: 7dtd -> minecraft (update, c659c35b-0f9a-4089-a3ee-a6a9e72626f8)
10:51:33 info: BridgeServer[0] Entity registry: updated, id=c659c35b-0f9a-4089-a3ee-a6a9e72626f8, count=1
10:51:33 info: BridgeServer[0] [Presentation] entity=c659c35b-0f9a-4089-a3ee-a6a9e72626f8 state=[presentation, {   "renderer": "humanoid",   "model": "survivor",   "scale": 1.0,   "variant": "default" }]
10:51:33 info: BridgeServer[0] Entity state forwarded: 7dtd -> minecraft (update, c659c35b-0f9a-4089-a3ee-a6a9e72626f8)
10:51:33 info: BridgeServer[0] Entity registry: updated, id=c659c35b-0f9a-4089-a3ee-a6a9e72626f8, count=1
10:51:33 info: BridgeServer[0] [Presentation] entity=c659c35b-0f9a-4089-a3ee-a6a9e72626f8 state=[presentation, {   "renderer": "humanoid",   "model": "survivor",   "scale": 1.0,   "variant": "default" }]
10:51:33 info: BridgeServer[0] Entity state forwarded: 7dtd -> minecraft (update, c659c35b-0f9a-4089-a3ee-a6a9e72626f8)
10:51:34 info: BridgeServer[0] Entity registry: updated, id=c659c35b-0f9a-4089-a3ee-a6a9e72626f8, count=1
10:51:34 info: BridgeServer[0] [Presentation] entity=c659c35b-0f9a-4089-a3ee-a6a9e72626f8 state=[presentation, {   "renderer": "humanoid",   "model": "survivor",   "scale": 1.0,   "variant": "default" }]
10:51:34 info: BridgeServer[0] Entity state forwarded: 7dtd -> minecraft (update, c659c35b-0f9a-4089-a3ee-a6a9e72626f8)
10:51:34 info: BridgeServer[0] Entity registry: updated, id=c659c35b-0f9a-4089-a3ee-a6a9e72626f8, count=1
10:51:34 info: BridgeServer[0] [Presentation] entity=c659c35b-0f9a-4089-a3ee-a6a9e72626f8 state=[presentation, {   "renderer": "humanoid",   "model": "survivor",   "scale": 1.0,   "variant": "default" }]
10:51:34 info: BridgeServer[0] Entity state forwarded: 7dtd -> minecraft (update, c659c35b-0f9a-4089-a3ee-a6a9e72626f8)
10:51:35 info: BridgeServer[0] Entity registry: updated, id=c659c35b-0f9a-4089-a3ee-a6a9e72626f8, count=1
10:51:35 info: BridgeServer[0] [Presentation] entity=c659c35b-0f9a-4089-a3ee-a6a9e72626f8 state=[presentation, {   "renderer": "humanoid",   "model": "survivor",   "scale": 1.0,   "variant": "default" }]
10:51:35 info: BridgeServer[0] Entity state forwarded: 7dtd -> minecraft (update, c659c35b-0f9a-4089-a3ee-a6a9e72626f8)
10:51:35 info: BridgeServer[0] Entity registry: updated, id=c659c35b-0f9a-4089-a3ee-a6a9e72626f8, count=1
10:51:35 info: BridgeServer[0] [Presentation] entity=c659c35b-0f9a-4089-a3ee-a6a9e72626f8 state=[presentation, {   "renderer": "humanoid",   "model": "survivor",   "scale": 1.0,   "variant": "default" }]
10:51:35 info: BridgeServer[0] Entity state forwarded: 7dtd -> minecraft (update, c659c35b-0f9a-4089-a3ee-a6a9e72626f8)
10:51:36 info: BridgeServer[0] Entity registry: updated, id=c659c35b-0f9a-4089-a3ee-a6a9e72626f8, count=1
10:51:36 info: BridgeServer[0] [Presentation] entity=c659c35b-0f9a-4089-a3ee-a6a9e72626f8 state=[presentation, {   "renderer": "humanoid",   "model": "survivor",   "scale": 1.0,   "variant": "default" }]
10:51:36 info: BridgeServer[0] Entity state forwarded: 7dtd -> minecraft (update, c659c35b-0f9a-4089-a3ee-a6a9e72626f8)
10:51:36 info: BridgeServer[0] Entity registry: updated, id=c659c35b-0f9a-4089-a3ee-a6a9e72626f8, count=1
10:51:36 info: BridgeServer[0] [Presentation] entity=c659c35b-0f9a-4089-a3ee-a6a9e72626f8 state=[presentation, {   "renderer": "humanoid",   "model": "survivor",   "scale": 1.0,   "variant": "default" }]
10:51:36 info: BridgeServer[0] Entity state forwarded: 7dtd -> minecraft (update, c659c35b-0f9a-4089-a3ee-a6a9e72626f8)
10:51:37 info: BridgeServer[0] Entity registry: updated, id=c659c35b-0f9a-4089-a3ee-a6a9e72626f8, count=1
10:51:37 info: BridgeServer[0] [Presentation] entity=c659c35b-0f9a-4089-a3ee-a6a9e72626f8 state=[presentation, {   "renderer": "humanoid",   "model": "survivor",   "scale": 1.0,   "variant": "default" }]
10:51:37 info: BridgeServer[0] Entity state forwarded: 7dtd -> minecraft (update, c659c35b-0f9a-4089-a3ee-a6a9e72626f8)
10:51:37 info: BridgeServer[0] Entity registry: updated, id=c659c35b-0f9a-4089-a3ee-a6a9e72626f8, count=1
10:51:37 info: BridgeServer[0] [Presentation] entity=c659c35b-0f9a-4089-a3ee-a6a9e72626f8 state=[presentation, {   "renderer": "humanoid",   "model": "survivor",   "scale": 1.0,   "variant": "default" }]
10:51:37 info: BridgeServer[0] Entity state forwarded: 7dtd -> minecraft (update, c659c35b-0f9a-4089-a3ee-a6a9e72626f8)
10:51:38 info: BridgeServer[0] Entity registry: updated, id=c659c35b-0f9a-4089-a3ee-a6a9e72626f8, count=1
10:51:38 info: BridgeServer[0] [Presentation] entity=c659c35b-0f9a-4089-a3ee-a6a9e72626f8 state=[presentation, {   "renderer": "humanoid",   "model": "survivor",   "scale": 1.0,   "variant": "default" }]
10:51:38 info: BridgeServer[0] Entity state forwarded: 7dtd -> minecraft (update, c659c35b-0f9a-4089-a3ee-a6a9e72626f8)
10:51:38 info: BridgeServer[0] Entity registry: updated, id=c659c35b-0f9a-4089-a3ee-a6a9e72626f8, count=1
10:51:38 info: BridgeServer[0] [Presentation] entity=c659c35b-0f9a-4089-a3ee-a6a9e72626f8 state=[presentation, {   "renderer": "humanoid",   "model": "survivor",   "scale": 1.0,   "variant": "default" }]
10:51:38 info: BridgeServer[0] Entity state forwarded: 7dtd -> minecraft (update, c659c35b-0f9a-4089-a3ee-a6a9e72626f8)
10:51:39 info: BridgeServer[0] Entity registry: updated, id=c659c35b-0f9a-4089-a3ee-a6a9e72626f8, count=1
10:51:39 info: BridgeServer[0] [Presentation] entity=c659c35b-0f9a-4089-a3ee-a6a9e72626f8 state=[presentation, {   "renderer": "humanoid",   "model": "survivor",   "scale": 1.0,   "variant": "default" }]
10:51:39 info: BridgeServer[0] Entity state forwarded: 7dtd -> minecraft (update, c659c35b-0f9a-4089-a3ee-a6a9e72626f8)
10:51:39 info: BridgeServer[0] Entity registry: updated, id=c659c35b-0f9a-4089-a3ee-a6a9e72626f8, count=1
10:51:39 info: BridgeServer[0] [Presentation] entity=c659c35b-0f9a-4089-a3ee-a6a9e72626f8 state=[presentation, {   "renderer": "humanoid",   "model": "survivor",   "scale": 1.0,   "variant": "default" }]
10:51:39 info: BridgeServer[0] Entity state forwarded: 7dtd -> minecraft (update, c659c35b-0f9a-4089-a3ee-a6a9e72626f8)
10:51:40 info: BridgeServer[0] Entity registry: updated, id=c659c35b-0f9a-4089-a3ee-a6a9e72626f8, count=1
10:51:40 info: BridgeServer[0] [Presentation] entity=c659c35b-0f9a-4089-a3ee-a6a9e72626f8 state=[presentation, {   "renderer": "humanoid",   "model": "survivor",   "scale": 1.0,   "variant": "default" }]
10:51:40 info: BridgeServer[0] Entity state forwarded: 7dtd -> minecraft (update, c659c35b-0f9a-4089-a3ee-a6a9e72626f8)
10:51:40 info: BridgeServer[0] Entity registry: updated, id=c659c35b-0f9a-4089-a3ee-a6a9e72626f8, count=1
10:51:40 info: BridgeServer[0] [Presentation] entity=c659c35b-0f9a-4089-a3ee-a6a9e72626f8 state=[presentation, {   "renderer": "humanoid",   "model": "survivor",   "scale": 1.0,   "variant": "default" }]
10:51:40 info: BridgeServer[0] Entity state forwarded: 7dtd -> minecraft (update, c659c35b-0f9a-4089-a3ee-a6a9e72626f8)
10:51:41 info: BridgeServer[0] Entity registry: updated, id=c659c35b-0f9a-4089-a3ee-a6a9e72626f8, count=1
10:51:41 info: BridgeServer[0] [Presentation] entity=c659c35b-0f9a-4089-a3ee-a6a9e72626f8 state=[presentation, {   "renderer": "humanoid",   "model": "survivor",   "scale": 1.0,   "variant": "default" }]
10:51:41 info: BridgeServer[0] Entity state forwarded: 7dtd -> minecraft (update, c659c35b-0f9a-4089-a3ee-a6a9e72626f8)
10:51:41 info: BridgeServer[0] Entity registry: updated, id=c659c35b-0f9a-4089-a3ee-a6a9e72626f8, count=1
10:51:41 info: BridgeServer[0] [Presentation] entity=c659c35b-0f9a-4089-a3ee-a6a9e72626f8 state=[presentation, {   "renderer": "humanoid",   "model": "survivor",   "scale": 1.0,   "variant": "default" }]
10:51:41 info: BridgeServer[0] Entity state forwarded: 7dtd -> minecraft (update, c659c35b-0f9a-4089-a3ee-a6a9e72626f8)
10:51:42 info: BridgeServer[0] Entity registry: updated, id=c659c35b-0f9a-4089-a3ee-a6a9e72626f8, count=1
10:51:42 info: BridgeServer[0] [Presentation] entity=c659c35b-0f9a-4089-a3ee-a6a9e72626f8 state=[presentation, {   "renderer": "humanoid",   "model": "survivor",   "scale": 1.0,   "variant": "default" }]
10:51:42 info: BridgeServer[0] Entity state forwarded: 7dtd -> minecraft (update, c659c35b-0f9a-4089-a3ee-a6a9e72626f8)
10:51:42 info: BridgeServer[0] Entity registry: updated, id=c659c35b-0f9a-4089-a3ee-a6a9e72626f8, count=1
10:51:42 info: BridgeServer[0] [Presentation] entity=c659c35b-0f9a-4089-a3ee-a6a9e72626f8 state=[presentation, {   "renderer": "humanoid",   "model": "survivor",   "scale": 1.0,   "variant": "default" }]
10:51:42 info: BridgeServer[0] Entity state forwarded: 7dtd -> minecraft (update, c659c35b-0f9a-4089-a3ee-a6a9e72626f8)
10:51:43 info: BridgeServer[0] Entity registry: updated, id=c659c35b-0f9a-4089-a3ee-a6a9e72626f8, count=1
10:51:43 info: BridgeServer[0] [Presentation] entity=c659c35b-0f9a-4089-a3ee-a6a9e72626f8 state=[presentation, {   "renderer": "humanoid",   "model": "survivor",   "scale": 1.0,   "variant": "default" }]
10:51:43 info: BridgeServer[0] Entity state forwarded: 7dtd -> minecraft (update, c659c35b-0f9a-4089-a3ee-a6a9e72626f8)
10:51:43 info: BridgeServer[0] Entity registry: updated, id=c659c35b-0f9a-4089-a3ee-a6a9e72626f8, count=1
10:51:43 info: BridgeServer[0] [Presentation] entity=c659c35b-0f9a-4089-a3ee-a6a9e72626f8 state=[presentation, {   "renderer": "humanoid",   "model": "survivor",   "scale": 1.0,   "variant": "default" }]
10:51:43 info: BridgeServer[0] Entity state forwarded: 7dtd -> minecraft (update, c659c35b-0f9a-4089-a3ee-a6a9e72626f8)
10:51:44 info: BridgeServer[0] Player position forwarded: minecraft -> 7dtd (-46.4980827909365, 71, 73.39785432349018)
10:51:44 info: BridgeServer[0] Entity registry: updated, id=d317490e-d1c8-4c5d-b4fc-725645e4df41, count=1
10:51:44 info: BridgeServer[0] [Presentation] entity=d317490e-d1c8-4c5d-b4fc-725645e4df41 state=[presentation, {   "renderer": "humanoid",   "model": "player",   "scale": 1.0,   "variant": "default" }]
10:51:44 info: BridgeServer[0] Entity state forwarded: minecraft -> 7dtd (update, d317490e-d1c8-4c5d-b4fc-725645e4df41)
10:51:44 info: BridgeServer[0] Entity registry: updated, id=c659c35b-0f9a-4089-a3ee-a6a9e72626f8, count=1
10:51:44 info: BridgeServer[0] [Presentation] entity=c659c35b-0f9a-4089-a3ee-a6a9e72626f8 state=[presentation, {   "renderer": "humanoid",   "model": "survivor",   "scale": 1.0,   "variant": "default" }]
10:51:44 info: BridgeServer[0] Entity state forwarded: 7dtd -> minecraft (update, c659c35b-0f9a-4089-a3ee-a6a9e72626f8)
10:51:44 info: BridgeServer[0] Player position forwarded: minecraft -> 7dtd (-46.4980827909365, 71, 73.39785432349018)
10:51:44 info: BridgeServer[0] Entity registry: updated, id=d317490e-d1c8-4c5d-b4fc-725645e4df41, count=1
10:51:44 info: BridgeServer[0] [Presentation] entity=d317490e-d1c8-4c5d-b4fc-725645e4df41 state=[presentation, {   "renderer": "humanoid",   "model": "player",   "scale": 1.0,   "variant": "default" }]
10:51:44 info: BridgeServer[0] Entity state forwarded: minecraft -> 7dtd (update, d317490e-d1c8-4c5d-b4fc-725645e4df41)
10:51:45 info: BridgeServer[0] Entity registry: updated, id=c659c35b-0f9a-4089-a3ee-a6a9e72626f8, count=1
10:51:45 info: BridgeServer[0] [Presentation] entity=c659c35b-0f9a-4089-a3ee-a6a9e72626f8 state=[presentation, {   "renderer": "humanoid",   "model": "survivor",   "scale": 1.0,   "variant": "default" }]
10:51:45 info: BridgeServer[0] Entity state forwarded: 7dtd -> minecraft (update, c659c35b-0f9a-4089-a3ee-a6a9e72626f8)
10:51:45 info: BridgeServer[0] Player position forwarded: minecraft -> 7dtd (-46.4980827909365, 71, 73.39785432349018)
10:51:45 info: BridgeServer[0] Entity registry: updated, id=d317490e-d1c8-4c5d-b4fc-725645e4df41, count=1
10:51:45 info: BridgeServer[0] [Presentation] entity=d317490e-d1c8-4c5d-b4fc-725645e4df41 state=[presentation, {   "renderer": "humanoid",   "model": "player",   "scale": 1.0,   "variant": "default" }]
10:51:45 info: BridgeServer[0] Entity state forwarded: minecraft -> 7dtd (update, d317490e-d1c8-4c5d-b4fc-725645e4df41)
10:51:45 info: BridgeServer[0] Entity registry: updated, id=c659c35b-0f9a-4089-a3ee-a6a9e72626f8, count=1
10:51:45 info: BridgeServer[0] [Presentation] entity=c659c35b-0f9a-4089-a3ee-a6a9e72626f8 state=[presentation, {   "renderer": "humanoid",   "model": "survivor",   "scale": 1.0,   "variant": "default" }]
10:51:45 info: BridgeServer[0] Entity state forwarded: 7dtd -> minecraft (update, c659c35b-0f9a-4089-a3ee-a6a9e72626f8)
10:51:45 info: BridgeServer[0] Player position forwarded: minecraft -> 7dtd (-46.4980827909365, 71, 73.39785432349018)
10:51:45 info: BridgeServer[0] Entity registry: updated, id=d317490e-d1c8-4c5d-b4fc-725645e4df41, count=1
10:51:45 info: BridgeServer[0] [Presentation] entity=d317490e-d1c8-4c5d-b4fc-725645e4df41 state=[presentation, {   "renderer": "humanoid",   "model": "player",   "scale": 1.0,   "variant": "default" }]
10:51:45 info: BridgeServer[0] Entity state forwarded: minecraft -> 7dtd (update, d317490e-d1c8-4c5d-b4fc-725645e4df41)
10:51:45 info: BridgeServer[0] Entity registry: updated, id=c659c35b-0f9a-4089-a3ee-a6a9e72626f8, count=1
10:51:45 info: BridgeServer[0] [Presentation] entity=c659c35b-0f9a-4089-a3ee-a6a9e72626f8 state=[presentation, {   "renderer": "humanoid",   "model": "survivor",   "scale": 1.0,   "variant": "default" }]
10:51:45 info: BridgeServer[0] Entity state forwarded: 7dtd -> minecraft (update, c659c35b-0f9a-4089-a3ee-a6a9e72626f8)
10:51:46 info: BridgeServer[0] Player position forwarded: minecraft -> 7dtd (-46.4980827909365, 71, 73.39785432349018)
10:51:46 info: BridgeServer[0] Entity registry: updated, id=d317490e-d1c8-4c5d-b4fc-725645e4df41, count=1
10:51:46 info: BridgeServer[0] [Presentation] entity=d317490e-d1c8-4c5d-b4fc-725645e4df41 state=[presentation, {   "renderer": "humanoid",   "model": "player",   "scale": 1.0,   "variant": "default" }]
10:51:46 info: BridgeServer[0] Entity state forwarded: minecraft -> 7dtd (update, d317490e-d1c8-4c5d-b4fc-725645e4df41)
10:51:46 info: BridgeServer[0] Entity registry: updated, id=c659c35b-0f9a-4089-a3ee-a6a9e72626f8, count=1
10:51:46 info: BridgeServer[0] [Presentation] entity=c659c35b-0f9a-4089-a3ee-a6a9e72626f8 state=[presentation, {   "renderer": "humanoid",   "model": "survivor",   "scale": 1.0,   "variant": "default" }]
10:51:46 info: BridgeServer[0] Entity state forwarded: 7dtd -> minecraft (update, c659c35b-0f9a-4089-a3ee-a6a9e72626f8)
10:51:46 info: BridgeServer[0] Player position forwarded: minecraft -> 7dtd (-46.4980827909365, 71, 73.39785432349018)
10:51:46 info: BridgeServer[0] Entity registry: updated, id=d317490e-d1c8-4c5d-b4fc-725645e4df41, count=1
10:51:46 info: BridgeServer[0] [Presentation] entity=d317490e-d1c8-4c5d-b4fc-725645e4df41 state=[presentation, {   "renderer": "humanoid",   "model": "player",   "scale": 1.0,   "variant": "default" }]
10:51:46 info: BridgeServer[0] Entity state forwarded: minecraft -> 7dtd (update, d317490e-d1c8-4c5d-b4fc-725645e4df41)
10:51:46 info: BridgeServer[0] Entity registry: updated, id=c659c35b-0f9a-4089-a3ee-a6a9e72626f8, count=1
10:51:46 info: BridgeServer[0] [Presentation] entity=c659c35b-0f9a-4089-a3ee-a6a9e72626f8 state=[presentation, {   "renderer": "humanoid",   "model": "survivor",   "scale": 1.0,   "variant": "default" }]
10:51:46 info: BridgeServer[0] Entity state forwarded: 7dtd -> minecraft (update, c659c35b-0f9a-4089-a3ee-a6a9e72626f8)
10:51:47 info: BridgeServer[0] Player position forwarded: minecraft -> 7dtd (-46.4980827909365, 71, 73.39785432349018)
10:51:47 info: BridgeServer[0] Entity registry: updated, id=d317490e-d1c8-4c5d-b4fc-725645e4df41, count=1
10:51:47 info: BridgeServer[0] [Presentation] entity=d317490e-d1c8-4c5d-b4fc-725645e4df41 state=[presentation, {   "renderer": "humanoid",   "model": "player",   "scale": 1.0,   "variant": "default" }]
10:51:47 info: BridgeServer[0] Entity state forwarded: minecraft -> 7dtd (update, d317490e-d1c8-4c5d-b4fc-725645e4df41)
10:51:47 info: BridgeServer[0] Entity registry: updated, id=c659c35b-0f9a-4089-a3ee-a6a9e72626f8, count=1
10:51:47 info: BridgeServer[0] [Presentation] entity=c659c35b-0f9a-4089-a3ee-a6a9e72626f8 state=[presentation, {   "renderer": "humanoid",   "model": "survivor",   "scale": 1.0,   "variant": "default" }]
10:51:47 info: BridgeServer[0] Entity state forwarded: 7dtd -> minecraft (update, c659c35b-0f9a-4089-a3ee-a6a9e72626f8)
10:51:47 info: BridgeServer[0] Player position forwarded: minecraft -> 7dtd (-46.4980827909365, 71, 73.39785432349018)
10:51:47 info: BridgeServer[0] Entity registry: updated, id=d317490e-d1c8-4c5d-b4fc-725645e4df41, count=1
10:51:47 info: BridgeServer[0] [Presentation] entity=d317490e-d1c8-4c5d-b4fc-725645e4df41 state=[presentation, {   "renderer": "humanoid",   "model": "player",   "scale": 1.0,   "variant": "default" }]
10:51:47 info: BridgeServer[0] Entity state forwarded: minecraft -> 7dtd (update, d317490e-d1c8-4c5d-b4fc-725645e4df41)
10:51:47 info: BridgeServer[0] Entity registry: updated, id=c659c35b-0f9a-4089-a3ee-a6a9e72626f8, count=1
10:51:47 info: BridgeServer[0] [Presentation] entity=c659c35b-0f9a-4089-a3ee-a6a9e72626f8 state=[presentation, {   "renderer": "humanoid",   "model": "survivor",   "scale": 1.0,   "variant": "default" }]
10:51:47 info: BridgeServer[0] Entity state forwarded: 7dtd -> minecraft (update, c659c35b-0f9a-4089-a3ee-a6a9e72626f8)
10:51:48 info: BridgeServer[0] Entity registry: updated, id=c659c35b-0f9a-4089-a3ee-a6a9e72626f8, count=1
10:51:48 info: BridgeServer[0] [Presentation] entity=c659c35b-0f9a-4089-a3ee-a6a9e72626f8 state=[presentation, {   "renderer": "humanoid",   "model": "survivor",   "scale": 1.0,   "variant": "default" }]
10:51:48 info: BridgeServer[0] Entity state forwarded: 7dtd -> minecraft (update, c659c35b-0f9a-4089-a3ee-a6a9e72626f8)
10:51:48 info: BridgeServer[0] Player position forwarded: minecraft -> 7dtd (-46.4980827909365, 71, 73.39785432349018)
10:51:48 info: BridgeServer[0] Entity registry: updated, id=d317490e-d1c8-4c5d-b4fc-725645e4df41, count=1
10:51:48 info: BridgeServer[0] [Presentation] entity=d317490e-d1c8-4c5d-b4fc-725645e4df41 state=[presentation, {   "renderer": "humanoid",   "model": "player",   "scale": 1.0,   "variant": "default" }]
10:51:48 info: BridgeServer[0] Entity state forwarded: minecraft -> 7dtd (update, d317490e-d1c8-4c5d-b4fc-725645e4df41)
10:51:48 info: BridgeServer[0] Entity registry: updated, id=c659c35b-0f9a-4089-a3ee-a6a9e72626f8, count=1
10:51:48 info: BridgeServer[0] [Presentation] entity=c659c35b-0f9a-4089-a3ee-a6a9e72626f8 state=[presentation, {   "renderer": "humanoid",   "model": "survivor",   "scale": 1.0,   "variant": "default" }]
10:51:48 info: BridgeServer[0] Entity state forwarded: 7dtd -> minecraft (update, c659c35b-0f9a-4089-a3ee-a6a9e72626f8)
10:51:49 info: BridgeServer[0] Player position forwarded: minecraft -> 7dtd (-46.4980827909365, 71, 73.39785432349018)
10:51:49 info: BridgeServer[0] Entity registry: updated, id=d317490e-d1c8-4c5d-b4fc-725645e4df41, count=1
10:51:49 info: BridgeServer[0] [Presentation] entity=d317490e-d1c8-4c5d-b4fc-725645e4df41 state=[presentation, {   "renderer": "humanoid",   "model": "player",   "scale": 1.0,   "variant": "default" }]
10:51:49 info: BridgeServer[0] Entity state forwarded: minecraft -> 7dtd (update, d317490e-d1c8-4c5d-b4fc-725645e4df41)
10:51:49 info: BridgeServer[0] Entity registry: updated, id=c659c35b-0f9a-4089-a3ee-a6a9e72626f8, count=1
10:51:49 info: BridgeServer[0] [Presentation] entity=c659c35b-0f9a-4089-a3ee-a6a9e72626f8 state=[presentation, {   "renderer": "humanoid",   "model": "survivor",   "scale": 1.0,   "variant": "default" }]
10:51:49 info: BridgeServer[0] Entity state forwarded: 7dtd -> minecraft (update, c659c35b-0f9a-4089-a3ee-a6a9e72626f8)
10:51:49 info: BridgeServer[0] Player position forwarded: minecraft -> 7dtd (-46.4980827909365, 71, 73.39785432349018)
10:51:49 info: BridgeServer[0] Entity registry: updated, id=d317490e-d1c8-4c5d-b4fc-725645e4df41, count=1
10:51:49 info: BridgeServer[0] [Presentation] entity=d317490e-d1c8-4c5d-b4fc-725645e4df41 state=[presentation, {   "renderer": "humanoid",   "model": "player",   "scale": 1.0,   "variant": "default" }]
10:51:49 info: BridgeServer[0] Entity state forwarded: minecraft -> 7dtd (update, d317490e-d1c8-4c5d-b4fc-725645e4df41)
10:51:49 info: BridgeServer[0] Entity registry: updated, id=c659c35b-0f9a-4089-a3ee-a6a9e72626f8, count=1
10:51:49 info: BridgeServer[0] [Presentation] entity=c659c35b-0f9a-4089-a3ee-a6a9e72626f8 state=[presentation, {   "renderer": "humanoid",   "model": "survivor",   "scale": 1.0,   "variant": "default" }]
10:51:49 info: BridgeServer[0] Entity state forwarded: 7dtd -> minecraft (update, c659c35b-0f9a-4089-a3ee-a6a9e72626f8)
10:51:50 info: BridgeServer[0] Player position forwarded: minecraft -> 7dtd (-46.4980827909365, 71, 73.39785432349018)
10:51:50 info: BridgeServer[0] Entity registry: updated, id=d317490e-d1c8-4c5d-b4fc-725645e4df41, count=1
10:51:50 info: BridgeServer[0] [Presentation] entity=d317490e-d1c8-4c5d-b4fc-725645e4df41 state=[presentation, {   "renderer": "humanoid",   "model": "player",   "scale": 1.0,   "variant": "default" }]
10:51:50 info: BridgeServer[0] Entity state forwarded: minecraft -> 7dtd (update, d317490e-d1c8-4c5d-b4fc-725645e4df41)
10:51:50 info: BridgeServer[0] Entity registry: updated, id=c659c35b-0f9a-4089-a3ee-a6a9e72626f8, count=1
10:51:50 info: BridgeServer[0] [Presentation] entity=c659c35b-0f9a-4089-a3ee-a6a9e72626f8 state=[presentation, {   "renderer": "humanoid",   "model": "survivor",   "scale": 1.0,   "variant": "default" }]
10:51:50 info: BridgeServer[0] Entity state forwarded: 7dtd -> minecraft (update, c659c35b-0f9a-4089-a3ee-a6a9e72626f8)
10:51:50 info: BridgeServer[0] Player position forwarded: minecraft -> 7dtd (-46.4980827909365, 71, 73.39785432349018)
10:51:50 info: BridgeServer[0] Entity registry: updated, id=d317490e-d1c8-4c5d-b4fc-725645e4df41, count=1
10:51:50 info: BridgeServer[0] [Presentation] entity=d317490e-d1c8-4c5d-b4fc-725645e4df41 state=[presentation, {   "renderer": "humanoid",   "model": "player",   "scale": 1.0,   "variant": "default" }]
10:51:50 info: BridgeServer[0] Entity state forwarded: minecraft -> 7dtd (update, d317490e-d1c8-4c5d-b4fc-725645e4df41)
10:51:50 info: BridgeServer[0] Entity registry: updated, id=c659c35b-0f9a-4089-a3ee-a6a9e72626f8, count=1
10:51:50 info: BridgeServer[0] [Presentation] entity=c659c35b-0f9a-4089-a3ee-a6a9e72626f8 state=[presentation, {   "renderer": "humanoid",   "model": "survivor",   "scale": 1.0,   "variant": "default" }]
10:51:50 info: BridgeServer[0] Entity state forwarded: 7dtd -> minecraft (update, c659c35b-0f9a-4089-a3ee-a6a9e72626f8)
10:51:51 info: BridgeServer[0] Player position forwarded: minecraft -> 7dtd (-46.4980827909365, 71, 73.39785432349018)
10:51:51 info: BridgeServer[0] Entity registry: updated, id=d317490e-d1c8-4c5d-b4fc-725645e4df41, count=1
10:51:51 info: BridgeServer[0] [Presentation] entity=d317490e-d1c8-4c5d-b4fc-725645e4df41 state=[presentation, {   "renderer": "humanoid",   "model": "player",   "scale": 1.0,   "variant": "default" }]
10:51:51 info: BridgeServer[0] Entity state forwarded: minecraft -> 7dtd (update, d317490e-d1c8-4c5d-b4fc-725645e4df41)
10:51:51 info: BridgeServer[0] Entity registry: updated, id=c659c35b-0f9a-4089-a3ee-a6a9e72626f8, count=1
10:51:51 info: BridgeServer[0] [Presentation] entity=c659c35b-0f9a-4089-a3ee-a6a9e72626f8 state=[presentation, {   "renderer": "humanoid",   "model": "survivor",   "scale": 1.0,   "variant": "default" }]
10:51:51 info: BridgeServer[0] Entity state forwarded: 7dtd -> minecraft (update, c659c35b-0f9a-4089-a3ee-a6a9e72626f8)
10:51:51 info: BridgeServer[0] Player position forwarded: minecraft -> 7dtd (-46.4980827909365, 71, 73.39785432349018)
10:51:51 info: BridgeServer[0] Entity registry: updated, id=d317490e-d1c8-4c5d-b4fc-725645e4df41, count=1
10:51:51 info: BridgeServer[0] [Presentation] entity=d317490e-d1c8-4c5d-b4fc-725645e4df41 state=[presentation, {   "renderer": "humanoid",   "model": "player",   "scale": 1.0,   "variant": "default" }]
10:51:51 info: BridgeServer[0] Entity state forwarded: minecraft -> 7dtd (update, d317490e-d1c8-4c5d-b4fc-725645e4df41)
10:51:51 info: BridgeServer[0] Entity registry: updated, id=c659c35b-0f9a-4089-a3ee-a6a9e72626f8, count=1
10:51:51 info: BridgeServer[0] [Presentation] entity=c659c35b-0f9a-4089-a3ee-a6a9e72626f8 state=[presentation, {   "renderer": "humanoid",   "model": "survivor",   "scale": 1.0,   "variant": "default" }]
10:51:51 info: BridgeServer[0] Entity state forwarded: 7dtd -> minecraft (update, c659c35b-0f9a-4089-a3ee-a6a9e72626f8)
10:51:52 info: BridgeServer[0] Player position forwarded: minecraft -> 7dtd (-46.4980827909365, 71, 73.39785432349018)
10:51:52 info: BridgeServer[0] Entity registry: updated, id=d317490e-d1c8-4c5d-b4fc-725645e4df41, count=1
10:51:52 info: BridgeServer[0] [Presentation] entity=d317490e-d1c8-4c5d-b4fc-725645e4df41 state=[presentation, {   "renderer": "humanoid",   "model": "player",   "scale": 1.0,   "variant": "default" }]
10:51:52 info: BridgeServer[0] Entity state forwarded: minecraft -> 7dtd (update, d317490e-d1c8-4c5d-b4fc-725645e4df41)
10:51:52 info: BridgeServer[0] Entity registry: updated, id=c659c35b-0f9a-4089-a3ee-a6a9e72626f8, count=1
10:51:52 info: BridgeServer[0] [Presentation] entity=c659c35b-0f9a-4089-a3ee-a6a9e72626f8 state=[presentation, {   "renderer": "humanoid",   "model": "survivor",   "scale": 1.0,   "variant": "default" }]
10:51:52 info: BridgeServer[0] Entity state forwarded: 7dtd -> minecraft (update, c659c35b-0f9a-4089-a3ee-a6a9e72626f8)
10:51:52 info: BridgeServer[0] Player position forwarded: minecraft -> 7dtd (-46.4980827909365, 71, 73.39785432349018)
10:51:52 info: BridgeServer[0] Entity registry: updated, id=d317490e-d1c8-4c5d-b4fc-725645e4df41, count=1
10:51:52 info: BridgeServer[0] [Presentation] entity=d317490e-d1c8-4c5d-b4fc-725645e4df41 state=[presentation, {   "renderer": "humanoid",   "model": "player",   "scale": 1.0,   "variant": "default" }]
10:51:52 info: BridgeServer[0] Entity state forwarded: minecraft -> 7dtd (update, d317490e-d1c8-4c5d-b4fc-725645e4df41)
10:51:52 info: BridgeServer[0] Entity registry: updated, id=c659c35b-0f9a-4089-a3ee-a6a9e72626f8, count=1
10:51:52 info: BridgeServer[0] [Presentation] entity=c659c35b-0f9a-4089-a3ee-a6a9e72626f8 state=[presentation, {   "renderer": "humanoid",   "model": "survivor",   "scale": 1.0,   "variant": "default" }]
10:51:52 info: BridgeServer[0] Entity state forwarded: 7dtd -> minecraft (update, c659c35b-0f9a-4089-a3ee-a6a9e72626f8)
10:51:53 info: BridgeServer[0] Player position forwarded: minecraft -> 7dtd (-46.4980827909365, 71, 73.39785432349018)
10:51:53 info: BridgeServer[0] Entity registry: updated, id=d317490e-d1c8-4c5d-b4fc-725645e4df41, count=1
10:51:53 info: BridgeServer[0] [Presentation] entity=d317490e-d1c8-4c5d-b4fc-725645e4df41 state=[presentation, {   "renderer": "humanoid",   "model": "player",   "scale": 1.0,   "variant": "default" }]
10:51:53 info: BridgeServer[0] Entity state forwarded: minecraft -> 7dtd (update, d317490e-d1c8-4c5d-b4fc-725645e4df41)
10:51:53 info: BridgeServer[0] Entity registry: updated, id=c659c35b-0f9a-4089-a3ee-a6a9e72626f8, count=1
10:51:53 info: BridgeServer[0] [Presentation] entity=c659c35b-0f9a-4089-a3ee-a6a9e72626f8 state=[presentation, {   "renderer": "humanoid",   "model": "survivor",   "scale": 1.0,   "variant": "default" }]
10:51:53 info: BridgeServer[0] Entity state forwarded: 7dtd -> minecraft (update, c659c35b-0f9a-4089-a3ee-a6a9e72626f8)
10:51:53 info: BridgeServer[0] Player position forwarded: minecraft -> 7dtd (-46.4980827909365, 71, 73.39785432349018)
10:51:53 info: BridgeServer[0] Entity registry: updated, id=d317490e-d1c8-4c5d-b4fc-725645e4df41, count=1
10:51:53 info: BridgeServer[0] [Presentation] entity=d317490e-d1c8-4c5d-b4fc-725645e4df41 state=[presentation, {   "renderer": "humanoid",   "model": "player",   "scale": 1.0,   "variant": "default" }]
10:51:53 info: BridgeServer[0] Entity state forwarded: minecraft -> 7dtd (update, d317490e-d1c8-4c5d-b4fc-725645e4df41)
10:51:53 info: BridgeServer[0] Entity registry: updated, id=c659c35b-0f9a-4089-a3ee-a6a9e72626f8, count=1
10:51:53 info: BridgeServer[0] [Presentation] entity=c659c35b-0f9a-4089-a3ee-a6a9e72626f8 state=[presentation, {   "renderer": "humanoid",   "model": "survivor",   "scale": 1.0,   "variant": "default" }]
10:51:53 info: BridgeServer[0] Entity state forwarded: 7dtd -> minecraft (update, c659c35b-0f9a-4089-a3ee-a6a9e72626f8)
10:51:54 info: BridgeServer[0] Player position forwarded: minecraft -> 7dtd (-46.4980827909365, 71, 73.39785432349018)
10:51:54 info: BridgeServer[0] Entity registry: updated, id=d317490e-d1c8-4c5d-b4fc-725645e4df41, count=1
10:51:54 info: BridgeServer[0] [Presentation] entity=d317490e-d1c8-4c5d-b4fc-725645e4df41 state=[presentation, {   "renderer": "humanoid",   "model": "player",   "scale": 1.0,   "variant": "default" }]
10:51:54 info: BridgeServer[0] Entity state forwarded: minecraft -> 7dtd (update, d317490e-d1c8-4c5d-b4fc-725645e4df41)
10:51:54 info: BridgeServer[0] Entity registry: updated, id=c659c35b-0f9a-4089-a3ee-a6a9e72626f8, count=1
10:51:54 info: BridgeServer[0] [Presentation] entity=c659c35b-0f9a-4089-a3ee-a6a9e72626f8 state=[presentation, {   "renderer": "humanoid",   "model": "survivor",   "scale": 1.0,   "variant": "default" }]
10:51:54 info: BridgeServer[0] Entity state forwarded: 7dtd -> minecraft (update, c659c35b-0f9a-4089-a3ee-a6a9e72626f8)
10:51:54 info: BridgeServer[0] Player position forwarded: minecraft -> 7dtd (-46.4980827909365, 71, 73.39785432349018)
10:51:54 info: BridgeServer[0] Entity registry: updated, id=d317490e-d1c8-4c5d-b4fc-725645e4df41, count=1
10:51:54 info: BridgeServer[0] [Presentation] entity=d317490e-d1c8-4c5d-b4fc-725645e4df41 state=[presentation, {   "renderer": "humanoid",   "model": "player",   "scale": 1.0,   "variant": "default" }]
10:51:54 info: BridgeServer[0] Entity state forwarded: minecraft -> 7dtd (update, d317490e-d1c8-4c5d-b4fc-725645e4df41)
10:51:54 info: BridgeServer[0] Entity registry: updated, id=c659c35b-0f9a-4089-a3ee-a6a9e72626f8, count=1
10:51:54 info: BridgeServer[0] [Presentation] entity=c659c35b-0f9a-4089-a3ee-a6a9e72626f8 state=[presentation, {   "renderer": "humanoid",   "model": "survivor",   "scale": 1.0,   "variant": "default" }]
10:51:54 info: BridgeServer[0] Entity state forwarded: 7dtd -> minecraft (update, c659c35b-0f9a-4089-a3ee-a6a9e72626f8)
10:51:55 info: BridgeServer[0] Player position forwarded: minecraft -> 7dtd (-46.4980827909365, 71, 73.39785432349018)
10:51:55 info: BridgeServer[0] Entity registry: updated, id=d317490e-d1c8-4c5d-b4fc-725645e4df41, count=1
10:51:55 info: BridgeServer[0] [Presentation] entity=d317490e-d1c8-4c5d-b4fc-725645e4df41 state=[presentation, {   "renderer": "humanoid",   "model": "player",   "scale": 1.0,   "variant": "default" }]
10:51:55 info: BridgeServer[0] Entity state forwarded: minecraft -> 7dtd (update, d317490e-d1c8-4c5d-b4fc-725645e4df41)
10:51:55 info: BridgeServer[0] Entity registry: updated, id=c659c35b-0f9a-4089-a3ee-a6a9e72626f8, count=1
10:51:55 info: BridgeServer[0] [Presentation] entity=c659c35b-0f9a-4089-a3ee-a6a9e72626f8 state=[presentation, {   "renderer": "humanoid",   "model": "survivor",   "scale": 1.0,   "variant": "default" }]
10:51:55 info: BridgeServer[0] Entity state forwarded: 7dtd -> minecraft (update, c659c35b-0f9a-4089-a3ee-a6a9e72626f8)
10:51:55 info: BridgeServer[0] Player position forwarded: minecraft -> 7dtd (-46.4980827909365, 71, 73.39785432349018)
10:51:55 info: BridgeServer[0] Entity registry: updated, id=d317490e-d1c8-4c5d-b4fc-725645e4df41, count=1
10:51:55 info: BridgeServer[0] [Presentation] entity=d317490e-d1c8-4c5d-b4fc-725645e4df41 state=[presentation, {   "renderer": "humanoid",   "model": "player",   "scale": 1.0,   "variant": "default" }]
10:51:55 info: BridgeServer[0] Entity state forwarded: minecraft -> 7dtd (update, d317490e-d1c8-4c5d-b4fc-725645e4df41)
10:51:55 info: BridgeServer[0] Entity registry: updated, id=c659c35b-0f9a-4089-a3ee-a6a9e72626f8, count=1
10:51:55 info: BridgeServer[0] [Presentation] entity=c659c35b-0f9a-4089-a3ee-a6a9e72626f8 state=[presentation, {   "renderer": "humanoid",   "model": "survivor",   "scale": 1.0,   "variant": "default" }]
10:51:55 info: BridgeServer[0] Entity state forwarded: 7dtd -> minecraft (update, c659c35b-0f9a-4089-a3ee-a6a9e72626f8)
10:51:56 info: BridgeServer[0] Player position forwarded: minecraft -> 7dtd (-46.4980827909365, 71, 73.39785432349018)
10:51:56 info: BridgeServer[0] Entity registry: updated, id=d317490e-d1c8-4c5d-b4fc-725645e4df41, count=1
10:51:56 info: BridgeServer[0] [Presentation] entity=d317490e-d1c8-4c5d-b4fc-725645e4df41 state=[presentation, {   "renderer": "humanoid",   "model": "player",   "scale": 1.0,   "variant": "default" }]
10:51:56 info: BridgeServer[0] Entity state forwarded: minecraft -> 7dtd (update, d317490e-d1c8-4c5d-b4fc-725645e4df41)
10:51:56 info: BridgeServer[0] Entity registry: updated, id=c659c35b-0f9a-4089-a3ee-a6a9e72626f8, count=1
10:51:56 info: BridgeServer[0] [Presentation] entity=c659c35b-0f9a-4089-a3ee-a6a9e72626f8 state=[presentation, {   "renderer": "humanoid",   "model": "survivor",   "scale": 1.0,   "variant": "default" }]
10:51:56 info: BridgeServer[0] Entity state forwarded: 7dtd -> minecraft (update, c659c35b-0f9a-4089-a3ee-a6a9e72626f8)
10:51:56 info: BridgeServer[0] Player position forwarded: minecraft -> 7dtd (-46.4980827909365, 71, 73.39785432349018)
10:51:56 info: BridgeServer[0] Entity registry: updated, id=d317490e-d1c8-4c5d-b4fc-725645e4df41, count=1
10:51:56 info: BridgeServer[0] [Presentation] entity=d317490e-d1c8-4c5d-b4fc-725645e4df41 state=[presentation, {   "renderer": "humanoid",   "model": "player",   "scale": 1.0,   "variant": "default" }]
10:51:56 info: BridgeServer[0] Entity state forwarded: minecraft -> 7dtd (update, d317490e-d1c8-4c5d-b4fc-725645e4df41)
10:51:56 info: BridgeServer[0] Entity registry: updated, id=c659c35b-0f9a-4089-a3ee-a6a9e72626f8, count=1
10:51:56 info: BridgeServer[0] [Presentation] entity=c659c35b-0f9a-4089-a3ee-a6a9e72626f8 state=[presentation, {   "renderer": "humanoid",   "model": "survivor",   "scale": 1.0,   "variant": "default" }]
10:51:56 info: BridgeServer[0] Entity state forwarded: 7dtd -> minecraft (update, c659c35b-0f9a-4089-a3ee-a6a9e72626f8)
10:51:57 info: BridgeServer[0] Player position forwarded: minecraft -> 7dtd (-46.4980827909365, 71, 73.39785432349018)
10:51:57 info: BridgeServer[0] Entity registry: updated, id=d317490e-d1c8-4c5d-b4fc-725645e4df41, count=1
10:51:57 info: BridgeServer[0] [Presentation] entity=d317490e-d1c8-4c5d-b4fc-725645e4df41 state=[presentation, {   "renderer": "humanoid",   "model": "player",   "scale": 1.0,   "variant": "default" }]
10:51:57 info: BridgeServer[0] Entity state forwarded: minecraft -> 7dtd (update, d317490e-d1c8-4c5d-b4fc-725645e4df41)
10:51:57 info: BridgeServer[0] Entity registry: updated, id=c659c35b-0f9a-4089-a3ee-a6a9e72626f8, count=1
10:51:57 info: BridgeServer[0] [Presentation] entity=c659c35b-0f9a-4089-a3ee-a6a9e72626f8 state=[presentation, {   "renderer": "humanoid",   "model": "survivor",   "scale": 1.0,   "variant": "default" }]
10:51:57 info: BridgeServer[0] Entity state forwarded: 7dtd -> minecraft (update, c659c35b-0f9a-4089-a3ee-a6a9e72626f8)
10:51:57 info: BridgeServer[0] Player position forwarded: minecraft -> 7dtd (-46.4980827909365, 71, 73.39785432349018)
10:51:57 info: BridgeServer[0] Entity registry: updated, id=d317490e-d1c8-4c5d-b4fc-725645e4df41, count=1
10:51:57 info: BridgeServer[0] [Presentation] entity=d317490e-d1c8-4c5d-b4fc-725645e4df41 state=[presentation, {   "renderer": "humanoid",   "model": "player",   "scale": 1.0,   "variant": "default" }]
10:51:57 info: BridgeServer[0] Entity state forwarded: minecraft -> 7dtd (update, d317490e-d1c8-4c5d-b4fc-725645e4df41)
10:51:58 info: BridgeServer[0] Entity registry: updated, id=c659c35b-0f9a-4089-a3ee-a6a9e72626f8, count=1
10:51:58 info: BridgeServer[0] [Presentation] entity=c659c35b-0f9a-4089-a3ee-a6a9e72626f8 state=[presentation, {   "renderer": "humanoid",   "model": "survivor",   "scale": 1.0,   "variant": "default" }]
10:51:58 info: BridgeServer[0] Entity state forwarded: 7dtd -> minecraft (update, c659c35b-0f9a-4089-a3ee-a6a9e72626f8)
10:51:58 info: BridgeServer[0] Entity registry: updated, id=c659c35b-0f9a-4089-a3ee-a6a9e72626f8, count=1
10:51:58 info: BridgeServer[0] [Presentation] entity=c659c35b-0f9a-4089-a3ee-a6a9e72626f8 state=[presentation, {   "renderer": "humanoid",   "model": "survivor",   "scale": 1.0,   "variant": "default" }]
10:51:58 info: BridgeServer[0] Entity state forwarded: 7dtd -> minecraft (update, c659c35b-0f9a-4089-a3ee-a6a9e72626f8)
10:51:58 info: BridgeServer[0] Player position forwarded: minecraft -> 7dtd (-46.4980827909365, 71, 73.39785432349018)
10:51:58 info: BridgeServer[0] Entity registry: updated, id=d317490e-d1c8-4c5d-b4fc-725645e4df41, count=1
10:51:58 info: BridgeServer[0] [Presentation] entity=d317490e-d1c8-4c5d-b4fc-725645e4df41 state=[presentation, {   "renderer": "humanoid",   "model": "player",   "scale": 1.0,   "variant": "default" }]
10:51:58 info: BridgeServer[0] Entity state forwarded: minecraft -> 7dtd (update, d317490e-d1c8-4c5d-b4fc-725645e4df41)
10:51:58 info: BridgeServer[0] Entity registry: updated, id=c659c35b-0f9a-4089-a3ee-a6a9e72626f8, count=1
10:51:58 info: BridgeServer[0] [Presentation] entity=c659c35b-0f9a-4089-a3ee-a6a9e72626f8 state=[presentation, {   "renderer": "humanoid",   "model": "survivor",   "scale": 1.0,   "variant": "default" }]
10:51:58 info: BridgeServer[0] Entity state forwarded: 7dtd -> minecraft (update, c659c35b-0f9a-4089-a3ee-a6a9e72626f8)
10:51:59 info: BridgeServer[0] Player position forwarded: minecraft -> 7dtd (-46.4980827909365, 71, 73.39785432349018)
10:51:59 info: BridgeServer[0] Entity registry: updated, id=d317490e-d1c8-4c5d-b4fc-725645e4df41, count=1
10:51:59 info: BridgeServer[0] [Presentation] entity=d317490e-d1c8-4c5d-b4fc-725645e4df41 state=[presentation, {   "renderer": "humanoid",   "model": "player",   "scale": 1.0,   "variant": "default" }]
10:51:59 info: BridgeServer[0] Entity state forwarded: minecraft -> 7dtd (update, d317490e-d1c8-4c5d-b4fc-725645e4df41)
10:51:59 info: BridgeServer[0] Entity registry: updated, id=c659c35b-0f9a-4089-a3ee-a6a9e72626f8, count=1
10:51:59 info: BridgeServer[0] [Presentation] entity=c659c35b-0f9a-4089-a3ee-a6a9e72626f8 state=[presentation, {   "renderer": "humanoid",   "model": "survivor",   "scale": 1.0,   "variant": "default" }]
10:51:59 info: BridgeServer[0] Entity state forwarded: 7dtd -> minecraft (update, c659c35b-0f9a-4089-a3ee-a6a9e72626f8)
10:51:59 info: BridgeServer[0] Player position forwarded: minecraft -> 7dtd (-46.4980827909365, 71, 73.39785432349018)
10:51:59 info: BridgeServer[0] Entity registry: updated, id=d317490e-d1c8-4c5d-b4fc-725645e4df41, count=1
10:51:59 info: BridgeServer[0] [Presentation] entity=d317490e-d1c8-4c5d-b4fc-725645e4df41 state=[presentation, {   "renderer": "humanoid",   "model": "player",   "scale": 1.0,   "variant": "default" }]
10:51:59 info: BridgeServer[0] Entity state forwarded: minecraft -> 7dtd (update, d317490e-d1c8-4c5d-b4fc-725645e4df41)
10:51:59 info: BridgeServer[0] Entity registry: updated, id=c659c35b-0f9a-4089-a3ee-a6a9e72626f8, count=1
10:51:59 info: BridgeServer[0] [Presentation] entity=c659c35b-0f9a-4089-a3ee-a6a9e72626f8 state=[presentation, {   "renderer": "humanoid",   "model": "survivor",   "scale": 1.0,   "variant": "default" }]
10:51:59 info: BridgeServer[0] Entity state forwarded: 7dtd -> minecraft (update, c659c35b-0f9a-4089-a3ee-a6a9e72626f8)
10:52:00 info: BridgeServer[0] Entity registry: updated, id=c659c35b-0f9a-4089-a3ee-a6a9e72626f8, count=1
10:52:00 info: BridgeServer[0] [Presentation] entity=c659c35b-0f9a-4089-a3ee-a6a9e72626f8 state=[presentation, {   "renderer": "humanoid",   "model": "survivor",   "scale": 1.0,   "variant": "default" }]
10:52:00 info: BridgeServer[0] Entity state forwarded: 7dtd -> minecraft (update, c659c35b-0f9a-4089-a3ee-a6a9e72626f8)
10:52:00 info: BridgeServer[0] Entity registry: updated, id=c659c35b-0f9a-4089-a3ee-a6a9e72626f8, count=1
10:52:00 info: BridgeServer[0] [Presentation] entity=c659c35b-0f9a-4089-a3ee-a6a9e72626f8 state=[presentation, {   "renderer": "humanoid",   "model": "survivor",   "scale": 1.0,   "variant": "default" }]
10:52:00 info: BridgeServer[0] Entity state forwarded: 7dtd -> minecraft (update, c659c35b-0f9a-4089-a3ee-a6a9e72626f8)
10:52:01 info: BridgeServer[0] Entity registry: updated, id=c659c35b-0f9a-4089-a3ee-a6a9e72626f8, count=1
10:52:01 info: BridgeServer[0] [Presentation] entity=c659c35b-0f9a-4089-a3ee-a6a9e72626f8 state=[presentation, {   "renderer": "humanoid",   "model": "survivor",   "scale": 1.0,   "variant": "default" }]
10:52:01 info: BridgeServer[0] Entity state forwarded: 7dtd -> minecraft (update, c659c35b-0f9a-4089-a3ee-a6a9e72626f8)
10:52:01 info: BridgeServer[0] Entity registry: updated, id=c659c35b-0f9a-4089-a3ee-a6a9e72626f8, count=1
10:52:01 info: BridgeServer[0] [Presentation] entity=c659c35b-0f9a-4089-a3ee-a6a9e72626f8 state=[presentation, {   "renderer": "humanoid",   "model": "survivor",   "scale": 1.0,   "variant": "default" }]
10:52:01 info: BridgeServer[0] Entity state forwarded: 7dtd -> minecraft (update, c659c35b-0f9a-4089-a3ee-a6a9e72626f8)
10:52:02 info: BridgeServer[0] Entity registry: updated, id=c659c35b-0f9a-4089-a3ee-a6a9e72626f8, count=1
10:52:02 info: BridgeServer[0] [Presentation] entity=c659c35b-0f9a-4089-a3ee-a6a9e72626f8 state=[presentation, {   "renderer": "humanoid",   "model": "survivor",   "scale": 1.0,   "variant": "default" }]
10:52:02 info: BridgeServer[0] Entity state forwarded: 7dtd -> minecraft (update, c659c35b-0f9a-4089-a3ee-a6a9e72626f8)
10:52:02 info: BridgeServer[0] Entity registry: updated, id=c659c35b-0f9a-4089-a3ee-a6a9e72626f8, count=1
10:52:02 info: BridgeServer[0] [Presentation] entity=c659c35b-0f9a-4089-a3ee-a6a9e72626f8 state=[presentation, {   "renderer": "humanoid",   "model": "survivor",   "scale": 1.0,   "variant": "default" }]
10:52:02 info: BridgeServer[0] Entity state forwarded: 7dtd -> minecraft (update, c659c35b-0f9a-4089-a3ee-a6a9e72626f8)
10:52:03 info: BridgeServer[0] Player position forwarded: minecraft -> 7dtd (-46.4980827909365, 71, 73.39785432349018)
10:52:03 info: BridgeServer[0] Entity registry: updated, id=d317490e-d1c8-4c5d-b4fc-725645e4df41, count=1
10:52:03 info: BridgeServer[0] [Presentation] entity=d317490e-d1c8-4c5d-b4fc-725645e4df41 state=[presentation, {   "renderer": "humanoid",   "model": "player",   "scale": 1.0,   "variant": "default" }]
10:52:03 info: BridgeServer[0] Entity state forwarded: minecraft -> 7dtd (update, d317490e-d1c8-4c5d-b4fc-725645e4df41)
10:52:03 info: BridgeServer[0] Entity registry: updated, id=c659c35b-0f9a-4089-a3ee-a6a9e72626f8, count=1
10:52:03 info: BridgeServer[0] [Presentation] entity=c659c35b-0f9a-4089-a3ee-a6a9e72626f8 state=[presentation, {   "renderer": "humanoid",   "model": "survivor",   "scale": 1.0,   "variant": "default" }]
10:52:03 info: BridgeServer[0] Entity state forwarded: 7dtd -> minecraft (update, c659c35b-0f9a-4089-a3ee-a6a9e72626f8)
10:52:03 info: BridgeServer[0] Player position forwarded: minecraft -> 7dtd (-46.4980827909365, 71, 73.39785432349018)
10:52:03 info: BridgeServer[0] Entity registry: updated, id=d317490e-d1c8-4c5d-b4fc-725645e4df41, count=1
10:52:03 info: BridgeServer[0] [Presentation] entity=d317490e-d1c8-4c5d-b4fc-725645e4df41 state=[presentation, {   "renderer": "humanoid",   "model": "player",   "scale": 1.0,   "variant": "default" }]
10:52:03 info: BridgeServer[0] Entity state forwarded: minecraft -> 7dtd (update, d317490e-d1c8-4c5d-b4fc-725645e4df41)
10:52:03 info: BridgeServer[0] Entity registry: updated, id=c659c35b-0f9a-4089-a3ee-a6a9e72626f8, count=1
10:52:03 info: BridgeServer[0] [Presentation] entity=c659c35b-0f9a-4089-a3ee-a6a9e72626f8 state=[presentation, {   "renderer": "humanoid",   "model": "survivor",   "scale": 1.0,   "variant": "default" }]
10:52:03 info: BridgeServer[0] Entity state forwarded: 7dtd -> minecraft (update, c659c35b-0f9a-4089-a3ee-a6a9e72626f8)
10:52:04 info: BridgeServer[0] Player position forwarded: minecraft -> 7dtd (-46.4980827909365, 71, 73.39785432349018)
10:52:04 info: BridgeServer[0] Entity registry: updated, id=d317490e-d1c8-4c5d-b4fc-725645e4df41, count=1
10:52:04 info: BridgeServer[0] [Presentation] entity=d317490e-d1c8-4c5d-b4fc-725645e4df41 state=[presentation, {   "renderer": "humanoid",   "model": "player",   "scale": 1.0,   "variant": "default" }]
10:52:04 info: BridgeServer[0] Entity state forwarded: minecraft -> 7dtd (update, d317490e-d1c8-4c5d-b4fc-725645e4df41)
10:52:04 info: BridgeServer[0] Entity registry: updated, id=c659c35b-0f9a-4089-a3ee-a6a9e72626f8, count=1
10:52:04 info: BridgeServer[0] [Presentation] entity=c659c35b-0f9a-4089-a3ee-a6a9e72626f8 state=[presentation, {   "renderer": "humanoid",   "model": "survivor",   "scale": 1.0,   "variant": "default" }]
10:52:04 info: BridgeServer[0] Entity state forwarded: 7dtd -> minecraft (update, c659c35b-0f9a-4089-a3ee-a6a9e72626f8)
10:52:04 info: BridgeServer[0] Player position forwarded: minecraft -> 7dtd (-46.4980827909365, 71, 73.39785432349018)
10:52:04 info: BridgeServer[0] Entity registry: updated, id=d317490e-d1c8-4c5d-b4fc-725645e4df41, count=1
10:52:04 info: BridgeServer[0] [Presentation] entity=d317490e-d1c8-4c5d-b4fc-725645e4df41 state=[presentation, {   "renderer": "humanoid",   "model": "player",   "scale": 1.0,   "variant": "default" }]
10:52:04 info: BridgeServer[0] Entity state forwarded: minecraft -> 7dtd (update, d317490e-d1c8-4c5d-b4fc-725645e4df41)
10:52:04 info: BridgeServer[0] Entity registry: updated, id=c659c35b-0f9a-4089-a3ee-a6a9e72626f8, count=1
10:52:04 info: BridgeServer[0] [Presentation] entity=c659c35b-0f9a-4089-a3ee-a6a9e72626f8 state=[presentation, {   "renderer": "humanoid",   "model": "survivor",   "scale": 1.0,   "variant": "default" }]
10:52:04 info: BridgeServer[0] Entity state forwarded: 7dtd -> minecraft (update, c659c35b-0f9a-4089-a3ee-a6a9e72626f8)
10:52:05 info: BridgeServer[0] Player position forwarded: minecraft -> 7dtd (-46.4980827909365, 71, 73.39785432349018)
10:52:05 info: BridgeServer[0] Entity registry: updated, id=d317490e-d1c8-4c5d-b4fc-725645e4df41, count=1
10:52:05 info: BridgeServer[0] [Presentation] entity=d317490e-d1c8-4c5d-b4fc-725645e4df41 state=[presentation, {   "renderer": "humanoid",   "model": "player",   "scale": 1.0,   "variant": "default" }]
10:52:05 info: BridgeServer[0] Entity state forwarded: minecraft -> 7dtd (update, d317490e-d1c8-4c5d-b4fc-725645e4df41)
10:52:05 info: BridgeServer[0] Entity registry: updated, id=c659c35b-0f9a-4089-a3ee-a6a9e72626f8, count=1
10:52:05 info: BridgeServer[0] [Presentation] entity=c659c35b-0f9a-4089-a3ee-a6a9e72626f8 state=[presentation, {   "renderer": "humanoid",   "model": "survivor",   "scale": 1.0,   "variant": "default" }]
10:52:05 info: BridgeServer[0] Entity state forwarded: 7dtd -> minecraft (update, c659c35b-0f9a-4089-a3ee-a6a9e72626f8)
10:52:05 info: BridgeServer[0] Player position forwarded: minecraft -> 7dtd (-46.4980827909365, 71, 73.39785432349018)
10:52:05 info: BridgeServer[0] Entity registry: updated, id=d317490e-d1c8-4c5d-b4fc-725645e4df41, count=1
10:52:05 info: BridgeServer[0] [Presentation] entity=d317490e-d1c8-4c5d-b4fc-725645e4df41 state=[presentation, {   "renderer": "humanoid",   "model": "player",   "scale": 1.0,   "variant": "default" }]
10:52:05 info: BridgeServer[0] Entity state forwarded: minecraft -> 7dtd (update, d317490e-d1c8-4c5d-b4fc-725645e4df41)
10:52:05 info: BridgeServer[0] Entity registry: updated, id=c659c35b-0f9a-4089-a3ee-a6a9e72626f8, count=1
10:52:05 info: BridgeServer[0] [Presentation] entity=c659c35b-0f9a-4089-a3ee-a6a9e72626f8 state=[presentation, {   "renderer": "humanoid",   "model": "survivor",   "scale": 1.0,   "variant": "default" }]
10:52:05 info: BridgeServer[0] Entity state forwarded: 7dtd -> minecraft (update, c659c35b-0f9a-4089-a3ee-a6a9e72626f8)
10:52:06 info: BridgeServer[0] Player position forwarded: minecraft -> 7dtd (-46.4980827909365, 71, 73.39785432349018)
10:52:06 info: BridgeServer[0] Entity registry: updated, id=d317490e-d1c8-4c5d-b4fc-725645e4df41, count=1
10:52:06 info: BridgeServer[0] [Presentation] entity=d317490e-d1c8-4c5d-b4fc-725645e4df41 state=[presentation, {   "renderer": "humanoid",   "model": "player",   "scale": 1.0,   "variant": "default" }]
10:52:06 info: BridgeServer[0] Entity state forwarded: minecraft -> 7dtd (update, d317490e-d1c8-4c5d-b4fc-725645e4df41)
10:52:06 info: BridgeServer[0] Entity registry: updated, id=c659c35b-0f9a-4089-a3ee-a6a9e72626f8, count=1
10:52:06 info: BridgeServer[0] [Presentation] entity=c659c35b-0f9a-4089-a3ee-a6a9e72626f8 state=[presentation, {   "renderer": "humanoid",   "model": "survivor",   "scale": 1.0,   "variant": "default" }]
10:52:06 info: BridgeServer[0] Entity state forwarded: 7dtd -> minecraft (update, c659c35b-0f9a-4089-a3ee-a6a9e72626f8)
10:52:06 info: BridgeServer[0] Entity registry: updated, id=c659c35b-0f9a-4089-a3ee-a6a9e72626f8, count=1
10:52:06 info: BridgeServer[0] [Presentation] entity=c659c35b-0f9a-4089-a3ee-a6a9e72626f8 state=[presentation, {   "renderer": "humanoid",   "model": "survivor",   "scale": 1.0,   "variant": "default" }]
10:52:06 info: BridgeServer[0] Entity state forwarded: 7dtd -> minecraft (update, c659c35b-0f9a-4089-a3ee-a6a9e72626f8)
10:52:07 info: BridgeServer[0] Player position forwarded: minecraft -> 7dtd (-46.4980827909365, 71, 73.39785432349018)
10:52:07 info: BridgeServer[0] Entity registry: updated, id=d317490e-d1c8-4c5d-b4fc-725645e4df41, count=1
10:52:07 info: BridgeServer[0] [Presentation] entity=d317490e-d1c8-4c5d-b4fc-725645e4df41 state=[presentation, {   "renderer": "humanoid",   "model": "player",   "scale": 1.0,   "variant": "default" }]
10:52:07 info: BridgeServer[0] Entity state forwarded: minecraft -> 7dtd (update, d317490e-d1c8-4c5d-b4fc-725645e4df41)
10:52:07 info: BridgeServer[0] Entity registry: updated, id=c659c35b-0f9a-4089-a3ee-a6a9e72626f8, count=1
10:52:07 info: BridgeServer[0] [Presentation] entity=c659c35b-0f9a-4089-a3ee-a6a9e72626f8 state=[presentation, {   "renderer": "humanoid",   "model": "survivor",   "scale": 1.0,   "variant": "default" }]
10:52:07 info: BridgeServer[0] Entity state forwarded: 7dtd -> minecraft (update, c659c35b-0f9a-4089-a3ee-a6a9e72626f8)
10:52:07 info: BridgeServer[0] Player position forwarded: minecraft -> 7dtd (-46.4980827909365, 71, 73.39785432349018)
10:52:07 info: BridgeServer[0] Entity registry: updated, id=d317490e-d1c8-4c5d-b4fc-725645e4df41, count=1
10:52:07 info: BridgeServer[0] [Presentation] entity=d317490e-d1c8-4c5d-b4fc-725645e4df41 state=[presentation, {   "renderer": "humanoid",   "model": "player",   "scale": 1.0,   "variant": "default" }]
10:52:07 info: BridgeServer[0] Entity state forwarded: minecraft -> 7dtd (update, d317490e-d1c8-4c5d-b4fc-725645e4df41)
10:52:08 info: BridgeServer[0] Entity registry: updated, id=c659c35b-0f9a-4089-a3ee-a6a9e72626f8, count=1
10:52:08 info: BridgeServer[0] [Presentation] entity=c659c35b-0f9a-4089-a3ee-a6a9e72626f8 state=[presentation, {   "renderer": "humanoid",   "model": "survivor",   "scale": 1.0,   "variant": "default" }]
10:52:08 info: BridgeServer[0] Entity state forwarded: 7dtd -> minecraft (update, c659c35b-0f9a-4089-a3ee-a6a9e72626f8)
10:52:08 info: BridgeServer[0] Player position forwarded: minecraft -> 7dtd (-46.4980827909365, 71, 73.39785432349018)
10:52:08 info: BridgeServer[0] Entity registry: updated, id=d317490e-d1c8-4c5d-b4fc-725645e4df41, count=1
10:52:08 info: BridgeServer[0] [Presentation] entity=d317490e-d1c8-4c5d-b4fc-725645e4df41 state=[presentation, {   "renderer": "humanoid",   "model": "player",   "scale": 1.0,   "variant": "default" }]
10:52:08 info: BridgeServer[0] Entity state forwarded: minecraft -> 7dtd (update, d317490e-d1c8-4c5d-b4fc-725645e4df41)
10:52:08 info: BridgeServer[0] Entity registry: updated, id=c659c35b-0f9a-4089-a3ee-a6a9e72626f8, count=1
10:52:08 info: BridgeServer[0] [Presentation] entity=c659c35b-0f9a-4089-a3ee-a6a9e72626f8 state=[presentation, {   "renderer": "humanoid",   "model": "survivor",   "scale": 1.0,   "variant": "default" }]
10:52:08 info: BridgeServer[0] Entity state forwarded: 7dtd -> minecraft (update, c659c35b-0f9a-4089-a3ee-a6a9e72626f8)
10:52:08 info: BridgeServer[0] Player position forwarded: minecraft -> 7dtd (-46.4980827909365, 71, 73.39785432349018)
10:52:08 info: BridgeServer[0] Entity registry: updated, id=d317490e-d1c8-4c5d-b4fc-725645e4df41, count=1
10:52:08 info: BridgeServer[0] [Presentation] entity=d317490e-d1c8-4c5d-b4fc-725645e4df41 state=[presentation, {   "renderer": "humanoid",   "model": "player",   "scale": 1.0,   "variant": "default" }]
10:52:08 info: BridgeServer[0] Entity state forwarded: minecraft -> 7dtd (update, d317490e-d1c8-4c5d-b4fc-725645e4df41)
10:52:09 info: BridgeServer[0] Entity registry: updated, id=c659c35b-0f9a-4089-a3ee-a6a9e72626f8, count=1
10:52:09 info: BridgeServer[0] [Presentation] entity=c659c35b-0f9a-4089-a3ee-a6a9e72626f8 state=[presentation, {   "renderer": "humanoid",   "model": "survivor",   "scale": 1.0,   "variant": "default" }]
10:52:09 info: BridgeServer[0] Entity state forwarded: 7dtd -> minecraft (update, c659c35b-0f9a-4089-a3ee-a6a9e72626f8)
10:52:09 info: BridgeServer[0] Player position forwarded: minecraft -> 7dtd (-46.4980827909365, 71, 73.39785432349018)
10:52:09 info: BridgeServer[0] Entity registry: updated, id=d317490e-d1c8-4c5d-b4fc-725645e4df41, count=1
10:52:09 info: BridgeServer[0] [Presentation] entity=d317490e-d1c8-4c5d-b4fc-725645e4df41 state=[presentation, {   "renderer": "humanoid",   "model": "player",   "scale": 1.0,   "variant": "default" }]
10:52:09 info: BridgeServer[0] Entity state forwarded: minecraft -> 7dtd (update, d317490e-d1c8-4c5d-b4fc-725645e4df41)
10:52:09 info: BridgeServer[0] Entity registry: updated, id=c659c35b-0f9a-4089-a3ee-a6a9e72626f8, count=1
10:52:09 info: BridgeServer[0] [Presentation] entity=c659c35b-0f9a-4089-a3ee-a6a9e72626f8 state=[presentation, {   "renderer": "humanoid",   "model": "survivor",   "scale": 1.0,   "variant": "default" }]
10:52:09 info: BridgeServer[0] Entity state forwarded: 7dtd -> minecraft (update, c659c35b-0f9a-4089-a3ee-a6a9e72626f8)
10:52:09 info: BridgeServer[0] Player position forwarded: minecraft -> 7dtd (-46.4980827909365, 71, 73.39785432349018)
10:52:09 info: BridgeServer[0] Entity registry: updated, id=d317490e-d1c8-4c5d-b4fc-725645e4df41, count=1
10:52:09 info: BridgeServer[0] [Presentation] entity=d317490e-d1c8-4c5d-b4fc-725645e4df41 state=[presentation, {   "renderer": "humanoid",   "model": "player",   "scale": 1.0,   "variant": "default" }]
10:52:09 info: BridgeServer[0] Entity state forwarded: minecraft -> 7dtd (update, d317490e-d1c8-4c5d-b4fc-725645e4df41)
10:52:10 info: BridgeServer[0] Entity registry: updated, id=c659c35b-0f9a-4089-a3ee-a6a9e72626f8, count=1
10:52:10 info: BridgeServer[0] [Presentation] entity=c659c35b-0f9a-4089-a3ee-a6a9e72626f8 state=[presentation, {   "renderer": "humanoid",   "model": "survivor",   "scale": 1.0,   "variant": "default" }]
10:52:10 info: BridgeServer[0] Entity state forwarded: 7dtd -> minecraft (update, c659c35b-0f9a-4089-a3ee-a6a9e72626f8)
10:52:10 info: BridgeServer[0] Player position forwarded: minecraft -> 7dtd (-46.4980827909365, 71, 73.39785432349018)
10:52:10 info: BridgeServer[0] Entity registry: updated, id=d317490e-d1c8-4c5d-b4fc-725645e4df41, count=1
10:52:10 info: BridgeServer[0] [Presentation] entity=d317490e-d1c8-4c5d-b4fc-725645e4df41 state=[presentation, {   "renderer": "humanoid",   "model": "player",   "scale": 1.0,   "variant": "default" }]
10:52:10 info: BridgeServer[0] Entity state forwarded: minecraft -> 7dtd (update, d317490e-d1c8-4c5d-b4fc-725645e4df41)
10:52:10 info: BridgeServer[0] Entity registry: updated, id=c659c35b-0f9a-4089-a3ee-a6a9e72626f8, count=1
10:52:10 info: BridgeServer[0] [Presentation] entity=c659c35b-0f9a-4089-a3ee-a6a9e72626f8 state=[presentation, {   "renderer": "humanoid",   "model": "survivor",   "scale": 1.0,   "variant": "default" }]
10:52:10 info: BridgeServer[0] Entity state forwarded: 7dtd -> minecraft (update, c659c35b-0f9a-4089-a3ee-a6a9e72626f8)
10:52:10 info: BridgeServer[0] Player position forwarded: minecraft -> 7dtd (-46.4980827909365, 71, 73.39785432349018)
10:52:10 info: BridgeServer[0] Entity registry: updated, id=d317490e-d1c8-4c5d-b4fc-725645e4df41, count=1
10:52:10 info: BridgeServer[0] [Presentation] entity=d317490e-d1c8-4c5d-b4fc-725645e4df41 state=[presentation, {   "renderer": "humanoid",   "model": "player",   "scale": 1.0,   "variant": "default" }]
10:52:10 info: BridgeServer[0] Entity state forwarded: minecraft -> 7dtd (update, d317490e-d1c8-4c5d-b4fc-725645e4df41)
10:52:11 info: BridgeServer[0] Entity registry: updated, id=c659c35b-0f9a-4089-a3ee-a6a9e72626f8, count=1
10:52:11 info: BridgeServer[0] [Presentation] entity=c659c35b-0f9a-4089-a3ee-a6a9e72626f8 state=[presentation, {   "renderer": "humanoid",   "model": "survivor",   "scale": 1.0,   "variant": "default" }]
10:52:11 info: BridgeServer[0] Entity state forwarded: 7dtd -> minecraft (update, c659c35b-0f9a-4089-a3ee-a6a9e72626f8)
10:52:11 info: BridgeServer[0] Player position forwarded: minecraft -> 7dtd (-46.4980827909365, 71, 73.39785432349018)
10:52:11 info: BridgeServer[0] Entity registry: updated, id=d317490e-d1c8-4c5d-b4fc-725645e4df41, count=1
10:52:11 info: BridgeServer[0] [Presentation] entity=d317490e-d1c8-4c5d-b4fc-725645e4df41 state=[presentation, {   "renderer": "humanoid",   "model": "player",   "scale": 1.0,   "variant": "default" }]
10:52:11 info: BridgeServer[0] Entity state forwarded: minecraft -> 7dtd (update, d317490e-d1c8-4c5d-b4fc-725645e4df41)
10:52:11 info: BridgeServer[0] Entity registry: updated, id=c659c35b-0f9a-4089-a3ee-a6a9e72626f8, count=1
10:52:11 info: BridgeServer[0] [Presentation] entity=c659c35b-0f9a-4089-a3ee-a6a9e72626f8 state=[presentation, {   "renderer": "humanoid",   "model": "survivor",   "scale": 1.0,   "variant": "default" }]
10:52:11 info: BridgeServer[0] Entity state forwarded: 7dtd -> minecraft (update, c659c35b-0f9a-4089-a3ee-a6a9e72626f8)
10:52:11 info: BridgeServer[0] Player position forwarded: minecraft -> 7dtd (-46.4980827909365, 71, 73.39785432349018)
10:52:11 info: BridgeServer[0] Entity registry: updated, id=d317490e-d1c8-4c5d-b4fc-725645e4df41, count=1
10:52:11 info: BridgeServer[0] [Presentation] entity=d317490e-d1c8-4c5d-b4fc-725645e4df41 state=[presentation, {   "renderer": "humanoid",   "model": "player",   "scale": 1.0,   "variant": "default" }]
10:52:11 info: BridgeServer[0] Entity state forwarded: minecraft -> 7dtd (update, d317490e-d1c8-4c5d-b4fc-725645e4df41)
10:52:12 info: BridgeServer[0] Entity registry: updated, id=c659c35b-0f9a-4089-a3ee-a6a9e72626f8, count=1
10:52:12 info: BridgeServer[0] [Presentation] entity=c659c35b-0f9a-4089-a3ee-a6a9e72626f8 state=[presentation, {   "renderer": "humanoid",   "model": "survivor",   "scale": 1.0,   "variant": "default" }]
10:52:12 info: BridgeServer[0] Entity state forwarded: 7dtd -> minecraft (update, c659c35b-0f9a-4089-a3ee-a6a9e72626f8)
10:52:12 info: BridgeServer[0] Player position forwarded: minecraft -> 7dtd (-46.4980827909365, 71, 73.39785432349018)
10:52:12 info: BridgeServer[0] Entity registry: updated, id=d317490e-d1c8-4c5d-b4fc-725645e4df41, count=1
10:52:12 info: BridgeServer[0] [Presentation] entity=d317490e-d1c8-4c5d-b4fc-725645e4df41 state=[presentation, {   "renderer": "humanoid",   "model": "player",   "scale": 1.0,   "variant": "default" }]
10:52:12 info: BridgeServer[0] Entity state forwarded: minecraft -> 7dtd (update, d317490e-d1c8-4c5d-b4fc-725645e4df41)
10:52:12 info: BridgeServer[0] Entity registry: updated, id=c659c35b-0f9a-4089-a3ee-a6a9e72626f8, count=1
10:52:12 info: BridgeServer[0] [Presentation] entity=c659c35b-0f9a-4089-a3ee-a6a9e72626f8 state=[presentation, {   "renderer": "humanoid",   "model": "survivor",   "scale": 1.0,   "variant": "default" }]
10:52:12 info: BridgeServer[0] Entity state forwarded: 7dtd -> minecraft (update, c659c35b-0f9a-4089-a3ee-a6a9e72626f8)
10:52:12 info: BridgeServer[0] Player position forwarded: minecraft -> 7dtd (-46.4980827909365, 71, 73.39785432349018)
10:52:12 info: BridgeServer[0] Entity registry: updated, id=d317490e-d1c8-4c5d-b4fc-725645e4df41, count=1
10:52:12 info: BridgeServer[0] [Presentation] entity=d317490e-d1c8-4c5d-b4fc-725645e4df41 state=[presentation, {   "renderer": "humanoid",   "model": "player",   "scale": 1.0,   "variant": "default" }]
10:52:12 info: BridgeServer[0] Entity state forwarded: minecraft -> 7dtd (update, d317490e-d1c8-4c5d-b4fc-725645e4df41)
10:52:13 info: BridgeServer[0] Entity registry: updated, id=c659c35b-0f9a-4089-a3ee-a6a9e72626f8, count=1
10:52:13 info: BridgeServer[0] [Presentation] entity=c659c35b-0f9a-4089-a3ee-a6a9e72626f8 state=[presentation, {   "renderer": "humanoid",   "model": "survivor",   "scale": 1.0,   "variant": "default" }]
10:52:13 info: BridgeServer[0] Entity state forwarded: 7dtd -> minecraft (update, c659c35b-0f9a-4089-a3ee-a6a9e72626f8)
10:52:13 info: BridgeServer[0] Player position forwarded: minecraft -> 7dtd (-46.4980827909365, 71, 73.39785432349018)
10:52:13 info: BridgeServer[0] Entity registry: updated, id=d317490e-d1c8-4c5d-b4fc-725645e4df41, count=1
10:52:13 info: BridgeServer[0] [Presentation] entity=d317490e-d1c8-4c5d-b4fc-725645e4df41 state=[presentation, {   "renderer": "humanoid",   "model": "player",   "scale": 1.0,   "variant": "default" }]
10:52:13 info: BridgeServer[0] Entity state forwarded: minecraft -> 7dtd (update, d317490e-d1c8-4c5d-b4fc-725645e4df41)
10:52:13 info: BridgeServer[0] Entity registry: updated, id=c659c35b-0f9a-4089-a3ee-a6a9e72626f8, count=1
10:52:13 info: BridgeServer[0] [Presentation] entity=c659c35b-0f9a-4089-a3ee-a6a9e72626f8 state=[presentation, {   "renderer": "humanoid",   "model": "survivor",   "scale": 1.0,   "variant": "default" }]
10:52:13 info: BridgeServer[0] Entity state forwarded: 7dtd -> minecraft (update, c659c35b-0f9a-4089-a3ee-a6a9e72626f8)
10:52:13 info: BridgeServer[0] Player position forwarded: minecraft -> 7dtd (-46.4980827909365, 71, 73.39785432349018)
10:52:13 info: BridgeServer[0] Entity registry: updated, id=d317490e-d1c8-4c5d-b4fc-725645e4df41, count=1
10:52:13 info: BridgeServer[0] [Presentation] entity=d317490e-d1c8-4c5d-b4fc-725645e4df41 state=[presentation, {   "renderer": "humanoid",   "model": "player",   "scale": 1.0,   "variant": "default" }]
10:52:13 info: BridgeServer[0] Entity state forwarded: minecraft -> 7dtd (update, d317490e-d1c8-4c5d-b4fc-725645e4df41)
10:52:14 info: BridgeServer[0] Entity registry: updated, id=c659c35b-0f9a-4089-a3ee-a6a9e72626f8, count=1
10:52:14 info: BridgeServer[0] [Presentation] entity=c659c35b-0f9a-4089-a3ee-a6a9e72626f8 state=[presentation, {   "renderer": "humanoid",   "model": "survivor",   "scale": 1.0,   "variant": "default" }]
10:52:14 info: BridgeServer[0] Entity state forwarded: 7dtd -> minecraft (update, c659c35b-0f9a-4089-a3ee-a6a9e72626f8)
10:52:14 info: BridgeServer[0] Player position forwarded: minecraft -> 7dtd (-46.4980827909365, 71, 73.39785432349018)
10:52:14 info: BridgeServer[0] Entity registry: updated, id=d317490e-d1c8-4c5d-b4fc-725645e4df41, count=1
10:52:14 info: BridgeServer[0] [Presentation] entity=d317490e-d1c8-4c5d-b4fc-725645e4df41 state=[presentation, {   "renderer": "humanoid",   "model": "player",   "scale": 1.0,   "variant": "default" }]
10:52:14 info: BridgeServer[0] Entity state forwarded: minecraft -> 7dtd (update, d317490e-d1c8-4c5d-b4fc-725645e4df41)
10:52:14 info: BridgeServer[0] Entity registry: updated, id=c659c35b-0f9a-4089-a3ee-a6a9e72626f8, count=1
10:52:14 info: BridgeServer[0] [Presentation] entity=c659c35b-0f9a-4089-a3ee-a6a9e72626f8 state=[presentation, {   "renderer": "humanoid",   "model": "survivor",   "scale": 1.0,   "variant": "default" }]
10:52:14 info: BridgeServer[0] Entity state forwarded: 7dtd -> minecraft (update, c659c35b-0f9a-4089-a3ee-a6a9e72626f8)
10:52:15 info: BridgeServer[0] Entity registry: updated, id=c659c35b-0f9a-4089-a3ee-a6a9e72626f8, count=1
10:52:15 info: BridgeServer[0] [Presentation] entity=c659c35b-0f9a-4089-a3ee-a6a9e72626f8 state=[presentation, {   "renderer": "humanoid",   "model": "survivor",   "scale": 1.0,   "variant": "default" }]
10:52:15 info: BridgeServer[0] Entity state forwarded: 7dtd -> minecraft (update, c659c35b-0f9a-4089-a3ee-a6a9e72626f8)
10:52:15 info: BridgeServer[0] Player position forwarded: minecraft -> 7dtd (-46.4980827909365, 71, 73.39785432349018)
10:52:15 info: BridgeServer[0] Entity registry: updated, id=d317490e-d1c8-4c5d-b4fc-725645e4df41, count=1
10:52:15 info: BridgeServer[0] [Presentation] entity=d317490e-d1c8-4c5d-b4fc-725645e4df41 state=[presentation, {   "renderer": "humanoid",   "model": "player",   "scale": 1.0,   "variant": "default" }]
10:52:15 info: BridgeServer[0] Entity state forwarded: minecraft -> 7dtd (update, d317490e-d1c8-4c5d-b4fc-725645e4df41)
10:52:15 info: BridgeServer[0] Player position forwarded: minecraft -> 7dtd (-46.4980827909365, 71, 73.39785432349018)
10:52:15 info: BridgeServer[0] Entity registry: updated, id=d317490e-d1c8-4c5d-b4fc-725645e4df41, count=1
10:52:15 info: BridgeServer[0] [Presentation] entity=d317490e-d1c8-4c5d-b4fc-725645e4df41 state=[presentation, {   "renderer": "humanoid",   "model": "player",   "scale": 1.0,   "variant": "default" }]
10:52:15 info: BridgeServer[0] Entity state forwarded: minecraft -> 7dtd (update, d317490e-d1c8-4c5d-b4fc-725645e4df41)
10:52:15 info: BridgeServer[0] Entity registry: updated, id=c659c35b-0f9a-4089-a3ee-a6a9e72626f8, count=1
10:52:15 info: BridgeServer[0] [Presentation] entity=c659c35b-0f9a-4089-a3ee-a6a9e72626f8 state=[presentation, {   "renderer": "humanoid",   "model": "survivor",   "scale": 1.0,   "variant": "default" }]
10:52:15 info: BridgeServer[0] Entity state forwarded: 7dtd -> minecraft (update, c659c35b-0f9a-4089-a3ee-a6a9e72626f8)
10:52:16 info: BridgeServer[0] Entity registry: updated, id=c659c35b-0f9a-4089-a3ee-a6a9e72626f8, count=1
10:52:16 info: BridgeServer[0] [Presentation] entity=c659c35b-0f9a-4089-a3ee-a6a9e72626f8 state=[presentation, {   "renderer": "humanoid",   "model": "survivor",   "scale": 1.0,   "variant": "default" }]
10:52:16 info: BridgeServer[0] Entity state forwarded: 7dtd -> minecraft (update, c659c35b-0f9a-4089-a3ee-a6a9e72626f8)
10:52:16 info: BridgeServer[0] Player position forwarded: minecraft -> 7dtd (-46.4980827909365, 71, 73.39785432349018)
10:52:16 info: BridgeServer[0] Entity registry: updated, id=d317490e-d1c8-4c5d-b4fc-725645e4df41, count=1
10:52:16 info: BridgeServer[0] [Presentation] entity=d317490e-d1c8-4c5d-b4fc-725645e4df41 state=[presentation, {   "renderer": "humanoid",   "model": "player",   "scale": 1.0,   "variant": "default" }]
10:52:16 info: BridgeServer[0] Entity state forwarded: minecraft -> 7dtd (update, d317490e-d1c8-4c5d-b4fc-725645e4df41)
10:52:16 info: BridgeServer[0] Entity registry: updated, id=c659c35b-0f9a-4089-a3ee-a6a9e72626f8, count=1
10:52:16 info: BridgeServer[0] [Presentation] entity=c659c35b-0f9a-4089-a3ee-a6a9e72626f8 state=[presentation, {   "renderer": "humanoid",   "model": "survivor",   "scale": 1.0,   "variant": "default" }]
10:52:16 info: BridgeServer[0] Entity state forwarded: 7dtd -> minecraft (update, c659c35b-0f9a-4089-a3ee-a6a9e72626f8)
10:52:16 info: BridgeServer[0] Player position forwarded: minecraft -> 7dtd (-46.4980827909365, 71, 73.39785432349018)
10:52:16 info: BridgeServer[0] Entity registry: updated, id=d317490e-d1c8-4c5d-b4fc-725645e4df41, count=1
10:52:16 info: BridgeServer[0] [Presentation] entity=d317490e-d1c8-4c5d-b4fc-725645e4df41 state=[presentation, {   "renderer": "humanoid",   "model": "player",   "scale": 1.0,   "variant": "default" }]
10:52:16 info: BridgeServer[0] Entity state forwarded: minecraft -> 7dtd (update, d317490e-d1c8-4c5d-b4fc-725645e4df41)
10:52:17 info: BridgeServer[0] Entity registry: updated, id=c659c35b-0f9a-4089-a3ee-a6a9e72626f8, count=1
10:52:17 info: BridgeServer[0] [Presentation] entity=c659c35b-0f9a-4089-a3ee-a6a9e72626f8 state=[presentation, {   "renderer": "humanoid",   "model": "survivor",   "scale": 1.0,   "variant": "default" }]
10:52:17 info: BridgeServer[0] Entity state forwarded: 7dtd -> minecraft (update, c659c35b-0f9a-4089-a3ee-a6a9e72626f8)
10:52:17 info: BridgeServer[0] Player position forwarded: minecraft -> 7dtd (-46.4980827909365, 71, 73.39785432349018)
10:52:17 info: BridgeServer[0] Entity registry: updated, id=d317490e-d1c8-4c5d-b4fc-725645e4df41, count=1
10:52:17 info: BridgeServer[0] [Presentation] entity=d317490e-d1c8-4c5d-b4fc-725645e4df41 state=[presentation, {   "renderer": "humanoid",   "model": "player",   "scale": 1.0,   "variant": "default" }]
10:52:17 info: BridgeServer[0] Entity state forwarded: minecraft -> 7dtd (update, d317490e-d1c8-4c5d-b4fc-725645e4df41)
10:52:17 info: BridgeServer[0] Entity registry: updated, id=c659c35b-0f9a-4089-a3ee-a6a9e72626f8, count=1
10:52:17 info: BridgeServer[0] [Presentation] entity=c659c35b-0f9a-4089-a3ee-a6a9e72626f8 state=[presentation, {   "renderer": "humanoid",   "model": "survivor",   "scale": 1.0,   "variant": "default" }]
10:52:17 info: BridgeServer[0] Entity state forwarded: 7dtd -> minecraft (update, c659c35b-0f9a-4089-a3ee-a6a9e72626f8)
10:52:17 info: BridgeServer[0] Player position forwarded: minecraft -> 7dtd (-46.4980827909365, 71, 73.39785432349018)
10:52:17 info: BridgeServer[0] Entity registry: updated, id=d317490e-d1c8-4c5d-b4fc-725645e4df41, count=1
10:52:17 info: BridgeServer[0] [Presentation] entity=d317490e-d1c8-4c5d-b4fc-725645e4df41 state=[presentation, {   "renderer": "humanoid",   "model": "player",   "scale": 1.0,   "variant": "default" }]
10:52:17 info: BridgeServer[0] Entity state forwarded: minecraft -> 7dtd (update, d317490e-d1c8-4c5d-b4fc-725645e4df41)
10:52:18 info: BridgeServer[0] Entity registry: updated, id=c659c35b-0f9a-4089-a3ee-a6a9e72626f8, count=1
10:52:18 info: BridgeServer[0] [Presentation] entity=c659c35b-0f9a-4089-a3ee-a6a9e72626f8 state=[presentation, {   "renderer": "humanoid",   "model": "survivor",   "scale": 1.0,   "variant": "default" }]
10:52:18 info: BridgeServer[0] Entity state forwarded: 7dtd -> minecraft (update, c659c35b-0f9a-4089-a3ee-a6a9e72626f8)
10:52:18 info: BridgeServer[0] Player position forwarded: minecraft -> 7dtd (-46.4980827909365, 71, 73.39785432349018)
10:52:18 info: BridgeServer[0] Entity registry: updated, id=d317490e-d1c8-4c5d-b4fc-725645e4df41, count=1
10:52:18 info: BridgeServer[0] [Presentation] entity=d317490e-d1c8-4c5d-b4fc-725645e4df41 state=[presentation, {   "renderer": "humanoid",   "model": "player",   "scale": 1.0,   "variant": "default" }]
10:52:18 info: BridgeServer[0] Entity state forwarded: minecraft -> 7dtd (update, d317490e-d1c8-4c5d-b4fc-725645e4df41)
10:52:18 info: BridgeServer[0] Entity registry: updated, id=c659c35b-0f9a-4089-a3ee-a6a9e72626f8, count=1
10:52:18 info: BridgeServer[0] [Presentation] entity=c659c35b-0f9a-4089-a3ee-a6a9e72626f8 state=[presentation, {   "renderer": "humanoid",   "model": "survivor",   "scale": 1.0,   "variant": "default" }]
10:52:18 info: BridgeServer[0] Entity state forwarded: 7dtd -> minecraft (update, c659c35b-0f9a-4089-a3ee-a6a9e72626f8)
10:52:18 info: BridgeServer[0] Player position forwarded: minecraft -> 7dtd (-46.4980827909365, 71, 73.39785432349018)
10:52:18 info: BridgeServer[0] Entity registry: updated, id=d317490e-d1c8-4c5d-b4fc-725645e4df41, count=1
10:52:18 info: BridgeServer[0] [Presentation] entity=d317490e-d1c8-4c5d-b4fc-725645e4df41 state=[presentation, {   "renderer": "humanoid",   "model": "player",   "scale": 1.0,   "variant": "default" }]
10:52:18 info: BridgeServer[0] Entity state forwarded: minecraft -> 7dtd (update, d317490e-d1c8-4c5d-b4fc-725645e4df41)
10:52:19 info: BridgeServer[0] Entity registry: updated, id=c659c35b-0f9a-4089-a3ee-a6a9e72626f8, count=1
10:52:19 info: BridgeServer[0] [Presentation] entity=c659c35b-0f9a-4089-a3ee-a6a9e72626f8 state=[presentation, {   "renderer": "humanoid",   "model": "survivor",   "scale": 1.0,   "variant": "default" }]
10:52:19 info: BridgeServer[0] Entity state forwarded: 7dtd -> minecraft (update, c659c35b-0f9a-4089-a3ee-a6a9e72626f8)
10:52:19 info: BridgeServer[0] Player position forwarded: minecraft -> 7dtd (-46.4980827909365, 71, 73.39785432349018)
10:52:19 info: BridgeServer[0] Entity registry: updated, id=d317490e-d1c8-4c5d-b4fc-725645e4df41, count=1
10:52:19 info: BridgeServer[0] [Presentation] entity=d317490e-d1c8-4c5d-b4fc-725645e4df41 state=[presentation, {   "renderer": "humanoid",   "model": "player",   "scale": 1.0,   "variant": "default" }]
10:52:19 info: BridgeServer[0] Entity state forwarded: minecraft -> 7dtd (update, d317490e-d1c8-4c5d-b4fc-725645e4df41)
10:52:19 info: BridgeServer[0] Entity registry: updated, id=c659c35b-0f9a-4089-a3ee-a6a9e72626f8, count=1
10:52:19 info: BridgeServer[0] [Presentation] entity=c659c35b-0f9a-4089-a3ee-a6a9e72626f8 state=[presentation, {   "renderer": "humanoid",   "model": "survivor",   "scale": 1.0,   "variant": "default" }]
10:52:19 info: BridgeServer[0] Entity state forwarded: 7dtd -> minecraft (update, c659c35b-0f9a-4089-a3ee-a6a9e72626f8)
10:52:19 info: BridgeServer[0] Player position forwarded: minecraft -> 7dtd (-46.4980827909365, 71, 73.39785432349018)
10:52:19 info: BridgeServer[0] Entity registry: updated, id=d317490e-d1c8-4c5d-b4fc-725645e4df41, count=1
10:52:19 info: BridgeServer[0] [Presentation] entity=d317490e-d1c8-4c5d-b4fc-725645e4df41 state=[presentation, {   "renderer": "humanoid",   "model": "player",   "scale": 1.0,   "variant": "default" }]
10:52:19 info: BridgeServer[0] Entity state forwarded: minecraft -> 7dtd (update, d317490e-d1c8-4c5d-b4fc-725645e4df41)
10:52:20 info: BridgeServer[0] Entity registry: updated, id=c659c35b-0f9a-4089-a3ee-a6a9e72626f8, count=1
10:52:20 info: BridgeServer[0] [Presentation] entity=c659c35b-0f9a-4089-a3ee-a6a9e72626f8 state=[presentation, {   "renderer": "humanoid",   "model": "survivor",   "scale": 1.0,   "variant": "default" }]
10:52:20 info: BridgeServer[0] Entity state forwarded: 7dtd -> minecraft (update, c659c35b-0f9a-4089-a3ee-a6a9e72626f8)
10:52:20 info: BridgeServer[0] Player position forwarded: minecraft -> 7dtd (-46.4980827909365, 71, 73.39785432349018)
10:52:20 info: BridgeServer[0] Entity registry: updated, id=d317490e-d1c8-4c5d-b4fc-725645e4df41, count=1
10:52:20 info: BridgeServer[0] [Presentation] entity=d317490e-d1c8-4c5d-b4fc-725645e4df41 state=[presentation, {   "renderer": "humanoid",   "model": "player",   "scale": 1.0,   "variant": "default" }]
10:52:20 info: BridgeServer[0] Entity state forwarded: minecraft -> 7dtd (update, d317490e-d1c8-4c5d-b4fc-725645e4df41)
10:52:20 info: BridgeServer[0] Entity registry: updated, id=c659c35b-0f9a-4089-a3ee-a6a9e72626f8, count=1
10:52:20 info: BridgeServer[0] [Presentation] entity=c659c35b-0f9a-4089-a3ee-a6a9e72626f8 state=[presentation, {   "renderer": "humanoid",   "model": "survivor",   "scale": 1.0,   "variant": "default" }]
10:52:20 info: BridgeServer[0] Entity state forwarded: 7dtd -> minecraft (update, c659c35b-0f9a-4089-a3ee-a6a9e72626f8)
10:52:20 info: BridgeServer[0] Player position forwarded: minecraft -> 7dtd (-46.4980827909365, 71, 73.39785432349018)
10:52:20 info: BridgeServer[0] Entity registry: updated, id=d317490e-d1c8-4c5d-b4fc-725645e4df41, count=1
10:52:20 info: BridgeServer[0] [Presentation] entity=d317490e-d1c8-4c5d-b4fc-725645e4df41 state=[presentation, {   "renderer": "humanoid",   "model": "player",   "scale": 1.0,   "variant": "default" }]
10:52:20 info: BridgeServer[0] Entity state forwarded: minecraft -> 7dtd (update, d317490e-d1c8-4c5d-b4fc-725645e4df41)
10:52:21 info: BridgeServer[0] Entity registry: updated, id=c659c35b-0f9a-4089-a3ee-a6a9e72626f8, count=1
10:52:21 info: BridgeServer[0] [Presentation] entity=c659c35b-0f9a-4089-a3ee-a6a9e72626f8 state=[presentation, {   "renderer": "humanoid",   "model": "survivor",   "scale": 1.0,   "variant": "default" }]
10:52:21 info: BridgeServer[0] Entity state forwarded: 7dtd -> minecraft (update, c659c35b-0f9a-4089-a3ee-a6a9e72626f8)
10:52:21 info: BridgeServer[0] Player position forwarded: minecraft -> 7dtd (-46.4980827909365, 71, 73.39785432349018)
10:52:21 info: BridgeServer[0] Entity registry: updated, id=d317490e-d1c8-4c5d-b4fc-725645e4df41, count=1
10:52:21 info: BridgeServer[0] [Presentation] entity=d317490e-d1c8-4c5d-b4fc-725645e4df41 state=[presentation, {   "renderer": "humanoid",   "model": "player",   "scale": 1.0,   "variant": "default" }]
10:52:21 info: BridgeServer[0] Entity state forwarded: minecraft -> 7dtd (update, d317490e-d1c8-4c5d-b4fc-725645e4df41)
10:52:21 info: BridgeServer[0] Entity registry: updated, id=c659c35b-0f9a-4089-a3ee-a6a9e72626f8, count=1
10:52:21 info: BridgeServer[0] [Presentation] entity=c659c35b-0f9a-4089-a3ee-a6a9e72626f8 state=[presentation, {   "renderer": "humanoid",   "model": "survivor",   "scale": 1.0,   "variant": "default" }]
10:52:21 info: BridgeServer[0] Entity state forwarded: 7dtd -> minecraft (update, c659c35b-0f9a-4089-a3ee-a6a9e72626f8)
10:52:21 info: BridgeServer[0] Player position forwarded: minecraft -> 7dtd (-46.4980827909365, 71, 73.39785432349018)
10:52:21 info: BridgeServer[0] Entity registry: updated, id=d317490e-d1c8-4c5d-b4fc-725645e4df41, count=1
10:52:21 info: BridgeServer[0] [Presentation] entity=d317490e-d1c8-4c5d-b4fc-725645e4df41 state=[presentation, {   "renderer": "humanoid",   "model": "player",   "scale": 1.0,   "variant": "default" }]
10:52:21 info: BridgeServer[0] Entity state forwarded: minecraft -> 7dtd (update, d317490e-d1c8-4c5d-b4fc-725645e4df41)
10:52:22 info: BridgeServer[0] Entity registry: updated, id=c659c35b-0f9a-4089-a3ee-a6a9e72626f8, count=1
10:52:22 info: BridgeServer[0] [Presentation] entity=c659c35b-0f9a-4089-a3ee-a6a9e72626f8 state=[presentation, {   "renderer": "humanoid",   "model": "survivor",   "scale": 1.0,   "variant": "default" }]
10:52:22 info: BridgeServer[0] Entity state forwarded: 7dtd -> minecraft (update, c659c35b-0f9a-4089-a3ee-a6a9e72626f8)
10:52:22 info: BridgeServer[0] Player position forwarded: minecraft -> 7dtd (-46.4980827909365, 71, 73.39785432349018)
10:52:22 info: BridgeServer[0] Entity registry: updated, id=d317490e-d1c8-4c5d-b4fc-725645e4df41, count=1
10:52:22 info: BridgeServer[0] [Presentation] entity=d317490e-d1c8-4c5d-b4fc-725645e4df41 state=[presentation, {   "renderer": "humanoid",   "model": "player",   "scale": 1.0,   "variant": "default" }]
10:52:22 info: BridgeServer[0] Entity state forwarded: minecraft -> 7dtd (update, d317490e-d1c8-4c5d-b4fc-725645e4df41)
10:52:22 info: BridgeServer[0] Entity registry: updated, id=c659c35b-0f9a-4089-a3ee-a6a9e72626f8, count=1
10:52:22 info: BridgeServer[0] [Presentation] entity=c659c35b-0f9a-4089-a3ee-a6a9e72626f8 state=[presentation, {   "renderer": "humanoid",   "model": "survivor",   "scale": 1.0,   "variant": "default" }]
10:52:22 info: BridgeServer[0] Entity state forwarded: 7dtd -> minecraft (update, c659c35b-0f9a-4089-a3ee-a6a9e72626f8)
10:52:23 info: BridgeServer[0] Player position forwarded: minecraft -> 7dtd (-46.4980827909365, 71, 73.39785432349018)
10:52:23 info: BridgeServer[0] Entity registry: updated, id=d317490e-d1c8-4c5d-b4fc-725645e4df41, count=1
10:52:23 info: BridgeServer[0] [Presentation] entity=d317490e-d1c8-4c5d-b4fc-725645e4df41 state=[presentation, {   "renderer": "humanoid",   "model": "player",   "scale": 1.0,   "variant": "default" }]
10:52:23 info: BridgeServer[0] Entity state forwarded: minecraft -> 7dtd (update, d317490e-d1c8-4c5d-b4fc-725645e4df41)
10:52:23 info: BridgeServer[0] Entity registry: updated, id=c659c35b-0f9a-4089-a3ee-a6a9e72626f8, count=1
10:52:23 info: BridgeServer[0] [Presentation] entity=c659c35b-0f9a-4089-a3ee-a6a9e72626f8 state=[presentation, {   "renderer": "humanoid",   "model": "survivor",   "scale": 1.0,   "variant": "default" }]
10:52:23 info: BridgeServer[0] Entity state forwarded: 7dtd -> minecraft (update, c659c35b-0f9a-4089-a3ee-a6a9e72626f8)
10:52:23 info: BridgeServer[0] Player position forwarded: minecraft -> 7dtd (-46.4980827909365, 71, 73.39785432349018)
10:52:23 info: BridgeServer[0] Entity registry: updated, id=d317490e-d1c8-4c5d-b4fc-725645e4df41, count=1
10:52:23 info: BridgeServer[0] [Presentation] entity=d317490e-d1c8-4c5d-b4fc-725645e4df41 state=[presentation, {   "renderer": "humanoid",   "model": "player",   "scale": 1.0,   "variant": "default" }]
10:52:23 info: BridgeServer[0] Entity state forwarded: minecraft -> 7dtd (update, d317490e-d1c8-4c5d-b4fc-725645e4df41)
10:52:23 info: BridgeServer[0] Entity registry: updated, id=c659c35b-0f9a-4089-a3ee-a6a9e72626f8, count=1
10:52:23 info: BridgeServer[0] [Presentation] entity=c659c35b-0f9a-4089-a3ee-a6a9e72626f8 state=[presentation, {   "renderer": "humanoid",   "model": "survivor",   "scale": 1.0,   "variant": "default" }]
10:52:23 info: BridgeServer[0] Entity state forwarded: 7dtd -> minecraft (update, c659c35b-0f9a-4089-a3ee-a6a9e72626f8)
10:52:24 info: BridgeServer[0] Player position forwarded: minecraft -> 7dtd (-46.4980827909365, 71, 73.39785432349018)
10:52:24 info: BridgeServer[0] Entity registry: updated, id=d317490e-d1c8-4c5d-b4fc-725645e4df41, count=1
10:52:24 info: BridgeServer[0] [Presentation] entity=d317490e-d1c8-4c5d-b4fc-725645e4df41 state=[presentation, {   "renderer": "humanoid",   "model": "player",   "scale": 1.0,   "variant": "default" }]
10:52:24 info: BridgeServer[0] Entity state forwarded: minecraft -> 7dtd (update, d317490e-d1c8-4c5d-b4fc-725645e4df41)
10:52:24 info: BridgeServer[0] Entity registry: updated, id=c659c35b-0f9a-4089-a3ee-a6a9e72626f8, count=1
10:52:24 info: BridgeServer[0] [Presentation] entity=c659c35b-0f9a-4089-a3ee-a6a9e72626f8 state=[presentation, {   "renderer": "humanoid",   "model": "survivor",   "scale": 1.0,   "variant": "default" }]
10:52:24 info: BridgeServer[0] Entity state forwarded: 7dtd -> minecraft (update, c659c35b-0f9a-4089-a3ee-a6a9e72626f8)
10:52:24 info: BridgeServer[0] Entity registry: updated, id=c659c35b-0f9a-4089-a3ee-a6a9e72626f8, count=1
10:52:24 info: BridgeServer[0] [Presentation] entity=c659c35b-0f9a-4089-a3ee-a6a9e72626f8 state=[presentation, {   "renderer": "humanoid",   "model": "survivor",   "scale": 1.0,   "variant": "default" }]
10:52:24 info: BridgeServer[0] Entity state forwarded: 7dtd -> minecraft (update, c659c35b-0f9a-4089-a3ee-a6a9e72626f8)
10:52:24 info: BridgeServer[0] Player position forwarded: minecraft -> 7dtd (-46.4980827909365, 71, 73.39785432349018)
10:52:24 info: BridgeServer[0] Entity registry: updated, id=d317490e-d1c8-4c5d-b4fc-725645e4df41, count=1
10:52:24 info: BridgeServer[0] [Presentation] entity=d317490e-d1c8-4c5d-b4fc-725645e4df41 state=[presentation, {   "renderer": "humanoid",   "model": "player",   "scale": 1.0,   "variant": "default" }]
10:52:24 info: BridgeServer[0] Entity state forwarded: minecraft -> 7dtd (update, d317490e-d1c8-4c5d-b4fc-725645e4df41)
10:52:25 info: BridgeServer[0] Player position forwarded: minecraft -> 7dtd (-46.4980827909365, 71, 73.39785432349018)
10:52:25 info: BridgeServer[0] Entity registry: updated, id=d317490e-d1c8-4c5d-b4fc-725645e4df41, count=1
10:52:25 info: BridgeServer[0] [Presentation] entity=d317490e-d1c8-4c5d-b4fc-725645e4df41 state=[presentation, {   "renderer": "humanoid",   "model": "player",   "scale": 1.0,   "variant": "default" }]
10:52:25 info: BridgeServer[0] Entity state forwarded: minecraft -> 7dtd (update, d317490e-d1c8-4c5d-b4fc-725645e4df41)
10:52:25 info: BridgeServer[0] Entity registry: updated, id=c659c35b-0f9a-4089-a3ee-a6a9e72626f8, count=1
10:52:25 info: BridgeServer[0] [Presentation] entity=c659c35b-0f9a-4089-a3ee-a6a9e72626f8 state=[presentation, {   "renderer": "humanoid",   "model": "survivor",   "scale": 1.0,   "variant": "default" }]
10:52:25 info: BridgeServer[0] Entity state forwarded: 7dtd -> minecraft (update, c659c35b-0f9a-4089-a3ee-a6a9e72626f8)
10:52:25 info: BridgeServer[0] Entity registry: updated, id=c659c35b-0f9a-4089-a3ee-a6a9e72626f8, count=1
10:52:25 info: BridgeServer[0] [Presentation] entity=c659c35b-0f9a-4089-a3ee-a6a9e72626f8 state=[presentation, {   "renderer": "humanoid",   "model": "survivor",   "scale": 1.0,   "variant": "default" }]
10:52:25 info: BridgeServer[0] Entity state forwarded: 7dtd -> minecraft (update, c659c35b-0f9a-4089-a3ee-a6a9e72626f8)
10:52:25 info: BridgeServer[0] Player position forwarded: minecraft -> 7dtd (-46.4980827909365, 71, 73.39785432349018)
10:52:25 info: BridgeServer[0] Entity registry: updated, id=d317490e-d1c8-4c5d-b4fc-725645e4df41, count=1
10:52:25 info: BridgeServer[0] [Presentation] entity=d317490e-d1c8-4c5d-b4fc-725645e4df41 state=[presentation, {   "renderer": "humanoid",   "model": "player",   "scale": 1.0,   "variant": "default" }]
10:52:25 info: BridgeServer[0] Entity state forwarded: minecraft -> 7dtd (update, d317490e-d1c8-4c5d-b4fc-725645e4df41)
10:52:26 info: BridgeServer[0] Entity registry: updated, id=c659c35b-0f9a-4089-a3ee-a6a9e72626f8, count=1
10:52:26 info: BridgeServer[0] [Presentation] entity=c659c35b-0f9a-4089-a3ee-a6a9e72626f8 state=[presentation, {   "renderer": "humanoid",   "model": "survivor",   "scale": 1.0,   "variant": "default" }]
10:52:26 info: BridgeServer[0] Entity state forwarded: 7dtd -> minecraft (update, c659c35b-0f9a-4089-a3ee-a6a9e72626f8)
10:52:26 info: BridgeServer[0] Player position forwarded: minecraft -> 7dtd (-46.4980827909365, 71, 73.39785432349018)
10:52:26 info: BridgeServer[0] Entity registry: updated, id=d317490e-d1c8-4c5d-b4fc-725645e4df41, count=1
10:52:26 info: BridgeServer[0] [Presentation] entity=d317490e-d1c8-4c5d-b4fc-725645e4df41 state=[presentation, {   "renderer": "humanoid",   "model": "player",   "scale": 1.0,   "variant": "default" }]
10:52:26 info: BridgeServer[0] Entity state forwarded: minecraft -> 7dtd (update, d317490e-d1c8-4c5d-b4fc-725645e4df41)
10:52:26 info: BridgeServer[0] Entity registry: updated, id=c659c35b-0f9a-4089-a3ee-a6a9e72626f8, count=1
10:52:26 info: BridgeServer[0] [Presentation] entity=c659c35b-0f9a-4089-a3ee-a6a9e72626f8 state=[presentation, {   "renderer": "humanoid",   "model": "survivor",   "scale": 1.0,   "variant": "default" }]
10:52:26 info: BridgeServer[0] Entity state forwarded: 7dtd -> minecraft (update, c659c35b-0f9a-4089-a3ee-a6a9e72626f8)
10:52:26 info: BridgeServer[0] Player position forwarded: minecraft -> 7dtd (-46.4980827909365, 71, 73.39785432349018)
10:52:26 info: BridgeServer[0] Entity registry: updated, id=d317490e-d1c8-4c5d-b4fc-725645e4df41, count=1
10:52:26 info: BridgeServer[0] [Presentation] entity=d317490e-d1c8-4c5d-b4fc-725645e4df41 state=[presentation, {   "renderer": "humanoid",   "model": "player",   "scale": 1.0,   "variant": "default" }]
10:52:26 info: BridgeServer[0] Entity state forwarded: minecraft -> 7dtd (update, d317490e-d1c8-4c5d-b4fc-725645e4df41)
10:52:27 info: BridgeServer[0] Entity registry: updated, id=c659c35b-0f9a-4089-a3ee-a6a9e72626f8, count=1
10:52:27 info: BridgeServer[0] [Presentation] entity=c659c35b-0f9a-4089-a3ee-a6a9e72626f8 state=[presentation, {   "renderer": "humanoid",   "model": "survivor",   "scale": 1.0,   "variant": "default" }]
10:52:27 info: BridgeServer[0] Entity state forwarded: 7dtd -> minecraft (update, c659c35b-0f9a-4089-a3ee-a6a9e72626f8)
10:52:27 info: BridgeServer[0] Player position forwarded: minecraft -> 7dtd (-46.4980827909365, 71, 73.39785432349018)
10:52:27 info: BridgeServer[0] Entity registry: updated, id=d317490e-d1c8-4c5d-b4fc-725645e4df41, count=1
10:52:27 info: BridgeServer[0] [Presentation] entity=d317490e-d1c8-4c5d-b4fc-725645e4df41 state=[presentation, {   "renderer": "humanoid",   "model": "player",   "scale": 1.0,   "variant": "default" }]
10:52:27 info: BridgeServer[0] Entity state forwarded: minecraft -> 7dtd (update, d317490e-d1c8-4c5d-b4fc-725645e4df41)
10:52:27 info: BridgeServer[0] Entity registry: updated, id=c659c35b-0f9a-4089-a3ee-a6a9e72626f8, count=1
10:52:27 info: BridgeServer[0] [Presentation] entity=c659c35b-0f9a-4089-a3ee-a6a9e72626f8 state=[presentation, {   "renderer": "humanoid",   "model": "survivor",   "scale": 1.0,   "variant": "default" }]
10:52:27 info: BridgeServer[0] Entity state forwarded: 7dtd -> minecraft (update, c659c35b-0f9a-4089-a3ee-a6a9e72626f8)
10:52:27 info: BridgeServer[0] Player position forwarded: minecraft -> 7dtd (-46.4980827909365, 71, 73.39785432349018)
10:52:27 info: BridgeServer[0] Entity registry: updated, id=d317490e-d1c8-4c5d-b4fc-725645e4df41, count=1
10:52:27 info: BridgeServer[0] [Presentation] entity=d317490e-d1c8-4c5d-b4fc-725645e4df41 state=[presentation, {   "renderer": "humanoid",   "model": "player",   "scale": 1.0,   "variant": "default" }]
10:52:27 info: BridgeServer[0] Entity state forwarded: minecraft -> 7dtd (update, d317490e-d1c8-4c5d-b4fc-725645e4df41)
10:52:28 info: BridgeServer[0] Entity registry: updated, id=c659c35b-0f9a-4089-a3ee-a6a9e72626f8, count=1
10:52:28 info: BridgeServer[0] [Presentation] entity=c659c35b-0f9a-4089-a3ee-a6a9e72626f8 state=[presentation, {   "renderer": "humanoid",   "model": "survivor",   "scale": 1.0,   "variant": "default" }]
10:52:28 info: BridgeServer[0] Entity state forwarded: 7dtd -> minecraft (update, c659c35b-0f9a-4089-a3ee-a6a9e72626f8)
10:52:28 info: BridgeServer[0] Player position forwarded: minecraft -> 7dtd (-46.4980827909365, 71, 73.39785432349018)
10:52:28 info: BridgeServer[0] Entity registry: updated, id=d317490e-d1c8-4c5d-b4fc-725645e4df41, count=1
10:52:28 info: BridgeServer[0] [Presentation] entity=d317490e-d1c8-4c5d-b4fc-725645e4df41 state=[presentation, {   "renderer": "humanoid",   "model": "player",   "scale": 1.0,   "variant": "default" }]
10:52:28 info: BridgeServer[0] Entity state forwarded: minecraft -> 7dtd (update, d317490e-d1c8-4c5d-b4fc-725645e4df41)
10:52:28 info: BridgeServer[0] Entity registry: updated, id=c659c35b-0f9a-4089-a3ee-a6a9e72626f8, count=1
10:52:28 info: BridgeServer[0] [Presentation] entity=c659c35b-0f9a-4089-a3ee-a6a9e72626f8 state=[presentation, {   "renderer": "humanoid",   "model": "survivor",   "scale": 1.0,   "variant": "default" }]
10:52:28 info: BridgeServer[0] Entity state forwarded: 7dtd -> minecraft (update, c659c35b-0f9a-4089-a3ee-a6a9e72626f8)
10:52:28 info: BridgeServer[0] Player position forwarded: minecraft -> 7dtd (-46.4980827909365, 71, 73.39785432349018)
10:52:28 info: BridgeServer[0] Entity registry: updated, id=d317490e-d1c8-4c5d-b4fc-725645e4df41, count=1
10:52:28 info: BridgeServer[0] [Presentation] entity=d317490e-d1c8-4c5d-b4fc-725645e4df41 state=[presentation, {   "renderer": "humanoid",   "model": "player",   "scale": 1.0,   "variant": "default" }]
10:52:28 info: BridgeServer[0] Entity state forwarded: minecraft -> 7dtd (update, d317490e-d1c8-4c5d-b4fc-725645e4df41)
10:52:29 info: BridgeServer[0] Entity registry: updated, id=c659c35b-0f9a-4089-a3ee-a6a9e72626f8, count=1
10:52:29 info: BridgeServer[0] [Presentation] entity=c659c35b-0f9a-4089-a3ee-a6a9e72626f8 state=[presentation, {   "renderer": "humanoid",   "model": "survivor",   "scale": 1.0,   "variant": "default" }]
10:52:29 info: BridgeServer[0] Entity state forwarded: 7dtd -> minecraft (update, c659c35b-0f9a-4089-a3ee-a6a9e72626f8)
10:52:29 info: BridgeServer[0] Player position forwarded: minecraft -> 7dtd (-46.4980827909365, 71, 73.39785432349018)
10:52:29 info: BridgeServer[0] Entity registry: updated, id=d317490e-d1c8-4c5d-b4fc-725645e4df41, count=1
10:52:29 info: BridgeServer[0] [Presentation] entity=d317490e-d1c8-4c5d-b4fc-725645e4df41 state=[presentation, {   "renderer": "humanoid",   "model": "player",   "scale": 1.0,   "variant": "default" }]
10:52:29 info: BridgeServer[0] Entity state forwarded: minecraft -> 7dtd (update, d317490e-d1c8-4c5d-b4fc-725645e4df41)
10:52:29 info: BridgeServer[0] Entity registry: updated, id=c659c35b-0f9a-4089-a3ee-a6a9e72626f8, count=1
10:52:29 info: BridgeServer[0] [Presentation] entity=c659c35b-0f9a-4089-a3ee-a6a9e72626f8 state=[presentation, {   "renderer": "humanoid",   "model": "survivor",   "scale": 1.0,   "variant": "default" }]
10:52:29 info: BridgeServer[0] Entity state forwarded: 7dtd -> minecraft (update, c659c35b-0f9a-4089-a3ee-a6a9e72626f8)
10:52:29 info: BridgeServer[0] Player position forwarded: minecraft -> 7dtd (-46.4980827909365, 71, 73.39785432349018)
10:52:29 info: BridgeServer[0] Entity registry: updated, id=d317490e-d1c8-4c5d-b4fc-725645e4df41, count=1
10:52:29 info: BridgeServer[0] [Presentation] entity=d317490e-d1c8-4c5d-b4fc-725645e4df41 state=[presentation, {   "renderer": "humanoid",   "model": "player",   "scale": 1.0,   "variant": "default" }]
10:52:29 info: BridgeServer[0] Entity state forwarded: minecraft -> 7dtd (update, d317490e-d1c8-4c5d-b4fc-725645e4df41)
10:52:30 info: BridgeServer[0] Entity registry: updated, id=c659c35b-0f9a-4089-a3ee-a6a9e72626f8, count=1
10:52:30 info: BridgeServer[0] [Presentation] entity=c659c35b-0f9a-4089-a3ee-a6a9e72626f8 state=[presentation, {   "renderer": "humanoid",   "model": "survivor",   "scale": 1.0,   "variant": "default" }]
10:52:30 info: BridgeServer[0] Entity state forwarded: 7dtd -> minecraft (update, c659c35b-0f9a-4089-a3ee-a6a9e72626f8)
10:52:30 info: BridgeServer[0] Player position forwarded: minecraft -> 7dtd (-46.4980827909365, 71, 73.39785432349018)
10:52:30 info: BridgeServer[0] Entity registry: updated, id=d317490e-d1c8-4c5d-b4fc-725645e4df41, count=1
10:52:30 info: BridgeServer[0] [Presentation] entity=d317490e-d1c8-4c5d-b4fc-725645e4df41 state=[presentation, {   "renderer": "humanoid",   "model": "player",   "scale": 1.0,   "variant": "default" }]
10:52:30 info: BridgeServer[0] Entity state forwarded: minecraft -> 7dtd (update, d317490e-d1c8-4c5d-b4fc-725645e4df41)
10:52:30 info: BridgeServer[0] Entity registry: updated, id=c659c35b-0f9a-4089-a3ee-a6a9e72626f8, count=1
10:52:30 info: BridgeServer[0] [Presentation] entity=c659c35b-0f9a-4089-a3ee-a6a9e72626f8 state=[presentation, {   "renderer": "humanoid",   "model": "survivor",   "scale": 1.0,   "variant": "default" }]
10:52:30 info: BridgeServer[0] Entity state forwarded: 7dtd -> minecraft (update, c659c35b-0f9a-4089-a3ee-a6a9e72626f8)
10:52:31 info: BridgeServer[0] Player position forwarded: minecraft -> 7dtd (-46.4980827909365, 71, 73.39785432349018)
10:52:31 info: BridgeServer[0] Entity registry: updated, id=d317490e-d1c8-4c5d-b4fc-725645e4df41, count=1
10:52:31 info: BridgeServer[0] [Presentation] entity=d317490e-d1c8-4c5d-b4fc-725645e4df41 state=[presentation, {   "renderer": "humanoid",   "model": "player",   "scale": 1.0,   "variant": "default" }]
10:52:31 info: BridgeServer[0] Entity state forwarded: minecraft -> 7dtd (update, d317490e-d1c8-4c5d-b4fc-725645e4df41)
10:52:31 info: BridgeServer[0] Entity registry: updated, id=c659c35b-0f9a-4089-a3ee-a6a9e72626f8, count=1
10:52:31 info: BridgeServer[0] [Presentation] entity=c659c35b-0f9a-4089-a3ee-a6a9e72626f8 state=[presentation, {   "renderer": "humanoid",   "model": "survivor",   "scale": 1.0,   "variant": "default" }]
10:52:31 info: BridgeServer[0] Entity state forwarded: 7dtd -> minecraft (update, c659c35b-0f9a-4089-a3ee-a6a9e72626f8)
10:52:31 info: BridgeServer[0] Entity registry: updated, id=c659c35b-0f9a-4089-a3ee-a6a9e72626f8, count=1
10:52:31 info: BridgeServer[0] [Presentation] entity=c659c35b-0f9a-4089-a3ee-a6a9e72626f8 state=[presentation, {   "renderer": "humanoid",   "model": "survivor",   "scale": 1.0,   "variant": "default" }]
10:52:31 info: BridgeServer[0] Entity state forwarded: 7dtd -> minecraft (update, c659c35b-0f9a-4089-a3ee-a6a9e72626f8)
10:52:31 info: BridgeServer[0] Player position forwarded: minecraft -> 7dtd (-46.4980827909365, 71, 73.39785432349018)
10:52:31 info: BridgeServer[0] Entity registry: updated, id=d317490e-d1c8-4c5d-b4fc-725645e4df41, count=1
10:52:31 info: BridgeServer[0] [Presentation] entity=d317490e-d1c8-4c5d-b4fc-725645e4df41 state=[presentation, {   "renderer": "humanoid",   "model": "player",   "scale": 1.0,   "variant": "default" }]
10:52:31 info: BridgeServer[0] Entity state forwarded: minecraft -> 7dtd (update, d317490e-d1c8-4c5d-b4fc-725645e4df41)
10:52:32 info: BridgeServer[0] Player position forwarded: minecraft -> 7dtd (-46.4980827909365, 71, 73.39785432349018)
10:52:32 info: BridgeServer[0] Entity registry: updated, id=d317490e-d1c8-4c5d-b4fc-725645e4df41, count=1
10:52:32 info: BridgeServer[0] [Presentation] entity=d317490e-d1c8-4c5d-b4fc-725645e4df41 state=[presentation, {   "renderer": "humanoid",   "model": "player",   "scale": 1.0,   "variant": "default" }]
10:52:32 info: BridgeServer[0] Entity state forwarded: minecraft -> 7dtd (update, d317490e-d1c8-4c5d-b4fc-725645e4df41)
10:52:32 info: BridgeServer[0] Entity registry: updated, id=c659c35b-0f9a-4089-a3ee-a6a9e72626f8, count=1
10:52:32 info: BridgeServer[0] [Presentation] entity=c659c35b-0f9a-4089-a3ee-a6a9e72626f8 state=[presentation, {   "renderer": "humanoid",   "model": "survivor",   "scale": 1.0,   "variant": "default" }]
10:52:32 info: BridgeServer[0] Entity state forwarded: 7dtd -> minecraft (update, c659c35b-0f9a-4089-a3ee-a6a9e72626f8)
10:52:32 info: BridgeServer[0] Entity registry: updated, id=c659c35b-0f9a-4089-a3ee-a6a9e72626f8, count=1
10:52:32 info: BridgeServer[0] [Presentation] entity=c659c35b-0f9a-4089-a3ee-a6a9e72626f8 state=[presentation, {   "renderer": "humanoid",   "model": "survivor",   "scale": 1.0,   "variant": "default" }]
10:52:32 info: BridgeServer[0] Entity state forwarded: 7dtd -> minecraft (update, c659c35b-0f9a-4089-a3ee-a6a9e72626f8)
10:52:32 info: BridgeServer[0] Player position forwarded: minecraft -> 7dtd (-46.4980827909365, 71, 73.39785432349018)
10:52:32 info: BridgeServer[0] Entity registry: updated, id=d317490e-d1c8-4c5d-b4fc-725645e4df41, count=1
10:52:32 info: BridgeServer[0] [Presentation] entity=d317490e-d1c8-4c5d-b4fc-725645e4df41 state=[presentation, {   "renderer": "humanoid",   "model": "player",   "scale": 1.0,   "variant": "default" }]
10:52:32 info: BridgeServer[0] Entity state forwarded: minecraft -> 7dtd (update, d317490e-d1c8-4c5d-b4fc-725645e4df41)
10:52:33 info: BridgeServer[0] Entity registry: updated, id=c659c35b-0f9a-4089-a3ee-a6a9e72626f8, count=1
10:52:33 info: BridgeServer[0] [Presentation] entity=c659c35b-0f9a-4089-a3ee-a6a9e72626f8 state=[presentation, {   "renderer": "humanoid",   "model": "survivor",   "scale": 1.0,   "variant": "default" }]
10:52:33 info: BridgeServer[0] Entity state forwarded: 7dtd -> minecraft (update, c659c35b-0f9a-4089-a3ee-a6a9e72626f8)
10:52:33 info: BridgeServer[0] Player position forwarded: minecraft -> 7dtd (-46.4980827909365, 71, 73.39785432349018)
10:52:33 info: BridgeServer[0] Entity registry: updated, id=d317490e-d1c8-4c5d-b4fc-725645e4df41, count=1
10:52:33 info: BridgeServer[0] [Presentation] entity=d317490e-d1c8-4c5d-b4fc-725645e4df41 state=[presentation, {   "renderer": "humanoid",   "model": "player",   "scale": 1.0,   "variant": "default" }]
10:52:33 info: BridgeServer[0] Entity state forwarded: minecraft -> 7dtd (update, d317490e-d1c8-4c5d-b4fc-725645e4df41)
10:52:33 info: BridgeServer[0] Entity registry: updated, id=c659c35b-0f9a-4089-a3ee-a6a9e72626f8, count=1
10:52:33 info: BridgeServer[0] [Presentation] entity=c659c35b-0f9a-4089-a3ee-a6a9e72626f8 state=[presentation, {   "renderer": "humanoid",   "model": "survivor",   "scale": 1.0,   "variant": "default" }]
10:52:33 info: BridgeServer[0] Entity state forwarded: 7dtd -> minecraft (update, c659c35b-0f9a-4089-a3ee-a6a9e72626f8)
10:52:33 info: BridgeServer[0] Player position forwarded: minecraft -> 7dtd (-46.4980827909365, 71, 73.39785432349018)
10:52:33 info: BridgeServer[0] Entity registry: updated, id=d317490e-d1c8-4c5d-b4fc-725645e4df41, count=1
10:52:33 info: BridgeServer[0] [Presentation] entity=d317490e-d1c8-4c5d-b4fc-725645e4df41 state=[presentation, {   "renderer": "humanoid",   "model": "player",   "scale": 1.0,   "variant": "default" }]
10:52:33 info: BridgeServer[0] Entity state forwarded: minecraft -> 7dtd (update, d317490e-d1c8-4c5d-b4fc-725645e4df41)
10:52:34 info: BridgeServer[0] Entity registry: updated, id=c659c35b-0f9a-4089-a3ee-a6a9e72626f8, count=1
10:52:34 info: BridgeServer[0] [Presentation] entity=c659c35b-0f9a-4089-a3ee-a6a9e72626f8 state=[presentation, {   "renderer": "humanoid",   "model": "survivor",   "scale": 1.0,   "variant": "default" }]
10:52:34 info: BridgeServer[0] Entity state forwarded: 7dtd -> minecraft (update, c659c35b-0f9a-4089-a3ee-a6a9e72626f8)
10:52:34 info: BridgeServer[0] Player position forwarded: minecraft -> 7dtd (-46.4980827909365, 71, 73.39785432349018)
10:52:34 info: BridgeServer[0] Entity registry: updated, id=d317490e-d1c8-4c5d-b4fc-725645e4df41, count=1
10:52:34 info: BridgeServer[0] [Presentation] entity=d317490e-d1c8-4c5d-b4fc-725645e4df41 state=[presentation, {   "renderer": "humanoid",   "model": "player",   "scale": 1.0,   "variant": "default" }]
10:52:34 info: BridgeServer[0] Entity state forwarded: minecraft -> 7dtd (update, d317490e-d1c8-4c5d-b4fc-725645e4df41)
10:52:34 info: BridgeServer[0] Entity registry: updated, id=c659c35b-0f9a-4089-a3ee-a6a9e72626f8, count=1
10:52:34 info: BridgeServer[0] [Presentation] entity=c659c35b-0f9a-4089-a3ee-a6a9e72626f8 state=[presentation, {   "renderer": "humanoid",   "model": "survivor",   "scale": 1.0,   "variant": "default" }]
10:52:34 info: BridgeServer[0] Entity state forwarded: 7dtd -> minecraft (update, c659c35b-0f9a-4089-a3ee-a6a9e72626f8)
10:52:34 info: BridgeServer[0] Player position forwarded: minecraft -> 7dtd (-46.4980827909365, 71, 73.39785432349018)
10:52:34 info: BridgeServer[0] Entity registry: updated, id=d317490e-d1c8-4c5d-b4fc-725645e4df41, count=1
10:52:34 info: BridgeServer[0] [Presentation] entity=d317490e-d1c8-4c5d-b4fc-725645e4df41 state=[presentation, {   "renderer": "humanoid",   "model": "player",   "scale": 1.0,   "variant": "default" }]
10:52:34 info: BridgeServer[0] Entity state forwarded: minecraft -> 7dtd (update, d317490e-d1c8-4c5d-b4fc-725645e4df41)
10:52:35 info: BridgeServer[0] Entity registry: updated, id=c659c35b-0f9a-4089-a3ee-a6a9e72626f8, count=1
10:52:35 info: BridgeServer[0] [Presentation] entity=c659c35b-0f9a-4089-a3ee-a6a9e72626f8 state=[presentation, {   "renderer": "humanoid",   "model": "survivor",   "scale": 1.0,   "variant": "default" }]
10:52:35 info: BridgeServer[0] Entity state forwarded: 7dtd -> minecraft (update, c659c35b-0f9a-4089-a3ee-a6a9e72626f8)
10:52:35 info: BridgeServer[0] Player position forwarded: minecraft -> 7dtd (-46.4980827909365, 71, 73.39785432349018)
10:52:35 info: BridgeServer[0] Entity registry: updated, id=d317490e-d1c8-4c5d-b4fc-725645e4df41, count=1
10:52:35 info: BridgeServer[0] [Presentation] entity=d317490e-d1c8-4c5d-b4fc-725645e4df41 state=[presentation, {   "renderer": "humanoid",   "model": "player",   "scale": 1.0,   "variant": "default" }]
10:52:35 info: BridgeServer[0] Entity state forwarded: minecraft -> 7dtd (update, d317490e-d1c8-4c5d-b4fc-725645e4df41)
10:52:35 info: BridgeServer[0] Entity registry: updated, id=c659c35b-0f9a-4089-a3ee-a6a9e72626f8, count=1
10:52:35 info: BridgeServer[0] [Presentation] entity=c659c35b-0f9a-4089-a3ee-a6a9e72626f8 state=[presentation, {   "renderer": "humanoid",   "model": "survivor",   "scale": 1.0,   "variant": "default" }]
10:52:35 info: BridgeServer[0] Entity state forwarded: 7dtd -> minecraft (update, c659c35b-0f9a-4089-a3ee-a6a9e72626f8)
10:52:35 info: BridgeServer[0] Player position forwarded: minecraft -> 7dtd (-46.4980827909365, 71, 73.39785432349018)
10:52:35 info: BridgeServer[0] Entity registry: updated, id=d317490e-d1c8-4c5d-b4fc-725645e4df41, count=1
10:52:35 info: BridgeServer[0] [Presentation] entity=d317490e-d1c8-4c5d-b4fc-725645e4df41 state=[presentation, {   "renderer": "humanoid",   "model": "player",   "scale": 1.0,   "variant": "default" }]
10:52:35 info: BridgeServer[0] Entity state forwarded: minecraft -> 7dtd (update, d317490e-d1c8-4c5d-b4fc-725645e4df41)
10:52:36 info: BridgeServer[0] Entity registry: updated, id=c659c35b-0f9a-4089-a3ee-a6a9e72626f8, count=1
10:52:36 info: BridgeServer[0] [Presentation] entity=c659c35b-0f9a-4089-a3ee-a6a9e72626f8 state=[presentation, {   "renderer": "humanoid",   "model": "survivor",   "scale": 1.0,   "variant": "default" }]
10:52:36 info: BridgeServer[0] Entity state forwarded: 7dtd -> minecraft (update, c659c35b-0f9a-4089-a3ee-a6a9e72626f8)
10:52:36 info: Microsoft.AspNetCore.Hosting.Diagnostics[1] Request starting HTTP/1.1 GET http://localhost:18771/debug/entities - - -
10:52:36 info: Microsoft.AspNetCore.Routing.EndpointMiddleware[0] Executing endpoint 'HTTP: GET /debug/entities'
10:52:36 info: Microsoft.AspNetCore.Http.Result.JsonResult[3] Writing value of type '<>f__AnonymousType4`1' as Json.
10:52:36 info: Microsoft.AspNetCore.Routing.EndpointMiddleware[1] Executed endpoint 'HTTP: GET /debug/entities'
10:52:36 info: Microsoft.AspNetCore.Hosting.Diagnostics[2] Request finished HTTP/1.1 GET http://localhost:18771/debug/entities - 200 - application/json;+charset=utf-8 11.1058ms
10:52:36 info: BridgeServer[0] Player position forwarded: minecraft -> 7dtd (-46.4980827909365, 71, 73.39785432349018)
10:52:36 info: BridgeServer[0] Entity registry: updated, id=d317490e-d1c8-4c5d-b4fc-725645e4df41, count=1
10:52:36 info: BridgeServer[0] [Presentation] entity=d317490e-d1c8-4c5d-b4fc-725645e4df41 state=[presentation, {   "renderer": "humanoid",   "model": "player",   "scale": 1.0,   "variant": "default" }]
10:52:36 info: BridgeServer[0] Entity state forwarded: minecraft -> 7dtd (update, d317490e-d1c8-4c5d-b4fc-725645e4df41)
10:52:36 info: BridgeServer[0] Entity registry: updated, id=c659c35b-0f9a-4089-a3ee-a6a9e72626f8, count=1
10:52:36 info: BridgeServer[0] [Presentation] entity=c659c35b-0f9a-4089-a3ee-a6a9e72626f8 state=[presentation, {   "renderer": "humanoid",   "model": "survivor",   "scale": 1.0,   "variant": "default" }]
10:52:36 info: BridgeServer[0] Entity state forwarded: 7dtd -> minecraft (update, c659c35b-0f9a-4089-a3ee-a6a9e72626f8)
10:52:36 info: BridgeServer[0] Entity registry: updated, id=d317490e-d1c8-4c5d-b4fc-725645e4df41, count=1
10:52:36 info: BridgeServer[0] [Presentation] entity=d317490e-d1c8-4c5d-b4fc-725645e4df41 state=[presentation, {   "renderer": "humanoid",   "model": "player",   "scale": 1.0,   "variant": "default" }]
10:52:36 info: BridgeServer[0] Entity state forwarded: minecraft -> 7dtd (update, d317490e-d1c8-4c5d-b4fc-725645e4df41)
10:52:36 info: BridgeServer[0] Player position forwarded: minecraft -> 7dtd (-46.4980827909365, 71, 73.39785432349018)
10:52:37 info: BridgeServer[0] Entity registry: updated, id=c659c35b-0f9a-4089-a3ee-a6a9e72626f8, count=1
10:52:37 info: BridgeServer[0] [Presentation] entity=c659c35b-0f9a-4089-a3ee-a6a9e72626f8 state=[presentation, {   "renderer": "humanoid",   "model": "survivor",   "scale": 1.0,   "variant": "default" }]
10:52:37 info: BridgeServer[0] Entity state forwarded: 7dtd -> minecraft (update, c659c35b-0f9a-4089-a3ee-a6a9e72626f8)
10:52:37 info: BridgeServer[0] Player position forwarded: minecraft -> 7dtd (-46.4980827909365, 71, 73.39785432349018)
10:52:37 info: BridgeServer[0] Entity registry: updated, id=d317490e-d1c8-4c5d-b4fc-725645e4df41, count=1
10:52:37 info: BridgeServer[0] [Presentation] entity=d317490e-d1c8-4c5d-b4fc-725645e4df41 state=[presentation, {   "renderer": "humanoid",   "model": "player",   "scale": 1.0,   "variant": "default" }]
10:52:37 info: BridgeServer[0] Entity state forwarded: minecraft -> 7dtd (update, d317490e-d1c8-4c5d-b4fc-725645e4df41)
10:52:37 info: BridgeServer[0] Entity registry: updated, id=c659c35b-0f9a-4089-a3ee-a6a9e72626f8, count=1
10:52:37 info: BridgeServer[0] [Presentation] entity=c659c35b-0f9a-4089-a3ee-a6a9e72626f8 state=[presentation, {   "renderer": "humanoid",   "model": "survivor",   "scale": 1.0,   "variant": "default" }]
10:52:37 info: BridgeServer[0] Entity state forwarded: 7dtd -> minecraft (update, c659c35b-0f9a-4089-a3ee-a6a9e72626f8)
10:52:38 info: BridgeServer[0] Player position forwarded: minecraft -> 7dtd (-46.4980827909365, 71, 73.39785432349018)
10:52:38 info: BridgeServer[0] Entity registry: updated, id=d317490e-d1c8-4c5d-b4fc-725645e4df41, count=1
10:52:38 info: BridgeServer[0] [Presentation] entity=d317490e-d1c8-4c5d-b4fc-725645e4df41 state=[presentation, {   "renderer": "humanoid",   "model": "player",   "scale": 1.0,   "variant": "default" }]
10:52:38 info: BridgeServer[0] Entity state forwarded: minecraft -> 7dtd (update, d317490e-d1c8-4c5d-b4fc-725645e4df41)
10:52:38 info: BridgeServer[0] Entity registry: updated, id=c659c35b-0f9a-4089-a3ee-a6a9e72626f8, count=1
10:52:38 info: BridgeServer[0] [Presentation] entity=c659c35b-0f9a-4089-a3ee-a6a9e72626f8 state=[presentation, {   "renderer": "humanoid",   "model": "survivor",   "scale": 1.0,   "variant": "default" }]
10:52:38 info: BridgeServer[0] Entity state forwarded: 7dtd -> minecraft (update, c659c35b-0f9a-4089-a3ee-a6a9e72626f8)
10:52:38 info: BridgeServer[0] Player position forwarded: minecraft -> 7dtd (-46.4980827909365, 71, 73.39785432349018)
10:52:38 info: BridgeServer[0] Entity registry: updated, id=d317490e-d1c8-4c5d-b4fc-725645e4df41, count=1
10:52:38 info: BridgeServer[0] [Presentation] entity=d317490e-d1c8-4c5d-b4fc-725645e4df41 state=[presentation, {   "renderer": "humanoid",   "model": "player",   "scale": 1.0,   "variant": "default" }]
10:52:38 info: BridgeServer[0] Entity state forwarded: minecraft -> 7dtd (update, d317490e-d1c8-4c5d-b4fc-725645e4df41)
10:52:38 info: BridgeServer[0] Entity registry: updated, id=c659c35b-0f9a-4089-a3ee-a6a9e72626f8, count=1
10:52:38 info: BridgeServer[0] [Presentation] entity=c659c35b-0f9a-4089-a3ee-a6a9e72626f8 state=[presentation, {   "renderer": "humanoid",   "model": "survivor",   "scale": 1.0,   "variant": "default" }]
10:52:38 info: BridgeServer[0] Entity state forwarded: 7dtd -> minecraft (update, c659c35b-0f9a-4089-a3ee-a6a9e72626f8)
10:52:39 info: BridgeServer[0] Player position forwarded: minecraft -> 7dtd (-46.4980827909365, 71, 73.39785432349018)
10:52:39 info: BridgeServer[0] Entity registry: updated, id=d317490e-d1c8-4c5d-b4fc-725645e4df41, count=1
10:52:39 info: BridgeServer[0] [Presentation] entity=d317490e-d1c8-4c5d-b4fc-725645e4df41 state=[presentation, {   "renderer": "humanoid",   "model": "player",   "scale": 1.0,   "variant": "default" }]
10:52:39 info: BridgeServer[0] Entity state forwarded: minecraft -> 7dtd (update, d317490e-d1c8-4c5d-b4fc-725645e4df41)
10:52:39 info: BridgeServer[0] Entity registry: updated, id=c659c35b-0f9a-4089-a3ee-a6a9e72626f8, count=1
10:52:39 info: BridgeServer[0] [Presentation] entity=c659c35b-0f9a-4089-a3ee-a6a9e72626f8 state=[presentation, {   "renderer": "humanoid",   "model": "survivor",   "scale": 1.0,   "variant": "default" }]
10:52:39 info: BridgeServer[0] Entity state forwarded: 7dtd -> minecraft (update, c659c35b-0f9a-4089-a3ee-a6a9e72626f8)
10:52:39 info: BridgeServer[0] Player position forwarded: minecraft -> 7dtd (-46.4980827909365, 71, 73.39785432349018)
10:52:39 info: BridgeServer[0] Entity registry: updated, id=d317490e-d1c8-4c5d-b4fc-725645e4df41, count=1
10:52:39 info: BridgeServer[0] [Presentation] entity=d317490e-d1c8-4c5d-b4fc-725645e4df41 state=[presentation, {   "renderer": "humanoid",   "model": "player",   "scale": 1.0,   "variant": "default" }]
10:52:39 info: BridgeServer[0] Entity state forwarded: minecraft -> 7dtd (update, d317490e-d1c8-4c5d-b4fc-725645e4df41)
10:52:39 info: BridgeServer[0] Entity registry: updated, id=c659c35b-0f9a-4089-a3ee-a6a9e72626f8, count=1
10:52:39 info: BridgeServer[0] [Presentation] entity=c659c35b-0f9a-4089-a3ee-a6a9e72626f8 state=[presentation, {   "renderer": "humanoid",   "model": "survivor",   "scale": 1.0,   "variant": "default" }]
10:52:39 info: BridgeServer[0] Entity state forwarded: 7dtd -> minecraft (update, c659c35b-0f9a-4089-a3ee-a6a9e72626f8)
10:52:40 info: BridgeServer[0] Player position forwarded: minecraft -> 7dtd (-46.4980827909365, 71, 73.39785432349018)
10:52:40 info: BridgeServer[0] Entity registry: updated, id=c659c35b-0f9a-4089-a3ee-a6a9e72626f8, count=1
10:52:40 info: BridgeServer[0] [Presentation] entity=c659c35b-0f9a-4089-a3ee-a6a9e72626f8 state=[presentation, {   "renderer": "humanoid",   "model": "survivor",   "scale": 1.0,   "variant": "default" }]
10:52:40 info: BridgeServer[0] Entity state forwarded: 7dtd -> minecraft (update, c659c35b-0f9a-4089-a3ee-a6a9e72626f8)
10:52:40 info: BridgeServer[0] Entity registry: updated, id=d317490e-d1c8-4c5d-b4fc-725645e4df41, count=1
10:52:40 info: BridgeServer[0] [Presentation] entity=d317490e-d1c8-4c5d-b4fc-725645e4df41 state=[presentation, {   "renderer": "humanoid",   "model": "player",   "scale": 1.0,   "variant": "default" }]
10:52:40 info: BridgeServer[0] Entity state forwarded: minecraft -> 7dtd (update, d317490e-d1c8-4c5d-b4fc-725645e4df41)
10:52:40 info: BridgeServer[0] Player position forwarded: minecraft -> 7dtd (-46.4980827909365, 71, 73.39785432349018)
10:52:40 info: BridgeServer[0] Entity registry: updated, id=d317490e-d1c8-4c5d-b4fc-725645e4df41, count=1
10:52:40 info: BridgeServer[0] [Presentation] entity=d317490e-d1c8-4c5d-b4fc-725645e4df41 state=[presentation, {   "renderer": "humanoid",   "model": "player",   "scale": 1.0,   "variant": "default" }]
10:52:40 info: BridgeServer[0] Entity state forwarded: minecraft -> 7dtd (update, d317490e-d1c8-4c5d-b4fc-725645e4df41)
10:52:40 info: BridgeServer[0] Entity registry: updated, id=c659c35b-0f9a-4089-a3ee-a6a9e72626f8, count=1
10:52:40 info: BridgeServer[0] [Presentation] entity=c659c35b-0f9a-4089-a3ee-a6a9e72626f8 state=[presentation, {   "renderer": "humanoid",   "model": "survivor",   "scale": 1.0,   "variant": "default" }]
10:52:40 info: BridgeServer[0] Entity state forwarded: 7dtd -> minecraft (update, c659c35b-0f9a-4089-a3ee-a6a9e72626f8)
10:52:41 info: BridgeServer[0] Entity registry: updated, id=c659c35b-0f9a-4089-a3ee-a6a9e72626f8, count=1
10:52:41 info: BridgeServer[0] [Presentation] entity=c659c35b-0f9a-4089-a3ee-a6a9e72626f8 state=[presentation, {   "renderer": "humanoid",   "model": "survivor",   "scale": 1.0,   "variant": "default" }]
10:52:41 info: BridgeServer[0] Entity state forwarded: 7dtd -> minecraft (update, c659c35b-0f9a-4089-a3ee-a6a9e72626f8)
10:52:41 info: BridgeServer[0] Player position forwarded: minecraft -> 7dtd (-46.4980827909365, 71, 73.39785432349018)
10:52:41 info: BridgeServer[0] Entity registry: updated, id=d317490e-d1c8-4c5d-b4fc-725645e4df41, count=1
10:52:41 info: BridgeServer[0] [Presentation] entity=d317490e-d1c8-4c5d-b4fc-725645e4df41 state=[presentation, {   "renderer": "humanoid",   "model": "player",   "scale": 1.0,   "variant": "default" }]
10:52:41 info: BridgeServer[0] Entity state forwarded: minecraft -> 7dtd (update, d317490e-d1c8-4c5d-b4fc-725645e4df41)
10:52:41 info: BridgeServer[0] Player position forwarded: minecraft -> 7dtd (-46.4980827909365, 71, 73.39785432349018)
10:52:41 info: BridgeServer[0] Entity registry: updated, id=d317490e-d1c8-4c5d-b4fc-725645e4df41, count=1
10:52:41 info: BridgeServer[0] [Presentation] entity=d317490e-d1c8-4c5d-b4fc-725645e4df41 state=[presentation, {   "renderer": "humanoid",   "model": "player",   "scale": 1.0,   "variant": "default" }]
10:52:41 info: BridgeServer[0] Entity state forwarded: minecraft -> 7dtd (update, d317490e-d1c8-4c5d-b4fc-725645e4df41)
10:52:41 info: BridgeServer[0] Entity registry: updated, id=c659c35b-0f9a-4089-a3ee-a6a9e72626f8, count=1
10:52:41 info: BridgeServer[0] [Presentation] entity=c659c35b-0f9a-4089-a3ee-a6a9e72626f8 state=[presentation, {   "renderer": "humanoid",   "model": "survivor",   "scale": 1.0,   "variant": "default" }]
10:52:41 info: BridgeServer[0] Entity state forwarded: 7dtd -> minecraft (update, c659c35b-0f9a-4089-a3ee-a6a9e72626f8)
10:52:42 info: BridgeServer[0] Entity registry: updated, id=c659c35b-0f9a-4089-a3ee-a6a9e72626f8, count=1
10:52:42 info: BridgeServer[0] [Presentation] entity=c659c35b-0f9a-4089-a3ee-a6a9e72626f8 state=[presentation, {   "renderer": "humanoid",   "model": "survivor",   "scale": 1.0,   "variant": "default" }]
10:52:42 info: BridgeServer[0] Entity state forwarded: 7dtd -> minecraft (update, c659c35b-0f9a-4089-a3ee-a6a9e72626f8)
10:52:42 info: BridgeServer[0] Player position forwarded: minecraft -> 7dtd (-46.4980827909365, 71, 73.39785432349018)
10:52:42 info: BridgeServer[0] Entity registry: updated, id=d317490e-d1c8-4c5d-b4fc-725645e4df41, count=1
10:52:42 info: BridgeServer[0] [Presentation] entity=d317490e-d1c8-4c5d-b4fc-725645e4df41 state=[presentation, {   "renderer": "humanoid",   "model": "player",   "scale": 1.0,   "variant": "default" }]
10:52:42 info: BridgeServer[0] Entity state forwarded: minecraft -> 7dtd (update, d317490e-d1c8-4c5d-b4fc-725645e4df41)
10:52:42 info: BridgeServer[0] Entity registry: updated, id=c659c35b-0f9a-4089-a3ee-a6a9e72626f8, count=1
10:52:42 info: BridgeServer[0] [Presentation] entity=c659c35b-0f9a-4089-a3ee-a6a9e72626f8 state=[presentation, {   "renderer": "humanoid",   "model": "survivor",   "scale": 1.0,   "variant": "default" }]
10:52:42 info: BridgeServer[0] Entity state forwarded: 7dtd -> minecraft (update, c659c35b-0f9a-4089-a3ee-a6a9e72626f8)
10:52:42 info: BridgeServer[0] Player position forwarded: minecraft -> 7dtd (-46.4980827909365, 71, 73.39785432349018)
10:52:42 info: BridgeServer[0] Entity registry: updated, id=d317490e-d1c8-4c5d-b4fc-725645e4df41, count=1
10:52:42 info: BridgeServer[0] [Presentation] entity=d317490e-d1c8-4c5d-b4fc-725645e4df41 state=[presentation, {   "renderer": "humanoid",   "model": "player",   "scale": 1.0,   "variant": "default" }]
10:52:42 info: BridgeServer[0] Entity state forwarded: minecraft -> 7dtd (update, d317490e-d1c8-4c5d-b4fc-725645e4df41)
10:52:43 info: BridgeServer[0] Entity registry: updated, id=c659c35b-0f9a-4089-a3ee-a6a9e72626f8, count=1
10:52:43 info: BridgeServer[0] [Presentation] entity=c659c35b-0f9a-4089-a3ee-a6a9e72626f8 state=[presentation, {   "renderer": "humanoid",   "model": "survivor",   "scale": 1.0,   "variant": "default" }]
10:52:43 info: BridgeServer[0] Entity state forwarded: 7dtd -> minecraft (update, c659c35b-0f9a-4089-a3ee-a6a9e72626f8)
10:52:43 info: BridgeServer[0] Player position forwarded: minecraft -> 7dtd (-46.4980827909365, 71, 73.39785432349018)
10:52:43 info: BridgeServer[0] Entity registry: updated, id=d317490e-d1c8-4c5d-b4fc-725645e4df41, count=1
10:52:43 info: BridgeServer[0] [Presentation] entity=d317490e-d1c8-4c5d-b4fc-725645e4df41 state=[presentation, {   "renderer": "humanoid",   "model": "player",   "scale": 1.0,   "variant": "default" }]
10:52:43 info: BridgeServer[0] Entity state forwarded: minecraft -> 7dtd (update, d317490e-d1c8-4c5d-b4fc-725645e4df41)
10:52:43 info: BridgeServer[0] Entity registry: updated, id=c659c35b-0f9a-4089-a3ee-a6a9e72626f8, count=1
10:52:43 info: BridgeServer[0] [Presentation] entity=c659c35b-0f9a-4089-a3ee-a6a9e72626f8 state=[presentation, {   "renderer": "humanoid",   "model": "survivor",   "scale": 1.0,   "variant": "default" }]
10:52:43 info: BridgeServer[0] Entity state forwarded: 7dtd -> minecraft (update, c659c35b-0f9a-4089-a3ee-a6a9e72626f8)
10:52:43 info: BridgeServer[0] Player position forwarded: minecraft -> 7dtd (-46.4980827909365, 71, 73.39785432349018)
10:52:43 info: BridgeServer[0] Entity registry: updated, id=d317490e-d1c8-4c5d-b4fc-725645e4df41, count=1
10:52:43 info: BridgeServer[0] [Presentation] entity=d317490e-d1c8-4c5d-b4fc-725645e4df41 state=[presentation, {   "renderer": "humanoid",   "model": "player",   "scale": 1.0,   "variant": "default" }]
10:52:43 info: BridgeServer[0] Entity state forwarded: minecraft -> 7dtd (update, d317490e-d1c8-4c5d-b4fc-725645e4df41)
10:52:44 info: BridgeServer[0] Entity registry: updated, id=c659c35b-0f9a-4089-a3ee-a6a9e72626f8, count=1
10:52:44 info: BridgeServer[0] [Presentation] entity=c659c35b-0f9a-4089-a3ee-a6a9e72626f8 state=[presentation, {   "renderer": "humanoid",   "model": "survivor",   "scale": 1.0,   "variant": "default" }]
10:52:44 info: BridgeServer[0] Entity state forwarded: 7dtd -> minecraft (update, c659c35b-0f9a-4089-a3ee-a6a9e72626f8)
10:52:44 info: BridgeServer[0] Player position forwarded: minecraft -> 7dtd (-46.4980827909365, 71, 73.39785432349018)
10:52:44 info: BridgeServer[0] Entity registry: updated, id=d317490e-d1c8-4c5d-b4fc-725645e4df41, count=1
10:52:44 info: BridgeServer[0] [Presentation] entity=d317490e-d1c8-4c5d-b4fc-725645e4df41 state=[presentation, {   "renderer": "humanoid",   "model": "player",   "scale": 1.0,   "variant": "default" }]
10:52:44 info: BridgeServer[0] Entity state forwarded: minecraft -> 7dtd (update, d317490e-d1c8-4c5d-b4fc-725645e4df41)
10:52:44 info: BridgeServer[0] Entity registry: updated, id=c659c35b-0f9a-4089-a3ee-a6a9e72626f8, count=1
10:52:44 info: BridgeServer[0] [Presentation] entity=c659c35b-0f9a-4089-a3ee-a6a9e72626f8 state=[presentation, {   "renderer": "humanoid",   "model": "survivor",   "scale": 1.0,   "variant": "default" }]
10:52:44 info: BridgeServer[0] Entity state forwarded: 7dtd -> minecraft (update, c659c35b-0f9a-4089-a3ee-a6a9e72626f8)
10:52:44 info: BridgeServer[0] Player position forwarded: minecraft -> 7dtd (-46.4980827909365, 71, 73.39785432349018)
10:52:44 info: BridgeServer[0] Entity registry: updated, id=d317490e-d1c8-4c5d-b4fc-725645e4df41, count=1
10:52:44 info: BridgeServer[0] [Presentation] entity=d317490e-d1c8-4c5d-b4fc-725645e4df41 state=[presentation, {   "renderer": "humanoid",   "model": "player",   "scale": 1.0,   "variant": "default" }]
10:52:44 info: BridgeServer[0] Entity state forwarded: minecraft -> 7dtd (update, d317490e-d1c8-4c5d-b4fc-725645e4df41)
10:52:45 info: BridgeServer[0] Entity registry: updated, id=c659c35b-0f9a-4089-a3ee-a6a9e72626f8, count=1
10:52:45 info: BridgeServer[0] [Presentation] entity=c659c35b-0f9a-4089-a3ee-a6a9e72626f8 state=[presentation, {   "renderer": "humanoid",   "model": "survivor",   "scale": 1.0,   "variant": "default" }]
10:52:45 info: BridgeServer[0] Entity state forwarded: 7dtd -> minecraft (update, c659c35b-0f9a-4089-a3ee-a6a9e72626f8)
10:52:45 info: BridgeServer[0] Player position forwarded: minecraft -> 7dtd (-46.4980827909365, 71, 73.39785432349018)
10:52:45 info: BridgeServer[0] Entity registry: updated, id=d317490e-d1c8-4c5d-b4fc-725645e4df41, count=1
10:52:45 info: BridgeServer[0] [Presentation] entity=d317490e-d1c8-4c5d-b4fc-725645e4df41 state=[presentation, {   "renderer": "humanoid",   "model": "player",   "scale": 1.0,   "variant": "default" }]
10:52:45 info: BridgeServer[0] Entity state forwarded: minecraft -> 7dtd (update, d317490e-d1c8-4c5d-b4fc-725645e4df41)
10:52:45 info: BridgeServer[0] Entity registry: updated, id=c659c35b-0f9a-4089-a3ee-a6a9e72626f8, count=1
10:52:45 info: BridgeServer[0] [Presentation] entity=c659c35b-0f9a-4089-a3ee-a6a9e72626f8 state=[presentation, {   "renderer": "humanoid",   "model": "survivor",   "scale": 1.0,   "variant": "default" }]
10:52:45 info: BridgeServer[0] Entity state forwarded: 7dtd -> minecraft (update, c659c35b-0f9a-4089-a3ee-a6a9e72626f8)
10:52:45 info: BridgeServer[0] Player position forwarded: minecraft -> 7dtd (-46.4980827909365, 71, 73.39785432349018)
10:52:45 info: BridgeServer[0] Entity registry: updated, id=d317490e-d1c8-4c5d-b4fc-725645e4df41, count=1
10:52:45 info: BridgeServer[0] [Presentation] entity=d317490e-d1c8-4c5d-b4fc-725645e4df41 state=[presentation, {   "renderer": "humanoid",   "model": "player",   "scale": 1.0,   "variant": "default" }]
10:52:45 info: BridgeServer[0] Entity state forwarded: minecraft -> 7dtd (update, d317490e-d1c8-4c5d-b4fc-725645e4df41)
10:52:46 info: BridgeServer[0] Entity registry: updated, id=c659c35b-0f9a-4089-a3ee-a6a9e72626f8, count=1
10:52:46 info: BridgeServer[0] [Presentation] entity=c659c35b-0f9a-4089-a3ee-a6a9e72626f8 state=[presentation, {   "renderer": "humanoid",   "model": "survivor",   "scale": 1.0,   "variant": "default" }]
10:52:46 info: BridgeServer[0] Entity state forwarded: 7dtd -> minecraft (update, c659c35b-0f9a-4089-a3ee-a6a9e72626f8)
10:52:46 info: BridgeServer[0] Player position forwarded: minecraft -> 7dtd (-46.4980827909365, 71, 73.39785432349018)
10:52:46 info: BridgeServer[0] Entity registry: updated, id=d317490e-d1c8-4c5d-b4fc-725645e4df41, count=1
10:52:46 info: BridgeServer[0] [Presentation] entity=d317490e-d1c8-4c5d-b4fc-725645e4df41 state=[presentation, {   "renderer": "humanoid",   "model": "player",   "scale": 1.0,   "variant": "default" }]
10:52:46 info: BridgeServer[0] Entity state forwarded: minecraft -> 7dtd (update, d317490e-d1c8-4c5d-b4fc-725645e4df41)
10:52:46 info: BridgeServer[0] Entity registry: updated, id=c659c35b-0f9a-4089-a3ee-a6a9e72626f8, count=1
10:52:46 info: BridgeServer[0] [Presentation] entity=c659c35b-0f9a-4089-a3ee-a6a9e72626f8 state=[presentation, {   "renderer": "humanoid",   "model": "survivor",   "scale": 1.0,   "variant": "default" }]
10:52:46 info: BridgeServer[0] Entity state forwarded: 7dtd -> minecraft (update, c659c35b-0f9a-4089-a3ee-a6a9e72626f8)
10:52:47 info: BridgeServer[0] Player position forwarded: minecraft -> 7dtd (-46.4980827909365, 71, 73.39785432349018)
10:52:47 info: BridgeServer[0] Entity registry: updated, id=d317490e-d1c8-4c5d-b4fc-725645e4df41, count=1
10:52:47 info: BridgeServer[0] [Presentation] entity=d317490e-d1c8-4c5d-b4fc-725645e4df41 state=[presentation, {   "renderer": "humanoid",   "model": "player",   "scale": 1.0,   "variant": "default" }]
10:52:47 info: BridgeServer[0] Entity state forwarded: minecraft -> 7dtd (update, d317490e-d1c8-4c5d-b4fc-725645e4df41)
10:52:47 info: BridgeServer[0] Entity registry: updated, id=c659c35b-0f9a-4089-a3ee-a6a9e72626f8, count=1
10:52:47 info: BridgeServer[0] [Presentation] entity=c659c35b-0f9a-4089-a3ee-a6a9e72626f8 state=[presentation, {   "renderer": "humanoid",   "model": "survivor",   "scale": 1.0,   "variant": "default" }]
10:52:47 info: BridgeServer[0] Entity state forwarded: 7dtd -> minecraft (update, c659c35b-0f9a-4089-a3ee-a6a9e72626f8)
10:52:47 info: BridgeServer[0] Player position forwarded: minecraft -> 7dtd (-46.4980827909365, 71, 73.39785432349018)
10:52:47 info: BridgeServer[0] Entity registry: updated, id=d317490e-d1c8-4c5d-b4fc-725645e4df41, count=1
10:52:47 info: BridgeServer[0] [Presentation] entity=d317490e-d1c8-4c5d-b4fc-725645e4df41 state=[presentation, {   "renderer": "humanoid",   "model": "player",   "scale": 1.0,   "variant": "default" }]
10:52:47 info: BridgeServer[0] Entity state forwarded: minecraft -> 7dtd (update, d317490e-d1c8-4c5d-b4fc-725645e4df41)
10:52:47 info: BridgeServer[0] Entity registry: updated, id=c659c35b-0f9a-4089-a3ee-a6a9e72626f8, count=1
10:52:47 info: BridgeServer[0] [Presentation] entity=c659c35b-0f9a-4089-a3ee-a6a9e72626f8 state=[presentation, {   "renderer": "humanoid",   "model": "survivor",   "scale": 1.0,   "variant": "default" }]
10:52:47 info: BridgeServer[0] Entity state forwarded: 7dtd -> minecraft (update, c659c35b-0f9a-4089-a3ee-a6a9e72626f8)
10:52:48 info: BridgeServer[0] Player position forwarded: minecraft -> 7dtd (-46.4980827909365, 71, 73.39785432349018)
10:52:48 info: BridgeServer[0] Entity registry: updated, id=d317490e-d1c8-4c5d-b4fc-725645e4df41, count=1
10:52:48 info: BridgeServer[0] [Presentation] entity=d317490e-d1c8-4c5d-b4fc-725645e4df41 state=[presentation, {   "renderer": "humanoid",   "model": "player",   "scale": 1.0,   "variant": "default" }]
10:52:48 info: BridgeServer[0] Entity state forwarded: minecraft -> 7dtd (update, d317490e-d1c8-4c5d-b4fc-725645e4df41)
10:52:48 info: BridgeServer[0] Entity registry: updated, id=c659c35b-0f9a-4089-a3ee-a6a9e72626f8, count=1
10:52:48 info: BridgeServer[0] [Presentation] entity=c659c35b-0f9a-4089-a3ee-a6a9e72626f8 state=[presentation, {   "renderer": "humanoid",   "model": "survivor",   "scale": 1.0,   "variant": "default" }]
10:52:48 info: BridgeServer[0] Entity state forwarded: 7dtd -> minecraft (update, c659c35b-0f9a-4089-a3ee-a6a9e72626f8)
10:52:48 info: BridgeServer[0] Player position forwarded: minecraft -> 7dtd (-46.4980827909365, 71, 73.39785432349018)
10:52:48 info: BridgeServer[0] Entity registry: updated, id=d317490e-d1c8-4c5d-b4fc-725645e4df41, count=1
10:52:48 info: BridgeServer[0] [Presentation] entity=d317490e-d1c8-4c5d-b4fc-725645e4df41 state=[presentation, {   "renderer": "humanoid",   "model": "player",   "scale": 1.0,   "variant": "default" }]
10:52:48 info: BridgeServer[0] Entity state forwarded: minecraft -> 7dtd (update, d317490e-d1c8-4c5d-b4fc-725645e4df41)
10:52:48 info: BridgeServer[0] Entity registry: updated, id=c659c35b-0f9a-4089-a3ee-a6a9e72626f8, count=1
10:52:48 info: BridgeServer[0] [Presentation] entity=c659c35b-0f9a-4089-a3ee-a6a9e72626f8 state=[presentation, {   "renderer": "humanoid",   "model": "survivor",   "scale": 1.0,   "variant": "default" }]
10:52:48 info: BridgeServer[0] Entity state forwarded: 7dtd -> minecraft (update, c659c35b-0f9a-4089-a3ee-a6a9e72626f8)
10:52:49 info: BridgeServer[0] Player position forwarded: minecraft -> 7dtd (-46.4980827909365, 71, 73.39785432349018)
10:52:49 info: BridgeServer[0] Entity registry: updated, id=d317490e-d1c8-4c5d-b4fc-725645e4df41, count=1
10:52:49 info: BridgeServer[0] [Presentation] entity=d317490e-d1c8-4c5d-b4fc-725645e4df41 state=[presentation, {   "renderer": "humanoid",   "model": "player",   "scale": 1.0,   "variant": "default" }]
10:52:49 info: BridgeServer[0] Entity state forwarded: minecraft -> 7dtd (update, d317490e-d1c8-4c5d-b4fc-725645e4df41)
10:52:49 info: BridgeServer[0] Entity registry: updated, id=c659c35b-0f9a-4089-a3ee-a6a9e72626f8, count=1
10:52:49 info: BridgeServer[0] [Presentation] entity=c659c35b-0f9a-4089-a3ee-a6a9e72626f8 state=[presentation, {   "renderer": "humanoid",   "model": "survivor",   "scale": 1.0,   "variant": "default" }]
10:52:49 info: BridgeServer[0] Entity state forwarded: 7dtd -> minecraft (update, c659c35b-0f9a-4089-a3ee-a6a9e72626f8)
10:52:49 info: BridgeServer[0] Player position forwarded: minecraft -> 7dtd (-46.4980827909365, 71, 73.39785432349018)
10:52:49 info: BridgeServer[0] Entity registry: updated, id=d317490e-d1c8-4c5d-b4fc-725645e4df41, count=1
10:52:49 info: BridgeServer[0] [Presentation] entity=d317490e-d1c8-4c5d-b4fc-725645e4df41 state=[presentation, {   "renderer": "humanoid",   "model": "player",   "scale": 1.0,   "variant": "default" }]
10:52:49 info: BridgeServer[0] Entity state forwarded: minecraft -> 7dtd (update, d317490e-d1c8-4c5d-b4fc-725645e4df41)
10:52:49 info: BridgeServer[0] Entity registry: updated, id=c659c35b-0f9a-4089-a3ee-a6a9e72626f8, count=1
10:52:49 info: BridgeServer[0] [Presentation] entity=c659c35b-0f9a-4089-a3ee-a6a9e72626f8 state=[presentation, {   "renderer": "humanoid",   "model": "survivor",   "scale": 1.0,   "variant": "default" }]
10:52:49 info: BridgeServer[0] Entity state forwarded: 7dtd -> minecraft (update, c659c35b-0f9a-4089-a3ee-a6a9e72626f8)
10:52:50 info: BridgeServer[0] Entity registry: updated, id=c659c35b-0f9a-4089-a3ee-a6a9e72626f8, count=1
10:52:50 info: BridgeServer[0] [Presentation] entity=c659c35b-0f9a-4089-a3ee-a6a9e72626f8 state=[presentation, {   "renderer": "humanoid",   "model": "survivor",   "scale": 1.0,   "variant": "default" }]
10:52:50 info: BridgeServer[0] Entity state forwarded: 7dtd -> minecraft (update, c659c35b-0f9a-4089-a3ee-a6a9e72626f8)
10:52:50 info: BridgeServer[0] Player position forwarded: minecraft -> 7dtd (-46.4980827909365, 71, 73.39785432349018)
10:52:50 info: BridgeServer[0] Entity registry: updated, id=d317490e-d1c8-4c5d-b4fc-725645e4df41, count=1
10:52:50 info: BridgeServer[0] [Presentation] entity=d317490e-d1c8-4c5d-b4fc-725645e4df41 state=[presentation, {   "renderer": "humanoid",   "model": "player",   "scale": 1.0,   "variant": "default" }]
10:52:50 info: BridgeServer[0] Entity state forwarded: minecraft -> 7dtd (update, d317490e-d1c8-4c5d-b4fc-725645e4df41)
10:52:50 info: BridgeServer[0] Entity registry: updated, id=c659c35b-0f9a-4089-a3ee-a6a9e72626f8, count=1
10:52:50 info: BridgeServer[0] [Presentation] entity=c659c35b-0f9a-4089-a3ee-a6a9e72626f8 state=[presentation, {   "renderer": "humanoid",   "model": "survivor",   "scale": 1.0,   "variant": "default" }]
10:52:50 info: BridgeServer[0] Entity state forwarded: 7dtd -> minecraft (update, c659c35b-0f9a-4089-a3ee-a6a9e72626f8)
10:52:50 info: BridgeServer[0] Player position forwarded: minecraft -> 7dtd (-46.4980827909365, 71, 73.39785432349018)
10:52:50 info: BridgeServer[0] Entity registry: updated, id=d317490e-d1c8-4c5d-b4fc-725645e4df41, count=1
10:52:50 info: BridgeServer[0] [Presentation] entity=d317490e-d1c8-4c5d-b4fc-725645e4df41 state=[presentation, {   "renderer": "humanoid",   "model": "player",   "scale": 1.0,   "variant": "default" }]
10:52:50 info: BridgeServer[0] Entity state forwarded: minecraft -> 7dtd (update, d317490e-d1c8-4c5d-b4fc-725645e4df41)
10:52:51 info: BridgeServer[0] Entity registry: updated, id=c659c35b-0f9a-4089-a3ee-a6a9e72626f8, count=1
10:52:51 info: BridgeServer[0] [Presentation] entity=c659c35b-0f9a-4089-a3ee-a6a9e72626f8 state=[presentation, {   "renderer": "humanoid",   "model": "survivor",   "scale": 1.0,   "variant": "default" }]
10:52:51 info: BridgeServer[0] Entity state forwarded: 7dtd -> minecraft (update, c659c35b-0f9a-4089-a3ee-a6a9e72626f8)
10:52:51 info: BridgeServer[0] Player position forwarded: minecraft -> 7dtd (-46.4980827909365, 71, 73.39785432349018)
10:52:51 info: BridgeServer[0] Entity registry: updated, id=d317490e-d1c8-4c5d-b4fc-725645e4df41, count=1
10:52:51 info: BridgeServer[0] [Presentation] entity=d317490e-d1c8-4c5d-b4fc-725645e4df41 state=[presentation, {   "renderer": "humanoid",   "model": "player",   "scale": 1.0,   "variant": "default" }]
10:52:51 info: BridgeServer[0] Entity state forwarded: minecraft -> 7dtd (update, d317490e-d1c8-4c5d-b4fc-725645e4df41)
10:52:51 info: BridgeServer[0] Entity registry: updated, id=c659c35b-0f9a-4089-a3ee-a6a9e72626f8, count=1
10:52:51 info: BridgeServer[0] [Presentation] entity=c659c35b-0f9a-4089-a3ee-a6a9e72626f8 state=[presentation, {   "renderer": "humanoid",   "model": "survivor",   "scale": 1.0,   "variant": "default" }]
10:52:51 info: BridgeServer[0] Entity state forwarded: 7dtd -> minecraft (update, c659c35b-0f9a-4089-a3ee-a6a9e72626f8)
10:52:51 info: BridgeServer[0] Player position forwarded: minecraft -> 7dtd (-46.4980827909365, 71, 73.39785432349018)
10:52:51 info: BridgeServer[0] Entity registry: updated, id=d317490e-d1c8-4c5d-b4fc-725645e4df41, count=1
10:52:51 info: BridgeServer[0] [Presentation] entity=d317490e-d1c8-4c5d-b4fc-725645e4df41 state=[presentation, {   "renderer": "humanoid",   "model": "player",   "scale": 1.0,   "variant": "default" }]
10:52:51 info: BridgeServer[0] Entity state forwarded: minecraft -> 7dtd (update, d317490e-d1c8-4c5d-b4fc-725645e4df41)
10:52:52 info: BridgeServer[0] Entity registry: updated, id=c659c35b-0f9a-4089-a3ee-a6a9e72626f8, count=1
10:52:52 info: BridgeServer[0] [Presentation] entity=c659c35b-0f9a-4089-a3ee-a6a9e72626f8 state=[presentation, {   "renderer": "humanoid",   "model": "survivor",   "scale": 1.0,   "variant": "default" }]
10:52:52 info: BridgeServer[0] Entity state forwarded: 7dtd -> minecraft (update, c659c35b-0f9a-4089-a3ee-a6a9e72626f8)
10:52:52 info: BridgeServer[0] Player position forwarded: minecraft -> 7dtd (-46.4980827909365, 71, 73.39785432349018)
10:52:52 info: BridgeServer[0] Entity registry: updated, id=d317490e-d1c8-4c5d-b4fc-725645e4df41, count=1
10:52:52 info: BridgeServer[0] [Presentation] entity=d317490e-d1c8-4c5d-b4fc-725645e4df41 state=[presentation, {   "renderer": "humanoid",   "model": "player",   "scale": 1.0,   "variant": "default" }]
10:52:52 info: BridgeServer[0] Entity state forwarded: minecraft -> 7dtd (update, d317490e-d1c8-4c5d-b4fc-725645e4df41)
10:52:52 info: BridgeServer[0] Entity registry: updated, id=c659c35b-0f9a-4089-a3ee-a6a9e72626f8, count=1
10:52:52 info: BridgeServer[0] [Presentation] entity=c659c35b-0f9a-4089-a3ee-a6a9e72626f8 state=[presentation, {   "renderer": "humanoid",   "model": "survivor",   "scale": 1.0,   "variant": "default" }]
10:52:52 info: BridgeServer[0] Entity state forwarded: 7dtd -> minecraft (update, c659c35b-0f9a-4089-a3ee-a6a9e72626f8)
10:52:52 info: BridgeServer[0] Player position forwarded: minecraft -> 7dtd (-46.4980827909365, 71, 73.39785432349018)
10:52:52 info: BridgeServer[0] Entity registry: updated, id=d317490e-d1c8-4c5d-b4fc-725645e4df41, count=1
10:52:52 info: BridgeServer[0] [Presentation] entity=d317490e-d1c8-4c5d-b4fc-725645e4df41 state=[presentation, {   "renderer": "humanoid",   "model": "player",   "scale": 1.0,   "variant": "default" }]
10:52:52 info: BridgeServer[0] Entity state forwarded: minecraft -> 7dtd (update, d317490e-d1c8-4c5d-b4fc-725645e4df41)
10:52:53 info: BridgeServer[0] Entity registry: updated, id=c659c35b-0f9a-4089-a3ee-a6a9e72626f8, count=1
10:52:53 info: BridgeServer[0] [Presentation] entity=c659c35b-0f9a-4089-a3ee-a6a9e72626f8 state=[presentation, {   "renderer": "humanoid",   "model": "survivor",   "scale": 1.0,   "variant": "default" }]
10:52:53 info: BridgeServer[0] Entity state forwarded: 7dtd -> minecraft (update, c659c35b-0f9a-4089-a3ee-a6a9e72626f8)
10:52:53 info: BridgeServer[0] Player position forwarded: minecraft -> 7dtd (-46.4980827909365, 71, 73.39785432349018)
10:52:53 info: BridgeServer[0] Entity registry: updated, id=d317490e-d1c8-4c5d-b4fc-725645e4df41, count=1
10:52:53 info: BridgeServer[0] [Presentation] entity=d317490e-d1c8-4c5d-b4fc-725645e4df41 state=[presentation, {   "renderer": "humanoid",   "model": "player",   "scale": 1.0,   "variant": "default" }]
10:52:53 info: BridgeServer[0] Entity state forwarded: minecraft -> 7dtd (update, d317490e-d1c8-4c5d-b4fc-725645e4df41)
10:52:53 info: BridgeServer[0] Entity registry: updated, id=c659c35b-0f9a-4089-a3ee-a6a9e72626f8, count=1
10:52:53 info: BridgeServer[0] [Presentation] entity=c659c35b-0f9a-4089-a3ee-a6a9e72626f8 state=[presentation, {   "renderer": "humanoid",   "model": "survivor",   "scale": 1.0,   "variant": "default" }]
10:52:53 info: BridgeServer[0] Entity state forwarded: 7dtd -> minecraft (update, c659c35b-0f9a-4089-a3ee-a6a9e72626f8)
10:52:53 info: BridgeServer[0] Player position forwarded: minecraft -> 7dtd (-46.4980827909365, 71, 73.39785432349018)
10:52:53 info: BridgeServer[0] Entity registry: updated, id=d317490e-d1c8-4c5d-b4fc-725645e4df41, count=1
10:52:53 info: BridgeServer[0] [Presentation] entity=d317490e-d1c8-4c5d-b4fc-725645e4df41 state=[presentation, {   "renderer": "humanoid",   "model": "player",   "scale": 1.0,   "variant": "default" }]
10:52:53 info: BridgeServer[0] Entity state forwarded: minecraft -> 7dtd (update, d317490e-d1c8-4c5d-b4fc-725645e4df41)
10:52:54 info: BridgeServer[0] Entity registry: updated, id=c659c35b-0f9a-4089-a3ee-a6a9e72626f8, count=1
10:52:54 info: BridgeServer[0] [Presentation] entity=c659c35b-0f9a-4089-a3ee-a6a9e72626f8 state=[presentation, {   "renderer": "humanoid",   "model": "survivor",   "scale": 1.0,   "variant": "default" }]
10:52:54 info: BridgeServer[0] Entity state forwarded: 7dtd -> minecraft (update, c659c35b-0f9a-4089-a3ee-a6a9e72626f8)
10:52:54 info: BridgeServer[0] Player position forwarded: minecraft -> 7dtd (-46.4980827909365, 71, 73.39785432349018)
10:52:54 info: BridgeServer[0] Entity registry: updated, id=d317490e-d1c8-4c5d-b4fc-725645e4df41, count=1
10:52:54 info: BridgeServer[0] [Presentation] entity=d317490e-d1c8-4c5d-b4fc-725645e4df41 state=[presentation, {   "renderer": "humanoid",   "model": "player",   "scale": 1.0,   "variant": "default" }]
10:52:54 info: BridgeServer[0] Entity state forwarded: minecraft -> 7dtd (update, d317490e-d1c8-4c5d-b4fc-725645e4df41)
10:52:54 info: BridgeServer[0] Entity registry: updated, id=c659c35b-0f9a-4089-a3ee-a6a9e72626f8, count=1
10:52:54 info: BridgeServer[0] [Presentation] entity=c659c35b-0f9a-4089-a3ee-a6a9e72626f8 state=[presentation, {   "renderer": "humanoid",   "model": "survivor",   "scale": 1.0,   "variant": "default" }]
10:52:54 info: BridgeServer[0] Entity state forwarded: 7dtd -> minecraft (update, c659c35b-0f9a-4089-a3ee-a6a9e72626f8)
10:52:55 info: BridgeServer[0] Player position forwarded: minecraft -> 7dtd (-46.4980827909365, 71, 73.39785432349018)
10:52:55 info: BridgeServer[0] Entity registry: updated, id=d317490e-d1c8-4c5d-b4fc-725645e4df41, count=1
10:52:55 info: BridgeServer[0] [Presentation] entity=d317490e-d1c8-4c5d-b4fc-725645e4df41 state=[presentation, {   "renderer": "humanoid",   "model": "player",   "scale": 1.0,   "variant": "default" }]
10:52:55 info: BridgeServer[0] Entity state forwarded: minecraft -> 7dtd (update, d317490e-d1c8-4c5d-b4fc-725645e4df41)
10:52:55 info: BridgeServer[0] Entity registry: updated, id=c659c35b-0f9a-4089-a3ee-a6a9e72626f8, count=1
10:52:55 info: BridgeServer[0] [Presentation] entity=c659c35b-0f9a-4089-a3ee-a6a9e72626f8 state=[presentation, {   "renderer": "humanoid",   "model": "survivor",   "scale": 1.0,   "variant": "default" }]
10:52:55 info: BridgeServer[0] Entity state forwarded: 7dtd -> minecraft (update, c659c35b-0f9a-4089-a3ee-a6a9e72626f8)
10:52:55 info: BridgeServer[0] Player position forwarded: minecraft -> 7dtd (-46.4980827909365, 71, 73.39785432349018)
10:52:55 info: BridgeServer[0] Entity registry: updated, id=d317490e-d1c8-4c5d-b4fc-725645e4df41, count=1
10:52:55 info: BridgeServer[0] [Presentation] entity=d317490e-d1c8-4c5d-b4fc-725645e4df41 state=[presentation, {   "renderer": "humanoid",   "model": "player",   "scale": 1.0,   "variant": "default" }]
10:52:55 info: BridgeServer[0] Entity state forwarded: minecraft -> 7dtd (update, d317490e-d1c8-4c5d-b4fc-725645e4df41)
10:52:55 info: BridgeServer[0] Entity registry: updated, id=c659c35b-0f9a-4089-a3ee-a6a9e72626f8, count=1
10:52:55 info: BridgeServer[0] [Presentation] entity=c659c35b-0f9a-4089-a3ee-a6a9e72626f8 state=[presentation, {   "renderer": "humanoid",   "model": "survivor",   "scale": 1.0,   "variant": "default" }]
10:52:55 info: BridgeServer[0] Entity state forwarded: 7dtd -> minecraft (update, c659c35b-0f9a-4089-a3ee-a6a9e72626f8)
10:52:56 info: BridgeServer[0] Player position forwarded: minecraft -> 7dtd (-46.4980827909365, 71, 73.39785432349018)
10:52:56 info: BridgeServer[0] Entity registry: updated, id=d317490e-d1c8-4c5d-b4fc-725645e4df41, count=1
10:52:56 info: BridgeServer[0] [Presentation] entity=d317490e-d1c8-4c5d-b4fc-725645e4df41 state=[presentation, {   "renderer": "humanoid",   "model": "player",   "scale": 1.0,   "variant": "default" }]
10:52:56 info: BridgeServer[0] Entity state forwarded: minecraft -> 7dtd (update, d317490e-d1c8-4c5d-b4fc-725645e4df41)
10:52:56 info: BridgeServer[0] Entity registry: updated, id=c659c35b-0f9a-4089-a3ee-a6a9e72626f8, count=1
10:52:56 info: BridgeServer[0] [Presentation] entity=c659c35b-0f9a-4089-a3ee-a6a9e72626f8 state=[presentation, {   "renderer": "humanoid",   "model": "survivor",   "scale": 1.0,   "variant": "default" }]
10:52:56 info: BridgeServer[0] Entity state forwarded: 7dtd -> minecraft (update, c659c35b-0f9a-4089-a3ee-a6a9e72626f8)
10:52:56 info: BridgeServer[0] Player position forwarded: minecraft -> 7dtd (-46.4980827909365, 71, 73.39785432349018)
10:52:56 info: BridgeServer[0] Entity registry: updated, id=d317490e-d1c8-4c5d-b4fc-725645e4df41, count=1
10:52:56 info: BridgeServer[0] [Presentation] entity=d317490e-d1c8-4c5d-b4fc-725645e4df41 state=[presentation, {   "renderer": "humanoid",   "model": "player",   "scale": 1.0,   "variant": "default" }]
10:52:56 info: BridgeServer[0] Entity state forwarded: minecraft -> 7dtd (update, d317490e-d1c8-4c5d-b4fc-725645e4df41)
10:52:56 info: BridgeServer[0] Entity registry: updated, id=c659c35b-0f9a-4089-a3ee-a6a9e72626f8, count=1
10:52:56 info: BridgeServer[0] [Presentation] entity=c659c35b-0f9a-4089-a3ee-a6a9e72626f8 state=[presentation, {   "renderer": "humanoid",   "model": "survivor",   "scale": 1.0,   "variant": "default" }]
10:52:56 info: BridgeServer[0] Entity state forwarded: 7dtd -> minecraft (update, c659c35b-0f9a-4089-a3ee-a6a9e72626f8)
10:52:57 info: BridgeServer[0] Player position forwarded: minecraft -> 7dtd (-46.4980827909365, 71, 73.39785432349018)
10:52:57 info: BridgeServer[0] Entity registry: updated, id=d317490e-d1c8-4c5d-b4fc-725645e4df41, count=1
10:52:57 info: BridgeServer[0] [Presentation] entity=d317490e-d1c8-4c5d-b4fc-725645e4df41 state=[presentation, {   "renderer": "humanoid",   "model": "player",   "scale": 1.0,   "variant": "default" }]
10:52:57 info: BridgeServer[0] Entity state forwarded: minecraft -> 7dtd (update, d317490e-d1c8-4c5d-b4fc-725645e4df41)
10:52:57 info: BridgeServer[0] Entity registry: updated, id=c659c35b-0f9a-4089-a3ee-a6a9e72626f8, count=1
10:52:57 info: BridgeServer[0] [Presentation] entity=c659c35b-0f9a-4089-a3ee-a6a9e72626f8 state=[presentation, {   "renderer": "humanoid",   "model": "survivor",   "scale": 1.0,   "variant": "default" }]
10:52:57 info: BridgeServer[0] Entity state forwarded: 7dtd -> minecraft (update, c659c35b-0f9a-4089-a3ee-a6a9e72626f8)
10:52:57 info: BridgeServer[0] Player position forwarded: minecraft -> 7dtd (-46.4980827909365, 71, 73.39785432349018)
10:52:57 info: BridgeServer[0] Entity registry: updated, id=d317490e-d1c8-4c5d-b4fc-725645e4df41, count=1
10:52:57 info: BridgeServer[0] [Presentation] entity=d317490e-d1c8-4c5d-b4fc-725645e4df41 state=[presentation, {   "renderer": "humanoid",   "model": "player",   "scale": 1.0,   "variant": "default" }]
10:52:57 info: BridgeServer[0] Entity state forwarded: minecraft -> 7dtd (update, d317490e-d1c8-4c5d-b4fc-725645e4df41)
10:52:57 info: BridgeServer[0] Entity registry: updated, id=c659c35b-0f9a-4089-a3ee-a6a9e72626f8, count=1
10:52:57 info: BridgeServer[0] [Presentation] entity=c659c35b-0f9a-4089-a3ee-a6a9e72626f8 state=[presentation, {   "renderer": "humanoid",   "model": "survivor",   "scale": 1.0,   "variant": "default" }]
10:52:57 info: BridgeServer[0] Entity state forwarded: 7dtd -> minecraft (update, c659c35b-0f9a-4089-a3ee-a6a9e72626f8)
10:52:58 info: BridgeServer[0] Entity registry: updated, id=c659c35b-0f9a-4089-a3ee-a6a9e72626f8, count=1
10:52:58 info: BridgeServer[0] [Presentation] entity=c659c35b-0f9a-4089-a3ee-a6a9e72626f8 state=[presentation, {   "renderer": "humanoid",   "model": "survivor",   "scale": 1.0,   "variant": "default" }]
10:52:58 info: BridgeServer[0] Entity state forwarded: 7dtd -> minecraft (update, c659c35b-0f9a-4089-a3ee-a6a9e72626f8)
10:52:58 info: BridgeServer[0] Player position forwarded: minecraft -> 7dtd (-46.4980827909365, 71, 73.39785432349018)
10:52:58 info: BridgeServer[0] Entity registry: updated, id=d317490e-d1c8-4c5d-b4fc-725645e4df41, count=1
10:52:58 info: BridgeServer[0] [Presentation] entity=d317490e-d1c8-4c5d-b4fc-725645e4df41 state=[presentation, {   "renderer": "humanoid",   "model": "player",   "scale": 1.0,   "variant": "default" }]
10:52:58 info: BridgeServer[0] Entity state forwarded: minecraft -> 7dtd (update, d317490e-d1c8-4c5d-b4fc-725645e4df41)
10:52:58 info: BridgeServer[0] Entity registry: updated, id=c659c35b-0f9a-4089-a3ee-a6a9e72626f8, count=1
10:52:58 info: BridgeServer[0] [Presentation] entity=c659c35b-0f9a-4089-a3ee-a6a9e72626f8 state=[presentation, {   "renderer": "humanoid",   "model": "survivor",   "scale": 1.0,   "variant": "default" }]
10:52:58 info: BridgeServer[0] Entity state forwarded: 7dtd -> minecraft (update, c659c35b-0f9a-4089-a3ee-a6a9e72626f8)
10:52:58 info: BridgeServer[0] Player position forwarded: minecraft -> 7dtd (-46.4980827909365, 71, 73.39785432349018)
10:52:58 info: BridgeServer[0] Entity registry: updated, id=d317490e-d1c8-4c5d-b4fc-725645e4df41, count=1
10:52:58 info: BridgeServer[0] [Presentation] entity=d317490e-d1c8-4c5d-b4fc-725645e4df41 state=[presentation, {   "renderer": "humanoid",   "model": "player",   "scale": 1.0,   "variant": "default" }]
10:52:58 info: BridgeServer[0] Entity state forwarded: minecraft -> 7dtd (update, d317490e-d1c8-4c5d-b4fc-725645e4df41)
10:52:59 info: BridgeServer[0] Entity registry: updated, id=c659c35b-0f9a-4089-a3ee-a6a9e72626f8, count=1
10:52:59 info: BridgeServer[0] [Presentation] entity=c659c35b-0f9a-4089-a3ee-a6a9e72626f8 state=[presentation, {   "renderer": "humanoid",   "model": "survivor",   "scale": 1.0,   "variant": "default" }]
10:52:59 info: BridgeServer[0] Entity state forwarded: 7dtd -> minecraft (update, c659c35b-0f9a-4089-a3ee-a6a9e72626f8)
10:52:59 info: BridgeServer[0] Player position forwarded: minecraft -> 7dtd (-46.4980827909365, 71, 73.39785432349018)
10:52:59 info: BridgeServer[0] Entity registry: updated, id=d317490e-d1c8-4c5d-b4fc-725645e4df41, count=1
10:52:59 info: BridgeServer[0] [Presentation] entity=d317490e-d1c8-4c5d-b4fc-725645e4df41 state=[presentation, {   "renderer": "humanoid",   "model": "player",   "scale": 1.0,   "variant": "default" }]
10:52:59 info: BridgeServer[0] Entity state forwarded: minecraft -> 7dtd (update, d317490e-d1c8-4c5d-b4fc-725645e4df41)
10:52:59 info: BridgeServer[0] Entity registry: updated, id=c659c35b-0f9a-4089-a3ee-a6a9e72626f8, count=1
10:52:59 info: BridgeServer[0] [Presentation] entity=c659c35b-0f9a-4089-a3ee-a6a9e72626f8 state=[presentation, {   "renderer": "humanoid",   "model": "survivor",   "scale": 1.0,   "variant": "default" }]
10:52:59 info: BridgeServer[0] Entity state forwarded: 7dtd -> minecraft (update, c659c35b-0f9a-4089-a3ee-a6a9e72626f8)
10:52:59 info: BridgeServer[0] Player position forwarded: minecraft -> 7dtd (-46.4980827909365, 71, 73.39785432349018)
10:52:59 info: BridgeServer[0] Entity registry: updated, id=d317490e-d1c8-4c5d-b4fc-725645e4df41, count=1
10:52:59 info: BridgeServer[0] [Presentation] entity=d317490e-d1c8-4c5d-b4fc-725645e4df41 state=[presentation, {   "renderer": "humanoid",   "model": "player",   "scale": 1.0,   "variant": "default" }]
10:52:59 info: BridgeServer[0] Entity state forwarded: minecraft -> 7dtd (update, d317490e-d1c8-4c5d-b4fc-725645e4df41)
10:53:00 info: BridgeServer[0] Entity registry: updated, id=c659c35b-0f9a-4089-a3ee-a6a9e72626f8, count=1
10:53:00 info: BridgeServer[0] [Presentation] entity=c659c35b-0f9a-4089-a3ee-a6a9e72626f8 state=[presentation, {   "renderer": "humanoid",   "model": "survivor",   "scale": 1.0,   "variant": "default" }]
10:53:00 info: BridgeServer[0] Entity state forwarded: 7dtd -> minecraft (update, c659c35b-0f9a-4089-a3ee-a6a9e72626f8)
10:53:00 info: BridgeServer[0] Player position forwarded: minecraft -> 7dtd (-46.4980827909365, 71, 73.39785432349018)
10:53:00 info: BridgeServer[0] Entity registry: updated, id=d317490e-d1c8-4c5d-b4fc-725645e4df41, count=1
10:53:00 info: BridgeServer[0] [Presentation] entity=d317490e-d1c8-4c5d-b4fc-725645e4df41 state=[presentation, {   "renderer": "humanoid",   "model": "player",   "scale": 1.0,   "variant": "default" }]
10:53:00 info: BridgeServer[0] Entity state forwarded: minecraft -> 7dtd (update, d317490e-d1c8-4c5d-b4fc-725645e4df41)
10:53:00 info: BridgeServer[0] Entity registry: updated, id=c659c35b-0f9a-4089-a3ee-a6a9e72626f8, count=1
10:53:00 info: BridgeServer[0] [Presentation] entity=c659c35b-0f9a-4089-a3ee-a6a9e72626f8 state=[presentation, {   "renderer": "humanoid",   "model": "survivor",   "scale": 1.0,   "variant": "default" }]
10:53:00 info: BridgeServer[0] Entity state forwarded: 7dtd -> minecraft (update, c659c35b-0f9a-4089-a3ee-a6a9e72626f8)
10:53:00 info: BridgeServer[0] Player position forwarded: minecraft -> 7dtd (-46.4980827909365, 71, 73.39785432349018)
10:53:00 info: BridgeServer[0] Entity registry: updated, id=d317490e-d1c8-4c5d-b4fc-725645e4df41, count=1
10:53:00 info: BridgeServer[0] [Presentation] entity=d317490e-d1c8-4c5d-b4fc-725645e4df41 state=[presentation, {   "renderer": "humanoid",   "model": "player",   "scale": 1.0,   "variant": "default" }]
10:53:00 info: BridgeServer[0] Entity state forwarded: minecraft -> 7dtd (update, d317490e-d1c8-4c5d-b4fc-725645e4df41)
10:53:01 info: BridgeServer[0] Entity registry: updated, id=c659c35b-0f9a-4089-a3ee-a6a9e72626f8, count=1
10:53:01 info: BridgeServer[0] [Presentation] entity=c659c35b-0f9a-4089-a3ee-a6a9e72626f8 state=[presentation, {   "renderer": "humanoid",   "model": "survivor",   "scale": 1.0,   "variant": "default" }]
10:53:01 info: BridgeServer[0] Entity state forwarded: 7dtd -> minecraft (update, c659c35b-0f9a-4089-a3ee-a6a9e72626f8)
10:53:01 info: BridgeServer[0] Components: equipment_applied, id=c659c35b-0f9a-4089-a3ee-a6a9e72626f8, revision=2; 7dtd -> minecraft
10:53:01 info: BridgeServer[0] Entity registry: updated, id=c659c35b-0f9a-4089-a3ee-a6a9e72626f8, count=1
10:53:01 info: BridgeServer[0] [Presentation] entity=c659c35b-0f9a-4089-a3ee-a6a9e72626f8 state=[presentation, {   "renderer": "humanoid",   "model": "survivor",   "scale": 1.0,   "variant": "default" }]
10:53:01 info: BridgeServer[0] Entity state forwarded: 7dtd -> minecraft (update, c659c35b-0f9a-4089-a3ee-a6a9e72626f8)
10:53:02 info: BridgeServer[0] Entity registry: updated, id=c659c35b-0f9a-4089-a3ee-a6a9e72626f8, count=1
10:53:02 info: BridgeServer[0] [Presentation] entity=c659c35b-0f9a-4089-a3ee-a6a9e72626f8 state=[presentation, {   "renderer": "humanoid",   "model": "survivor",   "scale": 1.0,   "variant": "default" }]
10:53:02 info: BridgeServer[0] Entity state forwarded: 7dtd -> minecraft (update, c659c35b-0f9a-4089-a3ee-a6a9e72626f8)
10:53:02 info: BridgeServer[0] Entity registry: updated, id=c659c35b-0f9a-4089-a3ee-a6a9e72626f8, count=1
10:53:02 info: BridgeServer[0] [Presentation] entity=c659c35b-0f9a-4089-a3ee-a6a9e72626f8 state=[presentation, {   "renderer": "humanoid",   "model": "survivor",   "scale": 1.0,   "variant": "default" }]
10:53:02 info: BridgeServer[0] Entity state forwarded: 7dtd -> minecraft (update, c659c35b-0f9a-4089-a3ee-a6a9e72626f8)
10:53:03 info: BridgeServer[0] Entity registry: updated, id=c659c35b-0f9a-4089-a3ee-a6a9e72626f8, count=1
10:53:03 info: BridgeServer[0] [Presentation] entity=c659c35b-0f9a-4089-a3ee-a6a9e72626f8 state=[presentation, {   "renderer": "humanoid",   "model": "survivor",   "scale": 1.0,   "variant": "default" }]
10:53:03 info: BridgeServer[0] Entity state forwarded: 7dtd -> minecraft (update, c659c35b-0f9a-4089-a3ee-a6a9e72626f8)
10:53:03 info: BridgeServer[0] Entity registry: updated, id=c659c35b-0f9a-4089-a3ee-a6a9e72626f8, count=1
10:53:03 info: BridgeServer[0] [Presentation] entity=c659c35b-0f9a-4089-a3ee-a6a9e72626f8 state=[presentation, {   "renderer": "humanoid",   "model": "survivor",   "scale": 1.0,   "variant": "default" }]
10:53:03 info: BridgeServer[0] Entity state forwarded: 7dtd -> minecraft (update, c659c35b-0f9a-4089-a3ee-a6a9e72626f8)
10:53:04 info: BridgeServer[0] Entity registry: updated, id=c659c35b-0f9a-4089-a3ee-a6a9e72626f8, count=1
10:53:04 info: BridgeServer[0] [Presentation] entity=c659c35b-0f9a-4089-a3ee-a6a9e72626f8 state=[presentation, {   "renderer": "humanoid",   "model": "survivor",   "scale": 1.0,   "variant": "default" }]
10:53:04 info: BridgeServer[0] Entity state forwarded: 7dtd -> minecraft (update, c659c35b-0f9a-4089-a3ee-a6a9e72626f8)
10:53:04 info: BridgeServer[0] Entity registry: updated, id=c659c35b-0f9a-4089-a3ee-a6a9e72626f8, count=1
10:53:04 info: BridgeServer[0] [Presentation] entity=c659c35b-0f9a-4089-a3ee-a6a9e72626f8 state=[presentation, {   "renderer": "humanoid",   "model": "survivor",   "scale": 1.0,   "variant": "default" }]
10:53:04 info: BridgeServer[0] Entity state forwarded: 7dtd -> minecraft (update, c659c35b-0f9a-4089-a3ee-a6a9e72626f8)
10:53:05 info: BridgeServer[0] Entity registry: updated, id=c659c35b-0f9a-4089-a3ee-a6a9e72626f8, count=1
10:53:05 info: BridgeServer[0] [Presentation] entity=c659c35b-0f9a-4089-a3ee-a6a9e72626f8 state=[presentation, {   "renderer": "humanoid",   "model": "survivor",   "scale": 1.0,   "variant": "default" }]
10:53:05 info: BridgeServer[0] Entity state forwarded: 7dtd -> minecraft (update, c659c35b-0f9a-4089-a3ee-a6a9e72626f8)
10:53:05 info: BridgeServer[0] Entity registry: updated, id=c659c35b-0f9a-4089-a3ee-a6a9e72626f8, count=1
10:53:05 info: BridgeServer[0] [Presentation] entity=c659c35b-0f9a-4089-a3ee-a6a9e72626f8 state=[presentation, {   "renderer": "humanoid",   "model": "survivor",   "scale": 1.0,   "variant": "default" }]
10:53:05 info: BridgeServer[0] Entity state forwarded: 7dtd -> minecraft (update, c659c35b-0f9a-4089-a3ee-a6a9e72626f8)
10:53:06 info: BridgeServer[0] Entity registry: updated, id=c659c35b-0f9a-4089-a3ee-a6a9e72626f8, count=1
10:53:06 info: BridgeServer[0] [Presentation] entity=c659c35b-0f9a-4089-a3ee-a6a9e72626f8 state=[presentation, {   "renderer": "humanoid",   "model": "survivor",   "scale": 1.0,   "variant": "default" }]
10:53:06 info: BridgeServer[0] Entity state forwarded: 7dtd -> minecraft (update, c659c35b-0f9a-4089-a3ee-a6a9e72626f8)
10:53:06 info: BridgeServer[0] Entity registry: updated, id=c659c35b-0f9a-4089-a3ee-a6a9e72626f8, count=1
10:53:06 info: BridgeServer[0] [Presentation] entity=c659c35b-0f9a-4089-a3ee-a6a9e72626f8 state=[presentation, {   "renderer": "humanoid",   "model": "survivor",   "scale": 1.0,   "variant": "default" }]
10:53:06 info: BridgeServer[0] Entity state forwarded: 7dtd -> minecraft (update, c659c35b-0f9a-4089-a3ee-a6a9e72626f8)
10:53:07 info: BridgeServer[0] Entity registry: updated, id=c659c35b-0f9a-4089-a3ee-a6a9e72626f8, count=1
10:53:07 info: BridgeServer[0] [Presentation] entity=c659c35b-0f9a-4089-a3ee-a6a9e72626f8 state=[presentation, {   "renderer": "humanoid",   "model": "survivor",   "scale": 1.0,   "variant": "default" }]
10:53:07 info: BridgeServer[0] Entity state forwarded: 7dtd -> minecraft (update, c659c35b-0f9a-4089-a3ee-a6a9e72626f8)
10:53:07 info: BridgeServer[0] Entity registry: updated, id=c659c35b-0f9a-4089-a3ee-a6a9e72626f8, count=1
10:53:07 info: BridgeServer[0] [Presentation] entity=c659c35b-0f9a-4089-a3ee-a6a9e72626f8 state=[presentation, {   "renderer": "humanoid",   "model": "survivor",   "scale": 1.0,   "variant": "default" }]
10:53:07 info: BridgeServer[0] Entity state forwarded: 7dtd -> minecraft (update, c659c35b-0f9a-4089-a3ee-a6a9e72626f8)
10:53:08 info: BridgeServer[0] Entity registry: updated, id=c659c35b-0f9a-4089-a3ee-a6a9e72626f8, count=1
10:53:08 info: BridgeServer[0] [Presentation] entity=c659c35b-0f9a-4089-a3ee-a6a9e72626f8 state=[presentation, {   "renderer": "humanoid",   "model": "survivor",   "scale": 1.0,   "variant": "default" }]
10:53:08 info: BridgeServer[0] Entity state forwarded: 7dtd -> minecraft (update, c659c35b-0f9a-4089-a3ee-a6a9e72626f8)
10:53:08 info: Microsoft.AspNetCore.Hosting.Diagnostics[1] Request starting HTTP/1.1 GET http://localhost:18771/debug/entities - - -
10:53:08 info: Microsoft.AspNetCore.Routing.EndpointMiddleware[0] Executing endpoint 'HTTP: GET /debug/entities'
10:53:08 info: Microsoft.AspNetCore.Http.Result.JsonResult[3] Writing value of type '<>f__AnonymousType4`1' as Json.
10:53:08 info: Microsoft.AspNetCore.Routing.EndpointMiddleware[1] Executed endpoint 'HTTP: GET /debug/entities'
10:53:08 info: Microsoft.AspNetCore.Hosting.Diagnostics[2] Request finished HTTP/1.1 GET http://localhost:18771/debug/entities - 200 - application/json;+charset=utf-8 1.1317ms
10:53:08 info: BridgeServer[0] Entity registry: updated, id=c659c35b-0f9a-4089-a3ee-a6a9e72626f8, count=1
10:53:08 info: BridgeServer[0] [Presentation] entity=c659c35b-0f9a-4089-a3ee-a6a9e72626f8 state=[presentation, {   "renderer": "humanoid",   "model": "survivor",   "scale": 1.0,   "variant": "default" }]
10:53:08 info: BridgeServer[0] Entity state forwarded: 7dtd -> minecraft (update, c659c35b-0f9a-4089-a3ee-a6a9e72626f8)
10:53:09 info: BridgeServer[0] Entity registry: updated, id=c659c35b-0f9a-4089-a3ee-a6a9e72626f8, count=1
10:53:09 info: BridgeServer[0] [Presentation] entity=c659c35b-0f9a-4089-a3ee-a6a9e72626f8 state=[presentation, {   "renderer": "humanoid",   "model": "survivor",   "scale": 1.0,   "variant": "default" }]
10:53:09 info: BridgeServer[0] Entity state forwarded: 7dtd -> minecraft (update, c659c35b-0f9a-4089-a3ee-a6a9e72626f8)
10:53:09 info: BridgeServer[0] Entity registry: updated, id=c659c35b-0f9a-4089-a3ee-a6a9e72626f8, count=1
10:53:09 info: BridgeServer[0] [Presentation] entity=c659c35b-0f9a-4089-a3ee-a6a9e72626f8 state=[presentation, {   "renderer": "humanoid",   "model": "survivor",   "scale": 1.0,   "variant": "default" }]
10:53:09 info: BridgeServer[0] Entity state forwarded: 7dtd -> minecraft (update, c659c35b-0f9a-4089-a3ee-a6a9e72626f8)
10:53:10 info: BridgeServer[0] Entity registry: updated, id=c659c35b-0f9a-4089-a3ee-a6a9e72626f8, count=1
10:53:10 info: BridgeServer[0] [Presentation] entity=c659c35b-0f9a-4089-a3ee-a6a9e72626f8 state=[presentation, {   "renderer": "humanoid",   "model": "survivor",   "scale": 1.0,   "variant": "default" }]
10:53:10 info: BridgeServer[0] Entity state forwarded: 7dtd -> minecraft (update, c659c35b-0f9a-4089-a3ee-a6a9e72626f8)
10:53:10 info: BridgeServer[0] Entity registry: updated, id=c659c35b-0f9a-4089-a3ee-a6a9e72626f8, count=1
10:53:10 info: BridgeServer[0] [Presentation] entity=c659c35b-0f9a-4089-a3ee-a6a9e72626f8 state=[presentation, {   "renderer": "humanoid",   "model": "survivor",   "scale": 1.0,   "variant": "default" }]
10:53:10 info: BridgeServer[0] Entity state forwarded: 7dtd -> minecraft (update, c659c35b-0f9a-4089-a3ee-a6a9e72626f8)
10:53:11 info: BridgeServer[0] Entity registry: updated, id=c659c35b-0f9a-4089-a3ee-a6a9e72626f8, count=1
10:53:11 info: BridgeServer[0] [Presentation] entity=c659c35b-0f9a-4089-a3ee-a6a9e72626f8 state=[presentation, {   "renderer": "humanoid",   "model": "survivor",   "scale": 1.0,   "variant": "default" }]
10:53:11 info: BridgeServer[0] Entity state forwarded: 7dtd -> minecraft (update, c659c35b-0f9a-4089-a3ee-a6a9e72626f8)
10:53:11 info: BridgeServer[0] Entity registry: updated, id=c659c35b-0f9a-4089-a3ee-a6a9e72626f8, count=1
10:53:11 info: BridgeServer[0] [Presentation] entity=c659c35b-0f9a-4089-a3ee-a6a9e72626f8 state=[presentation, {   "renderer": "humanoid",   "model": "survivor",   "scale": 1.0,   "variant": "default" }]
10:53:11 info: BridgeServer[0] Entity state forwarded: 7dtd -> minecraft (update, c659c35b-0f9a-4089-a3ee-a6a9e72626f8)
10:53:12 info: BridgeServer[0] Entity registry: updated, id=c659c35b-0f9a-4089-a3ee-a6a9e72626f8, count=1
10:53:12 info: BridgeServer[0] [Presentation] entity=c659c35b-0f9a-4089-a3ee-a6a9e72626f8 state=[presentation, {   "renderer": "humanoid",   "model": "survivor",   "scale": 1.0,   "variant": "default" }]
10:53:12 info: BridgeServer[0] Entity state forwarded: 7dtd -> minecraft (update, c659c35b-0f9a-4089-a3ee-a6a9e72626f8)
10:53:12 info: BridgeServer[0] Entity registry: updated, id=c659c35b-0f9a-4089-a3ee-a6a9e72626f8, count=1
10:53:12 info: BridgeServer[0] [Presentation] entity=c659c35b-0f9a-4089-a3ee-a6a9e72626f8 state=[presentation, {   "renderer": "humanoid",   "model": "survivor",   "scale": 1.0,   "variant": "default" }]
10:53:12 info: BridgeServer[0] Entity state forwarded: 7dtd -> minecraft (update, c659c35b-0f9a-4089-a3ee-a6a9e72626f8)
10:53:13 info: BridgeServer[0] Entity registry: updated, id=c659c35b-0f9a-4089-a3ee-a6a9e72626f8, count=1
10:53:13 info: BridgeServer[0] [Presentation] entity=c659c35b-0f9a-4089-a3ee-a6a9e72626f8 state=[presentation, {   "renderer": "humanoid",   "model": "survivor",   "scale": 1.0,   "variant": "default" }]
10:53:13 info: BridgeServer[0] Entity state forwarded: 7dtd -> minecraft (update, c659c35b-0f9a-4089-a3ee-a6a9e72626f8)
10:53:13 info: BridgeServer[0] Entity registry: updated, id=c659c35b-0f9a-4089-a3ee-a6a9e72626f8, count=1
10:53:13 info: BridgeServer[0] [Presentation] entity=c659c35b-0f9a-4089-a3ee-a6a9e72626f8 state=[presentation, {   "renderer": "humanoid",   "model": "survivor",   "scale": 1.0,   "variant": "default" }]
10:53:13 info: BridgeServer[0] Entity state forwarded: 7dtd -> minecraft (update, c659c35b-0f9a-4089-a3ee-a6a9e72626f8)
10:53:14 info: BridgeServer[0] Entity registry: updated, id=c659c35b-0f9a-4089-a3ee-a6a9e72626f8, count=1
10:53:14 info: BridgeServer[0] [Presentation] entity=c659c35b-0f9a-4089-a3ee-a6a9e72626f8 state=[presentation, {   "renderer": "humanoid",   "model": "survivor",   "scale": 1.0,   "variant": "default" }]
10:53:14 info: BridgeServer[0] Entity state forwarded: 7dtd -> minecraft (update, c659c35b-0f9a-4089-a3ee-a6a9e72626f8)
10:53:14 info: BridgeServer[0] Entity registry: updated, id=c659c35b-0f9a-4089-a3ee-a6a9e72626f8, count=1
10:53:14 info: BridgeServer[0] [Presentation] entity=c659c35b-0f9a-4089-a3ee-a6a9e72626f8 state=[presentation, {   "renderer": "humanoid",   "model": "survivor",   "scale": 1.0,   "variant": "default" }]
10:53:14 info: BridgeServer[0] Entity state forwarded: 7dtd -> minecraft (update, c659c35b-0f9a-4089-a3ee-a6a9e72626f8)
10:53:15 info: BridgeServer[0] Entity registry: updated, id=c659c35b-0f9a-4089-a3ee-a6a9e72626f8, count=1
10:53:15 info: BridgeServer[0] [Presentation] entity=c659c35b-0f9a-4089-a3ee-a6a9e72626f8 state=[presentation, {   "renderer": "humanoid",   "model": "survivor",   "scale": 1.0,   "variant": "default" }]
10:53:15 info: BridgeServer[0] Entity state forwarded: 7dtd -> minecraft (update, c659c35b-0f9a-4089-a3ee-a6a9e72626f8)
10:53:15 info: BridgeServer[0] Entity registry: updated, id=c659c35b-0f9a-4089-a3ee-a6a9e72626f8, count=1
10:53:15 info: BridgeServer[0] [Presentation] entity=c659c35b-0f9a-4089-a3ee-a6a9e72626f8 state=[presentation, {   "renderer": "humanoid",   "model": "survivor",   "scale": 1.0,   "variant": "default" }]
10:53:15 info: BridgeServer[0] Entity state forwarded: 7dtd -> minecraft (update, c659c35b-0f9a-4089-a3ee-a6a9e72626f8)
10:53:16 info: BridgeServer[0] Entity registry: updated, id=c659c35b-0f9a-4089-a3ee-a6a9e72626f8, count=1
10:53:16 info: BridgeServer[0] [Presentation] entity=c659c35b-0f9a-4089-a3ee-a6a9e72626f8 state=[presentation, {   "renderer": "humanoid",   "model": "survivor",   "scale": 1.0,   "variant": "default" }]
10:53:16 info: BridgeServer[0] Entity state forwarded: 7dtd -> minecraft (update, c659c35b-0f9a-4089-a3ee-a6a9e72626f8)
10:53:16 info: BridgeServer[0] Components: equipment_applied, id=c659c35b-0f9a-4089-a3ee-a6a9e72626f8, revision=3; 7dtd -> minecraft
10:53:16 info: BridgeServer[0] Entity registry: updated, id=c659c35b-0f9a-4089-a3ee-a6a9e72626f8, count=1
10:53:16 info: BridgeServer[0] [Presentation] entity=c659c35b-0f9a-4089-a3ee-a6a9e72626f8 state=[presentation, {   "renderer": "humanoid",   "model": "survivor",   "scale": 1.0,   "variant": "default" }]
10:53:16 info: BridgeServer[0] Entity state forwarded: 7dtd -> minecraft (update, c659c35b-0f9a-4089-a3ee-a6a9e72626f8)
10:53:17 info: BridgeServer[0] Entity registry: updated, id=c659c35b-0f9a-4089-a3ee-a6a9e72626f8, count=1
10:53:17 info: BridgeServer[0] [Presentation] entity=c659c35b-0f9a-4089-a3ee-a6a9e72626f8 state=[presentation, {   "renderer": "humanoid",   "model": "survivor",   "scale": 1.0,   "variant": "default" }]
10:53:17 info: BridgeServer[0] Entity state forwarded: 7dtd -> minecraft (update, c659c35b-0f9a-4089-a3ee-a6a9e72626f8)
10:53:17 info: BridgeServer[0] Entity registry: updated, id=c659c35b-0f9a-4089-a3ee-a6a9e72626f8, count=1
10:53:17 info: BridgeServer[0] [Presentation] entity=c659c35b-0f9a-4089-a3ee-a6a9e72626f8 state=[presentation, {   "renderer": "humanoid",   "model": "survivor",   "scale": 1.0,   "variant": "default" }]
10:53:17 info: BridgeServer[0] Entity state forwarded: 7dtd -> minecraft (update, c659c35b-0f9a-4089-a3ee-a6a9e72626f8)
10:53:18 info: BridgeServer[0] Entity registry: updated, id=c659c35b-0f9a-4089-a3ee-a6a9e72626f8, count=1
10:53:18 info: BridgeServer[0] [Presentation] entity=c659c35b-0f9a-4089-a3ee-a6a9e72626f8 state=[presentation, {   "renderer": "humanoid",   "model": "survivor",   "scale": 1.0,   "variant": "default" }]
10:53:18 info: BridgeServer[0] Entity state forwarded: 7dtd -> minecraft (update, c659c35b-0f9a-4089-a3ee-a6a9e72626f8)
10:53:18 info: BridgeServer[0] Entity registry: updated, id=c659c35b-0f9a-4089-a3ee-a6a9e72626f8, count=1
10:53:18 info: BridgeServer[0] [Presentation] entity=c659c35b-0f9a-4089-a3ee-a6a9e72626f8 state=[presentation, {   "renderer": "humanoid",   "model": "survivor",   "scale": 1.0,   "variant": "default" }]
10:53:18 info: BridgeServer[0] Entity state forwarded: 7dtd -> minecraft (update, c659c35b-0f9a-4089-a3ee-a6a9e72626f8)
10:53:19 info: BridgeServer[0] Entity registry: updated, id=c659c35b-0f9a-4089-a3ee-a6a9e72626f8, count=1
10:53:19 info: BridgeServer[0] [Presentation] entity=c659c35b-0f9a-4089-a3ee-a6a9e72626f8 state=[presentation, {   "renderer": "humanoid",   "model": "survivor",   "scale": 1.0,   "variant": "default" }]
10:53:19 info: BridgeServer[0] Entity state forwarded: 7dtd -> minecraft (update, c659c35b-0f9a-4089-a3ee-a6a9e72626f8)
10:53:19 info: BridgeServer[0] Entity registry: updated, id=c659c35b-0f9a-4089-a3ee-a6a9e72626f8, count=1
10:53:19 info: BridgeServer[0] [Presentation] entity=c659c35b-0f9a-4089-a3ee-a6a9e72626f8 state=[presentation, {   "renderer": "humanoid",   "model": "survivor",   "scale": 1.0,   "variant": "default" }]
10:53:19 info: BridgeServer[0] Entity state forwarded: 7dtd -> minecraft (update, c659c35b-0f9a-4089-a3ee-a6a9e72626f8)
10:53:20 info: BridgeServer[0] Entity registry: updated, id=c659c35b-0f9a-4089-a3ee-a6a9e72626f8, count=1
10:53:20 info: BridgeServer[0] [Presentation] entity=c659c35b-0f9a-4089-a3ee-a6a9e72626f8 state=[presentation, {   "renderer": "humanoid",   "model": "survivor",   "scale": 1.0,   "variant": "default" }]
10:53:20 info: BridgeServer[0] Entity state forwarded: 7dtd -> minecraft (update, c659c35b-0f9a-4089-a3ee-a6a9e72626f8)
10:53:20 info: BridgeServer[0] Entity registry: updated, id=c659c35b-0f9a-4089-a3ee-a6a9e72626f8, count=1
10:53:20 info: BridgeServer[0] [Presentation] entity=c659c35b-0f9a-4089-a3ee-a6a9e72626f8 state=[presentation, {   "renderer": "humanoid",   "model": "survivor",   "scale": 1.0,   "variant": "default" }]
10:53:20 info: BridgeServer[0] Entity state forwarded: 7dtd -> minecraft (update, c659c35b-0f9a-4089-a3ee-a6a9e72626f8)
10:53:21 info: BridgeServer[0] Entity registry: updated, id=c659c35b-0f9a-4089-a3ee-a6a9e72626f8, count=1
10:53:21 info: BridgeServer[0] [Presentation] entity=c659c35b-0f9a-4089-a3ee-a6a9e72626f8 state=[presentation, {   "renderer": "humanoid",   "model": "survivor",   "scale": 1.0,   "variant": "default" }]
10:53:21 info: BridgeServer[0] Entity state forwarded: 7dtd -> minecraft (update, c659c35b-0f9a-4089-a3ee-a6a9e72626f8)
10:53:21 info: BridgeServer[0] Entity registry: updated, id=c659c35b-0f9a-4089-a3ee-a6a9e72626f8, count=1
10:53:21 info: BridgeServer[0] [Presentation] entity=c659c35b-0f9a-4089-a3ee-a6a9e72626f8 state=[presentation, {   "renderer": "humanoid",   "model": "survivor",   "scale": 1.0,   "variant": "default" }]
10:53:21 info: BridgeServer[0] Entity state forwarded: 7dtd -> minecraft (update, c659c35b-0f9a-4089-a3ee-a6a9e72626f8)
10:53:22 info: BridgeServer[0] Entity registry: updated, id=c659c35b-0f9a-4089-a3ee-a6a9e72626f8, count=1
10:53:22 info: BridgeServer[0] [Presentation] entity=c659c35b-0f9a-4089-a3ee-a6a9e72626f8 state=[presentation, {   "renderer": "humanoid",   "model": "survivor",   "scale": 1.0,   "variant": "default" }]
10:53:22 info: BridgeServer[0] Entity state forwarded: 7dtd -> minecraft (update, c659c35b-0f9a-4089-a3ee-a6a9e72626f8)
10:53:22 info: BridgeServer[0] Entity registry: updated, id=c659c35b-0f9a-4089-a3ee-a6a9e72626f8, count=1
10:53:22 info: BridgeServer[0] [Presentation] entity=c659c35b-0f9a-4089-a3ee-a6a9e72626f8 state=[presentation, {   "renderer": "humanoid",   "model": "survivor",   "scale": 1.0,   "variant": "default" }]
10:53:22 info: BridgeServer[0] Entity state forwarded: 7dtd -> minecraft (update, c659c35b-0f9a-4089-a3ee-a6a9e72626f8)
10:53:23 info: BridgeServer[0] Entity registry: updated, id=c659c35b-0f9a-4089-a3ee-a6a9e72626f8, count=1
10:53:23 info: BridgeServer[0] [Presentation] entity=c659c35b-0f9a-4089-a3ee-a6a9e72626f8 state=[presentation, {   "renderer": "humanoid",   "model": "survivor",   "scale": 1.0,   "variant": "default" }]
10:53:23 info: BridgeServer[0] Entity state forwarded: 7dtd -> minecraft (update, c659c35b-0f9a-4089-a3ee-a6a9e72626f8)
10:53:23 info: Microsoft.AspNetCore.Hosting.Diagnostics[1] Request starting HTTP/1.1 GET http://localhost:18771/debug/entities - - -
10:53:23 info: Microsoft.AspNetCore.Routing.EndpointMiddleware[0] Executing endpoint 'HTTP: GET /debug/entities'
10:53:23 info: Microsoft.AspNetCore.Http.Result.JsonResult[3] Writing value of type '<>f__AnonymousType4`1' as Json.
10:53:23 info: Microsoft.AspNetCore.Routing.EndpointMiddleware[1] Executed endpoint 'HTTP: GET /debug/entities'
10:53:23 info: Microsoft.AspNetCore.Hosting.Diagnostics[2] Request finished HTTP/1.1 GET http://localhost:18771/debug/entities - 200 - application/json;+charset=utf-8 0.2978ms
10:53:23 info: BridgeServer[0] Entity registry: updated, id=c659c35b-0f9a-4089-a3ee-a6a9e72626f8, count=1
10:53:23 info: BridgeServer[0] [Presentation] entity=c659c35b-0f9a-4089-a3ee-a6a9e72626f8 state=[presentation, {   "renderer": "humanoid",   "model": "survivor",   "scale": 1.0,   "variant": "default" }]
10:53:23 info: BridgeServer[0] Entity state forwarded: 7dtd -> minecraft (update, c659c35b-0f9a-4089-a3ee-a6a9e72626f8)
10:53:24 info: BridgeServer[0] Entity registry: updated, id=c659c35b-0f9a-4089-a3ee-a6a9e72626f8, count=1
10:53:24 info: BridgeServer[0] [Presentation] entity=c659c35b-0f9a-4089-a3ee-a6a9e72626f8 state=[presentation, {   "renderer": "humanoid",   "model": "survivor",   "scale": 1.0,   "variant": "default" }]
10:53:24 info: BridgeServer[0] Entity state forwarded: 7dtd -> minecraft (update, c659c35b-0f9a-4089-a3ee-a6a9e72626f8)
10:53:24 info: BridgeServer[0] Entity registry: updated, id=c659c35b-0f9a-4089-a3ee-a6a9e72626f8, count=1
10:53:24 info: BridgeServer[0] [Presentation] entity=c659c35b-0f9a-4089-a3ee-a6a9e72626f8 state=[presentation, {   "renderer": "humanoid",   "model": "survivor",   "scale": 1.0,   "variant": "default" }]
10:53:24 info: BridgeServer[0] Entity state forwarded: 7dtd -> minecraft (update, c659c35b-0f9a-4089-a3ee-a6a9e72626f8)
10:53:25 info: BridgeServer[0] Entity registry: updated, id=c659c35b-0f9a-4089-a3ee-a6a9e72626f8, count=1
10:53:25 info: BridgeServer[0] [Presentation] entity=c659c35b-0f9a-4089-a3ee-a6a9e72626f8 state=[presentation, {   "renderer": "humanoid",   "model": "survivor",   "scale": 1.0,   "variant": "default" }]
10:53:25 info: BridgeServer[0] Entity state forwarded: 7dtd -> minecraft (update, c659c35b-0f9a-4089-a3ee-a6a9e72626f8)
10:53:25 info: BridgeServer[0] Entity registry: updated, id=c659c35b-0f9a-4089-a3ee-a6a9e72626f8, count=1
10:53:25 info: BridgeServer[0] [Presentation] entity=c659c35b-0f9a-4089-a3ee-a6a9e72626f8 state=[presentation, {   "renderer": "humanoid",   "model": "survivor",   "scale": 1.0,   "variant": "default" }]
10:53:25 info: BridgeServer[0] Entity state forwarded: 7dtd -> minecraft (update, c659c35b-0f9a-4089-a3ee-a6a9e72626f8)
10:53:26 info: BridgeServer[0] Entity registry: updated, id=c659c35b-0f9a-4089-a3ee-a6a9e72626f8, count=1
10:53:26 info: BridgeServer[0] [Presentation] entity=c659c35b-0f9a-4089-a3ee-a6a9e72626f8 state=[presentation, {   "renderer": "humanoid",   "model": "survivor",   "scale": 1.0,   "variant": "default" }]
10:53:26 info: BridgeServer[0] Entity state forwarded: 7dtd -> minecraft (update, c659c35b-0f9a-4089-a3ee-a6a9e72626f8)
10:53:26 info: BridgeServer[0] Entity registry: updated, id=c659c35b-0f9a-4089-a3ee-a6a9e72626f8, count=1
10:53:26 info: BridgeServer[0] [Presentation] entity=c659c35b-0f9a-4089-a3ee-a6a9e72626f8 state=[presentation, {   "renderer": "humanoid",   "model": "survivor",   "scale": 1.0,   "variant": "default" }]
10:53:26 info: BridgeServer[0] Entity state forwarded: 7dtd -> minecraft (update, c659c35b-0f9a-4089-a3ee-a6a9e72626f8)
10:53:27 info: BridgeServer[0] Entity registry: updated, id=c659c35b-0f9a-4089-a3ee-a6a9e72626f8, count=1
10:53:27 info: BridgeServer[0] [Presentation] entity=c659c35b-0f9a-4089-a3ee-a6a9e72626f8 state=[presentation, {   "renderer": "humanoid",   "model": "survivor",   "scale": 1.0,   "variant": "default" }]
10:53:27 info: BridgeServer[0] Entity state forwarded: 7dtd -> minecraft (update, c659c35b-0f9a-4089-a3ee-a6a9e72626f8)
10:53:27 info: BridgeServer[0] Entity registry: updated, id=c659c35b-0f9a-4089-a3ee-a6a9e72626f8, count=1
10:53:27 info: BridgeServer[0] [Presentation] entity=c659c35b-0f9a-4089-a3ee-a6a9e72626f8 state=[presentation, {   "renderer": "humanoid",   "model": "survivor",   "scale": 1.0,   "variant": "default" }]
10:53:27 info: BridgeServer[0] Entity state forwarded: 7dtd -> minecraft (update, c659c35b-0f9a-4089-a3ee-a6a9e72626f8)
10:53:28 info: BridgeServer[0] Entity registry: updated, id=c659c35b-0f9a-4089-a3ee-a6a9e72626f8, count=1
10:53:28 info: BridgeServer[0] [Presentation] entity=c659c35b-0f9a-4089-a3ee-a6a9e72626f8 state=[presentation, {   "renderer": "humanoid",   "model": "survivor",   "scale": 1.0,   "variant": "default" }]
10:53:28 info: BridgeServer[0] Entity state forwarded: 7dtd -> minecraft (update, c659c35b-0f9a-4089-a3ee-a6a9e72626f8)
10:53:28 info: BridgeServer[0] Entity registry: updated, id=c659c35b-0f9a-4089-a3ee-a6a9e72626f8, count=1
10:53:28 info: BridgeServer[0] [Presentation] entity=c659c35b-0f9a-4089-a3ee-a6a9e72626f8 state=[presentation, {   "renderer": "humanoid",   "model": "survivor",   "scale": 1.0,   "variant": "default" }]
10:53:28 info: BridgeServer[0] Entity state forwarded: 7dtd -> minecraft (update, c659c35b-0f9a-4089-a3ee-a6a9e72626f8)
10:53:29 info: BridgeServer[0] Entity registry: updated, id=c659c35b-0f9a-4089-a3ee-a6a9e72626f8, count=1
10:53:29 info: BridgeServer[0] [Presentation] entity=c659c35b-0f9a-4089-a3ee-a6a9e72626f8 state=[presentation, {   "renderer": "humanoid",   "model": "survivor",   "scale": 1.0,   "variant": "default" }]
10:53:29 info: BridgeServer[0] Entity state forwarded: 7dtd -> minecraft (update, c659c35b-0f9a-4089-a3ee-a6a9e72626f8)
10:53:29 info: BridgeServer[0] Entity registry: updated, id=c659c35b-0f9a-4089-a3ee-a6a9e72626f8, count=1
10:53:29 info: BridgeServer[0] [Presentation] entity=c659c35b-0f9a-4089-a3ee-a6a9e72626f8 state=[presentation, {   "renderer": "humanoid",   "model": "survivor",   "scale": 1.0,   "variant": "default" }]
10:53:29 info: BridgeServer[0] Entity state forwarded: 7dtd -> minecraft (update, c659c35b-0f9a-4089-a3ee-a6a9e72626f8)
10:53:30 info: BridgeServer[0] Entity registry: updated, id=c659c35b-0f9a-4089-a3ee-a6a9e72626f8, count=1
10:53:30 info: BridgeServer[0] [Presentation] entity=c659c35b-0f9a-4089-a3ee-a6a9e72626f8 state=[presentation, {   "renderer": "humanoid",   "model": "survivor",   "scale": 1.0,   "variant": "default" }]
10:53:30 info: BridgeServer[0] Entity state forwarded: 7dtd -> minecraft (update, c659c35b-0f9a-4089-a3ee-a6a9e72626f8)
10:53:30 info: BridgeServer[0] Entity registry: updated, id=c659c35b-0f9a-4089-a3ee-a6a9e72626f8, count=1
10:53:30 info: BridgeServer[0] [Presentation] entity=c659c35b-0f9a-4089-a3ee-a6a9e72626f8 state=[presentation, {   "renderer": "humanoid",   "model": "survivor",   "scale": 1.0,   "variant": "default" }]
10:53:30 info: BridgeServer[0] Entity state forwarded: 7dtd -> minecraft (update, c659c35b-0f9a-4089-a3ee-a6a9e72626f8)
10:53:31 info: BridgeServer[0] Entity registry: updated, id=c659c35b-0f9a-4089-a3ee-a6a9e72626f8, count=1
10:53:31 info: BridgeServer[0] [Presentation] entity=c659c35b-0f9a-4089-a3ee-a6a9e72626f8 state=[presentation, {   "renderer": "humanoid",   "model": "survivor",   "scale": 1.0,   "variant": "default" }]
10:53:31 info: BridgeServer[0] Entity state forwarded: 7dtd -> minecraft (update, c659c35b-0f9a-4089-a3ee-a6a9e72626f8)
10:53:31 info: BridgeServer[0] Entity registry: updated, id=c659c35b-0f9a-4089-a3ee-a6a9e72626f8, count=1
10:53:31 info: BridgeServer[0] [Presentation] entity=c659c35b-0f9a-4089-a3ee-a6a9e72626f8 state=[presentation, {   "renderer": "humanoid",   "model": "survivor",   "scale": 1.0,   "variant": "default" }]
10:53:31 info: BridgeServer[0] Entity state forwarded: 7dtd -> minecraft (update, c659c35b-0f9a-4089-a3ee-a6a9e72626f8)
10:53:32 info: BridgeServer[0] Entity registry: updated, id=c659c35b-0f9a-4089-a3ee-a6a9e72626f8, count=1
10:53:32 info: BridgeServer[0] [Presentation] entity=c659c35b-0f9a-4089-a3ee-a6a9e72626f8 state=[presentation, {   "renderer": "humanoid",   "model": "survivor",   "scale": 1.0,   "variant": "default" }]
10:53:32 info: BridgeServer[0] Entity state forwarded: 7dtd -> minecraft (update, c659c35b-0f9a-4089-a3ee-a6a9e72626f8)
10:53:32 info: BridgeServer[0] Entity registry: updated, id=c659c35b-0f9a-4089-a3ee-a6a9e72626f8, count=1
10:53:32 info: BridgeServer[0] [Presentation] entity=c659c35b-0f9a-4089-a3ee-a6a9e72626f8 state=[presentation, {   "renderer": "humanoid",   "model": "survivor",   "scale": 1.0,   "variant": "default" }]
10:53:32 info: BridgeServer[0] Entity state forwarded: 7dtd -> minecraft (update, c659c35b-0f9a-4089-a3ee-a6a9e72626f8)
10:53:33 info: BridgeServer[0] Entity registry: updated, id=c659c35b-0f9a-4089-a3ee-a6a9e72626f8, count=1
10:53:33 info: BridgeServer[0] [Presentation] entity=c659c35b-0f9a-4089-a3ee-a6a9e72626f8 state=[presentation, {   "renderer": "humanoid",   "model": "survivor",   "scale": 1.0,   "variant": "default" }]
10:53:33 info: BridgeServer[0] Entity state forwarded: 7dtd -> minecraft (update, c659c35b-0f9a-4089-a3ee-a6a9e72626f8)
10:53:33 info: BridgeServer[0] Entity registry: updated, id=c659c35b-0f9a-4089-a3ee-a6a9e72626f8, count=1
10:53:33 info: BridgeServer[0] [Presentation] entity=c659c35b-0f9a-4089-a3ee-a6a9e72626f8 state=[presentation, {   "renderer": "humanoid",   "model": "survivor",   "scale": 1.0,   "variant": "default" }]
10:53:33 info: BridgeServer[0] Entity state forwarded: 7dtd -> minecraft (update, c659c35b-0f9a-4089-a3ee-a6a9e72626f8)
10:53:34 info: BridgeServer[0] Entity registry: updated, id=c659c35b-0f9a-4089-a3ee-a6a9e72626f8, count=1
10:53:34 info: BridgeServer[0] [Presentation] entity=c659c35b-0f9a-4089-a3ee-a6a9e72626f8 state=[presentation, {   "renderer": "humanoid",   "model": "survivor",   "scale": 1.0,   "variant": "default" }]
10:53:34 info: BridgeServer[0] Entity state forwarded: 7dtd -> minecraft (update, c659c35b-0f9a-4089-a3ee-a6a9e72626f8)
10:53:34 info: BridgeServer[0] Entity registry: updated, id=c659c35b-0f9a-4089-a3ee-a6a9e72626f8, count=1
10:53:34 info: BridgeServer[0] [Presentation] entity=c659c35b-0f9a-4089-a3ee-a6a9e72626f8 state=[presentation, {   "renderer": "humanoid",   "model": "survivor",   "scale": 1.0,   "variant": "default" }]
10:53:34 info: BridgeServer[0] Entity state forwarded: 7dtd -> minecraft (update, c659c35b-0f9a-4089-a3ee-a6a9e72626f8)
10:53:35 info: BridgeServer[0] Player position forwarded: minecraft -> 7dtd (-46.4980827909365, 71, 73.39785432349018)
10:53:35 info: BridgeServer[0] Entity registry: updated, id=d317490e-d1c8-4c5d-b4fc-725645e4df41, count=1
10:53:35 info: BridgeServer[0] [Presentation] entity=d317490e-d1c8-4c5d-b4fc-725645e4df41 state=[presentation, {   "renderer": "humanoid",   "model": "player",   "scale": 1.0,   "variant": "default" }]
10:53:35 info: BridgeServer[0] Entity state forwarded: minecraft -> 7dtd (update, d317490e-d1c8-4c5d-b4fc-725645e4df41)
10:53:35 info: BridgeServer[0] Entity registry: updated, id=c659c35b-0f9a-4089-a3ee-a6a9e72626f8, count=1
10:53:35 info: BridgeServer[0] [Presentation] entity=c659c35b-0f9a-4089-a3ee-a6a9e72626f8 state=[presentation, {   "renderer": "humanoid",   "model": "survivor",   "scale": 1.0,   "variant": "default" }]
10:53:35 info: BridgeServer[0] Entity state forwarded: 7dtd -> minecraft (update, c659c35b-0f9a-4089-a3ee-a6a9e72626f8)
10:53:35 info: BridgeServer[0] Player position forwarded: minecraft -> 7dtd (-46.4980827909365, 71, 73.39785432349018)
10:53:35 info: BridgeServer[0] Entity registry: updated, id=d317490e-d1c8-4c5d-b4fc-725645e4df41, count=1
10:53:35 info: BridgeServer[0] [Presentation] entity=d317490e-d1c8-4c5d-b4fc-725645e4df41 state=[presentation, {   "renderer": "humanoid",   "model": "player",   "scale": 1.0,   "variant": "default" }]
10:53:35 info: BridgeServer[0] Entity state forwarded: minecraft -> 7dtd (update, d317490e-d1c8-4c5d-b4fc-725645e4df41)
10:53:35 info: BridgeServer[0] Entity registry: updated, id=c659c35b-0f9a-4089-a3ee-a6a9e72626f8, count=1
10:53:35 info: BridgeServer[0] [Presentation] entity=c659c35b-0f9a-4089-a3ee-a6a9e72626f8 state=[presentation, {   "renderer": "humanoid",   "model": "survivor",   "scale": 1.0,   "variant": "default" }]
10:53:35 info: BridgeServer[0] Entity state forwarded: 7dtd -> minecraft (update, c659c35b-0f9a-4089-a3ee-a6a9e72626f8)
10:53:36 info: BridgeServer[0] Player position forwarded: minecraft -> 7dtd (-46.4980827909365, 71, 73.39785432349018)
10:53:36 info: BridgeServer[0] Entity registry: updated, id=d317490e-d1c8-4c5d-b4fc-725645e4df41, count=1
10:53:36 info: BridgeServer[0] [Presentation] entity=d317490e-d1c8-4c5d-b4fc-725645e4df41 state=[presentation, {   "renderer": "humanoid",   "model": "player",   "scale": 1.0,   "variant": "default" }]
10:53:36 info: BridgeServer[0] Entity state forwarded: minecraft -> 7dtd (update, d317490e-d1c8-4c5d-b4fc-725645e4df41)
10:53:36 info: BridgeServer[0] Entity registry: updated, id=c659c35b-0f9a-4089-a3ee-a6a9e72626f8, count=1
10:53:36 info: BridgeServer[0] [Presentation] entity=c659c35b-0f9a-4089-a3ee-a6a9e72626f8 state=[presentation, {   "renderer": "humanoid",   "model": "survivor",   "scale": 1.0,   "variant": "default" }]
10:53:36 info: BridgeServer[0] Entity state forwarded: 7dtd -> minecraft (update, c659c35b-0f9a-4089-a3ee-a6a9e72626f8)
10:53:36 info: BridgeServer[0] Entity registry: updated, id=c659c35b-0f9a-4089-a3ee-a6a9e72626f8, count=1
10:53:36 info: BridgeServer[0] [Presentation] entity=c659c35b-0f9a-4089-a3ee-a6a9e72626f8 state=[presentation, {   "renderer": "humanoid",   "model": "survivor",   "scale": 1.0,   "variant": "default" }]
10:53:36 info: BridgeServer[0] Entity state forwarded: 7dtd -> minecraft (update, c659c35b-0f9a-4089-a3ee-a6a9e72626f8)
10:53:36 info: BridgeServer[0] Player position forwarded: minecraft -> 7dtd (-46.4980827909365, 71, 73.39785432349018)
10:53:36 info: BridgeServer[0] Entity registry: updated, id=d317490e-d1c8-4c5d-b4fc-725645e4df41, count=1
10:53:36 info: BridgeServer[0] [Presentation] entity=d317490e-d1c8-4c5d-b4fc-725645e4df41 state=[presentation, {   "renderer": "humanoid",   "model": "player",   "scale": 1.0,   "variant": "default" }]
10:53:36 info: BridgeServer[0] Entity state forwarded: minecraft -> 7dtd (update, d317490e-d1c8-4c5d-b4fc-725645e4df41)
10:53:37 info: BridgeServer[0] Entity registry: updated, id=c659c35b-0f9a-4089-a3ee-a6a9e72626f8, count=1
10:53:37 info: BridgeServer[0] [Presentation] entity=c659c35b-0f9a-4089-a3ee-a6a9e72626f8 state=[presentation, {   "renderer": "humanoid",   "model": "survivor",   "scale": 1.0,   "variant": "default" }]
10:53:37 info: BridgeServer[0] Entity state forwarded: 7dtd -> minecraft (update, c659c35b-0f9a-4089-a3ee-a6a9e72626f8)
10:53:37 info: BridgeServer[0] Player position forwarded: minecraft -> 7dtd (-46.4980827909365, 71, 73.39785432349018)
10:53:37 info: BridgeServer[0] Entity registry: updated, id=d317490e-d1c8-4c5d-b4fc-725645e4df41, count=1
10:53:37 info: BridgeServer[0] [Presentation] entity=d317490e-d1c8-4c5d-b4fc-725645e4df41 state=[presentation, {   "renderer": "humanoid",   "model": "player",   "scale": 1.0,   "variant": "default" }]
10:53:37 info: BridgeServer[0] Entity state forwarded: minecraft -> 7dtd (update, d317490e-d1c8-4c5d-b4fc-725645e4df41)
10:53:37 info: BridgeServer[0] Entity registry: updated, id=c659c35b-0f9a-4089-a3ee-a6a9e72626f8, count=1
10:53:37 info: BridgeServer[0] [Presentation] entity=c659c35b-0f9a-4089-a3ee-a6a9e72626f8 state=[presentation, {   "renderer": "humanoid",   "model": "survivor",   "scale": 1.0,   "variant": "default" }]
10:53:37 info: BridgeServer[0] Entity state forwarded: 7dtd -> minecraft (update, c659c35b-0f9a-4089-a3ee-a6a9e72626f8)
10:53:38 info: BridgeServer[0] Player position forwarded: minecraft -> 7dtd (-46.4980827909365, 71, 73.39785432349018)
10:53:38 info: BridgeServer[0] Entity registry: updated, id=d317490e-d1c8-4c5d-b4fc-725645e4df41, count=1
10:53:38 info: BridgeServer[0] [Presentation] entity=d317490e-d1c8-4c5d-b4fc-725645e4df41 state=[presentation, {   "renderer": "humanoid",   "model": "player",   "scale": 1.0,   "variant": "default" }]
10:53:38 info: BridgeServer[0] Entity state forwarded: minecraft -> 7dtd (update, d317490e-d1c8-4c5d-b4fc-725645e4df41)
10:53:38 info: BridgeServer[0] Entity registry: updated, id=c659c35b-0f9a-4089-a3ee-a6a9e72626f8, count=1
10:53:38 info: BridgeServer[0] [Presentation] entity=c659c35b-0f9a-4089-a3ee-a6a9e72626f8 state=[presentation, {   "renderer": "humanoid",   "model": "survivor",   "scale": 1.0,   "variant": "default" }]
10:53:38 info: BridgeServer[0] Entity state forwarded: 7dtd -> minecraft (update, c659c35b-0f9a-4089-a3ee-a6a9e72626f8)
10:53:38 info: BridgeServer[0] Player position forwarded: minecraft -> 7dtd (-46.4980827909365, 71, 73.39785432349018)
10:53:38 info: BridgeServer[0] Entity registry: updated, id=d317490e-d1c8-4c5d-b4fc-725645e4df41, count=1
10:53:38 info: BridgeServer[0] [Presentation] entity=d317490e-d1c8-4c5d-b4fc-725645e4df41 state=[presentation, {   "renderer": "humanoid",   "model": "player",   "scale": 1.0,   "variant": "default" }]
10:53:38 info: BridgeServer[0] Entity state forwarded: minecraft -> 7dtd (update, d317490e-d1c8-4c5d-b4fc-725645e4df41)
10:53:38 info: BridgeServer[0] Entity registry: updated, id=c659c35b-0f9a-4089-a3ee-a6a9e72626f8, count=1
10:53:38 info: BridgeServer[0] [Presentation] entity=c659c35b-0f9a-4089-a3ee-a6a9e72626f8 state=[presentation, {   "renderer": "humanoid",   "model": "survivor",   "scale": 1.0,   "variant": "default" }]
10:53:38 info: BridgeServer[0] Entity state forwarded: 7dtd -> minecraft (update, c659c35b-0f9a-4089-a3ee-a6a9e72626f8)
10:53:39 info: BridgeServer[0] Player position forwarded: minecraft -> 7dtd (-46.4980827909365, 71, 73.39785432349018)
10:53:39 info: BridgeServer[0] Entity registry: updated, id=d317490e-d1c8-4c5d-b4fc-725645e4df41, count=1
10:53:39 info: BridgeServer[0] [Presentation] entity=d317490e-d1c8-4c5d-b4fc-725645e4df41 state=[presentation, {   "renderer": "humanoid",   "model": "player",   "scale": 1.0,   "variant": "default" }]
10:53:39 info: BridgeServer[0] Entity state forwarded: minecraft -> 7dtd (update, d317490e-d1c8-4c5d-b4fc-725645e4df41)
10:53:39 info: BridgeServer[0] Entity registry: updated, id=c659c35b-0f9a-4089-a3ee-a6a9e72626f8, count=1
10:53:39 info: BridgeServer[0] [Presentation] entity=c659c35b-0f9a-4089-a3ee-a6a9e72626f8 state=[presentation, {   "renderer": "humanoid",   "model": "survivor",   "scale": 1.0,   "variant": "default" }]
10:53:39 info: BridgeServer[0] Entity state forwarded: 7dtd -> minecraft (update, c659c35b-0f9a-4089-a3ee-a6a9e72626f8)
10:53:39 info: BridgeServer[0] Player position forwarded: minecraft -> 7dtd (-46.4980827909365, 71, 73.39785432349018)
10:53:39 info: BridgeServer[0] Entity registry: updated, id=d317490e-d1c8-4c5d-b4fc-725645e4df41, count=1
10:53:39 info: BridgeServer[0] [Presentation] entity=d317490e-d1c8-4c5d-b4fc-725645e4df41 state=[presentation, {   "renderer": "humanoid",   "model": "player",   "scale": 1.0,   "variant": "default" }]
10:53:39 info: BridgeServer[0] Entity state forwarded: minecraft -> 7dtd (update, d317490e-d1c8-4c5d-b4fc-725645e4df41)
10:53:39 info: BridgeServer[0] Entity registry: updated, id=c659c35b-0f9a-4089-a3ee-a6a9e72626f8, count=1
10:53:39 info: BridgeServer[0] [Presentation] entity=c659c35b-0f9a-4089-a3ee-a6a9e72626f8 state=[presentation, {   "renderer": "humanoid",   "model": "survivor",   "scale": 1.0,   "variant": "default" }]
10:53:39 info: BridgeServer[0] Entity state forwarded: 7dtd -> minecraft (update, c659c35b-0f9a-4089-a3ee-a6a9e72626f8)
10:53:40 info: BridgeServer[0] Player position forwarded: minecraft -> 7dtd (-46.4980827909365, 71, 73.39785432349018)
10:53:40 info: BridgeServer[0] Entity registry: updated, id=d317490e-d1c8-4c5d-b4fc-725645e4df41, count=1
10:53:40 info: BridgeServer[0] [Presentation] entity=d317490e-d1c8-4c5d-b4fc-725645e4df41 state=[presentation, {   "renderer": "humanoid",   "model": "player",   "scale": 1.0,   "variant": "default" }]
10:53:40 info: BridgeServer[0] Entity state forwarded: minecraft -> 7dtd (update, d317490e-d1c8-4c5d-b4fc-725645e4df41)
10:53:40 info: BridgeServer[0] Entity registry: updated, id=c659c35b-0f9a-4089-a3ee-a6a9e72626f8, count=1
10:53:40 info: BridgeServer[0] [Presentation] entity=c659c35b-0f9a-4089-a3ee-a6a9e72626f8 state=[presentation, {   "renderer": "humanoid",   "model": "survivor",   "scale": 1.0,   "variant": "default" }]
10:53:40 info: BridgeServer[0] Entity state forwarded: 7dtd -> minecraft (update, c659c35b-0f9a-4089-a3ee-a6a9e72626f8)
10:53:40 info: BridgeServer[0] Player position forwarded: minecraft -> 7dtd (-46.4980827909365, 71, 73.39785432349018)
10:53:40 info: BridgeServer[0] Entity registry: updated, id=d317490e-d1c8-4c5d-b4fc-725645e4df41, count=1
10:53:40 info: BridgeServer[0] [Presentation] entity=d317490e-d1c8-4c5d-b4fc-725645e4df41 state=[presentation, {   "renderer": "humanoid",   "model": "player",   "scale": 1.0,   "variant": "default" }]
10:53:40 info: BridgeServer[0] Entity state forwarded: minecraft -> 7dtd (update, d317490e-d1c8-4c5d-b4fc-725645e4df41)
10:53:40 info: BridgeServer[0] Entity registry: updated, id=c659c35b-0f9a-4089-a3ee-a6a9e72626f8, count=1
10:53:40 info: BridgeServer[0] [Presentation] entity=c659c35b-0f9a-4089-a3ee-a6a9e72626f8 state=[presentation, {   "renderer": "humanoid",   "model": "survivor",   "scale": 1.0,   "variant": "default" }]
10:53:40 info: BridgeServer[0] Entity state forwarded: 7dtd -> minecraft (update, c659c35b-0f9a-4089-a3ee-a6a9e72626f8)
10:53:41 info: BridgeServer[0] Player position forwarded: minecraft -> 7dtd (-46.4980827909365, 71, 73.39785432349018)
10:53:41 info: BridgeServer[0] Entity registry: updated, id=d317490e-d1c8-4c5d-b4fc-725645e4df41, count=1
10:53:41 info: BridgeServer[0] [Presentation] entity=d317490e-d1c8-4c5d-b4fc-725645e4df41 state=[presentation, {   "renderer": "humanoid",   "model": "player",   "scale": 1.0,   "variant": "default" }]
10:53:41 info: BridgeServer[0] Entity state forwarded: minecraft -> 7dtd (update, d317490e-d1c8-4c5d-b4fc-725645e4df41)
10:53:41 info: BridgeServer[0] Entity registry: updated, id=c659c35b-0f9a-4089-a3ee-a6a9e72626f8, count=1
10:53:41 info: BridgeServer[0] [Presentation] entity=c659c35b-0f9a-4089-a3ee-a6a9e72626f8 state=[presentation, {   "renderer": "humanoid",   "model": "survivor",   "scale": 1.0,   "variant": "default" }]
10:53:41 info: BridgeServer[0] Entity state forwarded: 7dtd -> minecraft (update, c659c35b-0f9a-4089-a3ee-a6a9e72626f8)
10:53:41 info: BridgeServer[0] Player position forwarded: minecraft -> 7dtd (-46.4980827909365, 71, 73.39785432349018)
10:53:41 info: BridgeServer[0] Entity registry: updated, id=d317490e-d1c8-4c5d-b4fc-725645e4df41, count=1
10:53:41 info: BridgeServer[0] [Presentation] entity=d317490e-d1c8-4c5d-b4fc-725645e4df41 state=[presentation, {   "renderer": "humanoid",   "model": "player",   "scale": 1.0,   "variant": "default" }]
10:53:41 info: BridgeServer[0] Entity state forwarded: minecraft -> 7dtd (update, d317490e-d1c8-4c5d-b4fc-725645e4df41)
10:53:41 info: BridgeServer[0] Entity registry: updated, id=c659c35b-0f9a-4089-a3ee-a6a9e72626f8, count=1
10:53:41 info: BridgeServer[0] [Presentation] entity=c659c35b-0f9a-4089-a3ee-a6a9e72626f8 state=[presentation, {   "renderer": "humanoid",   "model": "survivor",   "scale": 1.0,   "variant": "default" }]
10:53:41 info: BridgeServer[0] Entity state forwarded: 7dtd -> minecraft (update, c659c35b-0f9a-4089-a3ee-a6a9e72626f8)
10:53:42 info: BridgeServer[0] Player position forwarded: minecraft -> 7dtd (-46.4980827909365, 71, 73.39785432349018)
10:53:42 info: BridgeServer[0] Entity registry: updated, id=d317490e-d1c8-4c5d-b4fc-725645e4df41, count=1
10:53:42 info: BridgeServer[0] [Presentation] entity=d317490e-d1c8-4c5d-b4fc-725645e4df41 state=[presentation, {   "renderer": "humanoid",   "model": "player",   "scale": 1.0,   "variant": "default" }]
10:53:42 info: BridgeServer[0] Entity state forwarded: minecraft -> 7dtd (update, d317490e-d1c8-4c5d-b4fc-725645e4df41)
10:53:42 info: BridgeServer[0] Entity registry: updated, id=c659c35b-0f9a-4089-a3ee-a6a9e72626f8, count=1
10:53:42 info: BridgeServer[0] [Presentation] entity=c659c35b-0f9a-4089-a3ee-a6a9e72626f8 state=[presentation, {   "renderer": "humanoid",   "model": "survivor",   "scale": 1.0,   "variant": "default" }]
10:53:42 info: BridgeServer[0] Entity state forwarded: 7dtd -> minecraft (update, c659c35b-0f9a-4089-a3ee-a6a9e72626f8)
10:53:42 info: BridgeServer[0] Player position forwarded: minecraft -> 7dtd (-46.4980827909365, 71, 73.39785432349018)
10:53:42 info: BridgeServer[0] Entity registry: updated, id=d317490e-d1c8-4c5d-b4fc-725645e4df41, count=1
10:53:42 info: BridgeServer[0] [Presentation] entity=d317490e-d1c8-4c5d-b4fc-725645e4df41 state=[presentation, {   "renderer": "humanoid",   "model": "player",   "scale": 1.0,   "variant": "default" }]
10:53:42 info: BridgeServer[0] Entity state forwarded: minecraft -> 7dtd (update, d317490e-d1c8-4c5d-b4fc-725645e4df41)
10:53:43 info: BridgeServer[0] Entity registry: updated, id=c659c35b-0f9a-4089-a3ee-a6a9e72626f8, count=1
10:53:43 info: BridgeServer[0] [Presentation] entity=c659c35b-0f9a-4089-a3ee-a6a9e72626f8 state=[presentation, {   "renderer": "humanoid",   "model": "survivor",   "scale": 1.0,   "variant": "default" }]
10:53:43 info: BridgeServer[0] Entity state forwarded: 7dtd -> minecraft (update, c659c35b-0f9a-4089-a3ee-a6a9e72626f8)
10:53:43 info: BridgeServer[0] Player position forwarded: minecraft -> 7dtd (-46.4980827909365, 71, 73.39785432349018)
10:53:43 info: BridgeServer[0] Entity registry: updated, id=d317490e-d1c8-4c5d-b4fc-725645e4df41, count=1
10:53:43 info: BridgeServer[0] [Presentation] entity=d317490e-d1c8-4c5d-b4fc-725645e4df41 state=[presentation, {   "renderer": "humanoid",   "model": "player",   "scale": 1.0,   "variant": "default" }]
10:53:43 info: BridgeServer[0] Entity state forwarded: minecraft -> 7dtd (update, d317490e-d1c8-4c5d-b4fc-725645e4df41)
10:53:43 info: BridgeServer[0] Entity registry: updated, id=c659c35b-0f9a-4089-a3ee-a6a9e72626f8, count=1
10:53:43 info: BridgeServer[0] [Presentation] entity=c659c35b-0f9a-4089-a3ee-a6a9e72626f8 state=[presentation, {   "renderer": "humanoid",   "model": "survivor",   "scale": 1.0,   "variant": "default" }]
10:53:43 info: BridgeServer[0] Entity state forwarded: 7dtd -> minecraft (update, c659c35b-0f9a-4089-a3ee-a6a9e72626f8)
10:53:43 info: BridgeServer[0] Player position forwarded: minecraft -> 7dtd (-46.4980827909365, 71, 73.39785432349018)
10:53:43 info: BridgeServer[0] Entity registry: updated, id=d317490e-d1c8-4c5d-b4fc-725645e4df41, count=1
10:53:43 info: BridgeServer[0] [Presentation] entity=d317490e-d1c8-4c5d-b4fc-725645e4df41 state=[presentation, {   "renderer": "humanoid",   "model": "player",   "scale": 1.0,   "variant": "default" }]
10:53:43 info: BridgeServer[0] Entity state forwarded: minecraft -> 7dtd (update, d317490e-d1c8-4c5d-b4fc-725645e4df41)
10:53:44 info: BridgeServer[0] Entity registry: updated, id=c659c35b-0f9a-4089-a3ee-a6a9e72626f8, count=1
10:53:44 info: BridgeServer[0] [Presentation] entity=c659c35b-0f9a-4089-a3ee-a6a9e72626f8 state=[presentation, {   "renderer": "humanoid",   "model": "survivor",   "scale": 1.0,   "variant": "default" }]
10:53:44 info: BridgeServer[0] Entity state forwarded: 7dtd -> minecraft (update, c659c35b-0f9a-4089-a3ee-a6a9e72626f8)
10:53:44 info: BridgeServer[0] Player position forwarded: minecraft -> 7dtd (-46.4980827909365, 71, 73.39785432349018)
10:53:44 info: BridgeServer[0] Entity registry: updated, id=d317490e-d1c8-4c5d-b4fc-725645e4df41, count=1
10:53:44 info: BridgeServer[0] [Presentation] entity=d317490e-d1c8-4c5d-b4fc-725645e4df41 state=[presentation, {   "renderer": "humanoid",   "model": "player",   "scale": 1.0,   "variant": "default" }]
10:53:44 info: BridgeServer[0] Entity state forwarded: minecraft -> 7dtd (update, d317490e-d1c8-4c5d-b4fc-725645e4df41)
10:53:44 info: BridgeServer[0] Entity registry: updated, id=c659c35b-0f9a-4089-a3ee-a6a9e72626f8, count=1
10:53:44 info: BridgeServer[0] [Presentation] entity=c659c35b-0f9a-4089-a3ee-a6a9e72626f8 state=[presentation, {   "renderer": "humanoid",   "model": "survivor",   "scale": 1.0,   "variant": "default" }]
10:53:44 info: BridgeServer[0] Entity state forwarded: 7dtd -> minecraft (update, c659c35b-0f9a-4089-a3ee-a6a9e72626f8)
10:53:44 info: BridgeServer[0] Player position forwarded: minecraft -> 7dtd (-46.4980827909365, 71, 73.39785432349018)
10:53:44 info: BridgeServer[0] Entity registry: updated, id=d317490e-d1c8-4c5d-b4fc-725645e4df41, count=1
10:53:44 info: BridgeServer[0] [Presentation] entity=d317490e-d1c8-4c5d-b4fc-725645e4df41 state=[presentation, {   "renderer": "humanoid",   "model": "player",   "scale": 1.0,   "variant": "default" }]
10:53:44 info: BridgeServer[0] Entity state forwarded: minecraft -> 7dtd (update, d317490e-d1c8-4c5d-b4fc-725645e4df41)
10:53:45 info: BridgeServer[0] Entity registry: updated, id=c659c35b-0f9a-4089-a3ee-a6a9e72626f8, count=1
10:53:45 info: BridgeServer[0] [Presentation] entity=c659c35b-0f9a-4089-a3ee-a6a9e72626f8 state=[presentation, {   "renderer": "humanoid",   "model": "survivor",   "scale": 1.0,   "variant": "default" }]
10:53:45 info: BridgeServer[0] Entity state forwarded: 7dtd -> minecraft (update, c659c35b-0f9a-4089-a3ee-a6a9e72626f8)
10:53:45 info: BridgeServer[0] Player position forwarded: minecraft -> 7dtd (-46.4980827909365, 71, 73.39785432349018)
10:53:45 info: BridgeServer[0] Entity registry: updated, id=d317490e-d1c8-4c5d-b4fc-725645e4df41, count=1
10:53:45 info: BridgeServer[0] [Presentation] entity=d317490e-d1c8-4c5d-b4fc-725645e4df41 state=[presentation, {   "renderer": "humanoid",   "model": "player",   "scale": 1.0,   "variant": "default" }]
10:53:45 info: BridgeServer[0] Entity state forwarded: minecraft -> 7dtd (update, d317490e-d1c8-4c5d-b4fc-725645e4df41)
10:53:45 info: BridgeServer[0] Entity registry: updated, id=c659c35b-0f9a-4089-a3ee-a6a9e72626f8, count=1
10:53:45 info: BridgeServer[0] [Presentation] entity=c659c35b-0f9a-4089-a3ee-a6a9e72626f8 state=[presentation, {   "renderer": "humanoid",   "model": "survivor",   "scale": 1.0,   "variant": "default" }]
10:53:45 info: BridgeServer[0] Entity state forwarded: 7dtd -> minecraft (update, c659c35b-0f9a-4089-a3ee-a6a9e72626f8)
10:53:45 info: BridgeServer[0] Player position forwarded: minecraft -> 7dtd (-46.4980827909365, 71, 73.39785432349018)
10:53:45 info: BridgeServer[0] Entity registry: updated, id=d317490e-d1c8-4c5d-b4fc-725645e4df41, count=1
10:53:45 info: BridgeServer[0] [Presentation] entity=d317490e-d1c8-4c5d-b4fc-725645e4df41 state=[presentation, {   "renderer": "humanoid",   "model": "player",   "scale": 1.0,   "variant": "default" }]
10:53:45 info: BridgeServer[0] Entity state forwarded: minecraft -> 7dtd (update, d317490e-d1c8-4c5d-b4fc-725645e4df41)
10:53:45 info: BridgeServer[0] Entity registry: updated, id=c659c35b-0f9a-4089-a3ee-a6a9e72626f8, count=1
10:53:45 info: BridgeServer[0] [Presentation] entity=c659c35b-0f9a-4089-a3ee-a6a9e72626f8 state=[presentation, {   "renderer": "humanoid",   "model": "survivor",   "scale": 1.0,   "variant": "default" }]
10:53:45 info: BridgeServer[0] Entity state forwarded: 7dtd -> minecraft (update, c659c35b-0f9a-4089-a3ee-a6a9e72626f8)
10:53:46 info: BridgeServer[0] Player position forwarded: minecraft -> 7dtd (-46.4980827909365, 71, 73.39785432349018)
10:53:46 info: BridgeServer[0] Entity registry: updated, id=d317490e-d1c8-4c5d-b4fc-725645e4df41, count=1
10:53:46 info: BridgeServer[0] [Presentation] entity=d317490e-d1c8-4c5d-b4fc-725645e4df41 state=[presentation, {   "renderer": "humanoid",   "model": "player",   "scale": 1.0,   "variant": "default" }]
10:53:46 info: BridgeServer[0] Entity state forwarded: minecraft -> 7dtd (update, d317490e-d1c8-4c5d-b4fc-725645e4df41)
10:53:46 info: BridgeServer[0] Entity registry: updated, id=c659c35b-0f9a-4089-a3ee-a6a9e72626f8, count=1
10:53:46 info: BridgeServer[0] [Presentation] entity=c659c35b-0f9a-4089-a3ee-a6a9e72626f8 state=[presentation, {   "renderer": "humanoid",   "model": "survivor",   "scale": 1.0,   "variant": "default" }]
10:53:46 info: BridgeServer[0] Entity state forwarded: 7dtd -> minecraft (update, c659c35b-0f9a-4089-a3ee-a6a9e72626f8)
10:53:46 info: BridgeServer[0] Entity registry: updated, id=c659c35b-0f9a-4089-a3ee-a6a9e72626f8, count=1
10:53:46 info: BridgeServer[0] [Presentation] entity=c659c35b-0f9a-4089-a3ee-a6a9e72626f8 state=[presentation, {   "renderer": "humanoid",   "model": "survivor",   "scale": 1.0,   "variant": "default" }]
10:53:46 info: BridgeServer[0] Entity state forwarded: 7dtd -> minecraft (update, c659c35b-0f9a-4089-a3ee-a6a9e72626f8)
10:53:47 info: BridgeServer[0] Player position forwarded: minecraft -> 7dtd (-46.4980827909365, 71, 73.39785432349018)
10:53:47 info: BridgeServer[0] Entity registry: updated, id=d317490e-d1c8-4c5d-b4fc-725645e4df41, count=1
10:53:47 info: BridgeServer[0] [Presentation] entity=d317490e-d1c8-4c5d-b4fc-725645e4df41 state=[presentation, {   "renderer": "humanoid",   "model": "player",   "scale": 1.0,   "variant": "default" }]
10:53:47 info: BridgeServer[0] Entity state forwarded: minecraft -> 7dtd (update, d317490e-d1c8-4c5d-b4fc-725645e4df41)
10:53:47 info: BridgeServer[0] Entity registry: updated, id=c659c35b-0f9a-4089-a3ee-a6a9e72626f8, count=1
10:53:47 info: BridgeServer[0] [Presentation] entity=c659c35b-0f9a-4089-a3ee-a6a9e72626f8 state=[presentation, {   "renderer": "humanoid",   "model": "survivor",   "scale": 1.0,   "variant": "default" }]
10:53:47 info: BridgeServer[0] Entity state forwarded: 7dtd -> minecraft (update, c659c35b-0f9a-4089-a3ee-a6a9e72626f8)
10:53:47 info: BridgeServer[0] Player position forwarded: minecraft -> 7dtd (-46.4980827909365, 71, 73.39785432349018)
10:53:47 info: BridgeServer[0] Entity registry: updated, id=d317490e-d1c8-4c5d-b4fc-725645e4df41, count=1
10:53:47 info: BridgeServer[0] [Presentation] entity=d317490e-d1c8-4c5d-b4fc-725645e4df41 state=[presentation, {   "renderer": "humanoid",   "model": "player",   "scale": 1.0,   "variant": "default" }]
10:53:47 info: BridgeServer[0] Entity state forwarded: minecraft -> 7dtd (update, d317490e-d1c8-4c5d-b4fc-725645e4df41)
10:53:47 info: BridgeServer[0] Entity registry: updated, id=c659c35b-0f9a-4089-a3ee-a6a9e72626f8, count=1
10:53:47 info: BridgeServer[0] [Presentation] entity=c659c35b-0f9a-4089-a3ee-a6a9e72626f8 state=[presentation, {   "renderer": "humanoid",   "model": "survivor",   "scale": 1.0,   "variant": "default" }]
10:53:47 info: BridgeServer[0] Entity state forwarded: 7dtd -> minecraft (update, c659c35b-0f9a-4089-a3ee-a6a9e72626f8)
10:53:48 info: BridgeServer[0] Player position forwarded: minecraft -> 7dtd (-46.4980827909365, 71, 73.39785432349018)
10:53:48 info: BridgeServer[0] Entity registry: updated, id=d317490e-d1c8-4c5d-b4fc-725645e4df41, count=1
10:53:48 info: BridgeServer[0] [Presentation] entity=d317490e-d1c8-4c5d-b4fc-725645e4df41 state=[presentation, {   "renderer": "humanoid",   "model": "player",   "scale": 1.0,   "variant": "default" }]
10:53:48 info: BridgeServer[0] Entity state forwarded: minecraft -> 7dtd (update, d317490e-d1c8-4c5d-b4fc-725645e4df41)
10:53:48 info: BridgeServer[0] Entity registry: updated, id=c659c35b-0f9a-4089-a3ee-a6a9e72626f8, count=1
10:53:48 info: BridgeServer[0] [Presentation] entity=c659c35b-0f9a-4089-a3ee-a6a9e72626f8 state=[presentation, {   "renderer": "humanoid",   "model": "survivor",   "scale": 1.0,   "variant": "default" }]
10:53:48 info: BridgeServer[0] Entity state forwarded: 7dtd -> minecraft (update, c659c35b-0f9a-4089-a3ee-a6a9e72626f8)
10:53:48 info: BridgeServer[0] Player position forwarded: minecraft -> 7dtd (-46.4980827909365, 71, 73.39785432349018)
10:53:48 info: BridgeServer[0] Entity registry: updated, id=d317490e-d1c8-4c5d-b4fc-725645e4df41, count=1
10:53:48 info: BridgeServer[0] [Presentation] entity=d317490e-d1c8-4c5d-b4fc-725645e4df41 state=[presentation, {   "renderer": "humanoid",   "model": "player",   "scale": 1.0,   "variant": "default" }]
10:53:48 info: BridgeServer[0] Entity state forwarded: minecraft -> 7dtd (update, d317490e-d1c8-4c5d-b4fc-725645e4df41)
10:53:48 info: BridgeServer[0] Entity registry: updated, id=c659c35b-0f9a-4089-a3ee-a6a9e72626f8, count=1
10:53:48 info: BridgeServer[0] [Presentation] entity=c659c35b-0f9a-4089-a3ee-a6a9e72626f8 state=[presentation, {   "renderer": "humanoid",   "model": "survivor",   "scale": 1.0,   "variant": "default" }]
10:53:48 info: BridgeServer[0] Entity state forwarded: 7dtd -> minecraft (update, c659c35b-0f9a-4089-a3ee-a6a9e72626f8)
10:53:49 info: BridgeServer[0] Player position forwarded: minecraft -> 7dtd (-46.4980827909365, 71, 73.39785432349018)
10:53:49 info: BridgeServer[0] Entity registry: updated, id=d317490e-d1c8-4c5d-b4fc-725645e4df41, count=1
10:53:49 info: BridgeServer[0] [Presentation] entity=d317490e-d1c8-4c5d-b4fc-725645e4df41 state=[presentation, {   "renderer": "humanoid",   "model": "player",   "scale": 1.0,   "variant": "default" }]
10:53:49 info: BridgeServer[0] Entity state forwarded: minecraft -> 7dtd (update, d317490e-d1c8-4c5d-b4fc-725645e4df41)
10:53:49 info: BridgeServer[0] Entity registry: updated, id=c659c35b-0f9a-4089-a3ee-a6a9e72626f8, count=1
10:53:49 info: BridgeServer[0] [Presentation] entity=c659c35b-0f9a-4089-a3ee-a6a9e72626f8 state=[presentation, {   "renderer": "humanoid",   "model": "survivor",   "scale": 1.0,   "variant": "default" }]
10:53:49 info: BridgeServer[0] Entity state forwarded: 7dtd -> minecraft (update, c659c35b-0f9a-4089-a3ee-a6a9e72626f8)
10:53:49 info: BridgeServer[0] Player position forwarded: minecraft -> 7dtd (-46.4980827909365, 71, 73.39785432349018)
10:53:49 info: BridgeServer[0] Entity registry: updated, id=d317490e-d1c8-4c5d-b4fc-725645e4df41, count=1
10:53:49 info: BridgeServer[0] [Presentation] entity=d317490e-d1c8-4c5d-b4fc-725645e4df41 state=[presentation, {   "renderer": "humanoid",   "model": "player",   "scale": 1.0,   "variant": "default" }]
10:53:49 info: BridgeServer[0] Entity state forwarded: minecraft -> 7dtd (update, d317490e-d1c8-4c5d-b4fc-725645e4df41)
10:53:50 info: BridgeServer[0] Entity registry: updated, id=c659c35b-0f9a-4089-a3ee-a6a9e72626f8, count=1
10:53:50 info: BridgeServer[0] [Presentation] entity=c659c35b-0f9a-4089-a3ee-a6a9e72626f8 state=[presentation, {   "renderer": "humanoid",   "model": "survivor",   "scale": 1.0,   "variant": "default" }]
10:53:50 info: BridgeServer[0] Entity state forwarded: 7dtd -> minecraft (update, c659c35b-0f9a-4089-a3ee-a6a9e72626f8)
10:53:50 info: BridgeServer[0] Player position forwarded: minecraft -> 7dtd (-46.4980827909365, 71, 73.39785432349018)
10:53:50 info: BridgeServer[0] Entity registry: updated, id=d317490e-d1c8-4c5d-b4fc-725645e4df41, count=1
10:53:50 info: BridgeServer[0] [Presentation] entity=d317490e-d1c8-4c5d-b4fc-725645e4df41 state=[presentation, {   "renderer": "humanoid",   "model": "player",   "scale": 1.0,   "variant": "default" }]
10:53:50 info: BridgeServer[0] Entity state forwarded: minecraft -> 7dtd (update, d317490e-d1c8-4c5d-b4fc-725645e4df41)
10:53:50 info: BridgeServer[0] Entity registry: updated, id=c659c35b-0f9a-4089-a3ee-a6a9e72626f8, count=1
10:53:50 info: BridgeServer[0] [Presentation] entity=c659c35b-0f9a-4089-a3ee-a6a9e72626f8 state=[presentation, {   "renderer": "humanoid",   "model": "survivor",   "scale": 1.0,   "variant": "default" }]
10:53:50 info: BridgeServer[0] Entity state forwarded: 7dtd -> minecraft (update, c659c35b-0f9a-4089-a3ee-a6a9e72626f8)
10:53:50 info: BridgeServer[0] Player position forwarded: minecraft -> 7dtd (-46.4980827909365, 71, 73.39785432349018)
10:53:50 info: BridgeServer[0] Entity registry: updated, id=d317490e-d1c8-4c5d-b4fc-725645e4df41, count=1
10:53:50 info: BridgeServer[0] [Presentation] entity=d317490e-d1c8-4c5d-b4fc-725645e4df41 state=[presentation, {   "renderer": "humanoid",   "model": "player",   "scale": 1.0,   "variant": "default" }]
10:53:50 info: BridgeServer[0] Entity state forwarded: minecraft -> 7dtd (update, d317490e-d1c8-4c5d-b4fc-725645e4df41)
10:53:51 info: BridgeServer[0] Entity registry: updated, id=c659c35b-0f9a-4089-a3ee-a6a9e72626f8, count=1
10:53:51 info: BridgeServer[0] [Presentation] entity=c659c35b-0f9a-4089-a3ee-a6a9e72626f8 state=[presentation, {   "renderer": "humanoid",   "model": "survivor",   "scale": 1.0,   "variant": "default" }]
10:53:51 info: BridgeServer[0] Entity state forwarded: 7dtd -> minecraft (update, c659c35b-0f9a-4089-a3ee-a6a9e72626f8)
10:53:51 info: BridgeServer[0] Player position forwarded: minecraft -> 7dtd (-46.4980827909365, 71, 73.39785432349018)
10:53:51 info: BridgeServer[0] Entity registry: updated, id=d317490e-d1c8-4c5d-b4fc-725645e4df41, count=1
10:53:51 info: BridgeServer[0] [Presentation] entity=d317490e-d1c8-4c5d-b4fc-725645e4df41 state=[presentation, {   "renderer": "humanoid",   "model": "player",   "scale": 1.0,   "variant": "default" }]
10:53:51 info: BridgeServer[0] Entity state forwarded: minecraft -> 7dtd (update, d317490e-d1c8-4c5d-b4fc-725645e4df41)
10:53:51 info: BridgeServer[0] Entity registry: updated, id=c659c35b-0f9a-4089-a3ee-a6a9e72626f8, count=1
10:53:51 info: BridgeServer[0] [Presentation] entity=c659c35b-0f9a-4089-a3ee-a6a9e72626f8 state=[presentation, {   "renderer": "humanoid",   "model": "survivor",   "scale": 1.0,   "variant": "default" }]
10:53:51 info: BridgeServer[0] Entity state forwarded: 7dtd -> minecraft (update, c659c35b-0f9a-4089-a3ee-a6a9e72626f8)
10:53:51 info: BridgeServer[0] Player position forwarded: minecraft -> 7dtd (-46.4980827909365, 71, 73.39785432349018)
10:53:51 info: BridgeServer[0] Entity registry: updated, id=d317490e-d1c8-4c5d-b4fc-725645e4df41, count=1
10:53:51 info: BridgeServer[0] [Presentation] entity=d317490e-d1c8-4c5d-b4fc-725645e4df41 state=[presentation, {   "renderer": "humanoid",   "model": "player",   "scale": 1.0,   "variant": "default" }]
10:53:51 info: BridgeServer[0] Entity state forwarded: minecraft -> 7dtd (update, d317490e-d1c8-4c5d-b4fc-725645e4df41)
10:53:52 info: BridgeServer[0] Entity registry: updated, id=c659c35b-0f9a-4089-a3ee-a6a9e72626f8, count=1
10:53:52 info: BridgeServer[0] [Presentation] entity=c659c35b-0f9a-4089-a3ee-a6a9e72626f8 state=[presentation, {   "renderer": "humanoid",   "model": "survivor",   "scale": 1.0,   "variant": "default" }]
10:53:52 info: BridgeServer[0] Entity state forwarded: 7dtd -> minecraft (update, c659c35b-0f9a-4089-a3ee-a6a9e72626f8)
10:53:52 info: BridgeServer[0] Player position forwarded: minecraft -> 7dtd (-46.4980827909365, 71, 73.39785432349018)
10:53:52 info: BridgeServer[0] Entity registry: updated, id=d317490e-d1c8-4c5d-b4fc-725645e4df41, count=1
10:53:52 info: BridgeServer[0] [Presentation] entity=d317490e-d1c8-4c5d-b4fc-725645e4df41 state=[presentation, {   "renderer": "humanoid",   "model": "player",   "scale": 1.0,   "variant": "default" }]
10:53:52 info: BridgeServer[0] Entity state forwarded: minecraft -> 7dtd (update, d317490e-d1c8-4c5d-b4fc-725645e4df41)
10:53:52 info: BridgeServer[0] Entity registry: updated, id=c659c35b-0f9a-4089-a3ee-a6a9e72626f8, count=1
10:53:52 info: BridgeServer[0] [Presentation] entity=c659c35b-0f9a-4089-a3ee-a6a9e72626f8 state=[presentation, {   "renderer": "humanoid",   "model": "survivor",   "scale": 1.0,   "variant": "default" }]
10:53:52 info: BridgeServer[0] Entity state forwarded: 7dtd -> minecraft (update, c659c35b-0f9a-4089-a3ee-a6a9e72626f8)
10:53:52 info: BridgeServer[0] Player position forwarded: minecraft -> 7dtd (-46.4980827909365, 71, 73.39785432349018)
10:53:52 info: BridgeServer[0] Entity registry: updated, id=d317490e-d1c8-4c5d-b4fc-725645e4df41, count=1
10:53:52 info: BridgeServer[0] [Presentation] entity=d317490e-d1c8-4c5d-b4fc-725645e4df41 state=[presentation, {   "renderer": "humanoid",   "model": "player",   "scale": 1.0,   "variant": "default" }]
10:53:52 info: BridgeServer[0] Entity state forwarded: minecraft -> 7dtd (update, d317490e-d1c8-4c5d-b4fc-725645e4df41)
10:53:53 info: BridgeServer[0] Entity registry: updated, id=c659c35b-0f9a-4089-a3ee-a6a9e72626f8, count=1
10:53:53 info: BridgeServer[0] [Presentation] entity=c659c35b-0f9a-4089-a3ee-a6a9e72626f8 state=[presentation, {   "renderer": "humanoid",   "model": "survivor",   "scale": 1.0,   "variant": "default" }]
10:53:53 info: BridgeServer[0] Entity state forwarded: 7dtd -> minecraft (update, c659c35b-0f9a-4089-a3ee-a6a9e72626f8)
10:53:53 info: BridgeServer[0] Player position forwarded: minecraft -> 7dtd (-46.4980827909365, 71, 73.39785432349018)
10:53:53 info: BridgeServer[0] Entity registry: updated, id=d317490e-d1c8-4c5d-b4fc-725645e4df41, count=1
10:53:53 info: BridgeServer[0] [Presentation] entity=d317490e-d1c8-4c5d-b4fc-725645e4df41 state=[presentation, {   "renderer": "humanoid",   "model": "player",   "scale": 1.0,   "variant": "default" }]
10:53:53 info: BridgeServer[0] Entity state forwarded: minecraft -> 7dtd (update, d317490e-d1c8-4c5d-b4fc-725645e4df41)
10:53:53 info: BridgeServer[0] Entity registry: updated, id=c659c35b-0f9a-4089-a3ee-a6a9e72626f8, count=1
10:53:53 info: BridgeServer[0] [Presentation] entity=c659c35b-0f9a-4089-a3ee-a6a9e72626f8 state=[presentation, {   "renderer": "humanoid",   "model": "survivor",   "scale": 1.0,   "variant": "default" }]
10:53:53 info: BridgeServer[0] Entity state forwarded: 7dtd -> minecraft (update, c659c35b-0f9a-4089-a3ee-a6a9e72626f8)
10:53:53 info: BridgeServer[0] Player position forwarded: minecraft -> 7dtd (-46.4980827909365, 71, 73.39785432349018)
10:53:53 info: BridgeServer[0] Entity registry: updated, id=d317490e-d1c8-4c5d-b4fc-725645e4df41, count=1
10:53:53 info: BridgeServer[0] [Presentation] entity=d317490e-d1c8-4c5d-b4fc-725645e4df41 state=[presentation, {   "renderer": "humanoid",   "model": "player",   "scale": 1.0,   "variant": "default" }]
10:53:53 info: BridgeServer[0] Entity state forwarded: minecraft -> 7dtd (update, d317490e-d1c8-4c5d-b4fc-725645e4df41)
10:53:54 info: BridgeServer[0] Entity registry: updated, id=c659c35b-0f9a-4089-a3ee-a6a9e72626f8, count=1
10:53:54 info: BridgeServer[0] [Presentation] entity=c659c35b-0f9a-4089-a3ee-a6a9e72626f8 state=[presentation, {   "renderer": "humanoid",   "model": "survivor",   "scale": 1.0,   "variant": "default" }]
10:53:54 info: BridgeServer[0] Entity state forwarded: 7dtd -> minecraft (update, c659c35b-0f9a-4089-a3ee-a6a9e72626f8)
10:53:54 info: BridgeServer[0] Player position forwarded: minecraft -> 7dtd (-46.4980827909365, 71, 73.39785432349018)
10:53:54 info: BridgeServer[0] Entity registry: updated, id=d317490e-d1c8-4c5d-b4fc-725645e4df41, count=1
10:53:54 info: BridgeServer[0] [Presentation] entity=d317490e-d1c8-4c5d-b4fc-725645e4df41 state=[presentation, {   "renderer": "humanoid",   "model": "player",   "scale": 1.0,   "variant": "default" }]
10:53:54 info: BridgeServer[0] Entity state forwarded: minecraft -> 7dtd (update, d317490e-d1c8-4c5d-b4fc-725645e4df41)
10:53:54 info: BridgeServer[0] Entity registry: updated, id=c659c35b-0f9a-4089-a3ee-a6a9e72626f8, count=1
10:53:54 info: BridgeServer[0] [Presentation] entity=c659c35b-0f9a-4089-a3ee-a6a9e72626f8 state=[presentation, {   "renderer": "humanoid",   "model": "survivor",   "scale": 1.0,   "variant": "default" }]
10:53:54 info: BridgeServer[0] Entity state forwarded: 7dtd -> minecraft (update, c659c35b-0f9a-4089-a3ee-a6a9e72626f8)
10:53:55 info: BridgeServer[0] Entity registry: updated, id=c659c35b-0f9a-4089-a3ee-a6a9e72626f8, count=1
10:53:55 info: BridgeServer[0] [Presentation] entity=c659c35b-0f9a-4089-a3ee-a6a9e72626f8 state=[presentation, {   "renderer": "humanoid",   "model": "survivor",   "scale": 1.0,   "variant": "default" }]
10:53:55 info: BridgeServer[0] Entity state forwarded: 7dtd -> minecraft (update, c659c35b-0f9a-4089-a3ee-a6a9e72626f8)
10:53:55 info: BridgeServer[0] Player position forwarded: minecraft -> 7dtd (-46.4980827909365, 71, 73.39785432349018)
10:53:55 info: BridgeServer[0] Entity registry: updated, id=d317490e-d1c8-4c5d-b4fc-725645e4df41, count=1
10:53:55 info: BridgeServer[0] [Presentation] entity=d317490e-d1c8-4c5d-b4fc-725645e4df41 state=[presentation, {   "renderer": "humanoid",   "model": "player",   "scale": 1.0,   "variant": "default" }]
10:53:55 info: BridgeServer[0] Entity state forwarded: minecraft -> 7dtd (update, d317490e-d1c8-4c5d-b4fc-725645e4df41)
10:53:55 info: BridgeServer[0] Player position forwarded: minecraft -> 7dtd (-46.4980827909365, 71, 73.39785432349018)
10:53:55 info: BridgeServer[0] Entity registry: updated, id=d317490e-d1c8-4c5d-b4fc-725645e4df41, count=1
10:53:55 info: BridgeServer[0] [Presentation] entity=d317490e-d1c8-4c5d-b4fc-725645e4df41 state=[presentation, {   "renderer": "humanoid",   "model": "player",   "scale": 1.0,   "variant": "default" }]
10:53:55 info: BridgeServer[0] Entity state forwarded: minecraft -> 7dtd (update, d317490e-d1c8-4c5d-b4fc-725645e4df41)
10:53:55 info: BridgeServer[0] Entity registry: updated, id=c659c35b-0f9a-4089-a3ee-a6a9e72626f8, count=1
10:53:55 info: BridgeServer[0] [Presentation] entity=c659c35b-0f9a-4089-a3ee-a6a9e72626f8 state=[presentation, {   "renderer": "humanoid",   "model": "survivor",   "scale": 1.0,   "variant": "default" }]
10:53:55 info: BridgeServer[0] Entity state forwarded: 7dtd -> minecraft (update, c659c35b-0f9a-4089-a3ee-a6a9e72626f8)
10:53:56 info: BridgeServer[0] Entity registry: updated, id=c659c35b-0f9a-4089-a3ee-a6a9e72626f8, count=1
10:53:56 info: BridgeServer[0] [Presentation] entity=c659c35b-0f9a-4089-a3ee-a6a9e72626f8 state=[presentation, {   "renderer": "humanoid",   "model": "survivor",   "scale": 1.0,   "variant": "default" }]
10:53:56 info: BridgeServer[0] Entity state forwarded: 7dtd -> minecraft (update, c659c35b-0f9a-4089-a3ee-a6a9e72626f8)
10:53:56 info: BridgeServer[0] Player position forwarded: minecraft -> 7dtd (-46.4980827909365, 71, 73.39785432349018)
10:53:56 info: BridgeServer[0] Entity registry: updated, id=d317490e-d1c8-4c5d-b4fc-725645e4df41, count=1
10:53:56 info: BridgeServer[0] [Presentation] entity=d317490e-d1c8-4c5d-b4fc-725645e4df41 state=[presentation, {   "renderer": "humanoid",   "model": "player",   "scale": 1.0,   "variant": "default" }]
10:53:56 info: BridgeServer[0] Entity state forwarded: minecraft -> 7dtd (update, d317490e-d1c8-4c5d-b4fc-725645e4df41)
10:53:56 info: BridgeServer[0] Entity registry: updated, id=c659c35b-0f9a-4089-a3ee-a6a9e72626f8, count=1
10:53:56 info: BridgeServer[0] [Presentation] entity=c659c35b-0f9a-4089-a3ee-a6a9e72626f8 state=[presentation, {   "renderer": "humanoid",   "model": "survivor",   "scale": 1.0,   "variant": "default" }]
10:53:56 info: BridgeServer[0] Entity state forwarded: 7dtd -> minecraft (update, c659c35b-0f9a-4089-a3ee-a6a9e72626f8)
10:53:56 info: BridgeServer[0] Player position forwarded: minecraft -> 7dtd (-46.4980827909365, 71, 73.39785432349018)
10:53:56 info: BridgeServer[0] Entity registry: updated, id=d317490e-d1c8-4c5d-b4fc-725645e4df41, count=1
10:53:56 info: BridgeServer[0] [Presentation] entity=d317490e-d1c8-4c5d-b4fc-725645e4df41 state=[presentation, {   "renderer": "humanoid",   "model": "player",   "scale": 1.0,   "variant": "default" }]
10:53:56 info: BridgeServer[0] Entity state forwarded: minecraft -> 7dtd (update, d317490e-d1c8-4c5d-b4fc-725645e4df41)
10:53:57 info: BridgeServer[0] Entity registry: updated, id=c659c35b-0f9a-4089-a3ee-a6a9e72626f8, count=1
10:53:57 info: BridgeServer[0] [Presentation] entity=c659c35b-0f9a-4089-a3ee-a6a9e72626f8 state=[presentation, {   "renderer": "humanoid",   "model": "survivor",   "scale": 1.0,   "variant": "default" }]
10:53:57 info: BridgeServer[0] Entity state forwarded: 7dtd -> minecraft (update, c659c35b-0f9a-4089-a3ee-a6a9e72626f8)
10:53:57 info: BridgeServer[0] Player position forwarded: minecraft -> 7dtd (-46.4980827909365, 71, 73.39785432349018)
10:53:57 info: BridgeServer[0] Entity registry: updated, id=d317490e-d1c8-4c5d-b4fc-725645e4df41, count=1
10:53:57 info: BridgeServer[0] [Presentation] entity=d317490e-d1c8-4c5d-b4fc-725645e4df41 state=[presentation, {   "renderer": "humanoid",   "model": "player",   "scale": 1.0,   "variant": "default" }]
10:53:57 info: BridgeServer[0] Entity state forwarded: minecraft -> 7dtd (update, d317490e-d1c8-4c5d-b4fc-725645e4df41)
10:53:57 info: BridgeServer[0] Entity registry: updated, id=c659c35b-0f9a-4089-a3ee-a6a9e72626f8, count=1
10:53:57 info: BridgeServer[0] [Presentation] entity=c659c35b-0f9a-4089-a3ee-a6a9e72626f8 state=[presentation, {   "renderer": "humanoid",   "model": "survivor",   "scale": 1.0,   "variant": "default" }]
10:53:57 info: BridgeServer[0] Entity state forwarded: 7dtd -> minecraft (update, c659c35b-0f9a-4089-a3ee-a6a9e72626f8)
10:53:57 info: BridgeServer[0] Player position forwarded: minecraft -> 7dtd (-46.4980827909365, 71, 73.39785432349018)
10:53:57 info: BridgeServer[0] Entity registry: updated, id=d317490e-d1c8-4c5d-b4fc-725645e4df41, count=1
10:53:57 info: BridgeServer[0] [Presentation] entity=d317490e-d1c8-4c5d-b4fc-725645e4df41 state=[presentation, {   "renderer": "humanoid",   "model": "player",   "scale": 1.0,   "variant": "default" }]
10:53:57 info: BridgeServer[0] Entity state forwarded: minecraft -> 7dtd (update, d317490e-d1c8-4c5d-b4fc-725645e4df41)
10:53:58 info: BridgeServer[0] Entity registry: updated, id=c659c35b-0f9a-4089-a3ee-a6a9e72626f8, count=1
10:53:58 info: BridgeServer[0] [Presentation] entity=c659c35b-0f9a-4089-a3ee-a6a9e72626f8 state=[presentation, {   "renderer": "humanoid",   "model": "survivor",   "scale": 1.0,   "variant": "default" }]
10:53:58 info: BridgeServer[0] Entity state forwarded: 7dtd -> minecraft (update, c659c35b-0f9a-4089-a3ee-a6a9e72626f8)
10:53:58 info: BridgeServer[0] Player position forwarded: minecraft -> 7dtd (-46.4980827909365, 71, 73.39785432349018)
10:53:58 info: BridgeServer[0] Entity registry: updated, id=d317490e-d1c8-4c5d-b4fc-725645e4df41, count=1
10:53:58 info: BridgeServer[0] [Presentation] entity=d317490e-d1c8-4c5d-b4fc-725645e4df41 state=[presentation, {   "renderer": "humanoid",   "model": "player",   "scale": 1.0,   "variant": "default" }]
10:53:58 info: BridgeServer[0] Entity state forwarded: minecraft -> 7dtd (update, d317490e-d1c8-4c5d-b4fc-725645e4df41)
10:53:58 info: BridgeServer[0] Entity registry: updated, id=c659c35b-0f9a-4089-a3ee-a6a9e72626f8, count=1
10:53:58 info: BridgeServer[0] [Presentation] entity=c659c35b-0f9a-4089-a3ee-a6a9e72626f8 state=[presentation, {   "renderer": "humanoid",   "model": "survivor",   "scale": 1.0,   "variant": "default" }]
10:53:58 info: BridgeServer[0] Entity state forwarded: 7dtd -> minecraft (update, c659c35b-0f9a-4089-a3ee-a6a9e72626f8)
10:53:58 info: BridgeServer[0] Player position forwarded: minecraft -> 7dtd (-46.4980827909365, 71, 73.39785432349018)
10:53:58 info: BridgeServer[0] Entity registry: updated, id=d317490e-d1c8-4c5d-b4fc-725645e4df41, count=1
10:53:58 info: BridgeServer[0] [Presentation] entity=d317490e-d1c8-4c5d-b4fc-725645e4df41 state=[presentation, {   "renderer": "humanoid",   "model": "player",   "scale": 1.0,   "variant": "default" }]
10:53:58 info: BridgeServer[0] Entity state forwarded: minecraft -> 7dtd (update, d317490e-d1c8-4c5d-b4fc-725645e4df41)
10:53:59 info: BridgeServer[0] Entity registry: updated, id=c659c35b-0f9a-4089-a3ee-a6a9e72626f8, count=1
10:53:59 info: BridgeServer[0] [Presentation] entity=c659c35b-0f9a-4089-a3ee-a6a9e72626f8 state=[presentation, {   "renderer": "humanoid",   "model": "survivor",   "scale": 1.0,   "variant": "default" }]
10:53:59 info: BridgeServer[0] Entity state forwarded: 7dtd -> minecraft (update, c659c35b-0f9a-4089-a3ee-a6a9e72626f8)
10:53:59 info: BridgeServer[0] Player position forwarded: minecraft -> 7dtd (-46.4980827909365, 71, 73.39785432349018)
10:53:59 info: BridgeServer[0] Entity registry: updated, id=d317490e-d1c8-4c5d-b4fc-725645e4df41, count=1
10:53:59 info: BridgeServer[0] [Presentation] entity=d317490e-d1c8-4c5d-b4fc-725645e4df41 state=[presentation, {   "renderer": "humanoid",   "model": "player",   "scale": 1.0,   "variant": "default" }]
10:53:59 info: BridgeServer[0] Entity state forwarded: minecraft -> 7dtd (update, d317490e-d1c8-4c5d-b4fc-725645e4df41)
10:53:59 info: BridgeServer[0] Entity registry: updated, id=c659c35b-0f9a-4089-a3ee-a6a9e72626f8, count=1
10:53:59 info: BridgeServer[0] [Presentation] entity=c659c35b-0f9a-4089-a3ee-a6a9e72626f8 state=[presentation, {   "renderer": "humanoid",   "model": "survivor",   "scale": 1.0,   "variant": "default" }]
10:53:59 info: BridgeServer[0] Entity state forwarded: 7dtd -> minecraft (update, c659c35b-0f9a-4089-a3ee-a6a9e72626f8)
10:53:59 info: BridgeServer[0] Player position forwarded: minecraft -> 7dtd (-46.4980827909365, 71, 73.39785432349018)
10:53:59 info: BridgeServer[0] Entity registry: updated, id=d317490e-d1c8-4c5d-b4fc-725645e4df41, count=1
10:53:59 info: BridgeServer[0] [Presentation] entity=d317490e-d1c8-4c5d-b4fc-725645e4df41 state=[presentation, {   "renderer": "humanoid",   "model": "player",   "scale": 1.0,   "variant": "default" }]
10:53:59 info: BridgeServer[0] Entity state forwarded: minecraft -> 7dtd (update, d317490e-d1c8-4c5d-b4fc-725645e4df41)
10:54:00 info: BridgeServer[0] Entity registry: updated, id=c659c35b-0f9a-4089-a3ee-a6a9e72626f8, count=1
10:54:00 info: BridgeServer[0] [Presentation] entity=c659c35b-0f9a-4089-a3ee-a6a9e72626f8 state=[presentation, {   "renderer": "humanoid",   "model": "survivor",   "scale": 1.0,   "variant": "default" }]
10:54:00 info: BridgeServer[0] Entity state forwarded: 7dtd -> minecraft (update, c659c35b-0f9a-4089-a3ee-a6a9e72626f8)
10:54:00 info: BridgeServer[0] Player position forwarded: minecraft -> 7dtd (-46.4980827909365, 71, 73.39785432349018)
10:54:00 info: BridgeServer[0] Entity registry: updated, id=d317490e-d1c8-4c5d-b4fc-725645e4df41, count=1
10:54:00 info: BridgeServer[0] [Presentation] entity=d317490e-d1c8-4c5d-b4fc-725645e4df41 state=[presentation, {   "renderer": "humanoid",   "model": "player",   "scale": 1.0,   "variant": "default" }]
10:54:00 info: BridgeServer[0] Entity state forwarded: minecraft -> 7dtd (update, d317490e-d1c8-4c5d-b4fc-725645e4df41)
10:54:00 info: BridgeServer[0] Entity registry: updated, id=c659c35b-0f9a-4089-a3ee-a6a9e72626f8, count=1
10:54:00 info: BridgeServer[0] [Presentation] entity=c659c35b-0f9a-4089-a3ee-a6a9e72626f8 state=[presentation, {   "renderer": "humanoid",   "model": "survivor",   "scale": 1.0,   "variant": "default" }]
10:54:00 info: BridgeServer[0] Entity state forwarded: 7dtd -> minecraft (update, c659c35b-0f9a-4089-a3ee-a6a9e72626f8)
10:54:00 info: BridgeServer[0] Player position forwarded: minecraft -> 7dtd (-46.4980827909365, 71, 73.39785432349018)
10:54:00 info: BridgeServer[0] Entity registry: updated, id=d317490e-d1c8-4c5d-b4fc-725645e4df41, count=1
10:54:00 info: BridgeServer[0] [Presentation] entity=d317490e-d1c8-4c5d-b4fc-725645e4df41 state=[presentation, {   "renderer": "humanoid",   "model": "player",   "scale": 1.0,   "variant": "default" }]
10:54:00 info: BridgeServer[0] Entity state forwarded: minecraft -> 7dtd (update, d317490e-d1c8-4c5d-b4fc-725645e4df41)
10:54:01 info: BridgeServer[0] Entity registry: updated, id=c659c35b-0f9a-4089-a3ee-a6a9e72626f8, count=1
10:54:01 info: BridgeServer[0] [Presentation] entity=c659c35b-0f9a-4089-a3ee-a6a9e72626f8 state=[presentation, {   "renderer": "humanoid",   "model": "survivor",   "scale": 1.0,   "variant": "default" }]
10:54:01 info: BridgeServer[0] Entity state forwarded: 7dtd -> minecraft (update, c659c35b-0f9a-4089-a3ee-a6a9e72626f8)
10:54:01 info: BridgeServer[0] Player position forwarded: minecraft -> 7dtd (-46.4980827909365, 71, 73.39785432349018)
10:54:01 info: BridgeServer[0] Entity registry: updated, id=d317490e-d1c8-4c5d-b4fc-725645e4df41, count=1
10:54:01 info: BridgeServer[0] [Presentation] entity=d317490e-d1c8-4c5d-b4fc-725645e4df41 state=[presentation, {   "renderer": "humanoid",   "model": "player",   "scale": 1.0,   "variant": "default" }]
10:54:01 info: BridgeServer[0] Entity state forwarded: minecraft -> 7dtd (update, d317490e-d1c8-4c5d-b4fc-725645e4df41)
10:54:01 info: BridgeServer[0] Entity registry: updated, id=c659c35b-0f9a-4089-a3ee-a6a9e72626f8, count=1
10:54:01 info: BridgeServer[0] [Presentation] entity=c659c35b-0f9a-4089-a3ee-a6a9e72626f8 state=[presentation, {   "renderer": "humanoid",   "model": "survivor",   "scale": 1.0,   "variant": "default" }]
10:54:01 info: BridgeServer[0] Entity state forwarded: 7dtd -> minecraft (update, c659c35b-0f9a-4089-a3ee-a6a9e72626f8)
10:54:01 info: BridgeServer[0] Player position forwarded: minecraft -> 7dtd (-46.4980827909365, 71, 73.39785432349018)
10:54:01 info: BridgeServer[0] Entity registry: updated, id=d317490e-d1c8-4c5d-b4fc-725645e4df41, count=1
10:54:01 info: BridgeServer[0] [Presentation] entity=d317490e-d1c8-4c5d-b4fc-725645e4df41 state=[presentation, {   "renderer": "humanoid",   "model": "player",   "scale": 1.0,   "variant": "default" }]
10:54:01 info: BridgeServer[0] Entity state forwarded: minecraft -> 7dtd (update, d317490e-d1c8-4c5d-b4fc-725645e4df41)
10:54:02 info: BridgeServer[0] Entity registry: updated, id=c659c35b-0f9a-4089-a3ee-a6a9e72626f8, count=1
10:54:02 info: BridgeServer[0] [Presentation] entity=c659c35b-0f9a-4089-a3ee-a6a9e72626f8 state=[presentation, {   "renderer": "humanoid",   "model": "survivor",   "scale": 1.0,   "variant": "default" }]
10:54:02 info: BridgeServer[0] Entity state forwarded: 7dtd -> minecraft (update, c659c35b-0f9a-4089-a3ee-a6a9e72626f8)
10:54:02 info: BridgeServer[0] Player position forwarded: minecraft -> 7dtd (-46.4980827909365, 71, 73.39785432349018)
10:54:02 info: BridgeServer[0] Entity registry: updated, id=d317490e-d1c8-4c5d-b4fc-725645e4df41, count=1
10:54:02 info: BridgeServer[0] [Presentation] entity=d317490e-d1c8-4c5d-b4fc-725645e4df41 state=[presentation, {   "renderer": "humanoid",   "model": "player",   "scale": 1.0,   "variant": "default" }]
10:54:02 info: BridgeServer[0] Entity state forwarded: minecraft -> 7dtd (update, d317490e-d1c8-4c5d-b4fc-725645e4df41)
10:54:02 info: BridgeServer[0] Entity registry: updated, id=c659c35b-0f9a-4089-a3ee-a6a9e72626f8, count=1
10:54:02 info: BridgeServer[0] [Presentation] entity=c659c35b-0f9a-4089-a3ee-a6a9e72626f8 state=[presentation, {   "renderer": "humanoid",   "model": "survivor",   "scale": 1.0,   "variant": "default" }]
10:54:02 info: BridgeServer[0] Entity state forwarded: 7dtd -> minecraft (update, c659c35b-0f9a-4089-a3ee-a6a9e72626f8)
10:54:02 info: BridgeServer[0] Player position forwarded: minecraft -> 7dtd (-46.4980827909365, 71, 73.39785432349018)
10:54:02 info: BridgeServer[0] Entity registry: updated, id=d317490e-d1c8-4c5d-b4fc-725645e4df41, count=1
10:54:02 info: BridgeServer[0] [Presentation] entity=d317490e-d1c8-4c5d-b4fc-725645e4df41 state=[presentation, {   "renderer": "humanoid",   "model": "player",   "scale": 1.0,   "variant": "default" }]
10:54:02 info: BridgeServer[0] Entity state forwarded: minecraft -> 7dtd (update, d317490e-d1c8-4c5d-b4fc-725645e4df41)
10:54:03 info: BridgeServer[0] Entity registry: updated, id=c659c35b-0f9a-4089-a3ee-a6a9e72626f8, count=1
10:54:03 info: BridgeServer[0] [Presentation] entity=c659c35b-0f9a-4089-a3ee-a6a9e72626f8 state=[presentation, {   "renderer": "humanoid",   "model": "survivor",   "scale": 1.0,   "variant": "default" }]
10:54:03 info: BridgeServer[0] Entity state forwarded: 7dtd -> minecraft (update, c659c35b-0f9a-4089-a3ee-a6a9e72626f8)
10:54:03 info: BridgeServer[0] Player position forwarded: minecraft -> 7dtd (-46.4980827909365, 71, 73.39785432349018)
10:54:03 info: BridgeServer[0] Entity registry: updated, id=d317490e-d1c8-4c5d-b4fc-725645e4df41, count=1
10:54:03 info: BridgeServer[0] [Presentation] entity=d317490e-d1c8-4c5d-b4fc-725645e4df41 state=[presentation, {   "renderer": "humanoid",   "model": "player",   "scale": 1.0,   "variant": "default" }]
10:54:03 info: BridgeServer[0] Entity state forwarded: minecraft -> 7dtd (update, d317490e-d1c8-4c5d-b4fc-725645e4df41)
10:54:03 info: BridgeServer[0] Entity registry: updated, id=c659c35b-0f9a-4089-a3ee-a6a9e72626f8, count=1
10:54:03 info: BridgeServer[0] [Presentation] entity=c659c35b-0f9a-4089-a3ee-a6a9e72626f8 state=[presentation, {   "renderer": "humanoid",   "model": "survivor",   "scale": 1.0,   "variant": "default" }]
10:54:03 info: BridgeServer[0] Entity state forwarded: 7dtd -> minecraft (update, c659c35b-0f9a-4089-a3ee-a6a9e72626f8)
10:54:03 info: BridgeServer[0] Player position forwarded: minecraft -> 7dtd (-46.4980827909365, 71, 73.39785432349018)
10:54:03 info: BridgeServer[0] Entity registry: updated, id=d317490e-d1c8-4c5d-b4fc-725645e4df41, count=1
10:54:03 info: BridgeServer[0] [Presentation] entity=d317490e-d1c8-4c5d-b4fc-725645e4df41 state=[presentation, {   "renderer": "humanoid",   "model": "player",   "scale": 1.0,   "variant": "default" }]
10:54:03 info: BridgeServer[0] Entity state forwarded: minecraft -> 7dtd (update, d317490e-d1c8-4c5d-b4fc-725645e4df41)
10:54:04 info: BridgeServer[0] Entity registry: updated, id=c659c35b-0f9a-4089-a3ee-a6a9e72626f8, count=1
10:54:04 info: BridgeServer[0] [Presentation] entity=c659c35b-0f9a-4089-a3ee-a6a9e72626f8 state=[presentation, {   "renderer": "humanoid",   "model": "survivor",   "scale": 1.0,   "variant": "default" }]
10:54:04 info: BridgeServer[0] Entity state forwarded: 7dtd -> minecraft (update, c659c35b-0f9a-4089-a3ee-a6a9e72626f8)
10:54:04 info: BridgeServer[0] Player position forwarded: minecraft -> 7dtd (-46.4980827909365, 71, 73.39785432349018)
10:54:04 info: BridgeServer[0] Entity registry: updated, id=d317490e-d1c8-4c5d-b4fc-725645e4df41, count=1
10:54:04 info: BridgeServer[0] [Presentation] entity=d317490e-d1c8-4c5d-b4fc-725645e4df41 state=[presentation, {   "renderer": "humanoid",   "model": "player",   "scale": 1.0,   "variant": "default" }]
10:54:04 info: BridgeServer[0] Entity state forwarded: minecraft -> 7dtd (update, d317490e-d1c8-4c5d-b4fc-725645e4df41)
10:54:04 info: BridgeServer[0] Entity registry: updated, id=c659c35b-0f9a-4089-a3ee-a6a9e72626f8, count=1
10:54:04 info: BridgeServer[0] [Presentation] entity=c659c35b-0f9a-4089-a3ee-a6a9e72626f8 state=[presentation, {   "renderer": "humanoid",   "model": "survivor",   "scale": 1.0,   "variant": "default" }]
10:54:04 info: BridgeServer[0] Entity state forwarded: 7dtd -> minecraft (update, c659c35b-0f9a-4089-a3ee-a6a9e72626f8)
10:54:05 info: BridgeServer[0] Player position forwarded: minecraft -> 7dtd (-46.4980827909365, 71, 73.39785432349018)
10:54:05 info: BridgeServer[0] Entity registry: updated, id=d317490e-d1c8-4c5d-b4fc-725645e4df41, count=1
10:54:05 info: BridgeServer[0] [Presentation] entity=d317490e-d1c8-4c5d-b4fc-725645e4df41 state=[presentation, {   "renderer": "humanoid",   "model": "player",   "scale": 1.0,   "variant": "default" }]
10:54:05 info: BridgeServer[0] Entity state forwarded: minecraft -> 7dtd (update, d317490e-d1c8-4c5d-b4fc-725645e4df41)
10:54:05 info: BridgeServer[0] Entity registry: updated, id=c659c35b-0f9a-4089-a3ee-a6a9e72626f8, count=1
10:54:05 info: BridgeServer[0] [Presentation] entity=c659c35b-0f9a-4089-a3ee-a6a9e72626f8 state=[presentation, {   "renderer": "humanoid",   "model": "survivor",   "scale": 1.0,   "variant": "default" }]
10:54:05 info: BridgeServer[0] Entity state forwarded: 7dtd -> minecraft (update, c659c35b-0f9a-4089-a3ee-a6a9e72626f8)
10:54:05 info: BridgeServer[0] Player position forwarded: minecraft -> 7dtd (-46.4980827909365, 71, 73.39785432349018)
10:54:05 info: BridgeServer[0] Entity registry: updated, id=d317490e-d1c8-4c5d-b4fc-725645e4df41, count=1
10:54:05 info: BridgeServer[0] [Presentation] entity=d317490e-d1c8-4c5d-b4fc-725645e4df41 state=[presentation, {   "renderer": "humanoid",   "model": "player",   "scale": 1.0,   "variant": "default" }]
10:54:05 info: BridgeServer[0] Entity state forwarded: minecraft -> 7dtd (update, d317490e-d1c8-4c5d-b4fc-725645e4df41)
10:54:05 info: BridgeServer[0] Entity registry: updated, id=c659c35b-0f9a-4089-a3ee-a6a9e72626f8, count=1
10:54:05 info: BridgeServer[0] [Presentation] entity=c659c35b-0f9a-4089-a3ee-a6a9e72626f8 state=[presentation, {   "renderer": "humanoid",   "model": "survivor",   "scale": 1.0,   "variant": "default" }]
10:54:05 info: BridgeServer[0] Entity state forwarded: 7dtd -> minecraft (update, c659c35b-0f9a-4089-a3ee-a6a9e72626f8)
10:54:06 info: BridgeServer[0] Entity registry: updated, id=c659c35b-0f9a-4089-a3ee-a6a9e72626f8, count=1
10:54:06 info: BridgeServer[0] [Presentation] entity=c659c35b-0f9a-4089-a3ee-a6a9e72626f8 state=[presentation, {   "renderer": "humanoid",   "model": "survivor",   "scale": 1.0,   "variant": "default" }]
10:54:06 info: BridgeServer[0] Entity state forwarded: 7dtd -> minecraft (update, c659c35b-0f9a-4089-a3ee-a6a9e72626f8)
10:54:06 info: BridgeServer[0] Player position forwarded: minecraft -> 7dtd (-46.4980827909365, 71, 73.39785432349018)
10:54:06 info: BridgeServer[0] Entity registry: updated, id=d317490e-d1c8-4c5d-b4fc-725645e4df41, count=1
10:54:06 info: BridgeServer[0] [Presentation] entity=d317490e-d1c8-4c5d-b4fc-725645e4df41 state=[presentation, {   "renderer": "humanoid",   "model": "player",   "scale": 1.0,   "variant": "default" }]
10:54:06 info: BridgeServer[0] Entity state forwarded: minecraft -> 7dtd (update, d317490e-d1c8-4c5d-b4fc-725645e4df41)
10:54:06 info: BridgeServer[0] Entity registry: updated, id=c659c35b-0f9a-4089-a3ee-a6a9e72626f8, count=1
10:54:06 info: BridgeServer[0] [Presentation] entity=c659c35b-0f9a-4089-a3ee-a6a9e72626f8 state=[presentation, {   "renderer": "humanoid",   "model": "survivor",   "scale": 1.0,   "variant": "default" }]
10:54:06 info: BridgeServer[0] Entity state forwarded: 7dtd -> minecraft (update, c659c35b-0f9a-4089-a3ee-a6a9e72626f8)
10:54:06 info: BridgeServer[0] Player position forwarded: minecraft -> 7dtd (-46.4980827909365, 71, 73.39785432349018)
10:54:06 info: BridgeServer[0] Entity registry: updated, id=d317490e-d1c8-4c5d-b4fc-725645e4df41, count=1
10:54:06 info: BridgeServer[0] [Presentation] entity=d317490e-d1c8-4c5d-b4fc-725645e4df41 state=[presentation, {   "renderer": "humanoid",   "model": "player",   "scale": 1.0,   "variant": "default" }]
10:54:06 info: BridgeServer[0] Entity state forwarded: minecraft -> 7dtd (update, d317490e-d1c8-4c5d-b4fc-725645e4df41)
10:54:07 info: BridgeServer[0] Entity registry: updated, id=c659c35b-0f9a-4089-a3ee-a6a9e72626f8, count=1
10:54:07 info: BridgeServer[0] [Presentation] entity=c659c35b-0f9a-4089-a3ee-a6a9e72626f8 state=[presentation, {   "renderer": "humanoid",   "model": "survivor",   "scale": 1.0,   "variant": "default" }]
10:54:07 info: BridgeServer[0] Entity state forwarded: 7dtd -> minecraft (update, c659c35b-0f9a-4089-a3ee-a6a9e72626f8)
10:54:07 info: BridgeServer[0] Player position forwarded: minecraft -> 7dtd (-46.4980827909365, 71, 73.39785432349018)
10:54:07 info: BridgeServer[0] Entity registry: updated, id=d317490e-d1c8-4c5d-b4fc-725645e4df41, count=1
10:54:07 info: BridgeServer[0] [Presentation] entity=d317490e-d1c8-4c5d-b4fc-725645e4df41 state=[presentation, {   "renderer": "humanoid",   "model": "player",   "scale": 1.0,   "variant": "default" }]
10:54:07 info: BridgeServer[0] Entity state forwarded: minecraft -> 7dtd (update, d317490e-d1c8-4c5d-b4fc-725645e4df41)
10:54:07 info: BridgeServer[0] Entity registry: updated, id=c659c35b-0f9a-4089-a3ee-a6a9e72626f8, count=1
10:54:07 info: BridgeServer[0] [Presentation] entity=c659c35b-0f9a-4089-a3ee-a6a9e72626f8 state=[presentation, {   "renderer": "humanoid",   "model": "survivor",   "scale": 1.0,   "variant": "default" }]
10:54:07 info: BridgeServer[0] Entity state forwarded: 7dtd -> minecraft (update, c659c35b-0f9a-4089-a3ee-a6a9e72626f8)
10:54:07 info: BridgeServer[0] Player position forwarded: minecraft -> 7dtd (-46.4980827909365, 71, 73.39785432349018)
10:54:07 info: BridgeServer[0] Entity registry: updated, id=d317490e-d1c8-4c5d-b4fc-725645e4df41, count=1
10:54:07 info: BridgeServer[0] [Presentation] entity=d317490e-d1c8-4c5d-b4fc-725645e4df41 state=[presentation, {   "renderer": "humanoid",   "model": "player",   "scale": 1.0,   "variant": "default" }]
10:54:07 info: BridgeServer[0] Entity state forwarded: minecraft -> 7dtd (update, d317490e-d1c8-4c5d-b4fc-725645e4df41)
10:54:08 info: BridgeServer[0] Entity registry: updated, id=c659c35b-0f9a-4089-a3ee-a6a9e72626f8, count=1
10:54:08 info: BridgeServer[0] [Presentation] entity=c659c35b-0f9a-4089-a3ee-a6a9e72626f8 state=[presentation, {   "renderer": "humanoid",   "model": "survivor",   "scale": 1.0,   "variant": "default" }]
10:54:08 info: BridgeServer[0] Entity state forwarded: 7dtd -> minecraft (update, c659c35b-0f9a-4089-a3ee-a6a9e72626f8)
10:54:08 info: BridgeServer[0] Player position forwarded: minecraft -> 7dtd (-46.4980827909365, 71, 73.39785432349018)
10:54:08 info: BridgeServer[0] Entity registry: updated, id=d317490e-d1c8-4c5d-b4fc-725645e4df41, count=1
10:54:08 info: BridgeServer[0] [Presentation] entity=d317490e-d1c8-4c5d-b4fc-725645e4df41 state=[presentation, {   "renderer": "humanoid",   "model": "player",   "scale": 1.0,   "variant": "default" }]
10:54:08 info: BridgeServer[0] Entity state forwarded: minecraft -> 7dtd (update, d317490e-d1c8-4c5d-b4fc-725645e4df41)
10:54:08 info: BridgeServer[0] Entity registry: updated, id=c659c35b-0f9a-4089-a3ee-a6a9e72626f8, count=1
10:54:08 info: BridgeServer[0] [Presentation] entity=c659c35b-0f9a-4089-a3ee-a6a9e72626f8 state=[presentation, {   "renderer": "humanoid",   "model": "survivor",   "scale": 1.0,   "variant": "default" }]
10:54:08 info: BridgeServer[0] Entity state forwarded: 7dtd -> minecraft (update, c659c35b-0f9a-4089-a3ee-a6a9e72626f8)
10:54:08 info: BridgeServer[0] Player position forwarded: minecraft -> 7dtd (-46.4980827909365, 71, 73.39785432349018)
10:54:08 info: BridgeServer[0] Entity registry: updated, id=d317490e-d1c8-4c5d-b4fc-725645e4df41, count=1
10:54:08 info: BridgeServer[0] [Presentation] entity=d317490e-d1c8-4c5d-b4fc-725645e4df41 state=[presentation, {   "renderer": "humanoid",   "model": "player",   "scale": 1.0,   "variant": "default" }]
10:54:08 info: BridgeServer[0] Entity state forwarded: minecraft -> 7dtd (update, d317490e-d1c8-4c5d-b4fc-725645e4df41)
10:54:09 info: BridgeServer[0] Entity registry: updated, id=c659c35b-0f9a-4089-a3ee-a6a9e72626f8, count=1
10:54:09 info: BridgeServer[0] [Presentation] entity=c659c35b-0f9a-4089-a3ee-a6a9e72626f8 state=[presentation, {   "renderer": "humanoid",   "model": "survivor",   "scale": 1.0,   "variant": "default" }]
10:54:09 info: BridgeServer[0] Entity state forwarded: 7dtd -> minecraft (update, c659c35b-0f9a-4089-a3ee-a6a9e72626f8)
10:54:09 info: BridgeServer[0] Player position forwarded: minecraft -> 7dtd (-46.4980827909365, 71, 73.39785432349018)
10:54:09 info: BridgeServer[0] Entity registry: updated, id=d317490e-d1c8-4c5d-b4fc-725645e4df41, count=1
10:54:09 info: BridgeServer[0] [Presentation] entity=d317490e-d1c8-4c5d-b4fc-725645e4df41 state=[presentation, {   "renderer": "humanoid",   "model": "player",   "scale": 1.0,   "variant": "default" }]
10:54:09 info: BridgeServer[0] Entity state forwarded: minecraft -> 7dtd (update, d317490e-d1c8-4c5d-b4fc-725645e4df41)
10:54:09 info: BridgeServer[0] Entity registry: updated, id=c659c35b-0f9a-4089-a3ee-a6a9e72626f8, count=1
10:54:09 info: BridgeServer[0] [Presentation] entity=c659c35b-0f9a-4089-a3ee-a6a9e72626f8 state=[presentation, {   "renderer": "humanoid",   "model": "survivor",   "scale": 1.0,   "variant": "default" }]
10:54:09 info: BridgeServer[0] Entity state forwarded: 7dtd -> minecraft (update, c659c35b-0f9a-4089-a3ee-a6a9e72626f8)
10:54:09 info: BridgeServer[0] Player position forwarded: minecraft -> 7dtd (-46.4980827909365, 71, 73.39785432349018)
10:54:09 info: BridgeServer[0] Entity registry: updated, id=d317490e-d1c8-4c5d-b4fc-725645e4df41, count=1
10:54:09 info: BridgeServer[0] [Presentation] entity=d317490e-d1c8-4c5d-b4fc-725645e4df41 state=[presentation, {   "renderer": "humanoid",   "model": "player",   "scale": 1.0,   "variant": "default" }]
10:54:09 info: BridgeServer[0] Entity state forwarded: minecraft -> 7dtd (update, d317490e-d1c8-4c5d-b4fc-725645e4df41)
10:54:10 info: BridgeServer[0] Entity registry: updated, id=c659c35b-0f9a-4089-a3ee-a6a9e72626f8, count=1
10:54:10 info: BridgeServer[0] [Presentation] entity=c659c35b-0f9a-4089-a3ee-a6a9e72626f8 state=[presentation, {   "renderer": "humanoid",   "model": "survivor",   "scale": 1.0,   "variant": "default" }]
10:54:10 info: BridgeServer[0] Entity state forwarded: 7dtd -> minecraft (update, c659c35b-0f9a-4089-a3ee-a6a9e72626f8)
10:54:10 info: BridgeServer[0] Components: equipment_applied, id=c659c35b-0f9a-4089-a3ee-a6a9e72626f8, revision=4; 7dtd -> minecraft
10:54:10 info: BridgeServer[0] Entity registry: updated, id=c659c35b-0f9a-4089-a3ee-a6a9e72626f8, count=1
10:54:10 info: BridgeServer[0] [Presentation] entity=c659c35b-0f9a-4089-a3ee-a6a9e72626f8 state=[presentation, {   "renderer": "humanoid",   "model": "survivor",   "scale": 1.0,   "variant": "default" }]
10:54:10 info: BridgeServer[0] Entity state forwarded: 7dtd -> minecraft (update, c659c35b-0f9a-4089-a3ee-a6a9e72626f8)
10:54:11 info: BridgeServer[0] Entity registry: updated, id=c659c35b-0f9a-4089-a3ee-a6a9e72626f8, count=1
10:54:11 info: BridgeServer[0] [Presentation] entity=c659c35b-0f9a-4089-a3ee-a6a9e72626f8 state=[presentation, {   "renderer": "humanoid",   "model": "survivor",   "scale": 1.0,   "variant": "default" }]
10:54:11 info: BridgeServer[0] Entity state forwarded: 7dtd -> minecraft (update, c659c35b-0f9a-4089-a3ee-a6a9e72626f8)
10:54:11 info: BridgeServer[0] Entity registry: updated, id=c659c35b-0f9a-4089-a3ee-a6a9e72626f8, count=1
10:54:11 info: BridgeServer[0] [Presentation] entity=c659c35b-0f9a-4089-a3ee-a6a9e72626f8 state=[presentation, {   "renderer": "humanoid",   "model": "survivor",   "scale": 1.0,   "variant": "default" }]
10:54:11 info: BridgeServer[0] Entity state forwarded: 7dtd -> minecraft (update, c659c35b-0f9a-4089-a3ee-a6a9e72626f8)
10:54:12 info: BridgeServer[0] Entity registry: updated, id=c659c35b-0f9a-4089-a3ee-a6a9e72626f8, count=1
10:54:12 info: BridgeServer[0] [Presentation] entity=c659c35b-0f9a-4089-a3ee-a6a9e72626f8 state=[presentation, {   "renderer": "humanoid",   "model": "survivor",   "scale": 1.0,   "variant": "default" }]
10:54:12 info: BridgeServer[0] Entity state forwarded: 7dtd -> minecraft (update, c659c35b-0f9a-4089-a3ee-a6a9e72626f8)
10:54:12 info: BridgeServer[0] Entity registry: updated, id=c659c35b-0f9a-4089-a3ee-a6a9e72626f8, count=1
10:54:12 info: BridgeServer[0] [Presentation] entity=c659c35b-0f9a-4089-a3ee-a6a9e72626f8 state=[presentation, {   "renderer": "humanoid",   "model": "survivor",   "scale": 1.0,   "variant": "default" }]
10:54:12 info: BridgeServer[0] Entity state forwarded: 7dtd -> minecraft (update, c659c35b-0f9a-4089-a3ee-a6a9e72626f8)
10:54:13 info: BridgeServer[0] Entity registry: updated, id=c659c35b-0f9a-4089-a3ee-a6a9e72626f8, count=1
10:54:13 info: BridgeServer[0] [Presentation] entity=c659c35b-0f9a-4089-a3ee-a6a9e72626f8 state=[presentation, {   "renderer": "humanoid",   "model": "survivor",   "scale": 1.0,   "variant": "default" }]
10:54:13 info: BridgeServer[0] Entity state forwarded: 7dtd -> minecraft (update, c659c35b-0f9a-4089-a3ee-a6a9e72626f8)
10:54:13 info: BridgeServer[0] Entity registry: updated, id=c659c35b-0f9a-4089-a3ee-a6a9e72626f8, count=1
10:54:13 info: BridgeServer[0] [Presentation] entity=c659c35b-0f9a-4089-a3ee-a6a9e72626f8 state=[presentation, {   "renderer": "humanoid",   "model": "survivor",   "scale": 1.0,   "variant": "default" }]
10:54:13 info: BridgeServer[0] Entity state forwarded: 7dtd -> minecraft (update, c659c35b-0f9a-4089-a3ee-a6a9e72626f8)
10:54:14 info: BridgeServer[0] Entity registry: updated, id=c659c35b-0f9a-4089-a3ee-a6a9e72626f8, count=1
10:54:14 info: BridgeServer[0] [Presentation] entity=c659c35b-0f9a-4089-a3ee-a6a9e72626f8 state=[presentation, {   "renderer": "humanoid",   "model": "survivor",   "scale": 1.0,   "variant": "default" }]
10:54:14 info: BridgeServer[0] Entity state forwarded: 7dtd -> minecraft (update, c659c35b-0f9a-4089-a3ee-a6a9e72626f8)
10:54:14 info: BridgeServer[0] Entity registry: updated, id=c659c35b-0f9a-4089-a3ee-a6a9e72626f8, count=1
10:54:14 info: BridgeServer[0] [Presentation] entity=c659c35b-0f9a-4089-a3ee-a6a9e72626f8 state=[presentation, {   "renderer": "humanoid",   "model": "survivor",   "scale": 1.0,   "variant": "default" }]
10:54:14 info: BridgeServer[0] Entity state forwarded: 7dtd -> minecraft (update, c659c35b-0f9a-4089-a3ee-a6a9e72626f8)
10:54:15 info: BridgeServer[0] Entity registry: updated, id=c659c35b-0f9a-4089-a3ee-a6a9e72626f8, count=1
10:54:15 info: BridgeServer[0] [Presentation] entity=c659c35b-0f9a-4089-a3ee-a6a9e72626f8 state=[presentation, {   "renderer": "humanoid",   "model": "survivor",   "scale": 1.0,   "variant": "default" }]
10:54:15 info: BridgeServer[0] Entity state forwarded: 7dtd -> minecraft (update, c659c35b-0f9a-4089-a3ee-a6a9e72626f8)
10:54:15 info: BridgeServer[0] Entity registry: updated, id=c659c35b-0f9a-4089-a3ee-a6a9e72626f8, count=1
10:54:15 info: BridgeServer[0] [Presentation] entity=c659c35b-0f9a-4089-a3ee-a6a9e72626f8 state=[presentation, {   "renderer": "humanoid",   "model": "survivor",   "scale": 1.0,   "variant": "default" }]
10:54:15 info: BridgeServer[0] Entity state forwarded: 7dtd -> minecraft (update, c659c35b-0f9a-4089-a3ee-a6a9e72626f8)
10:54:16 info: BridgeServer[0] Entity registry: updated, id=c659c35b-0f9a-4089-a3ee-a6a9e72626f8, count=1
10:54:16 info: BridgeServer[0] [Presentation] entity=c659c35b-0f9a-4089-a3ee-a6a9e72626f8 state=[presentation, {   "renderer": "humanoid",   "model": "survivor",   "scale": 1.0,   "variant": "default" }]
10:54:16 info: BridgeServer[0] Entity state forwarded: 7dtd -> minecraft (update, c659c35b-0f9a-4089-a3ee-a6a9e72626f8)
10:54:16 info: Microsoft.AspNetCore.Hosting.Diagnostics[1] Request starting HTTP/1.1 GET http://localhost:18771/debug/entities - - -
10:54:16 info: Microsoft.AspNetCore.Routing.EndpointMiddleware[0] Executing endpoint 'HTTP: GET /debug/entities'
10:54:16 info: Microsoft.AspNetCore.Http.Result.JsonResult[3] Writing value of type '<>f__AnonymousType4`1' as Json.
10:54:16 info: Microsoft.AspNetCore.Routing.EndpointMiddleware[1] Executed endpoint 'HTTP: GET /debug/entities'
10:54:16 info: Microsoft.AspNetCore.Hosting.Diagnostics[2] Request finished HTTP/1.1 GET http://localhost:18771/debug/entities - 200 - application/json;+charset=utf-8 0.2468ms
10:54:16 info: BridgeServer[0] Entity registry: updated, id=c659c35b-0f9a-4089-a3ee-a6a9e72626f8, count=1
10:54:16 info: BridgeServer[0] [Presentation] entity=c659c35b-0f9a-4089-a3ee-a6a9e72626f8 state=[presentation, {   "renderer": "humanoid",   "model": "survivor",   "scale": 1.0,   "variant": "default" }]
10:54:16 info: BridgeServer[0] Entity state forwarded: 7dtd -> minecraft (update, c659c35b-0f9a-4089-a3ee-a6a9e72626f8)
10:54:17 info: BridgeServer[0] Entity registry: updated, id=c659c35b-0f9a-4089-a3ee-a6a9e72626f8, count=1
10:54:17 info: BridgeServer[0] [Presentation] entity=c659c35b-0f9a-4089-a3ee-a6a9e72626f8 state=[presentation, {   "renderer": "humanoid",   "model": "survivor",   "scale": 1.0,   "variant": "default" }]
10:54:17 info: BridgeServer[0] Entity state forwarded: 7dtd -> minecraft (update, c659c35b-0f9a-4089-a3ee-a6a9e72626f8)
10:54:17 info: BridgeServer[0] Entity registry: updated, id=c659c35b-0f9a-4089-a3ee-a6a9e72626f8, count=1
10:54:17 info: BridgeServer[0] [Presentation] entity=c659c35b-0f9a-4089-a3ee-a6a9e72626f8 state=[presentation, {   "renderer": "humanoid",   "model": "survivor",   "scale": 1.0,   "variant": "default" }]
10:54:17 info: BridgeServer[0] Entity state forwarded: 7dtd -> minecraft (update, c659c35b-0f9a-4089-a3ee-a6a9e72626f8)
10:54:18 info: BridgeServer[0] Entity registry: updated, id=c659c35b-0f9a-4089-a3ee-a6a9e72626f8, count=1
10:54:18 info: BridgeServer[0] [Presentation] entity=c659c35b-0f9a-4089-a3ee-a6a9e72626f8 state=[presentation, {   "renderer": "humanoid",   "model": "survivor",   "scale": 1.0,   "variant": "default" }]
10:54:18 info: BridgeServer[0] Entity state forwarded: 7dtd -> minecraft (update, c659c35b-0f9a-4089-a3ee-a6a9e72626f8)
10:54:18 info: BridgeServer[0] Entity registry: updated, id=c659c35b-0f9a-4089-a3ee-a6a9e72626f8, count=1
10:54:18 info: BridgeServer[0] [Presentation] entity=c659c35b-0f9a-4089-a3ee-a6a9e72626f8 state=[presentation, {   "renderer": "humanoid",   "model": "survivor",   "scale": 1.0,   "variant": "default" }]
10:54:18 info: BridgeServer[0] Entity state forwarded: 7dtd -> minecraft (update, c659c35b-0f9a-4089-a3ee-a6a9e72626f8)
10:54:19 info: BridgeServer[0] Entity registry: updated, id=c659c35b-0f9a-4089-a3ee-a6a9e72626f8, count=1
10:54:19 info: BridgeServer[0] [Presentation] entity=c659c35b-0f9a-4089-a3ee-a6a9e72626f8 state=[presentation, {   "renderer": "humanoid",   "model": "survivor",   "scale": 1.0,   "variant": "default" }]
10:54:19 info: BridgeServer[0] Entity state forwarded: 7dtd -> minecraft (update, c659c35b-0f9a-4089-a3ee-a6a9e72626f8)
10:54:19 info: BridgeServer[0] Entity registry: updated, id=c659c35b-0f9a-4089-a3ee-a6a9e72626f8, count=1
10:54:19 info: BridgeServer[0] [Presentation] entity=c659c35b-0f9a-4089-a3ee-a6a9e72626f8 state=[presentation, {   "renderer": "humanoid",   "model": "survivor",   "scale": 1.0,   "variant": "default" }]
10:54:19 info: BridgeServer[0] Entity state forwarded: 7dtd -> minecraft (update, c659c35b-0f9a-4089-a3ee-a6a9e72626f8)
10:54:20 info: BridgeServer[0] Entity registry: updated, id=c659c35b-0f9a-4089-a3ee-a6a9e72626f8, count=1
10:54:20 info: BridgeServer[0] [Presentation] entity=c659c35b-0f9a-4089-a3ee-a6a9e72626f8 state=[presentation, {   "renderer": "humanoid",   "model": "survivor",   "scale": 1.0,   "variant": "default" }]
10:54:20 info: BridgeServer[0] Entity state forwarded: 7dtd -> minecraft (update, c659c35b-0f9a-4089-a3ee-a6a9e72626f8)
10:54:20 info: BridgeServer[0] Entity registry: updated, id=c659c35b-0f9a-4089-a3ee-a6a9e72626f8, count=1
10:54:20 info: BridgeServer[0] [Presentation] entity=c659c35b-0f9a-4089-a3ee-a6a9e72626f8 state=[presentation, {   "renderer": "humanoid",   "model": "survivor",   "scale": 1.0,   "variant": "default" }]
10:54:20 info: BridgeServer[0] Entity state forwarded: 7dtd -> minecraft (update, c659c35b-0f9a-4089-a3ee-a6a9e72626f8)
10:54:21 info: BridgeServer[0] Entity registry: updated, id=c659c35b-0f9a-4089-a3ee-a6a9e72626f8, count=1
10:54:21 info: BridgeServer[0] [Presentation] entity=c659c35b-0f9a-4089-a3ee-a6a9e72626f8 state=[presentation, {   "renderer": "humanoid",   "model": "survivor",   "scale": 1.0,   "variant": "default" }]
10:54:21 info: BridgeServer[0] Entity state forwarded: 7dtd -> minecraft (update, c659c35b-0f9a-4089-a3ee-a6a9e72626f8)
10:54:21 info: BridgeServer[0] Entity registry: updated, id=c659c35b-0f9a-4089-a3ee-a6a9e72626f8, count=1
10:54:21 info: BridgeServer[0] [Presentation] entity=c659c35b-0f9a-4089-a3ee-a6a9e72626f8 state=[presentation, {   "renderer": "humanoid",   "model": "survivor",   "scale": 1.0,   "variant": "default" }]
10:54:21 info: BridgeServer[0] Entity state forwarded: 7dtd -> minecraft (update, c659c35b-0f9a-4089-a3ee-a6a9e72626f8)
10:54:22 info: BridgeServer[0] Entity registry: updated, id=c659c35b-0f9a-4089-a3ee-a6a9e72626f8, count=1
10:54:22 info: BridgeServer[0] [Presentation] entity=c659c35b-0f9a-4089-a3ee-a6a9e72626f8 state=[presentation, {   "renderer": "humanoid",   "model": "survivor",   "scale": 1.0,   "variant": "default" }]
10:54:22 info: BridgeServer[0] Entity state forwarded: 7dtd -> minecraft (update, c659c35b-0f9a-4089-a3ee-a6a9e72626f8)
10:54:22 info: BridgeServer[0] Entity registry: updated, id=c659c35b-0f9a-4089-a3ee-a6a9e72626f8, count=1
10:54:22 info: BridgeServer[0] [Presentation] entity=c659c35b-0f9a-4089-a3ee-a6a9e72626f8 state=[presentation, {   "renderer": "humanoid",   "model": "survivor",   "scale": 1.0,   "variant": "default" }]
10:54:22 info: BridgeServer[0] Entity state forwarded: 7dtd -> minecraft (update, c659c35b-0f9a-4089-a3ee-a6a9e72626f8)
10:54:23 info: BridgeServer[0] Entity registry: updated, id=c659c35b-0f9a-4089-a3ee-a6a9e72626f8, count=1
10:54:23 info: BridgeServer[0] [Presentation] entity=c659c35b-0f9a-4089-a3ee-a6a9e72626f8 state=[presentation, {   "renderer": "humanoid",   "model": "survivor",   "scale": 1.0,   "variant": "default" }]
10:54:23 info: BridgeServer[0] Entity state forwarded: 7dtd -> minecraft (update, c659c35b-0f9a-4089-a3ee-a6a9e72626f8)
10:54:23 info: BridgeServer[0] Entity registry: updated, id=c659c35b-0f9a-4089-a3ee-a6a9e72626f8, count=1
10:54:23 info: BridgeServer[0] [Presentation] entity=c659c35b-0f9a-4089-a3ee-a6a9e72626f8 state=[presentation, {   "renderer": "humanoid",   "model": "survivor",   "scale": 1.0,   "variant": "default" }]
10:54:23 info: BridgeServer[0] Entity state forwarded: 7dtd -> minecraft (update, c659c35b-0f9a-4089-a3ee-a6a9e72626f8)
10:54:24 info: BridgeServer[0] Entity registry: updated, id=c659c35b-0f9a-4089-a3ee-a6a9e72626f8, count=1
10:54:24 info: BridgeServer[0] [Presentation] entity=c659c35b-0f9a-4089-a3ee-a6a9e72626f8 state=[presentation, {   "renderer": "humanoid",   "model": "survivor",   "scale": 1.0,   "variant": "default" }]
10:54:24 info: BridgeServer[0] Entity state forwarded: 7dtd -> minecraft (update, c659c35b-0f9a-4089-a3ee-a6a9e72626f8)
10:54:24 info: BridgeServer[0] Entity registry: updated, id=c659c35b-0f9a-4089-a3ee-a6a9e72626f8, count=1
10:54:24 info: BridgeServer[0] [Presentation] entity=c659c35b-0f9a-4089-a3ee-a6a9e72626f8 state=[presentation, {   "renderer": "humanoid",   "model": "survivor",   "scale": 1.0,   "variant": "default" }]
10:54:24 info: BridgeServer[0] Entity state forwarded: 7dtd -> minecraft (update, c659c35b-0f9a-4089-a3ee-a6a9e72626f8)
10:54:25 info: BridgeServer[0] Entity registry: updated, id=c659c35b-0f9a-4089-a3ee-a6a9e72626f8, count=1
10:54:25 info: BridgeServer[0] [Presentation] entity=c659c35b-0f9a-4089-a3ee-a6a9e72626f8 state=[presentation, {   "renderer": "humanoid",   "model": "survivor",   "scale": 1.0,   "variant": "default" }]
10:54:25 info: BridgeServer[0] Entity state forwarded: 7dtd -> minecraft (update, c659c35b-0f9a-4089-a3ee-a6a9e72626f8)
10:54:25 info: BridgeServer[0] Entity registry: updated, id=c659c35b-0f9a-4089-a3ee-a6a9e72626f8, count=1
10:54:25 info: BridgeServer[0] [Presentation] entity=c659c35b-0f9a-4089-a3ee-a6a9e72626f8 state=[presentation, {   "renderer": "humanoid",   "model": "survivor",   "scale": 1.0,   "variant": "default" }]
10:54:25 info: BridgeServer[0] Entity state forwarded: 7dtd -> minecraft (update, c659c35b-0f9a-4089-a3ee-a6a9e72626f8)
10:54:26 info: BridgeServer[0] Entity registry: updated, id=c659c35b-0f9a-4089-a3ee-a6a9e72626f8, count=1
10:54:26 info: BridgeServer[0] [Presentation] entity=c659c35b-0f9a-4089-a3ee-a6a9e72626f8 state=[presentation, {   "renderer": "humanoid",   "model": "survivor",   "scale": 1.0,   "variant": "default" }]
10:54:26 info: BridgeServer[0] Entity state forwarded: 7dtd -> minecraft (update, c659c35b-0f9a-4089-a3ee-a6a9e72626f8)
10:54:26 info: BridgeServer[0] Entity registry: updated, id=c659c35b-0f9a-4089-a3ee-a6a9e72626f8, count=1
10:54:26 info: BridgeServer[0] [Presentation] entity=c659c35b-0f9a-4089-a3ee-a6a9e72626f8 state=[presentation, {   "renderer": "humanoid",   "model": "survivor",   "scale": 1.0,   "variant": "default" }]
10:54:26 info: BridgeServer[0] Entity state forwarded: 7dtd -> minecraft (update, c659c35b-0f9a-4089-a3ee-a6a9e72626f8)
10:54:27 info: BridgeServer[0] Entity registry: updated, id=c659c35b-0f9a-4089-a3ee-a6a9e72626f8, count=1
10:54:27 info: BridgeServer[0] [Presentation] entity=c659c35b-0f9a-4089-a3ee-a6a9e72626f8 state=[presentation, {   "renderer": "humanoid",   "model": "survivor",   "scale": 1.0,   "variant": "default" }]
10:54:27 info: BridgeServer[0] Entity state forwarded: 7dtd -> minecraft (update, c659c35b-0f9a-4089-a3ee-a6a9e72626f8)
10:54:27 info: BridgeServer[0] Entity registry: updated, id=c659c35b-0f9a-4089-a3ee-a6a9e72626f8, count=1
10:54:27 info: BridgeServer[0] [Presentation] entity=c659c35b-0f9a-4089-a3ee-a6a9e72626f8 state=[presentation, {   "renderer": "humanoid",   "model": "survivor",   "scale": 1.0,   "variant": "default" }]
10:54:27 info: BridgeServer[0] Entity state forwarded: 7dtd -> minecraft (update, c659c35b-0f9a-4089-a3ee-a6a9e72626f8)
10:54:28 info: BridgeServer[0] Entity registry: updated, id=c659c35b-0f9a-4089-a3ee-a6a9e72626f8, count=1
10:54:28 info: BridgeServer[0] [Presentation] entity=c659c35b-0f9a-4089-a3ee-a6a9e72626f8 state=[presentation, {   "renderer": "humanoid",   "model": "survivor",   "scale": 1.0,   "variant": "default" }]
10:54:28 info: BridgeServer[0] Entity state forwarded: 7dtd -> minecraft (update, c659c35b-0f9a-4089-a3ee-a6a9e72626f8)
10:54:28 info: BridgeServer[0] Player position forwarded: minecraft -> 7dtd (-46.4980827909365, 71, 73.39785432349018)
10:54:28 info: BridgeServer[0] Entity registry: updated, id=d317490e-d1c8-4c5d-b4fc-725645e4df41, count=1
10:54:28 info: BridgeServer[0] [Presentation] entity=d317490e-d1c8-4c5d-b4fc-725645e4df41 state=[presentation, {   "renderer": "humanoid",   "model": "player",   "scale": 1.0,   "variant": "default" }]
10:54:28 info: BridgeServer[0] Entity state forwarded: minecraft -> 7dtd (update, d317490e-d1c8-4c5d-b4fc-725645e4df41)
10:54:28 info: BridgeServer[0] Entity registry: updated, id=c659c35b-0f9a-4089-a3ee-a6a9e72626f8, count=1
10:54:28 info: BridgeServer[0] [Presentation] entity=c659c35b-0f9a-4089-a3ee-a6a9e72626f8 state=[presentation, {   "renderer": "humanoid",   "model": "survivor",   "scale": 1.0,   "variant": "default" }]
10:54:28 info: BridgeServer[0] Entity state forwarded: 7dtd -> minecraft (update, c659c35b-0f9a-4089-a3ee-a6a9e72626f8)
10:54:28 info: BridgeServer[0] Player position forwarded: minecraft -> 7dtd (-46.4980827909365, 71, 73.39785432349018)
10:54:28 info: BridgeServer[0] Entity registry: updated, id=d317490e-d1c8-4c5d-b4fc-725645e4df41, count=1
10:54:28 info: BridgeServer[0] [Presentation] entity=d317490e-d1c8-4c5d-b4fc-725645e4df41 state=[presentation, {   "renderer": "humanoid",   "model": "player",   "scale": 1.0,   "variant": "default" }]
10:54:28 info: BridgeServer[0] Entity state forwarded: minecraft -> 7dtd (update, d317490e-d1c8-4c5d-b4fc-725645e4df41)
10:54:29 info: BridgeServer[0] Entity registry: updated, id=c659c35b-0f9a-4089-a3ee-a6a9e72626f8, count=1
10:54:29 info: BridgeServer[0] [Presentation] entity=c659c35b-0f9a-4089-a3ee-a6a9e72626f8 state=[presentation, {   "renderer": "humanoid",   "model": "survivor",   "scale": 1.0,   "variant": "default" }]
10:54:29 info: BridgeServer[0] Entity state forwarded: 7dtd -> minecraft (update, c659c35b-0f9a-4089-a3ee-a6a9e72626f8)
10:54:29 info: BridgeServer[0] Player position forwarded: minecraft -> 7dtd (-46.4980827909365, 71, 73.39785432349018)
10:54:29 info: BridgeServer[0] Entity registry: updated, id=d317490e-d1c8-4c5d-b4fc-725645e4df41, count=1
10:54:29 info: BridgeServer[0] [Presentation] entity=d317490e-d1c8-4c5d-b4fc-725645e4df41 state=[presentation, {   "renderer": "humanoid",   "model": "player",   "scale": 1.0,   "variant": "default" }]
10:54:29 info: BridgeServer[0] Entity state forwarded: minecraft -> 7dtd (update, d317490e-d1c8-4c5d-b4fc-725645e4df41)
10:54:29 info: BridgeServer[0] Entity registry: updated, id=c659c35b-0f9a-4089-a3ee-a6a9e72626f8, count=1
10:54:29 info: BridgeServer[0] [Presentation] entity=c659c35b-0f9a-4089-a3ee-a6a9e72626f8 state=[presentation, {   "renderer": "humanoid",   "model": "survivor",   "scale": 1.0,   "variant": "default" }]
10:54:29 info: BridgeServer[0] Entity state forwarded: 7dtd -> minecraft (update, c659c35b-0f9a-4089-a3ee-a6a9e72626f8)
10:54:29 info: BridgeServer[0] Player position forwarded: minecraft -> 7dtd (-46.4980827909365, 71, 73.39785432349018)
10:54:29 info: BridgeServer[0] Entity registry: updated, id=d317490e-d1c8-4c5d-b4fc-725645e4df41, count=1
10:54:29 info: BridgeServer[0] [Presentation] entity=d317490e-d1c8-4c5d-b4fc-725645e4df41 state=[presentation, {   "renderer": "humanoid",   "model": "player",   "scale": 1.0,   "variant": "default" }]
10:54:29 info: BridgeServer[0] Entity state forwarded: minecraft -> 7dtd (update, d317490e-d1c8-4c5d-b4fc-725645e4df41)
10:54:30 info: BridgeServer[0] Entity registry: updated, id=c659c35b-0f9a-4089-a3ee-a6a9e72626f8, count=1
10:54:30 info: BridgeServer[0] [Presentation] entity=c659c35b-0f9a-4089-a3ee-a6a9e72626f8 state=[presentation, {   "renderer": "humanoid",   "model": "survivor",   "scale": 1.0,   "variant": "default" }]
10:54:30 info: BridgeServer[0] Entity state forwarded: 7dtd -> minecraft (update, c659c35b-0f9a-4089-a3ee-a6a9e72626f8)
10:54:30 info: BridgeServer[0] Player position forwarded: minecraft -> 7dtd (-46.4980827909365, 71, 73.39785432349018)
10:54:30 info: BridgeServer[0] Entity registry: updated, id=d317490e-d1c8-4c5d-b4fc-725645e4df41, count=1
10:54:30 info: BridgeServer[0] [Presentation] entity=d317490e-d1c8-4c5d-b4fc-725645e4df41 state=[presentation, {   "renderer": "humanoid",   "model": "player",   "scale": 1.0,   "variant": "default" }]
10:54:30 info: BridgeServer[0] Entity state forwarded: minecraft -> 7dtd (update, d317490e-d1c8-4c5d-b4fc-725645e4df41)
10:54:30 info: BridgeServer[0] Entity registry: updated, id=c659c35b-0f9a-4089-a3ee-a6a9e72626f8, count=1
10:54:30 info: BridgeServer[0] [Presentation] entity=c659c35b-0f9a-4089-a3ee-a6a9e72626f8 state=[presentation, {   "renderer": "humanoid",   "model": "survivor",   "scale": 1.0,   "variant": "default" }]
10:54:30 info: BridgeServer[0] Entity state forwarded: 7dtd -> minecraft (update, c659c35b-0f9a-4089-a3ee-a6a9e72626f8)
10:54:30 info: BridgeServer[0] Player position forwarded: minecraft -> 7dtd (-46.4980827909365, 71, 73.39785432349018)
10:54:30 info: BridgeServer[0] Entity registry: updated, id=d317490e-d1c8-4c5d-b4fc-725645e4df41, count=1
10:54:30 info: BridgeServer[0] [Presentation] entity=d317490e-d1c8-4c5d-b4fc-725645e4df41 state=[presentation, {   "renderer": "humanoid",   "model": "player",   "scale": 1.0,   "variant": "default" }]
10:54:30 info: BridgeServer[0] Entity state forwarded: minecraft -> 7dtd (update, d317490e-d1c8-4c5d-b4fc-725645e4df41)
10:54:31 info: BridgeServer[0] Entity registry: updated, id=c659c35b-0f9a-4089-a3ee-a6a9e72626f8, count=1
10:54:31 info: BridgeServer[0] [Presentation] entity=c659c35b-0f9a-4089-a3ee-a6a9e72626f8 state=[presentation, {   "renderer": "humanoid",   "model": "survivor",   "scale": 1.0,   "variant": "default" }]
10:54:31 info: BridgeServer[0] Entity state forwarded: 7dtd -> minecraft (update, c659c35b-0f9a-4089-a3ee-a6a9e72626f8)
10:54:31 info: BridgeServer[0] Player position forwarded: minecraft -> 7dtd (-46.4980827909365, 71, 73.39785432349018)
10:54:31 info: BridgeServer[0] Entity registry: updated, id=d317490e-d1c8-4c5d-b4fc-725645e4df41, count=1
10:54:31 info: BridgeServer[0] [Presentation] entity=d317490e-d1c8-4c5d-b4fc-725645e4df41 state=[presentation, {   "renderer": "humanoid",   "model": "player",   "scale": 1.0,   "variant": "default" }]
10:54:31 info: BridgeServer[0] Entity state forwarded: minecraft -> 7dtd (update, d317490e-d1c8-4c5d-b4fc-725645e4df41)
10:54:31 info: BridgeServer[0] Entity registry: updated, id=c659c35b-0f9a-4089-a3ee-a6a9e72626f8, count=1
10:54:31 info: BridgeServer[0] [Presentation] entity=c659c35b-0f9a-4089-a3ee-a6a9e72626f8 state=[presentation, {   "renderer": "humanoid",   "model": "survivor",   "scale": 1.0,   "variant": "default" }]
10:54:31 info: BridgeServer[0] Entity state forwarded: 7dtd -> minecraft (update, c659c35b-0f9a-4089-a3ee-a6a9e72626f8)
10:54:32 info: BridgeServer[0] Player position forwarded: minecraft -> 7dtd (-46.4980827909365, 71, 73.39785432349018)
10:54:32 info: BridgeServer[0] Entity registry: updated, id=d317490e-d1c8-4c5d-b4fc-725645e4df41, count=1
10:54:32 info: BridgeServer[0] [Presentation] entity=d317490e-d1c8-4c5d-b4fc-725645e4df41 state=[presentation, {   "renderer": "humanoid",   "model": "player",   "scale": 1.0,   "variant": "default" }]
10:54:32 info: BridgeServer[0] Entity state forwarded: minecraft -> 7dtd (update, d317490e-d1c8-4c5d-b4fc-725645e4df41)
10:54:32 info: BridgeServer[0] Entity registry: updated, id=c659c35b-0f9a-4089-a3ee-a6a9e72626f8, count=1
10:54:32 info: BridgeServer[0] [Presentation] entity=c659c35b-0f9a-4089-a3ee-a6a9e72626f8 state=[presentation, {   "renderer": "humanoid",   "model": "survivor",   "scale": 1.0,   "variant": "default" }]
10:54:32 info: BridgeServer[0] Entity state forwarded: 7dtd -> minecraft (update, c659c35b-0f9a-4089-a3ee-a6a9e72626f8)
10:54:32 info: BridgeServer[0] Player position forwarded: minecraft -> 7dtd (-46.4980827909365, 71, 73.39785432349018)
10:54:32 info: BridgeServer[0] Entity registry: updated, id=d317490e-d1c8-4c5d-b4fc-725645e4df41, count=1
10:54:32 info: BridgeServer[0] [Presentation] entity=d317490e-d1c8-4c5d-b4fc-725645e4df41 state=[presentation, {   "renderer": "humanoid",   "model": "player",   "scale": 1.0,   "variant": "default" }]
10:54:32 info: BridgeServer[0] Entity state forwarded: minecraft -> 7dtd (update, d317490e-d1c8-4c5d-b4fc-725645e4df41)
10:54:32 info: BridgeServer[0] Entity registry: updated, id=c659c35b-0f9a-4089-a3ee-a6a9e72626f8, count=1
10:54:32 info: BridgeServer[0] [Presentation] entity=c659c35b-0f9a-4089-a3ee-a6a9e72626f8 state=[presentation, {   "renderer": "humanoid",   "model": "survivor",   "scale": 1.0,   "variant": "default" }]
10:54:32 info: BridgeServer[0] Entity state forwarded: 7dtd -> minecraft (update, c659c35b-0f9a-4089-a3ee-a6a9e72626f8)
10:54:33 info: BridgeServer[0] Player position forwarded: minecraft -> 7dtd (-46.4980827909365, 71, 73.39785432349018)
10:54:33 info: BridgeServer[0] Entity registry: updated, id=d317490e-d1c8-4c5d-b4fc-725645e4df41, count=1
10:54:33 info: BridgeServer[0] [Presentation] entity=d317490e-d1c8-4c5d-b4fc-725645e4df41 state=[presentation, {   "renderer": "humanoid",   "model": "player",   "scale": 1.0,   "variant": "default" }]
10:54:33 info: BridgeServer[0] Entity state forwarded: minecraft -> 7dtd (update, d317490e-d1c8-4c5d-b4fc-725645e4df41)
10:54:33 info: BridgeServer[0] Entity registry: updated, id=c659c35b-0f9a-4089-a3ee-a6a9e72626f8, count=1
10:54:33 info: BridgeServer[0] [Presentation] entity=c659c35b-0f9a-4089-a3ee-a6a9e72626f8 state=[presentation, {   "renderer": "humanoid",   "model": "survivor",   "scale": 1.0,   "variant": "default" }]
10:54:33 info: BridgeServer[0] Entity state forwarded: 7dtd -> minecraft (update, c659c35b-0f9a-4089-a3ee-a6a9e72626f8)
10:54:33 info: BridgeServer[0] Player position forwarded: minecraft -> 7dtd (-46.4980827909365, 71, 73.39785432349018)
10:54:33 info: BridgeServer[0] Entity registry: updated, id=d317490e-d1c8-4c5d-b4fc-725645e4df41, count=1
10:54:33 info: BridgeServer[0] [Presentation] entity=d317490e-d1c8-4c5d-b4fc-725645e4df41 state=[presentation, {   "renderer": "humanoid",   "model": "player",   "scale": 1.0,   "variant": "default" }]
10:54:33 info: BridgeServer[0] Entity state forwarded: minecraft -> 7dtd (update, d317490e-d1c8-4c5d-b4fc-725645e4df41)
10:54:33 info: BridgeServer[0] Entity registry: updated, id=c659c35b-0f9a-4089-a3ee-a6a9e72626f8, count=1
10:54:33 info: BridgeServer[0] [Presentation] entity=c659c35b-0f9a-4089-a3ee-a6a9e72626f8 state=[presentation, {   "renderer": "humanoid",   "model": "survivor",   "scale": 1.0,   "variant": "default" }]
10:54:33 info: BridgeServer[0] Entity state forwarded: 7dtd -> minecraft (update, c659c35b-0f9a-4089-a3ee-a6a9e72626f8)
10:54:34 info: BridgeServer[0] Player position forwarded: minecraft -> 7dtd (-46.4980827909365, 71, 73.39785432349018)
10:54:34 info: BridgeServer[0] Entity registry: updated, id=d317490e-d1c8-4c5d-b4fc-725645e4df41, count=1
10:54:34 info: BridgeServer[0] [Presentation] entity=d317490e-d1c8-4c5d-b4fc-725645e4df41 state=[presentation, {   "renderer": "humanoid",   "model": "player",   "scale": 1.0,   "variant": "default" }]
10:54:34 info: BridgeServer[0] Entity state forwarded: minecraft -> 7dtd (update, d317490e-d1c8-4c5d-b4fc-725645e4df41)
10:54:34 info: BridgeServer[0] Entity registry: updated, id=c659c35b-0f9a-4089-a3ee-a6a9e72626f8, count=1
10:54:34 info: BridgeServer[0] [Presentation] entity=c659c35b-0f9a-4089-a3ee-a6a9e72626f8 state=[presentation, {   "renderer": "humanoid",   "model": "survivor",   "scale": 1.0,   "variant": "default" }]
10:54:34 info: BridgeServer[0] Entity state forwarded: 7dtd -> minecraft (update, c659c35b-0f9a-4089-a3ee-a6a9e72626f8)
10:54:34 info: BridgeServer[0] Player position forwarded: minecraft -> 7dtd (-46.4980827909365, 71, 73.39785432349018)
10:54:34 info: BridgeServer[0] Entity registry: updated, id=d317490e-d1c8-4c5d-b4fc-725645e4df41, count=1
10:54:34 info: BridgeServer[0] [Presentation] entity=d317490e-d1c8-4c5d-b4fc-725645e4df41 state=[presentation, {   "renderer": "humanoid",   "model": "player",   "scale": 1.0,   "variant": "default" }]
10:54:34 info: BridgeServer[0] Entity state forwarded: minecraft -> 7dtd (update, d317490e-d1c8-4c5d-b4fc-725645e4df41)
10:54:34 info: BridgeServer[0] Entity registry: updated, id=c659c35b-0f9a-4089-a3ee-a6a9e72626f8, count=1
10:54:34 info: BridgeServer[0] [Presentation] entity=c659c35b-0f9a-4089-a3ee-a6a9e72626f8 state=[presentation, {   "renderer": "humanoid",   "model": "survivor",   "scale": 1.0,   "variant": "default" }]
10:54:34 info: BridgeServer[0] Entity state forwarded: 7dtd -> minecraft (update, c659c35b-0f9a-4089-a3ee-a6a9e72626f8)
10:54:35 info: BridgeServer[0] Player position forwarded: minecraft -> 7dtd (-46.4980827909365, 71, 73.39785432349018)
10:54:35 info: BridgeServer[0] Entity registry: updated, id=d317490e-d1c8-4c5d-b4fc-725645e4df41, count=1
10:54:35 info: BridgeServer[0] [Presentation] entity=d317490e-d1c8-4c5d-b4fc-725645e4df41 state=[presentation, {   "renderer": "humanoid",   "model": "player",   "scale": 1.0,   "variant": "default" }]
10:54:35 info: BridgeServer[0] Entity state forwarded: minecraft -> 7dtd (update, d317490e-d1c8-4c5d-b4fc-725645e4df41)
10:54:35 info: BridgeServer[0] Entity registry: updated, id=c659c35b-0f9a-4089-a3ee-a6a9e72626f8, count=1
10:54:35 info: BridgeServer[0] [Presentation] entity=c659c35b-0f9a-4089-a3ee-a6a9e72626f8 state=[presentation, {   "renderer": "humanoid",   "model": "survivor",   "scale": 1.0,   "variant": "default" }]
10:54:35 info: BridgeServer[0] Entity state forwarded: 7dtd -> minecraft (update, c659c35b-0f9a-4089-a3ee-a6a9e72626f8)
10:54:35 info: BridgeServer[0] Player position forwarded: minecraft -> 7dtd (-46.4980827909365, 71, 73.39785432349018)
10:54:35 info: BridgeServer[0] Entity registry: updated, id=d317490e-d1c8-4c5d-b4fc-725645e4df41, count=1
10:54:35 info: BridgeServer[0] [Presentation] entity=d317490e-d1c8-4c5d-b4fc-725645e4df41 state=[presentation, {   "renderer": "humanoid",   "model": "player",   "scale": 1.0,   "variant": "default" }]
10:54:35 info: BridgeServer[0] Entity state forwarded: minecraft -> 7dtd (update, d317490e-d1c8-4c5d-b4fc-725645e4df41)
10:54:35 info: BridgeServer[0] Entity registry: updated, id=c659c35b-0f9a-4089-a3ee-a6a9e72626f8, count=1
10:54:35 info: BridgeServer[0] [Presentation] entity=c659c35b-0f9a-4089-a3ee-a6a9e72626f8 state=[presentation, {   "renderer": "humanoid",   "model": "survivor",   "scale": 1.0,   "variant": "default" }]
10:54:35 info: BridgeServer[0] Entity state forwarded: 7dtd -> minecraft (update, c659c35b-0f9a-4089-a3ee-a6a9e72626f8)
10:54:36 info: BridgeServer[0] Player position forwarded: minecraft -> 7dtd (-46.4980827909365, 71, 73.39785432349018)
10:54:36 info: BridgeServer[0] Entity registry: updated, id=d317490e-d1c8-4c5d-b4fc-725645e4df41, count=1
10:54:36 info: BridgeServer[0] [Presentation] entity=d317490e-d1c8-4c5d-b4fc-725645e4df41 state=[presentation, {   "renderer": "humanoid",   "model": "player",   "scale": 1.0,   "variant": "default" }]
10:54:36 info: BridgeServer[0] Entity state forwarded: minecraft -> 7dtd (update, d317490e-d1c8-4c5d-b4fc-725645e4df41)
10:54:36 info: BridgeServer[0] Entity registry: updated, id=c659c35b-0f9a-4089-a3ee-a6a9e72626f8, count=1
10:54:36 info: BridgeServer[0] [Presentation] entity=c659c35b-0f9a-4089-a3ee-a6a9e72626f8 state=[presentation, {   "renderer": "humanoid",   "model": "survivor",   "scale": 1.0,   "variant": "default" }]
10:54:36 info: BridgeServer[0] Entity state forwarded: 7dtd -> minecraft (update, c659c35b-0f9a-4089-a3ee-a6a9e72626f8)
10:54:36 info: BridgeServer[0] Player position forwarded: minecraft -> 7dtd (-46.4980827909365, 71, 73.39785432349018)
10:54:36 info: BridgeServer[0] Entity registry: updated, id=d317490e-d1c8-4c5d-b4fc-725645e4df41, count=1
10:54:36 info: BridgeServer[0] [Presentation] entity=d317490e-d1c8-4c5d-b4fc-725645e4df41 state=[presentation, {   "renderer": "humanoid",   "model": "player",   "scale": 1.0,   "variant": "default" }]
10:54:36 info: BridgeServer[0] Entity state forwarded: minecraft -> 7dtd (update, d317490e-d1c8-4c5d-b4fc-725645e4df41)
10:54:36 info: BridgeServer[0] Entity registry: updated, id=c659c35b-0f9a-4089-a3ee-a6a9e72626f8, count=1
10:54:36 info: BridgeServer[0] [Presentation] entity=c659c35b-0f9a-4089-a3ee-a6a9e72626f8 state=[presentation, {   "renderer": "humanoid",   "model": "survivor",   "scale": 1.0,   "variant": "default" }]
10:54:36 info: BridgeServer[0] Entity state forwarded: 7dtd -> minecraft (update, c659c35b-0f9a-4089-a3ee-a6a9e72626f8)
10:54:37 info: BridgeServer[0] Entity registry: updated, id=c659c35b-0f9a-4089-a3ee-a6a9e72626f8, count=1
10:54:37 info: BridgeServer[0] [Presentation] entity=c659c35b-0f9a-4089-a3ee-a6a9e72626f8 state=[presentation, {   "renderer": "humanoid",   "model": "survivor",   "scale": 1.0,   "variant": "default" }]
10:54:37 info: BridgeServer[0] Entity state forwarded: 7dtd -> minecraft (update, c659c35b-0f9a-4089-a3ee-a6a9e72626f8)
10:54:37 info: BridgeServer[0] Player position forwarded: minecraft -> 7dtd (-46.4980827909365, 71, 73.39785432349018)
10:54:37 info: BridgeServer[0] Entity registry: updated, id=d317490e-d1c8-4c5d-b4fc-725645e4df41, count=1
10:54:37 info: BridgeServer[0] [Presentation] entity=d317490e-d1c8-4c5d-b4fc-725645e4df41 state=[presentation, {   "renderer": "humanoid",   "model": "player",   "scale": 1.0,   "variant": "default" }]
10:54:37 info: BridgeServer[0] Entity state forwarded: minecraft -> 7dtd (update, d317490e-d1c8-4c5d-b4fc-725645e4df41)
10:54:37 info: BridgeServer[0] Entity registry: updated, id=c659c35b-0f9a-4089-a3ee-a6a9e72626f8, count=1
10:54:37 info: BridgeServer[0] [Presentation] entity=c659c35b-0f9a-4089-a3ee-a6a9e72626f8 state=[presentation, {   "renderer": "humanoid",   "model": "survivor",   "scale": 1.0,   "variant": "default" }]
10:54:37 info: BridgeServer[0] Entity state forwarded: 7dtd -> minecraft (update, c659c35b-0f9a-4089-a3ee-a6a9e72626f8)
10:54:37 info: BridgeServer[0] Player position forwarded: minecraft -> 7dtd (-46.4980827909365, 71, 73.39785432349018)
10:54:37 info: BridgeServer[0] Entity registry: updated, id=d317490e-d1c8-4c5d-b4fc-725645e4df41, count=1
10:54:37 info: BridgeServer[0] [Presentation] entity=d317490e-d1c8-4c5d-b4fc-725645e4df41 state=[presentation, {   "renderer": "humanoid",   "model": "player",   "scale": 1.0,   "variant": "default" }]
10:54:37 info: BridgeServer[0] Entity state forwarded: minecraft -> 7dtd (update, d317490e-d1c8-4c5d-b4fc-725645e4df41)
10:54:38 info: BridgeServer[0] Entity registry: updated, id=c659c35b-0f9a-4089-a3ee-a6a9e72626f8, count=1
10:54:38 info: BridgeServer[0] [Presentation] entity=c659c35b-0f9a-4089-a3ee-a6a9e72626f8 state=[presentation, {   "renderer": "humanoid",   "model": "survivor",   "scale": 1.0,   "variant": "default" }]
10:54:38 info: BridgeServer[0] Entity state forwarded: 7dtd -> minecraft (update, c659c35b-0f9a-4089-a3ee-a6a9e72626f8)
10:54:38 info: BridgeServer[0] Player position forwarded: minecraft -> 7dtd (-46.4980827909365, 71, 73.39785432349018)
10:54:38 info: BridgeServer[0] Entity registry: updated, id=d317490e-d1c8-4c5d-b4fc-725645e4df41, count=1
10:54:38 info: BridgeServer[0] [Presentation] entity=d317490e-d1c8-4c5d-b4fc-725645e4df41 state=[presentation, {   "renderer": "humanoid",   "model": "player",   "scale": 1.0,   "variant": "default" }]
10:54:38 info: BridgeServer[0] Entity state forwarded: minecraft -> 7dtd (update, d317490e-d1c8-4c5d-b4fc-725645e4df41)
10:54:38 info: BridgeServer[0] Entity registry: updated, id=c659c35b-0f9a-4089-a3ee-a6a9e72626f8, count=1
10:54:38 info: BridgeServer[0] [Presentation] entity=c659c35b-0f9a-4089-a3ee-a6a9e72626f8 state=[presentation, {   "renderer": "humanoid",   "model": "survivor",   "scale": 1.0,   "variant": "default" }]
10:54:38 info: BridgeServer[0] Entity state forwarded: 7dtd -> minecraft (update, c659c35b-0f9a-4089-a3ee-a6a9e72626f8)
10:54:38 info: BridgeServer[0] Player position forwarded: minecraft -> 7dtd (-46.4980827909365, 71, 73.39785432349018)
10:54:38 info: BridgeServer[0] Entity registry: updated, id=d317490e-d1c8-4c5d-b4fc-725645e4df41, count=1
10:54:38 info: BridgeServer[0] [Presentation] entity=d317490e-d1c8-4c5d-b4fc-725645e4df41 state=[presentation, {   "renderer": "humanoid",   "model": "player",   "scale": 1.0,   "variant": "default" }]
10:54:38 info: BridgeServer[0] Entity state forwarded: minecraft -> 7dtd (update, d317490e-d1c8-4c5d-b4fc-725645e4df41)
10:54:39 info: BridgeServer[0] Entity registry: updated, id=c659c35b-0f9a-4089-a3ee-a6a9e72626f8, count=1
10:54:39 info: BridgeServer[0] [Presentation] entity=c659c35b-0f9a-4089-a3ee-a6a9e72626f8 state=[presentation, {   "renderer": "humanoid",   "model": "survivor",   "scale": 1.0,   "variant": "default" }]
10:54:39 info: BridgeServer[0] Entity state forwarded: 7dtd -> minecraft (update, c659c35b-0f9a-4089-a3ee-a6a9e72626f8)
10:54:39 info: BridgeServer[0] Player position forwarded: minecraft -> 7dtd (-46.4980827909365, 71, 73.39785432349018)
10:54:39 info: BridgeServer[0] Entity registry: updated, id=d317490e-d1c8-4c5d-b4fc-725645e4df41, count=1
10:54:39 info: BridgeServer[0] [Presentation] entity=d317490e-d1c8-4c5d-b4fc-725645e4df41 state=[presentation, {   "renderer": "humanoid",   "model": "player",   "scale": 1.0,   "variant": "default" }]
10:54:39 info: BridgeServer[0] Entity state forwarded: minecraft -> 7dtd (update, d317490e-d1c8-4c5d-b4fc-725645e4df41)
10:54:39 info: BridgeServer[0] Entity registry: updated, id=c659c35b-0f9a-4089-a3ee-a6a9e72626f8, count=1
10:54:39 info: BridgeServer[0] [Presentation] entity=c659c35b-0f9a-4089-a3ee-a6a9e72626f8 state=[presentation, {   "renderer": "humanoid",   "model": "survivor",   "scale": 1.0,   "variant": "default" }]
10:54:39 info: BridgeServer[0] Entity state forwarded: 7dtd -> minecraft (update, c659c35b-0f9a-4089-a3ee-a6a9e72626f8)
10:54:39 info: BridgeServer[0] Player position forwarded: minecraft -> 7dtd (-46.4980827909365, 71, 73.39785432349018)
10:54:39 info: BridgeServer[0] Entity registry: updated, id=d317490e-d1c8-4c5d-b4fc-725645e4df41, count=1
10:54:39 info: BridgeServer[0] [Presentation] entity=d317490e-d1c8-4c5d-b4fc-725645e4df41 state=[presentation, {   "renderer": "humanoid",   "model": "player",   "scale": 1.0,   "variant": "default" }]
10:54:39 info: BridgeServer[0] Entity state forwarded: minecraft -> 7dtd (update, d317490e-d1c8-4c5d-b4fc-725645e4df41)
10:54:40 info: BridgeServer[0] Entity registry: updated, id=c659c35b-0f9a-4089-a3ee-a6a9e72626f8, count=1
10:54:40 info: BridgeServer[0] [Presentation] entity=c659c35b-0f9a-4089-a3ee-a6a9e72626f8 state=[presentation, {   "renderer": "humanoid",   "model": "survivor",   "scale": 1.0,   "variant": "default" }]
10:54:40 info: BridgeServer[0] Entity state forwarded: 7dtd -> minecraft (update, c659c35b-0f9a-4089-a3ee-a6a9e72626f8)
10:54:40 info: BridgeServer[0] Player position forwarded: minecraft -> 7dtd (-46.4980827909365, 71, 73.39785432349018)
10:54:40 info: BridgeServer[0] Entity registry: updated, id=d317490e-d1c8-4c5d-b4fc-725645e4df41, count=1
10:54:40 info: BridgeServer[0] [Presentation] entity=d317490e-d1c8-4c5d-b4fc-725645e4df41 state=[presentation, {   "renderer": "humanoid",   "model": "player",   "scale": 1.0,   "variant": "default" }]
10:54:40 info: BridgeServer[0] Entity state forwarded: minecraft -> 7dtd (update, d317490e-d1c8-4c5d-b4fc-725645e4df41)
10:54:40 info: BridgeServer[0] Entity registry: updated, id=c659c35b-0f9a-4089-a3ee-a6a9e72626f8, count=1
10:54:40 info: BridgeServer[0] [Presentation] entity=c659c35b-0f9a-4089-a3ee-a6a9e72626f8 state=[presentation, {   "renderer": "humanoid",   "model": "survivor",   "scale": 1.0,   "variant": "default" }]
10:54:40 info: BridgeServer[0] Entity state forwarded: 7dtd -> minecraft (update, c659c35b-0f9a-4089-a3ee-a6a9e72626f8)
10:54:40 info: BridgeServer[0] Player position forwarded: minecraft -> 7dtd (-46.4980827909365, 71, 73.39785432349018)
10:54:40 info: BridgeServer[0] Entity registry: updated, id=d317490e-d1c8-4c5d-b4fc-725645e4df41, count=1
10:54:40 info: BridgeServer[0] [Presentation] entity=d317490e-d1c8-4c5d-b4fc-725645e4df41 state=[presentation, {   "renderer": "humanoid",   "model": "player",   "scale": 1.0,   "variant": "default" }]
10:54:40 info: BridgeServer[0] Entity state forwarded: minecraft -> 7dtd (update, d317490e-d1c8-4c5d-b4fc-725645e4df41)
10:54:41 info: BridgeServer[0] Entity registry: updated, id=c659c35b-0f9a-4089-a3ee-a6a9e72626f8, count=1
10:54:41 info: BridgeServer[0] [Presentation] entity=c659c35b-0f9a-4089-a3ee-a6a9e72626f8 state=[presentation, {   "renderer": "humanoid",   "model": "survivor",   "scale": 1.0,   "variant": "default" }]
10:54:41 info: BridgeServer[0] Entity state forwarded: 7dtd -> minecraft (update, c659c35b-0f9a-4089-a3ee-a6a9e72626f8)
10:54:41 info: BridgeServer[0] Player position forwarded: minecraft -> 7dtd (-46.4980827909365, 71, 73.39785432349018)
10:54:41 info: BridgeServer[0] Entity registry: updated, id=d317490e-d1c8-4c5d-b4fc-725645e4df41, count=1
10:54:41 info: BridgeServer[0] [Presentation] entity=d317490e-d1c8-4c5d-b4fc-725645e4df41 state=[presentation, {   "renderer": "humanoid",   "model": "player",   "scale": 1.0,   "variant": "default" }]
10:54:41 info: BridgeServer[0] Entity state forwarded: minecraft -> 7dtd (update, d317490e-d1c8-4c5d-b4fc-725645e4df41)
10:54:41 info: BridgeServer[0] Entity registry: updated, id=c659c35b-0f9a-4089-a3ee-a6a9e72626f8, count=1
10:54:41 info: BridgeServer[0] [Presentation] entity=c659c35b-0f9a-4089-a3ee-a6a9e72626f8 state=[presentation, {   "renderer": "humanoid",   "model": "survivor",   "scale": 1.0,   "variant": "default" }]
10:54:41 info: BridgeServer[0] Entity state forwarded: 7dtd -> minecraft (update, c659c35b-0f9a-4089-a3ee-a6a9e72626f8)
10:54:42 info: BridgeServer[0] Player position forwarded: minecraft -> 7dtd (-46.4980827909365, 71, 73.39785432349018)
10:54:42 info: BridgeServer[0] Entity registry: updated, id=d317490e-d1c8-4c5d-b4fc-725645e4df41, count=1
10:54:42 info: BridgeServer[0] [Presentation] entity=d317490e-d1c8-4c5d-b4fc-725645e4df41 state=[presentation, {   "renderer": "humanoid",   "model": "player",   "scale": 1.0,   "variant": "default" }]
10:54:42 info: BridgeServer[0] Entity state forwarded: minecraft -> 7dtd (update, d317490e-d1c8-4c5d-b4fc-725645e4df41)
10:54:42 info: BridgeServer[0] Entity registry: updated, id=c659c35b-0f9a-4089-a3ee-a6a9e72626f8, count=1
10:54:42 info: BridgeServer[0] [Presentation] entity=c659c35b-0f9a-4089-a3ee-a6a9e72626f8 state=[presentation, {   "renderer": "humanoid",   "model": "survivor",   "scale": 1.0,   "variant": "default" }]
10:54:42 info: BridgeServer[0] Entity state forwarded: 7dtd -> minecraft (update, c659c35b-0f9a-4089-a3ee-a6a9e72626f8)
10:54:42 info: BridgeServer[0] Player position forwarded: minecraft -> 7dtd (-46.4980827909365, 71, 73.39785432349018)
10:54:42 info: BridgeServer[0] Entity registry: updated, id=d317490e-d1c8-4c5d-b4fc-725645e4df41, count=1
10:54:42 info: BridgeServer[0] [Presentation] entity=d317490e-d1c8-4c5d-b4fc-725645e4df41 state=[presentation, {   "renderer": "humanoid",   "model": "player",   "scale": 1.0,   "variant": "default" }]
10:54:42 info: BridgeServer[0] Entity state forwarded: minecraft -> 7dtd (update, d317490e-d1c8-4c5d-b4fc-725645e4df41)
10:54:42 info: BridgeServer[0] Entity registry: updated, id=c659c35b-0f9a-4089-a3ee-a6a9e72626f8, count=1
10:54:42 info: BridgeServer[0] [Presentation] entity=c659c35b-0f9a-4089-a3ee-a6a9e72626f8 state=[presentation, {   "renderer": "humanoid",   "model": "survivor",   "scale": 1.0,   "variant": "default" }]
10:54:42 info: BridgeServer[0] Entity state forwarded: 7dtd -> minecraft (update, c659c35b-0f9a-4089-a3ee-a6a9e72626f8)
10:54:43 info: BridgeServer[0] Player position forwarded: minecraft -> 7dtd (-46.4980827909365, 71, 73.39785432349018)
10:54:43 info: BridgeServer[0] Entity registry: updated, id=d317490e-d1c8-4c5d-b4fc-725645e4df41, count=1
10:54:43 info: BridgeServer[0] [Presentation] entity=d317490e-d1c8-4c5d-b4fc-725645e4df41 state=[presentation, {   "renderer": "humanoid",   "model": "player",   "scale": 1.0,   "variant": "default" }]
10:54:43 info: BridgeServer[0] Entity state forwarded: minecraft -> 7dtd (update, d317490e-d1c8-4c5d-b4fc-725645e4df41)
10:54:43 info: BridgeServer[0] Entity registry: updated, id=c659c35b-0f9a-4089-a3ee-a6a9e72626f8, count=1
10:54:43 info: BridgeServer[0] [Presentation] entity=c659c35b-0f9a-4089-a3ee-a6a9e72626f8 state=[presentation, {   "renderer": "humanoid",   "model": "survivor",   "scale": 1.0,   "variant": "default" }]
10:54:43 info: BridgeServer[0] Entity state forwarded: 7dtd -> minecraft (update, c659c35b-0f9a-4089-a3ee-a6a9e72626f8)
10:54:43 info: BridgeServer[0] Player position forwarded: minecraft -> 7dtd (-46.4980827909365, 71, 73.39785432349018)
10:54:43 info: BridgeServer[0] Entity registry: updated, id=d317490e-d1c8-4c5d-b4fc-725645e4df41, count=1
10:54:43 info: BridgeServer[0] [Presentation] entity=d317490e-d1c8-4c5d-b4fc-725645e4df41 state=[presentation, {   "renderer": "humanoid",   "model": "player",   "scale": 1.0,   "variant": "default" }]
10:54:43 info: BridgeServer[0] Entity state forwarded: minecraft -> 7dtd (update, d317490e-d1c8-4c5d-b4fc-725645e4df41)
10:54:43 info: BridgeServer[0] Entity registry: updated, id=c659c35b-0f9a-4089-a3ee-a6a9e72626f8, count=1
10:54:43 info: BridgeServer[0] [Presentation] entity=c659c35b-0f9a-4089-a3ee-a6a9e72626f8 state=[presentation, {   "renderer": "humanoid",   "model": "survivor",   "scale": 1.0,   "variant": "default" }]
10:54:43 info: BridgeServer[0] Entity state forwarded: 7dtd -> minecraft (update, c659c35b-0f9a-4089-a3ee-a6a9e72626f8)
10:54:44 info: BridgeServer[0] Player position forwarded: minecraft -> 7dtd (-46.4980827909365, 71, 73.39785432349018)
10:54:44 info: BridgeServer[0] Entity registry: updated, id=d317490e-d1c8-4c5d-b4fc-725645e4df41, count=1
10:54:44 info: BridgeServer[0] [Presentation] entity=d317490e-d1c8-4c5d-b4fc-725645e4df41 state=[presentation, {   "renderer": "humanoid",   "model": "player",   "scale": 1.0,   "variant": "default" }]
10:54:44 info: BridgeServer[0] Entity state forwarded: minecraft -> 7dtd (update, d317490e-d1c8-4c5d-b4fc-725645e4df41)
10:54:44 info: BridgeServer[0] Entity registry: updated, id=c659c35b-0f9a-4089-a3ee-a6a9e72626f8, count=1
10:54:44 info: BridgeServer[0] [Presentation] entity=c659c35b-0f9a-4089-a3ee-a6a9e72626f8 state=[presentation, {   "renderer": "humanoid",   "model": "survivor",   "scale": 1.0,   "variant": "default" }]
10:54:44 info: BridgeServer[0] Entity state forwarded: 7dtd -> minecraft (update, c659c35b-0f9a-4089-a3ee-a6a9e72626f8)
10:54:44 info: BridgeServer[0] Player position forwarded: minecraft -> 7dtd (-46.4980827909365, 71, 73.39785432349018)
10:54:44 info: BridgeServer[0] Entity registry: updated, id=d317490e-d1c8-4c5d-b4fc-725645e4df41, count=1
10:54:44 info: BridgeServer[0] [Presentation] entity=d317490e-d1c8-4c5d-b4fc-725645e4df41 state=[presentation, {   "renderer": "humanoid",   "model": "player",   "scale": 1.0,   "variant": "default" }]
10:54:44 info: BridgeServer[0] Entity state forwarded: minecraft -> 7dtd (update, d317490e-d1c8-4c5d-b4fc-725645e4df41)
10:54:44 info: BridgeServer[0] Entity registry: updated, id=c659c35b-0f9a-4089-a3ee-a6a9e72626f8, count=1
10:54:44 info: BridgeServer[0] [Presentation] entity=c659c35b-0f9a-4089-a3ee-a6a9e72626f8 state=[presentation, {   "renderer": "humanoid",   "model": "survivor",   "scale": 1.0,   "variant": "default" }]
10:54:44 info: BridgeServer[0] Entity state forwarded: 7dtd -> minecraft (update, c659c35b-0f9a-4089-a3ee-a6a9e72626f8)
10:54:45 info: BridgeServer[0] Entity registry: updated, id=c659c35b-0f9a-4089-a3ee-a6a9e72626f8, count=1
10:54:45 info: BridgeServer[0] [Presentation] entity=c659c35b-0f9a-4089-a3ee-a6a9e72626f8 state=[presentation, {   "renderer": "humanoid",   "model": "survivor",   "scale": 1.0,   "variant": "default" }]
10:54:45 info: BridgeServer[0] Entity state forwarded: 7dtd -> minecraft (update, c659c35b-0f9a-4089-a3ee-a6a9e72626f8)
10:54:45 info: BridgeServer[0] Player position forwarded: minecraft -> 7dtd (-46.4980827909365, 71, 73.39785432349018)
10:54:45 info: BridgeServer[0] Entity registry: updated, id=d317490e-d1c8-4c5d-b4fc-725645e4df41, count=1
10:54:45 info: BridgeServer[0] [Presentation] entity=d317490e-d1c8-4c5d-b4fc-725645e4df41 state=[presentation, {   "renderer": "humanoid",   "model": "player",   "scale": 1.0,   "variant": "default" }]
10:54:45 info: BridgeServer[0] Entity state forwarded: minecraft -> 7dtd (update, d317490e-d1c8-4c5d-b4fc-725645e4df41)
10:54:45 info: BridgeServer[0] Entity registry: updated, id=c659c35b-0f9a-4089-a3ee-a6a9e72626f8, count=1
10:54:45 info: BridgeServer[0] [Presentation] entity=c659c35b-0f9a-4089-a3ee-a6a9e72626f8 state=[presentation, {   "renderer": "humanoid",   "model": "survivor",   "scale": 1.0,   "variant": "default" }]
10:54:45 info: BridgeServer[0] Entity state forwarded: 7dtd -> minecraft (update, c659c35b-0f9a-4089-a3ee-a6a9e72626f8)
10:54:45 info: BridgeServer[0] Player position forwarded: minecraft -> 7dtd (-46.4980827909365, 71, 73.39785432349018)
10:54:45 info: BridgeServer[0] Entity registry: updated, id=d317490e-d1c8-4c5d-b4fc-725645e4df41, count=1
10:54:45 info: BridgeServer[0] [Presentation] entity=d317490e-d1c8-4c5d-b4fc-725645e4df41 state=[presentation, {   "renderer": "humanoid",   "model": "player",   "scale": 1.0,   "variant": "default" }]
10:54:45 info: BridgeServer[0] Entity state forwarded: minecraft -> 7dtd (update, d317490e-d1c8-4c5d-b4fc-725645e4df41)
10:54:46 info: BridgeServer[0] Entity registry: updated, id=c659c35b-0f9a-4089-a3ee-a6a9e72626f8, count=1
10:54:46 info: BridgeServer[0] [Presentation] entity=c659c35b-0f9a-4089-a3ee-a6a9e72626f8 state=[presentation, {   "renderer": "humanoid",   "model": "survivor",   "scale": 1.0,   "variant": "default" }]
10:54:46 info: BridgeServer[0] Entity state forwarded: 7dtd -> minecraft (update, c659c35b-0f9a-4089-a3ee-a6a9e72626f8)
10:54:46 info: BridgeServer[0] Player position forwarded: minecraft -> 7dtd (-46.4980827909365, 71, 73.39785432349018)
10:54:46 info: BridgeServer[0] Entity registry: updated, id=d317490e-d1c8-4c5d-b4fc-725645e4df41, count=1
10:54:46 info: BridgeServer[0] [Presentation] entity=d317490e-d1c8-4c5d-b4fc-725645e4df41 state=[presentation, {   "renderer": "humanoid",   "model": "player",   "scale": 1.0,   "variant": "default" }]
10:54:46 info: BridgeServer[0] Entity state forwarded: minecraft -> 7dtd (update, d317490e-d1c8-4c5d-b4fc-725645e4df41)
10:54:46 info: BridgeServer[0] Entity registry: updated, id=c659c35b-0f9a-4089-a3ee-a6a9e72626f8, count=1
10:54:46 info: BridgeServer[0] [Presentation] entity=c659c35b-0f9a-4089-a3ee-a6a9e72626f8 state=[presentation, {   "renderer": "humanoid",   "model": "survivor",   "scale": 1.0,   "variant": "default" }]
10:54:46 info: BridgeServer[0] Entity state forwarded: 7dtd -> minecraft (update, c659c35b-0f9a-4089-a3ee-a6a9e72626f8)
10:54:46 info: BridgeServer[0] Player position forwarded: minecraft -> 7dtd (-46.4980827909365, 71, 73.39785432349018)
10:54:46 info: BridgeServer[0] Entity registry: updated, id=d317490e-d1c8-4c5d-b4fc-725645e4df41, count=1
10:54:46 info: BridgeServer[0] [Presentation] entity=d317490e-d1c8-4c5d-b4fc-725645e4df41 state=[presentation, {   "renderer": "humanoid",   "model": "player",   "scale": 1.0,   "variant": "default" }]
10:54:46 info: BridgeServer[0] Entity state forwarded: minecraft -> 7dtd (update, d317490e-d1c8-4c5d-b4fc-725645e4df41)
10:54:47 info: BridgeServer[0] Entity registry: updated, id=c659c35b-0f9a-4089-a3ee-a6a9e72626f8, count=1
10:54:47 info: BridgeServer[0] [Presentation] entity=c659c35b-0f9a-4089-a3ee-a6a9e72626f8 state=[presentation, {   "renderer": "humanoid",   "model": "survivor",   "scale": 1.0,   "variant": "default" }]
10:54:47 info: BridgeServer[0] Entity state forwarded: 7dtd -> minecraft (update, c659c35b-0f9a-4089-a3ee-a6a9e72626f8)
10:54:47 info: BridgeServer[0] Player position forwarded: minecraft -> 7dtd (-46.4980827909365, 71, 73.39785432349018)
10:54:47 info: BridgeServer[0] Entity registry: updated, id=d317490e-d1c8-4c5d-b4fc-725645e4df41, count=1
10:54:47 info: BridgeServer[0] [Presentation] entity=d317490e-d1c8-4c5d-b4fc-725645e4df41 state=[presentation, {   "renderer": "humanoid",   "model": "player",   "scale": 1.0,   "variant": "default" }]
10:54:47 info: BridgeServer[0] Entity state forwarded: minecraft -> 7dtd (update, d317490e-d1c8-4c5d-b4fc-725645e4df41)
10:54:47 info: BridgeServer[0] Entity registry: updated, id=c659c35b-0f9a-4089-a3ee-a6a9e72626f8, count=1
10:54:47 info: BridgeServer[0] [Presentation] entity=c659c35b-0f9a-4089-a3ee-a6a9e72626f8 state=[presentation, {   "renderer": "humanoid",   "model": "survivor",   "scale": 1.0,   "variant": "default" }]
10:54:47 info: BridgeServer[0] Entity state forwarded: 7dtd -> minecraft (update, c659c35b-0f9a-4089-a3ee-a6a9e72626f8)
10:54:47 info: BridgeServer[0] Player position forwarded: minecraft -> 7dtd (-46.4980827909365, 71, 73.39785432349018)
10:54:47 info: BridgeServer[0] Entity registry: updated, id=d317490e-d1c8-4c5d-b4fc-725645e4df41, count=1
10:54:47 info: BridgeServer[0] [Presentation] entity=d317490e-d1c8-4c5d-b4fc-725645e4df41 state=[presentation, {   "renderer": "humanoid",   "model": "player",   "scale": 1.0,   "variant": "default" }]
10:54:47 info: BridgeServer[0] Entity state forwarded: minecraft -> 7dtd (update, d317490e-d1c8-4c5d-b4fc-725645e4df41)
10:54:48 info: BridgeServer[0] Entity registry: updated, id=c659c35b-0f9a-4089-a3ee-a6a9e72626f8, count=1
10:54:48 info: BridgeServer[0] [Presentation] entity=c659c35b-0f9a-4089-a3ee-a6a9e72626f8 state=[presentation, {   "renderer": "humanoid",   "model": "survivor",   "scale": 1.0,   "variant": "default" }]
10:54:48 info: BridgeServer[0] Entity state forwarded: 7dtd -> minecraft (update, c659c35b-0f9a-4089-a3ee-a6a9e72626f8)
10:54:48 info: BridgeServer[0] Player position forwarded: minecraft -> 7dtd (-46.4980827909365, 71, 73.39785432349018)
10:54:48 info: BridgeServer[0] Entity registry: updated, id=d317490e-d1c8-4c5d-b4fc-725645e4df41, count=1
10:54:48 info: BridgeServer[0] [Presentation] entity=d317490e-d1c8-4c5d-b4fc-725645e4df41 state=[presentation, {   "renderer": "humanoid",   "model": "player",   "scale": 1.0,   "variant": "default" }]
10:54:48 info: BridgeServer[0] Entity state forwarded: minecraft -> 7dtd (update, d317490e-d1c8-4c5d-b4fc-725645e4df41)
10:54:48 info: BridgeServer[0] Entity registry: updated, id=c659c35b-0f9a-4089-a3ee-a6a9e72626f8, count=1
10:54:48 info: BridgeServer[0] [Presentation] entity=c659c35b-0f9a-4089-a3ee-a6a9e72626f8 state=[presentation, {   "renderer": "humanoid",   "model": "survivor",   "scale": 1.0,   "variant": "default" }]
10:54:48 info: BridgeServer[0] Entity state forwarded: 7dtd -> minecraft (update, c659c35b-0f9a-4089-a3ee-a6a9e72626f8)
10:54:49 info: BridgeServer[0] Player position forwarded: minecraft -> 7dtd (-46.4980827909365, 71, 73.39785432349018)
10:54:49 info: BridgeServer[0] Entity registry: updated, id=d317490e-d1c8-4c5d-b4fc-725645e4df41, count=1
10:54:49 info: BridgeServer[0] [Presentation] entity=d317490e-d1c8-4c5d-b4fc-725645e4df41 state=[presentation, {   "renderer": "humanoid",   "model": "player",   "scale": 1.0,   "variant": "default" }]
10:54:49 info: BridgeServer[0] Entity state forwarded: minecraft -> 7dtd (update, d317490e-d1c8-4c5d-b4fc-725645e4df41)
10:54:49 info: BridgeServer[0] Entity registry: updated, id=c659c35b-0f9a-4089-a3ee-a6a9e72626f8, count=1
10:54:49 info: BridgeServer[0] [Presentation] entity=c659c35b-0f9a-4089-a3ee-a6a9e72626f8 state=[presentation, {   "renderer": "humanoid",   "model": "survivor",   "scale": 1.0,   "variant": "default" }]
10:54:49 info: BridgeServer[0] Entity state forwarded: 7dtd -> minecraft (update, c659c35b-0f9a-4089-a3ee-a6a9e72626f8)
10:54:49 info: BridgeServer[0] Player position forwarded: minecraft -> 7dtd (-46.4980827909365, 71, 73.39785432349018)
10:54:49 info: BridgeServer[0] Entity registry: updated, id=d317490e-d1c8-4c5d-b4fc-725645e4df41, count=1
10:54:49 info: BridgeServer[0] [Presentation] entity=d317490e-d1c8-4c5d-b4fc-725645e4df41 state=[presentation, {   "renderer": "humanoid",   "model": "player",   "scale": 1.0,   "variant": "default" }]
10:54:49 info: BridgeServer[0] Entity state forwarded: minecraft -> 7dtd (update, d317490e-d1c8-4c5d-b4fc-725645e4df41)
10:54:49 info: BridgeServer[0] Entity registry: updated, id=c659c35b-0f9a-4089-a3ee-a6a9e72626f8, count=1
10:54:49 info: BridgeServer[0] [Presentation] entity=c659c35b-0f9a-4089-a3ee-a6a9e72626f8 state=[presentation, {   "renderer": "humanoid",   "model": "survivor",   "scale": 1.0,   "variant": "default" }]
10:54:49 info: BridgeServer[0] Entity state forwarded: 7dtd -> minecraft (update, c659c35b-0f9a-4089-a3ee-a6a9e72626f8)
10:54:50 info: BridgeServer[0] Player position forwarded: minecraft -> 7dtd (-46.4980827909365, 71, 73.39785432349018)
10:54:50 info: BridgeServer[0] Entity registry: updated, id=d317490e-d1c8-4c5d-b4fc-725645e4df41, count=1
10:54:50 info: BridgeServer[0] [Presentation] entity=d317490e-d1c8-4c5d-b4fc-725645e4df41 state=[presentation, {   "renderer": "humanoid",   "model": "player",   "scale": 1.0,   "variant": "default" }]
10:54:50 info: BridgeServer[0] Entity state forwarded: minecraft -> 7dtd (update, d317490e-d1c8-4c5d-b4fc-725645e4df41)
10:54:50 info: BridgeServer[0] Entity registry: updated, id=c659c35b-0f9a-4089-a3ee-a6a9e72626f8, count=1
10:54:50 info: BridgeServer[0] [Presentation] entity=c659c35b-0f9a-4089-a3ee-a6a9e72626f8 state=[presentation, {   "renderer": "humanoid",   "model": "survivor",   "scale": 1.0,   "variant": "default" }]
10:54:50 info: BridgeServer[0] Entity state forwarded: 7dtd -> minecraft (update, c659c35b-0f9a-4089-a3ee-a6a9e72626f8)
10:54:50 info: BridgeServer[0] Player position forwarded: minecraft -> 7dtd (-46.4980827909365, 71, 73.39785432349018)
10:54:50 info: BridgeServer[0] Entity registry: updated, id=d317490e-d1c8-4c5d-b4fc-725645e4df41, count=1
10:54:50 info: BridgeServer[0] [Presentation] entity=d317490e-d1c8-4c5d-b4fc-725645e4df41 state=[presentation, {   "renderer": "humanoid",   "model": "player",   "scale": 1.0,   "variant": "default" }]
10:54:50 info: BridgeServer[0] Entity state forwarded: minecraft -> 7dtd (update, d317490e-d1c8-4c5d-b4fc-725645e4df41)
10:54:50 info: BridgeServer[0] Entity registry: updated, id=c659c35b-0f9a-4089-a3ee-a6a9e72626f8, count=1
10:54:50 info: BridgeServer[0] [Presentation] entity=c659c35b-0f9a-4089-a3ee-a6a9e72626f8 state=[presentation, {   "renderer": "humanoid",   "model": "survivor",   "scale": 1.0,   "variant": "default" }]
10:54:50 info: BridgeServer[0] Entity state forwarded: 7dtd -> minecraft (update, c659c35b-0f9a-4089-a3ee-a6a9e72626f8)
10:54:51 info: BridgeServer[0] Player position forwarded: minecraft -> 7dtd (-46.4980827909365, 71, 73.39785432349018)
10:54:51 info: BridgeServer[0] Entity registry: updated, id=d317490e-d1c8-4c5d-b4fc-725645e4df41, count=1
10:54:51 info: BridgeServer[0] [Presentation] entity=d317490e-d1c8-4c5d-b4fc-725645e4df41 state=[presentation, {   "renderer": "humanoid",   "model": "player",   "scale": 1.0,   "variant": "default" }]
10:54:51 info: BridgeServer[0] Entity state forwarded: minecraft -> 7dtd (update, d317490e-d1c8-4c5d-b4fc-725645e4df41)
10:54:51 info: BridgeServer[0] Entity registry: updated, id=c659c35b-0f9a-4089-a3ee-a6a9e72626f8, count=1
10:54:51 info: BridgeServer[0] [Presentation] entity=c659c35b-0f9a-4089-a3ee-a6a9e72626f8 state=[presentation, {   "renderer": "humanoid",   "model": "survivor",   "scale": 1.0,   "variant": "default" }]
10:54:51 info: BridgeServer[0] Entity state forwarded: 7dtd -> minecraft (update, c659c35b-0f9a-4089-a3ee-a6a9e72626f8)
10:54:51 info: BridgeServer[0] Player position forwarded: minecraft -> 7dtd (-46.4980827909365, 71, 73.39785432349018)
10:54:51 info: BridgeServer[0] Entity registry: updated, id=d317490e-d1c8-4c5d-b4fc-725645e4df41, count=1
10:54:51 info: BridgeServer[0] [Presentation] entity=d317490e-d1c8-4c5d-b4fc-725645e4df41 state=[presentation, {   "renderer": "humanoid",   "model": "player",   "scale": 1.0,   "variant": "default" }]
10:54:51 info: BridgeServer[0] Entity state forwarded: minecraft -> 7dtd (update, d317490e-d1c8-4c5d-b4fc-725645e4df41)
10:54:51 info: BridgeServer[0] Entity registry: updated, id=c659c35b-0f9a-4089-a3ee-a6a9e72626f8, count=1
10:54:51 info: BridgeServer[0] [Presentation] entity=c659c35b-0f9a-4089-a3ee-a6a9e72626f8 state=[presentation, {   "renderer": "humanoid",   "model": "survivor",   "scale": 1.0,   "variant": "default" }]
10:54:51 info: BridgeServer[0] Entity state forwarded: 7dtd -> minecraft (update, c659c35b-0f9a-4089-a3ee-a6a9e72626f8)
10:54:52 info: BridgeServer[0] Player position forwarded: minecraft -> 7dtd (-46.4980827909365, 71, 73.39785432349018)
10:54:52 info: BridgeServer[0] Entity registry: updated, id=d317490e-d1c8-4c5d-b4fc-725645e4df41, count=1
10:54:52 info: BridgeServer[0] [Presentation] entity=d317490e-d1c8-4c5d-b4fc-725645e4df41 state=[presentation, {   "renderer": "humanoid",   "model": "player",   "scale": 1.0,   "variant": "default" }]
10:54:52 info: BridgeServer[0] Entity state forwarded: minecraft -> 7dtd (update, d317490e-d1c8-4c5d-b4fc-725645e4df41)
10:54:52 info: BridgeServer[0] Entity registry: updated, id=c659c35b-0f9a-4089-a3ee-a6a9e72626f8, count=1
10:54:52 info: BridgeServer[0] [Presentation] entity=c659c35b-0f9a-4089-a3ee-a6a9e72626f8 state=[presentation, {   "renderer": "humanoid",   "model": "survivor",   "scale": 1.0,   "variant": "default" }]
10:54:52 info: BridgeServer[0] Entity state forwarded: 7dtd -> minecraft (update, c659c35b-0f9a-4089-a3ee-a6a9e72626f8)
10:54:52 info: BridgeServer[0] Player position forwarded: minecraft -> 7dtd (-46.4980827909365, 71, 73.39785432349018)
10:54:52 info: BridgeServer[0] Entity registry: updated, id=d317490e-d1c8-4c5d-b4fc-725645e4df41, count=1
10:54:52 info: BridgeServer[0] [Presentation] entity=d317490e-d1c8-4c5d-b4fc-725645e4df41 state=[presentation, {   "renderer": "humanoid",   "model": "player",   "scale": 1.0,   "variant": "default" }]
10:54:52 info: BridgeServer[0] Entity state forwarded: minecraft -> 7dtd (update, d317490e-d1c8-4c5d-b4fc-725645e4df41)
10:54:52 info: BridgeServer[0] Entity registry: updated, id=c659c35b-0f9a-4089-a3ee-a6a9e72626f8, count=1
10:54:52 info: BridgeServer[0] [Presentation] entity=c659c35b-0f9a-4089-a3ee-a6a9e72626f8 state=[presentation, {   "renderer": "humanoid",   "model": "survivor",   "scale": 1.0,   "variant": "default" }]
10:54:52 info: BridgeServer[0] Entity state forwarded: 7dtd -> minecraft (update, c659c35b-0f9a-4089-a3ee-a6a9e72626f8)
10:54:53 info: BridgeServer[0] Player position forwarded: minecraft -> 7dtd (-46.4980827909365, 71, 73.39785432349018)
10:54:53 info: BridgeServer[0] Entity registry: updated, id=d317490e-d1c8-4c5d-b4fc-725645e4df41, count=1
10:54:53 info: BridgeServer[0] [Presentation] entity=d317490e-d1c8-4c5d-b4fc-725645e4df41 state=[presentation, {   "renderer": "humanoid",   "model": "player",   "scale": 1.0,   "variant": "default" }]
10:54:53 info: BridgeServer[0] Entity state forwarded: minecraft -> 7dtd (update, d317490e-d1c8-4c5d-b4fc-725645e4df41)
10:54:53 info: BridgeServer[0] Entity registry: updated, id=c659c35b-0f9a-4089-a3ee-a6a9e72626f8, count=1
10:54:53 info: BridgeServer[0] [Presentation] entity=c659c35b-0f9a-4089-a3ee-a6a9e72626f8 state=[presentation, {   "renderer": "humanoid",   "model": "survivor",   "scale": 1.0,   "variant": "default" }]
10:54:53 info: BridgeServer[0] Entity state forwarded: 7dtd -> minecraft (update, c659c35b-0f9a-4089-a3ee-a6a9e72626f8)
10:54:53 info: BridgeServer[0] Player position forwarded: minecraft -> 7dtd (-46.4980827909365, 71, 73.39785432349018)
10:54:53 info: BridgeServer[0] Entity registry: updated, id=d317490e-d1c8-4c5d-b4fc-725645e4df41, count=1
10:54:53 info: BridgeServer[0] [Presentation] entity=d317490e-d1c8-4c5d-b4fc-725645e4df41 state=[presentation, {   "renderer": "humanoid",   "model": "player",   "scale": 1.0,   "variant": "default" }]
10:54:53 info: BridgeServer[0] Entity state forwarded: minecraft -> 7dtd (update, d317490e-d1c8-4c5d-b4fc-725645e4df41)
10:54:53 info: BridgeServer[0] Entity registry: updated, id=c659c35b-0f9a-4089-a3ee-a6a9e72626f8, count=1
10:54:53 info: BridgeServer[0] [Presentation] entity=c659c35b-0f9a-4089-a3ee-a6a9e72626f8 state=[presentation, {   "renderer": "humanoid",   "model": "survivor",   "scale": 1.0,   "variant": "default" }]
10:54:53 info: BridgeServer[0] Entity state forwarded: 7dtd -> minecraft (update, c659c35b-0f9a-4089-a3ee-a6a9e72626f8)
10:54:54 info: BridgeServer[0] Player position forwarded: minecraft -> 7dtd (-46.4980827909365, 71, 73.39785432349018)
10:54:54 info: BridgeServer[0] Entity registry: updated, id=d317490e-d1c8-4c5d-b4fc-725645e4df41, count=1
10:54:54 info: BridgeServer[0] [Presentation] entity=d317490e-d1c8-4c5d-b4fc-725645e4df41 state=[presentation, {   "renderer": "humanoid",   "model": "player",   "scale": 1.0,   "variant": "default" }]
10:54:54 info: BridgeServer[0] Entity state forwarded: minecraft -> 7dtd (update, d317490e-d1c8-4c5d-b4fc-725645e4df41)
10:54:54 info: BridgeServer[0] Entity registry: updated, id=c659c35b-0f9a-4089-a3ee-a6a9e72626f8, count=1
10:54:54 info: BridgeServer[0] [Presentation] entity=c659c35b-0f9a-4089-a3ee-a6a9e72626f8 state=[presentation, {   "renderer": "humanoid",   "model": "survivor",   "scale": 1.0,   "variant": "default" }]
10:54:54 info: BridgeServer[0] Entity state forwarded: 7dtd -> minecraft (update, c659c35b-0f9a-4089-a3ee-a6a9e72626f8)
10:54:54 info: BridgeServer[0] Player position forwarded: minecraft -> 7dtd (-46.4980827909365, 71, 73.39785432349018)
10:54:54 info: BridgeServer[0] Entity registry: updated, id=d317490e-d1c8-4c5d-b4fc-725645e4df41, count=1
10:54:54 info: BridgeServer[0] [Presentation] entity=d317490e-d1c8-4c5d-b4fc-725645e4df41 state=[presentation, {   "renderer": "humanoid",   "model": "player",   "scale": 1.0,   "variant": "default" }]
10:54:54 info: BridgeServer[0] Entity state forwarded: minecraft -> 7dtd (update, d317490e-d1c8-4c5d-b4fc-725645e4df41)
10:54:54 info: BridgeServer[0] Entity registry: updated, id=c659c35b-0f9a-4089-a3ee-a6a9e72626f8, count=1
10:54:54 info: BridgeServer[0] [Presentation] entity=c659c35b-0f9a-4089-a3ee-a6a9e72626f8 state=[presentation, {   "renderer": "humanoid",   "model": "survivor",   "scale": 1.0,   "variant": "default" }]
10:54:54 info: BridgeServer[0] Entity state forwarded: 7dtd -> minecraft (update, c659c35b-0f9a-4089-a3ee-a6a9e72626f8)
10:54:55 info: BridgeServer[0] Player position forwarded: minecraft -> 7dtd (-46.4980827909365, 71, 73.39785432349018)
10:54:55 info: BridgeServer[0] Entity registry: updated, id=d317490e-d1c8-4c5d-b4fc-725645e4df41, count=1
10:54:55 info: BridgeServer[0] [Presentation] entity=d317490e-d1c8-4c5d-b4fc-725645e4df41 state=[presentation, {   "renderer": "humanoid",   "model": "player",   "scale": 1.0,   "variant": "default" }]
10:54:55 info: BridgeServer[0] Entity state forwarded: minecraft -> 7dtd (update, d317490e-d1c8-4c5d-b4fc-725645e4df41)
10:54:55 info: BridgeServer[0] Entity registry: updated, id=c659c35b-0f9a-4089-a3ee-a6a9e72626f8, count=1
10:54:55 info: BridgeServer[0] [Presentation] entity=c659c35b-0f9a-4089-a3ee-a6a9e72626f8 state=[presentation, {   "renderer": "humanoid",   "model": "survivor",   "scale": 1.0,   "variant": "default" }]
10:54:55 info: BridgeServer[0] Entity state forwarded: 7dtd -> minecraft (update, c659c35b-0f9a-4089-a3ee-a6a9e72626f8)
10:54:55 info: BridgeServer[0] Player position forwarded: minecraft -> 7dtd (-46.4980827909365, 71, 73.39785432349018)
10:54:55 info: BridgeServer[0] Entity registry: updated, id=d317490e-d1c8-4c5d-b4fc-725645e4df41, count=1
10:54:55 info: BridgeServer[0] [Presentation] entity=d317490e-d1c8-4c5d-b4fc-725645e4df41 state=[presentation, {   "renderer": "humanoid",   "model": "player",   "scale": 1.0,   "variant": "default" }]
10:54:55 info: BridgeServer[0] Entity state forwarded: minecraft -> 7dtd (update, d317490e-d1c8-4c5d-b4fc-725645e4df41)
10:54:55 info: BridgeServer[0] Entity registry: updated, id=c659c35b-0f9a-4089-a3ee-a6a9e72626f8, count=1
10:54:55 info: BridgeServer[0] [Presentation] entity=c659c35b-0f9a-4089-a3ee-a6a9e72626f8 state=[presentation, {   "renderer": "humanoid",   "model": "survivor",   "scale": 1.0,   "variant": "default" }]
10:54:55 info: BridgeServer[0] Entity state forwarded: 7dtd -> minecraft (update, c659c35b-0f9a-4089-a3ee-a6a9e72626f8)
10:54:56 info: BridgeServer[0] Entity registry: updated, id=c659c35b-0f9a-4089-a3ee-a6a9e72626f8, count=1
10:54:56 info: BridgeServer[0] [Presentation] entity=c659c35b-0f9a-4089-a3ee-a6a9e72626f8 state=[presentation, {   "renderer": "humanoid",   "model": "survivor",   "scale": 1.0,   "variant": "default" }]
10:54:56 info: BridgeServer[0] Entity state forwarded: 7dtd -> minecraft (update, c659c35b-0f9a-4089-a3ee-a6a9e72626f8)
10:54:56 info: BridgeServer[0] Player position forwarded: minecraft -> 7dtd (-46.4980827909365, 71, 73.39785432349018)
10:54:56 info: BridgeServer[0] Entity registry: updated, id=d317490e-d1c8-4c5d-b4fc-725645e4df41, count=1
10:54:56 info: BridgeServer[0] [Presentation] entity=d317490e-d1c8-4c5d-b4fc-725645e4df41 state=[presentation, {   "renderer": "humanoid",   "model": "player",   "scale": 1.0,   "variant": "default" }]
10:54:56 info: BridgeServer[0] Entity state forwarded: minecraft -> 7dtd (update, d317490e-d1c8-4c5d-b4fc-725645e4df41)
10:54:56 info: BridgeServer[0] Entity registry: updated, id=c659c35b-0f9a-4089-a3ee-a6a9e72626f8, count=1
10:54:56 info: BridgeServer[0] [Presentation] entity=c659c35b-0f9a-4089-a3ee-a6a9e72626f8 state=[presentation, {   "renderer": "humanoid",   "model": "survivor",   "scale": 1.0,   "variant": "default" }]
10:54:56 info: BridgeServer[0] Entity state forwarded: 7dtd -> minecraft (update, c659c35b-0f9a-4089-a3ee-a6a9e72626f8)
10:54:56 info: BridgeServer[0] Player position forwarded: minecraft -> 7dtd (-46.4980827909365, 71, 73.39785432349018)
10:54:56 info: BridgeServer[0] Entity registry: updated, id=d317490e-d1c8-4c5d-b4fc-725645e4df41, count=1
10:54:56 info: BridgeServer[0] [Presentation] entity=d317490e-d1c8-4c5d-b4fc-725645e4df41 state=[presentation, {   "renderer": "humanoid",   "model": "player",   "scale": 1.0,   "variant": "default" }]
10:54:56 info: BridgeServer[0] Entity state forwarded: minecraft -> 7dtd (update, d317490e-d1c8-4c5d-b4fc-725645e4df41)
10:54:57 info: BridgeServer[0] Entity registry: updated, id=c659c35b-0f9a-4089-a3ee-a6a9e72626f8, count=1
10:54:57 info: BridgeServer[0] [Presentation] entity=c659c35b-0f9a-4089-a3ee-a6a9e72626f8 state=[presentation, {   "renderer": "humanoid",   "model": "survivor",   "scale": 1.0,   "variant": "default" }]
10:54:57 info: BridgeServer[0] Entity state forwarded: 7dtd -> minecraft (update, c659c35b-0f9a-4089-a3ee-a6a9e72626f8)
10:54:57 info: BridgeServer[0] Player position forwarded: minecraft -> 7dtd (-46.4980827909365, 71, 73.39785432349018)
10:54:57 info: BridgeServer[0] Entity registry: updated, id=d317490e-d1c8-4c5d-b4fc-725645e4df41, count=1
10:54:57 info: BridgeServer[0] [Presentation] entity=d317490e-d1c8-4c5d-b4fc-725645e4df41 state=[presentation, {   "renderer": "humanoid",   "model": "player",   "scale": 1.0,   "variant": "default" }]
10:54:57 info: BridgeServer[0] Entity state forwarded: minecraft -> 7dtd (update, d317490e-d1c8-4c5d-b4fc-725645e4df41)
10:54:57 info: BridgeServer[0] Entity registry: updated, id=c659c35b-0f9a-4089-a3ee-a6a9e72626f8, count=1
10:54:57 info: BridgeServer[0] [Presentation] entity=c659c35b-0f9a-4089-a3ee-a6a9e72626f8 state=[presentation, {   "renderer": "humanoid",   "model": "survivor",   "scale": 1.0,   "variant": "default" }]
10:54:57 info: BridgeServer[0] Entity state forwarded: 7dtd -> minecraft (update, c659c35b-0f9a-4089-a3ee-a6a9e72626f8)
10:54:57 info: BridgeServer[0] Player position forwarded: minecraft -> 7dtd (-46.4980827909365, 71, 73.39785432349018)
10:54:57 info: BridgeServer[0] Entity registry: updated, id=d317490e-d1c8-4c5d-b4fc-725645e4df41, count=1
10:54:57 info: BridgeServer[0] [Presentation] entity=d317490e-d1c8-4c5d-b4fc-725645e4df41 state=[presentation, {   "renderer": "humanoid",   "model": "player",   "scale": 1.0,   "variant": "default" }]
10:54:57 info: BridgeServer[0] Entity state forwarded: minecraft -> 7dtd (update, d317490e-d1c8-4c5d-b4fc-725645e4df41)
10:54:58 info: BridgeServer[0] Entity registry: updated, id=c659c35b-0f9a-4089-a3ee-a6a9e72626f8, count=1
10:54:58 info: BridgeServer[0] [Presentation] entity=c659c35b-0f9a-4089-a3ee-a6a9e72626f8 state=[presentation, {   "renderer": "humanoid",   "model": "survivor",   "scale": 1.0,   "variant": "default" }]
10:54:58 info: BridgeServer[0] Entity state forwarded: 7dtd -> minecraft (update, c659c35b-0f9a-4089-a3ee-a6a9e72626f8)
10:54:58 info: BridgeServer[0] Player position forwarded: minecraft -> 7dtd (-46.4980827909365, 71, 73.39785432349018)
10:54:58 info: BridgeServer[0] Entity registry: updated, id=d317490e-d1c8-4c5d-b4fc-725645e4df41, count=1
10:54:58 info: BridgeServer[0] [Presentation] entity=d317490e-d1c8-4c5d-b4fc-725645e4df41 state=[presentation, {   "renderer": "humanoid",   "model": "player",   "scale": 1.0,   "variant": "default" }]
10:54:58 info: BridgeServer[0] Entity state forwarded: minecraft -> 7dtd (update, d317490e-d1c8-4c5d-b4fc-725645e4df41)
10:54:58 info: BridgeServer[0] Entity registry: updated, id=c659c35b-0f9a-4089-a3ee-a6a9e72626f8, count=1
10:54:58 info: BridgeServer[0] [Presentation] entity=c659c35b-0f9a-4089-a3ee-a6a9e72626f8 state=[presentation, {   "renderer": "humanoid",   "model": "survivor",   "scale": 1.0,   "variant": "default" }]
10:54:58 info: BridgeServer[0] Entity state forwarded: 7dtd -> minecraft (update, c659c35b-0f9a-4089-a3ee-a6a9e72626f8)
10:54:59 info: BridgeServer[0] Entity registry: updated, id=c659c35b-0f9a-4089-a3ee-a6a9e72626f8, count=1
10:54:59 info: BridgeServer[0] [Presentation] entity=c659c35b-0f9a-4089-a3ee-a6a9e72626f8 state=[presentation, {   "renderer": "humanoid",   "model": "survivor",   "scale": 1.0,   "variant": "default" }]
10:54:59 info: BridgeServer[0] Entity state forwarded: 7dtd -> minecraft (update, c659c35b-0f9a-4089-a3ee-a6a9e72626f8)
10:54:59 info: BridgeServer[0] Entity registry: updated, id=c659c35b-0f9a-4089-a3ee-a6a9e72626f8, count=1
10:54:59 info: BridgeServer[0] [Presentation] entity=c659c35b-0f9a-4089-a3ee-a6a9e72626f8 state=[presentation, {   "renderer": "humanoid",   "model": "survivor",   "scale": 1.0,   "variant": "default" }]
10:54:59 info: BridgeServer[0] Entity state forwarded: 7dtd -> minecraft (update, c659c35b-0f9a-4089-a3ee-a6a9e72626f8)
10:55:00 info: BridgeServer[0] Entity registry: updated, id=c659c35b-0f9a-4089-a3ee-a6a9e72626f8, count=1
10:55:00 info: BridgeServer[0] [Presentation] entity=c659c35b-0f9a-4089-a3ee-a6a9e72626f8 state=[presentation, {   "renderer": "humanoid",   "model": "survivor",   "scale": 1.0,   "variant": "default" }]
10:55:00 info: BridgeServer[0] Entity state forwarded: 7dtd -> minecraft (update, c659c35b-0f9a-4089-a3ee-a6a9e72626f8)
10:55:00 info: BridgeServer[0] Entity registry: updated, id=c659c35b-0f9a-4089-a3ee-a6a9e72626f8, count=1
10:55:00 info: BridgeServer[0] [Presentation] entity=c659c35b-0f9a-4089-a3ee-a6a9e72626f8 state=[presentation, {   "renderer": "humanoid",   "model": "survivor",   "scale": 1.0,   "variant": "default" }]
10:55:00 info: BridgeServer[0] Entity state forwarded: 7dtd -> minecraft (update, c659c35b-0f9a-4089-a3ee-a6a9e72626f8)
10:55:01 info: BridgeServer[0] Entity registry: updated, id=c659c35b-0f9a-4089-a3ee-a6a9e72626f8, count=1
10:55:01 info: BridgeServer[0] [Presentation] entity=c659c35b-0f9a-4089-a3ee-a6a9e72626f8 state=[presentation, {   "renderer": "humanoid",   "model": "survivor",   "scale": 1.0,   "variant": "default" }]
10:55:01 info: BridgeServer[0] Entity state forwarded: 7dtd -> minecraft (update, c659c35b-0f9a-4089-a3ee-a6a9e72626f8)
10:55:01 info: BridgeServer[0] Entity registry: updated, id=c659c35b-0f9a-4089-a3ee-a6a9e72626f8, count=1
10:55:01 info: BridgeServer[0] [Presentation] entity=c659c35b-0f9a-4089-a3ee-a6a9e72626f8 state=[presentation, {   "renderer": "humanoid",   "model": "survivor",   "scale": 1.0,   "variant": "default" }]
10:55:01 info: BridgeServer[0] Entity state forwarded: 7dtd -> minecraft (update, c659c35b-0f9a-4089-a3ee-a6a9e72626f8)
10:55:02 info: BridgeServer[0] Entity registry: updated, id=c659c35b-0f9a-4089-a3ee-a6a9e72626f8, count=1
10:55:02 info: BridgeServer[0] [Presentation] entity=c659c35b-0f9a-4089-a3ee-a6a9e72626f8 state=[presentation, {   "renderer": "humanoid",   "model": "survivor",   "scale": 1.0,   "variant": "default" }]
10:55:02 info: BridgeServer[0] Entity state forwarded: 7dtd -> minecraft (update, c659c35b-0f9a-4089-a3ee-a6a9e72626f8)
10:55:02 info: BridgeServer[0] Entity registry: updated, id=c659c35b-0f9a-4089-a3ee-a6a9e72626f8, count=1
10:55:02 info: BridgeServer[0] [Presentation] entity=c659c35b-0f9a-4089-a3ee-a6a9e72626f8 state=[presentation, {   "renderer": "humanoid",   "model": "survivor",   "scale": 1.0,   "variant": "default" }]
10:55:02 info: BridgeServer[0] Entity state forwarded: 7dtd -> minecraft (update, c659c35b-0f9a-4089-a3ee-a6a9e72626f8)
10:55:03 info: BridgeServer[0] Entity registry: updated, id=c659c35b-0f9a-4089-a3ee-a6a9e72626f8, count=1
10:55:03 info: BridgeServer[0] [Presentation] entity=c659c35b-0f9a-4089-a3ee-a6a9e72626f8 state=[presentation, {   "renderer": "humanoid",   "model": "survivor",   "scale": 1.0,   "variant": "default" }]
10:55:03 info: BridgeServer[0] Entity state forwarded: 7dtd -> minecraft (update, c659c35b-0f9a-4089-a3ee-a6a9e72626f8)
10:55:03 info: BridgeServer[0] Entity registry: updated, id=c659c35b-0f9a-4089-a3ee-a6a9e72626f8, count=1
10:55:03 info: BridgeServer[0] [Presentation] entity=c659c35b-0f9a-4089-a3ee-a6a9e72626f8 state=[presentation, {   "renderer": "humanoid",   "model": "survivor",   "scale": 1.0,   "variant": "default" }]
10:55:03 info: BridgeServer[0] Entity state forwarded: 7dtd -> minecraft (update, c659c35b-0f9a-4089-a3ee-a6a9e72626f8)
10:55:04 info: BridgeServer[0] Entity registry: updated, id=c659c35b-0f9a-4089-a3ee-a6a9e72626f8, count=1
10:55:04 info: BridgeServer[0] [Presentation] entity=c659c35b-0f9a-4089-a3ee-a6a9e72626f8 state=[presentation, {   "renderer": "humanoid",   "model": "survivor",   "scale": 1.0,   "variant": "default" }]
10:55:04 info: BridgeServer[0] Entity state forwarded: 7dtd -> minecraft (update, c659c35b-0f9a-4089-a3ee-a6a9e72626f8)
10:55:04 info: BridgeServer[0] Entity registry: updated, id=c659c35b-0f9a-4089-a3ee-a6a9e72626f8, count=1
10:55:04 info: BridgeServer[0] [Presentation] entity=c659c35b-0f9a-4089-a3ee-a6a9e72626f8 state=[presentation, {   "renderer": "humanoid",   "model": "survivor",   "scale": 1.0,   "variant": "default" }]
10:55:04 info: BridgeServer[0] Entity state forwarded: 7dtd -> minecraft (update, c659c35b-0f9a-4089-a3ee-a6a9e72626f8)
10:55:05 info: BridgeServer[0] Entity registry: updated, id=c659c35b-0f9a-4089-a3ee-a6a9e72626f8, count=1
10:55:05 info: BridgeServer[0] [Presentation] entity=c659c35b-0f9a-4089-a3ee-a6a9e72626f8 state=[presentation, {   "renderer": "humanoid",   "model": "survivor",   "scale": 1.0,   "variant": "default" }]
10:55:05 info: BridgeServer[0] Entity state forwarded: 7dtd -> minecraft (update, c659c35b-0f9a-4089-a3ee-a6a9e72626f8)
10:55:05 info: BridgeServer[0] Entity registry: updated, id=c659c35b-0f9a-4089-a3ee-a6a9e72626f8, count=1
10:55:05 info: BridgeServer[0] [Presentation] entity=c659c35b-0f9a-4089-a3ee-a6a9e72626f8 state=[presentation, {   "renderer": "humanoid",   "model": "survivor",   "scale": 1.0,   "variant": "default" }]
10:55:05 info: BridgeServer[0] Entity state forwarded: 7dtd -> minecraft (update, c659c35b-0f9a-4089-a3ee-a6a9e72626f8)
10:55:06 info: BridgeServer[0] Entity registry: updated, id=c659c35b-0f9a-4089-a3ee-a6a9e72626f8, count=1
10:55:06 info: BridgeServer[0] [Presentation] entity=c659c35b-0f9a-4089-a3ee-a6a9e72626f8 state=[presentation, {   "renderer": "humanoid",   "model": "survivor",   "scale": 1.0,   "variant": "default" }]
10:55:06 info: BridgeServer[0] Entity state forwarded: 7dtd -> minecraft (update, c659c35b-0f9a-4089-a3ee-a6a9e72626f8)
10:55:06 info: BridgeServer[0] Entity registry: updated, id=c659c35b-0f9a-4089-a3ee-a6a9e72626f8, count=1
10:55:06 info: BridgeServer[0] [Presentation] entity=c659c35b-0f9a-4089-a3ee-a6a9e72626f8 state=[presentation, {   "renderer": "humanoid",   "model": "survivor",   "scale": 1.0,   "variant": "default" }]
10:55:06 info: BridgeServer[0] Entity state forwarded: 7dtd -> minecraft (update, c659c35b-0f9a-4089-a3ee-a6a9e72626f8)
10:55:07 info: BridgeServer[0] Entity registry: updated, id=c659c35b-0f9a-4089-a3ee-a6a9e72626f8, count=1
10:55:07 info: BridgeServer[0] [Presentation] entity=c659c35b-0f9a-4089-a3ee-a6a9e72626f8 state=[presentation, {   "renderer": "humanoid",   "model": "survivor",   "scale": 1.0,   "variant": "default" }]
10:55:07 info: BridgeServer[0] Entity state forwarded: 7dtd -> minecraft (update, c659c35b-0f9a-4089-a3ee-a6a9e72626f8)
10:55:07 info: BridgeServer[0] Entity registry: updated, id=c659c35b-0f9a-4089-a3ee-a6a9e72626f8, count=1
10:55:07 info: BridgeServer[0] [Presentation] entity=c659c35b-0f9a-4089-a3ee-a6a9e72626f8 state=[presentation, {   "renderer": "humanoid",   "model": "survivor",   "scale": 1.0,   "variant": "default" }]
10:55:07 info: BridgeServer[0] Entity state forwarded: 7dtd -> minecraft (update, c659c35b-0f9a-4089-a3ee-a6a9e72626f8)
10:55:08 info: BridgeServer[0] Entity registry: updated, id=c659c35b-0f9a-4089-a3ee-a6a9e72626f8, count=1
10:55:08 info: BridgeServer[0] [Presentation] entity=c659c35b-0f9a-4089-a3ee-a6a9e72626f8 state=[presentation, {   "renderer": "humanoid",   "model": "survivor",   "scale": 1.0,   "variant": "default" }]
10:55:08 info: BridgeServer[0] Entity state forwarded: 7dtd -> minecraft (update, c659c35b-0f9a-4089-a3ee-a6a9e72626f8)
10:55:08 info: BridgeServer[0] Entity registry: updated, id=c659c35b-0f9a-4089-a3ee-a6a9e72626f8, count=1
10:55:08 info: BridgeServer[0] [Presentation] entity=c659c35b-0f9a-4089-a3ee-a6a9e72626f8 state=[presentation, {   "renderer": "humanoid",   "model": "survivor",   "scale": 1.0,   "variant": "default" }]
10:55:08 info: BridgeServer[0] Entity state forwarded: 7dtd -> minecraft (update, c659c35b-0f9a-4089-a3ee-a6a9e72626f8)
10:55:09 info: BridgeServer[0] Entity registry: updated, id=c659c35b-0f9a-4089-a3ee-a6a9e72626f8, count=1
10:55:09 info: BridgeServer[0] [Presentation] entity=c659c35b-0f9a-4089-a3ee-a6a9e72626f8 state=[presentation, {   "renderer": "humanoid",   "model": "survivor",   "scale": 1.0,   "variant": "default" }]
10:55:09 info: BridgeServer[0] Entity state forwarded: 7dtd -> minecraft (update, c659c35b-0f9a-4089-a3ee-a6a9e72626f8)
10:55:09 info: BridgeServer[0] Entity registry: updated, id=c659c35b-0f9a-4089-a3ee-a6a9e72626f8, count=1
10:55:09 info: BridgeServer[0] [Presentation] entity=c659c35b-0f9a-4089-a3ee-a6a9e72626f8 state=[presentation, {   "renderer": "humanoid",   "model": "survivor",   "scale": 1.0,   "variant": "default" }]
10:55:09 info: BridgeServer[0] Entity state forwarded: 7dtd -> minecraft (update, c659c35b-0f9a-4089-a3ee-a6a9e72626f8)
10:55:10 info: BridgeServer[0] Entity registry: updated, id=c659c35b-0f9a-4089-a3ee-a6a9e72626f8, count=1
10:55:10 info: BridgeServer[0] [Presentation] entity=c659c35b-0f9a-4089-a3ee-a6a9e72626f8 state=[presentation, {   "renderer": "humanoid",   "model": "survivor",   "scale": 1.0,   "variant": "default" }]
10:55:10 info: BridgeServer[0] Entity state forwarded: 7dtd -> minecraft (update, c659c35b-0f9a-4089-a3ee-a6a9e72626f8)
10:55:10 info: BridgeServer[0] Entity registry: updated, id=c659c35b-0f9a-4089-a3ee-a6a9e72626f8, count=1
10:55:10 info: BridgeServer[0] [Presentation] entity=c659c35b-0f9a-4089-a3ee-a6a9e72626f8 state=[presentation, {   "renderer": "humanoid",   "model": "survivor",   "scale": 1.0,   "variant": "default" }]
10:55:10 info: BridgeServer[0] Entity state forwarded: 7dtd -> minecraft (update, c659c35b-0f9a-4089-a3ee-a6a9e72626f8)
10:55:11 info: BridgeServer[0] Entity registry: updated, id=c659c35b-0f9a-4089-a3ee-a6a9e72626f8, count=1
10:55:11 info: BridgeServer[0] [Presentation] entity=c659c35b-0f9a-4089-a3ee-a6a9e72626f8 state=[presentation, {   "renderer": "humanoid",   "model": "survivor",   "scale": 1.0,   "variant": "default" }]
10:55:11 info: BridgeServer[0] Entity state forwarded: 7dtd -> minecraft (update, c659c35b-0f9a-4089-a3ee-a6a9e72626f8)
10:55:11 info: BridgeServer[0] Entity registry: updated, id=c659c35b-0f9a-4089-a3ee-a6a9e72626f8, count=1
10:55:11 info: BridgeServer[0] [Presentation] entity=c659c35b-0f9a-4089-a3ee-a6a9e72626f8 state=[presentation, {   "renderer": "humanoid",   "model": "survivor",   "scale": 1.0,   "variant": "default" }]
10:55:11 info: BridgeServer[0] Entity state forwarded: 7dtd -> minecraft (update, c659c35b-0f9a-4089-a3ee-a6a9e72626f8)
10:55:12 info: BridgeServer[0] Entity registry: updated, id=c659c35b-0f9a-4089-a3ee-a6a9e72626f8, count=1
10:55:12 info: BridgeServer[0] [Presentation] entity=c659c35b-0f9a-4089-a3ee-a6a9e72626f8 state=[presentation, {   "renderer": "humanoid",   "model": "survivor",   "scale": 1.0,   "variant": "default" }]
10:55:12 info: BridgeServer[0] Entity state forwarded: 7dtd -> minecraft (update, c659c35b-0f9a-4089-a3ee-a6a9e72626f8)
10:55:12 info: BridgeServer[0] Entity registry: updated, id=c659c35b-0f9a-4089-a3ee-a6a9e72626f8, count=1
10:55:12 info: BridgeServer[0] [Presentation] entity=c659c35b-0f9a-4089-a3ee-a6a9e72626f8 state=[presentation, {   "renderer": "humanoid",   "model": "survivor",   "scale": 1.0,   "variant": "default" }]
10:55:12 info: BridgeServer[0] Entity state forwarded: 7dtd -> minecraft (update, c659c35b-0f9a-4089-a3ee-a6a9e72626f8)
10:55:13 info: BridgeServer[0] Entity registry: updated, id=c659c35b-0f9a-4089-a3ee-a6a9e72626f8, count=1
10:55:13 info: BridgeServer[0] [Presentation] entity=c659c35b-0f9a-4089-a3ee-a6a9e72626f8 state=[presentation, {   "renderer": "humanoid",   "model": "survivor",   "scale": 1.0,   "variant": "default" }]
10:55:13 info: BridgeServer[0] Entity state forwarded: 7dtd -> minecraft (update, c659c35b-0f9a-4089-a3ee-a6a9e72626f8)
10:55:13 info: BridgeServer[0] Entity registry: updated, id=c659c35b-0f9a-4089-a3ee-a6a9e72626f8, count=1
10:55:13 info: BridgeServer[0] [Presentation] entity=c659c35b-0f9a-4089-a3ee-a6a9e72626f8 state=[presentation, {   "renderer": "humanoid",   "model": "survivor",   "scale": 1.0,   "variant": "default" }]
10:55:13 info: BridgeServer[0] Entity state forwarded: 7dtd -> minecraft (update, c659c35b-0f9a-4089-a3ee-a6a9e72626f8)
10:55:14 info: BridgeServer[0] Entity registry: updated, id=c659c35b-0f9a-4089-a3ee-a6a9e72626f8, count=1
10:55:14 info: BridgeServer[0] [Presentation] entity=c659c35b-0f9a-4089-a3ee-a6a9e72626f8 state=[presentation, {   "renderer": "humanoid",   "model": "survivor",   "scale": 1.0,   "variant": "default" }]
10:55:14 info: BridgeServer[0] Entity state forwarded: 7dtd -> minecraft (update, c659c35b-0f9a-4089-a3ee-a6a9e72626f8)
10:55:14 info: BridgeServer[0] Entity registry: updated, id=c659c35b-0f9a-4089-a3ee-a6a9e72626f8, count=1
10:55:14 info: BridgeServer[0] [Presentation] entity=c659c35b-0f9a-4089-a3ee-a6a9e72626f8 state=[presentation, {   "renderer": "humanoid",   "model": "survivor",   "scale": 1.0,   "variant": "default" }]
10:55:14 info: BridgeServer[0] Entity state forwarded: 7dtd -> minecraft (update, c659c35b-0f9a-4089-a3ee-a6a9e72626f8)
10:55:15 info: BridgeServer[0] Entity registry: updated, id=c659c35b-0f9a-4089-a3ee-a6a9e72626f8, count=1
10:55:15 info: BridgeServer[0] [Presentation] entity=c659c35b-0f9a-4089-a3ee-a6a9e72626f8 state=[presentation, {   "renderer": "humanoid",   "model": "survivor",   "scale": 1.0,   "variant": "default" }]
10:55:15 info: BridgeServer[0] Entity state forwarded: 7dtd -> minecraft (update, c659c35b-0f9a-4089-a3ee-a6a9e72626f8)
10:55:15 info: BridgeServer[0] Entity registry: updated, id=c659c35b-0f9a-4089-a3ee-a6a9e72626f8, count=1
10:55:15 info: BridgeServer[0] [Presentation] entity=c659c35b-0f9a-4089-a3ee-a6a9e72626f8 state=[presentation, {   "renderer": "humanoid",   "model": "survivor",   "scale": 1.0,   "variant": "default" }]
10:55:15 info: BridgeServer[0] Entity state forwarded: 7dtd -> minecraft (update, c659c35b-0f9a-4089-a3ee-a6a9e72626f8)
10:55:16 info: BridgeServer[0] Entity registry: updated, id=c659c35b-0f9a-4089-a3ee-a6a9e72626f8, count=1
10:55:16 info: BridgeServer[0] [Presentation] entity=c659c35b-0f9a-4089-a3ee-a6a9e72626f8 state=[presentation, {   "renderer": "humanoid",   "model": "survivor",   "scale": 1.0,   "variant": "default" }]
10:55:16 info: BridgeServer[0] Entity state forwarded: 7dtd -> minecraft (update, c659c35b-0f9a-4089-a3ee-a6a9e72626f8)
10:55:16 info: BridgeServer[0] Entity registry: updated, id=c659c35b-0f9a-4089-a3ee-a6a9e72626f8, count=1
10:55:16 info: BridgeServer[0] [Presentation] entity=c659c35b-0f9a-4089-a3ee-a6a9e72626f8 state=[presentation, {   "renderer": "humanoid",   "model": "survivor",   "scale": 1.0,   "variant": "default" }]
10:55:16 info: BridgeServer[0] Entity state forwarded: 7dtd -> minecraft (update, c659c35b-0f9a-4089-a3ee-a6a9e72626f8)
10:55:17 info: BridgeServer[0] Entity registry: updated, id=c659c35b-0f9a-4089-a3ee-a6a9e72626f8, count=1
10:55:17 info: BridgeServer[0] [Presentation] entity=c659c35b-0f9a-4089-a3ee-a6a9e72626f8 state=[presentation, {   "renderer": "humanoid",   "model": "survivor",   "scale": 1.0,   "variant": "default" }]
10:55:17 info: BridgeServer[0] Entity state forwarded: 7dtd -> minecraft (update, c659c35b-0f9a-4089-a3ee-a6a9e72626f8)
10:55:17 info: BridgeServer[0] Entity registry: updated, id=c659c35b-0f9a-4089-a3ee-a6a9e72626f8, count=1
10:55:17 info: BridgeServer[0] [Presentation] entity=c659c35b-0f9a-4089-a3ee-a6a9e72626f8 state=[presentation, {   "renderer": "humanoid",   "model": "survivor",   "scale": 1.0,   "variant": "default" }]
10:55:17 info: BridgeServer[0] Entity state forwarded: 7dtd -> minecraft (update, c659c35b-0f9a-4089-a3ee-a6a9e72626f8)
10:55:18 info: BridgeServer[0] Entity registry: updated, id=c659c35b-0f9a-4089-a3ee-a6a9e72626f8, count=1
10:55:18 info: BridgeServer[0] [Presentation] entity=c659c35b-0f9a-4089-a3ee-a6a9e72626f8 state=[presentation, {   "renderer": "humanoid",   "model": "survivor",   "scale": 1.0,   "variant": "default" }]
10:55:18 info: BridgeServer[0] Entity state forwarded: 7dtd -> minecraft (update, c659c35b-0f9a-4089-a3ee-a6a9e72626f8)
10:55:18 info: BridgeServer[0] Entity registry: updated, id=c659c35b-0f9a-4089-a3ee-a6a9e72626f8, count=1
10:55:18 info: BridgeServer[0] [Presentation] entity=c659c35b-0f9a-4089-a3ee-a6a9e72626f8 state=[presentation, {   "renderer": "humanoid",   "model": "survivor",   "scale": 1.0,   "variant": "default" }]
10:55:18 info: BridgeServer[0] Entity state forwarded: 7dtd -> minecraft (update, c659c35b-0f9a-4089-a3ee-a6a9e72626f8)
10:55:19 info: BridgeServer[0] Entity registry: updated, id=c659c35b-0f9a-4089-a3ee-a6a9e72626f8, count=1
10:55:19 info: BridgeServer[0] [Presentation] entity=c659c35b-0f9a-4089-a3ee-a6a9e72626f8 state=[presentation, {   "renderer": "humanoid",   "model": "survivor",   "scale": 1.0,   "variant": "default" }]
10:55:19 info: BridgeServer[0] Entity state forwarded: 7dtd -> minecraft (update, c659c35b-0f9a-4089-a3ee-a6a9e72626f8)
10:55:19 info: BridgeServer[0] Entity registry: updated, id=c659c35b-0f9a-4089-a3ee-a6a9e72626f8, count=1
10:55:19 info: BridgeServer[0] [Presentation] entity=c659c35b-0f9a-4089-a3ee-a6a9e72626f8 state=[presentation, {   "renderer": "humanoid",   "model": "survivor",   "scale": 1.0,   "variant": "default" }]
10:55:19 info: BridgeServer[0] Entity state forwarded: 7dtd -> minecraft (update, c659c35b-0f9a-4089-a3ee-a6a9e72626f8)
10:55:20 info: BridgeServer[0] Entity registry: updated, id=c659c35b-0f9a-4089-a3ee-a6a9e72626f8, count=1
10:55:20 info: BridgeServer[0] [Presentation] entity=c659c35b-0f9a-4089-a3ee-a6a9e72626f8 state=[presentation, {   "renderer": "humanoid",   "model": "survivor",   "scale": 1.0,   "variant": "default" }]
10:55:20 info: BridgeServer[0] Entity state forwarded: 7dtd -> minecraft (update, c659c35b-0f9a-4089-a3ee-a6a9e72626f8)
10:55:20 info: BridgeServer[0] Entity registry: updated, id=c659c35b-0f9a-4089-a3ee-a6a9e72626f8, count=1
10:55:20 info: BridgeServer[0] [Presentation] entity=c659c35b-0f9a-4089-a3ee-a6a9e72626f8 state=[presentation, {   "renderer": "humanoid",   "model": "survivor",   "scale": 1.0,   "variant": "default" }]
10:55:20 info: BridgeServer[0] Entity state forwarded: 7dtd -> minecraft (update, c659c35b-0f9a-4089-a3ee-a6a9e72626f8)
10:55:21 info: BridgeServer[0] Entity registry: updated, id=c659c35b-0f9a-4089-a3ee-a6a9e72626f8, count=1
10:55:21 info: BridgeServer[0] [Presentation] entity=c659c35b-0f9a-4089-a3ee-a6a9e72626f8 state=[presentation, {   "renderer": "humanoid",   "model": "survivor",   "scale": 1.0,   "variant": "default" }]
10:55:21 info: BridgeServer[0] Entity state forwarded: 7dtd -> minecraft (update, c659c35b-0f9a-4089-a3ee-a6a9e72626f8)
10:55:22 info: BridgeServer[0] Entity registry: updated, id=c659c35b-0f9a-4089-a3ee-a6a9e72626f8, count=1
10:55:22 info: BridgeServer[0] [Presentation] entity=c659c35b-0f9a-4089-a3ee-a6a9e72626f8 state=[presentation, {   "renderer": "humanoid",   "model": "survivor",   "scale": 1.0,   "variant": "default" }]
10:55:22 info: BridgeServer[0] Entity state forwarded: 7dtd -> minecraft (update, c659c35b-0f9a-4089-a3ee-a6a9e72626f8)
10:55:22 info: BridgeServer[0] Entity registry: updated, id=c659c35b-0f9a-4089-a3ee-a6a9e72626f8, count=1
10:55:22 info: BridgeServer[0] [Presentation] entity=c659c35b-0f9a-4089-a3ee-a6a9e72626f8 state=[presentation, {   "renderer": "humanoid",   "model": "survivor",   "scale": 1.0,   "variant": "default" }]
10:55:22 info: BridgeServer[0] Entity state forwarded: 7dtd -> minecraft (update, c659c35b-0f9a-4089-a3ee-a6a9e72626f8)
10:55:23 info: BridgeServer[0] Entity registry: updated, id=c659c35b-0f9a-4089-a3ee-a6a9e72626f8, count=1
10:55:23 info: BridgeServer[0] [Presentation] entity=c659c35b-0f9a-4089-a3ee-a6a9e72626f8 state=[presentation, {   "renderer": "humanoid",   "model": "survivor",   "scale": 1.0,   "variant": "default" }]
10:55:23 info: BridgeServer[0] Entity state forwarded: 7dtd -> minecraft (update, c659c35b-0f9a-4089-a3ee-a6a9e72626f8)
10:55:23 info: BridgeServer[0] Entity registry: updated, id=c659c35b-0f9a-4089-a3ee-a6a9e72626f8, count=1
10:55:23 info: BridgeServer[0] [Presentation] entity=c659c35b-0f9a-4089-a3ee-a6a9e72626f8 state=[presentation, {   "renderer": "humanoid",   "model": "survivor",   "scale": 1.0,   "variant": "default" }]
10:55:23 info: BridgeServer[0] Entity state forwarded: 7dtd -> minecraft (update, c659c35b-0f9a-4089-a3ee-a6a9e72626f8)
10:55:24 info: BridgeServer[0] Entity registry: updated, id=c659c35b-0f9a-4089-a3ee-a6a9e72626f8, count=1
10:55:24 info: BridgeServer[0] [Presentation] entity=c659c35b-0f9a-4089-a3ee-a6a9e72626f8 state=[presentation, {   "renderer": "humanoid",   "model": "survivor",   "scale": 1.0,   "variant": "default" }]
10:55:24 info: BridgeServer[0] Entity state forwarded: 7dtd -> minecraft (update, c659c35b-0f9a-4089-a3ee-a6a9e72626f8)
10:55:24 info: BridgeServer[0] Entity registry: updated, id=c659c35b-0f9a-4089-a3ee-a6a9e72626f8, count=1
10:55:24 info: BridgeServer[0] [Presentation] entity=c659c35b-0f9a-4089-a3ee-a6a9e72626f8 state=[presentation, {   "renderer": "humanoid",   "model": "survivor",   "scale": 1.0,   "variant": "default" }]
10:55:24 info: BridgeServer[0] Entity state forwarded: 7dtd -> minecraft (update, c659c35b-0f9a-4089-a3ee-a6a9e72626f8)
10:55:25 info: BridgeServer[0] Entity registry: updated, id=c659c35b-0f9a-4089-a3ee-a6a9e72626f8, count=1
10:55:25 info: BridgeServer[0] [Presentation] entity=c659c35b-0f9a-4089-a3ee-a6a9e72626f8 state=[presentation, {   "renderer": "humanoid",   "model": "survivor",   "scale": 1.0,   "variant": "default" }]
10:55:25 info: BridgeServer[0] Entity state forwarded: 7dtd -> minecraft (update, c659c35b-0f9a-4089-a3ee-a6a9e72626f8)
10:55:25 info: BridgeServer[0] Entity registry: updated, id=c659c35b-0f9a-4089-a3ee-a6a9e72626f8, count=1
10:55:25 info: BridgeServer[0] [Presentation] entity=c659c35b-0f9a-4089-a3ee-a6a9e72626f8 state=[presentation, {   "renderer": "humanoid",   "model": "survivor",   "scale": 1.0,   "variant": "default" }]
10:55:25 info: BridgeServer[0] Entity state forwarded: 7dtd -> minecraft (update, c659c35b-0f9a-4089-a3ee-a6a9e72626f8)
10:55:26 info: BridgeServer[0] Entity registry: updated, id=c659c35b-0f9a-4089-a3ee-a6a9e72626f8, count=1
10:55:26 info: BridgeServer[0] [Presentation] entity=c659c35b-0f9a-4089-a3ee-a6a9e72626f8 state=[presentation, {   "renderer": "humanoid",   "model": "survivor",   "scale": 1.0,   "variant": "default" }]
10:55:26 info: BridgeServer[0] Entity state forwarded: 7dtd -> minecraft (update, c659c35b-0f9a-4089-a3ee-a6a9e72626f8)
10:55:26 info: BridgeServer[0] Entity registry: updated, id=c659c35b-0f9a-4089-a3ee-a6a9e72626f8, count=1
10:55:26 info: BridgeServer[0] [Presentation] entity=c659c35b-0f9a-4089-a3ee-a6a9e72626f8 state=[presentation, {   "renderer": "humanoid",   "model": "survivor",   "scale": 1.0,   "variant": "default" }]
10:55:26 info: BridgeServer[0] Entity state forwarded: 7dtd -> minecraft (update, c659c35b-0f9a-4089-a3ee-a6a9e72626f8)
10:55:27 info: BridgeServer[0] Entity registry: updated, id=c659c35b-0f9a-4089-a3ee-a6a9e72626f8, count=1
10:55:27 info: BridgeServer[0] [Presentation] entity=c659c35b-0f9a-4089-a3ee-a6a9e72626f8 state=[presentation, {   "renderer": "humanoid",   "model": "survivor",   "scale": 1.0,   "variant": "default" }]
10:55:27 info: BridgeServer[0] Entity state forwarded: 7dtd -> minecraft (update, c659c35b-0f9a-4089-a3ee-a6a9e72626f8)
10:55:27 info: BridgeServer[0] Entity registry: updated, id=c659c35b-0f9a-4089-a3ee-a6a9e72626f8, count=1
10:55:27 info: BridgeServer[0] [Presentation] entity=c659c35b-0f9a-4089-a3ee-a6a9e72626f8 state=[presentation, {   "renderer": "humanoid",   "model": "survivor",   "scale": 1.0,   "variant": "default" }]
10:55:27 info: BridgeServer[0] Entity state forwarded: 7dtd -> minecraft (update, c659c35b-0f9a-4089-a3ee-a6a9e72626f8)
10:55:28 info: BridgeServer[0] Entity registry: updated, id=c659c35b-0f9a-4089-a3ee-a6a9e72626f8, count=1
10:55:28 info: BridgeServer[0] [Presentation] entity=c659c35b-0f9a-4089-a3ee-a6a9e72626f8 state=[presentation, {   "renderer": "humanoid",   "model": "survivor",   "scale": 1.0,   "variant": "default" }]
10:55:28 info: BridgeServer[0] Entity state forwarded: 7dtd -> minecraft (update, c659c35b-0f9a-4089-a3ee-a6a9e72626f8)
10:55:28 info: BridgeServer[0] Entity registry: updated, id=c659c35b-0f9a-4089-a3ee-a6a9e72626f8, count=1
10:55:28 info: BridgeServer[0] [Presentation] entity=c659c35b-0f9a-4089-a3ee-a6a9e72626f8 state=[presentation, {   "renderer": "humanoid",   "model": "survivor",   "scale": 1.0,   "variant": "default" }]
10:55:28 info: BridgeServer[0] Entity state forwarded: 7dtd -> minecraft (update, c659c35b-0f9a-4089-a3ee-a6a9e72626f8)
10:55:29 info: BridgeServer[0] Entity registry: updated, id=c659c35b-0f9a-4089-a3ee-a6a9e72626f8, count=1
10:55:29 info: BridgeServer[0] [Presentation] entity=c659c35b-0f9a-4089-a3ee-a6a9e72626f8 state=[presentation, {   "renderer": "humanoid",   "model": "survivor",   "scale": 1.0,   "variant": "default" }]
10:55:29 info: BridgeServer[0] Entity state forwarded: 7dtd -> minecraft (update, c659c35b-0f9a-4089-a3ee-a6a9e72626f8)
10:55:29 info: BridgeServer[0] Entity registry: updated, id=c659c35b-0f9a-4089-a3ee-a6a9e72626f8, count=1
10:55:29 info: BridgeServer[0] [Presentation] entity=c659c35b-0f9a-4089-a3ee-a6a9e72626f8 state=[presentation, {   "renderer": "humanoid",   "model": "survivor",   "scale": 1.0,   "variant": "default" }]
10:55:29 info: BridgeServer[0] Entity state forwarded: 7dtd -> minecraft (update, c659c35b-0f9a-4089-a3ee-a6a9e72626f8)
10:55:30 info: BridgeServer[0] Entity registry: updated, id=c659c35b-0f9a-4089-a3ee-a6a9e72626f8, count=1
10:55:30 info: BridgeServer[0] [Presentation] entity=c659c35b-0f9a-4089-a3ee-a6a9e72626f8 state=[presentation, {   "renderer": "humanoid",   "model": "survivor",   "scale": 1.0,   "variant": "default" }]
10:55:30 info: BridgeServer[0] Entity state forwarded: 7dtd -> minecraft (update, c659c35b-0f9a-4089-a3ee-a6a9e72626f8)
10:55:30 info: BridgeServer[0] Entity registry: updated, id=c659c35b-0f9a-4089-a3ee-a6a9e72626f8, count=1
10:55:30 info: BridgeServer[0] [Presentation] entity=c659c35b-0f9a-4089-a3ee-a6a9e72626f8 state=[presentation, {   "renderer": "humanoid",   "model": "survivor",   "scale": 1.0,   "variant": "default" }]
10:55:30 info: BridgeServer[0] Entity state forwarded: 7dtd -> minecraft (update, c659c35b-0f9a-4089-a3ee-a6a9e72626f8)
10:55:31 info: BridgeServer[0] Entity registry: updated, id=c659c35b-0f9a-4089-a3ee-a6a9e72626f8, count=1
10:55:31 info: BridgeServer[0] [Presentation] entity=c659c35b-0f9a-4089-a3ee-a6a9e72626f8 state=[presentation, {   "renderer": "humanoid",   "model": "survivor",   "scale": 1.0,   "variant": "default" }]
10:55:31 info: BridgeServer[0] Entity state forwarded: 7dtd -> minecraft (update, c659c35b-0f9a-4089-a3ee-a6a9e72626f8)
10:55:31 info: BridgeServer[0] Entity registry: updated, id=c659c35b-0f9a-4089-a3ee-a6a9e72626f8, count=1
10:55:31 info: BridgeServer[0] [Presentation] entity=c659c35b-0f9a-4089-a3ee-a6a9e72626f8 state=[presentation, {   "renderer": "humanoid",   "model": "survivor",   "scale": 1.0,   "variant": "default" }]
10:55:31 info: BridgeServer[0] Entity state forwarded: 7dtd -> minecraft (update, c659c35b-0f9a-4089-a3ee-a6a9e72626f8)
10:55:32 info: BridgeServer[0] Entity registry: updated, id=c659c35b-0f9a-4089-a3ee-a6a9e72626f8, count=1
10:55:32 info: BridgeServer[0] [Presentation] entity=c659c35b-0f9a-4089-a3ee-a6a9e72626f8 state=[presentation, {   "renderer": "humanoid",   "model": "survivor",   "scale": 1.0,   "variant": "default" }]
10:55:32 info: BridgeServer[0] Entity state forwarded: 7dtd -> minecraft (update, c659c35b-0f9a-4089-a3ee-a6a9e72626f8)
10:55:32 info: BridgeServer[0] Entity registry: updated, id=c659c35b-0f9a-4089-a3ee-a6a9e72626f8, count=1
10:55:32 info: BridgeServer[0] [Presentation] entity=c659c35b-0f9a-4089-a3ee-a6a9e72626f8 state=[presentation, {   "renderer": "humanoid",   "model": "survivor",   "scale": 1.0,   "variant": "default" }]
10:55:32 info: BridgeServer[0] Entity state forwarded: 7dtd -> minecraft (update, c659c35b-0f9a-4089-a3ee-a6a9e72626f8)
10:55:33 info: BridgeServer[0] Entity registry: updated, id=c659c35b-0f9a-4089-a3ee-a6a9e72626f8, count=1
10:55:33 info: BridgeServer[0] [Presentation] entity=c659c35b-0f9a-4089-a3ee-a6a9e72626f8 state=[presentation, {   "renderer": "humanoid",   "model": "survivor",   "scale": 1.0,   "variant": "default" }]
10:55:33 info: BridgeServer[0] Entity state forwarded: 7dtd -> minecraft (update, c659c35b-0f9a-4089-a3ee-a6a9e72626f8)
10:55:33 info: BridgeServer[0] Components: equipment_applied, id=c659c35b-0f9a-4089-a3ee-a6a9e72626f8, revision=5; 7dtd -> minecraft
10:55:33 info: BridgeServer[0] Entity registry: updated, id=c659c35b-0f9a-4089-a3ee-a6a9e72626f8, count=1
10:55:33 info: BridgeServer[0] [Presentation] entity=c659c35b-0f9a-4089-a3ee-a6a9e72626f8 state=[presentation, {   "renderer": "humanoid",   "model": "survivor",   "scale": 1.0,   "variant": "default" }]
10:55:33 info: BridgeServer[0] Entity state forwarded: 7dtd -> minecraft (update, c659c35b-0f9a-4089-a3ee-a6a9e72626f8)
10:55:34 info: BridgeServer[0] Entity registry: updated, id=c659c35b-0f9a-4089-a3ee-a6a9e72626f8, count=1
10:55:34 info: BridgeServer[0] [Presentation] entity=c659c35b-0f9a-4089-a3ee-a6a9e72626f8 state=[presentation, {   "renderer": "humanoid",   "model": "survivor",   "scale": 1.0,   "variant": "default" }]
10:55:34 info: BridgeServer[0] Entity state forwarded: 7dtd -> minecraft (update, c659c35b-0f9a-4089-a3ee-a6a9e72626f8)
10:55:34 info: BridgeServer[0] Entity registry: updated, id=c659c35b-0f9a-4089-a3ee-a6a9e72626f8, count=1
10:55:34 info: BridgeServer[0] [Presentation] entity=c659c35b-0f9a-4089-a3ee-a6a9e72626f8 state=[presentation, {   "renderer": "humanoid",   "model": "survivor",   "scale": 1.0,   "variant": "default" }]
10:55:34 info: BridgeServer[0] Entity state forwarded: 7dtd -> minecraft (update, c659c35b-0f9a-4089-a3ee-a6a9e72626f8)
10:55:35 info: BridgeServer[0] Entity registry: updated, id=c659c35b-0f9a-4089-a3ee-a6a9e72626f8, count=1
10:55:35 info: BridgeServer[0] [Presentation] entity=c659c35b-0f9a-4089-a3ee-a6a9e72626f8 state=[presentation, {   "renderer": "humanoid",   "model": "survivor",   "scale": 1.0,   "variant": "default" }]
10:55:35 info: BridgeServer[0] Entity state forwarded: 7dtd -> minecraft (update, c659c35b-0f9a-4089-a3ee-a6a9e72626f8)
10:55:35 info: BridgeServer[0] Entity registry: updated, id=c659c35b-0f9a-4089-a3ee-a6a9e72626f8, count=1
10:55:35 info: BridgeServer[0] [Presentation] entity=c659c35b-0f9a-4089-a3ee-a6a9e72626f8 state=[presentation, {   "renderer": "humanoid",   "model": "survivor",   "scale": 1.0,   "variant": "default" }]
10:55:35 info: BridgeServer[0] Entity state forwarded: 7dtd -> minecraft (update, c659c35b-0f9a-4089-a3ee-a6a9e72626f8)
10:55:36 info: BridgeServer[0] Entity registry: updated, id=c659c35b-0f9a-4089-a3ee-a6a9e72626f8, count=1
10:55:36 info: BridgeServer[0] [Presentation] entity=c659c35b-0f9a-4089-a3ee-a6a9e72626f8 state=[presentation, {   "renderer": "humanoid",   "model": "survivor",   "scale": 1.0,   "variant": "default" }]
10:55:36 info: BridgeServer[0] Entity state forwarded: 7dtd -> minecraft (update, c659c35b-0f9a-4089-a3ee-a6a9e72626f8)
10:55:36 info: BridgeServer[0] Entity registry: updated, id=c659c35b-0f9a-4089-a3ee-a6a9e72626f8, count=1
10:55:36 info: BridgeServer[0] [Presentation] entity=c659c35b-0f9a-4089-a3ee-a6a9e72626f8 state=[presentation, {   "renderer": "humanoid",   "model": "survivor",   "scale": 1.0,   "variant": "default" }]
10:55:36 info: BridgeServer[0] Entity state forwarded: 7dtd -> minecraft (update, c659c35b-0f9a-4089-a3ee-a6a9e72626f8)
10:55:37 info: BridgeServer[0] Entity registry: updated, id=c659c35b-0f9a-4089-a3ee-a6a9e72626f8, count=1
10:55:37 info: BridgeServer[0] [Presentation] entity=c659c35b-0f9a-4089-a3ee-a6a9e72626f8 state=[presentation, {   "renderer": "humanoid",   "model": "survivor",   "scale": 1.0,   "variant": "default" }]
10:55:37 info: BridgeServer[0] Entity state forwarded: 7dtd -> minecraft (update, c659c35b-0f9a-4089-a3ee-a6a9e72626f8)
10:55:37 info: BridgeServer[0] Entity registry: updated, id=c659c35b-0f9a-4089-a3ee-a6a9e72626f8, count=1
10:55:37 info: BridgeServer[0] [Presentation] entity=c659c35b-0f9a-4089-a3ee-a6a9e72626f8 state=[presentation, {   "renderer": "humanoid",   "model": "survivor",   "scale": 1.0,   "variant": "default" }]
10:55:37 info: BridgeServer[0] Entity state forwarded: 7dtd -> minecraft (update, c659c35b-0f9a-4089-a3ee-a6a9e72626f8)
10:55:38 info: BridgeServer[0] Entity registry: updated, id=c659c35b-0f9a-4089-a3ee-a6a9e72626f8, count=1
10:55:38 info: BridgeServer[0] [Presentation] entity=c659c35b-0f9a-4089-a3ee-a6a9e72626f8 state=[presentation, {   "renderer": "humanoid",   "model": "survivor",   "scale": 1.0,   "variant": "default" }]
10:55:38 info: BridgeServer[0] Entity state forwarded: 7dtd -> minecraft (update, c659c35b-0f9a-4089-a3ee-a6a9e72626f8)
10:55:38 info: BridgeServer[0] Entity registry: updated, id=c659c35b-0f9a-4089-a3ee-a6a9e72626f8, count=1
10:55:38 info: BridgeServer[0] [Presentation] entity=c659c35b-0f9a-4089-a3ee-a6a9e72626f8 state=[presentation, {   "renderer": "humanoid",   "model": "survivor",   "scale": 1.0,   "variant": "default" }]
10:55:38 info: BridgeServer[0] Entity state forwarded: 7dtd -> minecraft (update, c659c35b-0f9a-4089-a3ee-a6a9e72626f8)
10:55:39 info: BridgeServer[0] Entity registry: updated, id=c659c35b-0f9a-4089-a3ee-a6a9e72626f8, count=1
10:55:39 info: BridgeServer[0] [Presentation] entity=c659c35b-0f9a-4089-a3ee-a6a9e72626f8 state=[presentation, {   "renderer": "humanoid",   "model": "survivor",   "scale": 1.0,   "variant": "default" }]
10:55:39 info: BridgeServer[0] Entity state forwarded: 7dtd -> minecraft (update, c659c35b-0f9a-4089-a3ee-a6a9e72626f8)
10:55:39 info: BridgeServer[0] Entity registry: updated, id=c659c35b-0f9a-4089-a3ee-a6a9e72626f8, count=1
10:55:39 info: BridgeServer[0] [Presentation] entity=c659c35b-0f9a-4089-a3ee-a6a9e72626f8 state=[presentation, {   "renderer": "humanoid",   "model": "survivor",   "scale": 1.0,   "variant": "default" }]
10:55:39 info: BridgeServer[0] Entity state forwarded: 7dtd -> minecraft (update, c659c35b-0f9a-4089-a3ee-a6a9e72626f8)
10:55:40 info: BridgeServer[0] Entity registry: updated, id=c659c35b-0f9a-4089-a3ee-a6a9e72626f8, count=1
10:55:40 info: BridgeServer[0] [Presentation] entity=c659c35b-0f9a-4089-a3ee-a6a9e72626f8 state=[presentation, {   "renderer": "humanoid",   "model": "survivor",   "scale": 1.0,   "variant": "default" }]
10:55:40 info: BridgeServer[0] Entity state forwarded: 7dtd -> minecraft (update, c659c35b-0f9a-4089-a3ee-a6a9e72626f8)
10:55:40 info: Microsoft.AspNetCore.Hosting.Diagnostics[1] Request starting HTTP/1.1 GET http://localhost:18771/debug/entities - - -
10:55:40 info: Microsoft.AspNetCore.Routing.EndpointMiddleware[0] Executing endpoint 'HTTP: GET /debug/entities'
10:55:40 info: Microsoft.AspNetCore.Http.Result.JsonResult[3] Writing value of type '<>f__AnonymousType4`1' as Json.
10:55:40 info: Microsoft.AspNetCore.Routing.EndpointMiddleware[1] Executed endpoint 'HTTP: GET /debug/entities'
10:55:40 info: Microsoft.AspNetCore.Hosting.Diagnostics[2] Request finished HTTP/1.1 GET http://localhost:18771/debug/entities - 200 - application/json;+charset=utf-8 0.3538ms
10:55:40 info: BridgeServer[0] Entity registry: updated, id=c659c35b-0f9a-4089-a3ee-a6a9e72626f8, count=1
10:55:40 info: BridgeServer[0] [Presentation] entity=c659c35b-0f9a-4089-a3ee-a6a9e72626f8 state=[presentation, {   "renderer": "humanoid",   "model": "survivor",   "scale": 1.0,   "variant": "default" }]
10:55:40 info: BridgeServer[0] Entity state forwarded: 7dtd -> minecraft (update, c659c35b-0f9a-4089-a3ee-a6a9e72626f8)
10:55:41 info: BridgeServer[0] Entity registry: updated, id=c659c35b-0f9a-4089-a3ee-a6a9e72626f8, count=1
10:55:41 info: BridgeServer[0] [Presentation] entity=c659c35b-0f9a-4089-a3ee-a6a9e72626f8 state=[presentation, {   "renderer": "humanoid",   "model": "survivor",   "scale": 1.0,   "variant": "default" }]
10:55:41 info: BridgeServer[0] Entity state forwarded: 7dtd -> minecraft (update, c659c35b-0f9a-4089-a3ee-a6a9e72626f8)
10:55:41 info: BridgeServer[0] Entity registry: updated, id=c659c35b-0f9a-4089-a3ee-a6a9e72626f8, count=1
10:55:41 info: BridgeServer[0] [Presentation] entity=c659c35b-0f9a-4089-a3ee-a6a9e72626f8 state=[presentation, {   "renderer": "humanoid",   "model": "survivor",   "scale": 1.0,   "variant": "default" }]
10:55:41 info: BridgeServer[0] Entity state forwarded: 7dtd -> minecraft (update, c659c35b-0f9a-4089-a3ee-a6a9e72626f8)
10:55:42 info: BridgeServer[0] Entity registry: updated, id=c659c35b-0f9a-4089-a3ee-a6a9e72626f8, count=1
10:55:42 info: BridgeServer[0] [Presentation] entity=c659c35b-0f9a-4089-a3ee-a6a9e72626f8 state=[presentation, {   "renderer": "humanoid",   "model": "survivor",   "scale": 1.0,   "variant": "default" }]
10:55:42 info: BridgeServer[0] Entity state forwarded: 7dtd -> minecraft (update, c659c35b-0f9a-4089-a3ee-a6a9e72626f8)
10:55:42 info: BridgeServer[0] Entity registry: updated, id=c659c35b-0f9a-4089-a3ee-a6a9e72626f8, count=1
10:55:42 info: BridgeServer[0] [Presentation] entity=c659c35b-0f9a-4089-a3ee-a6a9e72626f8 state=[presentation, {   "renderer": "humanoid",   "model": "survivor",   "scale": 1.0,   "variant": "default" }]
10:55:42 info: BridgeServer[0] Entity state forwarded: 7dtd -> minecraft (update, c659c35b-0f9a-4089-a3ee-a6a9e72626f8)
10:55:43 info: BridgeServer[0] Entity registry: updated, id=c659c35b-0f9a-4089-a3ee-a6a9e72626f8, count=1
10:55:43 info: BridgeServer[0] [Presentation] entity=c659c35b-0f9a-4089-a3ee-a6a9e72626f8 state=[presentation, {   "renderer": "humanoid",   "model": "survivor",   "scale": 1.0,   "variant": "default" }]
10:55:43 info: BridgeServer[0] Entity state forwarded: 7dtd -> minecraft (update, c659c35b-0f9a-4089-a3ee-a6a9e72626f8)
10:55:43 info: BridgeServer[0] Entity registry: updated, id=c659c35b-0f9a-4089-a3ee-a6a9e72626f8, count=1
10:55:43 info: BridgeServer[0] [Presentation] entity=c659c35b-0f9a-4089-a3ee-a6a9e72626f8 state=[presentation, {   "renderer": "humanoid",   "model": "survivor",   "scale": 1.0,   "variant": "default" }]
10:55:43 info: BridgeServer[0] Entity state forwarded: 7dtd -> minecraft (update, c659c35b-0f9a-4089-a3ee-a6a9e72626f8)
10:55:44 info: BridgeServer[0] Entity registry: updated, id=c659c35b-0f9a-4089-a3ee-a6a9e72626f8, count=1
10:55:44 info: BridgeServer[0] [Presentation] entity=c659c35b-0f9a-4089-a3ee-a6a9e72626f8 state=[presentation, {   "renderer": "humanoid",   "model": "survivor",   "scale": 1.0,   "variant": "default" }]
10:55:44 info: BridgeServer[0] Entity state forwarded: 7dtd -> minecraft (update, c659c35b-0f9a-4089-a3ee-a6a9e72626f8)
10:55:44 info: BridgeServer[0] Entity registry: updated, id=c659c35b-0f9a-4089-a3ee-a6a9e72626f8, count=1
10:55:44 info: BridgeServer[0] [Presentation] entity=c659c35b-0f9a-4089-a3ee-a6a9e72626f8 state=[presentation, {   "renderer": "humanoid",   "model": "survivor",   "scale": 1.0,   "variant": "default" }]
10:55:44 info: BridgeServer[0] Entity state forwarded: 7dtd -> minecraft (update, c659c35b-0f9a-4089-a3ee-a6a9e72626f8)
10:55:45 info: BridgeServer[0] Entity registry: updated, id=c659c35b-0f9a-4089-a3ee-a6a9e72626f8, count=1
10:55:45 info: BridgeServer[0] [Presentation] entity=c659c35b-0f9a-4089-a3ee-a6a9e72626f8 state=[presentation, {   "renderer": "humanoid",   "model": "survivor",   "scale": 1.0,   "variant": "default" }]
10:55:45 info: BridgeServer[0] Entity state forwarded: 7dtd -> minecraft (update, c659c35b-0f9a-4089-a3ee-a6a9e72626f8)
10:55:45 info: BridgeServer[0] Entity registry: updated, id=c659c35b-0f9a-4089-a3ee-a6a9e72626f8, count=1
10:55:45 info: BridgeServer[0] [Presentation] entity=c659c35b-0f9a-4089-a3ee-a6a9e72626f8 state=[presentation, {   "renderer": "humanoid",   "model": "survivor",   "scale": 1.0,   "variant": "default" }]
10:55:45 info: BridgeServer[0] Entity state forwarded: 7dtd -> minecraft (update, c659c35b-0f9a-4089-a3ee-a6a9e72626f8)
10:55:46 info: BridgeServer[0] Entity registry: updated, id=c659c35b-0f9a-4089-a3ee-a6a9e72626f8, count=1
10:55:46 info: BridgeServer[0] [Presentation] entity=c659c35b-0f9a-4089-a3ee-a6a9e72626f8 state=[presentation, {   "renderer": "humanoid",   "model": "survivor",   "scale": 1.0,   "variant": "default" }]
10:55:46 info: BridgeServer[0] Entity state forwarded: 7dtd -> minecraft (update, c659c35b-0f9a-4089-a3ee-a6a9e72626f8)
10:55:46 info: BridgeServer[0] Entity registry: updated, id=c659c35b-0f9a-4089-a3ee-a6a9e72626f8, count=1
10:55:46 info: BridgeServer[0] [Presentation] entity=c659c35b-0f9a-4089-a3ee-a6a9e72626f8 state=[presentation, {   "renderer": "humanoid",   "model": "survivor",   "scale": 1.0,   "variant": "default" }]
10:55:46 info: BridgeServer[0] Entity state forwarded: 7dtd -> minecraft (update, c659c35b-0f9a-4089-a3ee-a6a9e72626f8)
10:55:47 info: BridgeServer[0] Entity registry: updated, id=c659c35b-0f9a-4089-a3ee-a6a9e72626f8, count=1
10:55:47 info: BridgeServer[0] [Presentation] entity=c659c35b-0f9a-4089-a3ee-a6a9e72626f8 state=[presentation, {   "renderer": "humanoid",   "model": "survivor",   "scale": 1.0,   "variant": "default" }]
10:55:47 info: BridgeServer[0] Entity state forwarded: 7dtd -> minecraft (update, c659c35b-0f9a-4089-a3ee-a6a9e72626f8)
10:55:47 info: BridgeServer[0] Entity registry: updated, id=c659c35b-0f9a-4089-a3ee-a6a9e72626f8, count=1
10:55:47 info: BridgeServer[0] [Presentation] entity=c659c35b-0f9a-4089-a3ee-a6a9e72626f8 state=[presentation, {   "renderer": "humanoid",   "model": "survivor",   "scale": 1.0,   "variant": "default" }]
10:55:47 info: BridgeServer[0] Entity state forwarded: 7dtd -> minecraft (update, c659c35b-0f9a-4089-a3ee-a6a9e72626f8)
10:55:48 info: BridgeServer[0] Entity registry: updated, id=c659c35b-0f9a-4089-a3ee-a6a9e72626f8, count=1
10:55:48 info: BridgeServer[0] [Presentation] entity=c659c35b-0f9a-4089-a3ee-a6a9e72626f8 state=[presentation, {   "renderer": "humanoid",   "model": "survivor",   "scale": 1.0,   "variant": "default" }]
10:55:48 info: BridgeServer[0] Entity state forwarded: 7dtd -> minecraft (update, c659c35b-0f9a-4089-a3ee-a6a9e72626f8)
10:55:48 info: BridgeServer[0] Entity registry: updated, id=c659c35b-0f9a-4089-a3ee-a6a9e72626f8, count=1
10:55:48 info: BridgeServer[0] [Presentation] entity=c659c35b-0f9a-4089-a3ee-a6a9e72626f8 state=[presentation, {   "renderer": "humanoid",   "model": "survivor",   "scale": 1.0,   "variant": "default" }]
10:55:48 info: BridgeServer[0] Entity state forwarded: 7dtd -> minecraft (update, c659c35b-0f9a-4089-a3ee-a6a9e72626f8)
10:55:49 info: BridgeServer[0] Entity registry: updated, id=c659c35b-0f9a-4089-a3ee-a6a9e72626f8, count=1
10:55:49 info: BridgeServer[0] [Presentation] entity=c659c35b-0f9a-4089-a3ee-a6a9e72626f8 state=[presentation, {   "renderer": "humanoid",   "model": "survivor",   "scale": 1.0,   "variant": "default" }]
10:55:49 info: BridgeServer[0] Entity state forwarded: 7dtd -> minecraft (update, c659c35b-0f9a-4089-a3ee-a6a9e72626f8)
10:55:49 info: BridgeServer[0] Entity registry: updated, id=c659c35b-0f9a-4089-a3ee-a6a9e72626f8, count=1
10:55:49 info: BridgeServer[0] [Presentation] entity=c659c35b-0f9a-4089-a3ee-a6a9e72626f8 state=[presentation, {   "renderer": "humanoid",   "model": "survivor",   "scale": 1.0,   "variant": "default" }]
10:55:49 info: BridgeServer[0] Entity state forwarded: 7dtd -> minecraft (update, c659c35b-0f9a-4089-a3ee-a6a9e72626f8)
10:55:50 info: BridgeServer[0] Entity registry: updated, id=c659c35b-0f9a-4089-a3ee-a6a9e72626f8, count=1
10:55:50 info: BridgeServer[0] [Presentation] entity=c659c35b-0f9a-4089-a3ee-a6a9e72626f8 state=[presentation, {   "renderer": "humanoid",   "model": "survivor",   "scale": 1.0,   "variant": "default" }]
10:55:50 info: BridgeServer[0] Entity state forwarded: 7dtd -> minecraft (update, c659c35b-0f9a-4089-a3ee-a6a9e72626f8)
10:55:50 info: BridgeServer[0] Entity registry: updated, id=c659c35b-0f9a-4089-a3ee-a6a9e72626f8, count=1
10:55:50 info: BridgeServer[0] [Presentation] entity=c659c35b-0f9a-4089-a3ee-a6a9e72626f8 state=[presentation, {   "renderer": "humanoid",   "model": "survivor",   "scale": 1.0,   "variant": "default" }]
10:55:50 info: BridgeServer[0] Entity state forwarded: 7dtd -> minecraft (update, c659c35b-0f9a-4089-a3ee-a6a9e72626f8)
10:55:51 info: BridgeServer[0] Entity registry: updated, id=c659c35b-0f9a-4089-a3ee-a6a9e72626f8, count=1
10:55:51 info: BridgeServer[0] [Presentation] entity=c659c35b-0f9a-4089-a3ee-a6a9e72626f8 state=[presentation, {   "renderer": "humanoid",   "model": "survivor",   "scale": 1.0,   "variant": "default" }]
10:55:51 info: BridgeServer[0] Entity state forwarded: 7dtd -> minecraft (update, c659c35b-0f9a-4089-a3ee-a6a9e72626f8)
10:55:51 info: BridgeServer[0] Player position forwarded: minecraft -> 7dtd (-46.4980827909365, 71, 73.39785432349018)
10:55:51 info: BridgeServer[0] Entity registry: updated, id=d317490e-d1c8-4c5d-b4fc-725645e4df41, count=1
10:55:51 info: BridgeServer[0] [Presentation] entity=d317490e-d1c8-4c5d-b4fc-725645e4df41 state=[presentation, {   "renderer": "humanoid",   "model": "player",   "scale": 1.0,   "variant": "default" }]
10:55:51 info: BridgeServer[0] Entity state forwarded: minecraft -> 7dtd (update, d317490e-d1c8-4c5d-b4fc-725645e4df41)
10:55:51 info: BridgeServer[0] Entity registry: updated, id=c659c35b-0f9a-4089-a3ee-a6a9e72626f8, count=1
10:55:51 info: BridgeServer[0] [Presentation] entity=c659c35b-0f9a-4089-a3ee-a6a9e72626f8 state=[presentation, {   "renderer": "humanoid",   "model": "survivor",   "scale": 1.0,   "variant": "default" }]
10:55:51 info: BridgeServer[0] Entity state forwarded: 7dtd -> minecraft (update, c659c35b-0f9a-4089-a3ee-a6a9e72626f8)
10:55:51 info: BridgeServer[0] Player position forwarded: minecraft -> 7dtd (-46.4980827909365, 71, 73.39785432349018)
10:55:51 info: BridgeServer[0] Entity registry: updated, id=d317490e-d1c8-4c5d-b4fc-725645e4df41, count=1
10:55:51 info: BridgeServer[0] [Presentation] entity=d317490e-d1c8-4c5d-b4fc-725645e4df41 state=[presentation, {   "renderer": "humanoid",   "model": "player",   "scale": 1.0,   "variant": "default" }]
10:55:51 info: BridgeServer[0] Entity state forwarded: minecraft -> 7dtd (update, d317490e-d1c8-4c5d-b4fc-725645e4df41)
10:55:52 info: BridgeServer[0] Entity registry: updated, id=c659c35b-0f9a-4089-a3ee-a6a9e72626f8, count=1
10:55:52 info: BridgeServer[0] [Presentation] entity=c659c35b-0f9a-4089-a3ee-a6a9e72626f8 state=[presentation, {   "renderer": "humanoid",   "model": "survivor",   "scale": 1.0,   "variant": "default" }]
10:55:52 info: BridgeServer[0] Entity state forwarded: 7dtd -> minecraft (update, c659c35b-0f9a-4089-a3ee-a6a9e72626f8)
10:55:52 info: BridgeServer[0] Player position forwarded: minecraft -> 7dtd (-46.4980827909365, 71, 73.39785432349018)
10:55:52 info: BridgeServer[0] Entity registry: updated, id=d317490e-d1c8-4c5d-b4fc-725645e4df41, count=1
10:55:52 info: BridgeServer[0] [Presentation] entity=d317490e-d1c8-4c5d-b4fc-725645e4df41 state=[presentation, {   "renderer": "humanoid",   "model": "player",   "scale": 1.0,   "variant": "default" }]
10:55:52 info: BridgeServer[0] Entity state forwarded: minecraft -> 7dtd (update, d317490e-d1c8-4c5d-b4fc-725645e4df41)
10:55:52 info: BridgeServer[0] Entity registry: updated, id=c659c35b-0f9a-4089-a3ee-a6a9e72626f8, count=1
10:55:52 info: BridgeServer[0] [Presentation] entity=c659c35b-0f9a-4089-a3ee-a6a9e72626f8 state=[presentation, {   "renderer": "humanoid",   "model": "survivor",   "scale": 1.0,   "variant": "default" }]
10:55:52 info: BridgeServer[0] Entity state forwarded: 7dtd -> minecraft (update, c659c35b-0f9a-4089-a3ee-a6a9e72626f8)
10:55:52 info: BridgeServer[0] Player position forwarded: minecraft -> 7dtd (-46.4980827909365, 71, 73.39785432349018)
10:55:52 info: BridgeServer[0] Entity registry: updated, id=d317490e-d1c8-4c5d-b4fc-725645e4df41, count=1
10:55:52 info: BridgeServer[0] [Presentation] entity=d317490e-d1c8-4c5d-b4fc-725645e4df41 state=[presentation, {   "renderer": "humanoid",   "model": "player",   "scale": 1.0,   "variant": "default" }]
10:55:52 info: BridgeServer[0] Entity state forwarded: minecraft -> 7dtd (update, d317490e-d1c8-4c5d-b4fc-725645e4df41)
10:55:53 info: BridgeServer[0] Entity registry: updated, id=c659c35b-0f9a-4089-a3ee-a6a9e72626f8, count=1
10:55:53 info: BridgeServer[0] [Presentation] entity=c659c35b-0f9a-4089-a3ee-a6a9e72626f8 state=[presentation, {   "renderer": "humanoid",   "model": "survivor",   "scale": 1.0,   "variant": "default" }]
10:55:53 info: BridgeServer[0] Entity state forwarded: 7dtd -> minecraft (update, c659c35b-0f9a-4089-a3ee-a6a9e72626f8)
10:55:53 info: BridgeServer[0] Player position forwarded: minecraft -> 7dtd (-46.4980827909365, 71, 73.39785432349018)
10:55:53 info: BridgeServer[0] Entity registry: updated, id=d317490e-d1c8-4c5d-b4fc-725645e4df41, count=1
10:55:53 info: BridgeServer[0] [Presentation] entity=d317490e-d1c8-4c5d-b4fc-725645e4df41 state=[presentation, {   "renderer": "humanoid",   "model": "player",   "scale": 1.0,   "variant": "default" }]
10:55:53 info: BridgeServer[0] Entity state forwarded: minecraft -> 7dtd (update, d317490e-d1c8-4c5d-b4fc-725645e4df41)
10:55:53 info: BridgeServer[0] Entity registry: updated, id=c659c35b-0f9a-4089-a3ee-a6a9e72626f8, count=1
10:55:53 info: BridgeServer[0] [Presentation] entity=c659c35b-0f9a-4089-a3ee-a6a9e72626f8 state=[presentation, {   "renderer": "humanoid",   "model": "survivor",   "scale": 1.0,   "variant": "default" }]
10:55:53 info: BridgeServer[0] Entity state forwarded: 7dtd -> minecraft (update, c659c35b-0f9a-4089-a3ee-a6a9e72626f8)
10:55:53 info: BridgeServer[0] Player position forwarded: minecraft -> 7dtd (-46.4980827909365, 71, 73.39785432349018)
10:55:53 info: BridgeServer[0] Entity registry: updated, id=d317490e-d1c8-4c5d-b4fc-725645e4df41, count=1
10:55:53 info: BridgeServer[0] [Presentation] entity=d317490e-d1c8-4c5d-b4fc-725645e4df41 state=[presentation, {   "renderer": "humanoid",   "model": "player",   "scale": 1.0,   "variant": "default" }]
10:55:53 info: BridgeServer[0] Entity state forwarded: minecraft -> 7dtd (update, d317490e-d1c8-4c5d-b4fc-725645e4df41)
10:55:54 info: BridgeServer[0] Entity registry: updated, id=c659c35b-0f9a-4089-a3ee-a6a9e72626f8, count=1
10:55:54 info: BridgeServer[0] [Presentation] entity=c659c35b-0f9a-4089-a3ee-a6a9e72626f8 state=[presentation, {   "renderer": "humanoid",   "model": "survivor",   "scale": 1.0,   "variant": "default" }]
10:55:54 info: BridgeServer[0] Entity state forwarded: 7dtd -> minecraft (update, c659c35b-0f9a-4089-a3ee-a6a9e72626f8)
10:55:54 info: BridgeServer[0] Player position forwarded: minecraft -> 7dtd (-46.4980827909365, 71, 73.39785432349018)
10:55:54 info: BridgeServer[0] Entity registry: updated, id=d317490e-d1c8-4c5d-b4fc-725645e4df41, count=1
10:55:54 info: BridgeServer[0] [Presentation] entity=d317490e-d1c8-4c5d-b4fc-725645e4df41 state=[presentation, {   "renderer": "humanoid",   "model": "player",   "scale": 1.0,   "variant": "default" }]
10:55:54 info: BridgeServer[0] Entity state forwarded: minecraft -> 7dtd (update, d317490e-d1c8-4c5d-b4fc-725645e4df41)
10:55:54 info: BridgeServer[0] Entity registry: updated, id=c659c35b-0f9a-4089-a3ee-a6a9e72626f8, count=1
10:55:54 info: BridgeServer[0] [Presentation] entity=c659c35b-0f9a-4089-a3ee-a6a9e72626f8 state=[presentation, {   "renderer": "humanoid",   "model": "survivor",   "scale": 1.0,   "variant": "default" }]
10:55:54 info: BridgeServer[0] Entity state forwarded: 7dtd -> minecraft (update, c659c35b-0f9a-4089-a3ee-a6a9e72626f8)
10:55:54 info: BridgeServer[0] Player position forwarded: minecraft -> 7dtd (-46.4980827909365, 71, 73.39785432349018)
10:55:54 info: BridgeServer[0] Entity registry: updated, id=d317490e-d1c8-4c5d-b4fc-725645e4df41, count=1
10:55:54 info: BridgeServer[0] [Presentation] entity=d317490e-d1c8-4c5d-b4fc-725645e4df41 state=[presentation, {   "renderer": "humanoid",   "model": "player",   "scale": 1.0,   "variant": "default" }]
10:55:54 info: BridgeServer[0] Entity state forwarded: minecraft -> 7dtd (update, d317490e-d1c8-4c5d-b4fc-725645e4df41)
10:55:55 info: BridgeServer[0] Entity registry: updated, id=c659c35b-0f9a-4089-a3ee-a6a9e72626f8, count=1
10:55:55 info: BridgeServer[0] [Presentation] entity=c659c35b-0f9a-4089-a3ee-a6a9e72626f8 state=[presentation, {   "renderer": "humanoid",   "model": "survivor",   "scale": 1.0,   "variant": "default" }]
10:55:55 info: BridgeServer[0] Entity state forwarded: 7dtd -> minecraft (update, c659c35b-0f9a-4089-a3ee-a6a9e72626f8)
10:55:55 info: BridgeServer[0] Player position forwarded: minecraft -> 7dtd (-46.4980827909365, 71, 73.39785432349018)
10:55:55 info: BridgeServer[0] Entity registry: updated, id=d317490e-d1c8-4c5d-b4fc-725645e4df41, count=1
10:55:55 info: BridgeServer[0] [Presentation] entity=d317490e-d1c8-4c5d-b4fc-725645e4df41 state=[presentation, {   "renderer": "humanoid",   "model": "player",   "scale": 1.0,   "variant": "default" }]
10:55:55 info: BridgeServer[0] Entity state forwarded: minecraft -> 7dtd (update, d317490e-d1c8-4c5d-b4fc-725645e4df41)
10:55:55 info: BridgeServer[0] Entity registry: updated, id=c659c35b-0f9a-4089-a3ee-a6a9e72626f8, count=1
10:55:55 info: BridgeServer[0] [Presentation] entity=c659c35b-0f9a-4089-a3ee-a6a9e72626f8 state=[presentation, {   "renderer": "humanoid",   "model": "survivor",   "scale": 1.0,   "variant": "default" }]
10:55:55 info: BridgeServer[0] Entity state forwarded: 7dtd -> minecraft (update, c659c35b-0f9a-4089-a3ee-a6a9e72626f8)
10:55:56 info: BridgeServer[0] Player position forwarded: minecraft -> 7dtd (-46.4980827909365, 71, 73.39785432349018)
10:55:56 info: BridgeServer[0] Entity registry: updated, id=d317490e-d1c8-4c5d-b4fc-725645e4df41, count=1
10:55:56 info: BridgeServer[0] [Presentation] entity=d317490e-d1c8-4c5d-b4fc-725645e4df41 state=[presentation, {   "renderer": "humanoid",   "model": "player",   "scale": 1.0,   "variant": "default" }]
10:55:56 info: BridgeServer[0] Entity state forwarded: minecraft -> 7dtd (update, d317490e-d1c8-4c5d-b4fc-725645e4df41)
10:55:56 info: BridgeServer[0] Entity registry: updated, id=c659c35b-0f9a-4089-a3ee-a6a9e72626f8, count=1
10:55:56 info: BridgeServer[0] [Presentation] entity=c659c35b-0f9a-4089-a3ee-a6a9e72626f8 state=[presentation, {   "renderer": "humanoid",   "model": "survivor",   "scale": 1.0,   "variant": "default" }]
10:55:56 info: BridgeServer[0] Entity state forwarded: 7dtd -> minecraft (update, c659c35b-0f9a-4089-a3ee-a6a9e72626f8)
10:55:56 info: BridgeServer[0] Player position forwarded: minecraft -> 7dtd (-46.4980827909365, 71, 73.39785432349018)
10:55:56 info: BridgeServer[0] Entity registry: updated, id=d317490e-d1c8-4c5d-b4fc-725645e4df41, count=1
10:55:56 info: BridgeServer[0] [Presentation] entity=d317490e-d1c8-4c5d-b4fc-725645e4df41 state=[presentation, {   "renderer": "humanoid",   "model": "player",   "scale": 1.0,   "variant": "default" }]
10:55:56 info: BridgeServer[0] Entity state forwarded: minecraft -> 7dtd (update, d317490e-d1c8-4c5d-b4fc-725645e4df41)
10:55:56 info: BridgeServer[0] Entity registry: updated, id=c659c35b-0f9a-4089-a3ee-a6a9e72626f8, count=1
10:55:56 info: BridgeServer[0] [Presentation] entity=c659c35b-0f9a-4089-a3ee-a6a9e72626f8 state=[presentation, {   "renderer": "humanoid",   "model": "survivor",   "scale": 1.0,   "variant": "default" }]
10:55:56 info: BridgeServer[0] Entity state forwarded: 7dtd -> minecraft (update, c659c35b-0f9a-4089-a3ee-a6a9e72626f8)
10:55:57 info: BridgeServer[0] Player position forwarded: minecraft -> 7dtd (-46.4980827909365, 71, 73.39785432349018)
10:55:57 info: BridgeServer[0] Entity registry: updated, id=d317490e-d1c8-4c5d-b4fc-725645e4df41, count=1
10:55:57 info: BridgeServer[0] [Presentation] entity=d317490e-d1c8-4c5d-b4fc-725645e4df41 state=[presentation, {   "renderer": "humanoid",   "model": "player",   "scale": 1.0,   "variant": "default" }]
10:55:57 info: BridgeServer[0] Entity state forwarded: minecraft -> 7dtd (update, d317490e-d1c8-4c5d-b4fc-725645e4df41)
10:55:57 info: BridgeServer[0] Entity registry: updated, id=c659c35b-0f9a-4089-a3ee-a6a9e72626f8, count=1
10:55:57 info: BridgeServer[0] [Presentation] entity=c659c35b-0f9a-4089-a3ee-a6a9e72626f8 state=[presentation, {   "renderer": "humanoid",   "model": "survivor",   "scale": 1.0,   "variant": "default" }]
10:55:57 info: BridgeServer[0] Entity state forwarded: 7dtd -> minecraft (update, c659c35b-0f9a-4089-a3ee-a6a9e72626f8)
10:55:57 info: BridgeServer[0] Player position forwarded: minecraft -> 7dtd (-46.4980827909365, 71, 73.39785432349018)
10:55:57 info: BridgeServer[0] Entity registry: updated, id=d317490e-d1c8-4c5d-b4fc-725645e4df41, count=1
10:55:57 info: BridgeServer[0] [Presentation] entity=d317490e-d1c8-4c5d-b4fc-725645e4df41 state=[presentation, {   "renderer": "humanoid",   "model": "player",   "scale": 1.0,   "variant": "default" }]
10:55:57 info: BridgeServer[0] Entity state forwarded: minecraft -> 7dtd (update, d317490e-d1c8-4c5d-b4fc-725645e4df41)
10:55:57 info: BridgeServer[0] Entity registry: updated, id=c659c35b-0f9a-4089-a3ee-a6a9e72626f8, count=1
10:55:57 info: BridgeServer[0] [Presentation] entity=c659c35b-0f9a-4089-a3ee-a6a9e72626f8 state=[presentation, {   "renderer": "humanoid",   "model": "survivor",   "scale": 1.0,   "variant": "default" }]
10:55:57 info: BridgeServer[0] Entity state forwarded: 7dtd -> minecraft (update, c659c35b-0f9a-4089-a3ee-a6a9e72626f8)
10:55:58 info: BridgeServer[0] Player position forwarded: minecraft -> 7dtd (-46.4980827909365, 71, 73.39785432349018)
10:55:58 info: BridgeServer[0] Entity registry: updated, id=d317490e-d1c8-4c5d-b4fc-725645e4df41, count=1
10:55:58 info: BridgeServer[0] [Presentation] entity=d317490e-d1c8-4c5d-b4fc-725645e4df41 state=[presentation, {   "renderer": "humanoid",   "model": "player",   "scale": 1.0,   "variant": "default" }]
10:55:58 info: BridgeServer[0] Entity state forwarded: minecraft -> 7dtd (update, d317490e-d1c8-4c5d-b4fc-725645e4df41)
10:55:58 info: BridgeServer[0] Entity registry: updated, id=c659c35b-0f9a-4089-a3ee-a6a9e72626f8, count=1
10:55:58 info: BridgeServer[0] [Presentation] entity=c659c35b-0f9a-4089-a3ee-a6a9e72626f8 state=[presentation, {   "renderer": "humanoid",   "model": "survivor",   "scale": 1.0,   "variant": "default" }]
10:55:58 info: BridgeServer[0] Entity state forwarded: 7dtd -> minecraft (update, c659c35b-0f9a-4089-a3ee-a6a9e72626f8)
10:55:58 info: BridgeServer[0] Entity registry: updated, id=c659c35b-0f9a-4089-a3ee-a6a9e72626f8, count=1
10:55:58 info: BridgeServer[0] [Presentation] entity=c659c35b-0f9a-4089-a3ee-a6a9e72626f8 state=[presentation, {   "renderer": "humanoid",   "model": "survivor",   "scale": 1.0,   "variant": "default" }]
10:55:58 info: BridgeServer[0] Entity state forwarded: 7dtd -> minecraft (update, c659c35b-0f9a-4089-a3ee-a6a9e72626f8)
10:55:58 info: BridgeServer[0] Player position forwarded: minecraft -> 7dtd (-46.4980827909365, 71, 73.39785432349018)
10:55:58 info: BridgeServer[0] Entity registry: updated, id=d317490e-d1c8-4c5d-b4fc-725645e4df41, count=1
10:55:58 info: BridgeServer[0] [Presentation] entity=d317490e-d1c8-4c5d-b4fc-725645e4df41 state=[presentation, {   "renderer": "humanoid",   "model": "player",   "scale": 1.0,   "variant": "default" }]
10:55:58 info: BridgeServer[0] Entity state forwarded: minecraft -> 7dtd (update, d317490e-d1c8-4c5d-b4fc-725645e4df41)
10:55:59 info: BridgeServer[0] Player position forwarded: minecraft -> 7dtd (-46.4980827909365, 71, 73.39785432349018)
10:55:59 info: BridgeServer[0] Entity registry: updated, id=d317490e-d1c8-4c5d-b4fc-725645e4df41, count=1
10:55:59 info: BridgeServer[0] [Presentation] entity=d317490e-d1c8-4c5d-b4fc-725645e4df41 state=[presentation, {   "renderer": "humanoid",   "model": "player",   "scale": 1.0,   "variant": "default" }]
10:55:59 info: BridgeServer[0] Entity state forwarded: minecraft -> 7dtd (update, d317490e-d1c8-4c5d-b4fc-725645e4df41)
10:55:59 info: BridgeServer[0] Entity registry: updated, id=c659c35b-0f9a-4089-a3ee-a6a9e72626f8, count=1
10:55:59 info: BridgeServer[0] [Presentation] entity=c659c35b-0f9a-4089-a3ee-a6a9e72626f8 state=[presentation, {   "renderer": "humanoid",   "model": "survivor",   "scale": 1.0,   "variant": "default" }]
10:55:59 info: BridgeServer[0] Entity state forwarded: 7dtd -> minecraft (update, c659c35b-0f9a-4089-a3ee-a6a9e72626f8)
10:55:59 info: BridgeServer[0] Player position forwarded: minecraft -> 7dtd (-46.4980827909365, 71, 73.39785432349018)
10:55:59 info: BridgeServer[0] Entity registry: updated, id=c659c35b-0f9a-4089-a3ee-a6a9e72626f8, count=1
10:55:59 info: BridgeServer[0] [Presentation] entity=c659c35b-0f9a-4089-a3ee-a6a9e72626f8 state=[presentation, {   "renderer": "humanoid",   "model": "survivor",   "scale": 1.0,   "variant": "default" }]
10:55:59 info: BridgeServer[0] Entity state forwarded: 7dtd -> minecraft (update, c659c35b-0f9a-4089-a3ee-a6a9e72626f8)
10:55:59 info: BridgeServer[0] Entity registry: updated, id=d317490e-d1c8-4c5d-b4fc-725645e4df41, count=1
10:55:59 info: BridgeServer[0] [Presentation] entity=d317490e-d1c8-4c5d-b4fc-725645e4df41 state=[presentation, {   "renderer": "humanoid",   "model": "player",   "scale": 1.0,   "variant": "default" }]
10:55:59 info: BridgeServer[0] Entity state forwarded: minecraft -> 7dtd (update, d317490e-d1c8-4c5d-b4fc-725645e4df41)
10:56:00 info: BridgeServer[0] Entity registry: updated, id=c659c35b-0f9a-4089-a3ee-a6a9e72626f8, count=1
10:56:00 info: BridgeServer[0] [Presentation] entity=c659c35b-0f9a-4089-a3ee-a6a9e72626f8 state=[presentation, {   "renderer": "humanoid",   "model": "survivor",   "scale": 1.0,   "variant": "default" }]
10:56:00 info: BridgeServer[0] Entity state forwarded: 7dtd -> minecraft (update, c659c35b-0f9a-4089-a3ee-a6a9e72626f8)
10:56:00 info: BridgeServer[0] Player position forwarded: minecraft -> 7dtd (-46.4980827909365, 71, 73.39785432349018)
10:56:00 info: BridgeServer[0] Entity registry: updated, id=d317490e-d1c8-4c5d-b4fc-725645e4df41, count=1
10:56:00 info: BridgeServer[0] [Presentation] entity=d317490e-d1c8-4c5d-b4fc-725645e4df41 state=[presentation, {   "renderer": "humanoid",   "model": "player",   "scale": 1.0,   "variant": "default" }]
10:56:00 info: BridgeServer[0] Entity state forwarded: minecraft -> 7dtd (update, d317490e-d1c8-4c5d-b4fc-725645e4df41)
10:56:00 info: BridgeServer[0] Entity registry: updated, id=c659c35b-0f9a-4089-a3ee-a6a9e72626f8, count=1
10:56:00 info: BridgeServer[0] [Presentation] entity=c659c35b-0f9a-4089-a3ee-a6a9e72626f8 state=[presentation, {   "renderer": "humanoid",   "model": "survivor",   "scale": 1.0,   "variant": "default" }]
10:56:00 info: BridgeServer[0] Entity state forwarded: 7dtd -> minecraft (update, c659c35b-0f9a-4089-a3ee-a6a9e72626f8)
10:56:00 info: BridgeServer[0] Player position forwarded: minecraft -> 7dtd (-46.4980827909365, 71, 73.39785432349018)
10:56:00 info: BridgeServer[0] Entity registry: updated, id=d317490e-d1c8-4c5d-b4fc-725645e4df41, count=1
10:56:00 info: BridgeServer[0] [Presentation] entity=d317490e-d1c8-4c5d-b4fc-725645e4df41 state=[presentation, {   "renderer": "humanoid",   "model": "player",   "scale": 1.0,   "variant": "default" }]
10:56:00 info: BridgeServer[0] Entity state forwarded: minecraft -> 7dtd (update, d317490e-d1c8-4c5d-b4fc-725645e4df41)
10:56:01 info: BridgeServer[0] Entity registry: updated, id=c659c35b-0f9a-4089-a3ee-a6a9e72626f8, count=1
10:56:01 info: BridgeServer[0] [Presentation] entity=c659c35b-0f9a-4089-a3ee-a6a9e72626f8 state=[presentation, {   "renderer": "humanoid",   "model": "survivor",   "scale": 1.0,   "variant": "default" }]
10:56:01 info: BridgeServer[0] Entity state forwarded: 7dtd -> minecraft (update, c659c35b-0f9a-4089-a3ee-a6a9e72626f8)
10:56:01 info: BridgeServer[0] Player position forwarded: minecraft -> 7dtd (-46.4980827909365, 71, 73.39785432349018)
10:56:01 info: BridgeServer[0] Entity registry: updated, id=d317490e-d1c8-4c5d-b4fc-725645e4df41, count=1
10:56:01 info: BridgeServer[0] [Presentation] entity=d317490e-d1c8-4c5d-b4fc-725645e4df41 state=[presentation, {   "renderer": "humanoid",   "model": "player",   "scale": 1.0,   "variant": "default" }]
10:56:01 info: BridgeServer[0] Entity state forwarded: minecraft -> 7dtd (update, d317490e-d1c8-4c5d-b4fc-725645e4df41)
10:56:01 info: BridgeServer[0] Entity registry: updated, id=c659c35b-0f9a-4089-a3ee-a6a9e72626f8, count=1
10:56:01 info: BridgeServer[0] [Presentation] entity=c659c35b-0f9a-4089-a3ee-a6a9e72626f8 state=[presentation, {   "renderer": "humanoid",   "model": "survivor",   "scale": 1.0,   "variant": "default" }]
10:56:01 info: BridgeServer[0] Entity state forwarded: 7dtd -> minecraft (update, c659c35b-0f9a-4089-a3ee-a6a9e72626f8)
10:56:01 info: BridgeServer[0] Player position forwarded: minecraft -> 7dtd (-46.4980827909365, 71, 73.39785432349018)
10:56:01 info: BridgeServer[0] Entity registry: updated, id=d317490e-d1c8-4c5d-b4fc-725645e4df41, count=1
10:56:01 info: BridgeServer[0] [Presentation] entity=d317490e-d1c8-4c5d-b4fc-725645e4df41 state=[presentation, {   "renderer": "humanoid",   "model": "player",   "scale": 1.0,   "variant": "default" }]
10:56:01 info: BridgeServer[0] Entity state forwarded: minecraft -> 7dtd (update, d317490e-d1c8-4c5d-b4fc-725645e4df41)
10:56:02 info: BridgeServer[0] Entity registry: updated, id=c659c35b-0f9a-4089-a3ee-a6a9e72626f8, count=1
10:56:02 info: BridgeServer[0] [Presentation] entity=c659c35b-0f9a-4089-a3ee-a6a9e72626f8 state=[presentation, {   "renderer": "humanoid",   "model": "survivor",   "scale": 1.0,   "variant": "default" }]
10:56:02 info: BridgeServer[0] Entity state forwarded: 7dtd -> minecraft (update, c659c35b-0f9a-4089-a3ee-a6a9e72626f8)
10:56:02 info: BridgeServer[0] Player position forwarded: minecraft -> 7dtd (-46.4980827909365, 71, 73.39785432349018)
10:56:02 info: BridgeServer[0] Entity registry: updated, id=d317490e-d1c8-4c5d-b4fc-725645e4df41, count=1
10:56:02 info: BridgeServer[0] [Presentation] entity=d317490e-d1c8-4c5d-b4fc-725645e4df41 state=[presentation, {   "renderer": "humanoid",   "model": "player",   "scale": 1.0,   "variant": "default" }]
10:56:02 info: BridgeServer[0] Entity state forwarded: minecraft -> 7dtd (update, d317490e-d1c8-4c5d-b4fc-725645e4df41)
10:56:02 info: BridgeServer[0] Entity registry: updated, id=c659c35b-0f9a-4089-a3ee-a6a9e72626f8, count=1
10:56:02 info: BridgeServer[0] [Presentation] entity=c659c35b-0f9a-4089-a3ee-a6a9e72626f8 state=[presentation, {   "renderer": "humanoid",   "model": "survivor",   "scale": 1.0,   "variant": "default" }]
10:56:02 info: BridgeServer[0] Entity state forwarded: 7dtd -> minecraft (update, c659c35b-0f9a-4089-a3ee-a6a9e72626f8)
10:56:02 info: BridgeServer[0] Player position forwarded: minecraft -> 7dtd (-46.4980827909365, 71, 73.39785432349018)
10:56:02 info: BridgeServer[0] Entity registry: updated, id=d317490e-d1c8-4c5d-b4fc-725645e4df41, count=1
10:56:02 info: BridgeServer[0] [Presentation] entity=d317490e-d1c8-4c5d-b4fc-725645e4df41 state=[presentation, {   "renderer": "humanoid",   "model": "player",   "scale": 1.0,   "variant": "default" }]
10:56:02 info: BridgeServer[0] Entity state forwarded: minecraft -> 7dtd (update, d317490e-d1c8-4c5d-b4fc-725645e4df41)
10:56:03 info: BridgeServer[0] Entity registry: updated, id=c659c35b-0f9a-4089-a3ee-a6a9e72626f8, count=1
10:56:03 info: BridgeServer[0] [Presentation] entity=c659c35b-0f9a-4089-a3ee-a6a9e72626f8 state=[presentation, {   "renderer": "humanoid",   "model": "survivor",   "scale": 1.0,   "variant": "default" }]
10:56:03 info: BridgeServer[0] Entity state forwarded: 7dtd -> minecraft (update, c659c35b-0f9a-4089-a3ee-a6a9e72626f8)
10:56:03 info: BridgeServer[0] Player position forwarded: minecraft -> 7dtd (-46.4980827909365, 71, 73.39785432349018)
10:56:03 info: BridgeServer[0] Entity registry: updated, id=d317490e-d1c8-4c5d-b4fc-725645e4df41, count=1
10:56:03 info: BridgeServer[0] [Presentation] entity=d317490e-d1c8-4c5d-b4fc-725645e4df41 state=[presentation, {   "renderer": "humanoid",   "model": "player",   "scale": 1.0,   "variant": "default" }]
10:56:03 info: BridgeServer[0] Entity state forwarded: minecraft -> 7dtd (update, d317490e-d1c8-4c5d-b4fc-725645e4df41)
10:56:03 info: BridgeServer[0] Entity registry: updated, id=c659c35b-0f9a-4089-a3ee-a6a9e72626f8, count=1
10:56:03 info: BridgeServer[0] [Presentation] entity=c659c35b-0f9a-4089-a3ee-a6a9e72626f8 state=[presentation, {   "renderer": "humanoid",   "model": "survivor",   "scale": 1.0,   "variant": "default" }]
10:56:03 info: BridgeServer[0] Entity state forwarded: 7dtd -> minecraft (update, c659c35b-0f9a-4089-a3ee-a6a9e72626f8)
10:56:03 info: BridgeServer[0] Player position forwarded: minecraft -> 7dtd (-46.4980827909365, 71, 73.39785432349018)
10:56:03 info: BridgeServer[0] Entity registry: updated, id=d317490e-d1c8-4c5d-b4fc-725645e4df41, count=1
10:56:03 info: BridgeServer[0] [Presentation] entity=d317490e-d1c8-4c5d-b4fc-725645e4df41 state=[presentation, {   "renderer": "humanoid",   "model": "player",   "scale": 1.0,   "variant": "default" }]
10:56:03 info: BridgeServer[0] Entity state forwarded: minecraft -> 7dtd (update, d317490e-d1c8-4c5d-b4fc-725645e4df41)
10:56:04 info: BridgeServer[0] Entity registry: updated, id=c659c35b-0f9a-4089-a3ee-a6a9e72626f8, count=1
10:56:04 info: BridgeServer[0] [Presentation] entity=c659c35b-0f9a-4089-a3ee-a6a9e72626f8 state=[presentation, {   "renderer": "humanoid",   "model": "survivor",   "scale": 1.0,   "variant": "default" }]
10:56:04 info: BridgeServer[0] Entity state forwarded: 7dtd -> minecraft (update, c659c35b-0f9a-4089-a3ee-a6a9e72626f8)
10:56:04 info: BridgeServer[0] Player position forwarded: minecraft -> 7dtd (-46.4980827909365, 71, 73.39785432349018)
10:56:04 info: BridgeServer[0] Entity registry: updated, id=d317490e-d1c8-4c5d-b4fc-725645e4df41, count=1
10:56:04 info: BridgeServer[0] [Presentation] entity=d317490e-d1c8-4c5d-b4fc-725645e4df41 state=[presentation, {   "renderer": "humanoid",   "model": "player",   "scale": 1.0,   "variant": "default" }]
10:56:04 info: BridgeServer[0] Entity state forwarded: minecraft -> 7dtd (update, d317490e-d1c8-4c5d-b4fc-725645e4df41)
10:56:04 info: BridgeServer[0] Entity registry: updated, id=c659c35b-0f9a-4089-a3ee-a6a9e72626f8, count=1
10:56:04 info: BridgeServer[0] [Presentation] entity=c659c35b-0f9a-4089-a3ee-a6a9e72626f8 state=[presentation, {   "renderer": "humanoid",   "model": "survivor",   "scale": 1.0,   "variant": "default" }]
10:56:04 info: BridgeServer[0] Entity state forwarded: 7dtd -> minecraft (update, c659c35b-0f9a-4089-a3ee-a6a9e72626f8)
10:56:04 info: BridgeServer[0] Player position forwarded: minecraft -> 7dtd (-46.4980827909365, 71, 73.39785432349018)
10:56:04 info: BridgeServer[0] Entity registry: updated, id=d317490e-d1c8-4c5d-b4fc-725645e4df41, count=1
10:56:04 info: BridgeServer[0] [Presentation] entity=d317490e-d1c8-4c5d-b4fc-725645e4df41 state=[presentation, {   "renderer": "humanoid",   "model": "player",   "scale": 1.0,   "variant": "default" }]
10:56:04 info: BridgeServer[0] Entity state forwarded: minecraft -> 7dtd (update, d317490e-d1c8-4c5d-b4fc-725645e4df41)
10:56:05 info: BridgeServer[0] Entity registry: updated, id=c659c35b-0f9a-4089-a3ee-a6a9e72626f8, count=1
10:56:05 info: BridgeServer[0] [Presentation] entity=c659c35b-0f9a-4089-a3ee-a6a9e72626f8 state=[presentation, {   "renderer": "humanoid",   "model": "survivor",   "scale": 1.0,   "variant": "default" }]
10:56:05 info: BridgeServer[0] Entity state forwarded: 7dtd -> minecraft (update, c659c35b-0f9a-4089-a3ee-a6a9e72626f8)
10:56:05 info: BridgeServer[0] Player position forwarded: minecraft -> 7dtd (-46.4980827909365, 71, 73.39785432349018)
10:56:05 info: BridgeServer[0] Entity registry: updated, id=d317490e-d1c8-4c5d-b4fc-725645e4df41, count=1
10:56:05 info: BridgeServer[0] [Presentation] entity=d317490e-d1c8-4c5d-b4fc-725645e4df41 state=[presentation, {   "renderer": "humanoid",   "model": "player",   "scale": 1.0,   "variant": "default" }]
10:56:05 info: BridgeServer[0] Entity state forwarded: minecraft -> 7dtd (update, d317490e-d1c8-4c5d-b4fc-725645e4df41)
10:56:05 info: BridgeServer[0] Entity registry: updated, id=c659c35b-0f9a-4089-a3ee-a6a9e72626f8, count=1
10:56:05 info: BridgeServer[0] [Presentation] entity=c659c35b-0f9a-4089-a3ee-a6a9e72626f8 state=[presentation, {   "renderer": "humanoid",   "model": "survivor",   "scale": 1.0,   "variant": "default" }]
10:56:05 info: BridgeServer[0] Entity state forwarded: 7dtd -> minecraft (update, c659c35b-0f9a-4089-a3ee-a6a9e72626f8)
10:56:06 info: BridgeServer[0] Player position forwarded: minecraft -> 7dtd (-46.4980827909365, 71, 73.39785432349018)
10:56:06 info: BridgeServer[0] Entity registry: updated, id=d317490e-d1c8-4c5d-b4fc-725645e4df41, count=1
10:56:06 info: BridgeServer[0] [Presentation] entity=d317490e-d1c8-4c5d-b4fc-725645e4df41 state=[presentation, {   "renderer": "humanoid",   "model": "player",   "scale": 1.0,   "variant": "default" }]
10:56:06 info: BridgeServer[0] Entity state forwarded: minecraft -> 7dtd (update, d317490e-d1c8-4c5d-b4fc-725645e4df41)
10:56:06 info: BridgeServer[0] Entity registry: updated, id=c659c35b-0f9a-4089-a3ee-a6a9e72626f8, count=1
10:56:06 info: BridgeServer[0] [Presentation] entity=c659c35b-0f9a-4089-a3ee-a6a9e72626f8 state=[presentation, {   "renderer": "humanoid",   "model": "survivor",   "scale": 1.0,   "variant": "default" }]
10:56:06 info: BridgeServer[0] Entity state forwarded: 7dtd -> minecraft (update, c659c35b-0f9a-4089-a3ee-a6a9e72626f8)
10:56:06 info: BridgeServer[0] Player position forwarded: minecraft -> 7dtd (-46.4980827909365, 71, 73.39785432349018)
10:56:06 info: BridgeServer[0] Entity registry: updated, id=d317490e-d1c8-4c5d-b4fc-725645e4df41, count=1
10:56:06 info: BridgeServer[0] [Presentation] entity=d317490e-d1c8-4c5d-b4fc-725645e4df41 state=[presentation, {   "renderer": "humanoid",   "model": "player",   "scale": 1.0,   "variant": "default" }]
10:56:06 info: BridgeServer[0] Entity state forwarded: minecraft -> 7dtd (update, d317490e-d1c8-4c5d-b4fc-725645e4df41)
10:56:06 info: BridgeServer[0] Entity registry: updated, id=c659c35b-0f9a-4089-a3ee-a6a9e72626f8, count=1
10:56:06 info: BridgeServer[0] [Presentation] entity=c659c35b-0f9a-4089-a3ee-a6a9e72626f8 state=[presentation, {   "renderer": "humanoid",   "model": "survivor",   "scale": 1.0,   "variant": "default" }]
10:56:06 info: BridgeServer[0] Entity state forwarded: 7dtd -> minecraft (update, c659c35b-0f9a-4089-a3ee-a6a9e72626f8)
10:56:07 info: BridgeServer[0] Player position forwarded: minecraft -> 7dtd (-46.4980827909365, 71, 73.39785432349018)
10:56:07 info: BridgeServer[0] Entity registry: updated, id=d317490e-d1c8-4c5d-b4fc-725645e4df41, count=1
10:56:07 info: BridgeServer[0] [Presentation] entity=d317490e-d1c8-4c5d-b4fc-725645e4df41 state=[presentation, {   "renderer": "humanoid",   "model": "player",   "scale": 1.0,   "variant": "default" }]
10:56:07 info: BridgeServer[0] Entity state forwarded: minecraft -> 7dtd (update, d317490e-d1c8-4c5d-b4fc-725645e4df41)
10:56:07 info: BridgeServer[0] Entity registry: updated, id=c659c35b-0f9a-4089-a3ee-a6a9e72626f8, count=1
10:56:07 info: BridgeServer[0] [Presentation] entity=c659c35b-0f9a-4089-a3ee-a6a9e72626f8 state=[presentation, {   "renderer": "humanoid",   "model": "survivor",   "scale": 1.0,   "variant": "default" }]
10:56:07 info: BridgeServer[0] Entity state forwarded: 7dtd -> minecraft (update, c659c35b-0f9a-4089-a3ee-a6a9e72626f8)
10:56:07 info: BridgeServer[0] Player position forwarded: minecraft -> 7dtd (-46.4980827909365, 71, 73.39785432349018)
10:56:07 info: BridgeServer[0] Entity registry: updated, id=d317490e-d1c8-4c5d-b4fc-725645e4df41, count=1
10:56:07 info: BridgeServer[0] [Presentation] entity=d317490e-d1c8-4c5d-b4fc-725645e4df41 state=[presentation, {   "renderer": "humanoid",   "model": "player",   "scale": 1.0,   "variant": "default" }]
10:56:07 info: BridgeServer[0] Entity state forwarded: minecraft -> 7dtd (update, d317490e-d1c8-4c5d-b4fc-725645e4df41)
10:56:07 info: BridgeServer[0] Entity registry: updated, id=c659c35b-0f9a-4089-a3ee-a6a9e72626f8, count=1
10:56:07 info: BridgeServer[0] [Presentation] entity=c659c35b-0f9a-4089-a3ee-a6a9e72626f8 state=[presentation, {   "renderer": "humanoid",   "model": "survivor",   "scale": 1.0,   "variant": "default" }]
10:56:07 info: BridgeServer[0] Entity state forwarded: 7dtd -> minecraft (update, c659c35b-0f9a-4089-a3ee-a6a9e72626f8)
10:56:08 info: BridgeServer[0] Player position forwarded: minecraft -> 7dtd (-46.4980827909365, 71, 73.39785432349018)
10:56:08 info: BridgeServer[0] Entity registry: updated, id=d317490e-d1c8-4c5d-b4fc-725645e4df41, count=1
10:56:08 info: BridgeServer[0] [Presentation] entity=d317490e-d1c8-4c5d-b4fc-725645e4df41 state=[presentation, {   "renderer": "humanoid",   "model": "player",   "scale": 1.0,   "variant": "default" }]
10:56:08 info: BridgeServer[0] Entity state forwarded: minecraft -> 7dtd (update, d317490e-d1c8-4c5d-b4fc-725645e4df41)
10:56:08 info: BridgeServer[0] Entity registry: updated, id=c659c35b-0f9a-4089-a3ee-a6a9e72626f8, count=1
10:56:08 info: BridgeServer[0] [Presentation] entity=c659c35b-0f9a-4089-a3ee-a6a9e72626f8 state=[presentation, {   "renderer": "humanoid",   "model": "survivor",   "scale": 1.0,   "variant": "default" }]
10:56:08 info: BridgeServer[0] Entity state forwarded: 7dtd -> minecraft (update, c659c35b-0f9a-4089-a3ee-a6a9e72626f8)
10:56:08 info: BridgeServer[0] Player position forwarded: minecraft -> 7dtd (-46.4980827909365, 71, 73.39785432349018)
10:56:08 info: BridgeServer[0] Entity registry: updated, id=d317490e-d1c8-4c5d-b4fc-725645e4df41, count=1
10:56:08 info: BridgeServer[0] [Presentation] entity=d317490e-d1c8-4c5d-b4fc-725645e4df41 state=[presentation, {   "renderer": "humanoid",   "model": "player",   "scale": 1.0,   "variant": "default" }]
10:56:08 info: BridgeServer[0] Entity state forwarded: minecraft -> 7dtd (update, d317490e-d1c8-4c5d-b4fc-725645e4df41)
10:56:08 info: BridgeServer[0] Entity registry: updated, id=c659c35b-0f9a-4089-a3ee-a6a9e72626f8, count=1
10:56:08 info: BridgeServer[0] [Presentation] entity=c659c35b-0f9a-4089-a3ee-a6a9e72626f8 state=[presentation, {   "renderer": "humanoid",   "model": "survivor",   "scale": 1.0,   "variant": "default" }]
10:56:08 info: BridgeServer[0] Entity state forwarded: 7dtd -> minecraft (update, c659c35b-0f9a-4089-a3ee-a6a9e72626f8)
10:56:09 info: BridgeServer[0] Player position forwarded: minecraft -> 7dtd (-46.4980827909365, 71, 73.39785432349018)
10:56:09 info: BridgeServer[0] Entity registry: updated, id=d317490e-d1c8-4c5d-b4fc-725645e4df41, count=1
10:56:09 info: BridgeServer[0] [Presentation] entity=d317490e-d1c8-4c5d-b4fc-725645e4df41 state=[presentation, {   "renderer": "humanoid",   "model": "player",   "scale": 1.0,   "variant": "default" }]
10:56:09 info: BridgeServer[0] Entity state forwarded: minecraft -> 7dtd (update, d317490e-d1c8-4c5d-b4fc-725645e4df41)
10:56:09 info: BridgeServer[0] Entity registry: updated, id=c659c35b-0f9a-4089-a3ee-a6a9e72626f8, count=1
10:56:09 info: BridgeServer[0] [Presentation] entity=c659c35b-0f9a-4089-a3ee-a6a9e72626f8 state=[presentation, {   "renderer": "humanoid",   "model": "survivor",   "scale": 1.0,   "variant": "default" }]
10:56:09 info: BridgeServer[0] Entity state forwarded: 7dtd -> minecraft (update, c659c35b-0f9a-4089-a3ee-a6a9e72626f8)
10:56:09 info: BridgeServer[0] Player position forwarded: minecraft -> 7dtd (-46.4980827909365, 71, 73.39785432349018)
10:56:09 info: BridgeServer[0] Entity registry: updated, id=d317490e-d1c8-4c5d-b4fc-725645e4df41, count=1
10:56:09 info: BridgeServer[0] [Presentation] entity=d317490e-d1c8-4c5d-b4fc-725645e4df41 state=[presentation, {   "renderer": "humanoid",   "model": "player",   "scale": 1.0,   "variant": "default" }]
10:56:09 info: BridgeServer[0] Entity state forwarded: minecraft -> 7dtd (update, d317490e-d1c8-4c5d-b4fc-725645e4df41)
10:56:09 info: BridgeServer[0] Entity registry: updated, id=c659c35b-0f9a-4089-a3ee-a6a9e72626f8, count=1
10:56:09 info: BridgeServer[0] [Presentation] entity=c659c35b-0f9a-4089-a3ee-a6a9e72626f8 state=[presentation, {   "renderer": "humanoid",   "model": "survivor",   "scale": 1.0,   "variant": "default" }]
10:56:09 info: BridgeServer[0] Entity state forwarded: 7dtd -> minecraft (update, c659c35b-0f9a-4089-a3ee-a6a9e72626f8)
10:56:10 info: BridgeServer[0] Player position forwarded: minecraft -> 7dtd (-46.4980827909365, 71, 73.39785432349018)
10:56:10 info: BridgeServer[0] Entity registry: updated, id=d317490e-d1c8-4c5d-b4fc-725645e4df41, count=1
10:56:10 info: BridgeServer[0] [Presentation] entity=d317490e-d1c8-4c5d-b4fc-725645e4df41 state=[presentation, {   "renderer": "humanoid",   "model": "player",   "scale": 1.0,   "variant": "default" }]
10:56:10 info: BridgeServer[0] Entity state forwarded: minecraft -> 7dtd (update, d317490e-d1c8-4c5d-b4fc-725645e4df41)
10:56:10 info: BridgeServer[0] Entity registry: updated, id=c659c35b-0f9a-4089-a3ee-a6a9e72626f8, count=1
10:56:10 info: BridgeServer[0] [Presentation] entity=c659c35b-0f9a-4089-a3ee-a6a9e72626f8 state=[presentation, {   "renderer": "humanoid",   "model": "survivor",   "scale": 1.0,   "variant": "default" }]
10:56:10 info: BridgeServer[0] Entity state forwarded: 7dtd -> minecraft (update, c659c35b-0f9a-4089-a3ee-a6a9e72626f8)
10:56:10 info: BridgeServer[0] Player position forwarded: minecraft -> 7dtd (-46.4980827909365, 71, 73.39785432349018)
10:56:10 info: BridgeServer[0] Entity registry: updated, id=d317490e-d1c8-4c5d-b4fc-725645e4df41, count=1
10:56:10 info: BridgeServer[0] [Presentation] entity=d317490e-d1c8-4c5d-b4fc-725645e4df41 state=[presentation, {   "renderer": "humanoid",   "model": "player",   "scale": 1.0,   "variant": "default" }]
10:56:10 info: BridgeServer[0] Entity state forwarded: minecraft -> 7dtd (update, d317490e-d1c8-4c5d-b4fc-725645e4df41)
10:56:10 info: BridgeServer[0] Entity registry: updated, id=c659c35b-0f9a-4089-a3ee-a6a9e72626f8, count=1
10:56:10 info: BridgeServer[0] [Presentation] entity=c659c35b-0f9a-4089-a3ee-a6a9e72626f8 state=[presentation, {   "renderer": "humanoid",   "model": "survivor",   "scale": 1.0,   "variant": "default" }]
10:56:10 info: BridgeServer[0] Entity state forwarded: 7dtd -> minecraft (update, c659c35b-0f9a-4089-a3ee-a6a9e72626f8)
10:56:11 info: BridgeServer[0] Player position forwarded: minecraft -> 7dtd (-46.4980827909365, 71, 73.39785432349018)
10:56:11 info: BridgeServer[0] Entity registry: updated, id=d317490e-d1c8-4c5d-b4fc-725645e4df41, count=1
10:56:11 info: BridgeServer[0] [Presentation] entity=d317490e-d1c8-4c5d-b4fc-725645e4df41 state=[presentation, {   "renderer": "humanoid",   "model": "player",   "scale": 1.0,   "variant": "default" }]
10:56:11 info: BridgeServer[0] Entity state forwarded: minecraft -> 7dtd (update, d317490e-d1c8-4c5d-b4fc-725645e4df41)
10:56:11 info: BridgeServer[0] Entity registry: updated, id=c659c35b-0f9a-4089-a3ee-a6a9e72626f8, count=1
10:56:11 info: BridgeServer[0] [Presentation] entity=c659c35b-0f9a-4089-a3ee-a6a9e72626f8 state=[presentation, {   "renderer": "humanoid",   "model": "survivor",   "scale": 1.0,   "variant": "default" }]
10:56:11 info: BridgeServer[0] Entity state forwarded: 7dtd -> minecraft (update, c659c35b-0f9a-4089-a3ee-a6a9e72626f8)
10:56:11 info: BridgeServer[0] Player position forwarded: minecraft -> 7dtd (-46.4980827909365, 71, 73.39785432349018)
10:56:11 info: BridgeServer[0] Entity registry: updated, id=d317490e-d1c8-4c5d-b4fc-725645e4df41, count=1
10:56:11 info: BridgeServer[0] [Presentation] entity=d317490e-d1c8-4c5d-b4fc-725645e4df41 state=[presentation, {   "renderer": "humanoid",   "model": "player",   "scale": 1.0,   "variant": "default" }]
10:56:11 info: BridgeServer[0] Entity state forwarded: minecraft -> 7dtd (update, d317490e-d1c8-4c5d-b4fc-725645e4df41)
10:56:11 info: BridgeServer[0] Entity registry: updated, id=c659c35b-0f9a-4089-a3ee-a6a9e72626f8, count=1
10:56:11 info: BridgeServer[0] [Presentation] entity=c659c35b-0f9a-4089-a3ee-a6a9e72626f8 state=[presentation, {   "renderer": "humanoid",   "model": "survivor",   "scale": 1.0,   "variant": "default" }]
10:56:11 info: BridgeServer[0] Entity state forwarded: 7dtd -> minecraft (update, c659c35b-0f9a-4089-a3ee-a6a9e72626f8)
10:56:12 info: BridgeServer[0] Entity registry: updated, id=c659c35b-0f9a-4089-a3ee-a6a9e72626f8, count=1
10:56:12 info: BridgeServer[0] [Presentation] entity=c659c35b-0f9a-4089-a3ee-a6a9e72626f8 state=[presentation, {   "renderer": "humanoid",   "model": "survivor",   "scale": 1.0,   "variant": "default" }]
10:56:12 info: BridgeServer[0] Entity state forwarded: 7dtd -> minecraft (update, c659c35b-0f9a-4089-a3ee-a6a9e72626f8)
10:56:12 info: BridgeServer[0] Player position forwarded: minecraft -> 7dtd (-46.4980827909365, 71, 73.39785432349018)
10:56:12 info: BridgeServer[0] Entity registry: updated, id=d317490e-d1c8-4c5d-b4fc-725645e4df41, count=1
10:56:12 info: BridgeServer[0] [Presentation] entity=d317490e-d1c8-4c5d-b4fc-725645e4df41 state=[presentation, {   "renderer": "humanoid",   "model": "player",   "scale": 1.0,   "variant": "default" }]
10:56:12 info: BridgeServer[0] Entity state forwarded: minecraft -> 7dtd (update, d317490e-d1c8-4c5d-b4fc-725645e4df41)
10:56:12 info: BridgeServer[0] Entity registry: updated, id=c659c35b-0f9a-4089-a3ee-a6a9e72626f8, count=1
10:56:12 info: BridgeServer[0] [Presentation] entity=c659c35b-0f9a-4089-a3ee-a6a9e72626f8 state=[presentation, {   "renderer": "humanoid",   "model": "survivor",   "scale": 1.0,   "variant": "default" }]
10:56:12 info: BridgeServer[0] Entity state forwarded: 7dtd -> minecraft (update, c659c35b-0f9a-4089-a3ee-a6a9e72626f8)
10:56:12 info: BridgeServer[0] Player position forwarded: minecraft -> 7dtd (-46.4980827909365, 71, 73.39785432349018)
10:56:12 info: BridgeServer[0] Entity registry: updated, id=d317490e-d1c8-4c5d-b4fc-725645e4df41, count=1
10:56:12 info: BridgeServer[0] [Presentation] entity=d317490e-d1c8-4c5d-b4fc-725645e4df41 state=[presentation, {   "renderer": "humanoid",   "model": "player",   "scale": 1.0,   "variant": "default" }]
10:56:12 info: BridgeServer[0] Entity state forwarded: minecraft -> 7dtd (update, d317490e-d1c8-4c5d-b4fc-725645e4df41)
10:56:13 info: BridgeServer[0] Entity registry: updated, id=c659c35b-0f9a-4089-a3ee-a6a9e72626f8, count=1
10:56:13 info: BridgeServer[0] [Presentation] entity=c659c35b-0f9a-4089-a3ee-a6a9e72626f8 state=[presentation, {   "renderer": "humanoid",   "model": "survivor",   "scale": 1.0,   "variant": "default" }]
10:56:13 info: BridgeServer[0] Entity state forwarded: 7dtd -> minecraft (update, c659c35b-0f9a-4089-a3ee-a6a9e72626f8)
10:56:13 info: BridgeServer[0] Entity registry: updated, id=d317490e-d1c8-4c5d-b4fc-725645e4df41, count=1
10:56:13 info: BridgeServer[0] [Presentation] entity=d317490e-d1c8-4c5d-b4fc-725645e4df41 state=[presentation, {   "renderer": "humanoid",   "model": "player",   "scale": 1.0,   "variant": "default" }]
10:56:13 info: BridgeServer[0] Entity state forwarded: minecraft -> 7dtd (update, d317490e-d1c8-4c5d-b4fc-725645e4df41)
10:56:13 info: BridgeServer[0] Player position forwarded: minecraft -> 7dtd (-46.4980827909365, 71, 73.39785432349018)
10:56:13 info: BridgeServer[0] Entity registry: updated, id=c659c35b-0f9a-4089-a3ee-a6a9e72626f8, count=1
10:56:13 info: BridgeServer[0] [Presentation] entity=c659c35b-0f9a-4089-a3ee-a6a9e72626f8 state=[presentation, {   "renderer": "humanoid",   "model": "survivor",   "scale": 1.0,   "variant": "default" }]
10:56:13 info: BridgeServer[0] Entity state forwarded: 7dtd -> minecraft (update, c659c35b-0f9a-4089-a3ee-a6a9e72626f8)
10:56:13 info: BridgeServer[0] Player position forwarded: minecraft -> 7dtd (-46.4980827909365, 71, 73.39785432349018)
10:56:13 info: BridgeServer[0] Entity registry: updated, id=d317490e-d1c8-4c5d-b4fc-725645e4df41, count=1
10:56:13 info: BridgeServer[0] [Presentation] entity=d317490e-d1c8-4c5d-b4fc-725645e4df41 state=[presentation, {   "renderer": "humanoid",   "model": "player",   "scale": 1.0,   "variant": "default" }]
10:56:13 info: BridgeServer[0] Entity state forwarded: minecraft -> 7dtd (update, d317490e-d1c8-4c5d-b4fc-725645e4df41)
10:56:14 info: BridgeServer[0] Entity registry: updated, id=c659c35b-0f9a-4089-a3ee-a6a9e72626f8, count=1
10:56:14 info: BridgeServer[0] [Presentation] entity=c659c35b-0f9a-4089-a3ee-a6a9e72626f8 state=[presentation, {   "renderer": "humanoid",   "model": "survivor",   "scale": 1.0,   "variant": "default" }]
10:56:14 info: BridgeServer[0] Entity state forwarded: 7dtd -> minecraft (update, c659c35b-0f9a-4089-a3ee-a6a9e72626f8)
10:56:14 info: BridgeServer[0] Player position forwarded: minecraft -> 7dtd (-46.4980827909365, 71, 73.39785432349018)
10:56:14 info: BridgeServer[0] Entity registry: updated, id=d317490e-d1c8-4c5d-b4fc-725645e4df41, count=1
10:56:14 info: BridgeServer[0] [Presentation] entity=d317490e-d1c8-4c5d-b4fc-725645e4df41 state=[presentation, {   "renderer": "humanoid",   "model": "player",   "scale": 1.0,   "variant": "default" }]
10:56:14 info: BridgeServer[0] Entity state forwarded: minecraft -> 7dtd (update, d317490e-d1c8-4c5d-b4fc-725645e4df41)
10:56:14 info: BridgeServer[0] Entity registry: updated, id=c659c35b-0f9a-4089-a3ee-a6a9e72626f8, count=1
10:56:14 info: BridgeServer[0] [Presentation] entity=c659c35b-0f9a-4089-a3ee-a6a9e72626f8 state=[presentation, {   "renderer": "humanoid",   "model": "survivor",   "scale": 1.0,   "variant": "default" }]
10:56:14 info: BridgeServer[0] Entity state forwarded: 7dtd -> minecraft (update, c659c35b-0f9a-4089-a3ee-a6a9e72626f8)
10:56:14 info: BridgeServer[0] Player position forwarded: minecraft -> 7dtd (-46.4980827909365, 71, 73.39785432349018)
10:56:14 info: BridgeServer[0] Entity registry: updated, id=d317490e-d1c8-4c5d-b4fc-725645e4df41, count=1
10:56:14 info: BridgeServer[0] [Presentation] entity=d317490e-d1c8-4c5d-b4fc-725645e4df41 state=[presentation, {   "renderer": "humanoid",   "model": "player",   "scale": 1.0,   "variant": "default" }]
10:56:14 info: BridgeServer[0] Entity state forwarded: minecraft -> 7dtd (update, d317490e-d1c8-4c5d-b4fc-725645e4df41)
10:56:15 info: BridgeServer[0] Entity registry: updated, id=c659c35b-0f9a-4089-a3ee-a6a9e72626f8, count=1
10:56:15 info: BridgeServer[0] [Presentation] entity=c659c35b-0f9a-4089-a3ee-a6a9e72626f8 state=[presentation, {   "renderer": "humanoid",   "model": "survivor",   "scale": 1.0,   "variant": "default" }]
10:56:15 info: BridgeServer[0] Entity state forwarded: 7dtd -> minecraft (update, c659c35b-0f9a-4089-a3ee-a6a9e72626f8)
10:56:15 info: BridgeServer[0] Player position forwarded: minecraft -> 7dtd (-46.4980827909365, 71, 73.39785432349018)
10:56:15 info: BridgeServer[0] Entity registry: updated, id=d317490e-d1c8-4c5d-b4fc-725645e4df41, count=1
10:56:15 info: BridgeServer[0] [Presentation] entity=d317490e-d1c8-4c5d-b4fc-725645e4df41 state=[presentation, {   "renderer": "humanoid",   "model": "player",   "scale": 1.0,   "variant": "default" }]
10:56:15 info: BridgeServer[0] Entity state forwarded: minecraft -> 7dtd (update, d317490e-d1c8-4c5d-b4fc-725645e4df41)
10:56:15 info: BridgeServer[0] Entity registry: updated, id=c659c35b-0f9a-4089-a3ee-a6a9e72626f8, count=1
10:56:15 info: BridgeServer[0] [Presentation] entity=c659c35b-0f9a-4089-a3ee-a6a9e72626f8 state=[presentation, {   "renderer": "humanoid",   "model": "survivor",   "scale": 1.0,   "variant": "default" }]
10:56:15 info: BridgeServer[0] Entity state forwarded: 7dtd -> minecraft (update, c659c35b-0f9a-4089-a3ee-a6a9e72626f8)
10:56:16 info: BridgeServer[0] Player position forwarded: minecraft -> 7dtd (-46.4980827909365, 71, 73.39785432349018)
10:56:16 info: BridgeServer[0] Entity registry: updated, id=d317490e-d1c8-4c5d-b4fc-725645e4df41, count=1
10:56:16 info: BridgeServer[0] [Presentation] entity=d317490e-d1c8-4c5d-b4fc-725645e4df41 state=[presentation, {   "renderer": "humanoid",   "model": "player",   "scale": 1.0,   "variant": "default" }]
10:56:16 info: BridgeServer[0] Entity state forwarded: minecraft -> 7dtd (update, d317490e-d1c8-4c5d-b4fc-725645e4df41)
10:56:16 info: BridgeServer[0] Entity registry: updated, id=c659c35b-0f9a-4089-a3ee-a6a9e72626f8, count=1
10:56:16 info: BridgeServer[0] [Presentation] entity=c659c35b-0f9a-4089-a3ee-a6a9e72626f8 state=[presentation, {   "renderer": "humanoid",   "model": "survivor",   "scale": 1.0,   "variant": "default" }]
10:56:16 info: BridgeServer[0] Entity state forwarded: 7dtd -> minecraft (update, c659c35b-0f9a-4089-a3ee-a6a9e72626f8)
10:56:16 info: BridgeServer[0] Player position forwarded: minecraft -> 7dtd (-46.4980827909365, 71, 73.39785432349018)
10:56:16 info: BridgeServer[0] Entity registry: updated, id=d317490e-d1c8-4c5d-b4fc-725645e4df41, count=1
10:56:16 info: BridgeServer[0] [Presentation] entity=d317490e-d1c8-4c5d-b4fc-725645e4df41 state=[presentation, {   "renderer": "humanoid",   "model": "player",   "scale": 1.0,   "variant": "default" }]
10:56:16 info: BridgeServer[0] Entity state forwarded: minecraft -> 7dtd (update, d317490e-d1c8-4c5d-b4fc-725645e4df41)
10:56:16 info: BridgeServer[0] Entity registry: updated, id=c659c35b-0f9a-4089-a3ee-a6a9e72626f8, count=1
10:56:16 info: BridgeServer[0] [Presentation] entity=c659c35b-0f9a-4089-a3ee-a6a9e72626f8 state=[presentation, {   "renderer": "humanoid",   "model": "survivor",   "scale": 1.0,   "variant": "default" }]
10:56:16 info: BridgeServer[0] Entity state forwarded: 7dtd -> minecraft (update, c659c35b-0f9a-4089-a3ee-a6a9e72626f8)
10:56:17 info: BridgeServer[0] Player position forwarded: minecraft -> 7dtd (-46.4980827909365, 71, 73.39785432349018)
10:56:17 info: BridgeServer[0] Entity registry: updated, id=d317490e-d1c8-4c5d-b4fc-725645e4df41, count=1
10:56:17 info: BridgeServer[0] [Presentation] entity=d317490e-d1c8-4c5d-b4fc-725645e4df41 state=[presentation, {   "renderer": "humanoid",   "model": "player",   "scale": 1.0,   "variant": "default" }]
10:56:17 info: BridgeServer[0] Entity state forwarded: minecraft -> 7dtd (update, d317490e-d1c8-4c5d-b4fc-725645e4df41)
10:56:17 info: BridgeServer[0] Entity registry: updated, id=c659c35b-0f9a-4089-a3ee-a6a9e72626f8, count=1
10:56:17 info: BridgeServer[0] [Presentation] entity=c659c35b-0f9a-4089-a3ee-a6a9e72626f8 state=[presentation, {   "renderer": "humanoid",   "model": "survivor",   "scale": 1.0,   "variant": "default" }]
10:56:17 info: BridgeServer[0] Entity state forwarded: 7dtd -> minecraft (update, c659c35b-0f9a-4089-a3ee-a6a9e72626f8)
10:56:17 info: BridgeServer[0] Player position forwarded: minecraft -> 7dtd (-46.4980827909365, 71, 73.39785432349018)
10:56:17 info: BridgeServer[0] Entity registry: updated, id=d317490e-d1c8-4c5d-b4fc-725645e4df41, count=1
10:56:17 info: BridgeServer[0] [Presentation] entity=d317490e-d1c8-4c5d-b4fc-725645e4df41 state=[presentation, {   "renderer": "humanoid",   "model": "player",   "scale": 1.0,   "variant": "default" }]
10:56:17 info: BridgeServer[0] Entity state forwarded: minecraft -> 7dtd (update, d317490e-d1c8-4c5d-b4fc-725645e4df41)
10:56:17 info: BridgeServer[0] Entity registry: updated, id=c659c35b-0f9a-4089-a3ee-a6a9e72626f8, count=1
10:56:17 info: BridgeServer[0] [Presentation] entity=c659c35b-0f9a-4089-a3ee-a6a9e72626f8 state=[presentation, {   "renderer": "humanoid",   "model": "survivor",   "scale": 1.0,   "variant": "default" }]
10:56:17 info: BridgeServer[0] Entity state forwarded: 7dtd -> minecraft (update, c659c35b-0f9a-4089-a3ee-a6a9e72626f8)
10:56:18 info: BridgeServer[0] Player position forwarded: minecraft -> 7dtd (-46.4980827909365, 71, 73.39785432349018)
10:56:18 info: BridgeServer[0] Entity registry: updated, id=d317490e-d1c8-4c5d-b4fc-725645e4df41, count=1
10:56:18 info: BridgeServer[0] [Presentation] entity=d317490e-d1c8-4c5d-b4fc-725645e4df41 state=[presentation, {   "renderer": "humanoid",   "model": "player",   "scale": 1.0,   "variant": "default" }]
10:56:18 info: BridgeServer[0] Entity state forwarded: minecraft -> 7dtd (update, d317490e-d1c8-4c5d-b4fc-725645e4df41)
10:56:18 info: BridgeServer[0] Entity registry: updated, id=c659c35b-0f9a-4089-a3ee-a6a9e72626f8, count=1
10:56:18 info: BridgeServer[0] [Presentation] entity=c659c35b-0f9a-4089-a3ee-a6a9e72626f8 state=[presentation, {   "renderer": "humanoid",   "model": "survivor",   "scale": 1.0,   "variant": "default" }]
10:56:18 info: BridgeServer[0] Entity state forwarded: 7dtd -> minecraft (update, c659c35b-0f9a-4089-a3ee-a6a9e72626f8)
10:56:18 info: BridgeServer[0] Player position forwarded: minecraft -> 7dtd (-46.4980827909365, 71, 73.39785432349018)
10:56:18 info: BridgeServer[0] Entity registry: updated, id=d317490e-d1c8-4c5d-b4fc-725645e4df41, count=1
10:56:18 info: BridgeServer[0] [Presentation] entity=d317490e-d1c8-4c5d-b4fc-725645e4df41 state=[presentation, {   "renderer": "humanoid",   "model": "player",   "scale": 1.0,   "variant": "default" }]
10:56:18 info: BridgeServer[0] Entity state forwarded: minecraft -> 7dtd (update, d317490e-d1c8-4c5d-b4fc-725645e4df41)
10:56:18 info: BridgeServer[0] Entity registry: updated, id=c659c35b-0f9a-4089-a3ee-a6a9e72626f8, count=1
10:56:18 info: BridgeServer[0] [Presentation] entity=c659c35b-0f9a-4089-a3ee-a6a9e72626f8 state=[presentation, {   "renderer": "humanoid",   "model": "survivor",   "scale": 1.0,   "variant": "default" }]
10:56:18 info: BridgeServer[0] Entity state forwarded: 7dtd -> minecraft (update, c659c35b-0f9a-4089-a3ee-a6a9e72626f8)
10:56:19 info: BridgeServer[0] Player position forwarded: minecraft -> 7dtd (-46.4980827909365, 71, 73.39785432349018)
10:56:19 info: BridgeServer[0] Entity registry: updated, id=d317490e-d1c8-4c5d-b4fc-725645e4df41, count=1
10:56:19 info: BridgeServer[0] [Presentation] entity=d317490e-d1c8-4c5d-b4fc-725645e4df41 state=[presentation, {   "renderer": "humanoid",   "model": "player",   "scale": 1.0,   "variant": "default" }]
10:56:19 info: BridgeServer[0] Entity state forwarded: minecraft -> 7dtd (update, d317490e-d1c8-4c5d-b4fc-725645e4df41)
10:56:19 info: BridgeServer[0] Entity registry: updated, id=c659c35b-0f9a-4089-a3ee-a6a9e72626f8, count=1
10:56:19 info: BridgeServer[0] [Presentation] entity=c659c35b-0f9a-4089-a3ee-a6a9e72626f8 state=[presentation, {   "renderer": "humanoid",   "model": "survivor",   "scale": 1.0,   "variant": "default" }]
10:56:19 info: BridgeServer[0] Entity state forwarded: 7dtd -> minecraft (update, c659c35b-0f9a-4089-a3ee-a6a9e72626f8)
10:56:19 info: BridgeServer[0] Player position forwarded: minecraft -> 7dtd (-46.4980827909365, 71, 73.39785432349018)
10:56:19 info: BridgeServer[0] Entity registry: updated, id=d317490e-d1c8-4c5d-b4fc-725645e4df41, count=1
10:56:19 info: BridgeServer[0] [Presentation] entity=d317490e-d1c8-4c5d-b4fc-725645e4df41 state=[presentation, {   "renderer": "humanoid",   "model": "player",   "scale": 1.0,   "variant": "default" }]
10:56:19 info: BridgeServer[0] Entity state forwarded: minecraft -> 7dtd (update, d317490e-d1c8-4c5d-b4fc-725645e4df41)
10:56:19 info: BridgeServer[0] Entity registry: updated, id=c659c35b-0f9a-4089-a3ee-a6a9e72626f8, count=1
10:56:19 info: BridgeServer[0] [Presentation] entity=c659c35b-0f9a-4089-a3ee-a6a9e72626f8 state=[presentation, {   "renderer": "humanoid",   "model": "survivor",   "scale": 1.0,   "variant": "default" }]
10:56:19 info: BridgeServer[0] Entity state forwarded: 7dtd -> minecraft (update, c659c35b-0f9a-4089-a3ee-a6a9e72626f8)
10:56:20 info: BridgeServer[0] Player position forwarded: minecraft -> 7dtd (-46.4980827909365, 71, 73.39785432349018)
10:56:20 info: BridgeServer[0] Entity registry: updated, id=d317490e-d1c8-4c5d-b4fc-725645e4df41, count=1
10:56:20 info: BridgeServer[0] [Presentation] entity=d317490e-d1c8-4c5d-b4fc-725645e4df41 state=[presentation, {   "renderer": "humanoid",   "model": "player",   "scale": 1.0,   "variant": "default" }]
10:56:20 info: BridgeServer[0] Entity state forwarded: minecraft -> 7dtd (update, d317490e-d1c8-4c5d-b4fc-725645e4df41)
10:56:20 info: BridgeServer[0] Entity registry: updated, id=c659c35b-0f9a-4089-a3ee-a6a9e72626f8, count=1
10:56:20 info: BridgeServer[0] [Presentation] entity=c659c35b-0f9a-4089-a3ee-a6a9e72626f8 state=[presentation, {   "renderer": "humanoid",   "model": "survivor",   "scale": 1.0,   "variant": "default" }]
10:56:20 info: BridgeServer[0] Entity state forwarded: 7dtd -> minecraft (update, c659c35b-0f9a-4089-a3ee-a6a9e72626f8)
10:56:20 info: BridgeServer[0] Player position forwarded: minecraft -> 7dtd (-46.4980827909365, 71, 73.39785432349018)
10:56:20 info: BridgeServer[0] Entity registry: updated, id=d317490e-d1c8-4c5d-b4fc-725645e4df41, count=1
10:56:20 info: BridgeServer[0] [Presentation] entity=d317490e-d1c8-4c5d-b4fc-725645e4df41 state=[presentation, {   "renderer": "humanoid",   "model": "player",   "scale": 1.0,   "variant": "default" }]
10:56:20 info: BridgeServer[0] Entity state forwarded: minecraft -> 7dtd (update, d317490e-d1c8-4c5d-b4fc-725645e4df41)
10:56:20 info: BridgeServer[0] Entity registry: updated, id=c659c35b-0f9a-4089-a3ee-a6a9e72626f8, count=1
10:56:20 info: BridgeServer[0] [Presentation] entity=c659c35b-0f9a-4089-a3ee-a6a9e72626f8 state=[presentation, {   "renderer": "humanoid",   "model": "survivor",   "scale": 1.0,   "variant": "default" }]
10:56:20 info: BridgeServer[0] Entity state forwarded: 7dtd -> minecraft (update, c659c35b-0f9a-4089-a3ee-a6a9e72626f8)
10:56:21 info: BridgeServer[0] Player position forwarded: minecraft -> 7dtd (-46.4980827909365, 71, 73.39785432349018)
10:56:21 info: BridgeServer[0] Entity registry: updated, id=d317490e-d1c8-4c5d-b4fc-725645e4df41, count=1
10:56:21 info: BridgeServer[0] [Presentation] entity=d317490e-d1c8-4c5d-b4fc-725645e4df41 state=[presentation, {   "renderer": "humanoid",   "model": "player",   "scale": 1.0,   "variant": "default" }]
10:56:21 info: BridgeServer[0] Entity state forwarded: minecraft -> 7dtd (update, d317490e-d1c8-4c5d-b4fc-725645e4df41)
10:56:21 info: BridgeServer[0] Entity registry: updated, id=c659c35b-0f9a-4089-a3ee-a6a9e72626f8, count=1
10:56:21 info: BridgeServer[0] [Presentation] entity=c659c35b-0f9a-4089-a3ee-a6a9e72626f8 state=[presentation, {   "renderer": "humanoid",   "model": "survivor",   "scale": 1.0,   "variant": "default" }]
10:56:21 info: BridgeServer[0] Entity state forwarded: 7dtd -> minecraft (update, c659c35b-0f9a-4089-a3ee-a6a9e72626f8)
10:56:21 info: BridgeServer[0] Player position forwarded: minecraft -> 7dtd (-46.4980827909365, 71, 73.39785432349018)
10:56:21 info: BridgeServer[0] Entity registry: updated, id=d317490e-d1c8-4c5d-b4fc-725645e4df41, count=1
10:56:21 info: BridgeServer[0] [Presentation] entity=d317490e-d1c8-4c5d-b4fc-725645e4df41 state=[presentation, {   "renderer": "humanoid",   "model": "player",   "scale": 1.0,   "variant": "default" }]
10:56:21 info: BridgeServer[0] Entity state forwarded: minecraft -> 7dtd (update, d317490e-d1c8-4c5d-b4fc-725645e4df41)
10:56:21 info: BridgeServer[0] Entity registry: updated, id=c659c35b-0f9a-4089-a3ee-a6a9e72626f8, count=1
10:56:21 info: BridgeServer[0] [Presentation] entity=c659c35b-0f9a-4089-a3ee-a6a9e72626f8 state=[presentation, {   "renderer": "humanoid",   "model": "survivor",   "scale": 1.0,   "variant": "default" }]
10:56:21 info: BridgeServer[0] Entity state forwarded: 7dtd -> minecraft (update, c659c35b-0f9a-4089-a3ee-a6a9e72626f8)
10:56:22 info: BridgeServer[0] Player position forwarded: minecraft -> 7dtd (-46.4980827909365, 71, 73.39785432349018)
10:56:22 info: BridgeServer[0] Entity registry: updated, id=d317490e-d1c8-4c5d-b4fc-725645e4df41, count=1
10:56:22 info: BridgeServer[0] [Presentation] entity=d317490e-d1c8-4c5d-b4fc-725645e4df41 state=[presentation, {   "renderer": "humanoid",   "model": "player",   "scale": 1.0,   "variant": "default" }]
10:56:22 info: BridgeServer[0] Entity state forwarded: minecraft -> 7dtd (update, d317490e-d1c8-4c5d-b4fc-725645e4df41)
10:56:22 info: BridgeServer[0] Entity registry: updated, id=c659c35b-0f9a-4089-a3ee-a6a9e72626f8, count=1
10:56:22 info: BridgeServer[0] [Presentation] entity=c659c35b-0f9a-4089-a3ee-a6a9e72626f8 state=[presentation, {   "renderer": "humanoid",   "model": "survivor",   "scale": 1.0,   "variant": "default" }]
10:56:22 info: BridgeServer[0] Entity state forwarded: 7dtd -> minecraft (update, c659c35b-0f9a-4089-a3ee-a6a9e72626f8)
10:56:22 info: BridgeServer[0] Player position forwarded: minecraft -> 7dtd (-46.4980827909365, 71, 73.39785432349018)
10:56:22 info: BridgeServer[0] Entity registry: updated, id=d317490e-d1c8-4c5d-b4fc-725645e4df41, count=1
10:56:22 info: BridgeServer[0] [Presentation] entity=d317490e-d1c8-4c5d-b4fc-725645e4df41 state=[presentation, {   "renderer": "humanoid",   "model": "player",   "scale": 1.0,   "variant": "default" }]
10:56:22 info: BridgeServer[0] Entity state forwarded: minecraft -> 7dtd (update, d317490e-d1c8-4c5d-b4fc-725645e4df41)
10:56:22 info: BridgeServer[0] Entity registry: updated, id=c659c35b-0f9a-4089-a3ee-a6a9e72626f8, count=1
10:56:22 info: BridgeServer[0] [Presentation] entity=c659c35b-0f9a-4089-a3ee-a6a9e72626f8 state=[presentation, {   "renderer": "humanoid",   "model": "survivor",   "scale": 1.0,   "variant": "default" }]
10:56:22 info: BridgeServer[0] Entity state forwarded: 7dtd -> minecraft (update, c659c35b-0f9a-4089-a3ee-a6a9e72626f8)
10:56:23 info: BridgeServer[0] Player position forwarded: minecraft -> 7dtd (-46.4980827909365, 71, 73.39785432349018)
10:56:23 info: BridgeServer[0] Entity registry: updated, id=d317490e-d1c8-4c5d-b4fc-725645e4df41, count=1
10:56:23 info: BridgeServer[0] [Presentation] entity=d317490e-d1c8-4c5d-b4fc-725645e4df41 state=[presentation, {   "renderer": "humanoid",   "model": "player",   "scale": 1.0,   "variant": "default" }]
10:56:23 info: BridgeServer[0] Entity state forwarded: minecraft -> 7dtd (update, d317490e-d1c8-4c5d-b4fc-725645e4df41)
10:56:23 info: BridgeServer[0] Entity registry: updated, id=c659c35b-0f9a-4089-a3ee-a6a9e72626f8, count=1
10:56:23 info: BridgeServer[0] [Presentation] entity=c659c35b-0f9a-4089-a3ee-a6a9e72626f8 state=[presentation, {   "renderer": "humanoid",   "model": "survivor",   "scale": 1.0,   "variant": "default" }]
10:56:23 info: BridgeServer[0] Entity state forwarded: 7dtd -> minecraft (update, c659c35b-0f9a-4089-a3ee-a6a9e72626f8)
10:56:23 info: BridgeServer[0] Entity registry: updated, id=c659c35b-0f9a-4089-a3ee-a6a9e72626f8, count=1
10:56:23 info: BridgeServer[0] [Presentation] entity=c659c35b-0f9a-4089-a3ee-a6a9e72626f8 state=[presentation, {   "renderer": "humanoid",   "model": "survivor",   "scale": 1.0,   "variant": "default" }]
10:56:23 info: BridgeServer[0] Entity state forwarded: 7dtd -> minecraft (update, c659c35b-0f9a-4089-a3ee-a6a9e72626f8)
10:56:23 info: BridgeServer[0] Player position forwarded: minecraft -> 7dtd (-46.4980827909365, 71, 73.39785432349018)
10:56:23 info: BridgeServer[0] Entity registry: updated, id=d317490e-d1c8-4c5d-b4fc-725645e4df41, count=1
10:56:23 info: BridgeServer[0] [Presentation] entity=d317490e-d1c8-4c5d-b4fc-725645e4df41 state=[presentation, {   "renderer": "humanoid",   "model": "player",   "scale": 1.0,   "variant": "default" }]
10:56:23 info: BridgeServer[0] Entity state forwarded: minecraft -> 7dtd (update, d317490e-d1c8-4c5d-b4fc-725645e4df41)
10:56:24 info: BridgeServer[0] Entity registry: updated, id=c659c35b-0f9a-4089-a3ee-a6a9e72626f8, count=1
10:56:24 info: BridgeServer[0] [Presentation] entity=c659c35b-0f9a-4089-a3ee-a6a9e72626f8 state=[presentation, {   "renderer": "humanoid",   "model": "survivor",   "scale": 1.0,   "variant": "default" }]
10:56:24 info: BridgeServer[0] Entity state forwarded: 7dtd -> minecraft (update, c659c35b-0f9a-4089-a3ee-a6a9e72626f8)
10:56:24 info: BridgeServer[0] Player position forwarded: minecraft -> 7dtd (-46.4980827909365, 71, 73.39785432349018)
10:56:24 info: BridgeServer[0] Entity registry: updated, id=d317490e-d1c8-4c5d-b4fc-725645e4df41, count=1
10:56:24 info: BridgeServer[0] [Presentation] entity=d317490e-d1c8-4c5d-b4fc-725645e4df41 state=[presentation, {   "renderer": "humanoid",   "model": "player",   "scale": 1.0,   "variant": "default" }]
10:56:24 info: BridgeServer[0] Entity state forwarded: minecraft -> 7dtd (update, d317490e-d1c8-4c5d-b4fc-725645e4df41)
10:56:24 info: BridgeServer[0] Entity registry: updated, id=c659c35b-0f9a-4089-a3ee-a6a9e72626f8, count=1
10:56:24 info: BridgeServer[0] [Presentation] entity=c659c35b-0f9a-4089-a3ee-a6a9e72626f8 state=[presentation, {   "renderer": "humanoid",   "model": "survivor",   "scale": 1.0,   "variant": "default" }]
10:56:24 info: BridgeServer[0] Entity state forwarded: 7dtd -> minecraft (update, c659c35b-0f9a-4089-a3ee-a6a9e72626f8)
10:56:24 info: BridgeServer[0] Player position forwarded: minecraft -> 7dtd (-46.4980827909365, 71, 73.39785432349018)
10:56:24 info: BridgeServer[0] Entity registry: updated, id=d317490e-d1c8-4c5d-b4fc-725645e4df41, count=1
10:56:24 info: BridgeServer[0] [Presentation] entity=d317490e-d1c8-4c5d-b4fc-725645e4df41 state=[presentation, {   "renderer": "humanoid",   "model": "player",   "scale": 1.0,   "variant": "default" }]
10:56:24 info: BridgeServer[0] Entity state forwarded: minecraft -> 7dtd (update, d317490e-d1c8-4c5d-b4fc-725645e4df41)
10:56:25 info: BridgeServer[0] Entity registry: updated, id=c659c35b-0f9a-4089-a3ee-a6a9e72626f8, count=1
10:56:25 info: BridgeServer[0] [Presentation] entity=c659c35b-0f9a-4089-a3ee-a6a9e72626f8 state=[presentation, {   "renderer": "humanoid",   "model": "survivor",   "scale": 1.0,   "variant": "default" }]
10:56:25 info: BridgeServer[0] Entity state forwarded: 7dtd -> minecraft (update, c659c35b-0f9a-4089-a3ee-a6a9e72626f8)
10:56:25 info: BridgeServer[0] Player position forwarded: minecraft -> 7dtd (-46.4980827909365, 71, 73.39785432349018)
10:56:25 info: BridgeServer[0] Entity registry: updated, id=d317490e-d1c8-4c5d-b4fc-725645e4df41, count=1
10:56:25 info: BridgeServer[0] [Presentation] entity=d317490e-d1c8-4c5d-b4fc-725645e4df41 state=[presentation, {   "renderer": "humanoid",   "model": "player",   "scale": 1.0,   "variant": "default" }]
10:56:25 info: BridgeServer[0] Entity state forwarded: minecraft -> 7dtd (update, d317490e-d1c8-4c5d-b4fc-725645e4df41)
10:56:25 info: BridgeServer[0] Entity registry: updated, id=c659c35b-0f9a-4089-a3ee-a6a9e72626f8, count=1
10:56:25 info: BridgeServer[0] [Presentation] entity=c659c35b-0f9a-4089-a3ee-a6a9e72626f8 state=[presentation, {   "renderer": "humanoid",   "model": "survivor",   "scale": 1.0,   "variant": "default" }]
10:56:25 info: BridgeServer[0] Entity state forwarded: 7dtd -> minecraft (update, c659c35b-0f9a-4089-a3ee-a6a9e72626f8)
10:56:26 info: BridgeServer[0] Player position forwarded: minecraft -> 7dtd (-46.4980827909365, 71, 73.39785432349018)
10:56:26 info: BridgeServer[0] Entity registry: updated, id=d317490e-d1c8-4c5d-b4fc-725645e4df41, count=1
10:56:26 info: BridgeServer[0] [Presentation] entity=d317490e-d1c8-4c5d-b4fc-725645e4df41 state=[presentation, {   "renderer": "humanoid",   "model": "player",   "scale": 1.0,   "variant": "default" }]
10:56:26 info: BridgeServer[0] Entity state forwarded: minecraft -> 7dtd (update, d317490e-d1c8-4c5d-b4fc-725645e4df41)
10:56:26 info: BridgeServer[0] Entity registry: updated, id=c659c35b-0f9a-4089-a3ee-a6a9e72626f8, count=1
10:56:26 info: BridgeServer[0] [Presentation] entity=c659c35b-0f9a-4089-a3ee-a6a9e72626f8 state=[presentation, {   "renderer": "humanoid",   "model": "survivor",   "scale": 1.0,   "variant": "default" }]
10:56:26 info: BridgeServer[0] Entity state forwarded: 7dtd -> minecraft (update, c659c35b-0f9a-4089-a3ee-a6a9e72626f8)
10:56:26 info: BridgeServer[0] Entity registry: updated, id=c659c35b-0f9a-4089-a3ee-a6a9e72626f8, count=1
10:56:26 info: BridgeServer[0] [Presentation] entity=c659c35b-0f9a-4089-a3ee-a6a9e72626f8 state=[presentation, {   "renderer": "humanoid",   "model": "survivor",   "scale": 1.0,   "variant": "default" }]
10:56:26 info: BridgeServer[0] Entity state forwarded: 7dtd -> minecraft (update, c659c35b-0f9a-4089-a3ee-a6a9e72626f8)
10:56:27 info: BridgeServer[0] Entity registry: updated, id=c659c35b-0f9a-4089-a3ee-a6a9e72626f8, count=1
10:56:27 info: BridgeServer[0] [Presentation] entity=c659c35b-0f9a-4089-a3ee-a6a9e72626f8 state=[presentation, {   "renderer": "humanoid",   "model": "survivor",   "scale": 1.0,   "variant": "default" }]
10:56:27 info: BridgeServer[0] Entity state forwarded: 7dtd -> minecraft (update, c659c35b-0f9a-4089-a3ee-a6a9e72626f8)
10:56:27 info: BridgeServer[0] Entity registry: updated, id=c659c35b-0f9a-4089-a3ee-a6a9e72626f8, count=1
10:56:27 info: BridgeServer[0] [Presentation] entity=c659c35b-0f9a-4089-a3ee-a6a9e72626f8 state=[presentation, {   "renderer": "humanoid",   "model": "survivor",   "scale": 1.0,   "variant": "default" }]
10:56:27 info: BridgeServer[0] Entity state forwarded: 7dtd -> minecraft (update, c659c35b-0f9a-4089-a3ee-a6a9e72626f8)
10:56:28 info: BridgeServer[0] Entity registry: updated, id=c659c35b-0f9a-4089-a3ee-a6a9e72626f8, count=1
10:56:28 info: BridgeServer[0] [Presentation] entity=c659c35b-0f9a-4089-a3ee-a6a9e72626f8 state=[presentation, {   "renderer": "humanoid",   "model": "survivor",   "scale": 1.0,   "variant": "default" }]
10:56:28 info: BridgeServer[0] Entity state forwarded: 7dtd -> minecraft (update, c659c35b-0f9a-4089-a3ee-a6a9e72626f8)
10:56:28 info: BridgeServer[0] Entity registry: updated, id=c659c35b-0f9a-4089-a3ee-a6a9e72626f8, count=1
10:56:28 info: BridgeServer[0] [Presentation] entity=c659c35b-0f9a-4089-a3ee-a6a9e72626f8 state=[presentation, {   "renderer": "humanoid",   "model": "survivor",   "scale": 1.0,   "variant": "default" }]
10:56:28 info: BridgeServer[0] Entity state forwarded: 7dtd -> minecraft (update, c659c35b-0f9a-4089-a3ee-a6a9e72626f8)
10:56:29 info: BridgeServer[0] Entity registry: updated, id=c659c35b-0f9a-4089-a3ee-a6a9e72626f8, count=1
10:56:29 info: BridgeServer[0] [Presentation] entity=c659c35b-0f9a-4089-a3ee-a6a9e72626f8 state=[presentation, {   "renderer": "humanoid",   "model": "survivor",   "scale": 1.0,   "variant": "default" }]
10:56:29 info: BridgeServer[0] Entity state forwarded: 7dtd -> minecraft (update, c659c35b-0f9a-4089-a3ee-a6a9e72626f8)
10:56:29 info: BridgeServer[0] Entity registry: updated, id=c659c35b-0f9a-4089-a3ee-a6a9e72626f8, count=1
10:56:29 info: BridgeServer[0] [Presentation] entity=c659c35b-0f9a-4089-a3ee-a6a9e72626f8 state=[presentation, {   "renderer": "humanoid",   "model": "survivor",   "scale": 1.0,   "variant": "default" }]
10:56:29 info: BridgeServer[0] Entity state forwarded: 7dtd -> minecraft (update, c659c35b-0f9a-4089-a3ee-a6a9e72626f8)
10:56:30 info: BridgeServer[0] Entity registry: updated, id=c659c35b-0f9a-4089-a3ee-a6a9e72626f8, count=1
10:56:30 info: BridgeServer[0] [Presentation] entity=c659c35b-0f9a-4089-a3ee-a6a9e72626f8 state=[presentation, {   "renderer": "humanoid",   "model": "survivor",   "scale": 1.0,   "variant": "default" }]
10:56:30 info: BridgeServer[0] Entity state forwarded: 7dtd -> minecraft (update, c659c35b-0f9a-4089-a3ee-a6a9e72626f8)
10:56:30 info: BridgeServer[0] Entity registry: updated, id=c659c35b-0f9a-4089-a3ee-a6a9e72626f8, count=1
10:56:30 info: BridgeServer[0] [Presentation] entity=c659c35b-0f9a-4089-a3ee-a6a9e72626f8 state=[presentation, {   "renderer": "humanoid",   "model": "survivor",   "scale": 1.0,   "variant": "default" }]
10:56:30 info: BridgeServer[0] Entity state forwarded: 7dtd -> minecraft (update, c659c35b-0f9a-4089-a3ee-a6a9e72626f8)
10:56:31 info: BridgeServer[0] Entity registry: updated, id=c659c35b-0f9a-4089-a3ee-a6a9e72626f8, count=1
10:56:31 info: BridgeServer[0] [Presentation] entity=c659c35b-0f9a-4089-a3ee-a6a9e72626f8 state=[presentation, {   "renderer": "humanoid",   "model": "survivor",   "scale": 1.0,   "variant": "default" }]
10:56:31 info: BridgeServer[0] Entity state forwarded: 7dtd -> minecraft (update, c659c35b-0f9a-4089-a3ee-a6a9e72626f8)
10:56:31 info: BridgeServer[0] Entity registry: updated, id=c659c35b-0f9a-4089-a3ee-a6a9e72626f8, count=1
10:56:31 info: BridgeServer[0] [Presentation] entity=c659c35b-0f9a-4089-a3ee-a6a9e72626f8 state=[presentation, {   "renderer": "humanoid",   "model": "survivor",   "scale": 1.0,   "variant": "default" }]
10:56:31 info: BridgeServer[0] Entity state forwarded: 7dtd -> minecraft (update, c659c35b-0f9a-4089-a3ee-a6a9e72626f8)
10:56:32 info: BridgeServer[0] Entity registry: updated, id=c659c35b-0f9a-4089-a3ee-a6a9e72626f8, count=1
10:56:32 info: BridgeServer[0] [Presentation] entity=c659c35b-0f9a-4089-a3ee-a6a9e72626f8 state=[presentation, {   "renderer": "humanoid",   "model": "survivor",   "scale": 1.0,   "variant": "default" }]
10:56:32 info: BridgeServer[0] Entity state forwarded: 7dtd -> minecraft (update, c659c35b-0f9a-4089-a3ee-a6a9e72626f8)
10:56:32 info: BridgeServer[0] Entity registry: updated, id=c659c35b-0f9a-4089-a3ee-a6a9e72626f8, count=1
10:56:32 info: BridgeServer[0] [Presentation] entity=c659c35b-0f9a-4089-a3ee-a6a9e72626f8 state=[presentation, {   "renderer": "humanoid",   "model": "survivor",   "scale": 1.0,   "variant": "default" }]
10:56:32 info: BridgeServer[0] Entity state forwarded: 7dtd -> minecraft (update, c659c35b-0f9a-4089-a3ee-a6a9e72626f8)
10:56:33 info: BridgeServer[0] Entity registry: updated, id=c659c35b-0f9a-4089-a3ee-a6a9e72626f8, count=1
10:56:33 info: BridgeServer[0] [Presentation] entity=c659c35b-0f9a-4089-a3ee-a6a9e72626f8 state=[presentation, {   "renderer": "humanoid",   "model": "survivor",   "scale": 1.0,   "variant": "default" }]
10:56:33 info: BridgeServer[0] Entity state forwarded: 7dtd -> minecraft (update, c659c35b-0f9a-4089-a3ee-a6a9e72626f8)
10:56:33 info: BridgeServer[0] Entity registry: updated, id=c659c35b-0f9a-4089-a3ee-a6a9e72626f8, count=1
10:56:33 info: BridgeServer[0] [Presentation] entity=c659c35b-0f9a-4089-a3ee-a6a9e72626f8 state=[presentation, {   "renderer": "humanoid",   "model": "survivor",   "scale": 1.0,   "variant": "default" }]
10:56:33 info: BridgeServer[0] Entity state forwarded: 7dtd -> minecraft (update, c659c35b-0f9a-4089-a3ee-a6a9e72626f8)
10:56:34 info: BridgeServer[0] Entity registry: updated, id=c659c35b-0f9a-4089-a3ee-a6a9e72626f8, count=1
10:56:34 info: BridgeServer[0] [Presentation] entity=c659c35b-0f9a-4089-a3ee-a6a9e72626f8 state=[presentation, {   "renderer": "humanoid",   "model": "survivor",   "scale": 1.0,   "variant": "default" }]
10:56:34 info: BridgeServer[0] Entity state forwarded: 7dtd -> minecraft (update, c659c35b-0f9a-4089-a3ee-a6a9e72626f8)
10:56:34 info: BridgeServer[0] Entity registry: updated, id=c659c35b-0f9a-4089-a3ee-a6a9e72626f8, count=1
10:56:34 info: BridgeServer[0] [Presentation] entity=c659c35b-0f9a-4089-a3ee-a6a9e72626f8 state=[presentation, {   "renderer": "humanoid",   "model": "survivor",   "scale": 1.0,   "variant": "default" }]
10:56:34 info: BridgeServer[0] Entity state forwarded: 7dtd -> minecraft (update, c659c35b-0f9a-4089-a3ee-a6a9e72626f8)
10:56:35 info: BridgeServer[0] Entity registry: updated, id=c659c35b-0f9a-4089-a3ee-a6a9e72626f8, count=1
10:56:35 info: BridgeServer[0] [Presentation] entity=c659c35b-0f9a-4089-a3ee-a6a9e72626f8 state=[presentation, {   "renderer": "humanoid",   "model": "survivor",   "scale": 1.0,   "variant": "default" }]
10:56:35 info: BridgeServer[0] Entity state forwarded: 7dtd -> minecraft (update, c659c35b-0f9a-4089-a3ee-a6a9e72626f8)
10:56:35 info: BridgeServer[0] Entity registry: updated, id=c659c35b-0f9a-4089-a3ee-a6a9e72626f8, count=1
10:56:35 info: BridgeServer[0] [Presentation] entity=c659c35b-0f9a-4089-a3ee-a6a9e72626f8 state=[presentation, {   "renderer": "humanoid",   "model": "survivor",   "scale": 1.0,   "variant": "default" }]
10:56:35 info: BridgeServer[0] Entity state forwarded: 7dtd -> minecraft (update, c659c35b-0f9a-4089-a3ee-a6a9e72626f8)
10:56:36 info: BridgeServer[0] Entity registry: updated, id=c659c35b-0f9a-4089-a3ee-a6a9e72626f8, count=1
10:56:36 info: BridgeServer[0] [Presentation] entity=c659c35b-0f9a-4089-a3ee-a6a9e72626f8 state=[presentation, {   "renderer": "humanoid",   "model": "survivor",   "scale": 1.0,   "variant": "default" }]
10:56:36 info: BridgeServer[0] Entity state forwarded: 7dtd -> minecraft (update, c659c35b-0f9a-4089-a3ee-a6a9e72626f8)
10:56:36 info: BridgeServer[0] Entity registry: updated, id=c659c35b-0f9a-4089-a3ee-a6a9e72626f8, count=1
10:56:36 info: BridgeServer[0] [Presentation] entity=c659c35b-0f9a-4089-a3ee-a6a9e72626f8 state=[presentation, {   "renderer": "humanoid",   "model": "survivor",   "scale": 1.0,   "variant": "default" }]
10:56:36 info: BridgeServer[0] Entity state forwarded: 7dtd -> minecraft (update, c659c35b-0f9a-4089-a3ee-a6a9e72626f8)
10:56:37 info: BridgeServer[0] Entity registry: updated, id=c659c35b-0f9a-4089-a3ee-a6a9e72626f8, count=1
10:56:37 info: BridgeServer[0] [Presentation] entity=c659c35b-0f9a-4089-a3ee-a6a9e72626f8 state=[presentation, {   "renderer": "humanoid",   "model": "survivor",   "scale": 1.0,   "variant": "default" }]
10:56:37 info: BridgeServer[0] Entity state forwarded: 7dtd -> minecraft (update, c659c35b-0f9a-4089-a3ee-a6a9e72626f8)
10:56:37 info: BridgeServer[0] Entity registry: updated, id=c659c35b-0f9a-4089-a3ee-a6a9e72626f8, count=1
10:56:37 info: BridgeServer[0] [Presentation] entity=c659c35b-0f9a-4089-a3ee-a6a9e72626f8 state=[presentation, {   "renderer": "humanoid",   "model": "survivor",   "scale": 1.0,   "variant": "default" }]
10:56:37 info: BridgeServer[0] Entity state forwarded: 7dtd -> minecraft (update, c659c35b-0f9a-4089-a3ee-a6a9e72626f8)
10:56:38 info: BridgeServer[0] Entity registry: updated, id=c659c35b-0f9a-4089-a3ee-a6a9e72626f8, count=1
10:56:38 info: BridgeServer[0] [Presentation] entity=c659c35b-0f9a-4089-a3ee-a6a9e72626f8 state=[presentation, {   "renderer": "humanoid",   "model": "survivor",   "scale": 1.0,   "variant": "default" }]
10:56:38 info: BridgeServer[0] Entity state forwarded: 7dtd -> minecraft (update, c659c35b-0f9a-4089-a3ee-a6a9e72626f8)
10:56:38 info: BridgeServer[0] Entity registry: updated, id=c659c35b-0f9a-4089-a3ee-a6a9e72626f8, count=1
10:56:38 info: BridgeServer[0] [Presentation] entity=c659c35b-0f9a-4089-a3ee-a6a9e72626f8 state=[presentation, {   "renderer": "humanoid",   "model": "survivor",   "scale": 1.0,   "variant": "default" }]
10:56:38 info: BridgeServer[0] Entity state forwarded: 7dtd -> minecraft (update, c659c35b-0f9a-4089-a3ee-a6a9e72626f8)
10:56:39 info: BridgeServer[0] Entity registry: updated, id=c659c35b-0f9a-4089-a3ee-a6a9e72626f8, count=1
10:56:39 info: BridgeServer[0] [Presentation] entity=c659c35b-0f9a-4089-a3ee-a6a9e72626f8 state=[presentation, {   "renderer": "humanoid",   "model": "survivor",   "scale": 1.0,   "variant": "default" }]
10:56:39 info: BridgeServer[0] Entity state forwarded: 7dtd -> minecraft (update, c659c35b-0f9a-4089-a3ee-a6a9e72626f8)
10:56:39 info: BridgeServer[0] Components: equipment_applied, id=c659c35b-0f9a-4089-a3ee-a6a9e72626f8, revision=6; 7dtd -> minecraft
10:56:39 info: BridgeServer[0] Entity registry: despawned, id=c659c35b-0f9a-4089-a3ee-a6a9e72626f8, count=0
10:56:39 info: BridgeServer[0] Entity state forwarded: 7dtd -> minecraft (despawn, c659c35b-0f9a-4089-a3ee-a6a9e72626f8)
10:56:50 info: Microsoft.AspNetCore.Hosting.Diagnostics[1] Request starting HTTP/1.1 GET http://localhost:18771/debug/entities - - -
10:56:50 info: Microsoft.AspNetCore.Routing.EndpointMiddleware[0] Executing endpoint 'HTTP: GET /debug/entities'
10:56:50 info: Microsoft.AspNetCore.Http.Result.JsonResult[3] Writing value of type '<>f__AnonymousType4`1' as Json.
10:56:50 info: Microsoft.AspNetCore.Routing.EndpointMiddleware[1] Executed endpoint 'HTTP: GET /debug/entities'
10:56:50 info: Microsoft.AspNetCore.Hosting.Diagnostics[2] Request finished HTTP/1.1 GET http://localhost:18771/debug/entities - 200 - application/json;+charset=utf-8 0.2789ms
10:57:02 info: BridgeServer[0] Player position forwarded: minecraft -> 7dtd (-46.4980827909365, 71, 73.39785432349018)
10:57:02 info: BridgeServer[0] Entity registry: updated, id=d317490e-d1c8-4c5d-b4fc-725645e4df41, count=1
10:57:02 info: BridgeServer[0] [Presentation] entity=d317490e-d1c8-4c5d-b4fc-725645e4df41 state=[presentation, {   "renderer": "humanoid",   "model": "player",   "scale": 1.0,   "variant": "default" }]
10:57:02 info: BridgeServer[0] Entity state forwarded: minecraft -> 7dtd (update, d317490e-d1c8-4c5d-b4fc-725645e4df41)
10:57:02 info: BridgeServer[0] Player position forwarded: minecraft -> 7dtd (-46.4980827909365, 71, 73.39785432349018)
10:57:02 info: BridgeServer[0] Entity registry: updated, id=d317490e-d1c8-4c5d-b4fc-725645e4df41, count=1
10:57:02 info: BridgeServer[0] [Presentation] entity=d317490e-d1c8-4c5d-b4fc-725645e4df41 state=[presentation, {   "renderer": "humanoid",   "model": "player",   "scale": 1.0,   "variant": "default" }]
10:57:02 info: BridgeServer[0] Entity state forwarded: minecraft -> 7dtd (update, d317490e-d1c8-4c5d-b4fc-725645e4df41)
10:57:03 info: BridgeServer[0] Player position forwarded: minecraft -> 7dtd (-46.4980827909365, 71, 73.39785432349018)
10:57:03 info: BridgeServer[0] Entity registry: updated, id=d317490e-d1c8-4c5d-b4fc-725645e4df41, count=1
10:57:03 info: BridgeServer[0] [Presentation] entity=d317490e-d1c8-4c5d-b4fc-725645e4df41 state=[presentation, {   "renderer": "humanoid",   "model": "player",   "scale": 1.0,   "variant": "default" }]
10:57:03 info: BridgeServer[0] Entity state forwarded: minecraft -> 7dtd (update, d317490e-d1c8-4c5d-b4fc-725645e4df41)
10:57:03 info: BridgeServer[0] Player position forwarded: minecraft -> 7dtd (-46.4980827909365, 71, 73.39785432349018)
10:57:03 info: BridgeServer[0] Entity registry: updated, id=d317490e-d1c8-4c5d-b4fc-725645e4df41, count=1
10:57:03 info: BridgeServer[0] [Presentation] entity=d317490e-d1c8-4c5d-b4fc-725645e4df41 state=[presentation, {   "renderer": "humanoid",   "model": "player",   "scale": 1.0,   "variant": "default" }]
10:57:03 info: BridgeServer[0] Entity state forwarded: minecraft -> 7dtd (update, d317490e-d1c8-4c5d-b4fc-725645e4df41)
10:57:04 info: BridgeServer[0] Player position forwarded: minecraft -> 7dtd (-46.4980827909365, 71, 73.39785432349018)
10:57:04 info: BridgeServer[0] Entity registry: updated, id=d317490e-d1c8-4c5d-b4fc-725645e4df41, count=1
10:57:04 info: BridgeServer[0] [Presentation] entity=d317490e-d1c8-4c5d-b4fc-725645e4df41 state=[presentation, {   "renderer": "humanoid",   "model": "player",   "scale": 1.0,   "variant": "default" }]
10:57:04 info: BridgeServer[0] Entity state forwarded: minecraft -> 7dtd (update, d317490e-d1c8-4c5d-b4fc-725645e4df41)
10:57:04 info: BridgeServer[0] Player position forwarded: minecraft -> 7dtd (-46.4980827909365, 71, 73.39785432349018)
10:57:04 info: BridgeServer[0] Entity registry: updated, id=d317490e-d1c8-4c5d-b4fc-725645e4df41, count=1
10:57:04 info: BridgeServer[0] [Presentation] entity=d317490e-d1c8-4c5d-b4fc-725645e4df41 state=[presentation, {   "renderer": "humanoid",   "model": "player",   "scale": 1.0,   "variant": "default" }]
10:57:04 info: BridgeServer[0] Entity state forwarded: minecraft -> 7dtd (update, d317490e-d1c8-4c5d-b4fc-725645e4df41)
10:57:05 info: BridgeServer[0] Player position forwarded: minecraft -> 7dtd (-46.4980827909365, 71, 73.39785432349018)
10:57:05 info: BridgeServer[0] Entity registry: updated, id=d317490e-d1c8-4c5d-b4fc-725645e4df41, count=1
10:57:05 info: BridgeServer[0] [Presentation] entity=d317490e-d1c8-4c5d-b4fc-725645e4df41 state=[presentation, {   "renderer": "humanoid",   "model": "player",   "scale": 1.0,   "variant": "default" }]
10:57:05 info: BridgeServer[0] Entity state forwarded: minecraft -> 7dtd (update, d317490e-d1c8-4c5d-b4fc-725645e4df41)
10:57:05 info: BridgeServer[0] Player position forwarded: minecraft -> 7dtd (-46.4980827909365, 71, 73.39785432349018)
10:57:05 info: BridgeServer[0] Entity registry: updated, id=d317490e-d1c8-4c5d-b4fc-725645e4df41, count=1
10:57:05 info: BridgeServer[0] [Presentation] entity=d317490e-d1c8-4c5d-b4fc-725645e4df41 state=[presentation, {   "renderer": "humanoid",   "model": "player",   "scale": 1.0,   "variant": "default" }]
10:57:05 info: BridgeServer[0] Entity state forwarded: minecraft -> 7dtd (update, d317490e-d1c8-4c5d-b4fc-725645e4df41)
10:57:06 info: BridgeServer[0] Player position forwarded: minecraft -> 7dtd (-46.4980827909365, 71, 73.39785432349018)
10:57:06 info: BridgeServer[0] Entity registry: updated, id=d317490e-d1c8-4c5d-b4fc-725645e4df41, count=1
10:57:06 info: BridgeServer[0] [Presentation] entity=d317490e-d1c8-4c5d-b4fc-725645e4df41 state=[presentation, {   "renderer": "humanoid",   "model": "player",   "scale": 1.0,   "variant": "default" }]
10:57:06 info: BridgeServer[0] Entity state forwarded: minecraft -> 7dtd (update, d317490e-d1c8-4c5d-b4fc-725645e4df41)
10:57:07 info: BridgeServer[0] Player position forwarded: minecraft -> 7dtd (-46.4980827909365, 71, 73.39785432349018)
10:57:07 info: BridgeServer[0] Entity registry: updated, id=d317490e-d1c8-4c5d-b4fc-725645e4df41, count=1
10:57:07 info: BridgeServer[0] [Presentation] entity=d317490e-d1c8-4c5d-b4fc-725645e4df41 state=[presentation, {   "renderer": "humanoid",   "model": "player",   "scale": 1.0,   "variant": "default" }]
10:57:07 info: BridgeServer[0] Entity state forwarded: minecraft -> 7dtd (update, d317490e-d1c8-4c5d-b4fc-725645e4df41)
10:57:07 info: BridgeServer[0] Player position forwarded: minecraft -> 7dtd (-46.4980827909365, 71, 73.39785432349018)
10:57:07 info: BridgeServer[0] Entity registry: updated, id=d317490e-d1c8-4c5d-b4fc-725645e4df41, count=1
10:57:07 info: BridgeServer[0] [Presentation] entity=d317490e-d1c8-4c5d-b4fc-725645e4df41 state=[presentation, {   "renderer": "humanoid",   "model": "player",   "scale": 1.0,   "variant": "default" }]
10:57:07 info: BridgeServer[0] Entity state forwarded: minecraft -> 7dtd (update, d317490e-d1c8-4c5d-b4fc-725645e4df41)
10:57:08 info: BridgeServer[0] Player position forwarded: minecraft -> 7dtd (-46.4980827909365, 71, 73.39785432349018)
10:57:08 info: BridgeServer[0] Entity registry: updated, id=d317490e-d1c8-4c5d-b4fc-725645e4df41, count=1
10:57:08 info: BridgeServer[0] [Presentation] entity=d317490e-d1c8-4c5d-b4fc-725645e4df41 state=[presentation, {   "renderer": "humanoid",   "model": "player",   "scale": 1.0,   "variant": "default" }]
10:57:08 info: BridgeServer[0] Entity state forwarded: minecraft -> 7dtd (update, d317490e-d1c8-4c5d-b4fc-725645e4df41)
10:57:08 info: BridgeServer[0] Player position forwarded: minecraft -> 7dtd (-46.4980827909365, 71, 73.39785432349018)
10:57:08 info: BridgeServer[0] Entity registry: updated, id=d317490e-d1c8-4c5d-b4fc-725645e4df41, count=1
10:57:08 info: BridgeServer[0] [Presentation] entity=d317490e-d1c8-4c5d-b4fc-725645e4df41 state=[presentation, {   "renderer": "humanoid",   "model": "player",   "scale": 1.0,   "variant": "default" }]
10:57:08 info: BridgeServer[0] Entity state forwarded: minecraft -> 7dtd (update, d317490e-d1c8-4c5d-b4fc-725645e4df41)
10:57:09 info: BridgeServer[0] Player position forwarded: minecraft -> 7dtd (-46.4980827909365, 71, 73.39785432349018)
10:57:09 info: BridgeServer[0] Entity registry: updated, id=d317490e-d1c8-4c5d-b4fc-725645e4df41, count=1
10:57:09 info: BridgeServer[0] [Presentation] entity=d317490e-d1c8-4c5d-b4fc-725645e4df41 state=[presentation, {   "renderer": "humanoid",   "model": "player",   "scale": 1.0,   "variant": "default" }]
10:57:09 info: BridgeServer[0] Entity state forwarded: minecraft -> 7dtd (update, d317490e-d1c8-4c5d-b4fc-725645e4df41)
10:57:09 info: BridgeServer[0] Player position forwarded: minecraft -> 7dtd (-46.4980827909365, 71, 73.39785432349018)
10:57:09 info: BridgeServer[0] Entity registry: updated, id=d317490e-d1c8-4c5d-b4fc-725645e4df41, count=1
10:57:09 info: BridgeServer[0] [Presentation] entity=d317490e-d1c8-4c5d-b4fc-725645e4df41 state=[presentation, {   "renderer": "humanoid",   "model": "player",   "scale": 1.0,   "variant": "default" }]
10:57:09 info: BridgeServer[0] Entity state forwarded: minecraft -> 7dtd (update, d317490e-d1c8-4c5d-b4fc-725645e4df41)
10:57:10 info: BridgeServer[0] Player position forwarded: minecraft -> 7dtd (-46.4980827909365, 71, 73.39785432349018)
10:57:10 info: BridgeServer[0] Entity registry: updated, id=d317490e-d1c8-4c5d-b4fc-725645e4df41, count=1
10:57:10 info: BridgeServer[0] [Presentation] entity=d317490e-d1c8-4c5d-b4fc-725645e4df41 state=[presentation, {   "renderer": "humanoid",   "model": "player",   "scale": 1.0,   "variant": "default" }]
10:57:10 info: BridgeServer[0] Entity state forwarded: minecraft -> 7dtd (update, d317490e-d1c8-4c5d-b4fc-725645e4df41)
10:57:10 info: BridgeServer[0] Player position forwarded: minecraft -> 7dtd (-46.4980827909365, 71, 73.39785432349018)
10:57:10 info: BridgeServer[0] Entity registry: updated, id=d317490e-d1c8-4c5d-b4fc-725645e4df41, count=1
10:57:10 info: BridgeServer[0] [Presentation] entity=d317490e-d1c8-4c5d-b4fc-725645e4df41 state=[presentation, {   "renderer": "humanoid",   "model": "player",   "scale": 1.0,   "variant": "default" }]
10:57:10 info: BridgeServer[0] Entity state forwarded: minecraft -> 7dtd (update, d317490e-d1c8-4c5d-b4fc-725645e4df41)
10:57:11 info: BridgeServer[0] Player position forwarded: minecraft -> 7dtd (-46.4980827909365, 71, 73.39785432349018)
10:57:11 info: BridgeServer[0] Entity registry: updated, id=d317490e-d1c8-4c5d-b4fc-725645e4df41, count=1
10:57:11 info: BridgeServer[0] [Presentation] entity=d317490e-d1c8-4c5d-b4fc-725645e4df41 state=[presentation, {   "renderer": "humanoid",   "model": "player",   "scale": 1.0,   "variant": "default" }]
10:57:11 info: BridgeServer[0] Entity state forwarded: minecraft -> 7dtd (update, d317490e-d1c8-4c5d-b4fc-725645e4df41)
10:57:11 info: BridgeServer[0] Player position forwarded: minecraft -> 7dtd (-46.4980827909365, 71, 73.39785432349018)
10:57:11 info: BridgeServer[0] Entity registry: updated, id=d317490e-d1c8-4c5d-b4fc-725645e4df41, count=1
10:57:11 info: BridgeServer[0] [Presentation] entity=d317490e-d1c8-4c5d-b4fc-725645e4df41 state=[presentation, {   "renderer": "humanoid",   "model": "player",   "scale": 1.0,   "variant": "default" }]
10:57:11 info: BridgeServer[0] Entity state forwarded: minecraft -> 7dtd (update, d317490e-d1c8-4c5d-b4fc-725645e4df41)
10:57:12 info: BridgeServer[0] Player position forwarded: minecraft -> 7dtd (-46.4980827909365, 71, 73.39785432349018)
10:57:12 info: BridgeServer[0] Entity registry: updated, id=d317490e-d1c8-4c5d-b4fc-725645e4df41, count=1
10:57:12 info: BridgeServer[0] [Presentation] entity=d317490e-d1c8-4c5d-b4fc-725645e4df41 state=[presentation, {   "renderer": "humanoid",   "model": "player",   "scale": 1.0,   "variant": "default" }]
10:57:12 info: BridgeServer[0] Entity state forwarded: minecraft -> 7dtd (update, d317490e-d1c8-4c5d-b4fc-725645e4df41)
10:57:12 info: BridgeServer[0] Player position forwarded: minecraft -> 7dtd (-46.4980827909365, 71, 73.39785432349018)
10:57:12 info: BridgeServer[0] Entity registry: updated, id=d317490e-d1c8-4c5d-b4fc-725645e4df41, count=1
10:57:12 info: BridgeServer[0] [Presentation] entity=d317490e-d1c8-4c5d-b4fc-725645e4df41 state=[presentation, {   "renderer": "humanoid",   "model": "player",   "scale": 1.0,   "variant": "default" }]
10:57:12 info: BridgeServer[0] Entity state forwarded: minecraft -> 7dtd (update, d317490e-d1c8-4c5d-b4fc-725645e4df41)
10:57:13 info: BridgeServer[0] Player position forwarded: minecraft -> 7dtd (-46.4980827909365, 71, 73.39785432349018)
10:57:13 info: BridgeServer[0] Entity registry: updated, id=d317490e-d1c8-4c5d-b4fc-725645e4df41, count=1
10:57:13 info: BridgeServer[0] [Presentation] entity=d317490e-d1c8-4c5d-b4fc-725645e4df41 state=[presentation, {   "renderer": "humanoid",   "model": "player",   "scale": 1.0,   "variant": "default" }]
10:57:13 info: BridgeServer[0] Entity state forwarded: minecraft -> 7dtd (update, d317490e-d1c8-4c5d-b4fc-725645e4df41)
10:57:13 info: BridgeServer[0] Player position forwarded: minecraft -> 7dtd (-46.4980827909365, 71, 73.39785432349018)
10:57:13 info: BridgeServer[0] Entity registry: updated, id=d317490e-d1c8-4c5d-b4fc-725645e4df41, count=1
10:57:13 info: BridgeServer[0] [Presentation] entity=d317490e-d1c8-4c5d-b4fc-725645e4df41 state=[presentation, {   "renderer": "humanoid",   "model": "player",   "scale": 1.0,   "variant": "default" }]
10:57:13 info: BridgeServer[0] Entity state forwarded: minecraft -> 7dtd (update, d317490e-d1c8-4c5d-b4fc-725645e4df41)
10:57:14 info: BridgeServer[0] Player position forwarded: minecraft -> 7dtd (-46.4980827909365, 71, 73.39785432349018)
10:57:14 info: BridgeServer[0] Entity registry: updated, id=d317490e-d1c8-4c5d-b4fc-725645e4df41, count=1
10:57:14 info: BridgeServer[0] [Presentation] entity=d317490e-d1c8-4c5d-b4fc-725645e4df41 state=[presentation, {   "renderer": "humanoid",   "model": "player",   "scale": 1.0,   "variant": "default" }]
10:57:14 info: BridgeServer[0] Entity state forwarded: minecraft -> 7dtd (update, d317490e-d1c8-4c5d-b4fc-725645e4df41)
10:57:14 info: BridgeServer[0] Player position forwarded: minecraft -> 7dtd (-46.4980827909365, 71, 73.39785432349018)
10:57:14 info: BridgeServer[0] Entity registry: updated, id=d317490e-d1c8-4c5d-b4fc-725645e4df41, count=1
10:57:14 info: BridgeServer[0] [Presentation] entity=d317490e-d1c8-4c5d-b4fc-725645e4df41 state=[presentation, {   "renderer": "humanoid",   "model": "player",   "scale": 1.0,   "variant": "default" }]
10:57:14 info: BridgeServer[0] Entity state forwarded: minecraft -> 7dtd (update, d317490e-d1c8-4c5d-b4fc-725645e4df41)
10:57:15 info: BridgeServer[0] Player position forwarded: minecraft -> 7dtd (-46.4980827909365, 71, 73.39785432349018)
10:57:15 info: BridgeServer[0] Entity registry: updated, id=d317490e-d1c8-4c5d-b4fc-725645e4df41, count=1
10:57:15 info: BridgeServer[0] [Presentation] entity=d317490e-d1c8-4c5d-b4fc-725645e4df41 state=[presentation, {   "renderer": "humanoid",   "model": "player",   "scale": 1.0,   "variant": "default" }]
10:57:15 info: BridgeServer[0] Entity state forwarded: minecraft -> 7dtd (update, d317490e-d1c8-4c5d-b4fc-725645e4df41)
10:57:15 info: BridgeServer[0] Player position forwarded: minecraft -> 7dtd (-46.4980827909365, 71, 73.39785432349018)
10:57:15 info: BridgeServer[0] Entity registry: updated, id=d317490e-d1c8-4c5d-b4fc-725645e4df41, count=1
10:57:15 info: BridgeServer[0] [Presentation] entity=d317490e-d1c8-4c5d-b4fc-725645e4df41 state=[presentation, {   "renderer": "humanoid",   "model": "player",   "scale": 1.0,   "variant": "default" }]
10:57:15 info: BridgeServer[0] Entity state forwarded: minecraft -> 7dtd (update, d317490e-d1c8-4c5d-b4fc-725645e4df41)
10:57:16 info: BridgeServer[0] Player position forwarded: minecraft -> 7dtd (-46.4980827909365, 71, 73.39785432349018)
10:57:16 info: BridgeServer[0] Entity registry: updated, id=d317490e-d1c8-4c5d-b4fc-725645e4df41, count=1
10:57:16 info: BridgeServer[0] [Presentation] entity=d317490e-d1c8-4c5d-b4fc-725645e4df41 state=[presentation, {   "renderer": "humanoid",   "model": "player",   "scale": 1.0,   "variant": "default" }]
10:57:16 info: BridgeServer[0] Entity state forwarded: minecraft -> 7dtd (update, d317490e-d1c8-4c5d-b4fc-725645e4df41)
10:57:17 info: BridgeServer[0] Player position forwarded: minecraft -> 7dtd (-46.4980827909365, 71, 73.39785432349018)
10:57:17 info: BridgeServer[0] Entity registry: updated, id=d317490e-d1c8-4c5d-b4fc-725645e4df41, count=1
10:57:17 info: BridgeServer[0] [Presentation] entity=d317490e-d1c8-4c5d-b4fc-725645e4df41 state=[presentation, {   "renderer": "humanoid",   "model": "player",   "scale": 1.0,   "variant": "default" }]
10:57:17 info: BridgeServer[0] Entity state forwarded: minecraft -> 7dtd (update, d317490e-d1c8-4c5d-b4fc-725645e4df41)
10:57:17 info: BridgeServer[0] Player position forwarded: minecraft -> 7dtd (-46.4980827909365, 71, 73.39785432349018)
10:57:17 info: BridgeServer[0] Entity registry: updated, id=d317490e-d1c8-4c5d-b4fc-725645e4df41, count=1
10:57:17 info: BridgeServer[0] [Presentation] entity=d317490e-d1c8-4c5d-b4fc-725645e4df41 state=[presentation, {   "renderer": "humanoid",   "model": "player",   "scale": 1.0,   "variant": "default" }]
10:57:17 info: BridgeServer[0] Entity state forwarded: minecraft -> 7dtd (update, d317490e-d1c8-4c5d-b4fc-725645e4df41)
10:57:18 info: BridgeServer[0] Player position forwarded: minecraft -> 7dtd (-46.4980827909365, 71, 73.39785432349018)
10:57:18 info: BridgeServer[0] Entity registry: updated, id=d317490e-d1c8-4c5d-b4fc-725645e4df41, count=1
10:57:18 info: BridgeServer[0] [Presentation] entity=d317490e-d1c8-4c5d-b4fc-725645e4df41 state=[presentation, {   "renderer": "humanoid",   "model": "player",   "scale": 1.0,   "variant": "default" }]
10:57:18 info: BridgeServer[0] Entity state forwarded: minecraft -> 7dtd (update, d317490e-d1c8-4c5d-b4fc-725645e4df41)
10:57:18 info: BridgeServer[0] Player position forwarded: minecraft -> 7dtd (-46.4980827909365, 71, 73.39785432349018)
10:57:18 info: BridgeServer[0] Entity registry: updated, id=d317490e-d1c8-4c5d-b4fc-725645e4df41, count=1
10:57:18 info: BridgeServer[0] [Presentation] entity=d317490e-d1c8-4c5d-b4fc-725645e4df41 state=[presentation, {   "renderer": "humanoid",   "model": "player",   "scale": 1.0,   "variant": "default" }]
10:57:18 info: BridgeServer[0] Entity state forwarded: minecraft -> 7dtd (update, d317490e-d1c8-4c5d-b4fc-725645e4df41)
10:57:19 info: BridgeServer[0] Player position forwarded: minecraft -> 7dtd (-46.4980827909365, 71, 73.39785432349018)
10:57:19 info: BridgeServer[0] Entity registry: updated, id=d317490e-d1c8-4c5d-b4fc-725645e4df41, count=1
10:57:19 info: BridgeServer[0] [Presentation] entity=d317490e-d1c8-4c5d-b4fc-725645e4df41 state=[presentation, {   "renderer": "humanoid",   "model": "player",   "scale": 1.0,   "variant": "default" }]
10:57:19 info: BridgeServer[0] Entity state forwarded: minecraft -> 7dtd (update, d317490e-d1c8-4c5d-b4fc-725645e4df41)
10:57:19 info: BridgeServer[0] Player position forwarded: minecraft -> 7dtd (-46.4980827909365, 71, 73.39785432349018)
10:57:19 info: BridgeServer[0] Entity registry: updated, id=d317490e-d1c8-4c5d-b4fc-725645e4df41, count=1
10:57:19 info: BridgeServer[0] [Presentation] entity=d317490e-d1c8-4c5d-b4fc-725645e4df41 state=[presentation, {   "renderer": "humanoid",   "model": "player",   "scale": 1.0,   "variant": "default" }]
10:57:19 info: BridgeServer[0] Entity state forwarded: minecraft -> 7dtd (update, d317490e-d1c8-4c5d-b4fc-725645e4df41)
10:57:20 info: BridgeServer[0] Player position forwarded: minecraft -> 7dtd (-46.4980827909365, 71, 73.39785432349018)
10:57:20 info: BridgeServer[0] Entity registry: updated, id=d317490e-d1c8-4c5d-b4fc-725645e4df41, count=1
10:57:20 info: BridgeServer[0] [Presentation] entity=d317490e-d1c8-4c5d-b4fc-725645e4df41 state=[presentation, {   "renderer": "humanoid",   "model": "player",   "scale": 1.0,   "variant": "default" }]
10:57:20 info: BridgeServer[0] Entity state forwarded: minecraft -> 7dtd (update, d317490e-d1c8-4c5d-b4fc-725645e4df41)
10:57:20 info: BridgeServer[0] Player position forwarded: minecraft -> 7dtd (-46.4980827909365, 71, 73.39785432349018)
10:57:20 info: BridgeServer[0] Entity registry: updated, id=d317490e-d1c8-4c5d-b4fc-725645e4df41, count=1
10:57:20 info: BridgeServer[0] [Presentation] entity=d317490e-d1c8-4c5d-b4fc-725645e4df41 state=[presentation, {   "renderer": "humanoid",   "model": "player",   "scale": 1.0,   "variant": "default" }]
10:57:20 info: BridgeServer[0] Entity state forwarded: minecraft -> 7dtd (update, d317490e-d1c8-4c5d-b4fc-725645e4df41)
10:57:21 info: BridgeServer[0] Player position forwarded: minecraft -> 7dtd (-46.4980827909365, 71, 73.39785432349018)
10:57:21 info: BridgeServer[0] Entity registry: updated, id=d317490e-d1c8-4c5d-b4fc-725645e4df41, count=1
10:57:21 info: BridgeServer[0] [Presentation] entity=d317490e-d1c8-4c5d-b4fc-725645e4df41 state=[presentation, {   "renderer": "humanoid",   "model": "player",   "scale": 1.0,   "variant": "default" }]
10:57:21 info: BridgeServer[0] Entity state forwarded: minecraft -> 7dtd (update, d317490e-d1c8-4c5d-b4fc-725645e4df41)
10:57:21 info: BridgeServer[0] Player position forwarded: minecraft -> 7dtd (-46.4980827909365, 71, 73.39785432349018)
10:57:21 info: BridgeServer[0] Entity registry: updated, id=d317490e-d1c8-4c5d-b4fc-725645e4df41, count=1
10:57:21 info: BridgeServer[0] [Presentation] entity=d317490e-d1c8-4c5d-b4fc-725645e4df41 state=[presentation, {   "renderer": "humanoid",   "model": "player",   "scale": 1.0,   "variant": "default" }]
10:57:21 info: BridgeServer[0] Entity state forwarded: minecraft -> 7dtd (update, d317490e-d1c8-4c5d-b4fc-725645e4df41)
10:57:22 info: BridgeServer[0] Player position forwarded: minecraft -> 7dtd (-46.4980827909365, 71, 73.39785432349018)
10:57:22 info: BridgeServer[0] Entity registry: updated, id=d317490e-d1c8-4c5d-b4fc-725645e4df41, count=1
10:57:22 info: BridgeServer[0] [Presentation] entity=d317490e-d1c8-4c5d-b4fc-725645e4df41 state=[presentation, {   "renderer": "humanoid",   "model": "player",   "scale": 1.0,   "variant": "default" }]
10:57:22 info: BridgeServer[0] Entity state forwarded: minecraft -> 7dtd (update, d317490e-d1c8-4c5d-b4fc-725645e4df41)
10:57:22 info: BridgeServer[0] Player position forwarded: minecraft -> 7dtd (-46.4980827909365, 71, 73.39785432349018)
10:57:22 info: BridgeServer[0] Entity registry: updated, id=d317490e-d1c8-4c5d-b4fc-725645e4df41, count=1
10:57:22 info: BridgeServer[0] [Presentation] entity=d317490e-d1c8-4c5d-b4fc-725645e4df41 state=[presentation, {   "renderer": "humanoid",   "model": "player",   "scale": 1.0,   "variant": "default" }]
10:57:22 info: BridgeServer[0] Entity state forwarded: minecraft -> 7dtd (update, d317490e-d1c8-4c5d-b4fc-725645e4df41)
10:57:23 info: BridgeServer[0] Player position forwarded: minecraft -> 7dtd (-46.4980827909365, 71, 73.39785432349018)
10:57:23 info: BridgeServer[0] Entity registry: updated, id=d317490e-d1c8-4c5d-b4fc-725645e4df41, count=1
10:57:23 info: BridgeServer[0] [Presentation] entity=d317490e-d1c8-4c5d-b4fc-725645e4df41 state=[presentation, {   "renderer": "humanoid",   "model": "player",   "scale": 1.0,   "variant": "default" }]
10:57:23 info: BridgeServer[0] Entity state forwarded: minecraft -> 7dtd (update, d317490e-d1c8-4c5d-b4fc-725645e4df41)
10:57:23 info: BridgeServer[0] Player position forwarded: minecraft -> 7dtd (-46.4980827909365, 71, 73.39785432349018)
10:57:23 info: BridgeServer[0] Entity registry: updated, id=d317490e-d1c8-4c5d-b4fc-725645e4df41, count=1
10:57:23 info: BridgeServer[0] [Presentation] entity=d317490e-d1c8-4c5d-b4fc-725645e4df41 state=[presentation, {   "renderer": "humanoid",   "model": "player",   "scale": 1.0,   "variant": "default" }]
10:57:23 info: BridgeServer[0] Entity state forwarded: minecraft -> 7dtd (update, d317490e-d1c8-4c5d-b4fc-725645e4df41)
10:57:24 info: BridgeServer[0] Player position forwarded: minecraft -> 7dtd (-46.4980827909365, 71, 73.39785432349018)
10:57:24 info: BridgeServer[0] Entity registry: updated, id=d317490e-d1c8-4c5d-b4fc-725645e4df41, count=1
10:57:24 info: BridgeServer[0] [Presentation] entity=d317490e-d1c8-4c5d-b4fc-725645e4df41 state=[presentation, {   "renderer": "humanoid",   "model": "player",   "scale": 1.0,   "variant": "default" }]
10:57:24 info: BridgeServer[0] Entity state forwarded: minecraft -> 7dtd (update, d317490e-d1c8-4c5d-b4fc-725645e4df41)
10:57:25 info: BridgeServer[0] Player position forwarded: minecraft -> 7dtd (-46.4980827909365, 71, 73.39785432349018)
10:57:25 info: BridgeServer[0] Entity registry: updated, id=d317490e-d1c8-4c5d-b4fc-725645e4df41, count=1
10:57:25 info: BridgeServer[0] [Presentation] entity=d317490e-d1c8-4c5d-b4fc-725645e4df41 state=[presentation, {   "renderer": "humanoid",   "model": "player",   "scale": 1.0,   "variant": "default" }]
10:57:25 info: BridgeServer[0] Entity state forwarded: minecraft -> 7dtd (update, d317490e-d1c8-4c5d-b4fc-725645e4df41)
10:57:25 info: BridgeServer[0] Player position forwarded: minecraft -> 7dtd (-46.4980827909365, 71, 73.39785432349018)
10:57:25 info: BridgeServer[0] Entity registry: updated, id=d317490e-d1c8-4c5d-b4fc-725645e4df41, count=1
10:57:25 info: BridgeServer[0] [Presentation] entity=d317490e-d1c8-4c5d-b4fc-725645e4df41 state=[presentation, {   "renderer": "humanoid",   "model": "player",   "scale": 1.0,   "variant": "default" }]
10:57:25 info: BridgeServer[0] Entity state forwarded: minecraft -> 7dtd (update, d317490e-d1c8-4c5d-b4fc-725645e4df41)
10:57:26 info: BridgeServer[0] Player position forwarded: minecraft -> 7dtd (-46.4980827909365, 71, 73.39785432349018)
10:57:26 info: BridgeServer[0] Entity registry: updated, id=d317490e-d1c8-4c5d-b4fc-725645e4df41, count=1
10:57:26 info: BridgeServer[0] [Presentation] entity=d317490e-d1c8-4c5d-b4fc-725645e4df41 state=[presentation, {   "renderer": "humanoid",   "model": "player",   "scale": 1.0,   "variant": "default" }]
10:57:26 info: BridgeServer[0] Entity state forwarded: minecraft -> 7dtd (update, d317490e-d1c8-4c5d-b4fc-725645e4df41)
10:57:26 info: BridgeServer[0] Player position forwarded: minecraft -> 7dtd (-46.4980827909365, 71, 73.39785432349018)
10:57:26 info: BridgeServer[0] Entity registry: updated, id=d317490e-d1c8-4c5d-b4fc-725645e4df41, count=1
10:57:26 info: BridgeServer[0] [Presentation] entity=d317490e-d1c8-4c5d-b4fc-725645e4df41 state=[presentation, {   "renderer": "humanoid",   "model": "player",   "scale": 1.0,   "variant": "default" }]
10:57:26 info: BridgeServer[0] Entity state forwarded: minecraft -> 7dtd (update, d317490e-d1c8-4c5d-b4fc-725645e4df41)
10:57:27 info: BridgeServer[0] Player position forwarded: minecraft -> 7dtd (-46.4980827909365, 71, 73.39785432349018)
10:57:27 info: BridgeServer[0] Entity registry: updated, id=d317490e-d1c8-4c5d-b4fc-725645e4df41, count=1
10:57:27 info: BridgeServer[0] [Presentation] entity=d317490e-d1c8-4c5d-b4fc-725645e4df41 state=[presentation, {   "renderer": "humanoid",   "model": "player",   "scale": 1.0,   "variant": "default" }]
10:57:27 info: BridgeServer[0] Entity state forwarded: minecraft -> 7dtd (update, d317490e-d1c8-4c5d-b4fc-725645e4df41)
10:57:27 info: BridgeServer[0] Player position forwarded: minecraft -> 7dtd (-46.4980827909365, 71, 73.39785432349018)
10:57:27 info: BridgeServer[0] Entity registry: updated, id=d317490e-d1c8-4c5d-b4fc-725645e4df41, count=1
10:57:27 info: BridgeServer[0] [Presentation] entity=d317490e-d1c8-4c5d-b4fc-725645e4df41 state=[presentation, {   "renderer": "humanoid",   "model": "player",   "scale": 1.0,   "variant": "default" }]
10:57:27 info: BridgeServer[0] Entity state forwarded: minecraft -> 7dtd (update, d317490e-d1c8-4c5d-b4fc-725645e4df41)
10:57:28 info: BridgeServer[0] Player position forwarded: minecraft -> 7dtd (-46.4980827909365, 71, 73.39785432349018)
10:57:28 info: BridgeServer[0] Entity registry: updated, id=d317490e-d1c8-4c5d-b4fc-725645e4df41, count=1
10:57:28 info: BridgeServer[0] [Presentation] entity=d317490e-d1c8-4c5d-b4fc-725645e4df41 state=[presentation, {   "renderer": "humanoid",   "model": "player",   "scale": 1.0,   "variant": "default" }]
10:57:28 info: BridgeServer[0] Entity state forwarded: minecraft -> 7dtd (update, d317490e-d1c8-4c5d-b4fc-725645e4df41)
10:57:28 info: BridgeServer[0] Player position forwarded: minecraft -> 7dtd (-46.4980827909365, 71, 73.39785432349018)
10:57:28 info: BridgeServer[0] Entity registry: updated, id=d317490e-d1c8-4c5d-b4fc-725645e4df41, count=1
10:57:28 info: BridgeServer[0] [Presentation] entity=d317490e-d1c8-4c5d-b4fc-725645e4df41 state=[presentation, {   "renderer": "humanoid",   "model": "player",   "scale": 1.0,   "variant": "default" }]
10:57:28 info: BridgeServer[0] Entity state forwarded: minecraft -> 7dtd (update, d317490e-d1c8-4c5d-b4fc-725645e4df41)
10:57:29 info: BridgeServer[0] Player position forwarded: minecraft -> 7dtd (-46.4980827909365, 71, 73.39785432349018)
10:57:29 info: BridgeServer[0] Entity registry: updated, id=d317490e-d1c8-4c5d-b4fc-725645e4df41, count=1
10:57:29 info: BridgeServer[0] [Presentation] entity=d317490e-d1c8-4c5d-b4fc-725645e4df41 state=[presentation, {   "renderer": "humanoid",   "model": "player",   "scale": 1.0,   "variant": "default" }]
10:57:29 info: BridgeServer[0] Entity state forwarded: minecraft -> 7dtd (update, d317490e-d1c8-4c5d-b4fc-725645e4df41)
10:57:29 info: BridgeServer[0] Player position forwarded: minecraft -> 7dtd (-46.4980827909365, 71, 73.39785432349018)
10:57:29 info: BridgeServer[0] Entity registry: updated, id=d317490e-d1c8-4c5d-b4fc-725645e4df41, count=1
10:57:29 info: BridgeServer[0] [Presentation] entity=d317490e-d1c8-4c5d-b4fc-725645e4df41 state=[presentation, {   "renderer": "humanoid",   "model": "player",   "scale": 1.0,   "variant": "default" }]
10:57:29 info: BridgeServer[0] Entity state forwarded: minecraft -> 7dtd (update, d317490e-d1c8-4c5d-b4fc-725645e4df41)
10:57:30 info: BridgeServer[0] Player position forwarded: minecraft -> 7dtd (-46.4980827909365, 71, 73.39785432349018)
10:57:30 info: BridgeServer[0] Entity registry: updated, id=d317490e-d1c8-4c5d-b4fc-725645e4df41, count=1
10:57:30 info: BridgeServer[0] [Presentation] entity=d317490e-d1c8-4c5d-b4fc-725645e4df41 state=[presentation, {   "renderer": "humanoid",   "model": "player",   "scale": 1.0,   "variant": "default" }]
10:57:30 info: BridgeServer[0] Entity state forwarded: minecraft -> 7dtd (update, d317490e-d1c8-4c5d-b4fc-725645e4df41)
10:57:30 info: BridgeServer[0] Player position forwarded: minecraft -> 7dtd (-46.4980827909365, 71, 73.39785432349018)
10:57:30 info: BridgeServer[0] Entity registry: updated, id=d317490e-d1c8-4c5d-b4fc-725645e4df41, count=1
10:57:30 info: BridgeServer[0] [Presentation] entity=d317490e-d1c8-4c5d-b4fc-725645e4df41 state=[presentation, {   "renderer": "humanoid",   "model": "player",   "scale": 1.0,   "variant": "default" }]
10:57:30 info: BridgeServer[0] Entity state forwarded: minecraft -> 7dtd (update, d317490e-d1c8-4c5d-b4fc-725645e4df41)
10:57:31 info: BridgeServer[0] Player position forwarded: minecraft -> 7dtd (-46.4980827909365, 71, 73.39785432349018)
10:57:31 info: BridgeServer[0] Entity registry: updated, id=d317490e-d1c8-4c5d-b4fc-725645e4df41, count=1
10:57:31 info: BridgeServer[0] [Presentation] entity=d317490e-d1c8-4c5d-b4fc-725645e4df41 state=[presentation, {   "renderer": "humanoid",   "model": "player",   "scale": 1.0,   "variant": "default" }]
10:57:31 info: BridgeServer[0] Entity state forwarded: minecraft -> 7dtd (update, d317490e-d1c8-4c5d-b4fc-725645e4df41)
10:57:31 info: BridgeServer[0] Player position forwarded: minecraft -> 7dtd (-46.4980827909365, 71, 73.39785432349018)
10:57:31 info: BridgeServer[0] Entity registry: updated, id=d317490e-d1c8-4c5d-b4fc-725645e4df41, count=1
10:57:31 info: BridgeServer[0] [Presentation] entity=d317490e-d1c8-4c5d-b4fc-725645e4df41 state=[presentation, {   "renderer": "humanoid",   "model": "player",   "scale": 1.0,   "variant": "default" }]
10:57:31 info: BridgeServer[0] Entity state forwarded: minecraft -> 7dtd (update, d317490e-d1c8-4c5d-b4fc-725645e4df41)
10:57:32 info: BridgeServer[0] Player position forwarded: minecraft -> 7dtd (-46.4980827909365, 71, 73.39785432349018)
10:57:32 info: BridgeServer[0] Entity registry: updated, id=d317490e-d1c8-4c5d-b4fc-725645e4df41, count=1
10:57:32 info: BridgeServer[0] [Presentation] entity=d317490e-d1c8-4c5d-b4fc-725645e4df41 state=[presentation, {   "renderer": "humanoid",   "model": "player",   "scale": 1.0,   "variant": "default" }]
10:57:32 info: BridgeServer[0] Entity state forwarded: minecraft -> 7dtd (update, d317490e-d1c8-4c5d-b4fc-725645e4df41)
10:57:32 info: BridgeServer[0] Player position forwarded: minecraft -> 7dtd (-46.4980827909365, 71, 73.39785432349018)
10:57:32 info: BridgeServer[0] Entity registry: updated, id=d317490e-d1c8-4c5d-b4fc-725645e4df41, count=1
10:57:32 info: BridgeServer[0] [Presentation] entity=d317490e-d1c8-4c5d-b4fc-725645e4df41 state=[presentation, {   "renderer": "humanoid",   "model": "player",   "scale": 1.0,   "variant": "default" }]
10:57:32 info: BridgeServer[0] Entity state forwarded: minecraft -> 7dtd (update, d317490e-d1c8-4c5d-b4fc-725645e4df41)
10:57:33 info: BridgeServer[0] Player position forwarded: minecraft -> 7dtd (-46.4980827909365, 71, 73.39785432349018)
10:57:33 info: BridgeServer[0] Entity registry: updated, id=d317490e-d1c8-4c5d-b4fc-725645e4df41, count=1
10:57:33 info: BridgeServer[0] [Presentation] entity=d317490e-d1c8-4c5d-b4fc-725645e4df41 state=[presentation, {   "renderer": "humanoid",   "model": "player",   "scale": 1.0,   "variant": "default" }]
10:57:33 info: BridgeServer[0] Entity state forwarded: minecraft -> 7dtd (update, d317490e-d1c8-4c5d-b4fc-725645e4df41)
10:57:34 info: BridgeServer[0] Player position forwarded: minecraft -> 7dtd (-46.4980827909365, 71, 73.39785432349018)
10:57:34 info: BridgeServer[0] Entity registry: updated, id=d317490e-d1c8-4c5d-b4fc-725645e4df41, count=1
10:57:34 info: BridgeServer[0] [Presentation] entity=d317490e-d1c8-4c5d-b4fc-725645e4df41 state=[presentation, {   "renderer": "humanoid",   "model": "player",   "scale": 1.0,   "variant": "default" }]
10:57:34 info: BridgeServer[0] Entity state forwarded: minecraft -> 7dtd (update, d317490e-d1c8-4c5d-b4fc-725645e4df41)
10:57:34 info: BridgeServer[0] Player position forwarded: minecraft -> 7dtd (-46.4980827909365, 71, 73.39785432349018)
10:57:34 info: BridgeServer[0] Entity registry: updated, id=d317490e-d1c8-4c5d-b4fc-725645e4df41, count=1
10:57:34 info: BridgeServer[0] [Presentation] entity=d317490e-d1c8-4c5d-b4fc-725645e4df41 state=[presentation, {   "renderer": "humanoid",   "model": "player",   "scale": 1.0,   "variant": "default" }]
10:57:34 info: BridgeServer[0] Entity state forwarded: minecraft -> 7dtd (update, d317490e-d1c8-4c5d-b4fc-725645e4df41)
10:57:35 info: BridgeServer[0] Player position forwarded: minecraft -> 7dtd (-46.4980827909365, 71, 73.39785432349018)
10:57:35 info: BridgeServer[0] Entity registry: updated, id=d317490e-d1c8-4c5d-b4fc-725645e4df41, count=1
10:57:35 info: BridgeServer[0] [Presentation] entity=d317490e-d1c8-4c5d-b4fc-725645e4df41 state=[presentation, {   "renderer": "humanoid",   "model": "player",   "scale": 1.0,   "variant": "default" }]
10:57:35 info: BridgeServer[0] Entity state forwarded: minecraft -> 7dtd (update, d317490e-d1c8-4c5d-b4fc-725645e4df41)
10:58:25 info: BridgeServer[0] Test forwarded: 7dtd -> minecraft
10:58:25 info: BridgeServer[0] Entity registry: spawned, id=cec74a39-afb1-47d6-bbf8-2cfdc1997e74, count=1
10:58:25 info: BridgeServer[0] [Presentation] entity=cec74a39-afb1-47d6-bbf8-2cfdc1997e74 state=[presentation, {   "renderer": "humanoid",   "model": "survivor",   "scale": 1.0,   "variant": "default" }]
10:58:25 info: BridgeServer[0] Entity state forwarded: 7dtd -> minecraft (spawn, cec74a39-afb1-47d6-bbf8-2cfdc1997e74)
10:58:25 info: BridgeServer[0] Components: equipment_applied, id=cec74a39-afb1-47d6-bbf8-2cfdc1997e74, revision=1; 7dtd -> minecraft
10:58:25 info: BridgeServer[0] Entity registry: despawned, id=d317490e-d1c8-4c5d-b4fc-725645e4df41, count=0
10:58:25 info: BridgeServer[0] Entity state forwarded: minecraft -> 7dtd (despawn, d317490e-d1c8-4c5d-b4fc-725645e4df41)
10:58:25 info: BridgeServer[0] Entity registry: spawned, id=c73c3c66-3e6f-4a7e-99a0-a81ebeb5a467, count=1
10:58:25 info: BridgeServer[0] [Presentation] entity=c73c3c66-3e6f-4a7e-99a0-a81ebeb5a467 state=[presentation, {   "renderer": "humanoid",   "model": "player",   "scale": 1.0,   "variant": "default" }]
10:58:25 info: BridgeServer[0] Entity state forwarded: minecraft -> 7dtd (spawn, c73c3c66-3e6f-4a7e-99a0-a81ebeb5a467)
10:58:25 info: BridgeServer[0] Entity registry: updated, id=cec74a39-afb1-47d6-bbf8-2cfdc1997e74, count=1
10:58:25 info: BridgeServer[0] [Presentation] entity=cec74a39-afb1-47d6-bbf8-2cfdc1997e74 state=[presentation, {   "renderer": "humanoid",   "model": "survivor",   "scale": 1.0,   "variant": "default" }]
10:58:25 info: BridgeServer[0] Entity state forwarded: 7dtd -> minecraft (update, cec74a39-afb1-47d6-bbf8-2cfdc1997e74)
10:58:27 info: BridgeServer[0] Entity registry: updated, id=cec74a39-afb1-47d6-bbf8-2cfdc1997e74, count=1
10:58:27 info: BridgeServer[0] [Presentation] entity=cec74a39-afb1-47d6-bbf8-2cfdc1997e74 state=[presentation, {   "renderer": "humanoid",   "model": "survivor",   "scale": 1.0,   "variant": "default" }]
10:58:27 info: BridgeServer[0] Entity state forwarded: 7dtd -> minecraft (update, cec74a39-afb1-47d6-bbf8-2cfdc1997e74)
10:58:27 info: BridgeServer[0] Entity registry: updated, id=cec74a39-afb1-47d6-bbf8-2cfdc1997e74, count=1
10:58:27 info: BridgeServer[0] [Presentation] entity=cec74a39-afb1-47d6-bbf8-2cfdc1997e74 state=[presentation, {   "renderer": "humanoid",   "model": "survivor",   "scale": 1.0,   "variant": "default" }]
10:58:27 info: BridgeServer[0] Entity state forwarded: 7dtd -> minecraft (update, cec74a39-afb1-47d6-bbf8-2cfdc1997e74)
10:58:28 info: BridgeServer[0] Entity registry: updated, id=cec74a39-afb1-47d6-bbf8-2cfdc1997e74, count=1
10:58:28 info: BridgeServer[0] [Presentation] entity=cec74a39-afb1-47d6-bbf8-2cfdc1997e74 state=[presentation, {   "renderer": "humanoid",   "model": "survivor",   "scale": 1.0,   "variant": "default" }]
10:58:28 info: BridgeServer[0] Entity state forwarded: 7dtd -> minecraft (update, cec74a39-afb1-47d6-bbf8-2cfdc1997e74)
10:58:28 info: BridgeServer[0] Entity registry: updated, id=cec74a39-afb1-47d6-bbf8-2cfdc1997e74, count=1
10:58:28 info: BridgeServer[0] [Presentation] entity=cec74a39-afb1-47d6-bbf8-2cfdc1997e74 state=[presentation, {   "renderer": "humanoid",   "model": "survivor",   "scale": 1.0,   "variant": "default" }]
10:58:28 info: BridgeServer[0] Entity state forwarded: 7dtd -> minecraft (update, cec74a39-afb1-47d6-bbf8-2cfdc1997e74)
10:58:29 info: BridgeServer[0] Entity registry: updated, id=cec74a39-afb1-47d6-bbf8-2cfdc1997e74, count=1
10:58:29 info: BridgeServer[0] [Presentation] entity=cec74a39-afb1-47d6-bbf8-2cfdc1997e74 state=[presentation, {   "renderer": "humanoid",   "model": "survivor",   "scale": 1.0,   "variant": "default" }]
10:58:29 info: BridgeServer[0] Entity state forwarded: 7dtd -> minecraft (update, cec74a39-afb1-47d6-bbf8-2cfdc1997e74)
10:58:29 info: BridgeServer[0] Entity registry: updated, id=cec74a39-afb1-47d6-bbf8-2cfdc1997e74, count=1
10:58:29 info: BridgeServer[0] [Presentation] entity=cec74a39-afb1-47d6-bbf8-2cfdc1997e74 state=[presentation, {   "renderer": "humanoid",   "model": "survivor",   "scale": 1.0,   "variant": "default" }]
10:58:29 info: BridgeServer[0] Entity state forwarded: 7dtd -> minecraft (update, cec74a39-afb1-47d6-bbf8-2cfdc1997e74)
10:58:30 info: BridgeServer[0] Entity registry: updated, id=cec74a39-afb1-47d6-bbf8-2cfdc1997e74, count=1
10:58:30 info: BridgeServer[0] [Presentation] entity=cec74a39-afb1-47d6-bbf8-2cfdc1997e74 state=[presentation, {   "renderer": "humanoid",   "model": "survivor",   "scale": 1.0,   "variant": "default" }]
10:58:30 info: BridgeServer[0] Entity state forwarded: 7dtd -> minecraft (update, cec74a39-afb1-47d6-bbf8-2cfdc1997e74)
10:58:30 info: BridgeServer[0] Entity registry: updated, id=cec74a39-afb1-47d6-bbf8-2cfdc1997e74, count=1
10:58:30 info: BridgeServer[0] [Presentation] entity=cec74a39-afb1-47d6-bbf8-2cfdc1997e74 state=[presentation, {   "renderer": "humanoid",   "model": "survivor",   "scale": 1.0,   "variant": "default" }]
10:58:30 info: BridgeServer[0] Entity state forwarded: 7dtd -> minecraft (update, cec74a39-afb1-47d6-bbf8-2cfdc1997e74)
10:58:31 info: BridgeServer[0] Entity registry: updated, id=cec74a39-afb1-47d6-bbf8-2cfdc1997e74, count=1
10:58:31 info: BridgeServer[0] [Presentation] entity=cec74a39-afb1-47d6-bbf8-2cfdc1997e74 state=[presentation, {   "renderer": "humanoid",   "model": "survivor",   "scale": 1.0,   "variant": "default" }]
10:58:31 info: BridgeServer[0] Entity state forwarded: 7dtd -> minecraft (update, cec74a39-afb1-47d6-bbf8-2cfdc1997e74)
10:58:31 info: BridgeServer[0] Entity registry: updated, id=cec74a39-afb1-47d6-bbf8-2cfdc1997e74, count=1
10:58:31 info: BridgeServer[0] [Presentation] entity=cec74a39-afb1-47d6-bbf8-2cfdc1997e74 state=[presentation, {   "renderer": "humanoid",   "model": "survivor",   "scale": 1.0,   "variant": "default" }]
10:58:31 info: BridgeServer[0] Entity state forwarded: 7dtd -> minecraft (update, cec74a39-afb1-47d6-bbf8-2cfdc1997e74)
10:58:32 info: BridgeServer[0] Entity registry: updated, id=cec74a39-afb1-47d6-bbf8-2cfdc1997e74, count=1
10:58:32 info: BridgeServer[0] [Presentation] entity=cec74a39-afb1-47d6-bbf8-2cfdc1997e74 state=[presentation, {   "renderer": "humanoid",   "model": "survivor",   "scale": 1.0,   "variant": "default" }]
10:58:32 info: BridgeServer[0] Entity state forwarded: 7dtd -> minecraft (update, cec74a39-afb1-47d6-bbf8-2cfdc1997e74)
10:58:32 info: BridgeServer[0] Entity registry: updated, id=cec74a39-afb1-47d6-bbf8-2cfdc1997e74, count=1
10:58:32 info: BridgeServer[0] [Presentation] entity=cec74a39-afb1-47d6-bbf8-2cfdc1997e74 state=[presentation, {   "renderer": "humanoid",   "model": "survivor",   "scale": 1.0,   "variant": "default" }]
10:58:32 info: BridgeServer[0] Entity state forwarded: 7dtd -> minecraft (update, cec74a39-afb1-47d6-bbf8-2cfdc1997e74)
10:58:33 info: BridgeServer[0] Entity registry: updated, id=cec74a39-afb1-47d6-bbf8-2cfdc1997e74, count=1
10:58:33 info: BridgeServer[0] [Presentation] entity=cec74a39-afb1-47d6-bbf8-2cfdc1997e74 state=[presentation, {   "renderer": "humanoid",   "model": "survivor",   "scale": 1.0,   "variant": "default" }]
10:58:33 info: BridgeServer[0] Entity state forwarded: 7dtd -> minecraft (update, cec74a39-afb1-47d6-bbf8-2cfdc1997e74)
10:58:33 info: Microsoft.AspNetCore.Hosting.Diagnostics[1] Request starting HTTP/1.1 GET http://localhost:18771/debug/entities - - -
10:58:33 info: Microsoft.AspNetCore.Routing.EndpointMiddleware[0] Executing endpoint 'HTTP: GET /debug/entities'
10:58:33 info: Microsoft.AspNetCore.Http.Result.JsonResult[3] Writing value of type '<>f__AnonymousType4`1' as Json.
10:58:33 info: Microsoft.AspNetCore.Routing.EndpointMiddleware[1] Executed endpoint 'HTTP: GET /debug/entities'
10:58:33 info: Microsoft.AspNetCore.Hosting.Diagnostics[2] Request finished HTTP/1.1 GET http://localhost:18771/debug/entities - 200 - application/json;+charset=utf-8 0.3596ms
10:58:34 info: BridgeServer[0] Entity registry: updated, id=cec74a39-afb1-47d6-bbf8-2cfdc1997e74, count=1
10:58:34 info: BridgeServer[0] [Presentation] entity=cec74a39-afb1-47d6-bbf8-2cfdc1997e74 state=[presentation, {   "renderer": "humanoid",   "model": "survivor",   "scale": 1.0,   "variant": "default" }]
10:58:34 info: BridgeServer[0] Entity state forwarded: 7dtd -> minecraft (update, cec74a39-afb1-47d6-bbf8-2cfdc1997e74)
10:58:34 info: BridgeServer[0] Entity registry: updated, id=cec74a39-afb1-47d6-bbf8-2cfdc1997e74, count=1
10:58:34 info: BridgeServer[0] [Presentation] entity=cec74a39-afb1-47d6-bbf8-2cfdc1997e74 state=[presentation, {   "renderer": "humanoid",   "model": "survivor",   "scale": 1.0,   "variant": "default" }]
10:58:34 info: BridgeServer[0] Entity state forwarded: 7dtd -> minecraft (update, cec74a39-afb1-47d6-bbf8-2cfdc1997e74)
10:58:35 info: BridgeServer[0] Entity registry: updated, id=cec74a39-afb1-47d6-bbf8-2cfdc1997e74, count=1
10:58:35 info: BridgeServer[0] [Presentation] entity=cec74a39-afb1-47d6-bbf8-2cfdc1997e74 state=[presentation, {   "renderer": "humanoid",   "model": "survivor",   "scale": 1.0,   "variant": "default" }]
10:58:35 info: BridgeServer[0] Entity state forwarded: 7dtd -> minecraft (update, cec74a39-afb1-47d6-bbf8-2cfdc1997e74)
10:58:35 info: BridgeServer[0] Entity registry: updated, id=cec74a39-afb1-47d6-bbf8-2cfdc1997e74, count=1
10:58:35 info: BridgeServer[0] [Presentation] entity=cec74a39-afb1-47d6-bbf8-2cfdc1997e74 state=[presentation, {   "renderer": "humanoid",   "model": "survivor",   "scale": 1.0,   "variant": "default" }]
10:58:35 info: BridgeServer[0] Entity state forwarded: 7dtd -> minecraft (update, cec74a39-afb1-47d6-bbf8-2cfdc1997e74)
10:58:36 info: BridgeServer[0] Entity registry: updated, id=cec74a39-afb1-47d6-bbf8-2cfdc1997e74, count=1
10:58:36 info: BridgeServer[0] [Presentation] entity=cec74a39-afb1-47d6-bbf8-2cfdc1997e74 state=[presentation, {   "renderer": "humanoid",   "model": "survivor",   "scale": 1.0,   "variant": "default" }]
10:58:36 info: BridgeServer[0] Entity state forwarded: 7dtd -> minecraft (update, cec74a39-afb1-47d6-bbf8-2cfdc1997e74)
10:58:36 info: BridgeServer[0] Entity registry: updated, id=cec74a39-afb1-47d6-bbf8-2cfdc1997e74, count=1
10:58:36 info: BridgeServer[0] [Presentation] entity=cec74a39-afb1-47d6-bbf8-2cfdc1997e74 state=[presentation, {   "renderer": "humanoid",   "model": "survivor",   "scale": 1.0,   "variant": "default" }]
10:58:36 info: BridgeServer[0] Entity state forwarded: 7dtd -> minecraft (update, cec74a39-afb1-47d6-bbf8-2cfdc1997e74)
10:58:37 info: BridgeServer[0] Entity registry: updated, id=cec74a39-afb1-47d6-bbf8-2cfdc1997e74, count=1
10:58:37 info: BridgeServer[0] [Presentation] entity=cec74a39-afb1-47d6-bbf8-2cfdc1997e74 state=[presentation, {   "renderer": "humanoid",   "model": "survivor",   "scale": 1.0,   "variant": "default" }]
10:58:37 info: BridgeServer[0] Entity state forwarded: 7dtd -> minecraft (update, cec74a39-afb1-47d6-bbf8-2cfdc1997e74)
10:58:37 info: BridgeServer[0] Entity registry: updated, id=cec74a39-afb1-47d6-bbf8-2cfdc1997e74, count=1
10:58:37 info: BridgeServer[0] [Presentation] entity=cec74a39-afb1-47d6-bbf8-2cfdc1997e74 state=[presentation, {   "renderer": "humanoid",   "model": "survivor",   "scale": 1.0,   "variant": "default" }]
10:58:37 info: BridgeServer[0] Entity state forwarded: 7dtd -> minecraft (update, cec74a39-afb1-47d6-bbf8-2cfdc1997e74)
10:58:38 info: BridgeServer[0] Entity registry: updated, id=cec74a39-afb1-47d6-bbf8-2cfdc1997e74, count=1
10:58:38 info: BridgeServer[0] [Presentation] entity=cec74a39-afb1-47d6-bbf8-2cfdc1997e74 state=[presentation, {   "renderer": "humanoid",   "model": "survivor",   "scale": 1.0,   "variant": "default" }]
10:58:38 info: BridgeServer[0] Entity state forwarded: 7dtd -> minecraft (update, cec74a39-afb1-47d6-bbf8-2cfdc1997e74)
10:58:38 info: BridgeServer[0] Entity registry: updated, id=cec74a39-afb1-47d6-bbf8-2cfdc1997e74, count=1
10:58:38 info: BridgeServer[0] [Presentation] entity=cec74a39-afb1-47d6-bbf8-2cfdc1997e74 state=[presentation, {   "renderer": "humanoid",   "model": "survivor",   "scale": 1.0,   "variant": "default" }]
10:58:38 info: BridgeServer[0] Entity state forwarded: 7dtd -> minecraft (update, cec74a39-afb1-47d6-bbf8-2cfdc1997e74)
10:58:39 info: BridgeServer[0] Entity registry: updated, id=cec74a39-afb1-47d6-bbf8-2cfdc1997e74, count=1
10:58:39 info: BridgeServer[0] [Presentation] entity=cec74a39-afb1-47d6-bbf8-2cfdc1997e74 state=[presentation, {   "renderer": "humanoid",   "model": "survivor",   "scale": 1.0,   "variant": "default" }]
10:58:39 info: BridgeServer[0] Entity state forwarded: 7dtd -> minecraft (update, cec74a39-afb1-47d6-bbf8-2cfdc1997e74)
10:58:39 info: BridgeServer[0] Entity registry: updated, id=cec74a39-afb1-47d6-bbf8-2cfdc1997e74, count=1
10:58:39 info: BridgeServer[0] [Presentation] entity=cec74a39-afb1-47d6-bbf8-2cfdc1997e74 state=[presentation, {   "renderer": "humanoid",   "model": "survivor",   "scale": 1.0,   "variant": "default" }]
10:58:39 info: BridgeServer[0] Entity state forwarded: 7dtd -> minecraft (update, cec74a39-afb1-47d6-bbf8-2cfdc1997e74)
10:58:40 info: BridgeServer[0] Entity registry: updated, id=cec74a39-afb1-47d6-bbf8-2cfdc1997e74, count=1
10:58:40 info: BridgeServer[0] [Presentation] entity=cec74a39-afb1-47d6-bbf8-2cfdc1997e74 state=[presentation, {   "renderer": "humanoid",   "model": "survivor",   "scale": 1.0,   "variant": "default" }]
10:58:40 info: BridgeServer[0] Entity state forwarded: 7dtd -> minecraft (update, cec74a39-afb1-47d6-bbf8-2cfdc1997e74)
10:58:40 info: BridgeServer[0] Entity registry: updated, id=cec74a39-afb1-47d6-bbf8-2cfdc1997e74, count=1
10:58:40 info: BridgeServer[0] [Presentation] entity=cec74a39-afb1-47d6-bbf8-2cfdc1997e74 state=[presentation, {   "renderer": "humanoid",   "model": "survivor",   "scale": 1.0,   "variant": "default" }]
10:58:40 info: BridgeServer[0] Entity state forwarded: 7dtd -> minecraft (update, cec74a39-afb1-47d6-bbf8-2cfdc1997e74)
10:58:41 info: BridgeServer[0] Entity registry: updated, id=cec74a39-afb1-47d6-bbf8-2cfdc1997e74, count=1
10:58:41 info: BridgeServer[0] [Presentation] entity=cec74a39-afb1-47d6-bbf8-2cfdc1997e74 state=[presentation, {   "renderer": "humanoid",   "model": "survivor",   "scale": 1.0,   "variant": "default" }]
10:58:41 info: BridgeServer[0] Entity state forwarded: 7dtd -> minecraft (update, cec74a39-afb1-47d6-bbf8-2cfdc1997e74)
10:58:41 info: BridgeServer[0] Entity registry: updated, id=cec74a39-afb1-47d6-bbf8-2cfdc1997e74, count=1
10:58:41 info: BridgeServer[0] [Presentation] entity=cec74a39-afb1-47d6-bbf8-2cfdc1997e74 state=[presentation, {   "renderer": "humanoid",   "model": "survivor",   "scale": 1.0,   "variant": "default" }]
10:58:41 info: BridgeServer[0] Entity state forwarded: 7dtd -> minecraft (update, cec74a39-afb1-47d6-bbf8-2cfdc1997e74)
10:58:42 info: BridgeServer[0] Entity registry: updated, id=cec74a39-afb1-47d6-bbf8-2cfdc1997e74, count=1
10:58:42 info: BridgeServer[0] [Presentation] entity=cec74a39-afb1-47d6-bbf8-2cfdc1997e74 state=[presentation, {   "renderer": "humanoid",   "model": "survivor",   "scale": 1.0,   "variant": "default" }]
10:58:42 info: BridgeServer[0] Entity state forwarded: 7dtd -> minecraft (update, cec74a39-afb1-47d6-bbf8-2cfdc1997e74)
10:58:42 info: BridgeServer[0] Entity registry: updated, id=cec74a39-afb1-47d6-bbf8-2cfdc1997e74, count=1
10:58:42 info: BridgeServer[0] [Presentation] entity=cec74a39-afb1-47d6-bbf8-2cfdc1997e74 state=[presentation, {   "renderer": "humanoid",   "model": "survivor",   "scale": 1.0,   "variant": "default" }]
10:58:42 info: BridgeServer[0] Entity state forwarded: 7dtd -> minecraft (update, cec74a39-afb1-47d6-bbf8-2cfdc1997e74)
10:58:43 info: BridgeServer[0] Entity registry: updated, id=cec74a39-afb1-47d6-bbf8-2cfdc1997e74, count=1
10:58:43 info: BridgeServer[0] [Presentation] entity=cec74a39-afb1-47d6-bbf8-2cfdc1997e74 state=[presentation, {   "renderer": "humanoid",   "model": "survivor",   "scale": 1.0,   "variant": "default" }]
10:58:43 info: BridgeServer[0] Entity state forwarded: 7dtd -> minecraft (update, cec74a39-afb1-47d6-bbf8-2cfdc1997e74)
10:58:43 info: BridgeServer[0] Entity registry: updated, id=cec74a39-afb1-47d6-bbf8-2cfdc1997e74, count=1
10:58:43 info: BridgeServer[0] [Presentation] entity=cec74a39-afb1-47d6-bbf8-2cfdc1997e74 state=[presentation, {   "renderer": "humanoid",   "model": "survivor",   "scale": 1.0,   "variant": "default" }]
10:58:43 info: BridgeServer[0] Entity state forwarded: 7dtd -> minecraft (update, cec74a39-afb1-47d6-bbf8-2cfdc1997e74)
10:58:44 info: BridgeServer[0] Entity registry: updated, id=cec74a39-afb1-47d6-bbf8-2cfdc1997e74, count=1
10:58:44 info: BridgeServer[0] [Presentation] entity=cec74a39-afb1-47d6-bbf8-2cfdc1997e74 state=[presentation, {   "renderer": "humanoid",   "model": "survivor",   "scale": 1.0,   "variant": "default" }]
10:58:44 info: BridgeServer[0] Entity state forwarded: 7dtd -> minecraft (update, cec74a39-afb1-47d6-bbf8-2cfdc1997e74)
10:58:44 info: BridgeServer[0] Entity registry: updated, id=cec74a39-afb1-47d6-bbf8-2cfdc1997e74, count=1
10:58:44 info: BridgeServer[0] [Presentation] entity=cec74a39-afb1-47d6-bbf8-2cfdc1997e74 state=[presentation, {   "renderer": "humanoid",   "model": "survivor",   "scale": 1.0,   "variant": "default" }]
10:58:44 info: BridgeServer[0] Entity state forwarded: 7dtd -> minecraft (update, cec74a39-afb1-47d6-bbf8-2cfdc1997e74)
10:58:44 info: BridgeServer[0] Player position forwarded: minecraft -> 7dtd (-46.4980827909365, 71, 73.39785432349018)
10:58:44 info: BridgeServer[0] Entity registry: updated, id=c73c3c66-3e6f-4a7e-99a0-a81ebeb5a467, count=1
10:58:44 info: BridgeServer[0] [Presentation] entity=c73c3c66-3e6f-4a7e-99a0-a81ebeb5a467 state=[presentation, {   "renderer": "humanoid",   "model": "player",   "scale": 1.0,   "variant": "default" }]
10:58:44 info: BridgeServer[0] Entity state forwarded: minecraft -> 7dtd (update, c73c3c66-3e6f-4a7e-99a0-a81ebeb5a467)
10:58:45 info: BridgeServer[0] Entity registry: updated, id=cec74a39-afb1-47d6-bbf8-2cfdc1997e74, count=1
10:58:45 info: BridgeServer[0] [Presentation] entity=cec74a39-afb1-47d6-bbf8-2cfdc1997e74 state=[presentation, {   "renderer": "humanoid",   "model": "survivor",   "scale": 1.0,   "variant": "default" }]
10:58:45 info: BridgeServer[0] Entity state forwarded: 7dtd -> minecraft (update, cec74a39-afb1-47d6-bbf8-2cfdc1997e74)
10:58:45 info: BridgeServer[0] Player position forwarded: minecraft -> 7dtd (-46.4980827909365, 71, 73.39785432349018)
10:58:45 info: BridgeServer[0] Entity registry: updated, id=c73c3c66-3e6f-4a7e-99a0-a81ebeb5a467, count=1
10:58:45 info: BridgeServer[0] [Presentation] entity=c73c3c66-3e6f-4a7e-99a0-a81ebeb5a467 state=[presentation, {   "renderer": "humanoid",   "model": "player",   "scale": 1.0,   "variant": "default" }]
10:58:45 info: BridgeServer[0] Entity state forwarded: minecraft -> 7dtd (update, c73c3c66-3e6f-4a7e-99a0-a81ebeb5a467)
10:58:45 info: BridgeServer[0] Entity registry: updated, id=cec74a39-afb1-47d6-bbf8-2cfdc1997e74, count=1
10:58:45 info: BridgeServer[0] [Presentation] entity=cec74a39-afb1-47d6-bbf8-2cfdc1997e74 state=[presentation, {   "renderer": "humanoid",   "model": "survivor",   "scale": 1.0,   "variant": "default" }]
10:58:45 info: BridgeServer[0] Entity state forwarded: 7dtd -> minecraft (update, cec74a39-afb1-47d6-bbf8-2cfdc1997e74)
10:58:45 info: BridgeServer[0] Player position forwarded: minecraft -> 7dtd (-46.4980827909365, 71, 73.39785432349018)
10:58:45 info: BridgeServer[0] Entity registry: updated, id=c73c3c66-3e6f-4a7e-99a0-a81ebeb5a467, count=1
10:58:45 info: BridgeServer[0] [Presentation] entity=c73c3c66-3e6f-4a7e-99a0-a81ebeb5a467 state=[presentation, {   "renderer": "humanoid",   "model": "player",   "scale": 1.0,   "variant": "default" }]
10:58:45 info: BridgeServer[0] Entity state forwarded: minecraft -> 7dtd (update, c73c3c66-3e6f-4a7e-99a0-a81ebeb5a467)
10:58:46 info: BridgeServer[0] Entity registry: updated, id=cec74a39-afb1-47d6-bbf8-2cfdc1997e74, count=1
10:58:46 info: BridgeServer[0] [Presentation] entity=cec74a39-afb1-47d6-bbf8-2cfdc1997e74 state=[presentation, {   "renderer": "humanoid",   "model": "survivor",   "scale": 1.0,   "variant": "default" }]
10:58:46 info: BridgeServer[0] Entity state forwarded: 7dtd -> minecraft (update, cec74a39-afb1-47d6-bbf8-2cfdc1997e74)
10:58:46 info: BridgeServer[0] Player position forwarded: minecraft -> 7dtd (-46.4980827909365, 71, 73.39785432349018)
10:58:46 info: BridgeServer[0] Entity registry: updated, id=c73c3c66-3e6f-4a7e-99a0-a81ebeb5a467, count=1
10:58:46 info: BridgeServer[0] [Presentation] entity=c73c3c66-3e6f-4a7e-99a0-a81ebeb5a467 state=[presentation, {   "renderer": "humanoid",   "model": "player",   "scale": 1.0,   "variant": "default" }]
10:58:46 info: BridgeServer[0] Entity state forwarded: minecraft -> 7dtd (update, c73c3c66-3e6f-4a7e-99a0-a81ebeb5a467)
10:58:46 info: BridgeServer[0] Entity registry: updated, id=cec74a39-afb1-47d6-bbf8-2cfdc1997e74, count=1
10:58:46 info: BridgeServer[0] [Presentation] entity=cec74a39-afb1-47d6-bbf8-2cfdc1997e74 state=[presentation, {   "renderer": "humanoid",   "model": "survivor",   "scale": 1.0,   "variant": "default" }]
10:58:46 info: BridgeServer[0] Entity state forwarded: 7dtd -> minecraft (update, cec74a39-afb1-47d6-bbf8-2cfdc1997e74)
10:58:46 info: BridgeServer[0] Player position forwarded: minecraft -> 7dtd (-46.4980827909365, 71, 73.39785432349018)
10:58:46 info: BridgeServer[0] Entity registry: updated, id=c73c3c66-3e6f-4a7e-99a0-a81ebeb5a467, count=1
10:58:46 info: BridgeServer[0] [Presentation] entity=c73c3c66-3e6f-4a7e-99a0-a81ebeb5a467 state=[presentation, {   "renderer": "humanoid",   "model": "player",   "scale": 1.0,   "variant": "default" }]
10:58:46 info: BridgeServer[0] Entity state forwarded: minecraft -> 7dtd (update, c73c3c66-3e6f-4a7e-99a0-a81ebeb5a467)
10:58:47 info: BridgeServer[0] Entity registry: updated, id=cec74a39-afb1-47d6-bbf8-2cfdc1997e74, count=1
10:58:47 info: BridgeServer[0] [Presentation] entity=cec74a39-afb1-47d6-bbf8-2cfdc1997e74 state=[presentation, {   "renderer": "humanoid",   "model": "survivor",   "scale": 1.0,   "variant": "default" }]
10:58:47 info: BridgeServer[0] Entity state forwarded: 7dtd -> minecraft (update, cec74a39-afb1-47d6-bbf8-2cfdc1997e74)
10:58:47 info: BridgeServer[0] Player position forwarded: minecraft -> 7dtd (-46.4980827909365, 71, 73.39785432349018)
10:58:47 info: BridgeServer[0] Entity registry: updated, id=c73c3c66-3e6f-4a7e-99a0-a81ebeb5a467, count=1
10:58:47 info: BridgeServer[0] [Presentation] entity=c73c3c66-3e6f-4a7e-99a0-a81ebeb5a467 state=[presentation, {   "renderer": "humanoid",   "model": "player",   "scale": 1.0,   "variant": "default" }]
10:58:47 info: BridgeServer[0] Entity state forwarded: minecraft -> 7dtd (update, c73c3c66-3e6f-4a7e-99a0-a81ebeb5a467)
10:58:47 info: BridgeServer[0] Entity registry: updated, id=cec74a39-afb1-47d6-bbf8-2cfdc1997e74, count=1
10:58:47 info: BridgeServer[0] [Presentation] entity=cec74a39-afb1-47d6-bbf8-2cfdc1997e74 state=[presentation, {   "renderer": "humanoid",   "model": "survivor",   "scale": 1.0,   "variant": "default" }]
10:58:47 info: BridgeServer[0] Entity state forwarded: 7dtd -> minecraft (update, cec74a39-afb1-47d6-bbf8-2cfdc1997e74)
10:58:47 info: BridgeServer[0] Player position forwarded: minecraft -> 7dtd (-46.4980827909365, 71, 73.39785432349018)
10:58:47 info: BridgeServer[0] Entity registry: updated, id=c73c3c66-3e6f-4a7e-99a0-a81ebeb5a467, count=1
10:58:47 info: BridgeServer[0] [Presentation] entity=c73c3c66-3e6f-4a7e-99a0-a81ebeb5a467 state=[presentation, {   "renderer": "humanoid",   "model": "player",   "scale": 1.0,   "variant": "default" }]
10:58:47 info: BridgeServer[0] Entity state forwarded: minecraft -> 7dtd (update, c73c3c66-3e6f-4a7e-99a0-a81ebeb5a467)
10:58:48 info: BridgeServer[0] Entity registry: updated, id=cec74a39-afb1-47d6-bbf8-2cfdc1997e74, count=1
10:58:48 info: BridgeServer[0] [Presentation] entity=cec74a39-afb1-47d6-bbf8-2cfdc1997e74 state=[presentation, {   "renderer": "humanoid",   "model": "survivor",   "scale": 1.0,   "variant": "default" }]
10:58:48 info: BridgeServer[0] Entity state forwarded: 7dtd -> minecraft (update, cec74a39-afb1-47d6-bbf8-2cfdc1997e74)
10:58:48 info: BridgeServer[0] Player position forwarded: minecraft -> 7dtd (-46.4980827909365, 71, 73.39785432349018)
10:58:48 info: BridgeServer[0] Entity registry: updated, id=c73c3c66-3e6f-4a7e-99a0-a81ebeb5a467, count=1
10:58:48 info: BridgeServer[0] [Presentation] entity=c73c3c66-3e6f-4a7e-99a0-a81ebeb5a467 state=[presentation, {   "renderer": "humanoid",   "model": "player",   "scale": 1.0,   "variant": "default" }]
10:58:48 info: BridgeServer[0] Entity state forwarded: minecraft -> 7dtd (update, c73c3c66-3e6f-4a7e-99a0-a81ebeb5a467)
10:58:48 info: BridgeServer[0] Entity registry: updated, id=cec74a39-afb1-47d6-bbf8-2cfdc1997e74, count=1
10:58:48 info: BridgeServer[0] [Presentation] entity=cec74a39-afb1-47d6-bbf8-2cfdc1997e74 state=[presentation, {   "renderer": "humanoid",   "model": "survivor",   "scale": 1.0,   "variant": "default" }]
10:58:48 info: BridgeServer[0] Entity state forwarded: 7dtd -> minecraft (update, cec74a39-afb1-47d6-bbf8-2cfdc1997e74)
10:58:48 info: BridgeServer[0] Player position forwarded: minecraft -> 7dtd (-46.4980827909365, 71, 73.39785432349018)
10:58:48 info: BridgeServer[0] Entity registry: updated, id=c73c3c66-3e6f-4a7e-99a0-a81ebeb5a467, count=1
10:58:48 info: BridgeServer[0] [Presentation] entity=c73c3c66-3e6f-4a7e-99a0-a81ebeb5a467 state=[presentation, {   "renderer": "humanoid",   "model": "player",   "scale": 1.0,   "variant": "default" }]
10:58:48 info: BridgeServer[0] Entity state forwarded: minecraft -> 7dtd (update, c73c3c66-3e6f-4a7e-99a0-a81ebeb5a467)
10:58:49 info: BridgeServer[0] Entity registry: updated, id=cec74a39-afb1-47d6-bbf8-2cfdc1997e74, count=1
10:58:49 info: BridgeServer[0] [Presentation] entity=cec74a39-afb1-47d6-bbf8-2cfdc1997e74 state=[presentation, {   "renderer": "humanoid",   "model": "survivor",   "scale": 1.0,   "variant": "default" }]
10:58:49 info: BridgeServer[0] Entity state forwarded: 7dtd -> minecraft (update, cec74a39-afb1-47d6-bbf8-2cfdc1997e74)
10:58:49 info: BridgeServer[0] Player position forwarded: minecraft -> 7dtd (-46.4980827909365, 71, 73.39785432349018)
10:58:49 info: BridgeServer[0] Entity registry: updated, id=c73c3c66-3e6f-4a7e-99a0-a81ebeb5a467, count=1
10:58:49 info: BridgeServer[0] [Presentation] entity=c73c3c66-3e6f-4a7e-99a0-a81ebeb5a467 state=[presentation, {   "renderer": "humanoid",   "model": "player",   "scale": 1.0,   "variant": "default" }]
10:58:49 info: BridgeServer[0] Entity state forwarded: minecraft -> 7dtd (update, c73c3c66-3e6f-4a7e-99a0-a81ebeb5a467)
10:58:49 info: BridgeServer[0] Entity registry: updated, id=cec74a39-afb1-47d6-bbf8-2cfdc1997e74, count=1
10:58:49 info: BridgeServer[0] [Presentation] entity=cec74a39-afb1-47d6-bbf8-2cfdc1997e74 state=[presentation, {   "renderer": "humanoid",   "model": "survivor",   "scale": 1.0,   "variant": "default" }]
10:58:49 info: BridgeServer[0] Entity state forwarded: 7dtd -> minecraft (update, cec74a39-afb1-47d6-bbf8-2cfdc1997e74)
10:58:49 info: BridgeServer[0] Player position forwarded: minecraft -> 7dtd (-46.4980827909365, 71, 73.39785432349018)
10:58:49 info: BridgeServer[0] Entity registry: updated, id=c73c3c66-3e6f-4a7e-99a0-a81ebeb5a467, count=1
10:58:49 info: BridgeServer[0] [Presentation] entity=c73c3c66-3e6f-4a7e-99a0-a81ebeb5a467 state=[presentation, {   "renderer": "humanoid",   "model": "player",   "scale": 1.0,   "variant": "default" }]
10:58:49 info: BridgeServer[0] Entity state forwarded: minecraft -> 7dtd (update, c73c3c66-3e6f-4a7e-99a0-a81ebeb5a467)
10:58:50 info: BridgeServer[0] Entity registry: updated, id=cec74a39-afb1-47d6-bbf8-2cfdc1997e74, count=1
10:58:50 info: BridgeServer[0] [Presentation] entity=cec74a39-afb1-47d6-bbf8-2cfdc1997e74 state=[presentation, {   "renderer": "humanoid",   "model": "survivor",   "scale": 1.0,   "variant": "default" }]
10:58:50 info: BridgeServer[0] Entity state forwarded: 7dtd -> minecraft (update, cec74a39-afb1-47d6-bbf8-2cfdc1997e74)
10:58:50 info: BridgeServer[0] Player position forwarded: minecraft -> 7dtd (-46.4980827909365, 71, 73.39785432349018)
10:58:50 info: BridgeServer[0] Entity registry: updated, id=c73c3c66-3e6f-4a7e-99a0-a81ebeb5a467, count=1
10:58:50 info: BridgeServer[0] [Presentation] entity=c73c3c66-3e6f-4a7e-99a0-a81ebeb5a467 state=[presentation, {   "renderer": "humanoid",   "model": "player",   "scale": 1.0,   "variant": "default" }]
10:58:50 info: BridgeServer[0] Entity state forwarded: minecraft -> 7dtd (update, c73c3c66-3e6f-4a7e-99a0-a81ebeb5a467)
10:58:50 info: BridgeServer[0] Entity registry: updated, id=cec74a39-afb1-47d6-bbf8-2cfdc1997e74, count=1
10:58:50 info: BridgeServer[0] [Presentation] entity=cec74a39-afb1-47d6-bbf8-2cfdc1997e74 state=[presentation, {   "renderer": "humanoid",   "model": "survivor",   "scale": 1.0,   "variant": "default" }]
10:58:50 info: BridgeServer[0] Entity state forwarded: 7dtd -> minecraft (update, cec74a39-afb1-47d6-bbf8-2cfdc1997e74)
10:58:51 info: BridgeServer[0] Player position forwarded: minecraft -> 7dtd (-46.4980827909365, 71, 73.39785432349018)
10:58:51 info: BridgeServer[0] Entity registry: updated, id=c73c3c66-3e6f-4a7e-99a0-a81ebeb5a467, count=1
10:58:51 info: BridgeServer[0] [Presentation] entity=c73c3c66-3e6f-4a7e-99a0-a81ebeb5a467 state=[presentation, {   "renderer": "humanoid",   "model": "player",   "scale": 1.0,   "variant": "default" }]
10:58:51 info: BridgeServer[0] Entity state forwarded: minecraft -> 7dtd (update, c73c3c66-3e6f-4a7e-99a0-a81ebeb5a467)
10:58:51 info: BridgeServer[0] Entity registry: updated, id=cec74a39-afb1-47d6-bbf8-2cfdc1997e74, count=1
10:58:51 info: BridgeServer[0] [Presentation] entity=cec74a39-afb1-47d6-bbf8-2cfdc1997e74 state=[presentation, {   "renderer": "humanoid",   "model": "survivor",   "scale": 1.0,   "variant": "default" }]
10:58:51 info: BridgeServer[0] Entity state forwarded: 7dtd -> minecraft (update, cec74a39-afb1-47d6-bbf8-2cfdc1997e74)
10:58:51 info: BridgeServer[0] Player position forwarded: minecraft -> 7dtd (-46.4980827909365, 71, 73.39785432349018)
10:58:51 info: BridgeServer[0] Entity registry: updated, id=c73c3c66-3e6f-4a7e-99a0-a81ebeb5a467, count=1
10:58:51 info: BridgeServer[0] [Presentation] entity=c73c3c66-3e6f-4a7e-99a0-a81ebeb5a467 state=[presentation, {   "renderer": "humanoid",   "model": "player",   "scale": 1.0,   "variant": "default" }]
10:58:51 info: BridgeServer[0] Entity state forwarded: minecraft -> 7dtd (update, c73c3c66-3e6f-4a7e-99a0-a81ebeb5a467)
10:58:51 info: BridgeServer[0] Entity registry: updated, id=cec74a39-afb1-47d6-bbf8-2cfdc1997e74, count=1
10:58:51 info: BridgeServer[0] [Presentation] entity=cec74a39-afb1-47d6-bbf8-2cfdc1997e74 state=[presentation, {   "renderer": "humanoid",   "model": "survivor",   "scale": 1.0,   "variant": "default" }]
10:58:51 info: BridgeServer[0] Entity state forwarded: 7dtd -> minecraft (update, cec74a39-afb1-47d6-bbf8-2cfdc1997e74)
10:58:52 info: BridgeServer[0] Player position forwarded: minecraft -> 7dtd (-46.4980827909365, 71, 73.39785432349018)
10:58:52 info: BridgeServer[0] Entity registry: updated, id=c73c3c66-3e6f-4a7e-99a0-a81ebeb5a467, count=1
10:58:52 info: BridgeServer[0] [Presentation] entity=c73c3c66-3e6f-4a7e-99a0-a81ebeb5a467 state=[presentation, {   "renderer": "humanoid",   "model": "player",   "scale": 1.0,   "variant": "default" }]
10:58:52 info: BridgeServer[0] Entity state forwarded: minecraft -> 7dtd (update, c73c3c66-3e6f-4a7e-99a0-a81ebeb5a467)
10:58:52 info: BridgeServer[0] Entity registry: updated, id=cec74a39-afb1-47d6-bbf8-2cfdc1997e74, count=1
10:58:52 info: BridgeServer[0] [Presentation] entity=cec74a39-afb1-47d6-bbf8-2cfdc1997e74 state=[presentation, {   "renderer": "humanoid",   "model": "survivor",   "scale": 1.0,   "variant": "default" }]
10:58:52 info: BridgeServer[0] Entity state forwarded: 7dtd -> minecraft (update, cec74a39-afb1-47d6-bbf8-2cfdc1997e74)
10:58:52 info: BridgeServer[0] Entity registry: updated, id=cec74a39-afb1-47d6-bbf8-2cfdc1997e74, count=1
10:58:52 info: BridgeServer[0] [Presentation] entity=cec74a39-afb1-47d6-bbf8-2cfdc1997e74 state=[presentation, {   "renderer": "humanoid",   "model": "survivor",   "scale": 1.0,   "variant": "default" }]
10:58:52 info: BridgeServer[0] Entity state forwarded: 7dtd -> minecraft (update, cec74a39-afb1-47d6-bbf8-2cfdc1997e74)
10:58:52 info: BridgeServer[0] Player position forwarded: minecraft -> 7dtd (-46.4980827909365, 71, 73.39785432349018)
10:58:52 info: BridgeServer[0] Entity registry: updated, id=c73c3c66-3e6f-4a7e-99a0-a81ebeb5a467, count=1
10:58:52 info: BridgeServer[0] [Presentation] entity=c73c3c66-3e6f-4a7e-99a0-a81ebeb5a467 state=[presentation, {   "renderer": "humanoid",   "model": "player",   "scale": 1.0,   "variant": "default" }]
10:58:52 info: BridgeServer[0] Entity state forwarded: minecraft -> 7dtd (update, c73c3c66-3e6f-4a7e-99a0-a81ebeb5a467)
10:58:53 info: BridgeServer[0] Player position forwarded: minecraft -> 7dtd (-46.4980827909365, 71, 73.39785432349018)
10:58:53 info: BridgeServer[0] Entity registry: updated, id=c73c3c66-3e6f-4a7e-99a0-a81ebeb5a467, count=1
10:58:53 info: BridgeServer[0] [Presentation] entity=c73c3c66-3e6f-4a7e-99a0-a81ebeb5a467 state=[presentation, {   "renderer": "humanoid",   "model": "player",   "scale": 1.0,   "variant": "default" }]
10:58:53 info: BridgeServer[0] Entity state forwarded: minecraft -> 7dtd (update, c73c3c66-3e6f-4a7e-99a0-a81ebeb5a467)
10:58:53 info: BridgeServer[0] Entity registry: updated, id=cec74a39-afb1-47d6-bbf8-2cfdc1997e74, count=1
10:58:53 info: BridgeServer[0] [Presentation] entity=cec74a39-afb1-47d6-bbf8-2cfdc1997e74 state=[presentation, {   "renderer": "humanoid",   "model": "survivor",   "scale": 1.0,   "variant": "default" }]
10:58:53 info: BridgeServer[0] Entity state forwarded: 7dtd -> minecraft (update, cec74a39-afb1-47d6-bbf8-2cfdc1997e74)
10:58:53 info: BridgeServer[0] Player position forwarded: minecraft -> 7dtd (-46.4980827909365, 71, 73.39785432349018)
10:58:53 info: BridgeServer[0] Entity registry: updated, id=c73c3c66-3e6f-4a7e-99a0-a81ebeb5a467, count=1
10:58:53 info: BridgeServer[0] [Presentation] entity=c73c3c66-3e6f-4a7e-99a0-a81ebeb5a467 state=[presentation, {   "renderer": "humanoid",   "model": "player",   "scale": 1.0,   "variant": "default" }]
10:58:53 info: BridgeServer[0] Entity state forwarded: minecraft -> 7dtd (update, c73c3c66-3e6f-4a7e-99a0-a81ebeb5a467)
10:58:53 info: BridgeServer[0] Entity registry: updated, id=cec74a39-afb1-47d6-bbf8-2cfdc1997e74, count=1
10:58:53 info: BridgeServer[0] [Presentation] entity=cec74a39-afb1-47d6-bbf8-2cfdc1997e74 state=[presentation, {   "renderer": "humanoid",   "model": "survivor",   "scale": 1.0,   "variant": "default" }]
10:58:53 info: BridgeServer[0] Entity state forwarded: 7dtd -> minecraft (update, cec74a39-afb1-47d6-bbf8-2cfdc1997e74)
10:58:54 info: BridgeServer[0] Player position forwarded: minecraft -> 7dtd (-46.4980827909365, 71, 73.39785432349018)
10:58:54 info: BridgeServer[0] Entity registry: updated, id=c73c3c66-3e6f-4a7e-99a0-a81ebeb5a467, count=1
10:58:54 info: BridgeServer[0] [Presentation] entity=c73c3c66-3e6f-4a7e-99a0-a81ebeb5a467 state=[presentation, {   "renderer": "humanoid",   "model": "player",   "scale": 1.0,   "variant": "default" }]
10:58:54 info: BridgeServer[0] Entity state forwarded: minecraft -> 7dtd (update, c73c3c66-3e6f-4a7e-99a0-a81ebeb5a467)
10:58:54 info: BridgeServer[0] Entity registry: updated, id=cec74a39-afb1-47d6-bbf8-2cfdc1997e74, count=1
10:58:54 info: BridgeServer[0] [Presentation] entity=cec74a39-afb1-47d6-bbf8-2cfdc1997e74 state=[presentation, {   "renderer": "humanoid",   "model": "survivor",   "scale": 1.0,   "variant": "default" }]
10:58:54 info: BridgeServer[0] Entity state forwarded: 7dtd -> minecraft (update, cec74a39-afb1-47d6-bbf8-2cfdc1997e74)
10:58:54 info: BridgeServer[0] Entity registry: updated, id=cec74a39-afb1-47d6-bbf8-2cfdc1997e74, count=1
10:58:54 info: BridgeServer[0] [Presentation] entity=cec74a39-afb1-47d6-bbf8-2cfdc1997e74 state=[presentation, {   "renderer": "humanoid",   "model": "survivor",   "scale": 1.0,   "variant": "default" }]
10:58:54 info: BridgeServer[0] Entity state forwarded: 7dtd -> minecraft (update, cec74a39-afb1-47d6-bbf8-2cfdc1997e74)
10:58:54 info: BridgeServer[0] Player position forwarded: minecraft -> 7dtd (-46.4980827909365, 71, 73.39785432349018)
10:58:54 info: BridgeServer[0] Entity registry: updated, id=c73c3c66-3e6f-4a7e-99a0-a81ebeb5a467, count=1
10:58:54 info: BridgeServer[0] [Presentation] entity=c73c3c66-3e6f-4a7e-99a0-a81ebeb5a467 state=[presentation, {   "renderer": "humanoid",   "model": "player",   "scale": 1.0,   "variant": "default" }]
10:58:54 info: BridgeServer[0] Entity state forwarded: minecraft -> 7dtd (update, c73c3c66-3e6f-4a7e-99a0-a81ebeb5a467)
10:58:55 info: BridgeServer[0] Player position forwarded: minecraft -> 7dtd (-46.4980827909365, 71, 73.39785432349018)
10:58:55 info: BridgeServer[0] Entity registry: updated, id=c73c3c66-3e6f-4a7e-99a0-a81ebeb5a467, count=1
10:58:55 info: BridgeServer[0] [Presentation] entity=c73c3c66-3e6f-4a7e-99a0-a81ebeb5a467 state=[presentation, {   "renderer": "humanoid",   "model": "player",   "scale": 1.0,   "variant": "default" }]
10:58:55 info: BridgeServer[0] Entity state forwarded: minecraft -> 7dtd (update, c73c3c66-3e6f-4a7e-99a0-a81ebeb5a467)
10:58:55 info: BridgeServer[0] Entity registry: updated, id=cec74a39-afb1-47d6-bbf8-2cfdc1997e74, count=1
10:58:55 info: BridgeServer[0] [Presentation] entity=cec74a39-afb1-47d6-bbf8-2cfdc1997e74 state=[presentation, {   "renderer": "humanoid",   "model": "survivor",   "scale": 1.0,   "variant": "default" }]
10:58:55 info: BridgeServer[0] Entity state forwarded: 7dtd -> minecraft (update, cec74a39-afb1-47d6-bbf8-2cfdc1997e74)
10:58:55 info: BridgeServer[0] Entity registry: updated, id=cec74a39-afb1-47d6-bbf8-2cfdc1997e74, count=1
10:58:55 info: BridgeServer[0] [Presentation] entity=cec74a39-afb1-47d6-bbf8-2cfdc1997e74 state=[presentation, {   "renderer": "humanoid",   "model": "survivor",   "scale": 1.0,   "variant": "default" }]
10:58:55 info: BridgeServer[0] Entity state forwarded: 7dtd -> minecraft (update, cec74a39-afb1-47d6-bbf8-2cfdc1997e74)
10:58:55 info: BridgeServer[0] Player position forwarded: minecraft -> 7dtd (-46.4980827909365, 71, 73.39785432349018)
10:58:55 info: BridgeServer[0] Entity registry: updated, id=c73c3c66-3e6f-4a7e-99a0-a81ebeb5a467, count=1
10:58:55 info: BridgeServer[0] [Presentation] entity=c73c3c66-3e6f-4a7e-99a0-a81ebeb5a467 state=[presentation, {   "renderer": "humanoid",   "model": "player",   "scale": 1.0,   "variant": "default" }]
10:58:55 info: BridgeServer[0] Entity state forwarded: minecraft -> 7dtd (update, c73c3c66-3e6f-4a7e-99a0-a81ebeb5a467)
10:58:56 info: BridgeServer[0] Entity registry: updated, id=cec74a39-afb1-47d6-bbf8-2cfdc1997e74, count=1
10:58:56 info: BridgeServer[0] [Presentation] entity=cec74a39-afb1-47d6-bbf8-2cfdc1997e74 state=[presentation, {   "renderer": "humanoid",   "model": "survivor",   "scale": 1.0,   "variant": "default" }]
10:58:56 info: BridgeServer[0] Entity state forwarded: 7dtd -> minecraft (update, cec74a39-afb1-47d6-bbf8-2cfdc1997e74)
10:58:56 info: BridgeServer[0] Player position forwarded: minecraft -> 7dtd (-46.4980827909365, 71, 73.39785432349018)
10:58:56 info: BridgeServer[0] Entity registry: updated, id=c73c3c66-3e6f-4a7e-99a0-a81ebeb5a467, count=1
10:58:56 info: BridgeServer[0] [Presentation] entity=c73c3c66-3e6f-4a7e-99a0-a81ebeb5a467 state=[presentation, {   "renderer": "humanoid",   "model": "player",   "scale": 1.0,   "variant": "default" }]
10:58:56 info: BridgeServer[0] Entity state forwarded: minecraft -> 7dtd (update, c73c3c66-3e6f-4a7e-99a0-a81ebeb5a467)
10:58:56 info: BridgeServer[0] Entity registry: updated, id=cec74a39-afb1-47d6-bbf8-2cfdc1997e74, count=1
10:58:56 info: BridgeServer[0] [Presentation] entity=cec74a39-afb1-47d6-bbf8-2cfdc1997e74 state=[presentation, {   "renderer": "humanoid",   "model": "survivor",   "scale": 1.0,   "variant": "default" }]
10:58:56 info: BridgeServer[0] Entity state forwarded: 7dtd -> minecraft (update, cec74a39-afb1-47d6-bbf8-2cfdc1997e74)
10:58:56 info: BridgeServer[0] Player position forwarded: minecraft -> 7dtd (-46.4980827909365, 71, 73.39785432349018)
10:58:56 info: BridgeServer[0] Entity registry: updated, id=c73c3c66-3e6f-4a7e-99a0-a81ebeb5a467, count=1
10:58:56 info: BridgeServer[0] [Presentation] entity=c73c3c66-3e6f-4a7e-99a0-a81ebeb5a467 state=[presentation, {   "renderer": "humanoid",   "model": "player",   "scale": 1.0,   "variant": "default" }]
10:58:56 info: BridgeServer[0] Entity state forwarded: minecraft -> 7dtd (update, c73c3c66-3e6f-4a7e-99a0-a81ebeb5a467)
10:58:57 info: BridgeServer[0] Entity registry: updated, id=cec74a39-afb1-47d6-bbf8-2cfdc1997e74, count=1
10:58:57 info: BridgeServer[0] [Presentation] entity=cec74a39-afb1-47d6-bbf8-2cfdc1997e74 state=[presentation, {   "renderer": "humanoid",   "model": "survivor",   "scale": 1.0,   "variant": "default" }]
10:58:57 info: BridgeServer[0] Entity state forwarded: 7dtd -> minecraft (update, cec74a39-afb1-47d6-bbf8-2cfdc1997e74)
10:58:57 info: BridgeServer[0] Player position forwarded: minecraft -> 7dtd (-46.4980827909365, 71, 73.39785432349018)
10:58:57 info: BridgeServer[0] Entity registry: updated, id=c73c3c66-3e6f-4a7e-99a0-a81ebeb5a467, count=1
10:58:57 info: BridgeServer[0] [Presentation] entity=c73c3c66-3e6f-4a7e-99a0-a81ebeb5a467 state=[presentation, {   "renderer": "humanoid",   "model": "player",   "scale": 1.0,   "variant": "default" }]
10:58:57 info: BridgeServer[0] Entity state forwarded: minecraft -> 7dtd (update, c73c3c66-3e6f-4a7e-99a0-a81ebeb5a467)
10:58:57 info: BridgeServer[0] Entity registry: updated, id=cec74a39-afb1-47d6-bbf8-2cfdc1997e74, count=1
10:58:57 info: BridgeServer[0] [Presentation] entity=cec74a39-afb1-47d6-bbf8-2cfdc1997e74 state=[presentation, {   "renderer": "humanoid",   "model": "survivor",   "scale": 1.0,   "variant": "default" }]
10:58:57 info: BridgeServer[0] Entity state forwarded: 7dtd -> minecraft (update, cec74a39-afb1-47d6-bbf8-2cfdc1997e74)
10:58:57 info: BridgeServer[0] Player position forwarded: minecraft -> 7dtd (-46.4980827909365, 71, 73.39785432349018)
10:58:57 info: BridgeServer[0] Entity registry: updated, id=c73c3c66-3e6f-4a7e-99a0-a81ebeb5a467, count=1
10:58:57 info: BridgeServer[0] [Presentation] entity=c73c3c66-3e6f-4a7e-99a0-a81ebeb5a467 state=[presentation, {   "renderer": "humanoid",   "model": "player",   "scale": 1.0,   "variant": "default" }]
10:58:57 info: BridgeServer[0] Entity state forwarded: minecraft -> 7dtd (update, c73c3c66-3e6f-4a7e-99a0-a81ebeb5a467)
10:58:58 info: BridgeServer[0] Entity registry: updated, id=cec74a39-afb1-47d6-bbf8-2cfdc1997e74, count=1
10:58:58 info: BridgeServer[0] [Presentation] entity=cec74a39-afb1-47d6-bbf8-2cfdc1997e74 state=[presentation, {   "renderer": "humanoid",   "model": "survivor",   "scale": 1.0,   "variant": "default" }]
10:58:58 info: BridgeServer[0] Entity state forwarded: 7dtd -> minecraft (update, cec74a39-afb1-47d6-bbf8-2cfdc1997e74)
10:58:58 info: BridgeServer[0] Player position forwarded: minecraft -> 7dtd (-46.4980827909365, 71, 73.39785432349018)
10:58:58 info: BridgeServer[0] Entity registry: updated, id=c73c3c66-3e6f-4a7e-99a0-a81ebeb5a467, count=1
10:58:58 info: BridgeServer[0] [Presentation] entity=c73c3c66-3e6f-4a7e-99a0-a81ebeb5a467 state=[presentation, {   "renderer": "humanoid",   "model": "player",   "scale": 1.0,   "variant": "default" }]
10:58:58 info: BridgeServer[0] Entity state forwarded: minecraft -> 7dtd (update, c73c3c66-3e6f-4a7e-99a0-a81ebeb5a467)
10:58:58 info: BridgeServer[0] Entity registry: updated, id=cec74a39-afb1-47d6-bbf8-2cfdc1997e74, count=1
10:58:58 info: BridgeServer[0] [Presentation] entity=cec74a39-afb1-47d6-bbf8-2cfdc1997e74 state=[presentation, {   "renderer": "humanoid",   "model": "survivor",   "scale": 1.0,   "variant": "default" }]
10:58:58 info: BridgeServer[0] Entity state forwarded: 7dtd -> minecraft (update, cec74a39-afb1-47d6-bbf8-2cfdc1997e74)
10:58:58 info: BridgeServer[0] Player position forwarded: minecraft -> 7dtd (-46.4980827909365, 71, 73.39785432349018)
10:58:58 info: BridgeServer[0] Entity registry: updated, id=c73c3c66-3e6f-4a7e-99a0-a81ebeb5a467, count=1
10:58:58 info: BridgeServer[0] [Presentation] entity=c73c3c66-3e6f-4a7e-99a0-a81ebeb5a467 state=[presentation, {   "renderer": "humanoid",   "model": "player",   "scale": 1.0,   "variant": "default" }]
10:58:58 info: BridgeServer[0] Entity state forwarded: minecraft -> 7dtd (update, c73c3c66-3e6f-4a7e-99a0-a81ebeb5a467)
10:58:59 info: BridgeServer[0] Entity registry: updated, id=cec74a39-afb1-47d6-bbf8-2cfdc1997e74, count=1
10:58:59 info: BridgeServer[0] [Presentation] entity=cec74a39-afb1-47d6-bbf8-2cfdc1997e74 state=[presentation, {   "renderer": "humanoid",   "model": "survivor",   "scale": 1.0,   "variant": "default" }]
10:58:59 info: BridgeServer[0] Entity state forwarded: 7dtd -> minecraft (update, cec74a39-afb1-47d6-bbf8-2cfdc1997e74)
10:58:59 info: BridgeServer[0] Player position forwarded: minecraft -> 7dtd (-46.4980827909365, 71, 73.39785432349018)
10:58:59 info: BridgeServer[0] Entity registry: updated, id=c73c3c66-3e6f-4a7e-99a0-a81ebeb5a467, count=1
10:58:59 info: BridgeServer[0] [Presentation] entity=c73c3c66-3e6f-4a7e-99a0-a81ebeb5a467 state=[presentation, {   "renderer": "humanoid",   "model": "player",   "scale": 1.0,   "variant": "default" }]
10:58:59 info: BridgeServer[0] Entity state forwarded: minecraft -> 7dtd (update, c73c3c66-3e6f-4a7e-99a0-a81ebeb5a467)
10:58:59 info: BridgeServer[0] Entity registry: updated, id=cec74a39-afb1-47d6-bbf8-2cfdc1997e74, count=1
10:58:59 info: BridgeServer[0] [Presentation] entity=cec74a39-afb1-47d6-bbf8-2cfdc1997e74 state=[presentation, {   "renderer": "humanoid",   "model": "survivor",   "scale": 1.0,   "variant": "default" }]
10:58:59 info: BridgeServer[0] Entity state forwarded: 7dtd -> minecraft (update, cec74a39-afb1-47d6-bbf8-2cfdc1997e74)
10:58:59 info: BridgeServer[0] Player position forwarded: minecraft -> 7dtd (-46.4980827909365, 71, 73.39785432349018)
10:58:59 info: BridgeServer[0] Entity registry: updated, id=c73c3c66-3e6f-4a7e-99a0-a81ebeb5a467, count=1
10:58:59 info: BridgeServer[0] [Presentation] entity=c73c3c66-3e6f-4a7e-99a0-a81ebeb5a467 state=[presentation, {   "renderer": "humanoid",   "model": "player",   "scale": 1.0,   "variant": "default" }]
10:58:59 info: BridgeServer[0] Entity state forwarded: minecraft -> 7dtd (update, c73c3c66-3e6f-4a7e-99a0-a81ebeb5a467)
10:59:00 info: BridgeServer[0] Entity registry: updated, id=cec74a39-afb1-47d6-bbf8-2cfdc1997e74, count=1
10:59:00 info: BridgeServer[0] [Presentation] entity=cec74a39-afb1-47d6-bbf8-2cfdc1997e74 state=[presentation, {   "renderer": "humanoid",   "model": "survivor",   "scale": 1.0,   "variant": "default" }]
10:59:00 info: BridgeServer[0] Entity state forwarded: 7dtd -> minecraft (update, cec74a39-afb1-47d6-bbf8-2cfdc1997e74)
10:59:00 info: BridgeServer[0] Player position forwarded: minecraft -> 7dtd (-46.4980827909365, 71, 73.39785432349018)
10:59:00 info: BridgeServer[0] Entity registry: updated, id=c73c3c66-3e6f-4a7e-99a0-a81ebeb5a467, count=1
10:59:00 info: BridgeServer[0] [Presentation] entity=c73c3c66-3e6f-4a7e-99a0-a81ebeb5a467 state=[presentation, {   "renderer": "humanoid",   "model": "player",   "scale": 1.0,   "variant": "default" }]
10:59:00 info: BridgeServer[0] Entity state forwarded: minecraft -> 7dtd (update, c73c3c66-3e6f-4a7e-99a0-a81ebeb5a467)
10:59:00 info: BridgeServer[0] Entity registry: updated, id=cec74a39-afb1-47d6-bbf8-2cfdc1997e74, count=1
10:59:00 info: BridgeServer[0] [Presentation] entity=cec74a39-afb1-47d6-bbf8-2cfdc1997e74 state=[presentation, {   "renderer": "humanoid",   "model": "survivor",   "scale": 1.0,   "variant": "default" }]
10:59:00 info: BridgeServer[0] Entity state forwarded: 7dtd -> minecraft (update, cec74a39-afb1-47d6-bbf8-2cfdc1997e74)
10:59:00 info: BridgeServer[0] Player position forwarded: minecraft -> 7dtd (-46.4980827909365, 71, 73.39785432349018)
10:59:00 info: BridgeServer[0] Entity registry: updated, id=c73c3c66-3e6f-4a7e-99a0-a81ebeb5a467, count=1
10:59:00 info: BridgeServer[0] [Presentation] entity=c73c3c66-3e6f-4a7e-99a0-a81ebeb5a467 state=[presentation, {   "renderer": "humanoid",   "model": "player",   "scale": 1.0,   "variant": "default" }]
10:59:00 info: BridgeServer[0] Entity state forwarded: minecraft -> 7dtd (update, c73c3c66-3e6f-4a7e-99a0-a81ebeb5a467)
10:59:01 info: BridgeServer[0] Entity registry: updated, id=cec74a39-afb1-47d6-bbf8-2cfdc1997e74, count=1
10:59:01 info: BridgeServer[0] [Presentation] entity=cec74a39-afb1-47d6-bbf8-2cfdc1997e74 state=[presentation, {   "renderer": "humanoid",   "model": "survivor",   "scale": 1.0,   "variant": "default" }]
10:59:01 info: BridgeServer[0] Entity state forwarded: 7dtd -> minecraft (update, cec74a39-afb1-47d6-bbf8-2cfdc1997e74)
10:59:01 info: BridgeServer[0] Player position forwarded: minecraft -> 7dtd (-46.4980827909365, 71, 73.39785432349018)
10:59:01 info: BridgeServer[0] Entity registry: updated, id=c73c3c66-3e6f-4a7e-99a0-a81ebeb5a467, count=1
10:59:01 info: BridgeServer[0] [Presentation] entity=c73c3c66-3e6f-4a7e-99a0-a81ebeb5a467 state=[presentation, {   "renderer": "humanoid",   "model": "player",   "scale": 1.0,   "variant": "default" }]
10:59:01 info: BridgeServer[0] Entity state forwarded: minecraft -> 7dtd (update, c73c3c66-3e6f-4a7e-99a0-a81ebeb5a467)
10:59:01 info: BridgeServer[0] Entity registry: updated, id=cec74a39-afb1-47d6-bbf8-2cfdc1997e74, count=1
10:59:01 info: BridgeServer[0] [Presentation] entity=cec74a39-afb1-47d6-bbf8-2cfdc1997e74 state=[presentation, {   "renderer": "humanoid",   "model": "survivor",   "scale": 1.0,   "variant": "default" }]
10:59:01 info: BridgeServer[0] Entity state forwarded: 7dtd -> minecraft (update, cec74a39-afb1-47d6-bbf8-2cfdc1997e74)
10:59:01 info: BridgeServer[0] Player position forwarded: minecraft -> 7dtd (-46.4980827909365, 71, 73.39785432349018)
10:59:01 info: BridgeServer[0] Entity registry: updated, id=c73c3c66-3e6f-4a7e-99a0-a81ebeb5a467, count=1
10:59:01 info: BridgeServer[0] [Presentation] entity=c73c3c66-3e6f-4a7e-99a0-a81ebeb5a467 state=[presentation, {   "renderer": "humanoid",   "model": "player",   "scale": 1.0,   "variant": "default" }]
10:59:01 info: BridgeServer[0] Entity state forwarded: minecraft -> 7dtd (update, c73c3c66-3e6f-4a7e-99a0-a81ebeb5a467)
10:59:02 info: BridgeServer[0] Entity registry: updated, id=cec74a39-afb1-47d6-bbf8-2cfdc1997e74, count=1
10:59:02 info: BridgeServer[0] [Presentation] entity=cec74a39-afb1-47d6-bbf8-2cfdc1997e74 state=[presentation, {   "renderer": "humanoid",   "model": "survivor",   "scale": 1.0,   "variant": "default" }]
10:59:02 info: BridgeServer[0] Entity state forwarded: 7dtd -> minecraft (update, cec74a39-afb1-47d6-bbf8-2cfdc1997e74)
10:59:02 info: BridgeServer[0] Player position forwarded: minecraft -> 7dtd (-46.4980827909365, 71, 73.39785432349018)
10:59:02 info: BridgeServer[0] Entity registry: updated, id=c73c3c66-3e6f-4a7e-99a0-a81ebeb5a467, count=1
10:59:02 info: BridgeServer[0] [Presentation] entity=c73c3c66-3e6f-4a7e-99a0-a81ebeb5a467 state=[presentation, {   "renderer": "humanoid",   "model": "player",   "scale": 1.0,   "variant": "default" }]
10:59:02 info: BridgeServer[0] Entity state forwarded: minecraft -> 7dtd (update, c73c3c66-3e6f-4a7e-99a0-a81ebeb5a467)
10:59:02 info: BridgeServer[0] Entity registry: updated, id=cec74a39-afb1-47d6-bbf8-2cfdc1997e74, count=1
10:59:02 info: BridgeServer[0] [Presentation] entity=cec74a39-afb1-47d6-bbf8-2cfdc1997e74 state=[presentation, {   "renderer": "humanoid",   "model": "survivor",   "scale": 1.0,   "variant": "default" }]
10:59:02 info: BridgeServer[0] Entity state forwarded: 7dtd -> minecraft (update, cec74a39-afb1-47d6-bbf8-2cfdc1997e74)
10:59:02 info: BridgeServer[0] Player position forwarded: minecraft -> 7dtd (-46.4980827909365, 71, 73.39785432349018)
10:59:02 info: BridgeServer[0] Entity registry: updated, id=c73c3c66-3e6f-4a7e-99a0-a81ebeb5a467, count=1
10:59:02 info: BridgeServer[0] [Presentation] entity=c73c3c66-3e6f-4a7e-99a0-a81ebeb5a467 state=[presentation, {   "renderer": "humanoid",   "model": "player",   "scale": 1.0,   "variant": "default" }]
10:59:02 info: BridgeServer[0] Entity state forwarded: minecraft -> 7dtd (update, c73c3c66-3e6f-4a7e-99a0-a81ebeb5a467)
10:59:03 info: BridgeServer[0] Entity registry: updated, id=cec74a39-afb1-47d6-bbf8-2cfdc1997e74, count=1
10:59:03 info: BridgeServer[0] [Presentation] entity=cec74a39-afb1-47d6-bbf8-2cfdc1997e74 state=[presentation, {   "renderer": "humanoid",   "model": "survivor",   "scale": 1.0,   "variant": "default" }]
10:59:03 info: BridgeServer[0] Entity state forwarded: 7dtd -> minecraft (update, cec74a39-afb1-47d6-bbf8-2cfdc1997e74)
10:59:03 info: BridgeServer[0] Player position forwarded: minecraft -> 7dtd (-46.4980827909365, 71, 73.39785432349018)
10:59:03 info: BridgeServer[0] Entity registry: updated, id=c73c3c66-3e6f-4a7e-99a0-a81ebeb5a467, count=1
10:59:03 info: BridgeServer[0] [Presentation] entity=c73c3c66-3e6f-4a7e-99a0-a81ebeb5a467 state=[presentation, {   "renderer": "humanoid",   "model": "player",   "scale": 1.0,   "variant": "default" }]
10:59:03 info: BridgeServer[0] Entity state forwarded: minecraft -> 7dtd (update, c73c3c66-3e6f-4a7e-99a0-a81ebeb5a467)
10:59:03 info: BridgeServer[0] Entity registry: updated, id=cec74a39-afb1-47d6-bbf8-2cfdc1997e74, count=1
10:59:03 info: BridgeServer[0] [Presentation] entity=cec74a39-afb1-47d6-bbf8-2cfdc1997e74 state=[presentation, {   "renderer": "humanoid",   "model": "survivor",   "scale": 1.0,   "variant": "default" }]
10:59:03 info: BridgeServer[0] Entity state forwarded: 7dtd -> minecraft (update, cec74a39-afb1-47d6-bbf8-2cfdc1997e74)
10:59:03 info: BridgeServer[0] Player position forwarded: minecraft -> 7dtd (-46.4980827909365, 71, 73.39785432349018)
10:59:03 info: BridgeServer[0] Entity registry: updated, id=c73c3c66-3e6f-4a7e-99a0-a81ebeb5a467, count=1
10:59:03 info: BridgeServer[0] [Presentation] entity=c73c3c66-3e6f-4a7e-99a0-a81ebeb5a467 state=[presentation, {   "renderer": "humanoid",   "model": "player",   "scale": 1.0,   "variant": "default" }]
10:59:03 info: BridgeServer[0] Entity state forwarded: minecraft -> 7dtd (update, c73c3c66-3e6f-4a7e-99a0-a81ebeb5a467)
10:59:04 info: BridgeServer[0] Entity registry: updated, id=cec74a39-afb1-47d6-bbf8-2cfdc1997e74, count=1
10:59:04 info: BridgeServer[0] [Presentation] entity=cec74a39-afb1-47d6-bbf8-2cfdc1997e74 state=[presentation, {   "renderer": "humanoid",   "model": "survivor",   "scale": 1.0,   "variant": "default" }]
10:59:04 info: BridgeServer[0] Entity state forwarded: 7dtd -> minecraft (update, cec74a39-afb1-47d6-bbf8-2cfdc1997e74)
10:59:04 info: BridgeServer[0] Player position forwarded: minecraft -> 7dtd (-46.4980827909365, 71, 73.39785432349018)
10:59:04 info: BridgeServer[0] Entity registry: updated, id=c73c3c66-3e6f-4a7e-99a0-a81ebeb5a467, count=1
10:59:04 info: BridgeServer[0] [Presentation] entity=c73c3c66-3e6f-4a7e-99a0-a81ebeb5a467 state=[presentation, {   "renderer": "humanoid",   "model": "player",   "scale": 1.0,   "variant": "default" }]
10:59:04 info: BridgeServer[0] Entity state forwarded: minecraft -> 7dtd (update, c73c3c66-3e6f-4a7e-99a0-a81ebeb5a467)
10:59:04 info: BridgeServer[0] Entity registry: updated, id=cec74a39-afb1-47d6-bbf8-2cfdc1997e74, count=1
10:59:04 info: BridgeServer[0] [Presentation] entity=cec74a39-afb1-47d6-bbf8-2cfdc1997e74 state=[presentation, {   "renderer": "humanoid",   "model": "survivor",   "scale": 1.0,   "variant": "default" }]
10:59:04 info: BridgeServer[0] Entity state forwarded: 7dtd -> minecraft (update, cec74a39-afb1-47d6-bbf8-2cfdc1997e74)
10:59:05 info: BridgeServer[0] Player position forwarded: minecraft -> 7dtd (-46.4980827909365, 71, 73.39785432349018)
10:59:05 info: BridgeServer[0] Entity registry: updated, id=c73c3c66-3e6f-4a7e-99a0-a81ebeb5a467, count=1
10:59:05 info: BridgeServer[0] [Presentation] entity=c73c3c66-3e6f-4a7e-99a0-a81ebeb5a467 state=[presentation, {   "renderer": "humanoid",   "model": "player",   "scale": 1.0,   "variant": "default" }]
10:59:05 info: BridgeServer[0] Entity state forwarded: minecraft -> 7dtd (update, c73c3c66-3e6f-4a7e-99a0-a81ebeb5a467)
10:59:05 info: BridgeServer[0] Entity registry: updated, id=cec74a39-afb1-47d6-bbf8-2cfdc1997e74, count=1
10:59:05 info: BridgeServer[0] [Presentation] entity=cec74a39-afb1-47d6-bbf8-2cfdc1997e74 state=[presentation, {   "renderer": "humanoid",   "model": "survivor",   "scale": 1.0,   "variant": "default" }]
10:59:05 info: BridgeServer[0] Entity state forwarded: 7dtd -> minecraft (update, cec74a39-afb1-47d6-bbf8-2cfdc1997e74)
10:59:05 info: BridgeServer[0] Player position forwarded: minecraft -> 7dtd (-46.4980827909365, 71, 73.39785432349018)
10:59:05 info: BridgeServer[0] Entity registry: updated, id=c73c3c66-3e6f-4a7e-99a0-a81ebeb5a467, count=1
10:59:05 info: BridgeServer[0] [Presentation] entity=c73c3c66-3e6f-4a7e-99a0-a81ebeb5a467 state=[presentation, {   "renderer": "humanoid",   "model": "player",   "scale": 1.0,   "variant": "default" }]
10:59:05 info: BridgeServer[0] Entity state forwarded: minecraft -> 7dtd (update, c73c3c66-3e6f-4a7e-99a0-a81ebeb5a467)
10:59:05 info: BridgeServer[0] Entity registry: updated, id=cec74a39-afb1-47d6-bbf8-2cfdc1997e74, count=1
10:59:05 info: BridgeServer[0] [Presentation] entity=cec74a39-afb1-47d6-bbf8-2cfdc1997e74 state=[presentation, {   "renderer": "humanoid",   "model": "survivor",   "scale": 1.0,   "variant": "default" }]
10:59:05 info: BridgeServer[0] Entity state forwarded: 7dtd -> minecraft (update, cec74a39-afb1-47d6-bbf8-2cfdc1997e74)
10:59:06 info: BridgeServer[0] Player position forwarded: minecraft -> 7dtd (-46.4980827909365, 71, 73.39785432349018)
10:59:06 info: BridgeServer[0] Entity registry: updated, id=c73c3c66-3e6f-4a7e-99a0-a81ebeb5a467, count=1
10:59:06 info: BridgeServer[0] [Presentation] entity=c73c3c66-3e6f-4a7e-99a0-a81ebeb5a467 state=[presentation, {   "renderer": "humanoid",   "model": "player",   "scale": 1.0,   "variant": "default" }]
10:59:06 info: BridgeServer[0] Entity state forwarded: minecraft -> 7dtd (update, c73c3c66-3e6f-4a7e-99a0-a81ebeb5a467)
10:59:06 info: BridgeServer[0] Entity registry: updated, id=cec74a39-afb1-47d6-bbf8-2cfdc1997e74, count=1
10:59:06 info: BridgeServer[0] [Presentation] entity=cec74a39-afb1-47d6-bbf8-2cfdc1997e74 state=[presentation, {   "renderer": "humanoid",   "model": "survivor",   "scale": 1.0,   "variant": "default" }]
10:59:06 info: BridgeServer[0] Entity state forwarded: 7dtd -> minecraft (update, cec74a39-afb1-47d6-bbf8-2cfdc1997e74)
10:59:06 info: BridgeServer[0] Player position forwarded: minecraft -> 7dtd (-46.4980827909365, 71, 73.39785432349018)
10:59:06 info: BridgeServer[0] Entity registry: updated, id=c73c3c66-3e6f-4a7e-99a0-a81ebeb5a467, count=1
10:59:06 info: BridgeServer[0] [Presentation] entity=c73c3c66-3e6f-4a7e-99a0-a81ebeb5a467 state=[presentation, {   "renderer": "humanoid",   "model": "player",   "scale": 1.0,   "variant": "default" }]
10:59:06 info: BridgeServer[0] Entity state forwarded: minecraft -> 7dtd (update, c73c3c66-3e6f-4a7e-99a0-a81ebeb5a467)
10:59:06 info: BridgeServer[0] Entity registry: updated, id=cec74a39-afb1-47d6-bbf8-2cfdc1997e74, count=1
10:59:06 info: BridgeServer[0] [Presentation] entity=cec74a39-afb1-47d6-bbf8-2cfdc1997e74 state=[presentation, {   "renderer": "humanoid",   "model": "survivor",   "scale": 1.0,   "variant": "default" }]
10:59:06 info: BridgeServer[0] Entity state forwarded: 7dtd -> minecraft (update, cec74a39-afb1-47d6-bbf8-2cfdc1997e74)
10:59:07 info: BridgeServer[0] Player position forwarded: minecraft -> 7dtd (-46.4980827909365, 71, 73.39785432349018)
10:59:07 info: BridgeServer[0] Entity registry: updated, id=c73c3c66-3e6f-4a7e-99a0-a81ebeb5a467, count=1
10:59:07 info: BridgeServer[0] [Presentation] entity=c73c3c66-3e6f-4a7e-99a0-a81ebeb5a467 state=[presentation, {   "renderer": "humanoid",   "model": "player",   "scale": 1.0,   "variant": "default" }]
10:59:07 info: BridgeServer[0] Entity state forwarded: minecraft -> 7dtd (update, c73c3c66-3e6f-4a7e-99a0-a81ebeb5a467)
10:59:07 info: BridgeServer[0] Entity registry: updated, id=cec74a39-afb1-47d6-bbf8-2cfdc1997e74, count=1
10:59:07 info: BridgeServer[0] [Presentation] entity=cec74a39-afb1-47d6-bbf8-2cfdc1997e74 state=[presentation, {   "renderer": "humanoid",   "model": "survivor",   "scale": 1.0,   "variant": "default" }]
10:59:07 info: BridgeServer[0] Entity state forwarded: 7dtd -> minecraft (update, cec74a39-afb1-47d6-bbf8-2cfdc1997e74)
10:59:07 info: BridgeServer[0] Entity registry: updated, id=cec74a39-afb1-47d6-bbf8-2cfdc1997e74, count=1
10:59:07 info: BridgeServer[0] [Presentation] entity=cec74a39-afb1-47d6-bbf8-2cfdc1997e74 state=[presentation, {   "renderer": "humanoid",   "model": "survivor",   "scale": 1.0,   "variant": "default" }]
10:59:07 info: BridgeServer[0] Entity state forwarded: 7dtd -> minecraft (update, cec74a39-afb1-47d6-bbf8-2cfdc1997e74)
10:59:07 info: BridgeServer[0] Player position forwarded: minecraft -> 7dtd (-46.4980827909365, 71, 73.39785432349018)
10:59:07 info: BridgeServer[0] Entity registry: updated, id=c73c3c66-3e6f-4a7e-99a0-a81ebeb5a467, count=1
10:59:07 info: BridgeServer[0] [Presentation] entity=c73c3c66-3e6f-4a7e-99a0-a81ebeb5a467 state=[presentation, {   "renderer": "humanoid",   "model": "player",   "scale": 1.0,   "variant": "default" }]
10:59:07 info: BridgeServer[0] Entity state forwarded: minecraft -> 7dtd (update, c73c3c66-3e6f-4a7e-99a0-a81ebeb5a467)
10:59:08 info: BridgeServer[0] Entity registry: updated, id=cec74a39-afb1-47d6-bbf8-2cfdc1997e74, count=1
10:59:08 info: BridgeServer[0] [Presentation] entity=cec74a39-afb1-47d6-bbf8-2cfdc1997e74 state=[presentation, {   "renderer": "humanoid",   "model": "survivor",   "scale": 1.0,   "variant": "default" }]
10:59:08 info: BridgeServer[0] Entity state forwarded: 7dtd -> minecraft (update, cec74a39-afb1-47d6-bbf8-2cfdc1997e74)
10:59:08 info: BridgeServer[0] Player position forwarded: minecraft -> 7dtd (-46.4980827909365, 71, 73.39785432349018)
10:59:08 info: BridgeServer[0] Entity registry: updated, id=c73c3c66-3e6f-4a7e-99a0-a81ebeb5a467, count=1
10:59:08 info: BridgeServer[0] [Presentation] entity=c73c3c66-3e6f-4a7e-99a0-a81ebeb5a467 state=[presentation, {   "renderer": "humanoid",   "model": "player",   "scale": 1.0,   "variant": "default" }]
10:59:08 info: BridgeServer[0] Entity state forwarded: minecraft -> 7dtd (update, c73c3c66-3e6f-4a7e-99a0-a81ebeb5a467)
10:59:08 info: BridgeServer[0] Entity registry: updated, id=cec74a39-afb1-47d6-bbf8-2cfdc1997e74, count=1
10:59:08 info: BridgeServer[0] [Presentation] entity=cec74a39-afb1-47d6-bbf8-2cfdc1997e74 state=[presentation, {   "renderer": "humanoid",   "model": "survivor",   "scale": 1.0,   "variant": "default" }]
10:59:08 info: BridgeServer[0] Entity state forwarded: 7dtd -> minecraft (update, cec74a39-afb1-47d6-bbf8-2cfdc1997e74)
10:59:08 info: BridgeServer[0] Player position forwarded: minecraft -> 7dtd (-46.4980827909365, 71, 73.39785432349018)
10:59:08 info: BridgeServer[0] Entity registry: updated, id=c73c3c66-3e6f-4a7e-99a0-a81ebeb5a467, count=1
10:59:08 info: BridgeServer[0] [Presentation] entity=c73c3c66-3e6f-4a7e-99a0-a81ebeb5a467 state=[presentation, {   "renderer": "humanoid",   "model": "player",   "scale": 1.0,   "variant": "default" }]
10:59:08 info: BridgeServer[0] Entity state forwarded: minecraft -> 7dtd (update, c73c3c66-3e6f-4a7e-99a0-a81ebeb5a467)
10:59:09 info: BridgeServer[0] Entity registry: updated, id=cec74a39-afb1-47d6-bbf8-2cfdc1997e74, count=1
10:59:09 info: BridgeServer[0] [Presentation] entity=cec74a39-afb1-47d6-bbf8-2cfdc1997e74 state=[presentation, {   "renderer": "humanoid",   "model": "survivor",   "scale": 1.0,   "variant": "default" }]
10:59:09 info: BridgeServer[0] Entity state forwarded: 7dtd -> minecraft (update, cec74a39-afb1-47d6-bbf8-2cfdc1997e74)
10:59:09 info: BridgeServer[0] Player position forwarded: minecraft -> 7dtd (-46.4980827909365, 71, 73.39785432349018)
10:59:09 info: BridgeServer[0] Entity registry: updated, id=c73c3c66-3e6f-4a7e-99a0-a81ebeb5a467, count=1
10:59:09 info: BridgeServer[0] [Presentation] entity=c73c3c66-3e6f-4a7e-99a0-a81ebeb5a467 state=[presentation, {   "renderer": "humanoid",   "model": "player",   "scale": 1.0,   "variant": "default" }]
10:59:09 info: BridgeServer[0] Entity state forwarded: minecraft -> 7dtd (update, c73c3c66-3e6f-4a7e-99a0-a81ebeb5a467)
10:59:09 info: BridgeServer[0] Entity registry: updated, id=cec74a39-afb1-47d6-bbf8-2cfdc1997e74, count=1
10:59:09 info: BridgeServer[0] [Presentation] entity=cec74a39-afb1-47d6-bbf8-2cfdc1997e74 state=[presentation, {   "renderer": "humanoid",   "model": "survivor",   "scale": 1.0,   "variant": "default" }]
10:59:09 info: BridgeServer[0] Entity state forwarded: 7dtd -> minecraft (update, cec74a39-afb1-47d6-bbf8-2cfdc1997e74)
10:59:09 info: BridgeServer[0] Player position forwarded: minecraft -> 7dtd (-46.4980827909365, 71, 73.39785432349018)
10:59:09 info: BridgeServer[0] Entity registry: updated, id=c73c3c66-3e6f-4a7e-99a0-a81ebeb5a467, count=1
10:59:09 info: BridgeServer[0] [Presentation] entity=c73c3c66-3e6f-4a7e-99a0-a81ebeb5a467 state=[presentation, {   "renderer": "humanoid",   "model": "player",   "scale": 1.0,   "variant": "default" }]
10:59:09 info: BridgeServer[0] Entity state forwarded: minecraft -> 7dtd (update, c73c3c66-3e6f-4a7e-99a0-a81ebeb5a467)
10:59:10 info: BridgeServer[0] Entity registry: updated, id=cec74a39-afb1-47d6-bbf8-2cfdc1997e74, count=1
10:59:10 info: BridgeServer[0] [Presentation] entity=cec74a39-afb1-47d6-bbf8-2cfdc1997e74 state=[presentation, {   "renderer": "humanoid",   "model": "survivor",   "scale": 1.0,   "variant": "default" }]
10:59:10 info: BridgeServer[0] Entity state forwarded: 7dtd -> minecraft (update, cec74a39-afb1-47d6-bbf8-2cfdc1997e74)
10:59:10 info: BridgeServer[0] Player position forwarded: minecraft -> 7dtd (-46.4980827909365, 71, 73.39785432349018)
10:59:10 info: BridgeServer[0] Entity registry: updated, id=c73c3c66-3e6f-4a7e-99a0-a81ebeb5a467, count=1
10:59:10 info: BridgeServer[0] [Presentation] entity=c73c3c66-3e6f-4a7e-99a0-a81ebeb5a467 state=[presentation, {   "renderer": "humanoid",   "model": "player",   "scale": 1.0,   "variant": "default" }]
10:59:10 info: BridgeServer[0] Entity state forwarded: minecraft -> 7dtd (update, c73c3c66-3e6f-4a7e-99a0-a81ebeb5a467)
10:59:10 info: BridgeServer[0] Entity registry: updated, id=cec74a39-afb1-47d6-bbf8-2cfdc1997e74, count=1
10:59:10 info: BridgeServer[0] [Presentation] entity=cec74a39-afb1-47d6-bbf8-2cfdc1997e74 state=[presentation, {   "renderer": "humanoid",   "model": "survivor",   "scale": 1.0,   "variant": "default" }]
10:59:10 info: BridgeServer[0] Entity state forwarded: 7dtd -> minecraft (update, cec74a39-afb1-47d6-bbf8-2cfdc1997e74)
10:59:10 info: BridgeServer[0] Player position forwarded: minecraft -> 7dtd (-46.4980827909365, 71, 73.39785432349018)
10:59:10 info: BridgeServer[0] Entity registry: updated, id=c73c3c66-3e6f-4a7e-99a0-a81ebeb5a467, count=1
10:59:10 info: BridgeServer[0] [Presentation] entity=c73c3c66-3e6f-4a7e-99a0-a81ebeb5a467 state=[presentation, {   "renderer": "humanoid",   "model": "player",   "scale": 1.0,   "variant": "default" }]
10:59:10 info: BridgeServer[0] Entity state forwarded: minecraft -> 7dtd (update, c73c3c66-3e6f-4a7e-99a0-a81ebeb5a467)
10:59:11 info: BridgeServer[0] Entity registry: updated, id=cec74a39-afb1-47d6-bbf8-2cfdc1997e74, count=1
10:59:11 info: BridgeServer[0] [Presentation] entity=cec74a39-afb1-47d6-bbf8-2cfdc1997e74 state=[presentation, {   "renderer": "humanoid",   "model": "survivor",   "scale": 1.0,   "variant": "default" }]
10:59:11 info: BridgeServer[0] Entity state forwarded: 7dtd -> minecraft (update, cec74a39-afb1-47d6-bbf8-2cfdc1997e74)
10:59:11 info: BridgeServer[0] Player position forwarded: minecraft -> 7dtd (-46.4980827909365, 71, 73.39785432349018)
10:59:11 info: BridgeServer[0] Entity registry: updated, id=c73c3c66-3e6f-4a7e-99a0-a81ebeb5a467, count=1
10:59:11 info: BridgeServer[0] [Presentation] entity=c73c3c66-3e6f-4a7e-99a0-a81ebeb5a467 state=[presentation, {   "renderer": "humanoid",   "model": "player",   "scale": 1.0,   "variant": "default" }]
10:59:11 info: BridgeServer[0] Entity state forwarded: minecraft -> 7dtd (update, c73c3c66-3e6f-4a7e-99a0-a81ebeb5a467)
10:59:11 info: BridgeServer[0] Entity registry: updated, id=cec74a39-afb1-47d6-bbf8-2cfdc1997e74, count=1
10:59:11 info: BridgeServer[0] [Presentation] entity=cec74a39-afb1-47d6-bbf8-2cfdc1997e74 state=[presentation, {   "renderer": "humanoid",   "model": "survivor",   "scale": 1.0,   "variant": "default" }]
10:59:11 info: BridgeServer[0] Entity state forwarded: 7dtd -> minecraft (update, cec74a39-afb1-47d6-bbf8-2cfdc1997e74)
10:59:11 info: BridgeServer[0] Player position forwarded: minecraft -> 7dtd (-46.4980827909365, 71, 73.39785432349018)
10:59:11 info: BridgeServer[0] Entity registry: updated, id=c73c3c66-3e6f-4a7e-99a0-a81ebeb5a467, count=1
10:59:11 info: BridgeServer[0] [Presentation] entity=c73c3c66-3e6f-4a7e-99a0-a81ebeb5a467 state=[presentation, {   "renderer": "humanoid",   "model": "player",   "scale": 1.0,   "variant": "default" }]
10:59:11 info: BridgeServer[0] Entity state forwarded: minecraft -> 7dtd (update, c73c3c66-3e6f-4a7e-99a0-a81ebeb5a467)
10:59:12 info: BridgeServer[0] Entity registry: updated, id=cec74a39-afb1-47d6-bbf8-2cfdc1997e74, count=1
10:59:12 info: BridgeServer[0] [Presentation] entity=cec74a39-afb1-47d6-bbf8-2cfdc1997e74 state=[presentation, {   "renderer": "humanoid",   "model": "survivor",   "scale": 1.0,   "variant": "default" }]
10:59:12 info: BridgeServer[0] Entity state forwarded: 7dtd -> minecraft (update, cec74a39-afb1-47d6-bbf8-2cfdc1997e74)
10:59:12 info: BridgeServer[0] Player position forwarded: minecraft -> 7dtd (-46.4980827909365, 71, 73.39785432349018)
10:59:12 info: BridgeServer[0] Entity registry: updated, id=c73c3c66-3e6f-4a7e-99a0-a81ebeb5a467, count=1
10:59:12 info: BridgeServer[0] [Presentation] entity=c73c3c66-3e6f-4a7e-99a0-a81ebeb5a467 state=[presentation, {   "renderer": "humanoid",   "model": "player",   "scale": 1.0,   "variant": "default" }]
10:59:12 info: BridgeServer[0] Entity state forwarded: minecraft -> 7dtd (update, c73c3c66-3e6f-4a7e-99a0-a81ebeb5a467)
10:59:12 info: BridgeServer[0] Entity registry: updated, id=cec74a39-afb1-47d6-bbf8-2cfdc1997e74, count=1
10:59:12 info: BridgeServer[0] [Presentation] entity=cec74a39-afb1-47d6-bbf8-2cfdc1997e74 state=[presentation, {   "renderer": "humanoid",   "model": "survivor",   "scale": 1.0,   "variant": "default" }]
10:59:12 info: BridgeServer[0] Entity state forwarded: 7dtd -> minecraft (update, cec74a39-afb1-47d6-bbf8-2cfdc1997e74)
10:59:13 info: BridgeServer[0] Player position forwarded: minecraft -> 7dtd (-46.4980827909365, 71, 73.39785432349018)
10:59:13 info: BridgeServer[0] Entity registry: updated, id=c73c3c66-3e6f-4a7e-99a0-a81ebeb5a467, count=1
10:59:13 info: BridgeServer[0] [Presentation] entity=c73c3c66-3e6f-4a7e-99a0-a81ebeb5a467 state=[presentation, {   "renderer": "humanoid",   "model": "player",   "scale": 1.0,   "variant": "default" }]
10:59:13 info: BridgeServer[0] Entity state forwarded: minecraft -> 7dtd (update, c73c3c66-3e6f-4a7e-99a0-a81ebeb5a467)
10:59:13 info: BridgeServer[0] Entity registry: updated, id=cec74a39-afb1-47d6-bbf8-2cfdc1997e74, count=1
10:59:13 info: BridgeServer[0] [Presentation] entity=cec74a39-afb1-47d6-bbf8-2cfdc1997e74 state=[presentation, {   "renderer": "humanoid",   "model": "survivor",   "scale": 1.0,   "variant": "default" }]
10:59:13 info: BridgeServer[0] Entity state forwarded: 7dtd -> minecraft (update, cec74a39-afb1-47d6-bbf8-2cfdc1997e74)
10:59:13 info: BridgeServer[0] Player position forwarded: minecraft -> 7dtd (-46.4980827909365, 71, 73.39785432349018)
10:59:13 info: BridgeServer[0] Entity registry: updated, id=c73c3c66-3e6f-4a7e-99a0-a81ebeb5a467, count=1
10:59:13 info: BridgeServer[0] [Presentation] entity=c73c3c66-3e6f-4a7e-99a0-a81ebeb5a467 state=[presentation, {   "renderer": "humanoid",   "model": "player",   "scale": 1.0,   "variant": "default" }]
10:59:13 info: BridgeServer[0] Entity state forwarded: minecraft -> 7dtd (update, c73c3c66-3e6f-4a7e-99a0-a81ebeb5a467)
10:59:13 info: BridgeServer[0] Entity registry: updated, id=cec74a39-afb1-47d6-bbf8-2cfdc1997e74, count=1
10:59:13 info: BridgeServer[0] [Presentation] entity=cec74a39-afb1-47d6-bbf8-2cfdc1997e74 state=[presentation, {   "renderer": "humanoid",   "model": "survivor",   "scale": 1.0,   "variant": "default" }]
10:59:13 info: BridgeServer[0] Entity state forwarded: 7dtd -> minecraft (update, cec74a39-afb1-47d6-bbf8-2cfdc1997e74)
10:59:14 info: BridgeServer[0] Player position forwarded: minecraft -> 7dtd (-46.4980827909365, 71, 73.39785432349018)
10:59:14 info: BridgeServer[0] Entity registry: updated, id=c73c3c66-3e6f-4a7e-99a0-a81ebeb5a467, count=1
10:59:14 info: BridgeServer[0] [Presentation] entity=c73c3c66-3e6f-4a7e-99a0-a81ebeb5a467 state=[presentation, {   "renderer": "humanoid",   "model": "player",   "scale": 1.0,   "variant": "default" }]
10:59:14 info: BridgeServer[0] Entity state forwarded: minecraft -> 7dtd (update, c73c3c66-3e6f-4a7e-99a0-a81ebeb5a467)
10:59:14 info: BridgeServer[0] Entity registry: updated, id=cec74a39-afb1-47d6-bbf8-2cfdc1997e74, count=1
10:59:14 info: BridgeServer[0] [Presentation] entity=cec74a39-afb1-47d6-bbf8-2cfdc1997e74 state=[presentation, {   "renderer": "humanoid",   "model": "survivor",   "scale": 1.0,   "variant": "default" }]
10:59:14 info: BridgeServer[0] Entity state forwarded: 7dtd -> minecraft (update, cec74a39-afb1-47d6-bbf8-2cfdc1997e74)
10:59:14 info: BridgeServer[0] Player position forwarded: minecraft -> 7dtd (-46.4980827909365, 71, 73.39785432349018)
10:59:14 info: BridgeServer[0] Entity registry: updated, id=c73c3c66-3e6f-4a7e-99a0-a81ebeb5a467, count=1
10:59:14 info: BridgeServer[0] [Presentation] entity=c73c3c66-3e6f-4a7e-99a0-a81ebeb5a467 state=[presentation, {   "renderer": "humanoid",   "model": "player",   "scale": 1.0,   "variant": "default" }]
10:59:14 info: BridgeServer[0] Entity state forwarded: minecraft -> 7dtd (update, c73c3c66-3e6f-4a7e-99a0-a81ebeb5a467)
10:59:14 info: BridgeServer[0] Entity registry: updated, id=cec74a39-afb1-47d6-bbf8-2cfdc1997e74, count=1
10:59:14 info: BridgeServer[0] [Presentation] entity=cec74a39-afb1-47d6-bbf8-2cfdc1997e74 state=[presentation, {   "renderer": "humanoid",   "model": "survivor",   "scale": 1.0,   "variant": "default" }]
10:59:14 info: BridgeServer[0] Entity state forwarded: 7dtd -> minecraft (update, cec74a39-afb1-47d6-bbf8-2cfdc1997e74)
10:59:15 info: BridgeServer[0] Entity registry: updated, id=cec74a39-afb1-47d6-bbf8-2cfdc1997e74, count=1
10:59:15 info: BridgeServer[0] [Presentation] entity=cec74a39-afb1-47d6-bbf8-2cfdc1997e74 state=[presentation, {   "renderer": "humanoid",   "model": "survivor",   "scale": 1.0,   "variant": "default" }]
10:59:15 info: BridgeServer[0] Entity state forwarded: 7dtd -> minecraft (update, cec74a39-afb1-47d6-bbf8-2cfdc1997e74)
10:59:15 info: BridgeServer[0] Player position forwarded: minecraft -> 7dtd (-46.4980827909365, 71, 73.39785432349018)
10:59:15 info: BridgeServer[0] Entity registry: updated, id=c73c3c66-3e6f-4a7e-99a0-a81ebeb5a467, count=1
10:59:15 info: BridgeServer[0] [Presentation] entity=c73c3c66-3e6f-4a7e-99a0-a81ebeb5a467 state=[presentation, {   "renderer": "humanoid",   "model": "player",   "scale": 1.0,   "variant": "default" }]
10:59:15 info: BridgeServer[0] Entity state forwarded: minecraft -> 7dtd (update, c73c3c66-3e6f-4a7e-99a0-a81ebeb5a467)
10:59:15 info: BridgeServer[0] Entity registry: updated, id=cec74a39-afb1-47d6-bbf8-2cfdc1997e74, count=1
10:59:15 info: BridgeServer[0] [Presentation] entity=cec74a39-afb1-47d6-bbf8-2cfdc1997e74 state=[presentation, {   "renderer": "humanoid",   "model": "survivor",   "scale": 1.0,   "variant": "default" }]
10:59:15 info: BridgeServer[0] Entity state forwarded: 7dtd -> minecraft (update, cec74a39-afb1-47d6-bbf8-2cfdc1997e74)
10:59:15 info: BridgeServer[0] Player position forwarded: minecraft -> 7dtd (-46.4980827909365, 71, 73.39785432349018)
10:59:15 info: BridgeServer[0] Entity registry: updated, id=c73c3c66-3e6f-4a7e-99a0-a81ebeb5a467, count=1
10:59:15 info: BridgeServer[0] [Presentation] entity=c73c3c66-3e6f-4a7e-99a0-a81ebeb5a467 state=[presentation, {   "renderer": "humanoid",   "model": "player",   "scale": 1.0,   "variant": "default" }]
10:59:15 info: BridgeServer[0] Entity state forwarded: minecraft -> 7dtd (update, c73c3c66-3e6f-4a7e-99a0-a81ebeb5a467)
10:59:16 info: BridgeServer[0] Entity registry: updated, id=cec74a39-afb1-47d6-bbf8-2cfdc1997e74, count=1
10:59:16 info: BridgeServer[0] [Presentation] entity=cec74a39-afb1-47d6-bbf8-2cfdc1997e74 state=[presentation, {   "renderer": "humanoid",   "model": "survivor",   "scale": 1.0,   "variant": "default" }]
10:59:16 info: BridgeServer[0] Entity state forwarded: 7dtd -> minecraft (update, cec74a39-afb1-47d6-bbf8-2cfdc1997e74)
10:59:16 info: BridgeServer[0] Player position forwarded: minecraft -> 7dtd (-46.4980827909365, 71, 73.39785432349018)
10:59:16 info: BridgeServer[0] Entity registry: updated, id=c73c3c66-3e6f-4a7e-99a0-a81ebeb5a467, count=1
10:59:16 info: BridgeServer[0] [Presentation] entity=c73c3c66-3e6f-4a7e-99a0-a81ebeb5a467 state=[presentation, {   "renderer": "humanoid",   "model": "player",   "scale": 1.0,   "variant": "default" }]
10:59:16 info: BridgeServer[0] Entity state forwarded: minecraft -> 7dtd (update, c73c3c66-3e6f-4a7e-99a0-a81ebeb5a467)
10:59:16 info: BridgeServer[0] Entity registry: updated, id=cec74a39-afb1-47d6-bbf8-2cfdc1997e74, count=1
10:59:16 info: BridgeServer[0] [Presentation] entity=cec74a39-afb1-47d6-bbf8-2cfdc1997e74 state=[presentation, {   "renderer": "humanoid",   "model": "survivor",   "scale": 1.0,   "variant": "default" }]
10:59:16 info: BridgeServer[0] Entity state forwarded: 7dtd -> minecraft (update, cec74a39-afb1-47d6-bbf8-2cfdc1997e74)
10:59:16 info: BridgeServer[0] Player position forwarded: minecraft -> 7dtd (-46.4980827909365, 71, 73.39785432349018)
10:59:16 info: BridgeServer[0] Entity registry: updated, id=c73c3c66-3e6f-4a7e-99a0-a81ebeb5a467, count=1
10:59:16 info: BridgeServer[0] [Presentation] entity=c73c3c66-3e6f-4a7e-99a0-a81ebeb5a467 state=[presentation, {   "renderer": "humanoid",   "model": "player",   "scale": 1.0,   "variant": "default" }]
10:59:16 info: BridgeServer[0] Entity state forwarded: minecraft -> 7dtd (update, c73c3c66-3e6f-4a7e-99a0-a81ebeb5a467)
10:59:17 info: BridgeServer[0] Entity registry: updated, id=cec74a39-afb1-47d6-bbf8-2cfdc1997e74, count=1
10:59:17 info: BridgeServer[0] [Presentation] entity=cec74a39-afb1-47d6-bbf8-2cfdc1997e74 state=[presentation, {   "renderer": "humanoid",   "model": "survivor",   "scale": 1.0,   "variant": "default" }]
10:59:17 info: BridgeServer[0] Entity state forwarded: 7dtd -> minecraft (update, cec74a39-afb1-47d6-bbf8-2cfdc1997e74)
10:59:17 info: BridgeServer[0] Player position forwarded: minecraft -> 7dtd (-46.4980827909365, 71, 73.39785432349018)
10:59:17 info: BridgeServer[0] Entity registry: updated, id=c73c3c66-3e6f-4a7e-99a0-a81ebeb5a467, count=1
10:59:17 info: BridgeServer[0] [Presentation] entity=c73c3c66-3e6f-4a7e-99a0-a81ebeb5a467 state=[presentation, {   "renderer": "humanoid",   "model": "player",   "scale": 1.0,   "variant": "default" }]
10:59:17 info: BridgeServer[0] Entity state forwarded: minecraft -> 7dtd (update, c73c3c66-3e6f-4a7e-99a0-a81ebeb5a467)
10:59:17 info: BridgeServer[0] Entity registry: updated, id=cec74a39-afb1-47d6-bbf8-2cfdc1997e74, count=1
10:59:17 info: BridgeServer[0] [Presentation] entity=cec74a39-afb1-47d6-bbf8-2cfdc1997e74 state=[presentation, {   "renderer": "humanoid",   "model": "survivor",   "scale": 1.0,   "variant": "default" }]
10:59:17 info: BridgeServer[0] Entity state forwarded: 7dtd -> minecraft (update, cec74a39-afb1-47d6-bbf8-2cfdc1997e74)
10:59:17 info: BridgeServer[0] Player position forwarded: minecraft -> 7dtd (-46.4980827909365, 71, 73.39785432349018)
10:59:17 info: BridgeServer[0] Entity registry: updated, id=c73c3c66-3e6f-4a7e-99a0-a81ebeb5a467, count=1
10:59:17 info: BridgeServer[0] [Presentation] entity=c73c3c66-3e6f-4a7e-99a0-a81ebeb5a467 state=[presentation, {   "renderer": "humanoid",   "model": "player",   "scale": 1.0,   "variant": "default" }]
10:59:17 info: BridgeServer[0] Entity state forwarded: minecraft -> 7dtd (update, c73c3c66-3e6f-4a7e-99a0-a81ebeb5a467)
10:59:18 info: BridgeServer[0] Entity registry: updated, id=cec74a39-afb1-47d6-bbf8-2cfdc1997e74, count=1
10:59:18 info: BridgeServer[0] [Presentation] entity=cec74a39-afb1-47d6-bbf8-2cfdc1997e74 state=[presentation, {   "renderer": "humanoid",   "model": "survivor",   "scale": 1.0,   "variant": "default" }]
10:59:18 info: BridgeServer[0] Entity state forwarded: 7dtd -> minecraft (update, cec74a39-afb1-47d6-bbf8-2cfdc1997e74)
10:59:18 info: BridgeServer[0] Player position forwarded: minecraft -> 7dtd (-46.4980827909365, 71, 73.39785432349018)
10:59:18 info: BridgeServer[0] Entity registry: updated, id=c73c3c66-3e6f-4a7e-99a0-a81ebeb5a467, count=1
10:59:18 info: BridgeServer[0] [Presentation] entity=c73c3c66-3e6f-4a7e-99a0-a81ebeb5a467 state=[presentation, {   "renderer": "humanoid",   "model": "player",   "scale": 1.0,   "variant": "default" }]
10:59:18 info: BridgeServer[0] Entity state forwarded: minecraft -> 7dtd (update, c73c3c66-3e6f-4a7e-99a0-a81ebeb5a467)
10:59:18 info: BridgeServer[0] Entity registry: updated, id=cec74a39-afb1-47d6-bbf8-2cfdc1997e74, count=1
10:59:18 info: BridgeServer[0] [Presentation] entity=cec74a39-afb1-47d6-bbf8-2cfdc1997e74 state=[presentation, {   "renderer": "humanoid",   "model": "survivor",   "scale": 1.0,   "variant": "default" }]
10:59:18 info: BridgeServer[0] Entity state forwarded: 7dtd -> minecraft (update, cec74a39-afb1-47d6-bbf8-2cfdc1997e74)
10:59:18 info: BridgeServer[0] Player position forwarded: minecraft -> 7dtd (-46.4980827909365, 71, 73.39785432349018)
10:59:18 info: BridgeServer[0] Entity registry: updated, id=c73c3c66-3e6f-4a7e-99a0-a81ebeb5a467, count=1
10:59:18 info: BridgeServer[0] [Presentation] entity=c73c3c66-3e6f-4a7e-99a0-a81ebeb5a467 state=[presentation, {   "renderer": "humanoid",   "model": "player",   "scale": 1.0,   "variant": "default" }]
10:59:18 info: BridgeServer[0] Entity state forwarded: minecraft -> 7dtd (update, c73c3c66-3e6f-4a7e-99a0-a81ebeb5a467)
10:59:19 info: BridgeServer[0] Entity registry: updated, id=cec74a39-afb1-47d6-bbf8-2cfdc1997e74, count=1
10:59:19 info: BridgeServer[0] [Presentation] entity=cec74a39-afb1-47d6-bbf8-2cfdc1997e74 state=[presentation, {   "renderer": "humanoid",   "model": "survivor",   "scale": 1.0,   "variant": "default" }]
10:59:19 info: BridgeServer[0] Entity state forwarded: 7dtd -> minecraft (update, cec74a39-afb1-47d6-bbf8-2cfdc1997e74)
10:59:19 info: BridgeServer[0] Player position forwarded: minecraft -> 7dtd (-46.4980827909365, 71, 73.39785432349018)
10:59:19 info: BridgeServer[0] Entity registry: updated, id=c73c3c66-3e6f-4a7e-99a0-a81ebeb5a467, count=1
10:59:19 info: BridgeServer[0] [Presentation] entity=c73c3c66-3e6f-4a7e-99a0-a81ebeb5a467 state=[presentation, {   "renderer": "humanoid",   "model": "player",   "scale": 1.0,   "variant": "default" }]
10:59:19 info: BridgeServer[0] Entity state forwarded: minecraft -> 7dtd (update, c73c3c66-3e6f-4a7e-99a0-a81ebeb5a467)
10:59:19 info: BridgeServer[0] Entity registry: updated, id=cec74a39-afb1-47d6-bbf8-2cfdc1997e74, count=1
10:59:19 info: BridgeServer[0] [Presentation] entity=cec74a39-afb1-47d6-bbf8-2cfdc1997e74 state=[presentation, {   "renderer": "humanoid",   "model": "survivor",   "scale": 1.0,   "variant": "default" }]
10:59:19 info: BridgeServer[0] Entity state forwarded: 7dtd -> minecraft (update, cec74a39-afb1-47d6-bbf8-2cfdc1997e74)
10:59:19 info: BridgeServer[0] Player position forwarded: minecraft -> 7dtd (-46.4980827909365, 71, 73.39785432349018)
10:59:19 info: BridgeServer[0] Entity registry: updated, id=c73c3c66-3e6f-4a7e-99a0-a81ebeb5a467, count=1
10:59:19 info: BridgeServer[0] [Presentation] entity=c73c3c66-3e6f-4a7e-99a0-a81ebeb5a467 state=[presentation, {   "renderer": "humanoid",   "model": "player",   "scale": 1.0,   "variant": "default" }]
10:59:19 info: BridgeServer[0] Entity state forwarded: minecraft -> 7dtd (update, c73c3c66-3e6f-4a7e-99a0-a81ebeb5a467)
10:59:20 info: BridgeServer[0] Entity registry: updated, id=cec74a39-afb1-47d6-bbf8-2cfdc1997e74, count=1
10:59:20 info: BridgeServer[0] [Presentation] entity=cec74a39-afb1-47d6-bbf8-2cfdc1997e74 state=[presentation, {   "renderer": "humanoid",   "model": "survivor",   "scale": 1.0,   "variant": "default" }]
10:59:20 info: BridgeServer[0] Entity state forwarded: 7dtd -> minecraft (update, cec74a39-afb1-47d6-bbf8-2cfdc1997e74)
10:59:20 info: BridgeServer[0] Player position forwarded: minecraft -> 7dtd (-46.4980827909365, 71, 73.39785432349018)
10:59:20 info: BridgeServer[0] Entity registry: updated, id=c73c3c66-3e6f-4a7e-99a0-a81ebeb5a467, count=1
10:59:20 info: BridgeServer[0] [Presentation] entity=c73c3c66-3e6f-4a7e-99a0-a81ebeb5a467 state=[presentation, {   "renderer": "humanoid",   "model": "player",   "scale": 1.0,   "variant": "default" }]
10:59:20 info: BridgeServer[0] Entity state forwarded: minecraft -> 7dtd (update, c73c3c66-3e6f-4a7e-99a0-a81ebeb5a467)
10:59:20 info: BridgeServer[0] Entity registry: updated, id=cec74a39-afb1-47d6-bbf8-2cfdc1997e74, count=1
10:59:20 info: BridgeServer[0] [Presentation] entity=cec74a39-afb1-47d6-bbf8-2cfdc1997e74 state=[presentation, {   "renderer": "humanoid",   "model": "survivor",   "scale": 1.0,   "variant": "default" }]
10:59:20 info: BridgeServer[0] Entity state forwarded: 7dtd -> minecraft (update, cec74a39-afb1-47d6-bbf8-2cfdc1997e74)
10:59:21 info: BridgeServer[0] Player position forwarded: minecraft -> 7dtd (-46.4980827909365, 71, 73.39785432349018)
10:59:21 info: BridgeServer[0] Entity registry: updated, id=c73c3c66-3e6f-4a7e-99a0-a81ebeb5a467, count=1
10:59:21 info: BridgeServer[0] [Presentation] entity=c73c3c66-3e6f-4a7e-99a0-a81ebeb5a467 state=[presentation, {   "renderer": "humanoid",   "model": "player",   "scale": 1.0,   "variant": "default" }]
10:59:21 info: BridgeServer[0] Entity state forwarded: minecraft -> 7dtd (update, c73c3c66-3e6f-4a7e-99a0-a81ebeb5a467)
10:59:21 info: BridgeServer[0] Entity registry: updated, id=cec74a39-afb1-47d6-bbf8-2cfdc1997e74, count=1
10:59:21 info: BridgeServer[0] [Presentation] entity=cec74a39-afb1-47d6-bbf8-2cfdc1997e74 state=[presentation, {   "renderer": "humanoid",   "model": "survivor",   "scale": 1.0,   "variant": "default" }]
10:59:21 info: BridgeServer[0] Entity state forwarded: 7dtd -> minecraft (update, cec74a39-afb1-47d6-bbf8-2cfdc1997e74)
10:59:21 info: BridgeServer[0] Player position forwarded: minecraft -> 7dtd (-46.4980827909365, 71, 73.39785432349018)
10:59:21 info: BridgeServer[0] Entity registry: updated, id=c73c3c66-3e6f-4a7e-99a0-a81ebeb5a467, count=1
10:59:21 info: BridgeServer[0] [Presentation] entity=c73c3c66-3e6f-4a7e-99a0-a81ebeb5a467 state=[presentation, {   "renderer": "humanoid",   "model": "player",   "scale": 1.0,   "variant": "default" }]
10:59:21 info: BridgeServer[0] Entity state forwarded: minecraft -> 7dtd (update, c73c3c66-3e6f-4a7e-99a0-a81ebeb5a467)
10:59:21 info: BridgeServer[0] Entity registry: updated, id=cec74a39-afb1-47d6-bbf8-2cfdc1997e74, count=1
10:59:21 info: BridgeServer[0] [Presentation] entity=cec74a39-afb1-47d6-bbf8-2cfdc1997e74 state=[presentation, {   "renderer": "humanoid",   "model": "survivor",   "scale": 1.0,   "variant": "default" }]
10:59:21 info: BridgeServer[0] Entity state forwarded: 7dtd -> minecraft (update, cec74a39-afb1-47d6-bbf8-2cfdc1997e74)
10:59:22 info: BridgeServer[0] Player position forwarded: minecraft -> 7dtd (-46.4980827909365, 71, 73.39785432349018)
10:59:22 info: BridgeServer[0] Entity registry: updated, id=c73c3c66-3e6f-4a7e-99a0-a81ebeb5a467, count=1
10:59:22 info: BridgeServer[0] [Presentation] entity=c73c3c66-3e6f-4a7e-99a0-a81ebeb5a467 state=[presentation, {   "renderer": "humanoid",   "model": "player",   "scale": 1.0,   "variant": "default" }]
10:59:22 info: BridgeServer[0] Entity state forwarded: minecraft -> 7dtd (update, c73c3c66-3e6f-4a7e-99a0-a81ebeb5a467)
10:59:22 info: BridgeServer[0] Entity registry: updated, id=cec74a39-afb1-47d6-bbf8-2cfdc1997e74, count=1
10:59:22 info: BridgeServer[0] [Presentation] entity=cec74a39-afb1-47d6-bbf8-2cfdc1997e74 state=[presentation, {   "renderer": "humanoid",   "model": "survivor",   "scale": 1.0,   "variant": "default" }]
10:59:22 info: BridgeServer[0] Entity state forwarded: 7dtd -> minecraft (update, cec74a39-afb1-47d6-bbf8-2cfdc1997e74)
10:59:22 info: BridgeServer[0] Player position forwarded: minecraft -> 7dtd (-46.4980827909365, 71, 73.39785432349018)
10:59:22 info: BridgeServer[0] Entity registry: updated, id=c73c3c66-3e6f-4a7e-99a0-a81ebeb5a467, count=1
10:59:22 info: BridgeServer[0] [Presentation] entity=c73c3c66-3e6f-4a7e-99a0-a81ebeb5a467 state=[presentation, {   "renderer": "humanoid",   "model": "player",   "scale": 1.0,   "variant": "default" }]
10:59:22 info: BridgeServer[0] Entity state forwarded: minecraft -> 7dtd (update, c73c3c66-3e6f-4a7e-99a0-a81ebeb5a467)
10:59:22 info: BridgeServer[0] Entity registry: updated, id=cec74a39-afb1-47d6-bbf8-2cfdc1997e74, count=1
10:59:22 info: BridgeServer[0] [Presentation] entity=cec74a39-afb1-47d6-bbf8-2cfdc1997e74 state=[presentation, {   "renderer": "humanoid",   "model": "survivor",   "scale": 1.0,   "variant": "default" }]
10:59:22 info: BridgeServer[0] Entity state forwarded: 7dtd -> minecraft (update, cec74a39-afb1-47d6-bbf8-2cfdc1997e74)
10:59:23 info: BridgeServer[0] Player position forwarded: minecraft -> 7dtd (-46.4980827909365, 71, 73.39785432349018)
10:59:23 info: BridgeServer[0] Entity registry: updated, id=c73c3c66-3e6f-4a7e-99a0-a81ebeb5a467, count=1
10:59:23 info: BridgeServer[0] [Presentation] entity=c73c3c66-3e6f-4a7e-99a0-a81ebeb5a467 state=[presentation, {   "renderer": "humanoid",   "model": "player",   "scale": 1.0,   "variant": "default" }]
10:59:23 info: BridgeServer[0] Entity state forwarded: minecraft -> 7dtd (update, c73c3c66-3e6f-4a7e-99a0-a81ebeb5a467)
10:59:23 info: BridgeServer[0] Entity registry: updated, id=cec74a39-afb1-47d6-bbf8-2cfdc1997e74, count=1
10:59:23 info: BridgeServer[0] [Presentation] entity=cec74a39-afb1-47d6-bbf8-2cfdc1997e74 state=[presentation, {   "renderer": "humanoid",   "model": "survivor",   "scale": 1.0,   "variant": "default" }]
10:59:23 info: BridgeServer[0] Entity state forwarded: 7dtd -> minecraft (update, cec74a39-afb1-47d6-bbf8-2cfdc1997e74)
10:59:23 info: BridgeServer[0] Player position forwarded: minecraft -> 7dtd (-46.4980827909365, 71, 73.39785432349018)
10:59:23 info: BridgeServer[0] Entity registry: updated, id=c73c3c66-3e6f-4a7e-99a0-a81ebeb5a467, count=1
10:59:23 info: BridgeServer[0] [Presentation] entity=c73c3c66-3e6f-4a7e-99a0-a81ebeb5a467 state=[presentation, {   "renderer": "humanoid",   "model": "player",   "scale": 1.0,   "variant": "default" }]
10:59:23 info: BridgeServer[0] Entity state forwarded: minecraft -> 7dtd (update, c73c3c66-3e6f-4a7e-99a0-a81ebeb5a467)
10:59:23 info: BridgeServer[0] Entity registry: updated, id=cec74a39-afb1-47d6-bbf8-2cfdc1997e74, count=1
10:59:23 info: BridgeServer[0] [Presentation] entity=cec74a39-afb1-47d6-bbf8-2cfdc1997e74 state=[presentation, {   "renderer": "humanoid",   "model": "survivor",   "scale": 1.0,   "variant": "default" }]
10:59:23 info: BridgeServer[0] Entity state forwarded: 7dtd -> minecraft (update, cec74a39-afb1-47d6-bbf8-2cfdc1997e74)
10:59:24 info: BridgeServer[0] Player position forwarded: minecraft -> 7dtd (-46.4980827909365, 71, 73.39785432349018)
10:59:24 info: BridgeServer[0] Entity registry: updated, id=c73c3c66-3e6f-4a7e-99a0-a81ebeb5a467, count=1
10:59:24 info: BridgeServer[0] [Presentation] entity=c73c3c66-3e6f-4a7e-99a0-a81ebeb5a467 state=[presentation, {   "renderer": "humanoid",   "model": "player",   "scale": 1.0,   "variant": "default" }]
10:59:24 info: BridgeServer[0] Entity state forwarded: minecraft -> 7dtd (update, c73c3c66-3e6f-4a7e-99a0-a81ebeb5a467)
10:59:24 info: BridgeServer[0] Entity registry: updated, id=cec74a39-afb1-47d6-bbf8-2cfdc1997e74, count=1
10:59:24 info: BridgeServer[0] [Presentation] entity=cec74a39-afb1-47d6-bbf8-2cfdc1997e74 state=[presentation, {   "renderer": "humanoid",   "model": "survivor",   "scale": 1.0,   "variant": "default" }]
10:59:24 info: BridgeServer[0] Entity state forwarded: 7dtd -> minecraft (update, cec74a39-afb1-47d6-bbf8-2cfdc1997e74)
10:59:24 info: BridgeServer[0] Entity registry: updated, id=cec74a39-afb1-47d6-bbf8-2cfdc1997e74, count=1
10:59:24 info: BridgeServer[0] [Presentation] entity=cec74a39-afb1-47d6-bbf8-2cfdc1997e74 state=[presentation, {   "renderer": "humanoid",   "model": "survivor",   "scale": 1.0,   "variant": "default" }]
10:59:24 info: BridgeServer[0] Entity state forwarded: 7dtd -> minecraft (update, cec74a39-afb1-47d6-bbf8-2cfdc1997e74)
10:59:24 info: BridgeServer[0] Player position forwarded: minecraft -> 7dtd (-46.4980827909365, 71, 73.39785432349018)
10:59:24 info: BridgeServer[0] Entity registry: updated, id=c73c3c66-3e6f-4a7e-99a0-a81ebeb5a467, count=1
10:59:24 info: BridgeServer[0] [Presentation] entity=c73c3c66-3e6f-4a7e-99a0-a81ebeb5a467 state=[presentation, {   "renderer": "humanoid",   "model": "player",   "scale": 1.0,   "variant": "default" }]
10:59:24 info: BridgeServer[0] Entity state forwarded: minecraft -> 7dtd (update, c73c3c66-3e6f-4a7e-99a0-a81ebeb5a467)
10:59:25 info: BridgeServer[0] Entity registry: updated, id=cec74a39-afb1-47d6-bbf8-2cfdc1997e74, count=1
10:59:25 info: BridgeServer[0] [Presentation] entity=cec74a39-afb1-47d6-bbf8-2cfdc1997e74 state=[presentation, {   "renderer": "humanoid",   "model": "survivor",   "scale": 1.0,   "variant": "default" }]
10:59:25 info: BridgeServer[0] Entity state forwarded: 7dtd -> minecraft (update, cec74a39-afb1-47d6-bbf8-2cfdc1997e74)
10:59:25 info: BridgeServer[0] Player position forwarded: minecraft -> 7dtd (-46.4980827909365, 71, 73.39785432349018)
10:59:25 info: BridgeServer[0] Entity registry: updated, id=c73c3c66-3e6f-4a7e-99a0-a81ebeb5a467, count=1
10:59:25 info: BridgeServer[0] [Presentation] entity=c73c3c66-3e6f-4a7e-99a0-a81ebeb5a467 state=[presentation, {   "renderer": "humanoid",   "model": "player",   "scale": 1.0,   "variant": "default" }]
10:59:25 info: BridgeServer[0] Entity state forwarded: minecraft -> 7dtd (update, c73c3c66-3e6f-4a7e-99a0-a81ebeb5a467)
10:59:25 info: BridgeServer[0] Entity registry: updated, id=cec74a39-afb1-47d6-bbf8-2cfdc1997e74, count=1
10:59:25 info: BridgeServer[0] [Presentation] entity=cec74a39-afb1-47d6-bbf8-2cfdc1997e74 state=[presentation, {   "renderer": "humanoid",   "model": "survivor",   "scale": 1.0,   "variant": "default" }]
10:59:25 info: BridgeServer[0] Entity state forwarded: 7dtd -> minecraft (update, cec74a39-afb1-47d6-bbf8-2cfdc1997e74)
10:59:25 info: BridgeServer[0] Player position forwarded: minecraft -> 7dtd (-46.4980827909365, 71, 73.39785432349018)
10:59:25 info: BridgeServer[0] Entity registry: updated, id=c73c3c66-3e6f-4a7e-99a0-a81ebeb5a467, count=1
10:59:25 info: BridgeServer[0] [Presentation] entity=c73c3c66-3e6f-4a7e-99a0-a81ebeb5a467 state=[presentation, {   "renderer": "humanoid",   "model": "player",   "scale": 1.0,   "variant": "default" }]
10:59:25 info: BridgeServer[0] Entity state forwarded: minecraft -> 7dtd (update, c73c3c66-3e6f-4a7e-99a0-a81ebeb5a467)
10:59:26 info: BridgeServer[0] Entity registry: updated, id=cec74a39-afb1-47d6-bbf8-2cfdc1997e74, count=1
10:59:26 info: BridgeServer[0] [Presentation] entity=cec74a39-afb1-47d6-bbf8-2cfdc1997e74 state=[presentation, {   "renderer": "humanoid",   "model": "survivor",   "scale": 1.0,   "variant": "default" }]
10:59:26 info: BridgeServer[0] Entity state forwarded: 7dtd -> minecraft (update, cec74a39-afb1-47d6-bbf8-2cfdc1997e74)
10:59:26 info: BridgeServer[0] Player position forwarded: minecraft -> 7dtd (-46.4980827909365, 71, 73.39785432349018)
10:59:26 info: BridgeServer[0] Entity registry: updated, id=c73c3c66-3e6f-4a7e-99a0-a81ebeb5a467, count=1
10:59:26 info: BridgeServer[0] [Presentation] entity=c73c3c66-3e6f-4a7e-99a0-a81ebeb5a467 state=[presentation, {   "renderer": "humanoid",   "model": "player",   "scale": 1.0,   "variant": "default" }]
10:59:26 info: BridgeServer[0] Entity state forwarded: minecraft -> 7dtd (update, c73c3c66-3e6f-4a7e-99a0-a81ebeb5a467)
10:59:26 info: BridgeServer[0] Entity registry: updated, id=cec74a39-afb1-47d6-bbf8-2cfdc1997e74, count=1
10:59:26 info: BridgeServer[0] [Presentation] entity=cec74a39-afb1-47d6-bbf8-2cfdc1997e74 state=[presentation, {   "renderer": "humanoid",   "model": "survivor",   "scale": 1.0,   "variant": "default" }]
10:59:26 info: BridgeServer[0] Entity state forwarded: 7dtd -> minecraft (update, cec74a39-afb1-47d6-bbf8-2cfdc1997e74)
10:59:26 info: BridgeServer[0] Player position forwarded: minecraft -> 7dtd (-46.4980827909365, 71, 73.39785432349018)
10:59:26 info: BridgeServer[0] Entity registry: updated, id=c73c3c66-3e6f-4a7e-99a0-a81ebeb5a467, count=1
10:59:26 info: BridgeServer[0] [Presentation] entity=c73c3c66-3e6f-4a7e-99a0-a81ebeb5a467 state=[presentation, {   "renderer": "humanoid",   "model": "player",   "scale": 1.0,   "variant": "default" }]
10:59:26 info: BridgeServer[0] Entity state forwarded: minecraft -> 7dtd (update, c73c3c66-3e6f-4a7e-99a0-a81ebeb5a467)
10:59:27 info: BridgeServer[0] Entity registry: updated, id=cec74a39-afb1-47d6-bbf8-2cfdc1997e74, count=1
10:59:27 info: BridgeServer[0] [Presentation] entity=cec74a39-afb1-47d6-bbf8-2cfdc1997e74 state=[presentation, {   "renderer": "humanoid",   "model": "survivor",   "scale": 1.0,   "variant": "default" }]
10:59:27 info: BridgeServer[0] Entity state forwarded: 7dtd -> minecraft (update, cec74a39-afb1-47d6-bbf8-2cfdc1997e74)
10:59:27 info: BridgeServer[0] Player position forwarded: minecraft -> 7dtd (-46.4980827909365, 71, 73.39785432349018)
10:59:27 info: BridgeServer[0] Entity registry: updated, id=c73c3c66-3e6f-4a7e-99a0-a81ebeb5a467, count=1
10:59:27 info: BridgeServer[0] [Presentation] entity=c73c3c66-3e6f-4a7e-99a0-a81ebeb5a467 state=[presentation, {   "renderer": "humanoid",   "model": "player",   "scale": 1.0,   "variant": "default" }]
10:59:27 info: BridgeServer[0] Entity state forwarded: minecraft -> 7dtd (update, c73c3c66-3e6f-4a7e-99a0-a81ebeb5a467)
10:59:27 info: BridgeServer[0] Entity registry: updated, id=cec74a39-afb1-47d6-bbf8-2cfdc1997e74, count=1
10:59:27 info: BridgeServer[0] [Presentation] entity=cec74a39-afb1-47d6-bbf8-2cfdc1997e74 state=[presentation, {   "renderer": "humanoid",   "model": "survivor",   "scale": 1.0,   "variant": "default" }]
10:59:27 info: BridgeServer[0] Entity state forwarded: 7dtd -> minecraft (update, cec74a39-afb1-47d6-bbf8-2cfdc1997e74)
10:59:27 info: BridgeServer[0] Player position forwarded: minecraft -> 7dtd (-46.4980827909365, 71, 73.39785432349018)
10:59:27 info: BridgeServer[0] Entity registry: updated, id=c73c3c66-3e6f-4a7e-99a0-a81ebeb5a467, count=1
10:59:27 info: BridgeServer[0] [Presentation] entity=c73c3c66-3e6f-4a7e-99a0-a81ebeb5a467 state=[presentation, {   "renderer": "humanoid",   "model": "player",   "scale": 1.0,   "variant": "default" }]
10:59:27 info: BridgeServer[0] Entity state forwarded: minecraft -> 7dtd (update, c73c3c66-3e6f-4a7e-99a0-a81ebeb5a467)
10:59:28 info: BridgeServer[0] Entity registry: updated, id=cec74a39-afb1-47d6-bbf8-2cfdc1997e74, count=1
10:59:28 info: BridgeServer[0] [Presentation] entity=cec74a39-afb1-47d6-bbf8-2cfdc1997e74 state=[presentation, {   "renderer": "humanoid",   "model": "survivor",   "scale": 1.0,   "variant": "default" }]
10:59:28 info: BridgeServer[0] Entity state forwarded: 7dtd -> minecraft (update, cec74a39-afb1-47d6-bbf8-2cfdc1997e74)
10:59:28 info: BridgeServer[0] Player position forwarded: minecraft -> 7dtd (-46.4980827909365, 71, 73.39785432349018)
10:59:28 info: BridgeServer[0] Entity registry: updated, id=c73c3c66-3e6f-4a7e-99a0-a81ebeb5a467, count=1
10:59:28 info: BridgeServer[0] [Presentation] entity=c73c3c66-3e6f-4a7e-99a0-a81ebeb5a467 state=[presentation, {   "renderer": "humanoid",   "model": "player",   "scale": 1.0,   "variant": "default" }]
10:59:28 info: BridgeServer[0] Entity state forwarded: minecraft -> 7dtd (update, c73c3c66-3e6f-4a7e-99a0-a81ebeb5a467)
10:59:28 info: BridgeServer[0] Entity registry: updated, id=cec74a39-afb1-47d6-bbf8-2cfdc1997e74, count=1
10:59:28 info: BridgeServer[0] [Presentation] entity=cec74a39-afb1-47d6-bbf8-2cfdc1997e74 state=[presentation, {   "renderer": "humanoid",   "model": "survivor",   "scale": 1.0,   "variant": "default" }]
10:59:28 info: BridgeServer[0] Entity state forwarded: 7dtd -> minecraft (update, cec74a39-afb1-47d6-bbf8-2cfdc1997e74)
10:59:29 info: BridgeServer[0] Entity registry: updated, id=cec74a39-afb1-47d6-bbf8-2cfdc1997e74, count=1
10:59:29 info: BridgeServer[0] [Presentation] entity=cec74a39-afb1-47d6-bbf8-2cfdc1997e74 state=[presentation, {   "renderer": "humanoid",   "model": "survivor",   "scale": 1.0,   "variant": "default" }]
10:59:29 info: BridgeServer[0] Entity state forwarded: 7dtd -> minecraft (update, cec74a39-afb1-47d6-bbf8-2cfdc1997e74)
10:59:29 info: BridgeServer[0] Entity registry: updated, id=cec74a39-afb1-47d6-bbf8-2cfdc1997e74, count=1
10:59:29 info: BridgeServer[0] [Presentation] entity=cec74a39-afb1-47d6-bbf8-2cfdc1997e74 state=[presentation, {   "renderer": "humanoid",   "model": "survivor",   "scale": 1.0,   "variant": "default" }]
10:59:29 info: BridgeServer[0] Entity state forwarded: 7dtd -> minecraft (update, cec74a39-afb1-47d6-bbf8-2cfdc1997e74)
10:59:30 info: BridgeServer[0] Entity registry: updated, id=cec74a39-afb1-47d6-bbf8-2cfdc1997e74, count=1
10:59:30 info: BridgeServer[0] [Presentation] entity=cec74a39-afb1-47d6-bbf8-2cfdc1997e74 state=[presentation, {   "renderer": "humanoid",   "model": "survivor",   "scale": 1.0,   "variant": "default" }]
10:59:30 info: BridgeServer[0] Entity state forwarded: 7dtd -> minecraft (update, cec74a39-afb1-47d6-bbf8-2cfdc1997e74)
10:59:30 info: BridgeServer[0] Entity registry: updated, id=cec74a39-afb1-47d6-bbf8-2cfdc1997e74, count=1
10:59:30 info: BridgeServer[0] [Presentation] entity=cec74a39-afb1-47d6-bbf8-2cfdc1997e74 state=[presentation, {   "renderer": "humanoid",   "model": "survivor",   "scale": 1.0,   "variant": "default" }]
10:59:30 info: BridgeServer[0] Entity state forwarded: 7dtd -> minecraft (update, cec74a39-afb1-47d6-bbf8-2cfdc1997e74)
10:59:31 info: BridgeServer[0] Entity registry: updated, id=cec74a39-afb1-47d6-bbf8-2cfdc1997e74, count=1
10:59:31 info: BridgeServer[0] [Presentation] entity=cec74a39-afb1-47d6-bbf8-2cfdc1997e74 state=[presentation, {   "renderer": "humanoid",   "model": "survivor",   "scale": 1.0,   "variant": "default" }]
10:59:31 info: BridgeServer[0] Entity state forwarded: 7dtd -> minecraft (update, cec74a39-afb1-47d6-bbf8-2cfdc1997e74)
10:59:31 info: BridgeServer[0] Entity registry: updated, id=cec74a39-afb1-47d6-bbf8-2cfdc1997e74, count=1
10:59:31 info: BridgeServer[0] [Presentation] entity=cec74a39-afb1-47d6-bbf8-2cfdc1997e74 state=[presentation, {   "renderer": "humanoid",   "model": "survivor",   "scale": 1.0,   "variant": "default" }]
10:59:31 info: BridgeServer[0] Entity state forwarded: 7dtd -> minecraft (update, cec74a39-afb1-47d6-bbf8-2cfdc1997e74)
10:59:32 info: BridgeServer[0] Entity registry: updated, id=cec74a39-afb1-47d6-bbf8-2cfdc1997e74, count=1
10:59:32 info: BridgeServer[0] [Presentation] entity=cec74a39-afb1-47d6-bbf8-2cfdc1997e74 state=[presentation, {   "renderer": "humanoid",   "model": "survivor",   "scale": 1.0,   "variant": "default" }]
10:59:32 info: BridgeServer[0] Entity state forwarded: 7dtd -> minecraft (update, cec74a39-afb1-47d6-bbf8-2cfdc1997e74)
10:59:32 info: BridgeServer[0] Entity registry: updated, id=cec74a39-afb1-47d6-bbf8-2cfdc1997e74, count=1
10:59:32 info: BridgeServer[0] [Presentation] entity=cec74a39-afb1-47d6-bbf8-2cfdc1997e74 state=[presentation, {   "renderer": "humanoid",   "model": "survivor",   "scale": 1.0,   "variant": "default" }]
10:59:32 info: BridgeServer[0] Entity state forwarded: 7dtd -> minecraft (update, cec74a39-afb1-47d6-bbf8-2cfdc1997e74)
10:59:33 info: BridgeServer[0] Entity registry: updated, id=cec74a39-afb1-47d6-bbf8-2cfdc1997e74, count=1
10:59:33 info: BridgeServer[0] [Presentation] entity=cec74a39-afb1-47d6-bbf8-2cfdc1997e74 state=[presentation, {   "renderer": "humanoid",   "model": "survivor",   "scale": 1.0,   "variant": "default" }]
10:59:33 info: BridgeServer[0] Entity state forwarded: 7dtd -> minecraft (update, cec74a39-afb1-47d6-bbf8-2cfdc1997e74)
10:59:33 info: BridgeServer[0] Entity registry: updated, id=cec74a39-afb1-47d6-bbf8-2cfdc1997e74, count=1
10:59:33 info: BridgeServer[0] [Presentation] entity=cec74a39-afb1-47d6-bbf8-2cfdc1997e74 state=[presentation, {   "renderer": "humanoid",   "model": "survivor",   "scale": 1.0,   "variant": "default" }]
10:59:33 info: BridgeServer[0] Entity state forwarded: 7dtd -> minecraft (update, cec74a39-afb1-47d6-bbf8-2cfdc1997e74)
10:59:34 info: BridgeServer[0] Entity registry: updated, id=cec74a39-afb1-47d6-bbf8-2cfdc1997e74, count=1
10:59:34 info: BridgeServer[0] [Presentation] entity=cec74a39-afb1-47d6-bbf8-2cfdc1997e74 state=[presentation, {   "renderer": "humanoid",   "model": "survivor",   "scale": 1.0,   "variant": "default" }]
10:59:34 info: BridgeServer[0] Entity state forwarded: 7dtd -> minecraft (update, cec74a39-afb1-47d6-bbf8-2cfdc1997e74)
10:59:34 info: BridgeServer[0] Entity registry: updated, id=cec74a39-afb1-47d6-bbf8-2cfdc1997e74, count=1
10:59:34 info: BridgeServer[0] [Presentation] entity=cec74a39-afb1-47d6-bbf8-2cfdc1997e74 state=[presentation, {   "renderer": "humanoid",   "model": "survivor",   "scale": 1.0,   "variant": "default" }]
10:59:34 info: BridgeServer[0] Entity state forwarded: 7dtd -> minecraft (update, cec74a39-afb1-47d6-bbf8-2cfdc1997e74)
10:59:35 info: BridgeServer[0] Entity registry: updated, id=cec74a39-afb1-47d6-bbf8-2cfdc1997e74, count=1
10:59:35 info: BridgeServer[0] [Presentation] entity=cec74a39-afb1-47d6-bbf8-2cfdc1997e74 state=[presentation, {   "renderer": "humanoid",   "model": "survivor",   "scale": 1.0,   "variant": "default" }]
10:59:35 info: BridgeServer[0] Entity state forwarded: 7dtd -> minecraft (update, cec74a39-afb1-47d6-bbf8-2cfdc1997e74)
10:59:35 info: BridgeServer[0] Entity registry: updated, id=cec74a39-afb1-47d6-bbf8-2cfdc1997e74, count=1
10:59:35 info: BridgeServer[0] [Presentation] entity=cec74a39-afb1-47d6-bbf8-2cfdc1997e74 state=[presentation, {   "renderer": "humanoid",   "model": "survivor",   "scale": 1.0,   "variant": "default" }]
10:59:35 info: BridgeServer[0] Entity state forwarded: 7dtd -> minecraft (update, cec74a39-afb1-47d6-bbf8-2cfdc1997e74)
10:59:36 info: BridgeServer[0] Entity registry: updated, id=cec74a39-afb1-47d6-bbf8-2cfdc1997e74, count=1
10:59:36 info: BridgeServer[0] [Presentation] entity=cec74a39-afb1-47d6-bbf8-2cfdc1997e74 state=[presentation, {   "renderer": "humanoid",   "model": "survivor",   "scale": 1.0,   "variant": "default" }]
10:59:36 info: BridgeServer[0] Entity state forwarded: 7dtd -> minecraft (update, cec74a39-afb1-47d6-bbf8-2cfdc1997e74)
10:59:36 info: BridgeServer[0] Components: equipment_applied, id=cec74a39-afb1-47d6-bbf8-2cfdc1997e74, revision=2; 7dtd -> minecraft
10:59:36 info: BridgeServer[0] Entity registry: despawned, id=cec74a39-afb1-47d6-bbf8-2cfdc1997e74, count=0
10:59:36 info: BridgeServer[0] Entity state forwarded: 7dtd -> minecraft (despawn, cec74a39-afb1-47d6-bbf8-2cfdc1997e74)
10:59:50 info: BridgeServer[0] Entity registry: despawned, id=c73c3c66-3e6f-4a7e-99a0-a81ebeb5a467, count=0
10:59:50 info: BridgeServer[0] Entity state forwarded: minecraft -> 7dtd (despawn, c73c3c66-3e6f-4a7e-99a0-a81ebeb5a467)
11:00:03 info: Microsoft.AspNetCore.Hosting.Diagnostics[1] Request starting HTTP/1.1 GET http://localhost:18771/debug/entities - - -
11:00:03 info: Microsoft.AspNetCore.Routing.EndpointMiddleware[0] Executing endpoint 'HTTP: GET /debug/entities'
11:00:03 info: Microsoft.AspNetCore.Http.Result.JsonResult[3] Writing value of type '<>f__AnonymousType4`1' as Json.
11:00:03 info: Microsoft.AspNetCore.Routing.EndpointMiddleware[1] Executed endpoint 'HTTP: GET /debug/entities'
11:00:03 info: Microsoft.AspNetCore.Hosting.Diagnostics[2] Request finished HTTP/1.1 GET http://localhost:18771/debug/entities - 200 - application/json;+charset=utf-8 0.6796ms
11:19:02 info: Microsoft.AspNetCore.Server.Kestrel.Connections[34] Connection id "0HNP1O8LVJKI1", Request id "0HNP1O8LVJKI1:00000001": the application aborted the connection.
11:19:02 info: BridgeServer[0] Connection ended (minecraft): OperationCanceledException
11:19:02 info: BridgeServer[0] Entity registry reset: disconnected minecraft, removed=0; fresh spawn required
11:19:02 info: BridgeServer[0] Disconnected: minecraft
11:19:02 info: Microsoft.AspNetCore.Routing.EndpointMiddleware[1] Executed endpoint '/ws'
11:19:02 info: Microsoft.AspNetCore.Hosting.Diagnostics[2] Request finished HTTP/1.1 GET http://localhost:18771/ws - 101 - - 1746825.0095ms
11:19:04 info: Microsoft.AspNetCore.Server.Kestrel.Connections[34] Connection id "0HNP1O8LVJKI2", Request id "0HNP1O8LVJKI2:00000001": the application aborted the connection.
11:19:04 info: BridgeServer[0] Connection ended (7dtd): OperationCanceledException
11:19:04 info: BridgeServer[0] Entity registry reset: disconnected 7dtd, removed=0; fresh spawn required
11:19:04 info: BridgeServer[0] Disconnected: 7dtd
11:19:04 info: Microsoft.AspNetCore.Routing.EndpointMiddleware[1] Executed endpoint '/ws'
11:19:04 info: Microsoft.AspNetCore.Hosting.Diagnostics[2] Request finished HTTP/1.1 GET http://localhost:18771/ws - 101 - - 1747516.7112ms
