Mono path[0] = 'D:/Steam/steamapps/common/7 Days To Die/7DaysToDie_Data/Managed'
Mono config path = 'D:/Steam/steamapps/common/7 Days To Die/MonoBleedingEdge/etc'
Input System module state changed to: Initialized.
[PhysX] Initialized MultithreadedTaskDispatcher with 24 workers.
Loading player data from D:/Steam/steamapps/common/7 Days To Die/7DaysToDie_Data/data.unity3d
Initialize engine version: 2022.3.62f2 (7670c08855a9)
[Subsystems] Discovering subsystems at path D:/Steam/steamapps/common/7 Days To Die/7DaysToDie_Data/UnitySubsystems
GfxDevice: creating device client; threaded=1; jobified=1
Direct3D:
    Version:  Direct3D 11.0 [level 11.1]
    Renderer: NVIDIA GeForce RTX 5060 Laptop GPU (ID=0x2d59)
    Vendor:   NVIDIA
    VRAM:     7899 MB
    Driver:   32.0.16.1074
Begin MonoManager ReloadAssembly
- Loaded All Assemblies, in  0.197 seconds
- Finished resetting the current domain, in  0.001 seconds
<RI> Initializing input.
<RI> Input initialized.
<RI> Initialized touch support.
[PhysX] Initialized MultithreadedTaskDispatcher with 24 workers.
UnloadTime: 0.825800 ms
2026-10-03T19:15:42 0.003 INF [BACKTRACE] Initialize
2026-10-03T19:15:42 0.008 INF [BACKTRACE] Root log path: C:\Users\qin_roupl\AppData\Roaming\7DaysToDie\BacktraceLogs
2026-10-03T19:15:42 0.030 INF [BACKTRACE] Deleted old log: C:\Users\qin_roupl\AppData\Roaming\7DaysToDie\BacktraceLogs\Player-2026-10-03_10-06-09.942.log
2026-10-03T19:15:42 0.030 INF [BACKTRACE] Using log: C:\Users\qin_roupl\AppData\Roaming\7DaysToDie\BacktraceLogs\Player-2026-10-03_10-07-29.890.log
2026-10-03T19:15:42 0.030 INF [BACKTRACE] Using log: C:\Users\qin_roupl\AppData\Roaming\7DaysToDie\BacktraceLogs\Player-2026-10-03_10-09-29.259.log
2026-10-03T19:15:42 0.030 INF [BACKTRACE] Using log: C:\Users\qin_roupl\AppData\Roaming\7DaysToDie\BacktraceLogs\Player-2026-10-03_10-21-26.154.log
2026-10-03T19:15:42 0.030 INF [BACKTRACE] Player log path: C:\Users\qin_roupl\AppData\Roaming\7DaysToDie\BacktraceLogs\Player-2026-10-03_11-15-42.815.log
2026-10-03T19:15:42 0.042 INF [BACKTRACE] Initialized
2026-10-03T19:15:42 0.066 INF Version: V 3.2.0 (b10) Compatibility Version: V 3.2.0, Build: WindowsPlayer 64 Bit
2026-10-03T19:15:42 0.067 INF System information:
2026-10-03T19:15:42 0.068 INF    OS: Windows 11  (10.0.26200) 64bit
2026-10-03T19:15:42 0.069 INF    CPU: Intel(R) Core(TM) i7-14650HX (cores: 24)
2026-10-03T19:15:42 0.069 INF    RAM: 16107 MB
2026-10-03T19:15:42 0.070 INF    GPU: NVIDIA GeForce RTX 5060 Laptop GPU (7899 MB)
2026-10-03T19:15:42 0.073 INF    Graphics API: Direct3D 11.0 [level 11.1] (shader level 5.0)
2026-10-03T19:15:42 0.085 INF Local UTC offset: 8 hours
2026-10-03T19:15:42 0.101 INF Command line arguments: "D:\Steam\steamapps\common\7 Days To Die\7DaysToDie.exe" -UserDataFolder=D:\wenjian\minecraft\7-M\runtime\7dtd -logfile D:\wenjian\minecraft\7-M\docs\runtime-evidence\7dtd-game.log -screen-fullscreen 0 -screen-width 960 -screen-height 600
2026-10-03T19:15:42 0.104 INF Overriding default user data path to D:\wenjian\minecraft\7-M\runtime\7dtd
2026-10-03T19:15:42 0.110 INF [Platform] Init
2026-10-03T19:15:42 0.157 INF [Platform] Using native platform: Steam
2026-10-03T19:15:42 0.160 INF [Platform] Using cross platform: EOS
2026-10-03T19:15:42 0.161 INF [Platform] Using server platform: Steam
2026-10-03T19:15:42 0.162 INF [Platform] Using server platform: XBL
2026-10-03T19:15:42 0.163 INF [Platform] Using server platform: PSN
2026-10-03T19:15:42 0.164 INF [Platform] Using server platform: LAN
2026-10-03T19:15:42 0.174 INF Starting PlayerInputManager...
2026-10-03T19:15:42 0.178 INF InControl (version 1.8.9 build 9376, native module = True, XInput = True)
2026-10-03T19:15:42 0.183 INF InControl (version 1.8.9 build 9376)
2026-10-03T19:15:42 0.190 INF InControl Native (version 1.0.6)
2026-10-03T19:15:43 0.268 INF [InControl] NativeInputDeviceManager enabled.
2026-10-03T19:15:43 0.285 INF [Platform] Initializing Steam
Setting breakpad minidump AppID = 251570
SteamInternal_SetMinidumpSteamID:  Caching Steam ID:  76561199256208852 [API loaded no]
2026-10-03T19:15:43 0.419 INF [Steamworks.NET] SteamAPI_Init() ok
2026-10-03T19:15:43 0.422 INF [Steamworks.NET] Registering auth callbacks
2026-10-03T19:15:43 0.425 INF Not running in Big Picture Mode, no on-screen keyboard available
2026-10-03T19:15:43 0.427 INF [Platform] Initializing EOS
2026-10-03T19:15:43 0.472 INF [EOS] Initialize: Success
2026-10-03T19:15:43 0.511 INF [EOS-Voice] Successfully initialized.
2026-10-03T19:15:43 0.513 INF [EOS-ACC] Not started with EAC, anticheat disabled
2026-10-03T19:15:43 0.514 INF [EAC] AntiCheatServerP2P initialized with null interface
2026-10-03T19:15:43 0.516 INF [Platform] Initializing XBL
2026-10-03T19:15:43 0.519 INF [Platform] Initializing PSN
2026-10-03T19:15:43 0.520 INF [Platform] Initializing LAN
2026-10-03T19:15:43 0.600 INF [SaveDataUtils] InitStatic Begin
2026-10-03T19:15:43 0.604 INF [SaveDataUtils] UserGameDataDir: D:\wenjian\minecraft\7-M\runtime\7dtd
2026-10-03T19:15:43 0.606 INF [SaveDataUtils] SdPlayerPrefs -> Unity
2026-10-03T19:15:43 0.607 INF [SaveDataUtils] InitStatic Complete
2026-10-03T19:15:43 0.675 INF Last played version: V 3.2.0
2026-10-03T19:15:43 0.935 INF Localization language from platform: schinese
Unloading 6 Unused Serialized files (Serialized files now loaded: 0)
[PhysX] Initialized MultithreadedTaskDispatcher with 24 workers.
UnloadTime: 1.955600 ms
2026-10-03T19:15:43 0.992 INF Texture quality is set to 0
Unloading 11 unused Assets to reduce memory usage. Loaded Objects now: 6637.
Total: 11.668100 ms (FindLiveObjects: 0.407600 ms CreateObjectMapping: 0.292600 ms MarkObjects: 10.888300 ms  DeleteObjects: 0.079100 ms)

The referenced script on this Behaviour (Game Object 'BlockProcessor') is missing!
Unloading 5 Unused Serialized files (Serialized files now loaded: 0)
[PhysX] Initialized MultithreadedTaskDispatcher with 24 workers.
UnloadTime: 1.789700 ms
2026-10-03T19:15:51 8.896 INF Awake IsFocused: False
2026-10-03T19:15:51 8.897 INF Awake
2026-10-03T19:15:51 9.103 INF Occlusion: Awake
Unloading 5 unused Assets to reduce memory usage. Loaded Objects now: 6970.
Total: 8.555500 ms (FindLiveObjects: 0.251100 ms CreateObjectMapping: 0.095600 ms MarkObjects: 8.167000 ms  DeleteObjects: 0.041300 ms)

2026-10-03T19:15:51 9.150 INF ApplyAllOptions streaming budget 7109.1 MB
2026-10-03T19:15:51 9.152 INF ApplyAllOptions current screen 2560 x 1600, 240hz, window 960 x 600, mode Windowed
2026-10-03T19:15:51 9.153 INF Texture quality is set to 0
2026-10-03T19:15:51 9.155 INF ApplyTextureFilter 2, AF Enable
2026-10-03T19:15:51 9.157 INF ApplyTerrainOptions 2
2026-10-03T19:15:52 9.419 INF [MODS] Start loading from: 'D:\wenjian\minecraft\7-M\runtime\7dtd/Mods'
2026-10-03T19:15:52 9.425 INF [MODS]   Trying to load from folder: 'MC7DTD-Bridge'
2026-10-03T19:15:52 9.439 INF [MODS]     Loaded assembly MC7DTD.Bridge (in D:\wenjian\minecraft\7-M\runtime\7dtd\Mods\MC7DTD-Bridge\MC7DTD.Bridge.dll)
2026-10-03T19:15:52 9.441 INF [MODS]     Loaded Mod: MC7DTD-Bridge (0.1.0)
2026-10-03T19:15:52 9.443 INF [MODS] Start loading from: 'D:/Steam/steamapps/common/7 Days To Die/7DaysToDie_Data/../Mods'
2026-10-03T19:15:52 9.445 INF [MODS]   Trying to load from folder: '0_TFP_Harmony'
2026-10-03T19:15:52 9.474 INF [MODS]     Loaded assembly 0Harmony (in D:\Steam\steamapps\common\7 Days To Die\Mods\0_TFP_Harmony\0Harmony.dll)
2026-10-03T19:15:52 9.494 INF [MODS]     Loaded assembly Mono.Cecil (in D:\Steam\steamapps\common\7 Days To Die\Mods\0_TFP_Harmony\Mono.Cecil.dll)
2026-10-03T19:15:52 9.513 INF [MODS]     Loaded assembly Mono.Cecil.Mdb (in D:\Steam\steamapps\common\7 Days To Die\Mods\0_TFP_Harmony\Mono.Cecil.Mdb.dll)
2026-10-03T19:15:52 9.534 INF [MODS]     Loaded assembly Mono.Cecil.Pdb (in D:\Steam\steamapps\common\7 Days To Die\Mods\0_TFP_Harmony\Mono.Cecil.Pdb.dll)
2026-10-03T19:15:52 9.545 INF [MODS]     Loaded assembly Mono.Cecil.Rocks (in D:\Steam\steamapps\common\7 Days To Die\Mods\0_TFP_Harmony\Mono.Cecil.Rocks.dll)
2026-10-03T19:15:52 9.556 INF [MODS]     Loaded assembly MonoMod.Backports (in D:\Steam\steamapps\common\7 Days To Die\Mods\0_TFP_Harmony\MonoMod.Backports.dll)
2026-10-03T19:15:52 9.565 INF [MODS]     Loaded assembly MonoMod.Core (in D:\Steam\steamapps\common\7 Days To Die\Mods\0_TFP_Harmony\MonoMod.Core.dll)
2026-10-03T19:15:52 9.570 INF [MODS]     Loaded assembly MonoMod.Iced (in D:\Steam\steamapps\common\7 Days To Die\Mods\0_TFP_Harmony\MonoMod.Iced.dll)
2026-10-03T19:15:52 9.577 INF [MODS]     Loaded assembly MonoMod.ILHelpers (in D:\Steam\steamapps\common\7 Days To Die\Mods\0_TFP_Harmony\MonoMod.ILHelpers.dll)
2026-10-03T19:15:52 9.580 INF [MODS]     Loaded assembly MonoMod.RuntimeDetour (in D:\Steam\steamapps\common\7 Days To Die\Mods\0_TFP_Harmony\MonoMod.RuntimeDetour.dll)
2026-10-03T19:15:52 9.583 INF [MODS]     Loaded assembly MonoMod.Utils (in D:\Steam\steamapps\common\7 Days To Die\Mods\0_TFP_Harmony\MonoMod.Utils.dll)
2026-10-03T19:15:52 9.610 INF [MODS]     Loaded assembly System.ValueTuple (in D:\Steam\steamapps\common\7 Days To Die\Mods\0_TFP_Harmony\System.ValueTuple.dll)
2026-10-03T19:15:52 9.637 INF [MODS]     Loaded assembly TfpHarmony (in D:\Steam\steamapps\common\7 Days To Die\Mods\0_TFP_Harmony\TfpHarmony.dll)
2026-10-03T19:15:52 9.639 INF [MODS]     Loaded Mod: TFP_Harmony (1.1.0.4)
2026-10-03T19:15:52 9.640 INF [MODS]   Trying to load from folder: 'MC7DTD.Bridge'
2026-10-03T19:15:52 9.642 WRN [MODS]     Mod with same name (MC7DTD-Bridge) already loaded, ignoring
2026-10-03T19:15:52 9.643 INF [MODS]   Trying to load from folder: '原始mod'
2026-10-03T19:15:52 9.645 WRN [MODS]     Folder 原始mod does not contain a ModInfo.xml, ignoring
2026-10-03T19:15:52 9.653 INF [MODS] Initializing mod code
2026-10-03T19:15:52 9.665 INF [MODS]   Initializing mod TFP_Harmony
2026-10-03T19:15:52 9.702 INF [MODS]     Found ModAPI in assembly TfpHarmony (in D:\Steam\steamapps\common\7 Days To Die\Mods\0_TFP_Harmony\TfpHarmony.dll), creating instance
2026-10-03T19:15:52 9.704 INF [MODS]       [Harmony] Init done
Fallback handler could not load library D:/Steam/steamapps/common/7 Days To Die/7DaysToDie_Data/MonoBleedingEdge/data-0000021874BA8AC0.dll
2026-10-03T19:15:52 9.998 INF [MODS]     Initialized code in mod 'TFP_Harmony' in assembly TfpHarmony (in D:\Steam\steamapps\common\7 Days To Die\Mods\0_TFP_Harmony\TfpHarmony.dll)
2026-10-03T19:15:52 10.000 INF [MODS]   Initializing mod MC7DTD-Bridge
2026-10-03T19:15:52 10.002 INF [MODS]     Found ModAPI in assembly MC7DTD.Bridge (in D:\wenjian\minecraft\7-M\runtime\7dtd\Mods\MC7DTD-Bridge\MC7DTD.Bridge.dll), creating instance
2026-10-03T19:15:53 10.238 INF [MODS]     Initialized code in mod 'MC7DTD-Bridge' in assembly MC7DTD.Bridge (in D:\wenjian\minecraft\7-M\runtime\7dtd\Mods\MC7DTD-Bridge\MC7DTD.Bridge.dll)
2026-10-03T19:15:53 10.239 INF [MODS] Loading done
2026-10-03T19:15:53 10.260 INF Loading permissions file at 'D:\wenjian\minecraft\7-M\runtime\7dtd\Saves/serveradmin.xml'
2026-10-03T19:15:53 10.280 INF Loading permissions file done.
2026-10-03T19:15:53 10.311 INF Creating TransformDebug GameObject
2026-10-03T19:15:53 10.332 INF [MC7DTD] Bridge connected
2026-10-03T19:15:53 10.333 INF [MC7DTD] 7DTD connected
2026-10-03T19:15:53 10.336 INF [MC7DTD] Test received from minecraft: Hello from Minecraft
2026-10-03T19:15:53 10.344 INF GameSense server not found (no props file), disabling
2026-10-03T19:15:53 10.350 INF [PartyQuests] Initialized
2026-10-03T19:15:53 10.359 INF Awake done in 1463 ms
2026-10-03T19:15:53 10.482 INF [XUi] Instantiating XUi from default prefab.
2026-10-03T19:15:53 10.579 INF [XUi] Loading XUi asynchronously
2026-10-03T19:15:53 11.012 INF Reloading serveradmin.xml
2026-10-03T19:15:53 11.014 INF Loading permissions file at 'D:\wenjian\minecraft\7-M\runtime\7dtd\Saves/serveradmin.xml'
2026-10-03T19:15:53 11.015 INF Permissions file unchanged, skipping reloading
2026-10-03T19:15:53 11.081 INF [EOS] Read cached (NewsFeatured.xml) completed: 1821 bytes
2026-10-03T19:15:53 11.101 INF [EOS] Read cached (News.xml) completed: 4600 bytes
2026-10-03T19:15:56 14.007 INF [XUi] Parsing all window groups completed in 3315 ms total.
2026-10-03T19:15:56 14.048 INF Updated culture for display texts
2026-10-03T19:15:56 14.062 WRN UIUtils: No device binding source could be found for PlayerAction GUI Apply
2026-10-03T19:15:57 14.357 INF [EOS] Read cached (news_featured_2026_dlc_08.jpg) completed: 774214 bytes
2026-10-03T19:15:57 14.393 INF [EOS] Read cached (news_featured_2026_dlc_07.jpg) completed: 925495 bytes
2026-10-03T19:15:57 14.428 INF [EOS] Read cached (news_featured_2026_dlc_06.jpg) completed: 149863 bytes
2026-10-03T19:15:57 14.452 INF [EOS] Read cached (news_featured_2026_merger.jpg) completed: 154308 bytes
2026-10-03T19:15:57 14.465 INF [EOS] Read cached (news_featured_ytz2.1.jpg) completed: 123752 bytes
2026-10-03T19:15:57 14.487 INF [EOS] Read cached (news_featured_tfpmerch.jpg) completed: 78916 bytes
2026-10-03T19:15:57 14.505 INF [EOS] Read cached (news_featured_soundtrack.jpg) completed: 235045 bytes
2026-10-03T19:15:57 14.536 INF [EOS] Read cached (news_game_3.3_exp.jpg) completed: 106006 bytes
2026-10-03T19:15:57 14.551 INF [EOS] Read cached (news_game_3.2.0_stable.jpg) completed: 101488 bytes
2026-10-03T19:15:57 14.564 INF [EOS] Read cached (news_game_2026_7_blank.jpg) completed: 70434 bytes
2026-10-03T19:15:57 14.571 INF [EOS] Read cached (news_game_3.1.0_stable.jpg) completed: 585941 bytes
2026-10-03T19:15:57 14.592 INF [EOS] Read cached (news_game_3.0.1_stable.jpg) completed: 154912 bytes
2026-10-03T19:15:57 14.607 INF [EOS] Read cached (news_game_3.0_stable.jpg) completed: 275348 bytes
2026-10-03T19:15:57 14.624 INF [EOS] Read cached (news_game_2026_2.6_stable.jpg) completed: 97562 bytes
Cannot Prepare a disabled VideoPlayer
2026-10-03T19:15:58 15.517 INF Loaded default EULA
2026-10-03T19:15:58 16.001 INF [XUi] Initialized all window groups completed in 1824 ms total.
Direct3D: detected that using refresh rate causes time drift. Will stop trusting refresh rate until the game window is moved.
Direct3D: detected that vsync is broken (it does not limit frame rate properly). Delta time will now be calculated using cpu-side time stampling until the game window is moved.
2026-10-03T19:15:59 16.292 INF LoadTextureArraysForQuality quality -1 to 0, reload False
2026-10-03T19:15:59 17.091 INF LoadTextureArraysForQuality took 0.7970001
2026-10-03T19:15:59 17.101 INF Loaded (local): events in 0.00
2026-10-03T19:15:59 17.113 INF Loaded (local): rwgmixer in 0.01
2026-10-03T19:15:59 17.121 INF Loaded (local): archetypes in 0.00
2026-10-03T19:15:59 17.127 INF Loaded (local): loadingscreen in 0.00
2026-10-03T19:15:59 17.138 INF Added 1336 subtitle data entries and 3 speaker colors
2026-10-03T19:15:59 17.139 INF Loaded (local): subtitles in 0.00
2026-10-03T19:15:59 17.144 INF Loaded (local): videos in 0.00
2026-10-03T19:15:59 17.150 INF Loaded (local): sandbox_overrides in 0.00
2026-10-03T19:15:59 17.150 INF WorldStaticData.Init() needed 6.371 s
2026-10-03T19:15:59 17.154 INF [Steamworks.NET] Login ok.
2026-10-03T19:15:59 17.155 INF [EOS] Login
2026-10-03T19:16:00 17.463 INF AchievementManager: Received stats and achievements from Steam
2026-10-03T19:16:02 19.807 INF [EOS] Login succeeded, PUID: 0002a27c262e4f8d9c40beda1e4fa220
2026-10-03T19:16:02 19.809 INF [EOS] Getting native user for 0002a27c262e4f8d9c40beda1e4fa220
2026-10-03T19:16:02 19.810 INF [EOS] CopyIdToken result: Success
2026-10-03T19:16:03 20.197 INF [BACKTRACE] Attempting to get User ID from platform: EOS
2026-10-03T19:16:03 20.205 INF [EOS] Created RFS Request: NewsFeatured.xml
2026-10-03T19:16:03 20.207 INF [EOS] Created RFS Request: News.xml
2026-10-03T19:16:03 20.211 INF [EOS] Created RFS Request: DLCConfiguration
2026-10-03T19:16:03 20.212 INF [EOS] Created RFS Request: eula_schinese
2026-10-03T19:16:03 20.215 INF [PermissionsManager] ResolvePermissions(_perms: [Multiplayer, Communication, Crossplay], _canPrompt: False)
2026-10-03T19:16:03 20.218 INF [PermissionsManager] ResolvePermissions(_perms: [Multiplayer, Communication, Crossplay], _canPrompt: False) Fetching Title Storage Overrides...
2026-10-03T19:16:03 20.220 INF [EOS] Created RFS Request: PlatformOverrides
2026-10-03T19:16:03 20.222 INF [EOS] ResolvePermissions(_perms: [Multiplayer, Communication, Crossplay], _canPrompt: False)
2026-10-03T19:16:03 20.616 WRN [EOS] [LogEOSTitleStorage - Warning] Deleting local invalid cache file. CacheFilename=[D:/wenjian/minecraft/7-M/runtime/7dtd/titlestorage/8a44365d5ccb43328b4df2f8ca199e43/__cache_registry_lock]
2026-10-03T19:16:03 20.620 INF [EOS] Read (NewsFeatured.xml) completed: Success, received 1821 bytes
2026-10-03T19:16:03 20.622 INF [EOS] Created RFS Request: news_featured_2026_dlc_08.jpg
2026-10-03T19:16:03 20.623 INF [EOS] Created RFS Request: news_featured_2026_dlc_07.jpg
2026-10-03T19:16:03 20.623 INF [EOS] Created RFS Request: news_featured_2026_dlc_06.jpg
2026-10-03T19:16:03 20.877 INF [EOS] Read (PlatformOverrides) completed: Success, received 532 bytes
2026-10-03T19:16:03 20.878 INF [TitleStorageOverridesManager] Successfully retrieved overrides.
2026-10-03T19:16:03 20.880 INF [PermissionsManager] ResolvePermissions(_perms: [Multiplayer, Communication, Crossplay], _canPrompt: False) Fetched Title Storage Overrides!
2026-10-03T19:16:03 20.892 INF [EOS] Read (News.xml) completed: Success, received 4600 bytes
2026-10-03T19:16:03 20.894 INF [EOS] Created RFS Request: news_game_3.3_exp.jpg
2026-10-03T19:16:03 20.895 INF [EOS] Created RFS Request: news_game_3.2.0_stable.jpg
2026-10-03T19:16:03 20.896 INF [EOS] Created RFS Request: news_game_2026_7_blank.jpg
2026-10-03T19:16:03 21.010 INF [EOS] Read (news_featured_2026_dlc_08.jpg) completed: Success, received 774214 bytes
2026-10-03T19:16:03 21.012 INF [EOS] Created RFS Request: news_featured_2026_merger.jpg
2026-10-03T19:16:04 21.257 INF [EOS] Read (news_game_3.2.0_stable.jpg) completed: Success, received 101488 bytes
2026-10-03T19:16:04 21.259 INF [EOS] Created RFS Request: news_game_3.1.0_stable.jpg
2026-10-03T19:16:04 21.278 INF [EOS] Read (news_game_3.3_exp.jpg) completed: Success, received 106006 bytes
2026-10-03T19:16:04 21.279 INF [EOS] Created RFS Request: news_game_3.0.1_stable.jpg
2026-10-03T19:16:04 21.318 INF [EOS] Read (DLCConfiguration) completed: Success, received 4729 bytes
2026-10-03T19:16:04 21.320 INF [DLCTitleStorageManager] Successfully retrieved DLC configuration.
2026-10-03T19:16:04 21.363 INF [EOS] Read (BlockedPlayerList) completed: Success, received 8 bytes
2026-10-03T19:16:04 21.498 INF [EOS] Read (eula_schinese) completed: Success, received 29413 bytes
2026-10-03T19:16:04 21.500 INF [EOS] Created RFS Request: backtraceconfig.xml
2026-10-03T19:16:04 21.543 INF [EOS] Read (news_featured_2026_merger.jpg) completed: Success, received 154308 bytes
2026-10-03T19:16:04 21.544 INF [EOS] Created RFS Request: news_featured_ytz2.1.jpg
2026-10-03T19:16:04 21.647 INF [EOS] Read (news_game_3.1.0_stable.jpg) completed: Success, received 585941 bytes
2026-10-03T19:16:04 21.648 INF [EOS] Created RFS Request: news_game_3.0_stable.jpg
2026-10-03T19:16:04 21.673 INF [EOS] Read (news_game_3.0.1_stable.jpg) completed: Success, received 154912 bytes
2026-10-03T19:16:04 21.675 INF [EOS] Created RFS Request: news_game_2026_2.6_stable.jpg
2026-10-03T19:16:04 21.855 INF [EOS] Read (backtraceconfig.xml) completed: Success, received 2615 bytes
2026-10-03T19:16:04 21.859 INF [BACKTRACE] Bug reporting Enabled with save uploading: Disabled
2026-10-03T19:16:04 21.859 INF [BACKTRACE] Save Attaching Feature: Disabled
2026-10-03T19:16:04 21.860 INF [BACKTRACE] Entire World Attaching Feature: Disabled
2026-10-03T19:16:04 21.861 INF [BACKTRACE] Disabling Error Report Message Types: fellthroughworld
2026-10-03T19:16:04 21.861 INF [BACKTRACE] Bug reporting Disabled with save uploading: Disabled
2026-10-03T19:16:04 22.174 INF [BACKTRACE] Platform ID set to: "EOS-0002a27c262e4f8d9c40beda1e4fa220"
2026-10-03T19:16:04 22.175 INF [BACKTRACE] Configuration refreshed from XML: Enabled True
2026-10-03T19:16:04 22.176 INF [BACKTRACE] Bug reporting: Disabled
2026-10-03T19:16:04 22.176 INF [BACKTRACE] Bug reporting attach save feature: Disabled
2026-10-03T19:16:04 22.177 INF [BACKTRACE] Bug reporting attach entire world feature: Disabled
2026-10-03T19:16:05 22.216 INF [EOS] Read (news_game_2026_7_blank.jpg) completed: Success, received 70434 bytes
2026-10-03T19:16:05 22.226 INF [EOS] Read (news_featured_ytz2.1.jpg) completed: Success, received 123752 bytes
2026-10-03T19:16:05 22.228 INF [EOS] Created RFS Request: news_featured_tfpmerch.jpg
2026-10-03T19:16:05 22.251 INF [EOS] Read (news_game_2026_2.6_stable.jpg) completed: Success, received 97562 bytes
2026-10-03T19:16:05 22.272 INF [EOS] Read (news_game_3.0_stable.jpg) completed: Success, received 275348 bytes
2026-10-03T19:16:05 22.316 INF [EOS] Read (news_featured_2026_dlc_07.jpg) completed: Success, received 925495 bytes
2026-10-03T19:16:05 22.318 INF [EOS] Created RFS Request: news_featured_soundtrack.jpg
2026-10-03T19:16:05 22.647 INF [EOS] Read (news_featured_tfpmerch.jpg) completed: Success, received 78916 bytes
2026-10-03T19:16:05 22.730 INF [EOS] Read (news_featured_soundtrack.jpg) completed: Success, received 235045 bytes
2026-10-03T19:16:05 22.835 WRN [EOS] [LogEOSMessaging - Warning] Connect Messaging: Lost connection to Stomp on 'wss://api.epicgames.dev/notifications/v1/c9ccbd00333f4dd6995beb7c75000942/connect' () - will attempt to reconnect after 5.0 seconds. LocalUserId=[000...220]
2026-10-03T19:16:05 22.902 INF [EOS] Read (news_featured_2026_dlc_06.jpg) completed: Success, received 149863 bytes
2026-10-03T19:16:22 39.887 WRN UIUtils: No device binding source could be found for PlayerAction GUI Inspect
2026-10-03T19:16:22 39.906 INF [TitleStorageOverridesManager] Using cached last success.
2026-10-03T19:16:30 48.032 WRN UIUtils: No device binding source could be found for PlayerAction GUI Cancel
2026-10-03T19:16:30 48.033 WRN UIUtils: No device binding source could be found for PlayerAction GUI Window Paging Up
2026-10-03T19:16:30 48.034 WRN UIUtils: No device binding source could be found for PlayerAction GUI Window Paging Down
2026-10-03T19:16:30 48.038 WRN UIUtils: No device binding source could be found for PlayerAction GUI Page Down
2026-10-03T19:16:30 48.039 WRN UIUtils: No device binding source could be found for PlayerAction GUI Page Up
2026-10-03T19:16:31 48.195 ERR [EOS] [LogEOSMessaging - Error] Connect Messaging: Failed to connect to Stomp! 
2026-10-03T19:16:37 55.084 INF [TitleStorageOverridesManager] Using cached last success.
2026-10-03T19:16:37 55.088 INF NET: Starting offline server.
2026-10-03T19:16:37 55.090 INF StartGame
2026-10-03T19:16:37 55.108 INF NetPackageManager Init
2026-10-03T19:16:37 55.130 INF [XUi] Instantiating XUi from default prefab.
2026-10-03T19:16:37 55.160 INF Persistent GamePrefs saved
GamePref.AdminFileName = serveradmin.xml
GamePref.AirDropFrequency = 3
GamePref.AirDropMarker = True
GamePref.AISmellMode = 2
GamePref.AllowSpawnNearBackpack = True
GamePref.AllowSpawnNearFriend = 2
GamePref.AutopilotMode = 0
GamePref.BedrollDeadZoneSize = 15
GamePref.BedrollExpiryTime = 45
GamePref.BiomeProgression = True
GamePref.BlockDamageAI = 100
GamePref.BlockDamageAIBM = 100
GamePref.BlockDamagePlayer = 100
GamePref.BloodMoonEnemyCount = 8
GamePref.BloodMoonFrequency = 7
GamePref.BloodMoonRange = 0
GamePref.BloodMoonWarning = 1
GamePref.BuildCreate = True
GamePref.CameraRestrictionMode = 0
GamePref.ConnectToServerIP = 26.27.164.153
GamePref.ConnectToServerPort = 26900
GamePref.CreateLevelDim = 4096
GamePref.CreateLevelName = My Level
GamePref.CreativeMenuEnabled = False
GamePref.DayCount = 3
GamePref.DayLightLength = 18
GamePref.DayNightLength = 60
GamePref.DeathPenalty = 1
GamePref.DebugMenuEnabled = False
GamePref.DebugMenuShowTasks = False
GamePref.DebugPanelsEnabled = ,Ply,Ge,Sp,Fo,Pr,
GamePref.DebugStopEnemiesMoving = False
GamePref.DiscordAutoJoinVoiceMode = 0
GamePref.DiscordDisabled = True
GamePref.DiscordDmPrivacyMode = True
GamePref.DiscordFirstTimeInfoShown = True
GamePref.DiscordInputVolume = 1
GamePref.DiscordLastAccountType = 2
GamePref.DiscordMuteDmNotifications = True
GamePref.DiscordOutputVolume = 1
GamePref.DiscordSelectedInputDevice = 
GamePref.DiscordSelectedOutputDevice = 
GamePref.DiscordVoiceModePtt = False
GamePref.DiscordVoiceVadModeAuto = True
GamePref.DiscordVoiceVadThreshold = -60
GamePref.DropOnDeath = 1
GamePref.DropOnQuit = 0
GamePref.DynamicMeshDistance = 100
GamePref.DynamicMeshEnabled = True
GamePref.DynamicMeshLandClaimBuffer = 1
GamePref.DynamicMeshLandClaimOnly = True
GamePref.DynamicMeshMaxItemCache = 1
GamePref.DynamicMeshMaxRegionCache = 1
GamePref.DynamicMeshUseImposters = True
GamePref.DynamicSpawner = 
GamePref.EACEnabled = False
GamePref.EnableMapRendering = False
GamePref.EnemyDifficulty = 0
GamePref.EnemySpawnMode = True
GamePref.EulaLatestVersion = 2
GamePref.EulaVersionAccepted = 2
GamePref.FavoriteServersList = 
GamePref.FragLimit = 20
GamePref.GameDifficulty = 1
GamePref.GameGuidClient = 
GamePref.GameMode = GameModeSurvival
GamePref.GameName = MC7DTD-Phase3-3
GamePref.GameNameClient = My Game
GamePref.GameSaveStorageType = 0
GamePref.GameVersion = V 3.2.0
GamePref.GameWorld = Navezgane
GamePref.GameWorldLocationType = 4
GamePref.HideCommandExecutionLog = 0
GamePref.IgnoreEOSSanctions = False
GamePref.JarRefund = 60
GamePref.JoiningOptions = True
GamePref.LandClaimCount = 5
GamePref.LandClaimDeadZone = 30
GamePref.LandClaimDecayMode = 0
GamePref.LandClaimExpiryTime = 7
GamePref.LandClaimOfflineDelay = 0
GamePref.LandClaimOfflineDurabilityModifier = 4
GamePref.LandClaimOnlineDurabilityModifier = 4
GamePref.LandClaimSize = 41
GamePref.Language = 
GamePref.LanguageBrowser = 
GamePref.LastGameResetRevision = 13
GamePref.LastLoadedPrefab = 
GamePref.LastLoadingTipRead = 27
GamePref.LootAbundance = 100
GamePref.LootRespawnDays = 7
GamePref.LootTimer = 
GamePref.MatchLength = 10
GamePref.MaxChunkAge = -1
GamePref.MaxQueuedMeshLayers = 40
GamePref.MaxSpawnedAnimals = 50
GamePref.MaxSpawnedZombies = 64
GamePref.MaxUncoveredMapChunksPerPlayer = 524288
GamePref.NoGraphicsMode = False
GamePref.OptionsAllowController = True
GamePref.OptionsAmbientVolumeLevel = 0.4956012
GamePref.OptionsAudioOcclusion = False
GamePref.OptionsAutoPartyWithFriends = True
GamePref.OptionsBackgroundGlobalOpacity = 0.95
GamePref.OptionsBindingsResetRevision = 1
GamePref.OptionsChatCommunication = True
GamePref.OptionsControllerAimAssists = True
GamePref.OptionsControllerCursorHoverSensitivity = 0.5
GamePref.OptionsControllerCursorSnap = True
GamePref.OptionsControllerIconStyle = 0
GamePref.OptionsControllerJoystickLayout = 0
GamePref.OptionsControllerLookAcceleration = 4
GamePref.OptionsControllerLookAxisDeadzone = 0.1
GamePref.OptionsControllerLookInvert = False
GamePref.OptionsControllerMoveAxisDeadzone = 0.1
GamePref.OptionsControllerSensitivityX = 0.35
GamePref.OptionsControllerSensitivityY = 0.25
GamePref.OptionsControllerTriggerEffects = False
GamePref.OptionsControllerVehicleSensitivity = 1
GamePref.OptionsControllerVibration = True
GamePref.OptionsControllerVibrationStrength = 2
GamePref.OptionsControllerWeaponAiming = False
GamePref.OptionsControllerZoomSensitivity = 0.5
GamePref.OptionsControlsDefaultQuickAction = 0
GamePref.OptionsControlsResetRevision = 7
GamePref.OptionsControlsSprintLock = 1
GamePref.OptionsCrosshairADS = True
GamePref.OptionsCrosshairColor = 0
GamePref.OptionsCrosshairDot3P = True
GamePref.OptionsCrosshairEnabled = True
GamePref.OptionsCrosshairOpacity = 1
GamePref.OptionsCrosshairRangedEnabled = True
GamePref.OptionsCrosshairScale = 1
GamePref.OptionsCrosshairThickness = 0.2
GamePref.OptionsCrossplay = True
GamePref.OptionsDisableChunkLODs = False
GamePref.OptionsDisableXmlEvents = False
GamePref.OptionsDynamicMusicDailyTime = 0.45
GamePref.OptionsDynamicMusicEnabled = True
GamePref.OptionsFilterProfanity = False
GamePref.OptionsForegroundGlobalOpacity = 1
GamePref.OptionsGfx3PCameraMode = 0
GamePref.OptionsGfxAA = 0
GamePref.OptionsGfxAASharpness = 0
GamePref.OptionsGfxBloom = True
GamePref.OptionsGfxBrightness = 1
GamePref.OptionsGfxCameraDistance3P = 0.2463343
GamePref.OptionsGfxDefaultFirstPersonCamera = True
GamePref.OptionsGfxDOF = False
GamePref.OptionsGfxDynamicMinFPS = 30
GamePref.OptionsGfxDynamicMode = 0
GamePref.OptionsGfxDynamicScale = 1
GamePref.OptionsGfxFOV = 75
GamePref.OptionsGfxFOV3P = 65
GamePref.OptionsGfxFSRPreset = 4
GamePref.OptionsGfxGrassDistance = 1
GamePref.OptionsGfxLimitFpsInGame = -1
GamePref.OptionsGfxLODDistance = 0.5
GamePref.OptionsGfxMotionBlur = 1
GamePref.OptionsGfxMotionBlurEnabled = True
GamePref.OptionsGfxObjQuality = 2
GamePref.OptionsGfxOcclusion = False
GamePref.OptionsGfxQualityPreset = 2
GamePref.OptionsGfxReflectQuality = 0
GamePref.OptionsGfxReflectShadows = False
GamePref.OptionsGfxResetRevision = 4
GamePref.OptionsGfxResolution = 0
GamePref.OptionsGfxShadowDistance = 0
GamePref.OptionsGfxShadowQuality = 1
GamePref.OptionsGfxSignQuality = 2
GamePref.OptionsGfxSSAO = False
GamePref.OptionsGfxSSReflections = 0
GamePref.OptionsGfxStreamMipmaps = True
GamePref.OptionsGfxSunShafts = True
GamePref.OptionsGfxTerrainQuality = 2
GamePref.OptionsGfxTexFilter = 2
GamePref.OptionsGfxTexQuality = 0
GamePref.OptionsGfxTreeDistance = 4
GamePref.OptionsGfxUpscalerMode = 5
GamePref.OptionsGfxViewDistance = 7
GamePref.OptionsGfxVsync = 1
GamePref.OptionsGfxWaterPtlLimiter = 0
GamePref.OptionsGfxWaterQuality = 1
GamePref.OptionsHudOpacity = 1
GamePref.OptionsHudSize = 1
GamePref.OptionsInterfaceSensitivity = 0.5
GamePref.OptionsIntroMovieEnabled = True
GamePref.OptionsInvertMouse = False
GamePref.OptionsJournalPopup = True
GamePref.OptionsLookSensitivity = 0.5
GamePref.OptionsMenuMusicVolumeLevel = 0.1627566
GamePref.OptionsMicVolumeLevel = 0.75
GamePref.OptionsMumblePositionalAudioSupport = False
GamePref.OptionsMusicVolumeLevel = 0.1715543
GamePref.OptionsOverallAudioVolumeLevel = 0.3958944
GamePref.OptionsPlayChanceFrequency = 3
GamePref.OptionsPlayChanceProbability = 0.983
GamePref.OptionsPlayerModelTexture = Player/Male/Player_male
GamePref.OptionsPOICulling = 1
GamePref.OptionsPoiVolumesSkipDeleteConfirmation = False
GamePref.OptionsQuestsAutoAccept = True
GamePref.OptionsQuestsAutoShare = True
GamePref.OptionsScreenBoundsValue = 1
GamePref.OptionsSelectionBoxAlphaMultiplier = 0.4
GamePref.OptionsShowCompass = True
GamePref.OptionsShowConsoleButton = False
GamePref.OptionsShowCrosshair = True
GamePref.OptionsStabSpawnBlocksOnGround = True
GamePref.OptionsSubtitlesEnabled = True
GamePref.OptionsTempCelsius = False
GamePref.OptionsUiCompassUseEnglishCardinalDirections = False
GamePref.OptionsUiFpsScaling = 1
GamePref.OptionsVehicleLookSensitivity = 0.5
GamePref.OptionsVoiceChatEnabled = True
GamePref.OptionsVoiceInputDevice = {c553feff-9e5e-4e0e-9d8b-19bc1a40a879}
GamePref.OptionsVoiceOutputDevice = {0.0.0.00000000}.{92fcbc13-e738-45c1-8c56-f448aedf9951}
GamePref.OptionsVoiceVolumeLevel = 0.75
GamePref.OptionsWeaponAiming = False
GamePref.OptionsZoomAccel = 0.5
GamePref.OptionsZoomSensitivity = 0.3
GamePref.PartySharedKillRange = 100
GamePref.PersistentPlayerProfiles = False
GamePref.PlayerAutologin = False
GamePref.PlayerKillingMode = 0
GamePref.PlayerName = 质朴且卑微-
GamePref.PlayerSafeZoneHours = 7
GamePref.PlayerSafeZoneLevel = 5
GamePref.PlaytestBiome = 3
GamePref.QuestProgressionDailyLimit = 4
GamePref.RebuildMap = False
GamePref.Region = Asia
GamePref.ResetUnprotectedChunks = 0
GamePref.SandboxCode = AAAJABJARFBNC
GamePref.SandboxPreset = Adventurer
GamePref.SaveDataLimit = -1
GamePref.SaveDataLimitType = Unlimited
GamePref.SelectionContextMode = 0
GamePref.SelectionOperationMode = 0
GamePref.ServerAdminSlots = 0
GamePref.ServerAdminSlotsPermission = 0
GamePref.ServerAllowCrossplay = True
GamePref.ServerDescription = 
GamePref.ServerDisabledNetworkProtocols = 
GamePref.ServerEACPeerToPeer = False
GamePref.ServerEnabled = False
GamePref.ServerIP = 
GamePref.ServerIsPublic = True
GamePref.ServerLoginConfirmationText = 
GamePref.ServerMatchmakingGroup = 
GamePref.ServerMaxAllowedViewDistance = 12
GamePref.ServerMaxPlayerCount = 2
GamePref.ServerMaxWorldTransferSpeedKiBs = 512
GamePref.ServerName = Default Server
GamePref.ServerPort = 26900
GamePref.ServerReservedSlots = 0
GamePref.ServerReservedSlotsPermission = 100
GamePref.ServerVisibility = 2
GamePref.ServerWebsiteURL = 
GamePref.ShowFriendPlayerOnMap = True
GamePref.SkipSpawnButton = False
GamePref.StormFreq = 100
GamePref.TelnetEnabled = False
GamePref.TelnetFailedLoginLimit = 10
GamePref.TelnetFailedLoginsBlocktime = 10
GamePref.TelnetPort = 25003
GamePref.TerminalWindowEnabled = True
GamePref.TwitchBloodMoonAllowed = True
GamePref.TwitchServerPermission = 90
GamePref.UNUSED_ControlPanelEnabled = False
GamePref.UNUSED_ControlPanelPort = 8080
GamePref.UNUSED_LastLoadedPrefabSize = 
GamePref.UNUSED_NewGameSetDefaults = 
GamePref.UNUSED_OptionsBloom = 
GamePref.UNUSED_OptionsDOF = 
GamePref.UNUSED_OptionsFieldOfViewNew = 
GamePref.UNUSED_OptionsGamma = 
GamePref.UNUSED_OptionsGfxGameplayResolutionHeight = 
GamePref.UNUSED_OptionsGfxGameplayResolutionWidth = 
GamePref.UNUSED_OptionsGfxUMATexQuality = 
GamePref.UNUSED_OptionsMotionBlur = 
GamePref.UNUSED_OptionsObjectBlur = 
GamePref.UNUSED_OptionsPlayerModel = playerMale
GamePref.UNUSED_OptionsReflectionBounces = 
GamePref.UNUSED_OptionsReflectionCullList = 
GamePref.UNUSED_OptionsReflectionFarClip = 
GamePref.UNUSED_OptionsReflectionRefreshMode = 
GamePref.UNUSED_OptionsReflectionShadowDistance = 
GamePref.UNUSED_OptionsReflectionTimeSlicingMode = 
GamePref.UNUSED_OptionsSSAO = 
GamePref.UNUSED_OptionsStreamingMipmapsBudget = 
GamePref.UNUSED_OptionsSunShafts = 
GamePref.UNUSED_PlayerId = 
GamePref.UNUSED_SaveGameFolder = 
GamePref.UNUSED_UserDataFolder = 
GamePref.UserWorldStorageType = 0
GamePref.WebDashboardEnabled = False
GamePref.WebDashboardPort = 8080
GamePref.WebDashboardUrl = 
GamePref.WorldGenSeed = 
GamePref.WorldGenSize = 8192
GamePref.XPMultiplier = 100
GamePref.ZombieBMMove = 3
GamePref.ZombieFeralMove = 3
GamePref.ZombieFeralSense = 0
GamePref.ZombieMove = 0
GamePref.ZombieMoveNight = 3
GamePref.ZombiePlayers = True
GameStat.AirDropFrequency = 0
GameStat.AirDropMarker = True
GameStat.AllowedViewDistance = 12
GameStat.AnimalCount = 0
GameStat.AutoParty = False
GameStat.BedrollExpiryTime = 45
GameStat.BiomeGSModifier = 100
GameStat.BiomeLSModifier = 100
GameStat.BiomeProgression = True
GameStat.BlockDamageAI = 100
GameStat.BlockDamageAIBM = 100
GameStat.BlockDamagePlayer = 100
GameStat.BloodMoonDay = 0
GameStat.BloodMoonEnemyCount = 8
GameStat.BloodMoonWarning = 8
GameStat.CameraRestrictionMode = 0
GameStat.ChunkStabilityEnabled = True
GameStat.CurrentRoundIx = 0
GameStat.DayLightLength = 18
GameStat.DayLimitActive = False
GameStat.DayLimitThisRound = 0
GameStat.DayNightLength = 60
GameStat.DeathPenalty = XPOnly
GameStat.DropOnDeath = 1
GameStat.DropOnQuit = 0
GameStat.EnemyCount = 0
GameStat.EnemyDifficulty = Normal
GameStat.EnemySpawnMode = True
GameStat.FragLimitActive = False
GameStat.FragLimitThisRound = 0
GameStat.GameDifficulty = 2
GameStat.GameModeId = 0
GameStat.GameState = 0
GameStat.GlobalGSModifier = 100
GameStat.GlobalLSModifier = 100
GameStat.GlobalMessageToShow = 
GameStat.IsCreativeMenuEnabled = False
GameStat.IsFlyingEnabled = False
GameStat.IsPlayerCollisionEnabled = True
GameStat.IsPlayerDamageEnabled = True
GameStat.IsResetMapOnRestart = False
GameStat.IsSaveSupplyCrates = True
GameStat.IsSpawnEnemies = True
GameStat.IsSpawnNearOtherPlayer = False
GameStat.IsTeleportEnabled = False
GameStat.IsVersionCheckDone = False
GameStat.JarRefund = 60
GameStat.LandClaimCount = 5
GameStat.LandClaimDeadZone = 30
GameStat.LandClaimDecayMode = 0
GameStat.LandClaimExpiryTime = 3
GameStat.LandClaimOfflineDelay = 0
GameStat.LandClaimOfflineDurabilityModifier = 32
GameStat.LandClaimOnlineDurabilityModifier = 32
GameStat.LandClaimSize = 41
GameStat.LoadScene = 
GameStat.LootAbundance = 100
GameStat.LootRespawnDays = 7
GameStat.LootTimer = 
GameStat.OptionsPOICulling = 0
GameStat.PartySharedKillRange = 100
GameStat.PlayerKillingMode = KillStrangersOnly
GameStat.QuestProgressionDailyLimit = 4
GameStat.SandboxCode = 
GameStat.SandboxPreset = 
GameStat.ScoreDiedMultiplier = -5
GameStat.ScorePlayerKillMultiplier = 1
GameStat.ScoreZombieKillMultiplier = 1
GameStat.ShowAllPlayersOnMap = False
GameStat.ShowFriendPlayerOnMap = True
GameStat.ShowSpawnWindow = False
GameStat.ShowWindow = 
GameStat.StormFreq = 0
GameStat.TimeLimitActive = False
GameStat.TimeLimitThisRound = 0
GameStat.TimeOfDayIncPerSec = 20
GameStat.TwitchBloodMoonAllowed = True
GameStat.UNUSED_GameDifficultyBonus = 
GameStat.UNUSED_ShowZombieCounter = 
GameStat.XPMultiplier = 100
GameStat.ZombieHordeMeter = False
Sandbox Code: AAAJABJARFBNC
Sandbox Options:
*** GENERAL ***
Option RangedDamage: 9/150% (default: 7/100%)
Option MeleeDamage: 9/150% (default: 7/100%)
Option IncomingDamage: 5/75% (default: 7/100%)
*** ENTITIES ***
Option AISmellMode: 2/慢跑 (default: 3/奔跑)
2026-10-03T19:16:38 55.417 INF [PlatformApplication] restart required = False
2026-10-03T19:16:38 55.420 INF StartAsServer
2026-10-03T19:16:38 55.544 INF Loaded (local): events in 0.00
2026-10-03T19:16:38 55.735 INF Set Microsplat diffuse: MicroSplatConfig_diff_tarray (UnityEngine.Texture2DArray)
2026-10-03T19:16:38 55.736 INF Set Microsplat normals: MicroSplatConfig_normal_tarray (UnityEngine.Texture2DArray)
2026-10-03T19:16:38 55.737 INF Set Microsplat smooth:  MicroSplatConfig_smoothAO_tarray (UnityEngine.Texture2DArray)
2026-10-03T19:16:38 55.742 INF Loaded (local): materials in 0.19
2026-10-03T19:16:38 55.759 INF Loaded (local): physicsbodies in 0.01
2026-10-03T19:16:38 55.767 INF Loaded (local): painting in 0.00
2026-10-03T19:16:38 55.836 INF Loaded (local): shapes in 0.01
2026-10-03T19:16:43 60.219 WRN [EOS] [LogEOSMessaging - Warning] Connect Messaging: Lost connection to Stomp on 'wss://api.epicgames.dev/notifications/v1/c9ccbd00333f4dd6995beb7c75000942/connect' () - will attempt to reconnect after 4.0 seconds. LocalUserId=[000...220]
The referenced script on this Behaviour (Game Object '<null>') is missing!
The referenced script on this Behaviour (Game Object '<null>') is missing!
The referenced script on this Behaviour (Game Object '<null>') is missing!
The referenced script on this Behaviour (Game Object '<null>') is missing!
The referenced script on this Behaviour (Game Object '<null>') is missing!
2026-10-03T19:16:50 67.431 WRN [EOS] [LogEOSMessaging - Warning] Connect Messaging: Lost connection to Stomp on 'wss://api.epicgames.dev/notifications/v1/c9ccbd00333f4dd6995beb7c75000942/connect' () - will attempt to reconnect after 6.2 seconds. LocalUserId=[000...220]
Unloading 3 Unused Serialized files (Serialized files now loaded: 60)
2026-10-03T19:16:52 69.487 INF Block IDs with mapping
2026-10-03T19:16:52 69.494 INF Block IDs total 24810, terr 30, last 25031
2026-10-03T19:16:52 69.503 INF Loaded (local): blocks in 13.39
Unloading 25386 unused Assets to reduce memory usage. Loaded Objects now: 365097.
Total: 218.585500 ms (FindLiveObjects: 18.691500 ms CreateObjectMapping: 10.245300 ms MarkObjects: 180.550400 ms  DeleteObjects: 9.097900 ms)

2026-10-03T19:16:52 69.810 INF Loaded (local): progression in 0.07
2026-10-03T19:16:52 69.953 INF Loaded (local): buffs in 0.10
2026-10-03T19:16:52 69.964 INF Loaded (local): misc in 0.01
2026-10-03T19:16:53 70.370 WRN Type:ItemClassWildChicken, Assembly-CSharp, Version=0.0.0.0, Culture=neutral, PublicKeyToken=null is missing the UnityEngine.Scripting.Preserve attribute, this will fail on consoles
2026-10-03T19:16:53 70.427 INF Loaded (local): items in 0.37
2026-10-03T19:16:53 70.481 INF Item IDs with mapping
2026-10-03T19:16:53 70.482 INF ItemIDs from Mapping
2026-10-03T19:16:53 70.485 INF ItemClass assignLeftOverItems 67056 of 81920
2026-10-03T19:16:53 70.531 INF Loaded (local): item_modifiers in 0.09
2026-10-03T19:16:53 70.612 INF Loaded (local): entityclasses in 0.06
2026-10-03T19:16:53 70.618 INF Loaded (local): qualityinfo in 0.00
2026-10-03T19:16:53 70.713 INF Loaded (local): sounds in 0.03
2026-10-03T19:16:53 70.752 INF Loaded (local): recipes in 0.02
2026-10-03T19:16:53 70.776 INF Loaded (local): blockplaceholders in 0.01
2026-10-03T19:16:53 70.838 INF Loaded (local): loot in 0.03
2026-10-03T19:16:53 70.917 INF Loaded (local): entitygroups in 0.02
2026-10-03T19:16:53 70.926 INF Loaded (local): utilityai in 0.00
2026-10-03T19:16:53 70.933 INF Loaded (local): vehicles in 0.00
2026-10-03T19:16:53 70.940 INF Loaded (local): rwgmixer in 0.00
2026-10-03T19:16:53 70.947 INF Loaded (local): weathersurvival in 0.00
2026-10-03T19:16:53 70.953 INF Loaded (local): archetypes in 0.00
2026-10-03T19:16:53 70.971 INF Loaded (local): challenges in 0.01
2026-10-03T19:16:53 71.024 INF Loaded (local): quests in 0.04
2026-10-03T19:16:53 71.039 INF Loaded (local): traders in 0.01
2026-10-03T19:16:53 71.061 INF Loaded (local): npc in 0.02
2026-10-03T19:16:53 71.076 INF Loaded (local): dialogs in 0.01
2026-10-03T19:16:53 71.097 INF Loaded (local): ui_display in 0.01
2026-10-03T19:16:53 71.116 INF Loaded (local): nav_objects in 0.01
2026-10-03T19:16:53 71.141 INF Loaded (local): gamestages in 0.01
2026-10-03T19:16:54 71.341 INF Loaded (local): gameevents in 0.17
2026-10-03T19:16:54 71.394 INF Loaded (local): twitch in 0.03
2026-10-03T19:16:54 71.406 INF Loaded (local): twitch_events in 0.01
2026-10-03T19:16:54 71.430 INF Loaded (local): dmscontent in 0.02
2026-10-03T19:16:54 71.438 INF Loaded (local): XUi_Common/styles in 0.00
2026-10-03T19:16:54 71.453 INF Loaded (local): XUi_Common/templates in 0.00
2026-10-03T19:16:54 71.460 INF Loaded (local): XUi_InGame/styles in 0.00
2026-10-03T19:16:54 71.474 INF Loaded (local): XUi_InGame/templates in 0.00
2026-10-03T19:16:54 71.539 INF Loaded (local): XUi_InGame/windows in 0.00
2026-10-03T19:16:54 71.554 INF [XUi] Loading XUi asynchronously
2026-10-03T19:16:54 71.584 INF Loaded (local): XUi_InGame/xui in 0.03
2026-10-03T19:16:54 71.888 INF Loaded (local): biomes in 0.16
2026-10-03T19:16:55 72.358 INF Loaded (local): worldglobal in 0.07
2026-10-03T19:16:55 72.720 INF Loaded (local): spawning in 0.07
2026-10-03T19:16:55 73.129 INF Loaded (local): loadingscreen in 0.08
2026-10-03T19:16:55 73.189 INF [XUi] Parsing all window groups completed in 1474 ms total.
2026-10-03T19:16:56 73.193 WRN UIUtils: No device binding source could be found for PlayerAction GUI Camera Left
2026-10-03T19:16:56 73.194 WRN UIUtils: No device binding source could be found for PlayerAction GUI Camera Right
2026-10-03T19:16:56 73.321 INF Added 1336 subtitle data entries and 3 speaker colors
2026-10-03T19:16:56 73.352 INF Loaded (local): subtitles in 0.07
2026-10-03T19:16:56 73.793 INF Loaded (local): videos in 0.13
2026-10-03T19:16:56 74.104 INF ShapeControllers: 96
2026-10-03T19:16:56 74.118 INF Loaded (local): signs in 0.15
2026-10-03T19:16:57 74.429 INF Loaded (local): sandbox_overrides in 0.05
2026-10-03T19:16:57 74.508 INF [XUi] Initialized all window groups completed in 1187 ms total.
2026-10-03T19:16:57 74.510 INF Loading players.xml
2026-10-03T19:16:57 74.533 INF createWorld: Navezgane, Navezgane (src: GameData, DeviceLocal), MC7DTD-Phase3-3, GameModeSurvival
2026-10-03T19:16:57 74.534 INF Occlusion: Disabled
2026-10-03T19:16:57 74.546 INF Started thread ChunkRegeneration
2026-10-03T19:16:57 74.547 INF Started thread ChunkCalc
2026-10-03T19:16:57 74.547 INF Started thread ChunkMeshBake
2026-10-03T19:16:57 74.573 INF World.Load: Navezgane Navezgane (src: GameData, DeviceLocal)
2026-10-03T19:16:57 74.582 WRN Next Airdrop: 4 12:00
2026-10-03T19:16:57 74.583 INF BloodMoon SetDay: day 7, last day 0, freq 7, range 0
2026-10-03T19:16:57 74.594 INF Started thread WaterSimulationApplyChanges
2026-10-03T19:16:59 76.750 WRN [EOS] [LogEOSMessaging - Warning] Connect Messaging: Lost connection to Stomp on 'wss://api.epicgames.dev/notifications/v1/c9ccbd00333f4dd6995beb7c75000942/connect' () - will attempt to reconnect after 4.2 seconds. LocalUserId=[000...220]
2026-10-03T19:17:02 79.704 INF Started thread GenerateChunks
2026-10-03T19:17:02 80.018 INF Calculating world hashes took 311 ms (world size 193 MiB)
2026-10-03T19:17:02 80.022 INF Initial ENABLE_FILE_BACKED_ARRAYS == False
2026-10-03T19:17:02 80.172 INF GenWorldFromRaw load dtm took 466ms
2026-10-03T19:17:03 80.225 INF Biomes image size w= 3072, h = 3072
2026-10-03T19:17:03 80.680 INF GenWorldFromRaw biomes took 506ms
Unloading 2 Unused Serialized files (Serialized files now loaded: 61)
Unloading 6356 unused Assets to reduce memory usage. Loaded Objects now: 507738.
Total: 546.339200 ms (FindLiveObjects: 27.507800 ms CreateObjectMapping: 14.371800 ms MarkObjects: 500.346100 ms  DeleteObjects: 4.113200 ms)

2026-10-03T19:17:04 82.041 INF GenWorldFromRaw shader control textures took 479ms
2026-10-03T19:17:05 82.341 INF Computed 506 chunk groups containing a total of 9722 chunks. Largest group contains 435 chunks.
2026-10-03T19:17:05 82.357 INF Started thread SaveChunks D:\wenjian\minecraft\7-M\runtime\7dtd\Saves\Navezgane\MC7DTD-Phase3-3\Region
2026-10-03T19:17:05 82.365 INF GenWorldFromRaw misc took 322ms
2026-10-03T19:17:06 83.477 INF GenWorldFromRaw splats took 1111ms
Unloading 0 Unused Serialized files (Serialized files now loaded: 61)
Unloading 0 unused Assets to reduce memory usage. Loaded Objects now: 507742.
Total: 578.135300 ms (FindLiveObjects: 28.487600 ms CreateObjectMapping: 12.255700 ms MarkObjects: 535.141300 ms  DeleteObjects: 2.250300 ms)

2026-10-03T19:17:07 84.338 WRN [EOS] [LogEOSMessaging - Warning] Connect Messaging: Lost connection to Stomp on 'wss://api.epicgames.dev/notifications/v1/c9ccbd00333f4dd6995beb7c75000942/connect' () - will attempt to reconnect after 4.6 seconds. LocalUserId=[000...220]
2026-10-03T19:17:07 84.704 INF [DECO] read 75511
2026-10-03T19:17:07 84.739 INF Dynamic Music Initialized on Server
2026-10-03T19:17:07 84.756 INF Dynamic Music Initialized on Client
2026-10-03T19:17:07 84.757 INF Begin DMS Conductor Preload Routine
2026-10-03T19:17:07 84.758 INF Preloading LayeredSection Exploration : Type: DynamicMusic.Adventure
2026-10-03T19:17:07 84.760 INF Loading new config for Exploration...
2026-10-03T19:17:07 84.768 INF Loading new ClipSets for Exploration...
2026-10-03T19:17:07 84.786 INF Exploration loaded new config and clipsets
2026-10-03T19:17:07 84.809 INF Preloading LayeredSection Suspense : Type: DynamicMusic.Adventure
2026-10-03T19:17:07 84.810 INF Loading new config for Suspense...
2026-10-03T19:17:07 84.812 INF Loading new ClipSets for Suspense...
2026-10-03T19:17:07 84.826 INF Suspense loaded new config and clipsets
2026-10-03T19:17:07 84.853 INF Preloading LayeredSection Combat : Type: DynamicMusic.Combat
2026-10-03T19:17:07 84.854 INF Loading new config for Combat...
2026-10-03T19:17:07 84.856 INF Loading new ClipSets for Combat...
2026-10-03T19:17:07 84.877 INF Combat loaded new config and clipsets
2026-10-03T19:17:07 84.912 INF Preloading LayeredSection Bloodmoon : Type: DynamicMusic.Bloodmoon
2026-10-03T19:17:07 84.914 INF Loading new config for Bloodmoon...
2026-10-03T19:17:07 85.022 INF [EOS] Created RFS Request: drops.xml
2026-10-03T19:17:07 85.122 INF AstarManager Init
2026-10-03T19:17:08 85.387 INF createWorld() done
2026-10-03T19:17:14 91.985 WRN [EOS] [LogEOSMessaging - Warning] Connect Messaging: Lost connection to Stomp on 'wss://api.epicgames.dev/notifications/v1/c9ccbd00333f4dd6995beb7c75000942/connect' () - will attempt to reconnect after 5.8 seconds. LocalUserId=[000...220]
The referenced script on this Behaviour (Game Object 'Camera') is missing!
The referenced script on this Behaviour (Game Object '<null>') is missing!
The referenced script on this Behaviour (Game Object 'Camera') is missing!
The referenced script on this Behaviour (Game Object 'Camera') is missing!
2026-10-03T19:17:18 95.791 INF Created player with id=171
2026-10-03T19:17:18 95.800 INF [PartyQuests] Player registered: [type=EntityPlayerLocal, name=质朴且卑微-, id=171]
2026-10-03T19:17:18 95.825 INF Respawning: LoadedGame
2026-10-03T19:17:18 95.829 INF Loaded player
2026-10-03T19:17:18 95.941 INF VehicleManager D:\wenjian\minecraft\7-M\runtime\7dtd\Saves/Navezgane/MC7DTD-Phase3-3/vehicles.dat, loaded 0
2026-10-03T19:17:18 95.943 INF DroneManager D:\wenjian\minecraft\7-M\runtime\7dtd\Saves/Navezgane/MC7DTD-Phase3-3/drones.dat, loaded 0
2026-10-03T19:17:18 95.944 INF TurretTracker D:\wenjian\minecraft\7-M\runtime\7dtd\Saves/Navezgane/MC7DTD-Phase3-3/turrets.dat, loaded 0
Unloading 3 Unused Serialized files (Serialized files now loaded: 68)
Unloading 462 unused Assets to reduce memory usage. Loaded Objects now: 516586.
Total: 381.846900 ms (FindLiveObjects: 23.399700 ms CreateObjectMapping: 12.223600 ms MarkObjects: 342.057900 ms  DeleteObjects: 4.165300 ms)

2026-10-03T19:17:19 96.683 INF 60sec delta: 0,current: 1130577,desired: 1205841
2026-10-03T19:17:19 96.685 INF [Backtrace] Updated Statistics
2026-10-03T19:17:19 96.767 INF [MC7DTD] 7DTD entity sent: {"authority":"7dtd","dimension":"7dtd:main","entity_id":"d8e7c437-fca2-4ccd-82e9-ad13fdaf1690","entity_type":"7dtd:player","lifecycle":{"event":"spawn"},"metadata":{},"origin":{"dimension":"7dtd:main","entity_id":"d8e7c437-fca2-4ccd-82e9-ad13fdaf1690","game":"7dtd","world_id":"td-0d917a4eff776d999148769266591579674d2c42de6557026893a1902834f11f"},"position":{"space":"7dtd","x":-273.16122436523438,"y":61.079998016357422,"z":448.56515502929688},"rotation":{"pitch":-4,"roll":0,"yaw":106.17741394042969},"sequence":1,"source":"7dtd","stream_id":"5cf26971-f748-4142-b4cd-04d762e18d59","type":"entity_state","version":2,"world_id":"td-0d917a4eff776d999148769266591579674d2c42de6557026893a1902834f11f"}
2026-10-03T19:17:19 96.772 INF OpenSpawnWindow
2026-10-03T19:17:19 96.777 INF Loading dymesh settings
2026-10-03T19:17:19 96.778 INF Dynamic Mesh Settings
2026-10-03T19:17:19 96.779 INF Use Imposter Values: True
2026-10-03T19:17:19 96.780 INF Only Player Areas: True
2026-10-03T19:17:19 96.781 INF Player Area Buffer: 1
2026-10-03T19:17:19 96.781 INF Max View Distance: 100
2026-10-03T19:17:19 96.782 INF Regen all on new world: False
2026-10-03T19:17:19 96.785 INF Dymesh: Prepping dynamic mesh. Resend Default: True
2026-10-03T19:17:19 96.786 INF Dymesh: Mesh location: D:\wenjian\minecraft\7-M\runtime\7dtd\Saves/Navezgane/MC7DTD-Phase3-3/DynamicMeshes/
2026-10-03T19:17:19 96.788 INF [Web] Webserver not started, WebDashboardEnabled set to false
2026-10-03T19:17:19 96.789 INF StartGame done
2026-10-03T19:17:19 96.844 INF [DECO] written 75511, in 14ms
2026-10-03T19:17:19 96.853 INF [DECO] write thread 6ms
2026-10-03T19:17:19 97.028 INF 62056 EntityBackpack id 178, plyrId 171, (0.0, 0.0, 0.0) (0, 0), chunk False (0, 0, 0), items 5 drinkJarBoiledWater, foodCanChili at ((0.00, 0.00, 0.00)) : Read
2026-10-03T19:17:19 97.029 INF 62056 EntityBackpack id 178, plyrId 171, (-274.1, 61.2, 448.8) (-18, 28), chunk True (-18, 3, 28), items 5 drinkJarBoiledWater, foodCanChili at ((-274.12, 61.25, 448.84)) : Write
2026-10-03T19:17:19 97.038 INF 62056 EntityBackpack id 178, plyrId 171, (-274.1, 61.2, 448.8) (-18, 28), chunk True (-18, 3, 28), items 5 drinkJarBoiledWater, foodCanChili at ((-274.12, 61.25, 448.84)) : Start
2026-10-03T19:17:20 97.268 INF [MC7DTD] 7DTD entity sent: {"authority":"7dtd","dimension":"7dtd:main","entity_id":"d8e7c437-fca2-4ccd-82e9-ad13fdaf1690","entity_type":"7dtd:player","lifecycle":{"event":"update"},"metadata":{},"origin":{"dimension":"7dtd:main","entity_id":"d8e7c437-fca2-4ccd-82e9-ad13fdaf1690","game":"7dtd","world_id":"td-0d917a4eff776d999148769266591579674d2c42de6557026893a1902834f11f"},"position":{"space":"7dtd","x":-273.16122436523438,"y":61.079998016357422,"z":448.56515502929688},"rotation":{"pitch":-4,"roll":0,"yaw":106.17741394042969},"sequence":2,"source":"7dtd","stream_id":"5cf26971-f748-4142-b4cd-04d762e18d59","type":"entity_state","version":2,"world_id":"td-0d917a4eff776d999148769266591579674d2c42de6557026893a1902834f11f"}
2026-10-03T19:17:21 98.441 INF Respawn almost done
2026-10-03T19:17:21 98.449 INF PlayerSpawnedInWorld (reason: LoadedGame, position: -273, 61, 448): localplayer
2026-10-03T19:17:21 98.452 INF 62112+0 Origin Reposition (0.0, 0.0, 0.0) to (-288.0, 48.0, 448.0)
2026-10-03T19:17:21 98.468 WRN [PROPS] ActionTarget implicitly converted to Vector3, but failed: ActionTarget
2026-10-03T19:17:21 98.550 INF 质朴且卑微- onNewBiomeEntered +buffForest_Hazard
2026-10-03T19:17:21 98.570 INF [MC7DTD] 7DTD entity sent: {"authority":"7dtd","dimension":"7dtd:main","entity_id":"d8e7c437-fca2-4ccd-82e9-ad13fdaf1690","entity_type":"7dtd:player","lifecycle":{"event":"update"},"metadata":{},"origin":{"dimension":"7dtd:main","entity_id":"d8e7c437-fca2-4ccd-82e9-ad13fdaf1690","game":"7dtd","world_id":"td-0d917a4eff776d999148769266591579674d2c42de6557026893a1902834f11f"},"position":{"space":"7dtd","x":-273.16122436523438,"y":61.079998016357422,"z":448.56515502929688},"rotation":{"pitch":0,"roll":0,"yaw":106.17741394042969},"sequence":3,"source":"7dtd","stream_id":"5cf26971-f748-4142-b4cd-04d762e18d59","type":"entity_state","version":2,"world_id":"td-0d917a4eff776d999148769266591579674d2c42de6557026893a1902834f11f"}
2026-10-03T19:17:21 98.607 INF Dymesh: Warming dynamic mesh
2026-10-03T19:17:21 98.607 INF Dymesh: Creating dynamic mesh manager
2026-10-03T19:17:21 98.611 INF Dymesh: Awake
2026-10-03T19:17:21 98.612 INF Dymesh: Mesh location: D:\wenjian\minecraft\7-M\runtime\7dtd\Saves/Navezgane/MC7DTD-Phase3-3/DynamicMeshes/
2026-10-03T19:17:21 98.613 INF Dymesh: Loading Items: D:\wenjian\minecraft\7-M\runtime\7dtd\Saves/Navezgane/MC7DTD-Phase3-3/DynamicMeshes/
2026-10-03T19:17:21 98.615 INF Dymesh: Loaded Items: 0
2026-10-03T19:17:21 98.616 INF Dymesh: Loading all items took: 0.0040007 seconds.
2026-10-03T19:17:21 98.621 INF Meshlist count is now 1
2026-10-03T19:17:21 98.621 INF Meshlist count is now 2
2026-10-03T19:17:21 98.622 INF Force load took 0 seconds
2026-10-03T19:17:21 98.624 INF Clearing queues.
2026-10-03T19:17:21 98.625 INF Cleared queues.
2026-10-03T19:17:21 98.627 INF Dynamic thread starting
2026-10-03T19:17:21 98.627 INF Dymesh door replacement: imposterBlock
2026-10-03T19:17:21 99.116 INF [MC7DTD] 7DTD entity sent: {"authority":"7dtd","dimension":"7dtd:main","entity_id":"d8e7c437-fca2-4ccd-82e9-ad13fdaf1690","entity_type":"7dtd:player","lifecycle":{"event":"update"},"metadata":{},"origin":{"dimension":"7dtd:main","entity_id":"d8e7c437-fca2-4ccd-82e9-ad13fdaf1690","game":"7dtd","world_id":"td-0d917a4eff776d999148769266591579674d2c42de6557026893a1902834f11f"},"position":{"space":"7dtd","x":-273.16122436523438,"y":61.079998016357422,"z":448.56515502929688},"rotation":{"pitch":0,"roll":0,"yaw":106.17741394042969},"sequence":4,"source":"7dtd","stream_id":"5cf26971-f748-4142-b4cd-04d762e18d59","type":"entity_state","version":2,"world_id":"td-0d917a4eff776d999148769266591579674d2c42de6557026893a1902834f11f"}
2026-10-03T19:17:22 99.618 INF [MC7DTD] 7DTD entity sent: {"authority":"7dtd","dimension":"7dtd:main","entity_id":"d8e7c437-fca2-4ccd-82e9-ad13fdaf1690","entity_type":"7dtd:player","lifecycle":{"event":"update"},"metadata":{},"origin":{"dimension":"7dtd:main","entity_id":"d8e7c437-fca2-4ccd-82e9-ad13fdaf1690","game":"7dtd","world_id":"td-0d917a4eff776d999148769266591579674d2c42de6557026893a1902834f11f"},"position":{"space":"7dtd","x":-273.16122436523438,"y":61.079998016357422,"z":448.56515502929688},"rotation":{"pitch":0,"roll":0,"yaw":106.17741394042969},"sequence":5,"source":"7dtd","stream_id":"5cf26971-f748-4142-b4cd-04d762e18d59","type":"entity_state","version":2,"world_id":"td-0d917a4eff776d999148769266591579674d2c42de6557026893a1902834f11f"}
2026-10-03T19:17:22 99.619 WRN [MultiBlockManager][Alignment] SetTerrainAlignmentDirty failed; no terrain-aligned block has been registered at the specified world position: -291, 59, 380
2026-10-03T19:17:22 99.764 WRN Unexpected case in Sign Data Manager: signRenderer is null
2026-10-03T19:17:22 99.871 WRN Unexpected case in Sign Data Manager: signRenderer is null
2026-10-03T19:17:22 99.960 WRN Unexpected case in Sign Data Manager: signRenderer is null
2026-10-03T19:17:22 100.120 INF [MC7DTD] 7DTD entity sent: {"authority":"7dtd","dimension":"7dtd:main","entity_id":"d8e7c437-fca2-4ccd-82e9-ad13fdaf1690","entity_type":"7dtd:player","lifecycle":{"event":"update"},"metadata":{},"origin":{"dimension":"7dtd:main","entity_id":"d8e7c437-fca2-4ccd-82e9-ad13fdaf1690","game":"7dtd","world_id":"td-0d917a4eff776d999148769266591579674d2c42de6557026893a1902834f11f"},"position":{"space":"7dtd","x":-273.16122436523438,"y":61.079998016357422,"z":448.56515502929688},"rotation":{"pitch":0,"roll":0,"yaw":106.17741394042969},"sequence":6,"source":"7dtd","stream_id":"5cf26971-f748-4142-b4cd-04d762e18d59","type":"entity_state","version":2,"world_id":"td-0d917a4eff776d999148769266591579674d2c42de6557026893a1902834f11f"}
2026-10-03T19:17:23 100.622 INF [MC7DTD] 7DTD entity sent: {"authority":"7dtd","dimension":"7dtd:main","entity_id":"d8e7c437-fca2-4ccd-82e9-ad13fdaf1690","entity_type":"7dtd:player","lifecycle":{"event":"update"},"metadata":{},"origin":{"dimension":"7dtd:main","entity_id":"d8e7c437-fca2-4ccd-82e9-ad13fdaf1690","game":"7dtd","world_id":"td-0d917a4eff776d999148769266591579674d2c42de6557026893a1902834f11f"},"position":{"space":"7dtd","x":-273.16122436523438,"y":61.079998016357422,"z":448.56515502929688},"rotation":{"pitch":0,"roll":0,"yaw":106.17741394042969},"sequence":7,"source":"7dtd","stream_id":"5cf26971-f748-4142-b4cd-04d762e18d59","type":"entity_state","version":2,"world_id":"td-0d917a4eff776d999148769266591579674d2c42de6557026893a1902834f11f"}
2026-10-03T19:17:23 101.124 INF [MC7DTD] 7DTD entity sent: {"authority":"7dtd","dimension":"7dtd:main","entity_id":"d8e7c437-fca2-4ccd-82e9-ad13fdaf1690","entity_type":"7dtd:player","lifecycle":{"event":"update"},"metadata":{},"origin":{"dimension":"7dtd:main","entity_id":"d8e7c437-fca2-4ccd-82e9-ad13fdaf1690","game":"7dtd","world_id":"td-0d917a4eff776d999148769266591579674d2c42de6557026893a1902834f11f"},"position":{"space":"7dtd","x":-273.16122436523438,"y":61.079998016357422,"z":448.56515502929688},"rotation":{"pitch":0,"roll":0,"yaw":106.17741394042969},"sequence":8,"source":"7dtd","stream_id":"5cf26971-f748-4142-b4cd-04d762e18d59","type":"entity_state","version":2,"world_id":"td-0d917a4eff776d999148769266591579674d2c42de6557026893a1902834f11f"}
2026-10-03T19:17:24 101.590 WRN [EOS] [LogHttp - Warning] 00000218D9415490: SeekCallback: Failed to seek to Offset=0, Origin=0 seek disabled
2026-10-03T19:17:24 101.591 WRN [EOS] [LogHttp - Warning] 00000218D9415490: invalid HTTP response code received. URL: https://api.epicgames.dev/telemetry/data/datarouter/api/v1/public/data?SessionID=%7BB2ECD6D0-413E-F161-7352-C0B21194633E%7D&AppID=EOSSDK.PhaseRelease.ReleaseBuild&AppVersion=1.19.0.7-52449437%20-%20%2B%2BEOSSDK%2BRelease-1.19.0.7&UserID=&AppEnvironment=Production&UploadType=sdkevents, HTTP code: 0, content length: 0, actual payload size: 0
2026-10-03T19:17:24 101.592 WRN [EOS] [LogHttp - Warning] 00000218D9415490: request failed, libcurl error: 65 (Send failed since rewinding of the data stream failed)
2026-10-03T19:17:24 101.592 WRN [EOS] [LogHttp - Warning] 00000218D9415490: libcurl info message cache 0 (Connection 2 seems to be dead)
2026-10-03T19:17:24 101.593 WRN [EOS] [LogHttp - Warning] 00000218D9415490: libcurl info message cache 1 (Closing connection)
2026-10-03T19:17:24 101.594 WRN [EOS] [LogHttp - Warning] 00000218D9415490: libcurl info message cache 2 (schannel: shutting down SSL/TLS connection with api.epicgames.dev port 443)
2026-10-03T19:17:24 101.594 WRN [EOS] [LogHttp - Warning] 00000218D9415490: libcurl info message cache 3 (Connection 4 seems to be dead)
2026-10-03T19:17:24 101.595 WRN [EOS] [LogHttp - Warning] 00000218D9415490: libcurl info message cache 4 (Closing connection)
2026-10-03T19:17:24 101.595 WRN [EOS] [LogHttp - Warning] 00000218D9415490: libcurl info message cache 5 (schannel: shutting down SSL/TLS connection with api.epicgames.dev port 443)
2026-10-03T19:17:24 101.596 WRN [EOS] [LogHttp - Warning] 00000218D9415490: libcurl info message cache 6 (Found bundle for host: 0x2182e973510 [serially])
2026-10-03T19:17:24 101.596 WRN [EOS] [LogHttp - Warning] 00000218D9415490: libcurl info message cache 7 (Re-using existing connection with host api.epicgames.dev)
2026-10-03T19:17:24 101.597 WRN [EOS] [LogHttp - Warning] 00000218D9415490: libcurl info message cache 8 (We are completely uploaded and fine)
2026-10-03T19:17:24 101.598 WRN [EOS] [LogHttp - Warning] 00000218D9415490: libcurl info message cache 9 (Recv failure: Connection was reset)
2026-10-03T19:17:24 101.598 WRN [EOS] [LogHttp - Warning] 00000218D9415490: libcurl info message cache 10 (schannel: recv returned CURLE_RECV_ERROR)
2026-10-03T19:17:24 101.599 WRN [EOS] [LogHttp - Warning] 00000218D9415490: libcurl info message cache 11 (Connection died, retrying a fresh connect (retry count: 1))
2026-10-03T19:17:24 101.599 WRN [EOS] [LogHttp - Warning] 00000218D9415490: libcurl info message cache 12 (state.rewindbeforesend = TRUE)
2026-10-03T19:17:24 101.600 WRN [EOS] [LogHttp - Warning] 00000218D9415490: libcurl info message cache 13 (Closing connection)
2026-10-03T19:17:24 101.601 WRN [EOS] [LogHttp - Warning] 00000218D9415490: libcurl info message cache 14 (schannel: shutting down SSL/TLS connection with api.epicgames.dev port 443)
2026-10-03T19:17:24 101.601 WRN [EOS] [LogHttp - Warning] 00000218D9415490: libcurl info message cache 15 (Send failure: Connection was reset)
2026-10-03T19:17:24 101.602 WRN [EOS] [LogHttp - Warning] 00000218D9415490: libcurl info message cache 16 (schannel: failed to send close msg: Failed sending data to the peer (bytes written: -1))
2026-10-03T19:17:24 101.603 WRN [EOS] [LogHttp - Warning] 00000218D9415490: libcurl info message cache 17 (Issue another request to this URL: 'https://api.epicgames.dev/telemetry/data/datarouter/api/v1/public/data?SessionID=%7BB2ECD6D0-413E-F161-7352-C0B21194633E%7D&AppID=EOSSDK.PhaseRelease.ReleaseBuild&AppVersion=1.19.0.7-52449437%20-%20%2B%2BEOSSDK%2BRelease-1.19.0.7&UserID=&AppEnvironment=Production&UploadType=sdkevents')
2026-10-03T19:17:24 101.603 WRN [EOS] [LogHttp - Warning] 00000218D9415490: libcurl info message cache 18 (Found bundle for host: 0x2182e973510 [serially])
2026-10-03T19:17:24 101.604 WRN [EOS] [LogHttp - Warning] 00000218D9415490: libcurl info message cache 19 (Re-using existing connection with host api.epicgames.dev)
2026-10-03T19:17:24 101.605 WRN [EOS] [LogHttp - Warning] 00000218D9415490: libcurl info message cache 20 (We are completely uploaded and fine)
2026-10-03T19:17:24 101.605 WRN [EOS] [LogHttp - Warning] 00000218D9415490: libcurl info message cache 21 (Recv failure: Connection was reset)
2026-10-03T19:17:24 101.606 WRN [EOS] [LogHttp - Warning] 00000218D9415490: libcurl info message cache 22 (schannel: recv returned CURLE_RECV_ERROR)
2026-10-03T19:17:24 101.607 WRN [EOS] [LogHttp - Warning] 00000218D9415490: libcurl info message cache 23 (Connection died, retrying a fresh connect (retry count: 2))
2026-10-03T19:17:24 101.607 WRN [EOS] [LogHttp - Warning] 00000218D9415490: libcurl info message cache 24 (state.rewindbeforesend = TRUE)
2026-10-03T19:17:24 101.608 WRN [EOS] [LogHttp - Warning] 00000218D9415490: libcurl info message cache 25 (Closing connection)
2026-10-03T19:17:24 101.610 WRN [EOS] [LogHttp - Warning] 00000218D9415490: libcurl info message cache 26 (schannel: shutting down SSL/TLS connection with api.epicgames.dev port 443)
2026-10-03T19:17:24 101.610 WRN [EOS] [LogHttp - Warning] 00000218D9415490: libcurl info message cache 27 (Send failure: Connection was reset)
2026-10-03T19:17:24 101.611 WRN [EOS] [LogHttp - Warning] 00000218D9415490: libcurl info message cache 28 (schannel: failed to send close msg: Failed sending data to the peer (bytes written: -1))
2026-10-03T19:17:24 101.612 WRN [EOS] [LogHttp - Warning] 00000218D9415490: libcurl info message cache 29 (Issue another request to this URL: 'https://api.epicgames.dev/telemetry/data/datarouter/api/v1/public/data?SessionID=%7BB2ECD6D0-413E-F161-7352-C0B21194633E%7D&AppID=EOSSDK.PhaseRelease.ReleaseBuild&AppVersion=1.19.0.7-52449437%20-%20%2B%2BEOSSDK%2BRelease-1.19.0.7&UserID=&AppEnvironment=Production&UploadType=sdkevents')
2026-10-03T19:17:24 101.613 WRN [EOS] [LogHttp - Warning] 00000218D9415490: libcurl info message cache 30 (Found bundle for host: 0x2182e973510 [serially])
2026-10-03T19:17:24 101.613 WRN [EOS] [LogHttp - Warning] 00000218D9415490: libcurl info message cache 31 (  Trying 198.18.0.83:443...)
2026-10-03T19:17:24 101.614 WRN [EOS] [LogHttp - Warning] 00000218D9415490: libcurl info message cache 32 (Connected to api.epicgames.dev (198.18.0.83) port 443)
2026-10-03T19:17:24 101.615 WRN [EOS] [LogHttp - Warning] 00000218D9415490: libcurl info message cache 33 (ALPN: curl offers http/1.1)
2026-10-03T19:17:24 101.615 WRN [EOS] [LogHttp - Warning] 00000218D9415490: libcurl info message cache 34 (ALPN: server accepted http/1.1)
2026-10-03T19:17:24 101.616 WRN [EOS] [LogHttp - Warning] 00000218D9415490: libcurl info message cache 35 (using HTTP/1.1)
2026-10-03T19:17:24 101.617 WRN [EOS] [LogHttp - Warning] 00000218D9415490: libcurl info message cache 36 (seek callback returned error 2)
2026-10-03T19:17:24 101.617 WRN [EOS] [LogHttp - Warning] 00000218D9415490: libcurl info message cache 37 (Closing connection)
2026-10-03T19:17:24 101.618 WRN [EOS] [LogHttp - Warning] 00000218D9415490: libcurl info message cache 38 (schannel: shutting down SSL/TLS connection with api.epicgames.dev port 443)
2026-10-03T19:17:24 101.619 WRN [EOS] [LogEOSMessaging - Warning] Connect Messaging: Lost connection to Stomp on 'wss://api.epicgames.dev/notifications/v1/c9ccbd00333f4dd6995beb7c75000942/connect' () - will attempt to reconnect after 4.1 seconds. LocalUserId=[000...220]
2026-10-03T19:17:24 101.620 WRN [EOS] [LogHttp - Warning] Retry exhausted on https://api.epicgames.dev/telemetry/data/datarouter/api/v1/public/data?SessionID=%7BB2ECD6D0-413E-F161-7352-C0B21194633E%7D&AppID=EOSSDK.PhaseRelease.ReleaseBuild&AppVersion=1.19.0.7-52449437%20-%20%2B%2BEOSSDK%2BRelease-1.19.0.7&UserID=&AppEnvironment=Production&UploadType=sdkevents
2026-10-03T19:17:24 101.626 INF [MC7DTD] 7DTD entity sent: {"authority":"7dtd","dimension":"7dtd:main","entity_id":"d8e7c437-fca2-4ccd-82e9-ad13fdaf1690","entity_type":"7dtd:player","lifecycle":{"event":"update"},"metadata":{},"origin":{"dimension":"7dtd:main","entity_id":"d8e7c437-fca2-4ccd-82e9-ad13fdaf1690","game":"7dtd","world_id":"td-0d917a4eff776d999148769266591579674d2c42de6557026893a1902834f11f"},"position":{"space":"7dtd","x":-273.16122436523438,"y":61.079998016357422,"z":448.56515502929688},"rotation":{"pitch":0,"roll":0,"yaw":106.17741394042969},"sequence":9,"source":"7dtd","stream_id":"5cf26971-f748-4142-b4cd-04d762e18d59","type":"entity_state","version":2,"world_id":"td-0d917a4eff776d999148769266591579674d2c42de6557026893a1902834f11f"}
2026-10-03T19:17:24 102.128 INF [MC7DTD] 7DTD entity sent: {"authority":"7dtd","dimension":"7dtd:main","entity_id":"d8e7c437-fca2-4ccd-82e9-ad13fdaf1690","entity_type":"7dtd:player","lifecycle":{"event":"update"},"metadata":{},"origin":{"dimension":"7dtd:main","entity_id":"d8e7c437-fca2-4ccd-82e9-ad13fdaf1690","game":"7dtd","world_id":"td-0d917a4eff776d999148769266591579674d2c42de6557026893a1902834f11f"},"position":{"space":"7dtd","x":-273.16122436523438,"y":61.079998016357422,"z":448.56515502929688},"rotation":{"pitch":0,"roll":0,"yaw":106.17741394042969},"sequence":10,"source":"7dtd","stream_id":"5cf26971-f748-4142-b4cd-04d762e18d59","type":"entity_state","version":2,"world_id":"td-0d917a4eff776d999148769266591579674d2c42de6557026893a1902834f11f"}
2026-10-03T19:17:25 102.629 INF [MC7DTD] 7DTD entity sent: {"authority":"7dtd","dimension":"7dtd:main","entity_id":"d8e7c437-fca2-4ccd-82e9-ad13fdaf1690","entity_type":"7dtd:player","lifecycle":{"event":"update"},"metadata":{},"origin":{"dimension":"7dtd:main","entity_id":"d8e7c437-fca2-4ccd-82e9-ad13fdaf1690","game":"7dtd","world_id":"td-0d917a4eff776d999148769266591579674d2c42de6557026893a1902834f11f"},"position":{"space":"7dtd","x":-273.16122436523438,"y":61.079998016357422,"z":448.56515502929688},"rotation":{"pitch":0,"roll":0,"yaw":106.17741394042969},"sequence":11,"source":"7dtd","stream_id":"5cf26971-f748-4142-b4cd-04d762e18d59","type":"entity_state","version":2,"world_id":"td-0d917a4eff776d999148769266591579674d2c42de6557026893a1902834f11f"}
2026-10-03T19:17:25 103.131 INF [MC7DTD] 7DTD entity sent: {"authority":"7dtd","dimension":"7dtd:main","entity_id":"d8e7c437-fca2-4ccd-82e9-ad13fdaf1690","entity_type":"7dtd:player","lifecycle":{"event":"update"},"metadata":{},"origin":{"dimension":"7dtd:main","entity_id":"d8e7c437-fca2-4ccd-82e9-ad13fdaf1690","game":"7dtd","world_id":"td-0d917a4eff776d999148769266591579674d2c42de6557026893a1902834f11f"},"position":{"space":"7dtd","x":-273.16122436523438,"y":61.079998016357422,"z":448.56515502929688},"rotation":{"pitch":0,"roll":0,"yaw":106.17741394042969},"sequence":12,"source":"7dtd","stream_id":"5cf26971-f748-4142-b4cd-04d762e18d59","type":"entity_state","version":2,"world_id":"td-0d917a4eff776d999148769266591579674d2c42de6557026893a1902834f11f"}
2026-10-03T19:17:26 103.633 INF [MC7DTD] 7DTD entity sent: {"authority":"7dtd","dimension":"7dtd:main","entity_id":"d8e7c437-fca2-4ccd-82e9-ad13fdaf1690","entity_type":"7dtd:player","lifecycle":{"event":"update"},"metadata":{},"origin":{"dimension":"7dtd:main","entity_id":"d8e7c437-fca2-4ccd-82e9-ad13fdaf1690","game":"7dtd","world_id":"td-0d917a4eff776d999148769266591579674d2c42de6557026893a1902834f11f"},"position":{"space":"7dtd","x":-273.16122436523438,"y":61.079998016357422,"z":448.56515502929688},"rotation":{"pitch":0,"roll":0,"yaw":106.17741394042969},"sequence":13,"source":"7dtd","stream_id":"5cf26971-f748-4142-b4cd-04d762e18d59","type":"entity_state","version":2,"world_id":"td-0d917a4eff776d999148769266591579674d2c42de6557026893a1902834f11f"}
2026-10-03T19:17:26 103.731 INF 质朴且卑微- WeatherStatusTick  to default
2026-10-03T19:17:26 103.732 INF 质朴且卑微- WeatherBuffUpdate , indoors False
2026-10-03T19:17:26 104.135 INF [MC7DTD] 7DTD entity sent: {"authority":"7dtd","dimension":"7dtd:main","entity_id":"d8e7c437-fca2-4ccd-82e9-ad13fdaf1690","entity_type":"7dtd:player","lifecycle":{"event":"update"},"metadata":{},"origin":{"dimension":"7dtd:main","entity_id":"d8e7c437-fca2-4ccd-82e9-ad13fdaf1690","game":"7dtd","world_id":"td-0d917a4eff776d999148769266591579674d2c42de6557026893a1902834f11f"},"position":{"space":"7dtd","x":-273.16122436523438,"y":61.079998016357422,"z":448.56515502929688},"rotation":{"pitch":0,"roll":0,"yaw":106.17741394042969},"sequence":14,"source":"7dtd","stream_id":"5cf26971-f748-4142-b4cd-04d762e18d59","type":"entity_state","version":2,"world_id":"td-0d917a4eff776d999148769266591579674d2c42de6557026893a1902834f11f"}
2026-10-03T19:17:27 104.636 INF [MC7DTD] 7DTD entity sent: {"authority":"7dtd","dimension":"7dtd:main","entity_id":"d8e7c437-fca2-4ccd-82e9-ad13fdaf1690","entity_type":"7dtd:player","lifecycle":{"event":"update"},"metadata":{},"origin":{"dimension":"7dtd:main","entity_id":"d8e7c437-fca2-4ccd-82e9-ad13fdaf1690","game":"7dtd","world_id":"td-0d917a4eff776d999148769266591579674d2c42de6557026893a1902834f11f"},"position":{"space":"7dtd","x":-273.16122436523438,"y":61.079998016357422,"z":448.56515502929688},"rotation":{"pitch":0,"roll":0,"yaw":106.17741394042969},"sequence":15,"source":"7dtd","stream_id":"5cf26971-f748-4142-b4cd-04d762e18d59","type":"entity_state","version":2,"world_id":"td-0d917a4eff776d999148769266591579674d2c42de6557026893a1902834f11f"}
2026-10-03T19:17:27 104.829 INF [EOS] Read (drops.xml) completed: Success, received 783 bytes
2026-10-03T19:17:27 104.833 INF fetching Twitch entitlements for s76561199256208852
2026-10-03T19:17:27 105.138 INF [MC7DTD] 7DTD entity sent: {"authority":"7dtd","dimension":"7dtd:main","entity_id":"d8e7c437-fca2-4ccd-82e9-ad13fdaf1690","entity_type":"7dtd:player","lifecycle":{"event":"update"},"metadata":{},"origin":{"dimension":"7dtd:main","entity_id":"d8e7c437-fca2-4ccd-82e9-ad13fdaf1690","game":"7dtd","world_id":"td-0d917a4eff776d999148769266591579674d2c42de6557026893a1902834f11f"},"position":{"space":"7dtd","x":-273.16122436523438,"y":61.079998016357422,"z":448.56515502929688},"rotation":{"pitch":0,"roll":0,"yaw":106.17741394042969},"sequence":16,"source":"7dtd","stream_id":"5cf26971-f748-4142-b4cd-04d762e18d59","type":"entity_state","version":2,"world_id":"td-0d917a4eff776d999148769266591579674d2c42de6557026893a1902834f11f"}
2026-10-03T19:17:28 105.641 INF [MC7DTD] 7DTD entity sent: {"authority":"7dtd","dimension":"7dtd:main","entity_id":"d8e7c437-fca2-4ccd-82e9-ad13fdaf1690","entity_type":"7dtd:player","lifecycle":{"event":"update"},"metadata":{},"origin":{"dimension":"7dtd:main","entity_id":"d8e7c437-fca2-4ccd-82e9-ad13fdaf1690","game":"7dtd","world_id":"td-0d917a4eff776d999148769266591579674d2c42de6557026893a1902834f11f"},"position":{"space":"7dtd","x":-273.16122436523438,"y":61.079998016357422,"z":448.56515502929688},"rotation":{"pitch":0,"roll":0,"yaw":106.17741394042969},"sequence":17,"source":"7dtd","stream_id":"5cf26971-f748-4142-b4cd-04d762e18d59","type":"entity_state","version":2,"world_id":"td-0d917a4eff776d999148769266591579674d2c42de6557026893a1902834f11f"}
2026-10-03T19:17:28 105.921 WRN Failed to fetch Twitch entitlements: HTTP/1.1 404 Not Found
2026-10-03T19:17:28 106.143 INF [MC7DTD] 7DTD entity sent: {"authority":"7dtd","dimension":"7dtd:main","entity_id":"d8e7c437-fca2-4ccd-82e9-ad13fdaf1690","entity_type":"7dtd:player","lifecycle":{"event":"update"},"metadata":{},"origin":{"dimension":"7dtd:main","entity_id":"d8e7c437-fca2-4ccd-82e9-ad13fdaf1690","game":"7dtd","world_id":"td-0d917a4eff776d999148769266591579674d2c42de6557026893a1902834f11f"},"position":{"space":"7dtd","x":-273.16122436523438,"y":61.079998016357422,"z":448.56515502929688},"rotation":{"pitch":0,"roll":0,"yaw":106.17741394042969},"sequence":18,"source":"7dtd","stream_id":"5cf26971-f748-4142-b4cd-04d762e18d59","type":"entity_state","version":2,"world_id":"td-0d917a4eff776d999148769266591579674d2c42de6557026893a1902834f11f"}
2026-10-03T19:17:29 106.645 INF [MC7DTD] 7DTD entity sent: {"authority":"7dtd","dimension":"7dtd:main","entity_id":"d8e7c437-fca2-4ccd-82e9-ad13fdaf1690","entity_type":"7dtd:player","lifecycle":{"event":"update"},"metadata":{},"origin":{"dimension":"7dtd:main","entity_id":"d8e7c437-fca2-4ccd-82e9-ad13fdaf1690","game":"7dtd","world_id":"td-0d917a4eff776d999148769266591579674d2c42de6557026893a1902834f11f"},"position":{"space":"7dtd","x":-273.16122436523438,"y":61.079998016357422,"z":448.56515502929688},"rotation":{"pitch":0,"roll":0,"yaw":106.17741394042969},"sequence":19,"source":"7dtd","stream_id":"5cf26971-f748-4142-b4cd-04d762e18d59","type":"entity_state","version":2,"world_id":"td-0d917a4eff776d999148769266591579674d2c42de6557026893a1902834f11f"}
2026-10-03T19:17:29 107.146 INF [MC7DTD] 7DTD entity sent: {"authority":"7dtd","dimension":"7dtd:main","entity_id":"d8e7c437-fca2-4ccd-82e9-ad13fdaf1690","entity_type":"7dtd:player","lifecycle":{"event":"update"},"metadata":{},"origin":{"dimension":"7dtd:main","entity_id":"d8e7c437-fca2-4ccd-82e9-ad13fdaf1690","game":"7dtd","world_id":"td-0d917a4eff776d999148769266591579674d2c42de6557026893a1902834f11f"},"position":{"space":"7dtd","x":-273.16122436523438,"y":61.079998016357422,"z":448.56515502929688},"rotation":{"pitch":0,"roll":0,"yaw":106.17741394042969},"sequence":20,"source":"7dtd","stream_id":"5cf26971-f748-4142-b4cd-04d762e18d59","type":"entity_state","version":2,"world_id":"td-0d917a4eff776d999148769266591579674d2c42de6557026893a1902834f11f"}
2026-10-03T19:17:30 107.648 INF [MC7DTD] 7DTD entity sent: {"authority":"7dtd","dimension":"7dtd:main","entity_id":"d8e7c437-fca2-4ccd-82e9-ad13fdaf1690","entity_type":"7dtd:player","lifecycle":{"event":"update"},"metadata":{},"origin":{"dimension":"7dtd:main","entity_id":"d8e7c437-fca2-4ccd-82e9-ad13fdaf1690","game":"7dtd","world_id":"td-0d917a4eff776d999148769266591579674d2c42de6557026893a1902834f11f"},"position":{"space":"7dtd","x":-273.16122436523438,"y":61.079998016357422,"z":448.56515502929688},"rotation":{"pitch":0,"roll":0,"yaw":106.17741394042969},"sequence":21,"source":"7dtd","stream_id":"5cf26971-f748-4142-b4cd-04d762e18d59","type":"entity_state","version":2,"world_id":"td-0d917a4eff776d999148769266591579674d2c42de6557026893a1902834f11f"}
2026-10-03T19:17:30 108.149 INF [MC7DTD] 7DTD entity sent: {"authority":"7dtd","dimension":"7dtd:main","entity_id":"d8e7c437-fca2-4ccd-82e9-ad13fdaf1690","entity_type":"7dtd:player","lifecycle":{"event":"update"},"metadata":{},"origin":{"dimension":"7dtd:main","entity_id":"d8e7c437-fca2-4ccd-82e9-ad13fdaf1690","game":"7dtd","world_id":"td-0d917a4eff776d999148769266591579674d2c42de6557026893a1902834f11f"},"position":{"space":"7dtd","x":-273.16122436523438,"y":61.079998016357422,"z":448.56515502929688},"rotation":{"pitch":0,"roll":0,"yaw":106.17741394042969},"sequence":22,"source":"7dtd","stream_id":"5cf26971-f748-4142-b4cd-04d762e18d59","type":"entity_state","version":2,"world_id":"td-0d917a4eff776d999148769266591579674d2c42de6557026893a1902834f11f"}
2026-10-03T19:17:31 108.651 INF [MC7DTD] 7DTD entity sent: {"authority":"7dtd","dimension":"7dtd:main","entity_id":"d8e7c437-fca2-4ccd-82e9-ad13fdaf1690","entity_type":"7dtd:player","lifecycle":{"event":"update"},"metadata":{},"origin":{"dimension":"7dtd:main","entity_id":"d8e7c437-fca2-4ccd-82e9-ad13fdaf1690","game":"7dtd","world_id":"td-0d917a4eff776d999148769266591579674d2c42de6557026893a1902834f11f"},"position":{"space":"7dtd","x":-273.16122436523438,"y":61.079998016357422,"z":448.56515502929688},"rotation":{"pitch":0,"roll":0,"yaw":106.17741394042969},"sequence":23,"source":"7dtd","stream_id":"5cf26971-f748-4142-b4cd-04d762e18d59","type":"entity_state","version":2,"world_id":"td-0d917a4eff776d999148769266591579674d2c42de6557026893a1902834f11f"}
2026-10-03T19:17:31 108.760 WRN [EOS] [LogEOSMessaging - Warning] Connect Messaging: Lost connection to Stomp on 'wss://api.epicgames.dev/notifications/v1/c9ccbd00333f4dd6995beb7c75000942/connect' () - will attempt to reconnect after 4.2 seconds. LocalUserId=[000...220]
2026-10-03T19:17:31 109.153 INF [MC7DTD] 7DTD entity sent: {"authority":"7dtd","dimension":"7dtd:main","entity_id":"d8e7c437-fca2-4ccd-82e9-ad13fdaf1690","entity_type":"7dtd:player","lifecycle":{"event":"update"},"metadata":{},"origin":{"dimension":"7dtd:main","entity_id":"d8e7c437-fca2-4ccd-82e9-ad13fdaf1690","game":"7dtd","world_id":"td-0d917a4eff776d999148769266591579674d2c42de6557026893a1902834f11f"},"position":{"space":"7dtd","x":-273.16122436523438,"y":61.079998016357422,"z":448.56515502929688},"rotation":{"pitch":0,"roll":0,"yaw":106.17741394042969},"sequence":24,"source":"7dtd","stream_id":"5cf26971-f748-4142-b4cd-04d762e18d59","type":"entity_state","version":2,"world_id":"td-0d917a4eff776d999148769266591579674d2c42de6557026893a1902834f11f"}
2026-10-03T19:17:32 109.655 INF [MC7DTD] 7DTD entity sent: {"authority":"7dtd","dimension":"7dtd:main","entity_id":"d8e7c437-fca2-4ccd-82e9-ad13fdaf1690","entity_type":"7dtd:player","lifecycle":{"event":"update"},"metadata":{},"origin":{"dimension":"7dtd:main","entity_id":"d8e7c437-fca2-4ccd-82e9-ad13fdaf1690","game":"7dtd","world_id":"td-0d917a4eff776d999148769266591579674d2c42de6557026893a1902834f11f"},"position":{"space":"7dtd","x":-273.16122436523438,"y":61.079998016357422,"z":448.56515502929688},"rotation":{"pitch":0,"roll":0,"yaw":106.17741394042969},"sequence":25,"source":"7dtd","stream_id":"5cf26971-f748-4142-b4cd-04d762e18d59","type":"entity_state","version":2,"world_id":"td-0d917a4eff776d999148769266591579674d2c42de6557026893a1902834f11f"}
2026-10-03T19:17:32 110.157 INF [MC7DTD] 7DTD entity sent: {"authority":"7dtd","dimension":"7dtd:main","entity_id":"d8e7c437-fca2-4ccd-82e9-ad13fdaf1690","entity_type":"7dtd:player","lifecycle":{"event":"update"},"metadata":{},"origin":{"dimension":"7dtd:main","entity_id":"d8e7c437-fca2-4ccd-82e9-ad13fdaf1690","game":"7dtd","world_id":"td-0d917a4eff776d999148769266591579674d2c42de6557026893a1902834f11f"},"position":{"space":"7dtd","x":-273.16122436523438,"y":61.079998016357422,"z":448.56515502929688},"rotation":{"pitch":0,"roll":0,"yaw":106.17741394042969},"sequence":26,"source":"7dtd","stream_id":"5cf26971-f748-4142-b4cd-04d762e18d59","type":"entity_state","version":2,"world_id":"td-0d917a4eff776d999148769266591579674d2c42de6557026893a1902834f11f"}
2026-10-03T19:17:33 110.659 INF [MC7DTD] 7DTD entity sent: {"authority":"7dtd","dimension":"7dtd:main","entity_id":"d8e7c437-fca2-4ccd-82e9-ad13fdaf1690","entity_type":"7dtd:player","lifecycle":{"event":"update"},"metadata":{},"origin":{"dimension":"7dtd:main","entity_id":"d8e7c437-fca2-4ccd-82e9-ad13fdaf1690","game":"7dtd","world_id":"td-0d917a4eff776d999148769266591579674d2c42de6557026893a1902834f11f"},"position":{"space":"7dtd","x":-273.16122436523438,"y":61.079998016357422,"z":448.56515502929688},"rotation":{"pitch":0,"roll":0,"yaw":106.17741394042969},"sequence":27,"source":"7dtd","stream_id":"5cf26971-f748-4142-b4cd-04d762e18d59","type":"entity_state","version":2,"world_id":"td-0d917a4eff776d999148769266591579674d2c42de6557026893a1902834f11f"}
2026-10-03T19:17:33 110.881 WRN [EOS] [LogHttp - Warning] 00000218D9412610: SeekCallback: Failed to seek to Offset=0, Origin=0 seek disabled
2026-10-03T19:17:33 110.881 WRN [EOS] [LogHttp - Warning] 00000218D9412610: invalid HTTP response code received. URL: https://api.epicgames.dev/telemetry/data/datarouter/api/v1/public/data?SessionID=%7B7D8D83EF-45BE-737A-8E00-AEA2BD8FDE94%7D&AppID=EOSSDK.PhaseRelease.ReleaseBuild&AppVersion=1.19.0.7-52449437%20-%20%2B%2BEOSSDK%2BRelease-1.19.0.7&UserID=&AppEnvironment=Production&UploadType=sdkevents, HTTP code: 0, content length: 0, actual payload size: 0
2026-10-03T19:17:33 110.882 WRN [EOS] [LogHttp - Warning] 00000218D9412610: request failed, libcurl error: 65 (Send failed since rewinding of the data stream failed)
2026-10-03T19:17:33 110.883 WRN [EOS] [LogHttp - Warning] 00000218D9412610: libcurl info message cache 0 (Found bundle for host: 0x2182e973510 [serially])
2026-10-03T19:17:33 110.883 WRN [EOS] [LogHttp - Warning] 00000218D9412610: libcurl info message cache 1 (Re-using existing connection with host api.epicgames.dev)
2026-10-03T19:17:33 110.884 WRN [EOS] [LogHttp - Warning] 00000218D9412610: libcurl info message cache 2 (We are completely uploaded and fine)
2026-10-03T19:17:33 111.160 INF [MC7DTD] 7DTD entity sent: {"authority":"7dtd","dimension":"7dtd:main","entity_id":"d8e7c437-fca2-4ccd-82e9-ad13fdaf1690","entity_type":"7dtd:player","lifecycle":{"event":"update"},"metadata":{},"origin":{"dimension":"7dtd:main","entity_id":"d8e7c437-fca2-4ccd-82e9-ad13fdaf1690","game":"7dtd","world_id":"td-0d917a4eff776d999148769266591579674d2c42de6557026893a1902834f11f"},"position":{"space":"7dtd","x":-273.16122436523438,"y":61.079998016357422,"z":448.56515502929688},"rotation":{"pitch":0,"roll":0,"yaw":106.17741394042969},"sequence":28,"source":"7dtd","stream_id":"5cf26971-f748-4142-b4cd-04d762e18d59","type":"entity_state","version":2,"world_id":"td-0d917a4eff776d999148769266591579674d2c42de6557026893a1902834f11f"}
2026-10-03T19:17:34 111.662 INF [MC7DTD] 7DTD entity sent: {"authority":"7dtd","dimension":"7dtd:main","entity_id":"d8e7c437-fca2-4ccd-82e9-ad13fdaf1690","entity_type":"7dtd:player","lifecycle":{"event":"update"},"metadata":{},"origin":{"dimension":"7dtd:main","entity_id":"d8e7c437-fca2-4ccd-82e9-ad13fdaf1690","game":"7dtd","world_id":"td-0d917a4eff776d999148769266591579674d2c42de6557026893a1902834f11f"},"position":{"space":"7dtd","x":-273.16122436523438,"y":61.079998016357422,"z":448.56515502929688},"rotation":{"pitch":0,"roll":0,"yaw":106.17741394042969},"sequence":29,"source":"7dtd","stream_id":"5cf26971-f748-4142-b4cd-04d762e18d59","type":"entity_state","version":2,"world_id":"td-0d917a4eff776d999148769266591579674d2c42de6557026893a1902834f11f"}
2026-10-03T19:17:34 112.164 INF [MC7DTD] 7DTD entity sent: {"authority":"7dtd","dimension":"7dtd:main","entity_id":"d8e7c437-fca2-4ccd-82e9-ad13fdaf1690","entity_type":"7dtd:player","lifecycle":{"event":"update"},"metadata":{},"origin":{"dimension":"7dtd:main","entity_id":"d8e7c437-fca2-4ccd-82e9-ad13fdaf1690","game":"7dtd","world_id":"td-0d917a4eff776d999148769266591579674d2c42de6557026893a1902834f11f"},"position":{"space":"7dtd","x":-273.16122436523438,"y":61.079998016357422,"z":448.56515502929688},"rotation":{"pitch":0,"roll":0,"yaw":106.17741394042969},"sequence":30,"source":"7dtd","stream_id":"5cf26971-f748-4142-b4cd-04d762e18d59","type":"entity_state","version":2,"world_id":"td-0d917a4eff776d999148769266591579674d2c42de6557026893a1902834f11f"}
2026-10-03T19:17:35 112.668 INF [MC7DTD] 7DTD entity sent: {"authority":"7dtd","dimension":"7dtd:main","entity_id":"d8e7c437-fca2-4ccd-82e9-ad13fdaf1690","entity_type":"7dtd:player","lifecycle":{"event":"update"},"metadata":{},"origin":{"dimension":"7dtd:main","entity_id":"d8e7c437-fca2-4ccd-82e9-ad13fdaf1690","game":"7dtd","world_id":"td-0d917a4eff776d999148769266591579674d2c42de6557026893a1902834f11f"},"position":{"space":"7dtd","x":-273.16122436523438,"y":61.079998016357422,"z":448.56515502929688},"rotation":{"pitch":0,"roll":0,"yaw":106.17741394042969},"sequence":31,"source":"7dtd","stream_id":"5cf26971-f748-4142-b4cd-04d762e18d59","type":"entity_state","version":2,"world_id":"td-0d917a4eff776d999148769266591579674d2c42de6557026893a1902834f11f"}
2026-10-03T19:17:35 113.170 INF [MC7DTD] 7DTD entity sent: {"authority":"7dtd","dimension":"7dtd:main","entity_id":"d8e7c437-fca2-4ccd-82e9-ad13fdaf1690","entity_type":"7dtd:player","lifecycle":{"event":"update"},"metadata":{},"origin":{"dimension":"7dtd:main","entity_id":"d8e7c437-fca2-4ccd-82e9-ad13fdaf1690","game":"7dtd","world_id":"td-0d917a4eff776d999148769266591579674d2c42de6557026893a1902834f11f"},"position":{"space":"7dtd","x":-273.16122436523438,"y":61.079998016357422,"z":448.56515502929688},"rotation":{"pitch":0,"roll":0,"yaw":106.17741394042969},"sequence":32,"source":"7dtd","stream_id":"5cf26971-f748-4142-b4cd-04d762e18d59","type":"entity_state","version":2,"world_id":"td-0d917a4eff776d999148769266591579674d2c42de6557026893a1902834f11f"}
2026-10-03T19:17:36 113.673 INF [MC7DTD] 7DTD entity sent: {"authority":"7dtd","dimension":"7dtd:main","entity_id":"d8e7c437-fca2-4ccd-82e9-ad13fdaf1690","entity_type":"7dtd:player","lifecycle":{"event":"update"},"metadata":{},"origin":{"dimension":"7dtd:main","entity_id":"d8e7c437-fca2-4ccd-82e9-ad13fdaf1690","game":"7dtd","world_id":"td-0d917a4eff776d999148769266591579674d2c42de6557026893a1902834f11f"},"position":{"space":"7dtd","x":-273.16122436523438,"y":61.079998016357422,"z":448.56515502929688},"rotation":{"pitch":0,"roll":0,"yaw":106.17741394042969},"sequence":33,"source":"7dtd","stream_id":"5cf26971-f748-4142-b4cd-04d762e18d59","type":"entity_state","version":2,"world_id":"td-0d917a4eff776d999148769266591579674d2c42de6557026893a1902834f11f"}
2026-10-03T19:17:36 114.175 INF [MC7DTD] 7DTD entity sent: {"authority":"7dtd","dimension":"7dtd:main","entity_id":"d8e7c437-fca2-4ccd-82e9-ad13fdaf1690","entity_type":"7dtd:player","lifecycle":{"event":"update"},"metadata":{},"origin":{"dimension":"7dtd:main","entity_id":"d8e7c437-fca2-4ccd-82e9-ad13fdaf1690","game":"7dtd","world_id":"td-0d917a4eff776d999148769266591579674d2c42de6557026893a1902834f11f"},"position":{"space":"7dtd","x":-273.16122436523438,"y":61.079998016357422,"z":448.56515502929688},"rotation":{"pitch":0,"roll":0,"yaw":106.17741394042969},"sequence":34,"source":"7dtd","stream_id":"5cf26971-f748-4142-b4cd-04d762e18d59","type":"entity_state","version":2,"world_id":"td-0d917a4eff776d999148769266591579674d2c42de6557026893a1902834f11f"}
2026-10-03T19:17:37 114.676 INF [MC7DTD] 7DTD entity sent: {"authority":"7dtd","dimension":"7dtd:main","entity_id":"d8e7c437-fca2-4ccd-82e9-ad13fdaf1690","entity_type":"7dtd:player","lifecycle":{"event":"update"},"metadata":{},"origin":{"dimension":"7dtd:main","entity_id":"d8e7c437-fca2-4ccd-82e9-ad13fdaf1690","game":"7dtd","world_id":"td-0d917a4eff776d999148769266591579674d2c42de6557026893a1902834f11f"},"position":{"space":"7dtd","x":-273.16122436523438,"y":61.079998016357422,"z":448.56515502929688},"rotation":{"pitch":0,"roll":0,"yaw":106.17741394042969},"sequence":35,"source":"7dtd","stream_id":"5cf26971-f748-4142-b4cd-04d762e18d59","type":"entity_state","version":2,"world_id":"td-0d917a4eff776d999148769266591579674d2c42de6557026893a1902834f11f"}
2026-10-03T19:17:37 115.178 INF [MC7DTD] 7DTD entity sent: {"authority":"7dtd","dimension":"7dtd:main","entity_id":"d8e7c437-fca2-4ccd-82e9-ad13fdaf1690","entity_type":"7dtd:player","lifecycle":{"event":"update"},"metadata":{},"origin":{"dimension":"7dtd:main","entity_id":"d8e7c437-fca2-4ccd-82e9-ad13fdaf1690","game":"7dtd","world_id":"td-0d917a4eff776d999148769266591579674d2c42de6557026893a1902834f11f"},"position":{"space":"7dtd","x":-273.16122436523438,"y":61.079998016357422,"z":448.56515502929688},"rotation":{"pitch":0,"roll":0,"yaw":106.17741394042969},"sequence":36,"source":"7dtd","stream_id":"5cf26971-f748-4142-b4cd-04d762e18d59","type":"entity_state","version":2,"world_id":"td-0d917a4eff776d999148769266591579674d2c42de6557026893a1902834f11f"}
2026-10-03T19:17:38 115.679 INF [MC7DTD] 7DTD entity sent: {"authority":"7dtd","dimension":"7dtd:main","entity_id":"d8e7c437-fca2-4ccd-82e9-ad13fdaf1690","entity_type":"7dtd:player","lifecycle":{"event":"update"},"metadata":{},"origin":{"dimension":"7dtd:main","entity_id":"d8e7c437-fca2-4ccd-82e9-ad13fdaf1690","game":"7dtd","world_id":"td-0d917a4eff776d999148769266591579674d2c42de6557026893a1902834f11f"},"position":{"space":"7dtd","x":-273.16122436523438,"y":61.079998016357422,"z":448.56515502929688},"rotation":{"pitch":0,"roll":0,"yaw":106.17741394042969},"sequence":37,"source":"7dtd","stream_id":"5cf26971-f748-4142-b4cd-04d762e18d59","type":"entity_state","version":2,"world_id":"td-0d917a4eff776d999148769266591579674d2c42de6557026893a1902834f11f"}
2026-10-03T19:17:38 115.978 WRN [EOS] [LogEOSMessaging - Warning] Connect Messaging: Lost connection to Stomp on 'wss://api.epicgames.dev/notifications/v1/c9ccbd00333f4dd6995beb7c75000942/connect' () - will attempt to reconnect after 5.6 seconds. LocalUserId=[000...220]
2026-10-03T19:17:38 116.181 INF [MC7DTD] 7DTD entity sent: {"authority":"7dtd","dimension":"7dtd:main","entity_id":"d8e7c437-fca2-4ccd-82e9-ad13fdaf1690","entity_type":"7dtd:player","lifecycle":{"event":"update"},"metadata":{},"origin":{"dimension":"7dtd:main","entity_id":"d8e7c437-fca2-4ccd-82e9-ad13fdaf1690","game":"7dtd","world_id":"td-0d917a4eff776d999148769266591579674d2c42de6557026893a1902834f11f"},"position":{"space":"7dtd","x":-273.16122436523438,"y":61.079998016357422,"z":448.56515502929688},"rotation":{"pitch":0,"roll":0,"yaw":106.17741394042969},"sequence":38,"source":"7dtd","stream_id":"5cf26971-f748-4142-b4cd-04d762e18d59","type":"entity_state","version":2,"world_id":"td-0d917a4eff776d999148769266591579674d2c42de6557026893a1902834f11f"}
2026-10-03T19:17:39 116.682 INF [MC7DTD] 7DTD entity sent: {"authority":"7dtd","dimension":"7dtd:main","entity_id":"d8e7c437-fca2-4ccd-82e9-ad13fdaf1690","entity_type":"7dtd:player","lifecycle":{"event":"update"},"metadata":{},"origin":{"dimension":"7dtd:main","entity_id":"d8e7c437-fca2-4ccd-82e9-ad13fdaf1690","game":"7dtd","world_id":"td-0d917a4eff776d999148769266591579674d2c42de6557026893a1902834f11f"},"position":{"space":"7dtd","x":-273.16122436523438,"y":61.079998016357422,"z":448.56515502929688},"rotation":{"pitch":0,"roll":0,"yaw":106.17741394042969},"sequence":39,"source":"7dtd","stream_id":"5cf26971-f748-4142-b4cd-04d762e18d59","type":"entity_state","version":2,"world_id":"td-0d917a4eff776d999148769266591579674d2c42de6557026893a1902834f11f"}
2026-10-03T19:17:39 117.184 INF [MC7DTD] 7DTD entity sent: {"authority":"7dtd","dimension":"7dtd:main","entity_id":"d8e7c437-fca2-4ccd-82e9-ad13fdaf1690","entity_type":"7dtd:player","lifecycle":{"event":"update"},"metadata":{},"origin":{"dimension":"7dtd:main","entity_id":"d8e7c437-fca2-4ccd-82e9-ad13fdaf1690","game":"7dtd","world_id":"td-0d917a4eff776d999148769266591579674d2c42de6557026893a1902834f11f"},"position":{"space":"7dtd","x":-273.16122436523438,"y":61.079998016357422,"z":448.56515502929688},"rotation":{"pitch":0,"roll":0,"yaw":106.17741394042969},"sequence":40,"source":"7dtd","stream_id":"5cf26971-f748-4142-b4cd-04d762e18d59","type":"entity_state","version":2,"world_id":"td-0d917a4eff776d999148769266591579674d2c42de6557026893a1902834f11f"}
2026-10-03T19:17:40 117.687 INF [MC7DTD] 7DTD entity sent: {"authority":"7dtd","dimension":"7dtd:main","entity_id":"d8e7c437-fca2-4ccd-82e9-ad13fdaf1690","entity_type":"7dtd:player","lifecycle":{"event":"update"},"metadata":{},"origin":{"dimension":"7dtd:main","entity_id":"d8e7c437-fca2-4ccd-82e9-ad13fdaf1690","game":"7dtd","world_id":"td-0d917a4eff776d999148769266591579674d2c42de6557026893a1902834f11f"},"position":{"space":"7dtd","x":-273.16122436523438,"y":61.079998016357422,"z":448.56515502929688},"rotation":{"pitch":0,"roll":0,"yaw":106.17741394042969},"sequence":41,"source":"7dtd","stream_id":"5cf26971-f748-4142-b4cd-04d762e18d59","type":"entity_state","version":2,"world_id":"td-0d917a4eff776d999148769266591579674d2c42de6557026893a1902834f11f"}
2026-10-03T19:17:40 118.189 INF [MC7DTD] 7DTD entity sent: {"authority":"7dtd","dimension":"7dtd:main","entity_id":"d8e7c437-fca2-4ccd-82e9-ad13fdaf1690","entity_type":"7dtd:player","lifecycle":{"event":"update"},"metadata":{},"origin":{"dimension":"7dtd:main","entity_id":"d8e7c437-fca2-4ccd-82e9-ad13fdaf1690","game":"7dtd","world_id":"td-0d917a4eff776d999148769266591579674d2c42de6557026893a1902834f11f"},"position":{"space":"7dtd","x":-273.16122436523438,"y":61.079998016357422,"z":448.56515502929688},"rotation":{"pitch":0,"roll":0,"yaw":106.17741394042969},"sequence":42,"source":"7dtd","stream_id":"5cf26971-f748-4142-b4cd-04d762e18d59","type":"entity_state","version":2,"world_id":"td-0d917a4eff776d999148769266591579674d2c42de6557026893a1902834f11f"}
2026-10-03T19:17:41 118.692 INF [MC7DTD] 7DTD entity sent: {"authority":"7dtd","dimension":"7dtd:main","entity_id":"d8e7c437-fca2-4ccd-82e9-ad13fdaf1690","entity_type":"7dtd:player","lifecycle":{"event":"update"},"metadata":{},"origin":{"dimension":"7dtd:main","entity_id":"d8e7c437-fca2-4ccd-82e9-ad13fdaf1690","game":"7dtd","world_id":"td-0d917a4eff776d999148769266591579674d2c42de6557026893a1902834f11f"},"position":{"space":"7dtd","x":-273.16122436523438,"y":61.079998016357422,"z":448.56515502929688},"rotation":{"pitch":0,"roll":0,"yaw":106.17741394042969},"sequence":43,"source":"7dtd","stream_id":"5cf26971-f748-4142-b4cd-04d762e18d59","type":"entity_state","version":2,"world_id":"td-0d917a4eff776d999148769266591579674d2c42de6557026893a1902834f11f"}
2026-10-03T19:17:42 119.194 INF [MC7DTD] 7DTD entity sent: {"authority":"7dtd","dimension":"7dtd:main","entity_id":"d8e7c437-fca2-4ccd-82e9-ad13fdaf1690","entity_type":"7dtd:player","lifecycle":{"event":"update"},"metadata":{},"origin":{"dimension":"7dtd:main","entity_id":"d8e7c437-fca2-4ccd-82e9-ad13fdaf1690","game":"7dtd","world_id":"td-0d917a4eff776d999148769266591579674d2c42de6557026893a1902834f11f"},"position":{"space":"7dtd","x":-273.16122436523438,"y":61.079998016357422,"z":448.56515502929688},"rotation":{"pitch":0,"roll":0,"yaw":106.17741394042969},"sequence":44,"source":"7dtd","stream_id":"5cf26971-f748-4142-b4cd-04d762e18d59","type":"entity_state","version":2,"world_id":"td-0d917a4eff776d999148769266591579674d2c42de6557026893a1902834f11f"}
2026-10-03T19:17:42 119.698 INF [MC7DTD] 7DTD entity sent: {"authority":"7dtd","dimension":"7dtd:main","entity_id":"d8e7c437-fca2-4ccd-82e9-ad13fdaf1690","entity_type":"7dtd:player","lifecycle":{"event":"update"},"metadata":{},"origin":{"dimension":"7dtd:main","entity_id":"d8e7c437-fca2-4ccd-82e9-ad13fdaf1690","game":"7dtd","world_id":"td-0d917a4eff776d999148769266591579674d2c42de6557026893a1902834f11f"},"position":{"space":"7dtd","x":-273.16122436523438,"y":61.079998016357422,"z":448.56515502929688},"rotation":{"pitch":0,"roll":0,"yaw":106.17741394042969},"sequence":45,"source":"7dtd","stream_id":"5cf26971-f748-4142-b4cd-04d762e18d59","type":"entity_state","version":2,"world_id":"td-0d917a4eff776d999148769266591579674d2c42de6557026893a1902834f11f"}
2026-10-03T19:17:43 120.199 INF [MC7DTD] 7DTD entity sent: {"authority":"7dtd","dimension":"7dtd:main","entity_id":"d8e7c437-fca2-4ccd-82e9-ad13fdaf1690","entity_type":"7dtd:player","lifecycle":{"event":"update"},"metadata":{},"origin":{"dimension":"7dtd:main","entity_id":"d8e7c437-fca2-4ccd-82e9-ad13fdaf1690","game":"7dtd","world_id":"td-0d917a4eff776d999148769266591579674d2c42de6557026893a1902834f11f"},"position":{"space":"7dtd","x":-273.16122436523438,"y":61.079998016357422,"z":448.56515502929688},"rotation":{"pitch":0,"roll":0,"yaw":106.17741394042969},"sequence":46,"source":"7dtd","stream_id":"5cf26971-f748-4142-b4cd-04d762e18d59","type":"entity_state","version":2,"world_id":"td-0d917a4eff776d999148769266591579674d2c42de6557026893a1902834f11f"}
2026-10-03T19:17:43 120.701 INF [MC7DTD] 7DTD entity sent: {"authority":"7dtd","dimension":"7dtd:main","entity_id":"d8e7c437-fca2-4ccd-82e9-ad13fdaf1690","entity_type":"7dtd:player","lifecycle":{"event":"update"},"metadata":{},"origin":{"dimension":"7dtd:main","entity_id":"d8e7c437-fca2-4ccd-82e9-ad13fdaf1690","game":"7dtd","world_id":"td-0d917a4eff776d999148769266591579674d2c42de6557026893a1902834f11f"},"position":{"space":"7dtd","x":-273.16122436523438,"y":61.079998016357422,"z":448.56515502929688},"rotation":{"pitch":0,"roll":0,"yaw":106.17741394042969},"sequence":47,"source":"7dtd","stream_id":"5cf26971-f748-4142-b4cd-04d762e18d59","type":"entity_state","version":2,"world_id":"td-0d917a4eff776d999148769266591579674d2c42de6557026893a1902834f11f"}
2026-10-03T19:17:44 121.203 INF [MC7DTD] 7DTD entity sent: {"authority":"7dtd","dimension":"7dtd:main","entity_id":"d8e7c437-fca2-4ccd-82e9-ad13fdaf1690","entity_type":"7dtd:player","lifecycle":{"event":"update"},"metadata":{},"origin":{"dimension":"7dtd:main","entity_id":"d8e7c437-fca2-4ccd-82e9-ad13fdaf1690","game":"7dtd","world_id":"td-0d917a4eff776d999148769266591579674d2c42de6557026893a1902834f11f"},"position":{"space":"7dtd","x":-273.16122436523438,"y":61.079998016357422,"z":448.56515502929688},"rotation":{"pitch":0,"roll":0,"yaw":106.17741394042969},"sequence":48,"source":"7dtd","stream_id":"5cf26971-f748-4142-b4cd-04d762e18d59","type":"entity_state","version":2,"world_id":"td-0d917a4eff776d999148769266591579674d2c42de6557026893a1902834f11f"}
2026-10-03T19:17:44 121.705 INF [MC7DTD] 7DTD entity sent: {"authority":"7dtd","dimension":"7dtd:main","entity_id":"d8e7c437-fca2-4ccd-82e9-ad13fdaf1690","entity_type":"7dtd:player","lifecycle":{"event":"update"},"metadata":{},"origin":{"dimension":"7dtd:main","entity_id":"d8e7c437-fca2-4ccd-82e9-ad13fdaf1690","game":"7dtd","world_id":"td-0d917a4eff776d999148769266591579674d2c42de6557026893a1902834f11f"},"position":{"space":"7dtd","x":-273.16122436523438,"y":61.079998016357422,"z":448.56515502929688},"rotation":{"pitch":0,"roll":0,"yaw":106.17741394042969},"sequence":49,"source":"7dtd","stream_id":"5cf26971-f748-4142-b4cd-04d762e18d59","type":"entity_state","version":2,"world_id":"td-0d917a4eff776d999148769266591579674d2c42de6557026893a1902834f11f"}
2026-10-03T19:17:45 122.206 INF [MC7DTD] 7DTD entity sent: {"authority":"7dtd","dimension":"7dtd:main","entity_id":"d8e7c437-fca2-4ccd-82e9-ad13fdaf1690","entity_type":"7dtd:player","lifecycle":{"event":"update"},"metadata":{},"origin":{"dimension":"7dtd:main","entity_id":"d8e7c437-fca2-4ccd-82e9-ad13fdaf1690","game":"7dtd","world_id":"td-0d917a4eff776d999148769266591579674d2c42de6557026893a1902834f11f"},"position":{"space":"7dtd","x":-273.16122436523438,"y":61.079998016357422,"z":448.56515502929688},"rotation":{"pitch":0,"roll":0,"yaw":106.17741394042969},"sequence":50,"source":"7dtd","stream_id":"5cf26971-f748-4142-b4cd-04d762e18d59","type":"entity_state","version":2,"world_id":"td-0d917a4eff776d999148769266591579674d2c42de6557026893a1902834f11f"}
2026-10-03T19:17:45 122.708 INF [MC7DTD] 7DTD entity sent: {"authority":"7dtd","dimension":"7dtd:main","entity_id":"d8e7c437-fca2-4ccd-82e9-ad13fdaf1690","entity_type":"7dtd:player","lifecycle":{"event":"update"},"metadata":{},"origin":{"dimension":"7dtd:main","entity_id":"d8e7c437-fca2-4ccd-82e9-ad13fdaf1690","game":"7dtd","world_id":"td-0d917a4eff776d999148769266591579674d2c42de6557026893a1902834f11f"},"position":{"space":"7dtd","x":-273.16122436523438,"y":61.079998016357422,"z":448.56515502929688},"rotation":{"pitch":0,"roll":0,"yaw":106.17741394042969},"sequence":51,"source":"7dtd","stream_id":"5cf26971-f748-4142-b4cd-04d762e18d59","type":"entity_state","version":2,"world_id":"td-0d917a4eff776d999148769266591579674d2c42de6557026893a1902834f11f"}
2026-10-03T19:17:46 123.209 INF [MC7DTD] 7DTD entity sent: {"authority":"7dtd","dimension":"7dtd:main","entity_id":"d8e7c437-fca2-4ccd-82e9-ad13fdaf1690","entity_type":"7dtd:player","lifecycle":{"event":"update"},"metadata":{},"origin":{"dimension":"7dtd:main","entity_id":"d8e7c437-fca2-4ccd-82e9-ad13fdaf1690","game":"7dtd","world_id":"td-0d917a4eff776d999148769266591579674d2c42de6557026893a1902834f11f"},"position":{"space":"7dtd","x":-273.16122436523438,"y":61.079998016357422,"z":448.56515502929688},"rotation":{"pitch":0,"roll":0,"yaw":106.17741394042969},"sequence":52,"source":"7dtd","stream_id":"5cf26971-f748-4142-b4cd-04d762e18d59","type":"entity_state","version":2,"world_id":"td-0d917a4eff776d999148769266591579674d2c42de6557026893a1902834f11f"}
2026-10-03T19:17:46 123.712 INF [MC7DTD] 7DTD entity sent: {"authority":"7dtd","dimension":"7dtd:main","entity_id":"d8e7c437-fca2-4ccd-82e9-ad13fdaf1690","entity_type":"7dtd:player","lifecycle":{"event":"update"},"metadata":{},"origin":{"dimension":"7dtd:main","entity_id":"d8e7c437-fca2-4ccd-82e9-ad13fdaf1690","game":"7dtd","world_id":"td-0d917a4eff776d999148769266591579674d2c42de6557026893a1902834f11f"},"position":{"space":"7dtd","x":-273.16122436523438,"y":61.079998016357422,"z":448.56515502929688},"rotation":{"pitch":0,"roll":0,"yaw":106.17741394042969},"sequence":53,"source":"7dtd","stream_id":"5cf26971-f748-4142-b4cd-04d762e18d59","type":"entity_state","version":2,"world_id":"td-0d917a4eff776d999148769266591579674d2c42de6557026893a1902834f11f"}
2026-10-03T19:17:47 124.213 INF [MC7DTD] 7DTD entity sent: {"authority":"7dtd","dimension":"7dtd:main","entity_id":"d8e7c437-fca2-4ccd-82e9-ad13fdaf1690","entity_type":"7dtd:player","lifecycle":{"event":"update"},"metadata":{},"origin":{"dimension":"7dtd:main","entity_id":"d8e7c437-fca2-4ccd-82e9-ad13fdaf1690","game":"7dtd","world_id":"td-0d917a4eff776d999148769266591579674d2c42de6557026893a1902834f11f"},"position":{"space":"7dtd","x":-273.16122436523438,"y":61.079998016357422,"z":448.56515502929688},"rotation":{"pitch":0,"roll":0,"yaw":106.17741394042969},"sequence":54,"source":"7dtd","stream_id":"5cf26971-f748-4142-b4cd-04d762e18d59","type":"entity_state","version":2,"world_id":"td-0d917a4eff776d999148769266591579674d2c42de6557026893a1902834f11f"}
2026-10-03T19:17:47 124.716 INF [MC7DTD] 7DTD entity sent: {"authority":"7dtd","dimension":"7dtd:main","entity_id":"d8e7c437-fca2-4ccd-82e9-ad13fdaf1690","entity_type":"7dtd:player","lifecycle":{"event":"update"},"metadata":{},"origin":{"dimension":"7dtd:main","entity_id":"d8e7c437-fca2-4ccd-82e9-ad13fdaf1690","game":"7dtd","world_id":"td-0d917a4eff776d999148769266591579674d2c42de6557026893a1902834f11f"},"position":{"space":"7dtd","x":-273.16122436523438,"y":61.079998016357422,"z":448.56515502929688},"rotation":{"pitch":0,"roll":0,"yaw":106.17741394042969},"sequence":55,"source":"7dtd","stream_id":"5cf26971-f748-4142-b4cd-04d762e18d59","type":"entity_state","version":2,"world_id":"td-0d917a4eff776d999148769266591579674d2c42de6557026893a1902834f11f"}
2026-10-03T19:17:48 125.218 INF [MC7DTD] 7DTD entity sent: {"authority":"7dtd","dimension":"7dtd:main","entity_id":"d8e7c437-fca2-4ccd-82e9-ad13fdaf1690","entity_type":"7dtd:player","lifecycle":{"event":"update"},"metadata":{},"origin":{"dimension":"7dtd:main","entity_id":"d8e7c437-fca2-4ccd-82e9-ad13fdaf1690","game":"7dtd","world_id":"td-0d917a4eff776d999148769266591579674d2c42de6557026893a1902834f11f"},"position":{"space":"7dtd","x":-273.16122436523438,"y":61.079998016357422,"z":448.56515502929688},"rotation":{"pitch":0,"roll":0,"yaw":106.17741394042969},"sequence":56,"source":"7dtd","stream_id":"5cf26971-f748-4142-b4cd-04d762e18d59","type":"entity_state","version":2,"world_id":"td-0d917a4eff776d999148769266591579674d2c42de6557026893a1902834f11f"}
2026-10-03T19:17:48 125.720 INF [MC7DTD] 7DTD entity sent: {"authority":"7dtd","dimension":"7dtd:main","entity_id":"d8e7c437-fca2-4ccd-82e9-ad13fdaf1690","entity_type":"7dtd:player","lifecycle":{"event":"update"},"metadata":{},"origin":{"dimension":"7dtd:main","entity_id":"d8e7c437-fca2-4ccd-82e9-ad13fdaf1690","game":"7dtd","world_id":"td-0d917a4eff776d999148769266591579674d2c42de6557026893a1902834f11f"},"position":{"space":"7dtd","x":-273.16122436523438,"y":61.079998016357422,"z":448.56515502929688},"rotation":{"pitch":0,"roll":0,"yaw":106.17741394042969},"sequence":57,"source":"7dtd","stream_id":"5cf26971-f748-4142-b4cd-04d762e18d59","type":"entity_state","version":2,"world_id":"td-0d917a4eff776d999148769266591579674d2c42de6557026893a1902834f11f"}
2026-10-03T19:17:49 126.222 INF [MC7DTD] 7DTD entity sent: {"authority":"7dtd","dimension":"7dtd:main","entity_id":"d8e7c437-fca2-4ccd-82e9-ad13fdaf1690","entity_type":"7dtd:player","lifecycle":{"event":"update"},"metadata":{},"origin":{"dimension":"7dtd:main","entity_id":"d8e7c437-fca2-4ccd-82e9-ad13fdaf1690","game":"7dtd","world_id":"td-0d917a4eff776d999148769266591579674d2c42de6557026893a1902834f11f"},"position":{"space":"7dtd","x":-273.16122436523438,"y":61.079998016357422,"z":448.56515502929688},"rotation":{"pitch":0,"roll":0,"yaw":106.17741394042969},"sequence":58,"source":"7dtd","stream_id":"5cf26971-f748-4142-b4cd-04d762e18d59","type":"entity_state","version":2,"world_id":"td-0d917a4eff776d999148769266591579674d2c42de6557026893a1902834f11f"}
2026-10-03T19:17:49 126.724 INF [MC7DTD] 7DTD entity sent: {"authority":"7dtd","dimension":"7dtd:main","entity_id":"d8e7c437-fca2-4ccd-82e9-ad13fdaf1690","entity_type":"7dtd:player","lifecycle":{"event":"update"},"metadata":{},"origin":{"dimension":"7dtd:main","entity_id":"d8e7c437-fca2-4ccd-82e9-ad13fdaf1690","game":"7dtd","world_id":"td-0d917a4eff776d999148769266591579674d2c42de6557026893a1902834f11f"},"position":{"space":"7dtd","x":-273.16122436523438,"y":61.079998016357422,"z":448.56515502929688},"rotation":{"pitch":0,"roll":0,"yaw":106.17741394042969},"sequence":59,"source":"7dtd","stream_id":"5cf26971-f748-4142-b4cd-04d762e18d59","type":"entity_state","version":2,"world_id":"td-0d917a4eff776d999148769266591579674d2c42de6557026893a1902834f11f"}
2026-10-03T19:17:50 127.225 INF [MC7DTD] 7DTD entity sent: {"authority":"7dtd","dimension":"7dtd:main","entity_id":"d8e7c437-fca2-4ccd-82e9-ad13fdaf1690","entity_type":"7dtd:player","lifecycle":{"event":"update"},"metadata":{},"origin":{"dimension":"7dtd:main","entity_id":"d8e7c437-fca2-4ccd-82e9-ad13fdaf1690","game":"7dtd","world_id":"td-0d917a4eff776d999148769266591579674d2c42de6557026893a1902834f11f"},"position":{"space":"7dtd","x":-273.16122436523438,"y":61.079998016357422,"z":448.56515502929688},"rotation":{"pitch":0,"roll":0,"yaw":106.17741394042969},"sequence":60,"source":"7dtd","stream_id":"5cf26971-f748-4142-b4cd-04d762e18d59","type":"entity_state","version":2,"world_id":"td-0d917a4eff776d999148769266591579674d2c42de6557026893a1902834f11f"}
2026-10-03T19:17:50 127.261 INF Time: 1.88m FPS: 274.37 Heap: 2227.9MB Max: 2227.9MB Chunks: 298 CGO: 154 Ply: 1 Zom: 0 Ent: 4 (4) Items: 1 CO: 1 RSS: 4443.5MB
2026-10-03T19:17:50 127.727 INF [MC7DTD] 7DTD entity sent: {"authority":"7dtd","dimension":"7dtd:main","entity_id":"d8e7c437-fca2-4ccd-82e9-ad13fdaf1690","entity_type":"7dtd:player","lifecycle":{"event":"update"},"metadata":{},"origin":{"dimension":"7dtd:main","entity_id":"d8e7c437-fca2-4ccd-82e9-ad13fdaf1690","game":"7dtd","world_id":"td-0d917a4eff776d999148769266591579674d2c42de6557026893a1902834f11f"},"position":{"space":"7dtd","x":-273.16122436523438,"y":61.079998016357422,"z":448.56515502929688},"rotation":{"pitch":0,"roll":0,"yaw":106.17741394042969},"sequence":61,"source":"7dtd","stream_id":"5cf26971-f748-4142-b4cd-04d762e18d59","type":"entity_state","version":2,"world_id":"td-0d917a4eff776d999148769266591579674d2c42de6557026893a1902834f11f"}
2026-10-03T19:17:50 127.831 INF 69750 EntityBackpack id 178, plyrId 171, (-274.1, 61.2, 448.8) (-18, 28), chunk True (-18, 3, 28), items 5 drinkJarBoiledWater, foodCanChili at ((-274.12, 61.25, 448.84)) : Write
2026-10-03T19:17:51 128.228 INF [MC7DTD] 7DTD entity sent: {"authority":"7dtd","dimension":"7dtd:main","entity_id":"d8e7c437-fca2-4ccd-82e9-ad13fdaf1690","entity_type":"7dtd:player","lifecycle":{"event":"update"},"metadata":{},"origin":{"dimension":"7dtd:main","entity_id":"d8e7c437-fca2-4ccd-82e9-ad13fdaf1690","game":"7dtd","world_id":"td-0d917a4eff776d999148769266591579674d2c42de6557026893a1902834f11f"},"position":{"space":"7dtd","x":-273.16122436523438,"y":61.079998016357422,"z":448.56515502929688},"rotation":{"pitch":0,"roll":0,"yaw":106.17741394042969},"sequence":62,"source":"7dtd","stream_id":"5cf26971-f748-4142-b4cd-04d762e18d59","type":"entity_state","version":2,"world_id":"td-0d917a4eff776d999148769266591579674d2c42de6557026893a1902834f11f"}
2026-10-03T19:17:51 128.730 INF [MC7DTD] 7DTD entity sent: {"authority":"7dtd","dimension":"7dtd:main","entity_id":"d8e7c437-fca2-4ccd-82e9-ad13fdaf1690","entity_type":"7dtd:player","lifecycle":{"event":"update"},"metadata":{},"origin":{"dimension":"7dtd:main","entity_id":"d8e7c437-fca2-4ccd-82e9-ad13fdaf1690","game":"7dtd","world_id":"td-0d917a4eff776d999148769266591579674d2c42de6557026893a1902834f11f"},"position":{"space":"7dtd","x":-273.16122436523438,"y":61.079998016357422,"z":448.56515502929688},"rotation":{"pitch":0,"roll":0,"yaw":106.17741394042969},"sequence":63,"source":"7dtd","stream_id":"5cf26971-f748-4142-b4cd-04d762e18d59","type":"entity_state","version":2,"world_id":"td-0d917a4eff776d999148769266591579674d2c42de6557026893a1902834f11f"}
2026-10-03T19:17:52 129.231 INF [MC7DTD] 7DTD entity sent: {"authority":"7dtd","dimension":"7dtd:main","entity_id":"d8e7c437-fca2-4ccd-82e9-ad13fdaf1690","entity_type":"7dtd:player","lifecycle":{"event":"update"},"metadata":{},"origin":{"dimension":"7dtd:main","entity_id":"d8e7c437-fca2-4ccd-82e9-ad13fdaf1690","game":"7dtd","world_id":"td-0d917a4eff776d999148769266591579674d2c42de6557026893a1902834f11f"},"position":{"space":"7dtd","x":-273.16122436523438,"y":61.079998016357422,"z":448.56515502929688},"rotation":{"pitch":0,"roll":0,"yaw":106.17741394042969},"sequence":64,"source":"7dtd","stream_id":"5cf26971-f748-4142-b4cd-04d762e18d59","type":"entity_state","version":2,"world_id":"td-0d917a4eff776d999148769266591579674d2c42de6557026893a1902834f11f"}
2026-10-03T19:17:52 129.733 INF [MC7DTD] 7DTD entity sent: {"authority":"7dtd","dimension":"7dtd:main","entity_id":"d8e7c437-fca2-4ccd-82e9-ad13fdaf1690","entity_type":"7dtd:player","lifecycle":{"event":"update"},"metadata":{},"origin":{"dimension":"7dtd:main","entity_id":"d8e7c437-fca2-4ccd-82e9-ad13fdaf1690","game":"7dtd","world_id":"td-0d917a4eff776d999148769266591579674d2c42de6557026893a1902834f11f"},"position":{"space":"7dtd","x":-273.16122436523438,"y":61.079998016357422,"z":448.56515502929688},"rotation":{"pitch":0,"roll":0,"yaw":106.17741394042969},"sequence":65,"source":"7dtd","stream_id":"5cf26971-f748-4142-b4cd-04d762e18d59","type":"entity_state","version":2,"world_id":"td-0d917a4eff776d999148769266591579674d2c42de6557026893a1902834f11f"}
2026-10-03T19:17:53 130.234 INF [MC7DTD] 7DTD entity sent: {"authority":"7dtd","dimension":"7dtd:main","entity_id":"d8e7c437-fca2-4ccd-82e9-ad13fdaf1690","entity_type":"7dtd:player","lifecycle":{"event":"update"},"metadata":{},"origin":{"dimension":"7dtd:main","entity_id":"d8e7c437-fca2-4ccd-82e9-ad13fdaf1690","game":"7dtd","world_id":"td-0d917a4eff776d999148769266591579674d2c42de6557026893a1902834f11f"},"position":{"space":"7dtd","x":-273.16122436523438,"y":61.079998016357422,"z":448.56515502929688},"rotation":{"pitch":0,"roll":0,"yaw":106.17741394042969},"sequence":66,"source":"7dtd","stream_id":"5cf26971-f748-4142-b4cd-04d762e18d59","type":"entity_state","version":2,"world_id":"td-0d917a4eff776d999148769266591579674d2c42de6557026893a1902834f11f"}
2026-10-03T19:17:53 130.736 INF [MC7DTD] 7DTD entity sent: {"authority":"7dtd","dimension":"7dtd:main","entity_id":"d8e7c437-fca2-4ccd-82e9-ad13fdaf1690","entity_type":"7dtd:player","lifecycle":{"event":"update"},"metadata":{},"origin":{"dimension":"7dtd:main","entity_id":"d8e7c437-fca2-4ccd-82e9-ad13fdaf1690","game":"7dtd","world_id":"td-0d917a4eff776d999148769266591579674d2c42de6557026893a1902834f11f"},"position":{"space":"7dtd","x":-273.16122436523438,"y":61.079998016357422,"z":448.56515502929688},"rotation":{"pitch":0,"roll":0,"yaw":106.17741394042969},"sequence":67,"source":"7dtd","stream_id":"5cf26971-f748-4142-b4cd-04d762e18d59","type":"entity_state","version":2,"world_id":"td-0d917a4eff776d999148769266591579674d2c42de6557026893a1902834f11f"}
2026-10-03T19:17:54 131.238 INF [MC7DTD] 7DTD entity sent: {"authority":"7dtd","dimension":"7dtd:main","entity_id":"d8e7c437-fca2-4ccd-82e9-ad13fdaf1690","entity_type":"7dtd:player","lifecycle":{"event":"update"},"metadata":{},"origin":{"dimension":"7dtd:main","entity_id":"d8e7c437-fca2-4ccd-82e9-ad13fdaf1690","game":"7dtd","world_id":"td-0d917a4eff776d999148769266591579674d2c42de6557026893a1902834f11f"},"position":{"space":"7dtd","x":-273.16122436523438,"y":61.079998016357422,"z":448.56515502929688},"rotation":{"pitch":0,"roll":0,"yaw":106.17741394042969},"sequence":68,"source":"7dtd","stream_id":"5cf26971-f748-4142-b4cd-04d762e18d59","type":"entity_state","version":2,"world_id":"td-0d917a4eff776d999148769266591579674d2c42de6557026893a1902834f11f"}
2026-10-03T19:17:54 131.740 INF [MC7DTD] 7DTD entity sent: {"authority":"7dtd","dimension":"7dtd:main","entity_id":"d8e7c437-fca2-4ccd-82e9-ad13fdaf1690","entity_type":"7dtd:player","lifecycle":{"event":"update"},"metadata":{},"origin":{"dimension":"7dtd:main","entity_id":"d8e7c437-fca2-4ccd-82e9-ad13fdaf1690","game":"7dtd","world_id":"td-0d917a4eff776d999148769266591579674d2c42de6557026893a1902834f11f"},"position":{"space":"7dtd","x":-273.16122436523438,"y":61.079998016357422,"z":448.56515502929688},"rotation":{"pitch":0,"roll":0,"yaw":106.17741394042969},"sequence":69,"source":"7dtd","stream_id":"5cf26971-f748-4142-b4cd-04d762e18d59","type":"entity_state","version":2,"world_id":"td-0d917a4eff776d999148769266591579674d2c42de6557026893a1902834f11f"}
2026-10-03T19:17:55 132.242 INF [MC7DTD] 7DTD entity sent: {"authority":"7dtd","dimension":"7dtd:main","entity_id":"d8e7c437-fca2-4ccd-82e9-ad13fdaf1690","entity_type":"7dtd:player","lifecycle":{"event":"update"},"metadata":{},"origin":{"dimension":"7dtd:main","entity_id":"d8e7c437-fca2-4ccd-82e9-ad13fdaf1690","game":"7dtd","world_id":"td-0d917a4eff776d999148769266591579674d2c42de6557026893a1902834f11f"},"position":{"space":"7dtd","x":-273.16122436523438,"y":61.079998016357422,"z":448.56515502929688},"rotation":{"pitch":0,"roll":0,"yaw":106.17741394042969},"sequence":70,"source":"7dtd","stream_id":"5cf26971-f748-4142-b4cd-04d762e18d59","type":"entity_state","version":2,"world_id":"td-0d917a4eff776d999148769266591579674d2c42de6557026893a1902834f11f"}
2026-10-03T19:17:55 132.745 INF [MC7DTD] 7DTD entity sent: {"authority":"7dtd","dimension":"7dtd:main","entity_id":"d8e7c437-fca2-4ccd-82e9-ad13fdaf1690","entity_type":"7dtd:player","lifecycle":{"event":"update"},"metadata":{},"origin":{"dimension":"7dtd:main","entity_id":"d8e7c437-fca2-4ccd-82e9-ad13fdaf1690","game":"7dtd","world_id":"td-0d917a4eff776d999148769266591579674d2c42de6557026893a1902834f11f"},"position":{"space":"7dtd","x":-273.16122436523438,"y":61.079998016357422,"z":448.56515502929688},"rotation":{"pitch":0,"roll":0,"yaw":106.17741394042969},"sequence":71,"source":"7dtd","stream_id":"5cf26971-f748-4142-b4cd-04d762e18d59","type":"entity_state","version":2,"world_id":"td-0d917a4eff776d999148769266591579674d2c42de6557026893a1902834f11f"}
2026-10-03T19:17:56 133.246 INF [MC7DTD] 7DTD entity sent: {"authority":"7dtd","dimension":"7dtd:main","entity_id":"d8e7c437-fca2-4ccd-82e9-ad13fdaf1690","entity_type":"7dtd:player","lifecycle":{"event":"update"},"metadata":{},"origin":{"dimension":"7dtd:main","entity_id":"d8e7c437-fca2-4ccd-82e9-ad13fdaf1690","game":"7dtd","world_id":"td-0d917a4eff776d999148769266591579674d2c42de6557026893a1902834f11f"},"position":{"space":"7dtd","x":-273.16122436523438,"y":61.079998016357422,"z":448.56515502929688},"rotation":{"pitch":0,"roll":0,"yaw":106.17741394042969},"sequence":72,"source":"7dtd","stream_id":"5cf26971-f748-4142-b4cd-04d762e18d59","type":"entity_state","version":2,"world_id":"td-0d917a4eff776d999148769266591579674d2c42de6557026893a1902834f11f"}
2026-10-03T19:17:56 133.748 INF [MC7DTD] 7DTD entity sent: {"authority":"7dtd","dimension":"7dtd:main","entity_id":"d8e7c437-fca2-4ccd-82e9-ad13fdaf1690","entity_type":"7dtd:player","lifecycle":{"event":"update"},"metadata":{},"origin":{"dimension":"7dtd:main","entity_id":"d8e7c437-fca2-4ccd-82e9-ad13fdaf1690","game":"7dtd","world_id":"td-0d917a4eff776d999148769266591579674d2c42de6557026893a1902834f11f"},"position":{"space":"7dtd","x":-273.16122436523438,"y":61.079998016357422,"z":448.56515502929688},"rotation":{"pitch":0,"roll":0,"yaw":106.17741394042969},"sequence":73,"source":"7dtd","stream_id":"5cf26971-f748-4142-b4cd-04d762e18d59","type":"entity_state","version":2,"world_id":"td-0d917a4eff776d999148769266591579674d2c42de6557026893a1902834f11f"}
2026-10-03T19:17:57 134.249 INF [MC7DTD] 7DTD entity sent: {"authority":"7dtd","dimension":"7dtd:main","entity_id":"d8e7c437-fca2-4ccd-82e9-ad13fdaf1690","entity_type":"7dtd:player","lifecycle":{"event":"update"},"metadata":{},"origin":{"dimension":"7dtd:main","entity_id":"d8e7c437-fca2-4ccd-82e9-ad13fdaf1690","game":"7dtd","world_id":"td-0d917a4eff776d999148769266591579674d2c42de6557026893a1902834f11f"},"position":{"space":"7dtd","x":-273.16122436523438,"y":61.079998016357422,"z":448.56515502929688},"rotation":{"pitch":0,"roll":0,"yaw":106.17741394042969},"sequence":74,"source":"7dtd","stream_id":"5cf26971-f748-4142-b4cd-04d762e18d59","type":"entity_state","version":2,"world_id":"td-0d917a4eff776d999148769266591579674d2c42de6557026893a1902834f11f"}
2026-10-03T19:17:57 134.751 INF [MC7DTD] 7DTD entity sent: {"authority":"7dtd","dimension":"7dtd:main","entity_id":"d8e7c437-fca2-4ccd-82e9-ad13fdaf1690","entity_type":"7dtd:player","lifecycle":{"event":"update"},"metadata":{},"origin":{"dimension":"7dtd:main","entity_id":"d8e7c437-fca2-4ccd-82e9-ad13fdaf1690","game":"7dtd","world_id":"td-0d917a4eff776d999148769266591579674d2c42de6557026893a1902834f11f"},"position":{"space":"7dtd","x":-273.16122436523438,"y":61.079998016357422,"z":448.56515502929688},"rotation":{"pitch":0,"roll":0,"yaw":106.17741394042969},"sequence":75,"source":"7dtd","stream_id":"5cf26971-f748-4142-b4cd-04d762e18d59","type":"entity_state","version":2,"world_id":"td-0d917a4eff776d999148769266591579674d2c42de6557026893a1902834f11f"}
2026-10-03T19:17:58 135.254 INF [MC7DTD] 7DTD entity sent: {"authority":"7dtd","dimension":"7dtd:main","entity_id":"d8e7c437-fca2-4ccd-82e9-ad13fdaf1690","entity_type":"7dtd:player","lifecycle":{"event":"update"},"metadata":{},"origin":{"dimension":"7dtd:main","entity_id":"d8e7c437-fca2-4ccd-82e9-ad13fdaf1690","game":"7dtd","world_id":"td-0d917a4eff776d999148769266591579674d2c42de6557026893a1902834f11f"},"position":{"space":"7dtd","x":-273.16122436523438,"y":61.079998016357422,"z":448.56515502929688},"rotation":{"pitch":0,"roll":0,"yaw":106.17741394042969},"sequence":76,"source":"7dtd","stream_id":"5cf26971-f748-4142-b4cd-04d762e18d59","type":"entity_state","version":2,"world_id":"td-0d917a4eff776d999148769266591579674d2c42de6557026893a1902834f11f"}
2026-10-03T19:17:58 135.756 INF [MC7DTD] 7DTD entity sent: {"authority":"7dtd","dimension":"7dtd:main","entity_id":"d8e7c437-fca2-4ccd-82e9-ad13fdaf1690","entity_type":"7dtd:player","lifecycle":{"event":"update"},"metadata":{},"origin":{"dimension":"7dtd:main","entity_id":"d8e7c437-fca2-4ccd-82e9-ad13fdaf1690","game":"7dtd","world_id":"td-0d917a4eff776d999148769266591579674d2c42de6557026893a1902834f11f"},"position":{"space":"7dtd","x":-273.16122436523438,"y":61.079998016357422,"z":448.56515502929688},"rotation":{"pitch":0,"roll":0,"yaw":106.17741394042969},"sequence":77,"source":"7dtd","stream_id":"5cf26971-f748-4142-b4cd-04d762e18d59","type":"entity_state","version":2,"world_id":"td-0d917a4eff776d999148769266591579674d2c42de6557026893a1902834f11f"}
2026-10-03T19:17:59 136.258 INF [MC7DTD] 7DTD entity sent: {"authority":"7dtd","dimension":"7dtd:main","entity_id":"d8e7c437-fca2-4ccd-82e9-ad13fdaf1690","entity_type":"7dtd:player","lifecycle":{"event":"update"},"metadata":{},"origin":{"dimension":"7dtd:main","entity_id":"d8e7c437-fca2-4ccd-82e9-ad13fdaf1690","game":"7dtd","world_id":"td-0d917a4eff776d999148769266591579674d2c42de6557026893a1902834f11f"},"position":{"space":"7dtd","x":-273.16122436523438,"y":61.079998016357422,"z":448.56515502929688},"rotation":{"pitch":0,"roll":0,"yaw":106.17741394042969},"sequence":78,"source":"7dtd","stream_id":"5cf26971-f748-4142-b4cd-04d762e18d59","type":"entity_state","version":2,"world_id":"td-0d917a4eff776d999148769266591579674d2c42de6557026893a1902834f11f"}
2026-10-03T19:17:59 136.761 INF [MC7DTD] 7DTD entity sent: {"authority":"7dtd","dimension":"7dtd:main","entity_id":"d8e7c437-fca2-4ccd-82e9-ad13fdaf1690","entity_type":"7dtd:player","lifecycle":{"event":"update"},"metadata":{},"origin":{"dimension":"7dtd:main","entity_id":"d8e7c437-fca2-4ccd-82e9-ad13fdaf1690","game":"7dtd","world_id":"td-0d917a4eff776d999148769266591579674d2c42de6557026893a1902834f11f"},"position":{"space":"7dtd","x":-273.16122436523438,"y":61.079998016357422,"z":448.56515502929688},"rotation":{"pitch":0,"roll":0,"yaw":106.17741394042969},"sequence":79,"source":"7dtd","stream_id":"5cf26971-f748-4142-b4cd-04d762e18d59","type":"entity_state","version":2,"world_id":"td-0d917a4eff776d999148769266591579674d2c42de6557026893a1902834f11f"}
2026-10-03T19:18:00 137.263 INF [MC7DTD] 7DTD entity sent: {"authority":"7dtd","dimension":"7dtd:main","entity_id":"d8e7c437-fca2-4ccd-82e9-ad13fdaf1690","entity_type":"7dtd:player","lifecycle":{"event":"update"},"metadata":{},"origin":{"dimension":"7dtd:main","entity_id":"d8e7c437-fca2-4ccd-82e9-ad13fdaf1690","game":"7dtd","world_id":"td-0d917a4eff776d999148769266591579674d2c42de6557026893a1902834f11f"},"position":{"space":"7dtd","x":-273.16122436523438,"y":61.079998016357422,"z":448.56515502929688},"rotation":{"pitch":0,"roll":0,"yaw":106.17741394042969},"sequence":80,"source":"7dtd","stream_id":"5cf26971-f748-4142-b4cd-04d762e18d59","type":"entity_state","version":2,"world_id":"td-0d917a4eff776d999148769266591579674d2c42de6557026893a1902834f11f"}
2026-10-03T19:18:00 137.765 INF [MC7DTD] 7DTD entity sent: {"authority":"7dtd","dimension":"7dtd:main","entity_id":"d8e7c437-fca2-4ccd-82e9-ad13fdaf1690","entity_type":"7dtd:player","lifecycle":{"event":"update"},"metadata":{},"origin":{"dimension":"7dtd:main","entity_id":"d8e7c437-fca2-4ccd-82e9-ad13fdaf1690","game":"7dtd","world_id":"td-0d917a4eff776d999148769266591579674d2c42de6557026893a1902834f11f"},"position":{"space":"7dtd","x":-273.16122436523438,"y":61.079998016357422,"z":448.56515502929688},"rotation":{"pitch":0,"roll":0,"yaw":106.17741394042969},"sequence":81,"source":"7dtd","stream_id":"5cf26971-f748-4142-b4cd-04d762e18d59","type":"entity_state","version":2,"world_id":"td-0d917a4eff776d999148769266591579674d2c42de6557026893a1902834f11f"}
2026-10-03T19:18:01 138.267 INF [MC7DTD] 7DTD entity sent: {"authority":"7dtd","dimension":"7dtd:main","entity_id":"d8e7c437-fca2-4ccd-82e9-ad13fdaf1690","entity_type":"7dtd:player","lifecycle":{"event":"update"},"metadata":{},"origin":{"dimension":"7dtd:main","entity_id":"d8e7c437-fca2-4ccd-82e9-ad13fdaf1690","game":"7dtd","world_id":"td-0d917a4eff776d999148769266591579674d2c42de6557026893a1902834f11f"},"position":{"space":"7dtd","x":-273.16122436523438,"y":61.079998016357422,"z":448.56515502929688},"rotation":{"pitch":0,"roll":0,"yaw":106.17741394042969},"sequence":82,"source":"7dtd","stream_id":"5cf26971-f748-4142-b4cd-04d762e18d59","type":"entity_state","version":2,"world_id":"td-0d917a4eff776d999148769266591579674d2c42de6557026893a1902834f11f"}
2026-10-03T19:18:01 138.769 INF [MC7DTD] 7DTD entity sent: {"authority":"7dtd","dimension":"7dtd:main","entity_id":"d8e7c437-fca2-4ccd-82e9-ad13fdaf1690","entity_type":"7dtd:player","lifecycle":{"event":"update"},"metadata":{},"origin":{"dimension":"7dtd:main","entity_id":"d8e7c437-fca2-4ccd-82e9-ad13fdaf1690","game":"7dtd","world_id":"td-0d917a4eff776d999148769266591579674d2c42de6557026893a1902834f11f"},"position":{"space":"7dtd","x":-273.16122436523438,"y":61.079998016357422,"z":448.56515502929688},"rotation":{"pitch":0,"roll":0,"yaw":106.17741394042969},"sequence":83,"source":"7dtd","stream_id":"5cf26971-f748-4142-b4cd-04d762e18d59","type":"entity_state","version":2,"world_id":"td-0d917a4eff776d999148769266591579674d2c42de6557026893a1902834f11f"}
2026-10-03T19:18:02 139.271 INF [MC7DTD] 7DTD entity sent: {"authority":"7dtd","dimension":"7dtd:main","entity_id":"d8e7c437-fca2-4ccd-82e9-ad13fdaf1690","entity_type":"7dtd:player","lifecycle":{"event":"update"},"metadata":{},"origin":{"dimension":"7dtd:main","entity_id":"d8e7c437-fca2-4ccd-82e9-ad13fdaf1690","game":"7dtd","world_id":"td-0d917a4eff776d999148769266591579674d2c42de6557026893a1902834f11f"},"position":{"space":"7dtd","x":-273.16122436523438,"y":61.079998016357422,"z":448.56515502929688},"rotation":{"pitch":0,"roll":0,"yaw":106.17741394042969},"sequence":84,"source":"7dtd","stream_id":"5cf26971-f748-4142-b4cd-04d762e18d59","type":"entity_state","version":2,"world_id":"td-0d917a4eff776d999148769266591579674d2c42de6557026893a1902834f11f"}
2026-10-03T19:18:02 139.772 INF [MC7DTD] 7DTD entity sent: {"authority":"7dtd","dimension":"7dtd:main","entity_id":"d8e7c437-fca2-4ccd-82e9-ad13fdaf1690","entity_type":"7dtd:player","lifecycle":{"event":"update"},"metadata":{},"origin":{"dimension":"7dtd:main","entity_id":"d8e7c437-fca2-4ccd-82e9-ad13fdaf1690","game":"7dtd","world_id":"td-0d917a4eff776d999148769266591579674d2c42de6557026893a1902834f11f"},"position":{"space":"7dtd","x":-273.16122436523438,"y":61.079998016357422,"z":448.56515502929688},"rotation":{"pitch":0,"roll":0,"yaw":106.17741394042969},"sequence":85,"source":"7dtd","stream_id":"5cf26971-f748-4142-b4cd-04d762e18d59","type":"entity_state","version":2,"world_id":"td-0d917a4eff776d999148769266591579674d2c42de6557026893a1902834f11f"}
2026-10-03T19:18:03 140.274 INF [MC7DTD] 7DTD entity sent: {"authority":"7dtd","dimension":"7dtd:main","entity_id":"d8e7c437-fca2-4ccd-82e9-ad13fdaf1690","entity_type":"7dtd:player","lifecycle":{"event":"update"},"metadata":{},"origin":{"dimension":"7dtd:main","entity_id":"d8e7c437-fca2-4ccd-82e9-ad13fdaf1690","game":"7dtd","world_id":"td-0d917a4eff776d999148769266591579674d2c42de6557026893a1902834f11f"},"position":{"space":"7dtd","x":-273.16122436523438,"y":61.079998016357422,"z":448.56515502929688},"rotation":{"pitch":0,"roll":0,"yaw":106.17741394042969},"sequence":86,"source":"7dtd","stream_id":"5cf26971-f748-4142-b4cd-04d762e18d59","type":"entity_state","version":2,"world_id":"td-0d917a4eff776d999148769266591579674d2c42de6557026893a1902834f11f"}
2026-10-03T19:18:03 140.776 INF [MC7DTD] 7DTD entity sent: {"authority":"7dtd","dimension":"7dtd:main","entity_id":"d8e7c437-fca2-4ccd-82e9-ad13fdaf1690","entity_type":"7dtd:player","lifecycle":{"event":"update"},"metadata":{},"origin":{"dimension":"7dtd:main","entity_id":"d8e7c437-fca2-4ccd-82e9-ad13fdaf1690","game":"7dtd","world_id":"td-0d917a4eff776d999148769266591579674d2c42de6557026893a1902834f11f"},"position":{"space":"7dtd","x":-273.16122436523438,"y":61.079998016357422,"z":448.56515502929688},"rotation":{"pitch":0,"roll":0,"yaw":106.17741394042969},"sequence":87,"source":"7dtd","stream_id":"5cf26971-f748-4142-b4cd-04d762e18d59","type":"entity_state","version":2,"world_id":"td-0d917a4eff776d999148769266591579674d2c42de6557026893a1902834f11f"}
2026-10-03T19:18:04 141.278 INF [MC7DTD] 7DTD entity sent: {"authority":"7dtd","dimension":"7dtd:main","entity_id":"d8e7c437-fca2-4ccd-82e9-ad13fdaf1690","entity_type":"7dtd:player","lifecycle":{"event":"update"},"metadata":{},"origin":{"dimension":"7dtd:main","entity_id":"d8e7c437-fca2-4ccd-82e9-ad13fdaf1690","game":"7dtd","world_id":"td-0d917a4eff776d999148769266591579674d2c42de6557026893a1902834f11f"},"position":{"space":"7dtd","x":-273.16122436523438,"y":61.079998016357422,"z":448.56515502929688},"rotation":{"pitch":-0.875,"roll":0,"yaw":104.92739868164063},"sequence":88,"source":"7dtd","stream_id":"5cf26971-f748-4142-b4cd-04d762e18d59","type":"entity_state","version":2,"world_id":"td-0d917a4eff776d999148769266591579674d2c42de6557026893a1902834f11f"}
2026-10-03T19:18:04 141.779 INF [MC7DTD] 7DTD entity sent: {"authority":"7dtd","dimension":"7dtd:main","entity_id":"d8e7c437-fca2-4ccd-82e9-ad13fdaf1690","entity_type":"7dtd:player","lifecycle":{"event":"update"},"metadata":{},"origin":{"dimension":"7dtd:main","entity_id":"d8e7c437-fca2-4ccd-82e9-ad13fdaf1690","game":"7dtd","world_id":"td-0d917a4eff776d999148769266591579674d2c42de6557026893a1902834f11f"},"position":{"space":"7dtd","x":-273.16122436523438,"y":61.079998016357422,"z":448.56515502929688},"rotation":{"pitch":-1.125,"roll":0,"yaw":104.67739868164063},"sequence":89,"source":"7dtd","stream_id":"5cf26971-f748-4142-b4cd-04d762e18d59","type":"entity_state","version":2,"world_id":"td-0d917a4eff776d999148769266591579674d2c42de6557026893a1902834f11f"}
2026-10-03T19:18:05 142.281 INF [MC7DTD] 7DTD entity sent: {"authority":"7dtd","dimension":"7dtd:main","entity_id":"d8e7c437-fca2-4ccd-82e9-ad13fdaf1690","entity_type":"7dtd:player","lifecycle":{"event":"update"},"metadata":{},"origin":{"dimension":"7dtd:main","entity_id":"d8e7c437-fca2-4ccd-82e9-ad13fdaf1690","game":"7dtd","world_id":"td-0d917a4eff776d999148769266591579674d2c42de6557026893a1902834f11f"},"position":{"space":"7dtd","x":-273.16122436523438,"y":61.079998016357422,"z":448.56515502929688},"rotation":{"pitch":-8.125,"roll":0,"yaw":101.05242919921875},"sequence":90,"source":"7dtd","stream_id":"5cf26971-f748-4142-b4cd-04d762e18d59","type":"entity_state","version":2,"world_id":"td-0d917a4eff776d999148769266591579674d2c42de6557026893a1902834f11f"}
2026-10-03T19:18:05 142.783 INF [MC7DTD] 7DTD entity sent: {"authority":"7dtd","dimension":"7dtd:main","entity_id":"d8e7c437-fca2-4ccd-82e9-ad13fdaf1690","entity_type":"7dtd:player","lifecycle":{"event":"update"},"metadata":{},"origin":{"dimension":"7dtd:main","entity_id":"d8e7c437-fca2-4ccd-82e9-ad13fdaf1690","game":"7dtd","world_id":"td-0d917a4eff776d999148769266591579674d2c42de6557026893a1902834f11f"},"position":{"space":"7dtd","x":-273.16122436523438,"y":61.079998016357422,"z":448.56515502929688},"rotation":{"pitch":-4.875,"roll":0,"yaw":105.17741394042969},"sequence":91,"source":"7dtd","stream_id":"5cf26971-f748-4142-b4cd-04d762e18d59","type":"entity_state","version":2,"world_id":"td-0d917a4eff776d999148769266591579674d2c42de6557026893a1902834f11f"}
2026-10-03T19:18:06 143.285 INF [MC7DTD] 7DTD entity sent: {"authority":"7dtd","dimension":"7dtd:main","entity_id":"d8e7c437-fca2-4ccd-82e9-ad13fdaf1690","entity_type":"7dtd:player","lifecycle":{"event":"update"},"metadata":{},"origin":{"dimension":"7dtd:main","entity_id":"d8e7c437-fca2-4ccd-82e9-ad13fdaf1690","game":"7dtd","world_id":"td-0d917a4eff776d999148769266591579674d2c42de6557026893a1902834f11f"},"position":{"space":"7dtd","x":-273.16122436523438,"y":61.079998016357422,"z":448.56515502929688},"rotation":{"pitch":-4.875,"roll":0,"yaw":105.42739868164063},"sequence":92,"source":"7dtd","stream_id":"5cf26971-f748-4142-b4cd-04d762e18d59","type":"entity_state","version":2,"world_id":"td-0d917a4eff776d999148769266591579674d2c42de6557026893a1902834f11f"}
2026-10-03T19:18:06 143.787 INF [MC7DTD] 7DTD entity sent: {"authority":"7dtd","dimension":"7dtd:main","entity_id":"d8e7c437-fca2-4ccd-82e9-ad13fdaf1690","entity_type":"7dtd:player","lifecycle":{"event":"update"},"metadata":{},"origin":{"dimension":"7dtd:main","entity_id":"d8e7c437-fca2-4ccd-82e9-ad13fdaf1690","game":"7dtd","world_id":"td-0d917a4eff776d999148769266591579674d2c42de6557026893a1902834f11f"},"position":{"space":"7dtd","x":-273.16122436523438,"y":61.079998016357422,"z":448.56515502929688},"rotation":{"pitch":-4.5,"roll":0,"yaw":106.80242919921875},"sequence":93,"source":"7dtd","stream_id":"5cf26971-f748-4142-b4cd-04d762e18d59","type":"entity_state","version":2,"world_id":"td-0d917a4eff776d999148769266591579674d2c42de6557026893a1902834f11f"}
2026-10-03T19:18:07 144.289 INF [MC7DTD] 7DTD entity sent: {"authority":"7dtd","dimension":"7dtd:main","entity_id":"d8e7c437-fca2-4ccd-82e9-ad13fdaf1690","entity_type":"7dtd:player","lifecycle":{"event":"update"},"metadata":{},"origin":{"dimension":"7dtd:main","entity_id":"d8e7c437-fca2-4ccd-82e9-ad13fdaf1690","game":"7dtd","world_id":"td-0d917a4eff776d999148769266591579674d2c42de6557026893a1902834f11f"},"position":{"space":"7dtd","x":-273.16122436523438,"y":61.079998016357422,"z":448.56515502929688},"rotation":{"pitch":-4.5,"roll":0,"yaw":106.80242919921875},"sequence":94,"source":"7dtd","stream_id":"5cf26971-f748-4142-b4cd-04d762e18d59","type":"entity_state","version":2,"world_id":"td-0d917a4eff776d999148769266591579674d2c42de6557026893a1902834f11f"}
2026-10-03T19:18:07 144.791 INF [MC7DTD] 7DTD entity sent: {"authority":"7dtd","dimension":"7dtd:main","entity_id":"d8e7c437-fca2-4ccd-82e9-ad13fdaf1690","entity_type":"7dtd:player","lifecycle":{"event":"update"},"metadata":{},"origin":{"dimension":"7dtd:main","entity_id":"d8e7c437-fca2-4ccd-82e9-ad13fdaf1690","game":"7dtd","world_id":"td-0d917a4eff776d999148769266591579674d2c42de6557026893a1902834f11f"},"position":{"space":"7dtd","x":-273.16122436523438,"y":61.079998016357422,"z":448.56515502929688},"rotation":{"pitch":-4.5,"roll":0,"yaw":106.80242919921875},"sequence":95,"source":"7dtd","stream_id":"5cf26971-f748-4142-b4cd-04d762e18d59","type":"entity_state","version":2,"world_id":"td-0d917a4eff776d999148769266591579674d2c42de6557026893a1902834f11f"}
2026-10-03T19:18:08 145.293 INF [MC7DTD] 7DTD entity sent: {"authority":"7dtd","dimension":"7dtd:main","entity_id":"d8e7c437-fca2-4ccd-82e9-ad13fdaf1690","entity_type":"7dtd:player","lifecycle":{"event":"update"},"metadata":{},"origin":{"dimension":"7dtd:main","entity_id":"d8e7c437-fca2-4ccd-82e9-ad13fdaf1690","game":"7dtd","world_id":"td-0d917a4eff776d999148769266591579674d2c42de6557026893a1902834f11f"},"position":{"space":"7dtd","x":-273.16122436523438,"y":61.079998016357422,"z":448.56515502929688},"rotation":{"pitch":-4.5,"roll":0,"yaw":106.80242919921875},"sequence":96,"source":"7dtd","stream_id":"5cf26971-f748-4142-b4cd-04d762e18d59","type":"entity_state","version":2,"world_id":"td-0d917a4eff776d999148769266591579674d2c42de6557026893a1902834f11f"}
2026-10-03T19:18:08 145.794 INF [MC7DTD] 7DTD entity sent: {"authority":"7dtd","dimension":"7dtd:main","entity_id":"d8e7c437-fca2-4ccd-82e9-ad13fdaf1690","entity_type":"7dtd:player","lifecycle":{"event":"update"},"metadata":{},"origin":{"dimension":"7dtd:main","entity_id":"d8e7c437-fca2-4ccd-82e9-ad13fdaf1690","game":"7dtd","world_id":"td-0d917a4eff776d999148769266591579674d2c42de6557026893a1902834f11f"},"position":{"space":"7dtd","x":-273.16122436523438,"y":61.079998016357422,"z":448.56515502929688},"rotation":{"pitch":-4.5,"roll":0,"yaw":106.80242919921875},"sequence":97,"source":"7dtd","stream_id":"5cf26971-f748-4142-b4cd-04d762e18d59","type":"entity_state","version":2,"world_id":"td-0d917a4eff776d999148769266591579674d2c42de6557026893a1902834f11f"}
2026-10-03T19:18:09 146.296 INF [MC7DTD] 7DTD entity sent: {"authority":"7dtd","dimension":"7dtd:main","entity_id":"d8e7c437-fca2-4ccd-82e9-ad13fdaf1690","entity_type":"7dtd:player","lifecycle":{"event":"update"},"metadata":{},"origin":{"dimension":"7dtd:main","entity_id":"d8e7c437-fca2-4ccd-82e9-ad13fdaf1690","game":"7dtd","world_id":"td-0d917a4eff776d999148769266591579674d2c42de6557026893a1902834f11f"},"position":{"space":"7dtd","x":-273.16122436523438,"y":61.079998016357422,"z":448.56515502929688},"rotation":{"pitch":-4.5,"roll":0,"yaw":106.80242919921875},"sequence":98,"source":"7dtd","stream_id":"5cf26971-f748-4142-b4cd-04d762e18d59","type":"entity_state","version":2,"world_id":"td-0d917a4eff776d999148769266591579674d2c42de6557026893a1902834f11f"}
2026-10-03T19:18:09 146.798 INF [MC7DTD] 7DTD entity sent: {"authority":"7dtd","dimension":"7dtd:main","entity_id":"d8e7c437-fca2-4ccd-82e9-ad13fdaf1690","entity_type":"7dtd:player","lifecycle":{"event":"update"},"metadata":{},"origin":{"dimension":"7dtd:main","entity_id":"d8e7c437-fca2-4ccd-82e9-ad13fdaf1690","game":"7dtd","world_id":"td-0d917a4eff776d999148769266591579674d2c42de6557026893a1902834f11f"},"position":{"space":"7dtd","x":-273.16122436523438,"y":61.079998016357422,"z":448.56515502929688},"rotation":{"pitch":-4.5,"roll":0,"yaw":106.80242919921875},"sequence":99,"source":"7dtd","stream_id":"5cf26971-f748-4142-b4cd-04d762e18d59","type":"entity_state","version":2,"world_id":"td-0d917a4eff776d999148769266591579674d2c42de6557026893a1902834f11f"}
2026-10-03T19:18:10 147.299 INF [MC7DTD] 7DTD entity sent: {"authority":"7dtd","dimension":"7dtd:main","entity_id":"d8e7c437-fca2-4ccd-82e9-ad13fdaf1690","entity_type":"7dtd:player","lifecycle":{"event":"update"},"metadata":{},"origin":{"dimension":"7dtd:main","entity_id":"d8e7c437-fca2-4ccd-82e9-ad13fdaf1690","game":"7dtd","world_id":"td-0d917a4eff776d999148769266591579674d2c42de6557026893a1902834f11f"},"position":{"space":"7dtd","x":-273.16122436523438,"y":61.079998016357422,"z":448.56515502929688},"rotation":{"pitch":-4.5,"roll":0,"yaw":106.80242919921875},"sequence":100,"source":"7dtd","stream_id":"5cf26971-f748-4142-b4cd-04d762e18d59","type":"entity_state","version":2,"world_id":"td-0d917a4eff776d999148769266591579674d2c42de6557026893a1902834f11f"}
2026-10-03T19:18:10 147.801 INF [MC7DTD] 7DTD entity sent: {"authority":"7dtd","dimension":"7dtd:main","entity_id":"d8e7c437-fca2-4ccd-82e9-ad13fdaf1690","entity_type":"7dtd:player","lifecycle":{"event":"update"},"metadata":{},"origin":{"dimension":"7dtd:main","entity_id":"d8e7c437-fca2-4ccd-82e9-ad13fdaf1690","game":"7dtd","world_id":"td-0d917a4eff776d999148769266591579674d2c42de6557026893a1902834f11f"},"position":{"space":"7dtd","x":-273.16122436523438,"y":61.079998016357422,"z":448.56515502929688},"rotation":{"pitch":-4.5,"roll":0,"yaw":106.80242919921875},"sequence":101,"source":"7dtd","stream_id":"5cf26971-f748-4142-b4cd-04d762e18d59","type":"entity_state","version":2,"world_id":"td-0d917a4eff776d999148769266591579674d2c42de6557026893a1902834f11f"}
2026-10-03T19:18:11 148.303 INF [MC7DTD] 7DTD entity sent: {"authority":"7dtd","dimension":"7dtd:main","entity_id":"d8e7c437-fca2-4ccd-82e9-ad13fdaf1690","entity_type":"7dtd:player","lifecycle":{"event":"update"},"metadata":{},"origin":{"dimension":"7dtd:main","entity_id":"d8e7c437-fca2-4ccd-82e9-ad13fdaf1690","game":"7dtd","world_id":"td-0d917a4eff776d999148769266591579674d2c42de6557026893a1902834f11f"},"position":{"space":"7dtd","x":-273.16122436523438,"y":61.079998016357422,"z":448.56515502929688},"rotation":{"pitch":-4.5,"roll":0,"yaw":106.80242919921875},"sequence":102,"source":"7dtd","stream_id":"5cf26971-f748-4142-b4cd-04d762e18d59","type":"entity_state","version":2,"world_id":"td-0d917a4eff776d999148769266591579674d2c42de6557026893a1902834f11f"}
2026-10-03T19:18:11 148.805 INF [MC7DTD] 7DTD entity sent: {"authority":"7dtd","dimension":"7dtd:main","entity_id":"d8e7c437-fca2-4ccd-82e9-ad13fdaf1690","entity_type":"7dtd:player","lifecycle":{"event":"update"},"metadata":{},"origin":{"dimension":"7dtd:main","entity_id":"d8e7c437-fca2-4ccd-82e9-ad13fdaf1690","game":"7dtd","world_id":"td-0d917a4eff776d999148769266591579674d2c42de6557026893a1902834f11f"},"position":{"space":"7dtd","x":-273.16122436523438,"y":61.079998016357422,"z":448.56515502929688},"rotation":{"pitch":-4.5,"roll":0,"yaw":106.80242919921875},"sequence":103,"source":"7dtd","stream_id":"5cf26971-f748-4142-b4cd-04d762e18d59","type":"entity_state","version":2,"world_id":"td-0d917a4eff776d999148769266591579674d2c42de6557026893a1902834f11f"}
2026-10-03T19:18:12 149.307 INF [MC7DTD] 7DTD entity sent: {"authority":"7dtd","dimension":"7dtd:main","entity_id":"d8e7c437-fca2-4ccd-82e9-ad13fdaf1690","entity_type":"7dtd:player","lifecycle":{"event":"update"},"metadata":{},"origin":{"dimension":"7dtd:main","entity_id":"d8e7c437-fca2-4ccd-82e9-ad13fdaf1690","game":"7dtd","world_id":"td-0d917a4eff776d999148769266591579674d2c42de6557026893a1902834f11f"},"position":{"space":"7dtd","x":-273.16122436523438,"y":61.079998016357422,"z":448.56515502929688},"rotation":{"pitch":-4.5,"roll":0,"yaw":106.80242919921875},"sequence":104,"source":"7dtd","stream_id":"5cf26971-f748-4142-b4cd-04d762e18d59","type":"entity_state","version":2,"world_id":"td-0d917a4eff776d999148769266591579674d2c42de6557026893a1902834f11f"}
2026-10-03T19:18:12 149.809 INF [MC7DTD] 7DTD entity sent: {"authority":"7dtd","dimension":"7dtd:main","entity_id":"d8e7c437-fca2-4ccd-82e9-ad13fdaf1690","entity_type":"7dtd:player","lifecycle":{"event":"update"},"metadata":{},"origin":{"dimension":"7dtd:main","entity_id":"d8e7c437-fca2-4ccd-82e9-ad13fdaf1690","game":"7dtd","world_id":"td-0d917a4eff776d999148769266591579674d2c42de6557026893a1902834f11f"},"position":{"space":"7dtd","x":-273.16122436523438,"y":61.079998016357422,"z":448.56515502929688},"rotation":{"pitch":-4.5,"roll":0,"yaw":106.80242919921875},"sequence":105,"source":"7dtd","stream_id":"5cf26971-f748-4142-b4cd-04d762e18d59","type":"entity_state","version":2,"world_id":"td-0d917a4eff776d999148769266591579674d2c42de6557026893a1902834f11f"}
2026-10-03T19:18:13 150.311 INF [MC7DTD] 7DTD entity sent: {"authority":"7dtd","dimension":"7dtd:main","entity_id":"d8e7c437-fca2-4ccd-82e9-ad13fdaf1690","entity_type":"7dtd:player","lifecycle":{"event":"update"},"metadata":{},"origin":{"dimension":"7dtd:main","entity_id":"d8e7c437-fca2-4ccd-82e9-ad13fdaf1690","game":"7dtd","world_id":"td-0d917a4eff776d999148769266591579674d2c42de6557026893a1902834f11f"},"position":{"space":"7dtd","x":-273.16122436523438,"y":61.079998016357422,"z":448.56515502929688},"rotation":{"pitch":-4.5,"roll":0,"yaw":106.80242919921875},"sequence":106,"source":"7dtd","stream_id":"5cf26971-f748-4142-b4cd-04d762e18d59","type":"entity_state","version":2,"world_id":"td-0d917a4eff776d999148769266591579674d2c42de6557026893a1902834f11f"}
2026-10-03T19:18:13 150.814 INF [MC7DTD] 7DTD entity sent: {"authority":"7dtd","dimension":"7dtd:main","entity_id":"d8e7c437-fca2-4ccd-82e9-ad13fdaf1690","entity_type":"7dtd:player","lifecycle":{"event":"update"},"metadata":{},"origin":{"dimension":"7dtd:main","entity_id":"d8e7c437-fca2-4ccd-82e9-ad13fdaf1690","game":"7dtd","world_id":"td-0d917a4eff776d999148769266591579674d2c42de6557026893a1902834f11f"},"position":{"space":"7dtd","x":-273.16122436523438,"y":61.079998016357422,"z":448.56515502929688},"rotation":{"pitch":-4.5,"roll":0,"yaw":106.80242919921875},"sequence":107,"source":"7dtd","stream_id":"5cf26971-f748-4142-b4cd-04d762e18d59","type":"entity_state","version":2,"world_id":"td-0d917a4eff776d999148769266591579674d2c42de6557026893a1902834f11f"}
2026-10-03T19:18:14 151.315 INF [MC7DTD] 7DTD entity sent: {"authority":"7dtd","dimension":"7dtd:main","entity_id":"d8e7c437-fca2-4ccd-82e9-ad13fdaf1690","entity_type":"7dtd:player","lifecycle":{"event":"update"},"metadata":{},"origin":{"dimension":"7dtd:main","entity_id":"d8e7c437-fca2-4ccd-82e9-ad13fdaf1690","game":"7dtd","world_id":"td-0d917a4eff776d999148769266591579674d2c42de6557026893a1902834f11f"},"position":{"space":"7dtd","x":-273.16122436523438,"y":61.079998016357422,"z":448.56515502929688},"rotation":{"pitch":-4.5,"roll":0,"yaw":106.80242919921875},"sequence":108,"source":"7dtd","stream_id":"5cf26971-f748-4142-b4cd-04d762e18d59","type":"entity_state","version":2,"world_id":"td-0d917a4eff776d999148769266591579674d2c42de6557026893a1902834f11f"}
2026-10-03T19:18:14 151.816 INF [MC7DTD] 7DTD entity sent: {"authority":"7dtd","dimension":"7dtd:main","entity_id":"d8e7c437-fca2-4ccd-82e9-ad13fdaf1690","entity_type":"7dtd:player","lifecycle":{"event":"update"},"metadata":{},"origin":{"dimension":"7dtd:main","entity_id":"d8e7c437-fca2-4ccd-82e9-ad13fdaf1690","game":"7dtd","world_id":"td-0d917a4eff776d999148769266591579674d2c42de6557026893a1902834f11f"},"position":{"space":"7dtd","x":-273.16122436523438,"y":61.079998016357422,"z":448.56515502929688},"rotation":{"pitch":-4.5,"roll":0,"yaw":106.80242919921875},"sequence":109,"source":"7dtd","stream_id":"5cf26971-f748-4142-b4cd-04d762e18d59","type":"entity_state","version":2,"world_id":"td-0d917a4eff776d999148769266591579674d2c42de6557026893a1902834f11f"}
2026-10-03T19:18:14 151.832 INF 76102 EntityBackpack id 178, plyrId 171, (-274.1, 61.2, 448.8) (-18, 28), chunk True (-18, 3, 28), items 5 drinkJarBoiledWater, foodCanChili at ((-274.12, 61.25, 448.84)) : Write
2026-10-03T19:18:15 152.318 INF [MC7DTD] 7DTD entity sent: {"authority":"7dtd","dimension":"7dtd:main","entity_id":"d8e7c437-fca2-4ccd-82e9-ad13fdaf1690","entity_type":"7dtd:player","lifecycle":{"event":"update"},"metadata":{},"origin":{"dimension":"7dtd:main","entity_id":"d8e7c437-fca2-4ccd-82e9-ad13fdaf1690","game":"7dtd","world_id":"td-0d917a4eff776d999148769266591579674d2c42de6557026893a1902834f11f"},"position":{"space":"7dtd","x":-273.16122436523438,"y":61.079998016357422,"z":448.56515502929688},"rotation":{"pitch":-4.5,"roll":0,"yaw":106.80242919921875},"sequence":110,"source":"7dtd","stream_id":"5cf26971-f748-4142-b4cd-04d762e18d59","type":"entity_state","version":2,"world_id":"td-0d917a4eff776d999148769266591579674d2c42de6557026893a1902834f11f"}
2026-10-03T19:18:15 152.820 INF [MC7DTD] 7DTD entity sent: {"authority":"7dtd","dimension":"7dtd:main","entity_id":"d8e7c437-fca2-4ccd-82e9-ad13fdaf1690","entity_type":"7dtd:player","lifecycle":{"event":"update"},"metadata":{},"origin":{"dimension":"7dtd:main","entity_id":"d8e7c437-fca2-4ccd-82e9-ad13fdaf1690","game":"7dtd","world_id":"td-0d917a4eff776d999148769266591579674d2c42de6557026893a1902834f11f"},"position":{"space":"7dtd","x":-273.16122436523438,"y":61.079998016357422,"z":448.56515502929688},"rotation":{"pitch":-4.5,"roll":0,"yaw":106.80242919921875},"sequence":111,"source":"7dtd","stream_id":"5cf26971-f748-4142-b4cd-04d762e18d59","type":"entity_state","version":2,"world_id":"td-0d917a4eff776d999148769266591579674d2c42de6557026893a1902834f11f"}
2026-10-03T19:18:16 153.321 INF [MC7DTD] 7DTD entity sent: {"authority":"7dtd","dimension":"7dtd:main","entity_id":"d8e7c437-fca2-4ccd-82e9-ad13fdaf1690","entity_type":"7dtd:player","lifecycle":{"event":"update"},"metadata":{},"origin":{"dimension":"7dtd:main","entity_id":"d8e7c437-fca2-4ccd-82e9-ad13fdaf1690","game":"7dtd","world_id":"td-0d917a4eff776d999148769266591579674d2c42de6557026893a1902834f11f"},"position":{"space":"7dtd","x":-273.16122436523438,"y":61.079998016357422,"z":448.56515502929688},"rotation":{"pitch":-4.5,"roll":0,"yaw":106.80242919921875},"sequence":112,"source":"7dtd","stream_id":"5cf26971-f748-4142-b4cd-04d762e18d59","type":"entity_state","version":2,"world_id":"td-0d917a4eff776d999148769266591579674d2c42de6557026893a1902834f11f"}
2026-10-03T19:18:16 153.824 INF [MC7DTD] 7DTD entity sent: {"authority":"7dtd","dimension":"7dtd:main","entity_id":"d8e7c437-fca2-4ccd-82e9-ad13fdaf1690","entity_type":"7dtd:player","lifecycle":{"event":"update"},"metadata":{},"origin":{"dimension":"7dtd:main","entity_id":"d8e7c437-fca2-4ccd-82e9-ad13fdaf1690","game":"7dtd","world_id":"td-0d917a4eff776d999148769266591579674d2c42de6557026893a1902834f11f"},"position":{"space":"7dtd","x":-273.16122436523438,"y":61.079998016357422,"z":448.56515502929688},"rotation":{"pitch":-4.5,"roll":0,"yaw":106.80242919921875},"sequence":113,"source":"7dtd","stream_id":"5cf26971-f748-4142-b4cd-04d762e18d59","type":"entity_state","version":2,"world_id":"td-0d917a4eff776d999148769266591579674d2c42de6557026893a1902834f11f"}
2026-10-03T19:18:17 154.326 INF [MC7DTD] 7DTD entity sent: {"authority":"7dtd","dimension":"7dtd:main","entity_id":"d8e7c437-fca2-4ccd-82e9-ad13fdaf1690","entity_type":"7dtd:player","lifecycle":{"event":"update"},"metadata":{},"origin":{"dimension":"7dtd:main","entity_id":"d8e7c437-fca2-4ccd-82e9-ad13fdaf1690","game":"7dtd","world_id":"td-0d917a4eff776d999148769266591579674d2c42de6557026893a1902834f11f"},"position":{"space":"7dtd","x":-273.16122436523438,"y":61.079998016357422,"z":448.56515502929688},"rotation":{"pitch":-4.5,"roll":0,"yaw":106.80242919921875},"sequence":114,"source":"7dtd","stream_id":"5cf26971-f748-4142-b4cd-04d762e18d59","type":"entity_state","version":2,"world_id":"td-0d917a4eff776d999148769266591579674d2c42de6557026893a1902834f11f"}
2026-10-03T19:18:17 154.828 INF [MC7DTD] 7DTD entity sent: {"authority":"7dtd","dimension":"7dtd:main","entity_id":"d8e7c437-fca2-4ccd-82e9-ad13fdaf1690","entity_type":"7dtd:player","lifecycle":{"event":"update"},"metadata":{},"origin":{"dimension":"7dtd:main","entity_id":"d8e7c437-fca2-4ccd-82e9-ad13fdaf1690","game":"7dtd","world_id":"td-0d917a4eff776d999148769266591579674d2c42de6557026893a1902834f11f"},"position":{"space":"7dtd","x":-273.16122436523438,"y":61.079998016357422,"z":448.56515502929688},"rotation":{"pitch":-4.5,"roll":0,"yaw":106.80242919921875},"sequence":115,"source":"7dtd","stream_id":"5cf26971-f748-4142-b4cd-04d762e18d59","type":"entity_state","version":2,"world_id":"td-0d917a4eff776d999148769266591579674d2c42de6557026893a1902834f11f"}
2026-10-03T19:18:18 155.330 INF [MC7DTD] 7DTD entity sent: {"authority":"7dtd","dimension":"7dtd:main","entity_id":"d8e7c437-fca2-4ccd-82e9-ad13fdaf1690","entity_type":"7dtd:player","lifecycle":{"event":"update"},"metadata":{},"origin":{"dimension":"7dtd:main","entity_id":"d8e7c437-fca2-4ccd-82e9-ad13fdaf1690","game":"7dtd","world_id":"td-0d917a4eff776d999148769266591579674d2c42de6557026893a1902834f11f"},"position":{"space":"7dtd","x":-273.16122436523438,"y":61.079998016357422,"z":448.56515502929688},"rotation":{"pitch":-4.5,"roll":0,"yaw":106.80242919921875},"sequence":116,"source":"7dtd","stream_id":"5cf26971-f748-4142-b4cd-04d762e18d59","type":"entity_state","version":2,"world_id":"td-0d917a4eff776d999148769266591579674d2c42de6557026893a1902834f11f"}
2026-10-03T19:18:18 155.832 INF [MC7DTD] 7DTD entity sent: {"authority":"7dtd","dimension":"7dtd:main","entity_id":"d8e7c437-fca2-4ccd-82e9-ad13fdaf1690","entity_type":"7dtd:player","lifecycle":{"event":"update"},"metadata":{},"origin":{"dimension":"7dtd:main","entity_id":"d8e7c437-fca2-4ccd-82e9-ad13fdaf1690","game":"7dtd","world_id":"td-0d917a4eff776d999148769266591579674d2c42de6557026893a1902834f11f"},"position":{"space":"7dtd","x":-273.16122436523438,"y":61.079998016357422,"z":448.56515502929688},"rotation":{"pitch":-4.5,"roll":0,"yaw":106.80242919921875},"sequence":117,"source":"7dtd","stream_id":"5cf26971-f748-4142-b4cd-04d762e18d59","type":"entity_state","version":2,"world_id":"td-0d917a4eff776d999148769266591579674d2c42de6557026893a1902834f11f"}
2026-10-03T19:18:19 156.334 INF [MC7DTD] 7DTD entity sent: {"authority":"7dtd","dimension":"7dtd:main","entity_id":"d8e7c437-fca2-4ccd-82e9-ad13fdaf1690","entity_type":"7dtd:player","lifecycle":{"event":"update"},"metadata":{},"origin":{"dimension":"7dtd:main","entity_id":"d8e7c437-fca2-4ccd-82e9-ad13fdaf1690","game":"7dtd","world_id":"td-0d917a4eff776d999148769266591579674d2c42de6557026893a1902834f11f"},"position":{"space":"7dtd","x":-273.16122436523438,"y":61.079998016357422,"z":448.56515502929688},"rotation":{"pitch":-4.5,"roll":0,"yaw":106.80242919921875},"sequence":118,"source":"7dtd","stream_id":"5cf26971-f748-4142-b4cd-04d762e18d59","type":"entity_state","version":2,"world_id":"td-0d917a4eff776d999148769266591579674d2c42de6557026893a1902834f11f"}
2026-10-03T19:18:19 156.835 INF [MC7DTD] 7DTD entity sent: {"authority":"7dtd","dimension":"7dtd:main","entity_id":"d8e7c437-fca2-4ccd-82e9-ad13fdaf1690","entity_type":"7dtd:player","lifecycle":{"event":"update"},"metadata":{},"origin":{"dimension":"7dtd:main","entity_id":"d8e7c437-fca2-4ccd-82e9-ad13fdaf1690","game":"7dtd","world_id":"td-0d917a4eff776d999148769266591579674d2c42de6557026893a1902834f11f"},"position":{"space":"7dtd","x":-273.16122436523438,"y":61.079998016357422,"z":448.56515502929688},"rotation":{"pitch":-4.5,"roll":0,"yaw":106.80242919921875},"sequence":119,"source":"7dtd","stream_id":"5cf26971-f748-4142-b4cd-04d762e18d59","type":"entity_state","version":2,"world_id":"td-0d917a4eff776d999148769266591579674d2c42de6557026893a1902834f11f"}
2026-10-03T19:18:20 157.257 INF 60sec delta: 1437799,current: 1437799,desired: 1358311
2026-10-03T19:18:20 157.258 INF [Backtrace] Updated Statistics
2026-10-03T19:18:20 157.267 INF Time: 2.38m FPS: 279.63 Heap: 2190.1MB Max: 2227.9MB Chunks: 298 CGO: 154 Ply: 1 Zom: 0 Ent: 4 (4) Items: 1 CO: 1 RSS: 4473.8MB
2026-10-03T19:18:20 157.338 INF [MC7DTD] 7DTD entity sent: {"authority":"7dtd","dimension":"7dtd:main","entity_id":"d8e7c437-fca2-4ccd-82e9-ad13fdaf1690","entity_type":"7dtd:player","lifecycle":{"event":"update"},"metadata":{},"origin":{"dimension":"7dtd:main","entity_id":"d8e7c437-fca2-4ccd-82e9-ad13fdaf1690","game":"7dtd","world_id":"td-0d917a4eff776d999148769266591579674d2c42de6557026893a1902834f11f"},"position":{"space":"7dtd","x":-273.16122436523438,"y":61.079998016357422,"z":448.56515502929688},"rotation":{"pitch":-4.5,"roll":0,"yaw":106.80242919921875},"sequence":120,"source":"7dtd","stream_id":"5cf26971-f748-4142-b4cd-04d762e18d59","type":"entity_state","version":2,"world_id":"td-0d917a4eff776d999148769266591579674d2c42de6557026893a1902834f11f"}
2026-10-03T19:18:20 157.840 INF [MC7DTD] 7DTD entity sent: {"authority":"7dtd","dimension":"7dtd:main","entity_id":"d8e7c437-fca2-4ccd-82e9-ad13fdaf1690","entity_type":"7dtd:player","lifecycle":{"event":"update"},"metadata":{},"origin":{"dimension":"7dtd:main","entity_id":"d8e7c437-fca2-4ccd-82e9-ad13fdaf1690","game":"7dtd","world_id":"td-0d917a4eff776d999148769266591579674d2c42de6557026893a1902834f11f"},"position":{"space":"7dtd","x":-273.16122436523438,"y":61.079998016357422,"z":448.56515502929688},"rotation":{"pitch":-4.5,"roll":0,"yaw":106.80242919921875},"sequence":121,"source":"7dtd","stream_id":"5cf26971-f748-4142-b4cd-04d762e18d59","type":"entity_state","version":2,"world_id":"td-0d917a4eff776d999148769266591579674d2c42de6557026893a1902834f11f"}
2026-10-03T19:18:21 158.343 INF [MC7DTD] 7DTD entity sent: {"authority":"7dtd","dimension":"7dtd:main","entity_id":"d8e7c437-fca2-4ccd-82e9-ad13fdaf1690","entity_type":"7dtd:player","lifecycle":{"event":"update"},"metadata":{},"origin":{"dimension":"7dtd:main","entity_id":"d8e7c437-fca2-4ccd-82e9-ad13fdaf1690","game":"7dtd","world_id":"td-0d917a4eff776d999148769266591579674d2c42de6557026893a1902834f11f"},"position":{"space":"7dtd","x":-273.16122436523438,"y":61.079998016357422,"z":448.56515502929688},"rotation":{"pitch":-4.5,"roll":0,"yaw":106.80242919921875},"sequence":122,"source":"7dtd","stream_id":"5cf26971-f748-4142-b4cd-04d762e18d59","type":"entity_state","version":2,"world_id":"td-0d917a4eff776d999148769266591579674d2c42de6557026893a1902834f11f"}
2026-10-03T19:18:21 158.944 INF [MC7DTD] 7DTD entity sent: {"authority":"7dtd","dimension":"7dtd:main","entity_id":"d8e7c437-fca2-4ccd-82e9-ad13fdaf1690","entity_type":"7dtd:player","lifecycle":{"event":"update"},"metadata":{},"origin":{"dimension":"7dtd:main","entity_id":"d8e7c437-fca2-4ccd-82e9-ad13fdaf1690","game":"7dtd","world_id":"td-0d917a4eff776d999148769266591579674d2c42de6557026893a1902834f11f"},"position":{"space":"7dtd","x":-273.16122436523438,"y":61.079998016357422,"z":448.56515502929688},"rotation":{"pitch":-4.5,"roll":0,"yaw":106.80242919921875},"sequence":123,"source":"7dtd","stream_id":"5cf26971-f748-4142-b4cd-04d762e18d59","type":"entity_state","version":2,"world_id":"td-0d917a4eff776d999148769266591579674d2c42de6557026893a1902834f11f"}
2026-10-03T19:18:22 159.448 INF [MC7DTD] 7DTD entity sent: {"authority":"7dtd","dimension":"7dtd:main","entity_id":"d8e7c437-fca2-4ccd-82e9-ad13fdaf1690","entity_type":"7dtd:player","lifecycle":{"event":"update"},"metadata":{},"origin":{"dimension":"7dtd:main","entity_id":"d8e7c437-fca2-4ccd-82e9-ad13fdaf1690","game":"7dtd","world_id":"td-0d917a4eff776d999148769266591579674d2c42de6557026893a1902834f11f"},"position":{"space":"7dtd","x":-273.16122436523438,"y":61.079998016357422,"z":448.56515502929688},"rotation":{"pitch":-4.5,"roll":0,"yaw":106.80242919921875},"sequence":124,"source":"7dtd","stream_id":"5cf26971-f748-4142-b4cd-04d762e18d59","type":"entity_state","version":2,"world_id":"td-0d917a4eff776d999148769266591579674d2c42de6557026893a1902834f11f"}
2026-10-03T19:18:22 159.951 INF [MC7DTD] 7DTD entity sent: {"authority":"7dtd","dimension":"7dtd:main","entity_id":"d8e7c437-fca2-4ccd-82e9-ad13fdaf1690","entity_type":"7dtd:player","lifecycle":{"event":"update"},"metadata":{},"origin":{"dimension":"7dtd:main","entity_id":"d8e7c437-fca2-4ccd-82e9-ad13fdaf1690","game":"7dtd","world_id":"td-0d917a4eff776d999148769266591579674d2c42de6557026893a1902834f11f"},"position":{"space":"7dtd","x":-273.16122436523438,"y":61.079998016357422,"z":448.56515502929688},"rotation":{"pitch":-4.5,"roll":0,"yaw":106.80242919921875},"sequence":125,"source":"7dtd","stream_id":"5cf26971-f748-4142-b4cd-04d762e18d59","type":"entity_state","version":2,"world_id":"td-0d917a4eff776d999148769266591579674d2c42de6557026893a1902834f11f"}
Direct3D: detected that using refresh rate causes time drift. Will stop trusting refresh rate until the game window is moved.
Direct3D: detected that vsync is broken (it does not limit frame rate properly). Delta time will now be calculated using cpu-side time stampling until the game window is moved.
2026-10-03T19:18:23 160.453 INF [MC7DTD] 7DTD entity sent: {"authority":"7dtd","dimension":"7dtd:main","entity_id":"d8e7c437-fca2-4ccd-82e9-ad13fdaf1690","entity_type":"7dtd:player","lifecycle":{"event":"update"},"metadata":{},"origin":{"dimension":"7dtd:main","entity_id":"d8e7c437-fca2-4ccd-82e9-ad13fdaf1690","game":"7dtd","world_id":"td-0d917a4eff776d999148769266591579674d2c42de6557026893a1902834f11f"},"position":{"space":"7dtd","x":-273.16122436523438,"y":61.079998016357422,"z":448.56515502929688},"rotation":{"pitch":-4.5,"roll":0,"yaw":106.80242919921875},"sequence":126,"source":"7dtd","stream_id":"5cf26971-f748-4142-b4cd-04d762e18d59","type":"entity_state","version":2,"world_id":"td-0d917a4eff776d999148769266591579674d2c42de6557026893a1902834f11f"}
2026-10-03T19:18:23 160.955 INF [MC7DTD] 7DTD entity sent: {"authority":"7dtd","dimension":"7dtd:main","entity_id":"d8e7c437-fca2-4ccd-82e9-ad13fdaf1690","entity_type":"7dtd:player","lifecycle":{"event":"update"},"metadata":{},"origin":{"dimension":"7dtd:main","entity_id":"d8e7c437-fca2-4ccd-82e9-ad13fdaf1690","game":"7dtd","world_id":"td-0d917a4eff776d999148769266591579674d2c42de6557026893a1902834f11f"},"position":{"space":"7dtd","x":-273.16122436523438,"y":61.079998016357422,"z":448.56515502929688},"rotation":{"pitch":-4.75,"roll":0,"yaw":105.05242919921875},"sequence":127,"source":"7dtd","stream_id":"5cf26971-f748-4142-b4cd-04d762e18d59","type":"entity_state","version":2,"world_id":"td-0d917a4eff776d999148769266591579674d2c42de6557026893a1902834f11f"}
2026-10-03T19:18:24 161.457 INF [MC7DTD] 7DTD entity sent: {"authority":"7dtd","dimension":"7dtd:main","entity_id":"d8e7c437-fca2-4ccd-82e9-ad13fdaf1690","entity_type":"7dtd:player","lifecycle":{"event":"update"},"metadata":{},"origin":{"dimension":"7dtd:main","entity_id":"d8e7c437-fca2-4ccd-82e9-ad13fdaf1690","game":"7dtd","world_id":"td-0d917a4eff776d999148769266591579674d2c42de6557026893a1902834f11f"},"position":{"space":"7dtd","x":-274.10125732421875,"y":61.079998016357422,"z":448.30392456054688},"rotation":{"pitch":-4.75,"roll":0,"yaw":105.05242919921875},"sequence":128,"source":"7dtd","stream_id":"5cf26971-f748-4142-b4cd-04d762e18d59","type":"entity_state","version":2,"world_id":"td-0d917a4eff776d999148769266591579674d2c42de6557026893a1902834f11f"}
2026-10-03T19:18:24 161.959 INF [MC7DTD] 7DTD entity sent: {"authority":"7dtd","dimension":"7dtd:main","entity_id":"d8e7c437-fca2-4ccd-82e9-ad13fdaf1690","entity_type":"7dtd:player","lifecycle":{"event":"update"},"metadata":{},"origin":{"dimension":"7dtd:main","entity_id":"d8e7c437-fca2-4ccd-82e9-ad13fdaf1690","game":"7dtd","world_id":"td-0d917a4eff776d999148769266591579674d2c42de6557026893a1902834f11f"},"position":{"space":"7dtd","x":-274.95736694335938,"y":61.079998016357422,"z":447.17318725585938},"rotation":{"pitch":-5.25,"roll":0,"yaw":95.67742919921875},"sequence":129,"source":"7dtd","stream_id":"5cf26971-f748-4142-b4cd-04d762e18d59","type":"entity_state","version":2,"world_id":"td-0d917a4eff776d999148769266591579674d2c42de6557026893a1902834f11f"}
2026-10-03T19:18:25 162.461 INF [MC7DTD] 7DTD entity sent: {"authority":"7dtd","dimension":"7dtd:main","entity_id":"d8e7c437-fca2-4ccd-82e9-ad13fdaf1690","entity_type":"7dtd:player","lifecycle":{"event":"update"},"metadata":{},"origin":{"dimension":"7dtd:main","entity_id":"d8e7c437-fca2-4ccd-82e9-ad13fdaf1690","game":"7dtd","world_id":"td-0d917a4eff776d999148769266591579674d2c42de6557026893a1902834f11f"},"position":{"space":"7dtd","x":-274.75851440429688,"y":61.079998016357422,"z":447.8763427734375},"rotation":{"pitch":-8.1875,"roll":0,"yaw":53.67742919921875},"sequence":130,"source":"7dtd","stream_id":"5cf26971-f748-4142-b4cd-04d762e18d59","type":"entity_state","version":2,"world_id":"td-0d917a4eff776d999148769266591579674d2c42de6557026893a1902834f11f"}
2026-10-03T19:18:25 162.963 INF [MC7DTD] 7DTD entity sent: {"authority":"7dtd","dimension":"7dtd:main","entity_id":"d8e7c437-fca2-4ccd-82e9-ad13fdaf1690","entity_type":"7dtd:player","lifecycle":{"event":"update"},"metadata":{},"origin":{"dimension":"7dtd:main","entity_id":"d8e7c437-fca2-4ccd-82e9-ad13fdaf1690","game":"7dtd","world_id":"td-0d917a4eff776d999148769266591579674d2c42de6557026893a1902834f11f"},"position":{"space":"7dtd","x":-273.65570068359375,"y":61.079998016357422,"z":448.3851318359375},"rotation":{"pitch":-7.75,"roll":0,"yaw":73.42742919921875},"sequence":131,"source":"7dtd","stream_id":"5cf26971-f748-4142-b4cd-04d762e18d59","type":"entity_state","version":2,"world_id":"td-0d917a4eff776d999148769266591579674d2c42de6557026893a1902834f11f"}
2026-10-03T19:18:26 163.465 INF [MC7DTD] 7DTD entity sent: {"authority":"7dtd","dimension":"7dtd:main","entity_id":"d8e7c437-fca2-4ccd-82e9-ad13fdaf1690","entity_type":"7dtd:player","lifecycle":{"event":"update"},"metadata":{},"origin":{"dimension":"7dtd:main","entity_id":"d8e7c437-fca2-4ccd-82e9-ad13fdaf1690","game":"7dtd","world_id":"td-0d917a4eff776d999148769266591579674d2c42de6557026893a1902834f11f"},"position":{"space":"7dtd","x":-272.77334594726563,"y":61.079998016357422,"z":449.186279296875},"rotation":{"pitch":-8.25,"roll":0,"yaw":95.42742919921875},"sequence":132,"source":"7dtd","stream_id":"5cf26971-f748-4142-b4cd-04d762e18d59","type":"entity_state","version":2,"world_id":"td-0d917a4eff776d999148769266591579674d2c42de6557026893a1902834f11f"}
2026-10-03T19:18:26 163.967 INF [MC7DTD] 7DTD entity sent: {"authority":"7dtd","dimension":"7dtd:main","entity_id":"d8e7c437-fca2-4ccd-82e9-ad13fdaf1690","entity_type":"7dtd:player","lifecycle":{"event":"update"},"metadata":{},"origin":{"dimension":"7dtd:main","entity_id":"d8e7c437-fca2-4ccd-82e9-ad13fdaf1690","game":"7dtd","world_id":"td-0d917a4eff776d999148769266591579674d2c42de6557026893a1902834f11f"},"position":{"space":"7dtd","x":-273.7037353515625,"y":61.079998016357422,"z":449.4622802734375},"rotation":{"pitch":-8.625,"roll":0,"yaw":103.17742919921875},"sequence":133,"source":"7dtd","stream_id":"5cf26971-f748-4142-b4cd-04d762e18d59","type":"entity_state","version":2,"world_id":"td-0d917a4eff776d999148769266591579674d2c42de6557026893a1902834f11f"}
2026-10-03T19:18:27 164.469 INF [MC7DTD] 7DTD entity sent: {"authority":"7dtd","dimension":"7dtd:main","entity_id":"d8e7c437-fca2-4ccd-82e9-ad13fdaf1690","entity_type":"7dtd:player","lifecycle":{"event":"update"},"metadata":{},"origin":{"dimension":"7dtd:main","entity_id":"d8e7c437-fca2-4ccd-82e9-ad13fdaf1690","game":"7dtd","world_id":"td-0d917a4eff776d999148769266591579674d2c42de6557026893a1902834f11f"},"position":{"space":"7dtd","x":-274.90533447265625,"y":61.079998016357422,"z":449.181640625},"rotation":{"pitch":-8.625,"roll":0,"yaw":103.17742919921875},"sequence":134,"source":"7dtd","stream_id":"5cf26971-f748-4142-b4cd-04d762e18d59","type":"entity_state","version":2,"world_id":"td-0d917a4eff776d999148769266591579674d2c42de6557026893a1902834f11f"}
2026-10-03T19:18:27 164.971 INF [MC7DTD] 7DTD entity sent: {"authority":"7dtd","dimension":"7dtd:main","entity_id":"d8e7c437-fca2-4ccd-82e9-ad13fdaf1690","entity_type":"7dtd:player","lifecycle":{"event":"update"},"metadata":{},"origin":{"dimension":"7dtd:main","entity_id":"d8e7c437-fca2-4ccd-82e9-ad13fdaf1690","game":"7dtd","world_id":"td-0d917a4eff776d999148769266591579674d2c42de6557026893a1902834f11f"},"position":{"space":"7dtd","x":-273.808837890625,"y":61.079998016357422,"z":449.4383544921875},"rotation":{"pitch":-8.625,"roll":0,"yaw":103.17742919921875},"sequence":135,"source":"7dtd","stream_id":"5cf26971-f748-4142-b4cd-04d762e18d59","type":"entity_state","version":2,"world_id":"td-0d917a4eff776d999148769266591579674d2c42de6557026893a1902834f11f"}
2026-10-03T19:18:28 165.473 INF [MC7DTD] 7DTD entity sent: {"authority":"7dtd","dimension":"7dtd:main","entity_id":"d8e7c437-fca2-4ccd-82e9-ad13fdaf1690","entity_type":"7dtd:player","lifecycle":{"event":"update"},"metadata":{},"origin":{"dimension":"7dtd:main","entity_id":"d8e7c437-fca2-4ccd-82e9-ad13fdaf1690","game":"7dtd","world_id":"td-0d917a4eff776d999148769266591579674d2c42de6557026893a1902834f11f"},"position":{"space":"7dtd","x":-273.67263793945313,"y":61.079998016357422,"z":449.42147827148438},"rotation":{"pitch":-6.875,"roll":0,"yaw":116.67739868164063},"sequence":136,"source":"7dtd","stream_id":"5cf26971-f748-4142-b4cd-04d762e18d59","type":"entity_state","version":2,"world_id":"td-0d917a4eff776d999148769266591579674d2c42de6557026893a1902834f11f"}
2026-10-03T19:18:28 165.975 INF [MC7DTD] 7DTD entity sent: {"authority":"7dtd","dimension":"7dtd:main","entity_id":"d8e7c437-fca2-4ccd-82e9-ad13fdaf1690","entity_type":"7dtd:player","lifecycle":{"event":"update"},"metadata":{},"origin":{"dimension":"7dtd:main","entity_id":"d8e7c437-fca2-4ccd-82e9-ad13fdaf1690","game":"7dtd","world_id":"td-0d917a4eff776d999148769266591579674d2c42de6557026893a1902834f11f"},"position":{"space":"7dtd","x":-274.02896118164063,"y":61.079998016357422,"z":449.13037109375},"rotation":{"pitch":-5.25,"roll":0,"yaw":153.80242919921875},"sequence":137,"source":"7dtd","stream_id":"5cf26971-f748-4142-b4cd-04d762e18d59","type":"entity_state","version":2,"world_id":"td-0d917a4eff776d999148769266591579674d2c42de6557026893a1902834f11f"}
2026-10-03T19:18:29 166.476 INF [MC7DTD] 7DTD entity sent: {"authority":"7dtd","dimension":"7dtd:main","entity_id":"d8e7c437-fca2-4ccd-82e9-ad13fdaf1690","entity_type":"7dtd:player","lifecycle":{"event":"update"},"metadata":{},"origin":{"dimension":"7dtd:main","entity_id":"d8e7c437-fca2-4ccd-82e9-ad13fdaf1690","game":"7dtd","world_id":"td-0d917a4eff776d999148769266591579674d2c42de6557026893a1902834f11f"},"position":{"space":"7dtd","x":-272.91842651367188,"y":61.079998016357422,"z":449.28073120117188},"rotation":{"pitch":-5.5,"roll":0,"yaw":61.86492919921875},"sequence":138,"source":"7dtd","stream_id":"5cf26971-f748-4142-b4cd-04d762e18d59","type":"entity_state","version":2,"world_id":"td-0d917a4eff776d999148769266591579674d2c42de6557026893a1902834f11f"}
2026-10-03T19:18:29 166.978 INF [MC7DTD] 7DTD entity sent: {"authority":"7dtd","dimension":"7dtd:main","entity_id":"d8e7c437-fca2-4ccd-82e9-ad13fdaf1690","entity_type":"7dtd:player","lifecycle":{"event":"update"},"metadata":{},"origin":{"dimension":"7dtd:main","entity_id":"d8e7c437-fca2-4ccd-82e9-ad13fdaf1690","game":"7dtd","world_id":"td-0d917a4eff776d999148769266591579674d2c42de6557026893a1902834f11f"},"position":{"space":"7dtd","x":-272.40277099609375,"y":61.079998016357422,"z":449.85971069335938},"rotation":{"pitch":-7,"roll":0,"yaw":68.92742919921875},"sequence":139,"source":"7dtd","stream_id":"5cf26971-f748-4142-b4cd-04d762e18d59","type":"entity_state","version":2,"world_id":"td-0d917a4eff776d999148769266591579674d2c42de6557026893a1902834f11f"}
2026-10-03T19:18:30 167.480 INF [MC7DTD] 7DTD entity sent: {"authority":"7dtd","dimension":"7dtd:main","entity_id":"d8e7c437-fca2-4ccd-82e9-ad13fdaf1690","entity_type":"7dtd:player","lifecycle":{"event":"update"},"metadata":{},"origin":{"dimension":"7dtd:main","entity_id":"d8e7c437-fca2-4ccd-82e9-ad13fdaf1690","game":"7dtd","world_id":"td-0d917a4eff776d999148769266591579674d2c42de6557026893a1902834f11f"},"position":{"space":"7dtd","x":-273.02777099609375,"y":61.079998016357422,"z":448.8707275390625},"rotation":{"pitch":-5,"roll":0,"yaw":102.36492919921875},"sequence":140,"source":"7dtd","stream_id":"5cf26971-f748-4142-b4cd-04d762e18d59","type":"entity_state","version":2,"world_id":"td-0d917a4eff776d999148769266591579674d2c42de6557026893a1902834f11f"}
2026-10-03T19:18:30 167.983 INF [MC7DTD] 7DTD entity sent: {"authority":"7dtd","dimension":"7dtd:main","entity_id":"d8e7c437-fca2-4ccd-82e9-ad13fdaf1690","entity_type":"7dtd:player","lifecycle":{"event":"update"},"metadata":{},"origin":{"dimension":"7dtd:main","entity_id":"d8e7c437-fca2-4ccd-82e9-ad13fdaf1690","game":"7dtd","world_id":"td-0d917a4eff776d999148769266591579674d2c42de6557026893a1902834f11f"},"position":{"space":"7dtd","x":-273.31686401367188,"y":61.079998016357422,"z":449.67169189453125},"rotation":{"pitch":-3.875,"roll":0,"yaw":112.42742919921875},"sequence":141,"source":"7dtd","stream_id":"5cf26971-f748-4142-b4cd-04d762e18d59","type":"entity_state","version":2,"world_id":"td-0d917a4eff776d999148769266591579674d2c42de6557026893a1902834f11f"}
2026-10-03T19:18:31 168.484 INF [MC7DTD] 7DTD entity sent: {"authority":"7dtd","dimension":"7dtd:main","entity_id":"d8e7c437-fca2-4ccd-82e9-ad13fdaf1690","entity_type":"7dtd:player","lifecycle":{"event":"update"},"metadata":{},"origin":{"dimension":"7dtd:main","entity_id":"d8e7c437-fca2-4ccd-82e9-ad13fdaf1690","game":"7dtd","world_id":"td-0d917a4eff776d999148769266591579674d2c42de6557026893a1902834f11f"},"position":{"space":"7dtd","x":-273.34768676757813,"y":61.079998016357422,"z":448.89871215820313},"rotation":{"pitch":-3.125,"roll":0,"yaw":109.17742919921875},"sequence":142,"source":"7dtd","stream_id":"5cf26971-f748-4142-b4cd-04d762e18d59","type":"entity_state","version":2,"world_id":"td-0d917a4eff776d999148769266591579674d2c42de6557026893a1902834f11f"}
2026-10-03T19:18:31 168.986 INF [MC7DTD] 7DTD entity sent: {"authority":"7dtd","dimension":"7dtd:main","entity_id":"d8e7c437-fca2-4ccd-82e9-ad13fdaf1690","entity_type":"7dtd:player","lifecycle":{"event":"update"},"metadata":{},"origin":{"dimension":"7dtd:main","entity_id":"d8e7c437-fca2-4ccd-82e9-ad13fdaf1690","game":"7dtd","world_id":"td-0d917a4eff776d999148769266591579674d2c42de6557026893a1902834f11f"},"position":{"space":"7dtd","x":-273.5540771484375,"y":61.079998016357422,"z":448.81915283203125},"rotation":{"pitch":-3.125,"roll":0,"yaw":109.17742919921875},"sequence":143,"source":"7dtd","stream_id":"5cf26971-f748-4142-b4cd-04d762e18d59","type":"entity_state","version":2,"world_id":"td-0d917a4eff776d999148769266591579674d2c42de6557026893a1902834f11f"}
2026-10-03T19:18:32 169.487 INF [MC7DTD] 7DTD entity sent: {"authority":"7dtd","dimension":"7dtd:main","entity_id":"d8e7c437-fca2-4ccd-82e9-ad13fdaf1690","entity_type":"7dtd:player","lifecycle":{"event":"update"},"metadata":{},"origin":{"dimension":"7dtd:main","entity_id":"d8e7c437-fca2-4ccd-82e9-ad13fdaf1690","game":"7dtd","world_id":"td-0d917a4eff776d999148769266591579674d2c42de6557026893a1902834f11f"},"position":{"space":"7dtd","x":-273.5540771484375,"y":61.079998016357422,"z":448.81915283203125},"rotation":{"pitch":-3.125,"roll":0,"yaw":109.17742919921875},"sequence":144,"source":"7dtd","stream_id":"5cf26971-f748-4142-b4cd-04d762e18d59","type":"entity_state","version":2,"world_id":"td-0d917a4eff776d999148769266591579674d2c42de6557026893a1902834f11f"}
2026-10-03T19:18:32 169.989 INF [MC7DTD] 7DTD entity sent: {"authority":"7dtd","dimension":"7dtd:main","entity_id":"d8e7c437-fca2-4ccd-82e9-ad13fdaf1690","entity_type":"7dtd:player","lifecycle":{"event":"update"},"metadata":{},"origin":{"dimension":"7dtd:main","entity_id":"d8e7c437-fca2-4ccd-82e9-ad13fdaf1690","game":"7dtd","world_id":"td-0d917a4eff776d999148769266591579674d2c42de6557026893a1902834f11f"},"position":{"space":"7dtd","x":-273.5540771484375,"y":61.079998016357422,"z":448.81915283203125},"rotation":{"pitch":-3.125,"roll":0,"yaw":109.17742919921875},"sequence":145,"source":"7dtd","stream_id":"5cf26971-f748-4142-b4cd-04d762e18d59","type":"entity_state","version":2,"world_id":"td-0d917a4eff776d999148769266591579674d2c42de6557026893a1902834f11f"}
2026-10-03T19:18:33 170.490 INF [MC7DTD] 7DTD entity sent: {"authority":"7dtd","dimension":"7dtd:main","entity_id":"d8e7c437-fca2-4ccd-82e9-ad13fdaf1690","entity_type":"7dtd:player","lifecycle":{"event":"update"},"metadata":{},"origin":{"dimension":"7dtd:main","entity_id":"d8e7c437-fca2-4ccd-82e9-ad13fdaf1690","game":"7dtd","world_id":"td-0d917a4eff776d999148769266591579674d2c42de6557026893a1902834f11f"},"position":{"space":"7dtd","x":-273.5540771484375,"y":61.079998016357422,"z":448.81915283203125},"rotation":{"pitch":-3.125,"roll":0,"yaw":109.17742919921875},"sequence":146,"source":"7dtd","stream_id":"5cf26971-f748-4142-b4cd-04d762e18d59","type":"entity_state","version":2,"world_id":"td-0d917a4eff776d999148769266591579674d2c42de6557026893a1902834f11f"}
2026-10-03T19:18:33 170.547 INF 81085 EntityBackpack id 178, plyrId 171, (-274.1, 61.2, 448.8) (-18, 28), chunk True (-18, 3, 28), items 5 drinkJarBoiledWater, foodCanChili at ((-274.12, 61.25, 448.84)) : Write
2026-10-03T19:18:33 170.634 INF Saving 55 of chunks took 81ms
2026-10-03T19:18:33 170.993 INF [MC7DTD] 7DTD entity sent: {"authority":"7dtd","dimension":"7dtd:main","entity_id":"d8e7c437-fca2-4ccd-82e9-ad13fdaf1690","entity_type":"7dtd:player","lifecycle":{"event":"update"},"metadata":{},"origin":{"dimension":"7dtd:main","entity_id":"d8e7c437-fca2-4ccd-82e9-ad13fdaf1690","game":"7dtd","world_id":"td-0d917a4eff776d999148769266591579674d2c42de6557026893a1902834f11f"},"position":{"space":"7dtd","x":-273.5540771484375,"y":61.079998016357422,"z":448.81915283203125},"rotation":{"pitch":-3.125,"roll":0,"yaw":109.17742919921875},"sequence":147,"source":"7dtd","stream_id":"5cf26971-f748-4142-b4cd-04d762e18d59","type":"entity_state","version":2,"world_id":"td-0d917a4eff776d999148769266591579674d2c42de6557026893a1902834f11f"}
2026-10-03T19:18:34 171.495 INF [MC7DTD] 7DTD entity sent: {"authority":"7dtd","dimension":"7dtd:main","entity_id":"d8e7c437-fca2-4ccd-82e9-ad13fdaf1690","entity_type":"7dtd:player","lifecycle":{"event":"update"},"metadata":{},"origin":{"dimension":"7dtd:main","entity_id":"d8e7c437-fca2-4ccd-82e9-ad13fdaf1690","game":"7dtd","world_id":"td-0d917a4eff776d999148769266591579674d2c42de6557026893a1902834f11f"},"position":{"space":"7dtd","x":-273.5540771484375,"y":61.079998016357422,"z":448.81915283203125},"rotation":{"pitch":-3.125,"roll":0,"yaw":109.17742919921875},"sequence":148,"source":"7dtd","stream_id":"5cf26971-f748-4142-b4cd-04d762e18d59","type":"entity_state","version":2,"world_id":"td-0d917a4eff776d999148769266591579674d2c42de6557026893a1902834f11f"}
2026-10-03T19:18:34 171.997 INF [MC7DTD] 7DTD entity sent: {"authority":"7dtd","dimension":"7dtd:main","entity_id":"d8e7c437-fca2-4ccd-82e9-ad13fdaf1690","entity_type":"7dtd:player","lifecycle":{"event":"update"},"metadata":{},"origin":{"dimension":"7dtd:main","entity_id":"d8e7c437-fca2-4ccd-82e9-ad13fdaf1690","game":"7dtd","world_id":"td-0d917a4eff776d999148769266591579674d2c42de6557026893a1902834f11f"},"position":{"space":"7dtd","x":-273.5540771484375,"y":61.079998016357422,"z":448.81915283203125},"rotation":{"pitch":-3.125,"roll":0,"yaw":109.17742919921875},"sequence":149,"source":"7dtd","stream_id":"5cf26971-f748-4142-b4cd-04d762e18d59","type":"entity_state","version":2,"world_id":"td-0d917a4eff776d999148769266591579674d2c42de6557026893a1902834f11f"}
2026-10-03T19:18:35 172.498 INF [MC7DTD] 7DTD entity sent: {"authority":"7dtd","dimension":"7dtd:main","entity_id":"d8e7c437-fca2-4ccd-82e9-ad13fdaf1690","entity_type":"7dtd:player","lifecycle":{"event":"update"},"metadata":{},"origin":{"dimension":"7dtd:main","entity_id":"d8e7c437-fca2-4ccd-82e9-ad13fdaf1690","game":"7dtd","world_id":"td-0d917a4eff776d999148769266591579674d2c42de6557026893a1902834f11f"},"position":{"space":"7dtd","x":-273.5540771484375,"y":61.079998016357422,"z":448.81915283203125},"rotation":{"pitch":-3.125,"roll":0,"yaw":109.17742919921875},"sequence":150,"source":"7dtd","stream_id":"5cf26971-f748-4142-b4cd-04d762e18d59","type":"entity_state","version":2,"world_id":"td-0d917a4eff776d999148769266591579674d2c42de6557026893a1902834f11f"}
2026-10-03T19:18:35 173.000 INF [MC7DTD] 7DTD entity sent: {"authority":"7dtd","dimension":"7dtd:main","entity_id":"d8e7c437-fca2-4ccd-82e9-ad13fdaf1690","entity_type":"7dtd:player","lifecycle":{"event":"update"},"metadata":{},"origin":{"dimension":"7dtd:main","entity_id":"d8e7c437-fca2-4ccd-82e9-ad13fdaf1690","game":"7dtd","world_id":"td-0d917a4eff776d999148769266591579674d2c42de6557026893a1902834f11f"},"position":{"space":"7dtd","x":-273.5540771484375,"y":61.079998016357422,"z":448.81915283203125},"rotation":{"pitch":-3.125,"roll":0,"yaw":109.17742919921875},"sequence":151,"source":"7dtd","stream_id":"5cf26971-f748-4142-b4cd-04d762e18d59","type":"entity_state","version":2,"world_id":"td-0d917a4eff776d999148769266591579674d2c42de6557026893a1902834f11f"}
2026-10-03T19:18:36 173.502 INF [MC7DTD] 7DTD entity sent: {"authority":"7dtd","dimension":"7dtd:main","entity_id":"d8e7c437-fca2-4ccd-82e9-ad13fdaf1690","entity_type":"7dtd:player","lifecycle":{"event":"update"},"metadata":{},"origin":{"dimension":"7dtd:main","entity_id":"d8e7c437-fca2-4ccd-82e9-ad13fdaf1690","game":"7dtd","world_id":"td-0d917a4eff776d999148769266591579674d2c42de6557026893a1902834f11f"},"position":{"space":"7dtd","x":-273.5540771484375,"y":61.079998016357422,"z":448.81915283203125},"rotation":{"pitch":-3.125,"roll":0,"yaw":109.17742919921875},"sequence":152,"source":"7dtd","stream_id":"5cf26971-f748-4142-b4cd-04d762e18d59","type":"entity_state","version":2,"world_id":"td-0d917a4eff776d999148769266591579674d2c42de6557026893a1902834f11f"}
2026-10-03T19:18:36 174.003 INF [MC7DTD] 7DTD entity sent: {"authority":"7dtd","dimension":"7dtd:main","entity_id":"d8e7c437-fca2-4ccd-82e9-ad13fdaf1690","entity_type":"7dtd:player","lifecycle":{"event":"update"},"metadata":{},"origin":{"dimension":"7dtd:main","entity_id":"d8e7c437-fca2-4ccd-82e9-ad13fdaf1690","game":"7dtd","world_id":"td-0d917a4eff776d999148769266591579674d2c42de6557026893a1902834f11f"},"position":{"space":"7dtd","x":-273.5540771484375,"y":61.079998016357422,"z":448.81915283203125},"rotation":{"pitch":-3.125,"roll":0,"yaw":109.17742919921875},"sequence":153,"source":"7dtd","stream_id":"5cf26971-f748-4142-b4cd-04d762e18d59","type":"entity_state","version":2,"world_id":"td-0d917a4eff776d999148769266591579674d2c42de6557026893a1902834f11f"}
2026-10-03T19:18:37 174.506 INF [MC7DTD] 7DTD entity sent: {"authority":"7dtd","dimension":"7dtd:main","entity_id":"d8e7c437-fca2-4ccd-82e9-ad13fdaf1690","entity_type":"7dtd:player","lifecycle":{"event":"update"},"metadata":{},"origin":{"dimension":"7dtd:main","entity_id":"d8e7c437-fca2-4ccd-82e9-ad13fdaf1690","game":"7dtd","world_id":"td-0d917a4eff776d999148769266591579674d2c42de6557026893a1902834f11f"},"position":{"space":"7dtd","x":-273.5540771484375,"y":61.079998016357422,"z":448.81915283203125},"rotation":{"pitch":-3.125,"roll":0,"yaw":109.17742919921875},"sequence":154,"source":"7dtd","stream_id":"5cf26971-f748-4142-b4cd-04d762e18d59","type":"entity_state","version":2,"world_id":"td-0d917a4eff776d999148769266591579674d2c42de6557026893a1902834f11f"}
2026-10-03T19:18:37 175.008 INF [MC7DTD] 7DTD entity sent: {"authority":"7dtd","dimension":"7dtd:main","entity_id":"d8e7c437-fca2-4ccd-82e9-ad13fdaf1690","entity_type":"7dtd:player","lifecycle":{"event":"update"},"metadata":{},"origin":{"dimension":"7dtd:main","entity_id":"d8e7c437-fca2-4ccd-82e9-ad13fdaf1690","game":"7dtd","world_id":"td-0d917a4eff776d999148769266591579674d2c42de6557026893a1902834f11f"},"position":{"space":"7dtd","x":-273.5540771484375,"y":61.079998016357422,"z":448.81915283203125},"rotation":{"pitch":-3.125,"roll":0,"yaw":109.17742919921875},"sequence":155,"source":"7dtd","stream_id":"5cf26971-f748-4142-b4cd-04d762e18d59","type":"entity_state","version":2,"world_id":"td-0d917a4eff776d999148769266591579674d2c42de6557026893a1902834f11f"}
2026-10-03T19:18:38 175.509 INF [MC7DTD] 7DTD entity sent: {"authority":"7dtd","dimension":"7dtd:main","entity_id":"d8e7c437-fca2-4ccd-82e9-ad13fdaf1690","entity_type":"7dtd:player","lifecycle":{"event":"update"},"metadata":{},"origin":{"dimension":"7dtd:main","entity_id":"d8e7c437-fca2-4ccd-82e9-ad13fdaf1690","game":"7dtd","world_id":"td-0d917a4eff776d999148769266591579674d2c42de6557026893a1902834f11f"},"position":{"space":"7dtd","x":-273.5540771484375,"y":61.079998016357422,"z":448.81915283203125},"rotation":{"pitch":-3.125,"roll":0,"yaw":109.17742919921875},"sequence":156,"source":"7dtd","stream_id":"5cf26971-f748-4142-b4cd-04d762e18d59","type":"entity_state","version":2,"world_id":"td-0d917a4eff776d999148769266591579674d2c42de6557026893a1902834f11f"}
2026-10-03T19:18:38 176.011 INF [MC7DTD] 7DTD entity sent: {"authority":"7dtd","dimension":"7dtd:main","entity_id":"d8e7c437-fca2-4ccd-82e9-ad13fdaf1690","entity_type":"7dtd:player","lifecycle":{"event":"update"},"metadata":{},"origin":{"dimension":"7dtd:main","entity_id":"d8e7c437-fca2-4ccd-82e9-ad13fdaf1690","game":"7dtd","world_id":"td-0d917a4eff776d999148769266591579674d2c42de6557026893a1902834f11f"},"position":{"space":"7dtd","x":-273.5540771484375,"y":61.079998016357422,"z":448.81915283203125},"rotation":{"pitch":-3.125,"roll":0,"yaw":109.17742919921875},"sequence":157,"source":"7dtd","stream_id":"5cf26971-f748-4142-b4cd-04d762e18d59","type":"entity_state","version":2,"world_id":"td-0d917a4eff776d999148769266591579674d2c42de6557026893a1902834f11f"}
2026-10-03T19:18:39 176.513 INF [MC7DTD] 7DTD entity sent: {"authority":"7dtd","dimension":"7dtd:main","entity_id":"d8e7c437-fca2-4ccd-82e9-ad13fdaf1690","entity_type":"7dtd:player","lifecycle":{"event":"update"},"metadata":{},"origin":{"dimension":"7dtd:main","entity_id":"d8e7c437-fca2-4ccd-82e9-ad13fdaf1690","game":"7dtd","world_id":"td-0d917a4eff776d999148769266591579674d2c42de6557026893a1902834f11f"},"position":{"space":"7dtd","x":-273.5540771484375,"y":61.079998016357422,"z":448.81915283203125},"rotation":{"pitch":-3.125,"roll":0,"yaw":109.17742919921875},"sequence":158,"source":"7dtd","stream_id":"5cf26971-f748-4142-b4cd-04d762e18d59","type":"entity_state","version":2,"world_id":"td-0d917a4eff776d999148769266591579674d2c42de6557026893a1902834f11f"}
2026-10-03T19:18:39 177.016 INF [MC7DTD] 7DTD entity sent: {"authority":"7dtd","dimension":"7dtd:main","entity_id":"d8e7c437-fca2-4ccd-82e9-ad13fdaf1690","entity_type":"7dtd:player","lifecycle":{"event":"update"},"metadata":{},"origin":{"dimension":"7dtd:main","entity_id":"d8e7c437-fca2-4ccd-82e9-ad13fdaf1690","game":"7dtd","world_id":"td-0d917a4eff776d999148769266591579674d2c42de6557026893a1902834f11f"},"position":{"space":"7dtd","x":-273.5540771484375,"y":61.079998016357422,"z":448.81915283203125},"rotation":{"pitch":-3.125,"roll":0,"yaw":109.17742919921875},"sequence":159,"source":"7dtd","stream_id":"5cf26971-f748-4142-b4cd-04d762e18d59","type":"entity_state","version":2,"world_id":"td-0d917a4eff776d999148769266591579674d2c42de6557026893a1902834f11f"}
2026-10-03T19:18:40 177.517 INF [MC7DTD] 7DTD entity sent: {"authority":"7dtd","dimension":"7dtd:main","entity_id":"d8e7c437-fca2-4ccd-82e9-ad13fdaf1690","entity_type":"7dtd:player","lifecycle":{"event":"update"},"metadata":{},"origin":{"dimension":"7dtd:main","entity_id":"d8e7c437-fca2-4ccd-82e9-ad13fdaf1690","game":"7dtd","world_id":"td-0d917a4eff776d999148769266591579674d2c42de6557026893a1902834f11f"},"position":{"space":"7dtd","x":-273.5540771484375,"y":61.079998016357422,"z":448.81915283203125},"rotation":{"pitch":-3.125,"roll":0,"yaw":109.17742919921875},"sequence":160,"source":"7dtd","stream_id":"5cf26971-f748-4142-b4cd-04d762e18d59","type":"entity_state","version":2,"world_id":"td-0d917a4eff776d999148769266591579674d2c42de6557026893a1902834f11f"}
2026-10-03T19:18:40 178.019 INF [MC7DTD] 7DTD entity sent: {"authority":"7dtd","dimension":"7dtd:main","entity_id":"d8e7c437-fca2-4ccd-82e9-ad13fdaf1690","entity_type":"7dtd:player","lifecycle":{"event":"update"},"metadata":{},"origin":{"dimension":"7dtd:main","entity_id":"d8e7c437-fca2-4ccd-82e9-ad13fdaf1690","game":"7dtd","world_id":"td-0d917a4eff776d999148769266591579674d2c42de6557026893a1902834f11f"},"position":{"space":"7dtd","x":-273.5540771484375,"y":61.079998016357422,"z":448.81915283203125},"rotation":{"pitch":-3.125,"roll":0,"yaw":109.17742919921875},"sequence":161,"source":"7dtd","stream_id":"5cf26971-f748-4142-b4cd-04d762e18d59","type":"entity_state","version":2,"world_id":"td-0d917a4eff776d999148769266591579674d2c42de6557026893a1902834f11f"}
2026-10-03T19:18:41 178.521 INF [MC7DTD] 7DTD entity sent: {"authority":"7dtd","dimension":"7dtd:main","entity_id":"d8e7c437-fca2-4ccd-82e9-ad13fdaf1690","entity_type":"7dtd:player","lifecycle":{"event":"update"},"metadata":{},"origin":{"dimension":"7dtd:main","entity_id":"d8e7c437-fca2-4ccd-82e9-ad13fdaf1690","game":"7dtd","world_id":"td-0d917a4eff776d999148769266591579674d2c42de6557026893a1902834f11f"},"position":{"space":"7dtd","x":-273.5540771484375,"y":61.079998016357422,"z":448.81915283203125},"rotation":{"pitch":-3.125,"roll":0,"yaw":109.17742919921875},"sequence":162,"source":"7dtd","stream_id":"5cf26971-f748-4142-b4cd-04d762e18d59","type":"entity_state","version":2,"world_id":"td-0d917a4eff776d999148769266591579674d2c42de6557026893a1902834f11f"}
2026-10-03T19:18:41 179.024 INF [MC7DTD] 7DTD entity sent: {"authority":"7dtd","dimension":"7dtd:main","entity_id":"d8e7c437-fca2-4ccd-82e9-ad13fdaf1690","entity_type":"7dtd:player","lifecycle":{"event":"update"},"metadata":{},"origin":{"dimension":"7dtd:main","entity_id":"d8e7c437-fca2-4ccd-82e9-ad13fdaf1690","game":"7dtd","world_id":"td-0d917a4eff776d999148769266591579674d2c42de6557026893a1902834f11f"},"position":{"space":"7dtd","x":-273.5540771484375,"y":61.079998016357422,"z":448.81915283203125},"rotation":{"pitch":-3.125,"roll":0,"yaw":109.17742919921875},"sequence":163,"source":"7dtd","stream_id":"5cf26971-f748-4142-b4cd-04d762e18d59","type":"entity_state","version":2,"world_id":"td-0d917a4eff776d999148769266591579674d2c42de6557026893a1902834f11f"}
2026-10-03T19:18:42 179.526 INF [MC7DTD] 7DTD entity sent: {"authority":"7dtd","dimension":"7dtd:main","entity_id":"d8e7c437-fca2-4ccd-82e9-ad13fdaf1690","entity_type":"7dtd:player","lifecycle":{"event":"update"},"metadata":{},"origin":{"dimension":"7dtd:main","entity_id":"d8e7c437-fca2-4ccd-82e9-ad13fdaf1690","game":"7dtd","world_id":"td-0d917a4eff776d999148769266591579674d2c42de6557026893a1902834f11f"},"position":{"space":"7dtd","x":-273.5540771484375,"y":61.079998016357422,"z":448.81915283203125},"rotation":{"pitch":-3.125,"roll":0,"yaw":109.17742919921875},"sequence":164,"source":"7dtd","stream_id":"5cf26971-f748-4142-b4cd-04d762e18d59","type":"entity_state","version":2,"world_id":"td-0d917a4eff776d999148769266591579674d2c42de6557026893a1902834f11f"}
2026-10-03T19:18:42 180.028 INF [MC7DTD] 7DTD entity sent: {"authority":"7dtd","dimension":"7dtd:main","entity_id":"d8e7c437-fca2-4ccd-82e9-ad13fdaf1690","entity_type":"7dtd:player","lifecycle":{"event":"update"},"metadata":{},"origin":{"dimension":"7dtd:main","entity_id":"d8e7c437-fca2-4ccd-82e9-ad13fdaf1690","game":"7dtd","world_id":"td-0d917a4eff776d999148769266591579674d2c42de6557026893a1902834f11f"},"position":{"space":"7dtd","x":-273.5540771484375,"y":61.079998016357422,"z":448.81915283203125},"rotation":{"pitch":-3.125,"roll":0,"yaw":109.17742919921875},"sequence":165,"source":"7dtd","stream_id":"5cf26971-f748-4142-b4cd-04d762e18d59","type":"entity_state","version":2,"world_id":"td-0d917a4eff776d999148769266591579674d2c42de6557026893a1902834f11f"}
2026-10-03T19:18:43 180.530 INF [MC7DTD] 7DTD entity sent: {"authority":"7dtd","dimension":"7dtd:main","entity_id":"d8e7c437-fca2-4ccd-82e9-ad13fdaf1690","entity_type":"7dtd:player","lifecycle":{"event":"update"},"metadata":{},"origin":{"dimension":"7dtd:main","entity_id":"d8e7c437-fca2-4ccd-82e9-ad13fdaf1690","game":"7dtd","world_id":"td-0d917a4eff776d999148769266591579674d2c42de6557026893a1902834f11f"},"position":{"space":"7dtd","x":-273.5540771484375,"y":61.079998016357422,"z":448.81915283203125},"rotation":{"pitch":-3.125,"roll":0,"yaw":109.17742919921875},"sequence":166,"source":"7dtd","stream_id":"5cf26971-f748-4142-b4cd-04d762e18d59","type":"entity_state","version":2,"world_id":"td-0d917a4eff776d999148769266591579674d2c42de6557026893a1902834f11f"}
2026-10-03T19:18:43 181.032 INF [MC7DTD] 7DTD entity sent: {"authority":"7dtd","dimension":"7dtd:main","entity_id":"d8e7c437-fca2-4ccd-82e9-ad13fdaf1690","entity_type":"7dtd:player","lifecycle":{"event":"update"},"metadata":{},"origin":{"dimension":"7dtd:main","entity_id":"d8e7c437-fca2-4ccd-82e9-ad13fdaf1690","game":"7dtd","world_id":"td-0d917a4eff776d999148769266591579674d2c42de6557026893a1902834f11f"},"position":{"space":"7dtd","x":-273.5540771484375,"y":61.079998016357422,"z":448.81915283203125},"rotation":{"pitch":-3.125,"roll":0,"yaw":109.17742919921875},"sequence":167,"source":"7dtd","stream_id":"5cf26971-f748-4142-b4cd-04d762e18d59","type":"entity_state","version":2,"world_id":"td-0d917a4eff776d999148769266591579674d2c42de6557026893a1902834f11f"}
2026-10-03T19:18:44 181.534 INF [MC7DTD] 7DTD entity sent: {"authority":"7dtd","dimension":"7dtd:main","entity_id":"d8e7c437-fca2-4ccd-82e9-ad13fdaf1690","entity_type":"7dtd:player","lifecycle":{"event":"update"},"metadata":{},"origin":{"dimension":"7dtd:main","entity_id":"d8e7c437-fca2-4ccd-82e9-ad13fdaf1690","game":"7dtd","world_id":"td-0d917a4eff776d999148769266591579674d2c42de6557026893a1902834f11f"},"position":{"space":"7dtd","x":-273.5540771484375,"y":61.079998016357422,"z":448.81915283203125},"rotation":{"pitch":-3.125,"roll":0,"yaw":109.17742919921875},"sequence":168,"source":"7dtd","stream_id":"5cf26971-f748-4142-b4cd-04d762e18d59","type":"entity_state","version":2,"world_id":"td-0d917a4eff776d999148769266591579674d2c42de6557026893a1902834f11f"}
2026-10-03T19:18:44 182.037 INF [MC7DTD] 7DTD entity sent: {"authority":"7dtd","dimension":"7dtd:main","entity_id":"d8e7c437-fca2-4ccd-82e9-ad13fdaf1690","entity_type":"7dtd:player","lifecycle":{"event":"update"},"metadata":{},"origin":{"dimension":"7dtd:main","entity_id":"d8e7c437-fca2-4ccd-82e9-ad13fdaf1690","game":"7dtd","world_id":"td-0d917a4eff776d999148769266591579674d2c42de6557026893a1902834f11f"},"position":{"space":"7dtd","x":-273.5540771484375,"y":61.079998016357422,"z":448.81915283203125},"rotation":{"pitch":-3.125,"roll":0,"yaw":109.17742919921875},"sequence":169,"source":"7dtd","stream_id":"5cf26971-f748-4142-b4cd-04d762e18d59","type":"entity_state","version":2,"world_id":"td-0d917a4eff776d999148769266591579674d2c42de6557026893a1902834f11f"}
2026-10-03T19:18:45 182.539 INF [MC7DTD] 7DTD entity sent: {"authority":"7dtd","dimension":"7dtd:main","entity_id":"d8e7c437-fca2-4ccd-82e9-ad13fdaf1690","entity_type":"7dtd:player","lifecycle":{"event":"update"},"metadata":{},"origin":{"dimension":"7dtd:main","entity_id":"d8e7c437-fca2-4ccd-82e9-ad13fdaf1690","game":"7dtd","world_id":"td-0d917a4eff776d999148769266591579674d2c42de6557026893a1902834f11f"},"position":{"space":"7dtd","x":-273.5540771484375,"y":61.079998016357422,"z":448.81915283203125},"rotation":{"pitch":-3.125,"roll":0,"yaw":109.17742919921875},"sequence":170,"source":"7dtd","stream_id":"5cf26971-f748-4142-b4cd-04d762e18d59","type":"entity_state","version":2,"world_id":"td-0d917a4eff776d999148769266591579674d2c42de6557026893a1902834f11f"}
2026-10-03T19:18:45 183.041 INF [MC7DTD] 7DTD entity sent: {"authority":"7dtd","dimension":"7dtd:main","entity_id":"d8e7c437-fca2-4ccd-82e9-ad13fdaf1690","entity_type":"7dtd:player","lifecycle":{"event":"update"},"metadata":{},"origin":{"dimension":"7dtd:main","entity_id":"d8e7c437-fca2-4ccd-82e9-ad13fdaf1690","game":"7dtd","world_id":"td-0d917a4eff776d999148769266591579674d2c42de6557026893a1902834f11f"},"position":{"space":"7dtd","x":-273.5540771484375,"y":61.079998016357422,"z":448.81915283203125},"rotation":{"pitch":-3.125,"roll":0,"yaw":109.17742919921875},"sequence":171,"source":"7dtd","stream_id":"5cf26971-f748-4142-b4cd-04d762e18d59","type":"entity_state","version":2,"world_id":"td-0d917a4eff776d999148769266591579674d2c42de6557026893a1902834f11f"}
2026-10-03T19:18:46 183.543 INF [MC7DTD] 7DTD entity sent: {"authority":"7dtd","dimension":"7dtd:main","entity_id":"d8e7c437-fca2-4ccd-82e9-ad13fdaf1690","entity_type":"7dtd:player","lifecycle":{"event":"update"},"metadata":{},"origin":{"dimension":"7dtd:main","entity_id":"d8e7c437-fca2-4ccd-82e9-ad13fdaf1690","game":"7dtd","world_id":"td-0d917a4eff776d999148769266591579674d2c42de6557026893a1902834f11f"},"position":{"space":"7dtd","x":-273.5540771484375,"y":61.079998016357422,"z":448.81915283203125},"rotation":{"pitch":-3.125,"roll":0,"yaw":109.17742919921875},"sequence":172,"source":"7dtd","stream_id":"5cf26971-f748-4142-b4cd-04d762e18d59","type":"entity_state","version":2,"world_id":"td-0d917a4eff776d999148769266591579674d2c42de6557026893a1902834f11f"}
2026-10-03T19:18:46 184.045 INF [MC7DTD] 7DTD entity sent: {"authority":"7dtd","dimension":"7dtd:main","entity_id":"d8e7c437-fca2-4ccd-82e9-ad13fdaf1690","entity_type":"7dtd:player","lifecycle":{"event":"update"},"metadata":{},"origin":{"dimension":"7dtd:main","entity_id":"d8e7c437-fca2-4ccd-82e9-ad13fdaf1690","game":"7dtd","world_id":"td-0d917a4eff776d999148769266591579674d2c42de6557026893a1902834f11f"},"position":{"space":"7dtd","x":-273.5540771484375,"y":61.079998016357422,"z":448.81915283203125},"rotation":{"pitch":-3.125,"roll":0,"yaw":109.17742919921875},"sequence":173,"source":"7dtd","stream_id":"5cf26971-f748-4142-b4cd-04d762e18d59","type":"entity_state","version":2,"world_id":"td-0d917a4eff776d999148769266591579674d2c42de6557026893a1902834f11f"}
2026-10-03T19:18:47 184.547 INF [MC7DTD] 7DTD entity sent: {"authority":"7dtd","dimension":"7dtd:main","entity_id":"d8e7c437-fca2-4ccd-82e9-ad13fdaf1690","entity_type":"7dtd:player","lifecycle":{"event":"update"},"metadata":{},"origin":{"dimension":"7dtd:main","entity_id":"d8e7c437-fca2-4ccd-82e9-ad13fdaf1690","game":"7dtd","world_id":"td-0d917a4eff776d999148769266591579674d2c42de6557026893a1902834f11f"},"position":{"space":"7dtd","x":-273.5540771484375,"y":61.079998016357422,"z":448.81915283203125},"rotation":{"pitch":-3.125,"roll":0,"yaw":109.17742919921875},"sequence":174,"source":"7dtd","stream_id":"5cf26971-f748-4142-b4cd-04d762e18d59","type":"entity_state","version":2,"world_id":"td-0d917a4eff776d999148769266591579674d2c42de6557026893a1902834f11f"}
2026-10-03T19:18:47 185.048 INF [MC7DTD] 7DTD entity sent: {"authority":"7dtd","dimension":"7dtd:main","entity_id":"d8e7c437-fca2-4ccd-82e9-ad13fdaf1690","entity_type":"7dtd:player","lifecycle":{"event":"update"},"metadata":{},"origin":{"dimension":"7dtd:main","entity_id":"d8e7c437-fca2-4ccd-82e9-ad13fdaf1690","game":"7dtd","world_id":"td-0d917a4eff776d999148769266591579674d2c42de6557026893a1902834f11f"},"position":{"space":"7dtd","x":-273.5540771484375,"y":61.079998016357422,"z":448.81915283203125},"rotation":{"pitch":-3.125,"roll":0,"yaw":109.17742919921875},"sequence":175,"source":"7dtd","stream_id":"5cf26971-f748-4142-b4cd-04d762e18d59","type":"entity_state","version":2,"world_id":"td-0d917a4eff776d999148769266591579674d2c42de6557026893a1902834f11f"}
2026-10-03T19:18:48 185.550 INF [MC7DTD] 7DTD entity sent: {"authority":"7dtd","dimension":"7dtd:main","entity_id":"d8e7c437-fca2-4ccd-82e9-ad13fdaf1690","entity_type":"7dtd:player","lifecycle":{"event":"update"},"metadata":{},"origin":{"dimension":"7dtd:main","entity_id":"d8e7c437-fca2-4ccd-82e9-ad13fdaf1690","game":"7dtd","world_id":"td-0d917a4eff776d999148769266591579674d2c42de6557026893a1902834f11f"},"position":{"space":"7dtd","x":-273.5540771484375,"y":61.079998016357422,"z":448.81915283203125},"rotation":{"pitch":-3.125,"roll":0,"yaw":109.17742919921875},"sequence":176,"source":"7dtd","stream_id":"5cf26971-f748-4142-b4cd-04d762e18d59","type":"entity_state","version":2,"world_id":"td-0d917a4eff776d999148769266591579674d2c42de6557026893a1902834f11f"}
2026-10-03T19:18:48 186.052 INF [MC7DTD] 7DTD entity sent: {"authority":"7dtd","dimension":"7dtd:main","entity_id":"d8e7c437-fca2-4ccd-82e9-ad13fdaf1690","entity_type":"7dtd:player","lifecycle":{"event":"update"},"metadata":{},"origin":{"dimension":"7dtd:main","entity_id":"d8e7c437-fca2-4ccd-82e9-ad13fdaf1690","game":"7dtd","world_id":"td-0d917a4eff776d999148769266591579674d2c42de6557026893a1902834f11f"},"position":{"space":"7dtd","x":-273.5540771484375,"y":61.079998016357422,"z":448.81915283203125},"rotation":{"pitch":-3.125,"roll":0,"yaw":109.17742919921875},"sequence":177,"source":"7dtd","stream_id":"5cf26971-f748-4142-b4cd-04d762e18d59","type":"entity_state","version":2,"world_id":"td-0d917a4eff776d999148769266591579674d2c42de6557026893a1902834f11f"}
2026-10-03T19:18:49 186.554 INF [MC7DTD] 7DTD entity sent: {"authority":"7dtd","dimension":"7dtd:main","entity_id":"d8e7c437-fca2-4ccd-82e9-ad13fdaf1690","entity_type":"7dtd:player","lifecycle":{"event":"update"},"metadata":{},"origin":{"dimension":"7dtd:main","entity_id":"d8e7c437-fca2-4ccd-82e9-ad13fdaf1690","game":"7dtd","world_id":"td-0d917a4eff776d999148769266591579674d2c42de6557026893a1902834f11f"},"position":{"space":"7dtd","x":-273.5540771484375,"y":61.079998016357422,"z":448.81915283203125},"rotation":{"pitch":-3.125,"roll":0,"yaw":109.17742919921875},"sequence":178,"source":"7dtd","stream_id":"5cf26971-f748-4142-b4cd-04d762e18d59","type":"entity_state","version":2,"world_id":"td-0d917a4eff776d999148769266591579674d2c42de6557026893a1902834f11f"}
2026-10-03T19:18:49 187.056 INF [MC7DTD] 7DTD entity sent: {"authority":"7dtd","dimension":"7dtd:main","entity_id":"d8e7c437-fca2-4ccd-82e9-ad13fdaf1690","entity_type":"7dtd:player","lifecycle":{"event":"update"},"metadata":{},"origin":{"dimension":"7dtd:main","entity_id":"d8e7c437-fca2-4ccd-82e9-ad13fdaf1690","game":"7dtd","world_id":"td-0d917a4eff776d999148769266591579674d2c42de6557026893a1902834f11f"},"position":{"space":"7dtd","x":-273.5540771484375,"y":61.079998016357422,"z":448.81915283203125},"rotation":{"pitch":-3.125,"roll":0,"yaw":109.17742919921875},"sequence":179,"source":"7dtd","stream_id":"5cf26971-f748-4142-b4cd-04d762e18d59","type":"entity_state","version":2,"world_id":"td-0d917a4eff776d999148769266591579674d2c42de6557026893a1902834f11f"}
2026-10-03T19:18:50 187.559 INF [MC7DTD] 7DTD entity sent: {"authority":"7dtd","dimension":"7dtd:main","entity_id":"d8e7c437-fca2-4ccd-82e9-ad13fdaf1690","entity_type":"7dtd:player","lifecycle":{"event":"update"},"metadata":{},"origin":{"dimension":"7dtd:main","entity_id":"d8e7c437-fca2-4ccd-82e9-ad13fdaf1690","game":"7dtd","world_id":"td-0d917a4eff776d999148769266591579674d2c42de6557026893a1902834f11f"},"position":{"space":"7dtd","x":-273.5540771484375,"y":61.079998016357422,"z":448.81915283203125},"rotation":{"pitch":-3.125,"roll":0,"yaw":109.17742919921875},"sequence":180,"source":"7dtd","stream_id":"5cf26971-f748-4142-b4cd-04d762e18d59","type":"entity_state","version":2,"world_id":"td-0d917a4eff776d999148769266591579674d2c42de6557026893a1902834f11f"}
2026-10-03T19:18:50 188.062 INF [MC7DTD] 7DTD entity sent: {"authority":"7dtd","dimension":"7dtd:main","entity_id":"d8e7c437-fca2-4ccd-82e9-ad13fdaf1690","entity_type":"7dtd:player","lifecycle":{"event":"update"},"metadata":{},"origin":{"dimension":"7dtd:main","entity_id":"d8e7c437-fca2-4ccd-82e9-ad13fdaf1690","game":"7dtd","world_id":"td-0d917a4eff776d999148769266591579674d2c42de6557026893a1902834f11f"},"position":{"space":"7dtd","x":-273.5540771484375,"y":61.079998016357422,"z":448.81915283203125},"rotation":{"pitch":-3.125,"roll":0,"yaw":109.17742919921875},"sequence":181,"source":"7dtd","stream_id":"5cf26971-f748-4142-b4cd-04d762e18d59","type":"entity_state","version":2,"world_id":"td-0d917a4eff776d999148769266591579674d2c42de6557026893a1902834f11f"}
2026-10-03T19:18:51 188.564 INF [MC7DTD] 7DTD entity sent: {"authority":"7dtd","dimension":"7dtd:main","entity_id":"d8e7c437-fca2-4ccd-82e9-ad13fdaf1690","entity_type":"7dtd:player","lifecycle":{"event":"update"},"metadata":{},"origin":{"dimension":"7dtd:main","entity_id":"d8e7c437-fca2-4ccd-82e9-ad13fdaf1690","game":"7dtd","world_id":"td-0d917a4eff776d999148769266591579674d2c42de6557026893a1902834f11f"},"position":{"space":"7dtd","x":-273.5540771484375,"y":61.079998016357422,"z":448.81915283203125},"rotation":{"pitch":-3.125,"roll":0,"yaw":109.17742919921875},"sequence":182,"source":"7dtd","stream_id":"5cf26971-f748-4142-b4cd-04d762e18d59","type":"entity_state","version":2,"world_id":"td-0d917a4eff776d999148769266591579674d2c42de6557026893a1902834f11f"}
2026-10-03T19:18:51 189.068 INF [MC7DTD] 7DTD entity sent: {"authority":"7dtd","dimension":"7dtd:main","entity_id":"d8e7c437-fca2-4ccd-82e9-ad13fdaf1690","entity_type":"7dtd:player","lifecycle":{"event":"update"},"metadata":{},"origin":{"dimension":"7dtd:main","entity_id":"d8e7c437-fca2-4ccd-82e9-ad13fdaf1690","game":"7dtd","world_id":"td-0d917a4eff776d999148769266591579674d2c42de6557026893a1902834f11f"},"position":{"space":"7dtd","x":-273.5540771484375,"y":61.079998016357422,"z":448.81915283203125},"rotation":{"pitch":-3.125,"roll":0,"yaw":109.17742919921875},"sequence":183,"source":"7dtd","stream_id":"5cf26971-f748-4142-b4cd-04d762e18d59","type":"entity_state","version":2,"world_id":"td-0d917a4eff776d999148769266591579674d2c42de6557026893a1902834f11f"}
2026-10-03T19:18:52 189.569 INF [MC7DTD] 7DTD entity sent: {"authority":"7dtd","dimension":"7dtd:main","entity_id":"d8e7c437-fca2-4ccd-82e9-ad13fdaf1690","entity_type":"7dtd:player","lifecycle":{"event":"update"},"metadata":{},"origin":{"dimension":"7dtd:main","entity_id":"d8e7c437-fca2-4ccd-82e9-ad13fdaf1690","game":"7dtd","world_id":"td-0d917a4eff776d999148769266591579674d2c42de6557026893a1902834f11f"},"position":{"space":"7dtd","x":-273.5540771484375,"y":61.079998016357422,"z":448.81915283203125},"rotation":{"pitch":-3.125,"roll":0,"yaw":109.17742919921875},"sequence":184,"source":"7dtd","stream_id":"5cf26971-f748-4142-b4cd-04d762e18d59","type":"entity_state","version":2,"world_id":"td-0d917a4eff776d999148769266591579674d2c42de6557026893a1902834f11f"}
2026-10-03T19:18:52 190.071 INF [MC7DTD] 7DTD entity sent: {"authority":"7dtd","dimension":"7dtd:main","entity_id":"d8e7c437-fca2-4ccd-82e9-ad13fdaf1690","entity_type":"7dtd:player","lifecycle":{"event":"update"},"metadata":{},"origin":{"dimension":"7dtd:main","entity_id":"d8e7c437-fca2-4ccd-82e9-ad13fdaf1690","game":"7dtd","world_id":"td-0d917a4eff776d999148769266591579674d2c42de6557026893a1902834f11f"},"position":{"space":"7dtd","x":-273.5540771484375,"y":61.079998016357422,"z":448.81915283203125},"rotation":{"pitch":-3.125,"roll":0,"yaw":109.17742919921875},"sequence":185,"source":"7dtd","stream_id":"5cf26971-f748-4142-b4cd-04d762e18d59","type":"entity_state","version":2,"world_id":"td-0d917a4eff776d999148769266591579674d2c42de6557026893a1902834f11f"}
2026-10-03T19:18:53 190.573 INF [MC7DTD] 7DTD entity sent: {"authority":"7dtd","dimension":"7dtd:main","entity_id":"d8e7c437-fca2-4ccd-82e9-ad13fdaf1690","entity_type":"7dtd:player","lifecycle":{"event":"update"},"metadata":{},"origin":{"dimension":"7dtd:main","entity_id":"d8e7c437-fca2-4ccd-82e9-ad13fdaf1690","game":"7dtd","world_id":"td-0d917a4eff776d999148769266591579674d2c42de6557026893a1902834f11f"},"position":{"space":"7dtd","x":-273.5540771484375,"y":61.079998016357422,"z":448.81915283203125},"rotation":{"pitch":-3.125,"roll":0,"yaw":109.17742919921875},"sequence":186,"source":"7dtd","stream_id":"5cf26971-f748-4142-b4cd-04d762e18d59","type":"entity_state","version":2,"world_id":"td-0d917a4eff776d999148769266591579674d2c42de6557026893a1902834f11f"}
2026-10-03T19:18:53 191.076 INF [MC7DTD] 7DTD entity sent: {"authority":"7dtd","dimension":"7dtd:main","entity_id":"d8e7c437-fca2-4ccd-82e9-ad13fdaf1690","entity_type":"7dtd:player","lifecycle":{"event":"update"},"metadata":{},"origin":{"dimension":"7dtd:main","entity_id":"d8e7c437-fca2-4ccd-82e9-ad13fdaf1690","game":"7dtd","world_id":"td-0d917a4eff776d999148769266591579674d2c42de6557026893a1902834f11f"},"position":{"space":"7dtd","x":-273.5540771484375,"y":61.079998016357422,"z":448.81915283203125},"rotation":{"pitch":-3.125,"roll":0,"yaw":109.17742919921875},"sequence":187,"source":"7dtd","stream_id":"5cf26971-f748-4142-b4cd-04d762e18d59","type":"entity_state","version":2,"world_id":"td-0d917a4eff776d999148769266591579674d2c42de6557026893a1902834f11f"}
2026-10-03T19:18:54 191.577 INF [MC7DTD] 7DTD entity sent: {"authority":"7dtd","dimension":"7dtd:main","entity_id":"d8e7c437-fca2-4ccd-82e9-ad13fdaf1690","entity_type":"7dtd:player","lifecycle":{"event":"update"},"metadata":{},"origin":{"dimension":"7dtd:main","entity_id":"d8e7c437-fca2-4ccd-82e9-ad13fdaf1690","game":"7dtd","world_id":"td-0d917a4eff776d999148769266591579674d2c42de6557026893a1902834f11f"},"position":{"space":"7dtd","x":-273.5540771484375,"y":61.079998016357422,"z":448.81915283203125},"rotation":{"pitch":-3.125,"roll":0,"yaw":109.17742919921875},"sequence":188,"source":"7dtd","stream_id":"5cf26971-f748-4142-b4cd-04d762e18d59","type":"entity_state","version":2,"world_id":"td-0d917a4eff776d999148769266591579674d2c42de6557026893a1902834f11f"}
2026-10-03T19:18:54 192.079 INF [MC7DTD] 7DTD entity sent: {"authority":"7dtd","dimension":"7dtd:main","entity_id":"d8e7c437-fca2-4ccd-82e9-ad13fdaf1690","entity_type":"7dtd:player","lifecycle":{"event":"update"},"metadata":{},"origin":{"dimension":"7dtd:main","entity_id":"d8e7c437-fca2-4ccd-82e9-ad13fdaf1690","game":"7dtd","world_id":"td-0d917a4eff776d999148769266591579674d2c42de6557026893a1902834f11f"},"position":{"space":"7dtd","x":-273.5540771484375,"y":61.079998016357422,"z":448.81915283203125},"rotation":{"pitch":-3.125,"roll":0,"yaw":109.17742919921875},"sequence":189,"source":"7dtd","stream_id":"5cf26971-f748-4142-b4cd-04d762e18d59","type":"entity_state","version":2,"world_id":"td-0d917a4eff776d999148769266591579674d2c42de6557026893a1902834f11f"}
2026-10-03T19:18:55 192.580 INF [MC7DTD] 7DTD entity sent: {"authority":"7dtd","dimension":"7dtd:main","entity_id":"d8e7c437-fca2-4ccd-82e9-ad13fdaf1690","entity_type":"7dtd:player","lifecycle":{"event":"update"},"metadata":{},"origin":{"dimension":"7dtd:main","entity_id":"d8e7c437-fca2-4ccd-82e9-ad13fdaf1690","game":"7dtd","world_id":"td-0d917a4eff776d999148769266591579674d2c42de6557026893a1902834f11f"},"position":{"space":"7dtd","x":-273.5540771484375,"y":61.079998016357422,"z":448.81915283203125},"rotation":{"pitch":-3.125,"roll":0,"yaw":109.17742919921875},"sequence":190,"source":"7dtd","stream_id":"5cf26971-f748-4142-b4cd-04d762e18d59","type":"entity_state","version":2,"world_id":"td-0d917a4eff776d999148769266591579674d2c42de6557026893a1902834f11f"}
2026-10-03T19:18:55 192.983 INF [MC7DTD] 7DTD entity sent: {"authority":"7dtd","dimension":"7dtd:main","entity_id":"d8e7c437-fca2-4ccd-82e9-ad13fdaf1690","entity_type":"7dtd:player","lifecycle":{"event":"update"},"metadata":{},"origin":{"dimension":"7dtd:main","entity_id":"d8e7c437-fca2-4ccd-82e9-ad13fdaf1690","game":"7dtd","world_id":"td-0d917a4eff776d999148769266591579674d2c42de6557026893a1902834f11f"},"position":{"space":"7dtd","x":-273.5540771484375,"y":61.079998016357422,"z":448.81915283203125},"rotation":{"pitch":-3.125,"roll":0,"yaw":109.17742919921875},"sequence":191,"source":"7dtd","stream_id":"5cf26971-f748-4142-b4cd-04d762e18d59","type":"entity_state","version":2,"world_id":"td-0d917a4eff776d999148769266591579674d2c42de6557026893a1902834f11f"}
2026-10-03T19:18:56 193.484 INF [MC7DTD] 7DTD entity sent: {"authority":"7dtd","dimension":"7dtd:main","entity_id":"d8e7c437-fca2-4ccd-82e9-ad13fdaf1690","entity_type":"7dtd:player","lifecycle":{"event":"update"},"metadata":{},"origin":{"dimension":"7dtd:main","entity_id":"d8e7c437-fca2-4ccd-82e9-ad13fdaf1690","game":"7dtd","world_id":"td-0d917a4eff776d999148769266591579674d2c42de6557026893a1902834f11f"},"position":{"space":"7dtd","x":-273.5540771484375,"y":61.079998016357422,"z":448.81915283203125},"rotation":{"pitch":-3.125,"roll":0,"yaw":109.17742919921875},"sequence":192,"source":"7dtd","stream_id":"5cf26971-f748-4142-b4cd-04d762e18d59","type":"entity_state","version":2,"world_id":"td-0d917a4eff776d999148769266591579674d2c42de6557026893a1902834f11f"}
2026-10-03T19:18:56 194.086 INF [MC7DTD] 7DTD entity sent: {"authority":"7dtd","dimension":"7dtd:main","entity_id":"d8e7c437-fca2-4ccd-82e9-ad13fdaf1690","entity_type":"7dtd:player","lifecycle":{"event":"update"},"metadata":{},"origin":{"dimension":"7dtd:main","entity_id":"d8e7c437-fca2-4ccd-82e9-ad13fdaf1690","game":"7dtd","world_id":"td-0d917a4eff776d999148769266591579674d2c42de6557026893a1902834f11f"},"position":{"space":"7dtd","x":-273.5540771484375,"y":61.079998016357422,"z":448.81915283203125},"rotation":{"pitch":-3.125,"roll":0,"yaw":109.17742919921875},"sequence":193,"source":"7dtd","stream_id":"5cf26971-f748-4142-b4cd-04d762e18d59","type":"entity_state","version":2,"world_id":"td-0d917a4eff776d999148769266591579674d2c42de6557026893a1902834f11f"}
2026-10-03T19:18:57 194.488 INF [MC7DTD] 7DTD entity sent: {"authority":"7dtd","dimension":"7dtd:main","entity_id":"d8e7c437-fca2-4ccd-82e9-ad13fdaf1690","entity_type":"7dtd:player","lifecycle":{"event":"update"},"metadata":{},"origin":{"dimension":"7dtd:main","entity_id":"d8e7c437-fca2-4ccd-82e9-ad13fdaf1690","game":"7dtd","world_id":"td-0d917a4eff776d999148769266591579674d2c42de6557026893a1902834f11f"},"position":{"space":"7dtd","x":-273.5540771484375,"y":61.079998016357422,"z":448.81915283203125},"rotation":{"pitch":-3.125,"roll":0,"yaw":109.17742919921875},"sequence":194,"source":"7dtd","stream_id":"5cf26971-f748-4142-b4cd-04d762e18d59","type":"entity_state","version":2,"world_id":"td-0d917a4eff776d999148769266591579674d2c42de6557026893a1902834f11f"}
2026-10-03T19:18:57 194.989 INF [MC7DTD] 7DTD entity sent: {"authority":"7dtd","dimension":"7dtd:main","entity_id":"d8e7c437-fca2-4ccd-82e9-ad13fdaf1690","entity_type":"7dtd:player","lifecycle":{"event":"update"},"metadata":{},"origin":{"dimension":"7dtd:main","entity_id":"d8e7c437-fca2-4ccd-82e9-ad13fdaf1690","game":"7dtd","world_id":"td-0d917a4eff776d999148769266591579674d2c42de6557026893a1902834f11f"},"position":{"space":"7dtd","x":-273.5540771484375,"y":61.079998016357422,"z":448.81915283203125},"rotation":{"pitch":-3.125,"roll":0,"yaw":109.17742919921875},"sequence":195,"source":"7dtd","stream_id":"5cf26971-f748-4142-b4cd-04d762e18d59","type":"entity_state","version":2,"world_id":"td-0d917a4eff776d999148769266591579674d2c42de6557026893a1902834f11f"}
2026-10-03T19:18:58 195.491 INF [MC7DTD] 7DTD entity sent: {"authority":"7dtd","dimension":"7dtd:main","entity_id":"d8e7c437-fca2-4ccd-82e9-ad13fdaf1690","entity_type":"7dtd:player","lifecycle":{"event":"update"},"metadata":{},"origin":{"dimension":"7dtd:main","entity_id":"d8e7c437-fca2-4ccd-82e9-ad13fdaf1690","game":"7dtd","world_id":"td-0d917a4eff776d999148769266591579674d2c42de6557026893a1902834f11f"},"position":{"space":"7dtd","x":-273.5540771484375,"y":61.079998016357422,"z":448.81915283203125},"rotation":{"pitch":-3.125,"roll":0,"yaw":109.17742919921875},"sequence":196,"source":"7dtd","stream_id":"5cf26971-f748-4142-b4cd-04d762e18d59","type":"entity_state","version":2,"world_id":"td-0d917a4eff776d999148769266591579674d2c42de6557026893a1902834f11f"}
2026-10-03T19:18:58 195.994 INF [MC7DTD] 7DTD entity sent: {"authority":"7dtd","dimension":"7dtd:main","entity_id":"d8e7c437-fca2-4ccd-82e9-ad13fdaf1690","entity_type":"7dtd:player","lifecycle":{"event":"update"},"metadata":{},"origin":{"dimension":"7dtd:main","entity_id":"d8e7c437-fca2-4ccd-82e9-ad13fdaf1690","game":"7dtd","world_id":"td-0d917a4eff776d999148769266591579674d2c42de6557026893a1902834f11f"},"position":{"space":"7dtd","x":-273.5540771484375,"y":61.079998016357422,"z":448.81915283203125},"rotation":{"pitch":-3.125,"roll":0,"yaw":109.17742919921875},"sequence":197,"source":"7dtd","stream_id":"5cf26971-f748-4142-b4cd-04d762e18d59","type":"entity_state","version":2,"world_id":"td-0d917a4eff776d999148769266591579674d2c42de6557026893a1902834f11f"}
2026-10-03T19:18:59 196.496 INF [MC7DTD] 7DTD entity sent: {"authority":"7dtd","dimension":"7dtd:main","entity_id":"d8e7c437-fca2-4ccd-82e9-ad13fdaf1690","entity_type":"7dtd:player","lifecycle":{"event":"update"},"metadata":{},"origin":{"dimension":"7dtd:main","entity_id":"d8e7c437-fca2-4ccd-82e9-ad13fdaf1690","game":"7dtd","world_id":"td-0d917a4eff776d999148769266591579674d2c42de6557026893a1902834f11f"},"position":{"space":"7dtd","x":-273.5540771484375,"y":61.079998016357422,"z":448.81915283203125},"rotation":{"pitch":-3.125,"roll":0,"yaw":109.17742919921875},"sequence":198,"source":"7dtd","stream_id":"5cf26971-f748-4142-b4cd-04d762e18d59","type":"entity_state","version":2,"world_id":"td-0d917a4eff776d999148769266591579674d2c42de6557026893a1902834f11f"}
2026-10-03T19:18:59 196.998 INF [MC7DTD] 7DTD entity sent: {"authority":"7dtd","dimension":"7dtd:main","entity_id":"d8e7c437-fca2-4ccd-82e9-ad13fdaf1690","entity_type":"7dtd:player","lifecycle":{"event":"update"},"metadata":{},"origin":{"dimension":"7dtd:main","entity_id":"d8e7c437-fca2-4ccd-82e9-ad13fdaf1690","game":"7dtd","world_id":"td-0d917a4eff776d999148769266591579674d2c42de6557026893a1902834f11f"},"position":{"space":"7dtd","x":-273.5540771484375,"y":61.079998016357422,"z":448.81915283203125},"rotation":{"pitch":-3.125,"roll":0,"yaw":109.17742919921875},"sequence":199,"source":"7dtd","stream_id":"5cf26971-f748-4142-b4cd-04d762e18d59","type":"entity_state","version":2,"world_id":"td-0d917a4eff776d999148769266591579674d2c42de6557026893a1902834f11f"}
2026-10-03T19:19:00 197.499 INF [MC7DTD] 7DTD entity sent: {"authority":"7dtd","dimension":"7dtd:main","entity_id":"d8e7c437-fca2-4ccd-82e9-ad13fdaf1690","entity_type":"7dtd:player","lifecycle":{"event":"update"},"metadata":{},"origin":{"dimension":"7dtd:main","entity_id":"d8e7c437-fca2-4ccd-82e9-ad13fdaf1690","game":"7dtd","world_id":"td-0d917a4eff776d999148769266591579674d2c42de6557026893a1902834f11f"},"position":{"space":"7dtd","x":-273.5540771484375,"y":61.079998016357422,"z":448.81915283203125},"rotation":{"pitch":-3.125,"roll":0,"yaw":109.17742919921875},"sequence":200,"source":"7dtd","stream_id":"5cf26971-f748-4142-b4cd-04d762e18d59","type":"entity_state","version":2,"world_id":"td-0d917a4eff776d999148769266591579674d2c42de6557026893a1902834f11f"}
2026-10-03T19:19:00 198.002 INF [MC7DTD] 7DTD entity sent: {"authority":"7dtd","dimension":"7dtd:main","entity_id":"d8e7c437-fca2-4ccd-82e9-ad13fdaf1690","entity_type":"7dtd:player","lifecycle":{"event":"update"},"metadata":{},"origin":{"dimension":"7dtd:main","entity_id":"d8e7c437-fca2-4ccd-82e9-ad13fdaf1690","game":"7dtd","world_id":"td-0d917a4eff776d999148769266591579674d2c42de6557026893a1902834f11f"},"position":{"space":"7dtd","x":-273.5540771484375,"y":61.079998016357422,"z":448.81915283203125},"rotation":{"pitch":-3.125,"roll":0,"yaw":109.17742919921875},"sequence":201,"source":"7dtd","stream_id":"5cf26971-f748-4142-b4cd-04d762e18d59","type":"entity_state","version":2,"world_id":"td-0d917a4eff776d999148769266591579674d2c42de6557026893a1902834f11f"}
2026-10-03T19:19:01 198.505 INF [MC7DTD] 7DTD entity sent: {"authority":"7dtd","dimension":"7dtd:main","entity_id":"d8e7c437-fca2-4ccd-82e9-ad13fdaf1690","entity_type":"7dtd:player","lifecycle":{"event":"update"},"metadata":{},"origin":{"dimension":"7dtd:main","entity_id":"d8e7c437-fca2-4ccd-82e9-ad13fdaf1690","game":"7dtd","world_id":"td-0d917a4eff776d999148769266591579674d2c42de6557026893a1902834f11f"},"position":{"space":"7dtd","x":-273.5540771484375,"y":61.079998016357422,"z":448.81915283203125},"rotation":{"pitch":-3.125,"roll":0,"yaw":109.17742919921875},"sequence":202,"source":"7dtd","stream_id":"5cf26971-f748-4142-b4cd-04d762e18d59","type":"entity_state","version":2,"world_id":"td-0d917a4eff776d999148769266591579674d2c42de6557026893a1902834f11f"}
2026-10-03T19:19:01 199.008 INF [MC7DTD] 7DTD entity sent: {"authority":"7dtd","dimension":"7dtd:main","entity_id":"d8e7c437-fca2-4ccd-82e9-ad13fdaf1690","entity_type":"7dtd:player","lifecycle":{"event":"update"},"metadata":{},"origin":{"dimension":"7dtd:main","entity_id":"d8e7c437-fca2-4ccd-82e9-ad13fdaf1690","game":"7dtd","world_id":"td-0d917a4eff776d999148769266591579674d2c42de6557026893a1902834f11f"},"position":{"space":"7dtd","x":-273.5540771484375,"y":61.079998016357422,"z":448.81915283203125},"rotation":{"pitch":-3.125,"roll":0,"yaw":109.17742919921875},"sequence":203,"source":"7dtd","stream_id":"5cf26971-f748-4142-b4cd-04d762e18d59","type":"entity_state","version":2,"world_id":"td-0d917a4eff776d999148769266591579674d2c42de6557026893a1902834f11f"}
2026-10-03T19:19:02 199.510 INF [MC7DTD] 7DTD entity sent: {"authority":"7dtd","dimension":"7dtd:main","entity_id":"d8e7c437-fca2-4ccd-82e9-ad13fdaf1690","entity_type":"7dtd:player","lifecycle":{"event":"update"},"metadata":{},"origin":{"dimension":"7dtd:main","entity_id":"d8e7c437-fca2-4ccd-82e9-ad13fdaf1690","game":"7dtd","world_id":"td-0d917a4eff776d999148769266591579674d2c42de6557026893a1902834f11f"},"position":{"space":"7dtd","x":-273.5540771484375,"y":61.079998016357422,"z":448.81915283203125},"rotation":{"pitch":-3.125,"roll":0,"yaw":109.17742919921875},"sequence":204,"source":"7dtd","stream_id":"5cf26971-f748-4142-b4cd-04d762e18d59","type":"entity_state","version":2,"world_id":"td-0d917a4eff776d999148769266591579674d2c42de6557026893a1902834f11f"}
2026-10-03T19:19:02 200.012 INF [MC7DTD] 7DTD entity sent: {"authority":"7dtd","dimension":"7dtd:main","entity_id":"d8e7c437-fca2-4ccd-82e9-ad13fdaf1690","entity_type":"7dtd:player","lifecycle":{"event":"update"},"metadata":{},"origin":{"dimension":"7dtd:main","entity_id":"d8e7c437-fca2-4ccd-82e9-ad13fdaf1690","game":"7dtd","world_id":"td-0d917a4eff776d999148769266591579674d2c42de6557026893a1902834f11f"},"position":{"space":"7dtd","x":-273.5540771484375,"y":61.079998016357422,"z":448.81915283203125},"rotation":{"pitch":-3.125,"roll":0,"yaw":109.17742919921875},"sequence":205,"source":"7dtd","stream_id":"5cf26971-f748-4142-b4cd-04d762e18d59","type":"entity_state","version":2,"world_id":"td-0d917a4eff776d999148769266591579674d2c42de6557026893a1902834f11f"}
2026-10-03T19:19:03 200.513 INF [MC7DTD] 7DTD entity sent: {"authority":"7dtd","dimension":"7dtd:main","entity_id":"d8e7c437-fca2-4ccd-82e9-ad13fdaf1690","entity_type":"7dtd:player","lifecycle":{"event":"update"},"metadata":{},"origin":{"dimension":"7dtd:main","entity_id":"d8e7c437-fca2-4ccd-82e9-ad13fdaf1690","game":"7dtd","world_id":"td-0d917a4eff776d999148769266591579674d2c42de6557026893a1902834f11f"},"position":{"space":"7dtd","x":-273.5540771484375,"y":61.079998016357422,"z":448.81915283203125},"rotation":{"pitch":-3.125,"roll":0,"yaw":109.17742919921875},"sequence":206,"source":"7dtd","stream_id":"5cf26971-f748-4142-b4cd-04d762e18d59","type":"entity_state","version":2,"world_id":"td-0d917a4eff776d999148769266591579674d2c42de6557026893a1902834f11f"}
2026-10-03T19:19:03 201.017 INF [MC7DTD] 7DTD entity sent: {"authority":"7dtd","dimension":"7dtd:main","entity_id":"d8e7c437-fca2-4ccd-82e9-ad13fdaf1690","entity_type":"7dtd:player","lifecycle":{"event":"update"},"metadata":{},"origin":{"dimension":"7dtd:main","entity_id":"d8e7c437-fca2-4ccd-82e9-ad13fdaf1690","game":"7dtd","world_id":"td-0d917a4eff776d999148769266591579674d2c42de6557026893a1902834f11f"},"position":{"space":"7dtd","x":-273.5540771484375,"y":61.079998016357422,"z":448.81915283203125},"rotation":{"pitch":-3.125,"roll":0,"yaw":109.17742919921875},"sequence":207,"source":"7dtd","stream_id":"5cf26971-f748-4142-b4cd-04d762e18d59","type":"entity_state","version":2,"world_id":"td-0d917a4eff776d999148769266591579674d2c42de6557026893a1902834f11f"}
2026-10-03T19:19:04 201.519 INF [MC7DTD] 7DTD entity sent: {"authority":"7dtd","dimension":"7dtd:main","entity_id":"d8e7c437-fca2-4ccd-82e9-ad13fdaf1690","entity_type":"7dtd:player","lifecycle":{"event":"update"},"metadata":{},"origin":{"dimension":"7dtd:main","entity_id":"d8e7c437-fca2-4ccd-82e9-ad13fdaf1690","game":"7dtd","world_id":"td-0d917a4eff776d999148769266591579674d2c42de6557026893a1902834f11f"},"position":{"space":"7dtd","x":-273.5540771484375,"y":61.079998016357422,"z":448.81915283203125},"rotation":{"pitch":-3.125,"roll":0,"yaw":109.17742919921875},"sequence":208,"source":"7dtd","stream_id":"5cf26971-f748-4142-b4cd-04d762e18d59","type":"entity_state","version":2,"world_id":"td-0d917a4eff776d999148769266591579674d2c42de6557026893a1902834f11f"}
2026-10-03T19:19:04 202.021 INF [MC7DTD] 7DTD entity sent: {"authority":"7dtd","dimension":"7dtd:main","entity_id":"d8e7c437-fca2-4ccd-82e9-ad13fdaf1690","entity_type":"7dtd:player","lifecycle":{"event":"update"},"metadata":{},"origin":{"dimension":"7dtd:main","entity_id":"d8e7c437-fca2-4ccd-82e9-ad13fdaf1690","game":"7dtd","world_id":"td-0d917a4eff776d999148769266591579674d2c42de6557026893a1902834f11f"},"position":{"space":"7dtd","x":-273.5540771484375,"y":61.079998016357422,"z":448.81915283203125},"rotation":{"pitch":-3.125,"roll":0,"yaw":109.17742919921875},"sequence":209,"source":"7dtd","stream_id":"5cf26971-f748-4142-b4cd-04d762e18d59","type":"entity_state","version":2,"world_id":"td-0d917a4eff776d999148769266591579674d2c42de6557026893a1902834f11f"}
2026-10-03T19:19:05 202.523 INF [MC7DTD] 7DTD entity sent: {"authority":"7dtd","dimension":"7dtd:main","entity_id":"d8e7c437-fca2-4ccd-82e9-ad13fdaf1690","entity_type":"7dtd:player","lifecycle":{"event":"update"},"metadata":{},"origin":{"dimension":"7dtd:main","entity_id":"d8e7c437-fca2-4ccd-82e9-ad13fdaf1690","game":"7dtd","world_id":"td-0d917a4eff776d999148769266591579674d2c42de6557026893a1902834f11f"},"position":{"space":"7dtd","x":-273.5540771484375,"y":61.079998016357422,"z":448.81915283203125},"rotation":{"pitch":-3.125,"roll":0,"yaw":109.17742919921875},"sequence":210,"source":"7dtd","stream_id":"5cf26971-f748-4142-b4cd-04d762e18d59","type":"entity_state","version":2,"world_id":"td-0d917a4eff776d999148769266591579674d2c42de6557026893a1902834f11f"}
2026-10-03T19:19:05 203.026 INF [MC7DTD] 7DTD entity sent: {"authority":"7dtd","dimension":"7dtd:main","entity_id":"d8e7c437-fca2-4ccd-82e9-ad13fdaf1690","entity_type":"7dtd:player","lifecycle":{"event":"update"},"metadata":{},"origin":{"dimension":"7dtd:main","entity_id":"d8e7c437-fca2-4ccd-82e9-ad13fdaf1690","game":"7dtd","world_id":"td-0d917a4eff776d999148769266591579674d2c42de6557026893a1902834f11f"},"position":{"space":"7dtd","x":-273.5540771484375,"y":61.079998016357422,"z":448.81915283203125},"rotation":{"pitch":-3.125,"roll":0,"yaw":109.17742919921875},"sequence":211,"source":"7dtd","stream_id":"5cf26971-f748-4142-b4cd-04d762e18d59","type":"entity_state","version":2,"world_id":"td-0d917a4eff776d999148769266591579674d2c42de6557026893a1902834f11f"}
2026-10-03T19:19:06 203.529 INF [MC7DTD] 7DTD entity sent: {"authority":"7dtd","dimension":"7dtd:main","entity_id":"d8e7c437-fca2-4ccd-82e9-ad13fdaf1690","entity_type":"7dtd:player","lifecycle":{"event":"update"},"metadata":{},"origin":{"dimension":"7dtd:main","entity_id":"d8e7c437-fca2-4ccd-82e9-ad13fdaf1690","game":"7dtd","world_id":"td-0d917a4eff776d999148769266591579674d2c42de6557026893a1902834f11f"},"position":{"space":"7dtd","x":-273.5540771484375,"y":61.079998016357422,"z":448.81915283203125},"rotation":{"pitch":-3.125,"roll":0,"yaw":109.17742919921875},"sequence":212,"source":"7dtd","stream_id":"5cf26971-f748-4142-b4cd-04d762e18d59","type":"entity_state","version":2,"world_id":"td-0d917a4eff776d999148769266591579674d2c42de6557026893a1902834f11f"}
2026-10-03T19:19:06 204.031 INF [MC7DTD] 7DTD entity sent: {"authority":"7dtd","dimension":"7dtd:main","entity_id":"d8e7c437-fca2-4ccd-82e9-ad13fdaf1690","entity_type":"7dtd:player","lifecycle":{"event":"update"},"metadata":{},"origin":{"dimension":"7dtd:main","entity_id":"d8e7c437-fca2-4ccd-82e9-ad13fdaf1690","game":"7dtd","world_id":"td-0d917a4eff776d999148769266591579674d2c42de6557026893a1902834f11f"},"position":{"space":"7dtd","x":-273.5540771484375,"y":61.079998016357422,"z":448.81915283203125},"rotation":{"pitch":-3.125,"roll":0,"yaw":109.17742919921875},"sequence":213,"source":"7dtd","stream_id":"5cf26971-f748-4142-b4cd-04d762e18d59","type":"entity_state","version":2,"world_id":"td-0d917a4eff776d999148769266591579674d2c42de6557026893a1902834f11f"}
2026-10-03T19:19:07 204.534 INF [MC7DTD] 7DTD entity sent: {"authority":"7dtd","dimension":"7dtd:main","entity_id":"d8e7c437-fca2-4ccd-82e9-ad13fdaf1690","entity_type":"7dtd:player","lifecycle":{"event":"update"},"metadata":{},"origin":{"dimension":"7dtd:main","entity_id":"d8e7c437-fca2-4ccd-82e9-ad13fdaf1690","game":"7dtd","world_id":"td-0d917a4eff776d999148769266591579674d2c42de6557026893a1902834f11f"},"position":{"space":"7dtd","x":-273.5540771484375,"y":61.079998016357422,"z":448.81915283203125},"rotation":{"pitch":-3.125,"roll":0,"yaw":109.17742919921875},"sequence":214,"source":"7dtd","stream_id":"5cf26971-f748-4142-b4cd-04d762e18d59","type":"entity_state","version":2,"world_id":"td-0d917a4eff776d999148769266591579674d2c42de6557026893a1902834f11f"}
2026-10-03T19:19:07 205.035 INF [MC7DTD] 7DTD entity sent: {"authority":"7dtd","dimension":"7dtd:main","entity_id":"d8e7c437-fca2-4ccd-82e9-ad13fdaf1690","entity_type":"7dtd:player","lifecycle":{"event":"update"},"metadata":{},"origin":{"dimension":"7dtd:main","entity_id":"d8e7c437-fca2-4ccd-82e9-ad13fdaf1690","game":"7dtd","world_id":"td-0d917a4eff776d999148769266591579674d2c42de6557026893a1902834f11f"},"position":{"space":"7dtd","x":-273.5540771484375,"y":61.079998016357422,"z":448.81915283203125},"rotation":{"pitch":-3.125,"roll":0,"yaw":109.17742919921875},"sequence":215,"source":"7dtd","stream_id":"5cf26971-f748-4142-b4cd-04d762e18d59","type":"entity_state","version":2,"world_id":"td-0d917a4eff776d999148769266591579674d2c42de6557026893a1902834f11f"}
2026-10-03T19:19:08 205.538 INF [MC7DTD] 7DTD entity sent: {"authority":"7dtd","dimension":"7dtd:main","entity_id":"d8e7c437-fca2-4ccd-82e9-ad13fdaf1690","entity_type":"7dtd:player","lifecycle":{"event":"update"},"metadata":{},"origin":{"dimension":"7dtd:main","entity_id":"d8e7c437-fca2-4ccd-82e9-ad13fdaf1690","game":"7dtd","world_id":"td-0d917a4eff776d999148769266591579674d2c42de6557026893a1902834f11f"},"position":{"space":"7dtd","x":-273.5540771484375,"y":61.079998016357422,"z":448.81915283203125},"rotation":{"pitch":-3.125,"roll":0,"yaw":109.17742919921875},"sequence":216,"source":"7dtd","stream_id":"5cf26971-f748-4142-b4cd-04d762e18d59","type":"entity_state","version":2,"world_id":"td-0d917a4eff776d999148769266591579674d2c42de6557026893a1902834f11f"}
2026-10-03T19:19:08 206.041 INF [MC7DTD] 7DTD entity sent: {"authority":"7dtd","dimension":"7dtd:main","entity_id":"d8e7c437-fca2-4ccd-82e9-ad13fdaf1690","entity_type":"7dtd:player","lifecycle":{"event":"update"},"metadata":{},"origin":{"dimension":"7dtd:main","entity_id":"d8e7c437-fca2-4ccd-82e9-ad13fdaf1690","game":"7dtd","world_id":"td-0d917a4eff776d999148769266591579674d2c42de6557026893a1902834f11f"},"position":{"space":"7dtd","x":-273.5540771484375,"y":61.079998016357422,"z":448.81915283203125},"rotation":{"pitch":-3.125,"roll":0,"yaw":109.17742919921875},"sequence":217,"source":"7dtd","stream_id":"5cf26971-f748-4142-b4cd-04d762e18d59","type":"entity_state","version":2,"world_id":"td-0d917a4eff776d999148769266591579674d2c42de6557026893a1902834f11f"}
2026-10-03T19:19:09 206.543 INF [MC7DTD] 7DTD entity sent: {"authority":"7dtd","dimension":"7dtd:main","entity_id":"d8e7c437-fca2-4ccd-82e9-ad13fdaf1690","entity_type":"7dtd:player","lifecycle":{"event":"update"},"metadata":{},"origin":{"dimension":"7dtd:main","entity_id":"d8e7c437-fca2-4ccd-82e9-ad13fdaf1690","game":"7dtd","world_id":"td-0d917a4eff776d999148769266591579674d2c42de6557026893a1902834f11f"},"position":{"space":"7dtd","x":-273.5540771484375,"y":61.079998016357422,"z":448.81915283203125},"rotation":{"pitch":-3.125,"roll":0,"yaw":109.17742919921875},"sequence":218,"source":"7dtd","stream_id":"5cf26971-f748-4142-b4cd-04d762e18d59","type":"entity_state","version":2,"world_id":"td-0d917a4eff776d999148769266591579674d2c42de6557026893a1902834f11f"}
2026-10-03T19:19:09 207.045 INF [MC7DTD] 7DTD entity sent: {"authority":"7dtd","dimension":"7dtd:main","entity_id":"d8e7c437-fca2-4ccd-82e9-ad13fdaf1690","entity_type":"7dtd:player","lifecycle":{"event":"update"},"metadata":{},"origin":{"dimension":"7dtd:main","entity_id":"d8e7c437-fca2-4ccd-82e9-ad13fdaf1690","game":"7dtd","world_id":"td-0d917a4eff776d999148769266591579674d2c42de6557026893a1902834f11f"},"position":{"space":"7dtd","x":-273.5540771484375,"y":61.079998016357422,"z":448.81915283203125},"rotation":{"pitch":-3.125,"roll":0,"yaw":109.17742919921875},"sequence":219,"source":"7dtd","stream_id":"5cf26971-f748-4142-b4cd-04d762e18d59","type":"entity_state","version":2,"world_id":"td-0d917a4eff776d999148769266591579674d2c42de6557026893a1902834f11f"}
2026-10-03T19:19:10 207.547 INF [MC7DTD] 7DTD entity sent: {"authority":"7dtd","dimension":"7dtd:main","entity_id":"d8e7c437-fca2-4ccd-82e9-ad13fdaf1690","entity_type":"7dtd:player","lifecycle":{"event":"update"},"metadata":{},"origin":{"dimension":"7dtd:main","entity_id":"d8e7c437-fca2-4ccd-82e9-ad13fdaf1690","game":"7dtd","world_id":"td-0d917a4eff776d999148769266591579674d2c42de6557026893a1902834f11f"},"position":{"space":"7dtd","x":-273.5540771484375,"y":61.079998016357422,"z":448.81915283203125},"rotation":{"pitch":-3.125,"roll":0,"yaw":109.17742919921875},"sequence":220,"source":"7dtd","stream_id":"5cf26971-f748-4142-b4cd-04d762e18d59","type":"entity_state","version":2,"world_id":"td-0d917a4eff776d999148769266591579674d2c42de6557026893a1902834f11f"}
2026-10-03T19:19:10 208.049 INF [MC7DTD] 7DTD entity sent: {"authority":"7dtd","dimension":"7dtd:main","entity_id":"d8e7c437-fca2-4ccd-82e9-ad13fdaf1690","entity_type":"7dtd:player","lifecycle":{"event":"update"},"metadata":{},"origin":{"dimension":"7dtd:main","entity_id":"d8e7c437-fca2-4ccd-82e9-ad13fdaf1690","game":"7dtd","world_id":"td-0d917a4eff776d999148769266591579674d2c42de6557026893a1902834f11f"},"position":{"space":"7dtd","x":-273.5540771484375,"y":61.079998016357422,"z":448.81915283203125},"rotation":{"pitch":-3.125,"roll":0,"yaw":109.17742919921875},"sequence":221,"source":"7dtd","stream_id":"5cf26971-f748-4142-b4cd-04d762e18d59","type":"entity_state","version":2,"world_id":"td-0d917a4eff776d999148769266591579674d2c42de6557026893a1902834f11f"}
2026-10-03T19:19:11 208.552 INF [MC7DTD] 7DTD entity sent: {"authority":"7dtd","dimension":"7dtd:main","entity_id":"d8e7c437-fca2-4ccd-82e9-ad13fdaf1690","entity_type":"7dtd:player","lifecycle":{"event":"update"},"metadata":{},"origin":{"dimension":"7dtd:main","entity_id":"d8e7c437-fca2-4ccd-82e9-ad13fdaf1690","game":"7dtd","world_id":"td-0d917a4eff776d999148769266591579674d2c42de6557026893a1902834f11f"},"position":{"space":"7dtd","x":-273.5540771484375,"y":61.079998016357422,"z":448.81915283203125},"rotation":{"pitch":-3.125,"roll":0,"yaw":109.17742919921875},"sequence":222,"source":"7dtd","stream_id":"5cf26971-f748-4142-b4cd-04d762e18d59","type":"entity_state","version":2,"world_id":"td-0d917a4eff776d999148769266591579674d2c42de6557026893a1902834f11f"}
2026-10-03T19:19:11 209.054 INF [MC7DTD] 7DTD entity sent: {"authority":"7dtd","dimension":"7dtd:main","entity_id":"d8e7c437-fca2-4ccd-82e9-ad13fdaf1690","entity_type":"7dtd:player","lifecycle":{"event":"update"},"metadata":{},"origin":{"dimension":"7dtd:main","entity_id":"d8e7c437-fca2-4ccd-82e9-ad13fdaf1690","game":"7dtd","world_id":"td-0d917a4eff776d999148769266591579674d2c42de6557026893a1902834f11f"},"position":{"space":"7dtd","x":-273.5540771484375,"y":61.079998016357422,"z":448.81915283203125},"rotation":{"pitch":-3.125,"roll":0,"yaw":109.17742919921875},"sequence":223,"source":"7dtd","stream_id":"5cf26971-f748-4142-b4cd-04d762e18d59","type":"entity_state","version":2,"world_id":"td-0d917a4eff776d999148769266591579674d2c42de6557026893a1902834f11f"}
2026-10-03T19:19:12 209.556 INF [MC7DTD] 7DTD entity sent: {"authority":"7dtd","dimension":"7dtd:main","entity_id":"d8e7c437-fca2-4ccd-82e9-ad13fdaf1690","entity_type":"7dtd:player","lifecycle":{"event":"update"},"metadata":{},"origin":{"dimension":"7dtd:main","entity_id":"d8e7c437-fca2-4ccd-82e9-ad13fdaf1690","game":"7dtd","world_id":"td-0d917a4eff776d999148769266591579674d2c42de6557026893a1902834f11f"},"position":{"space":"7dtd","x":-273.5540771484375,"y":61.079998016357422,"z":448.81915283203125},"rotation":{"pitch":-3.125,"roll":0,"yaw":109.17742919921875},"sequence":224,"source":"7dtd","stream_id":"5cf26971-f748-4142-b4cd-04d762e18d59","type":"entity_state","version":2,"world_id":"td-0d917a4eff776d999148769266591579674d2c42de6557026893a1902834f11f"}
2026-10-03T19:19:12 210.059 INF [MC7DTD] 7DTD entity sent: {"authority":"7dtd","dimension":"7dtd:main","entity_id":"d8e7c437-fca2-4ccd-82e9-ad13fdaf1690","entity_type":"7dtd:player","lifecycle":{"event":"update"},"metadata":{},"origin":{"dimension":"7dtd:main","entity_id":"d8e7c437-fca2-4ccd-82e9-ad13fdaf1690","game":"7dtd","world_id":"td-0d917a4eff776d999148769266591579674d2c42de6557026893a1902834f11f"},"position":{"space":"7dtd","x":-273.5540771484375,"y":61.079998016357422,"z":448.81915283203125},"rotation":{"pitch":-3.125,"roll":0,"yaw":109.17742919921875},"sequence":225,"source":"7dtd","stream_id":"5cf26971-f748-4142-b4cd-04d762e18d59","type":"entity_state","version":2,"world_id":"td-0d917a4eff776d999148769266591579674d2c42de6557026893a1902834f11f"}
2026-10-03T19:19:13 210.561 INF [MC7DTD] 7DTD entity sent: {"authority":"7dtd","dimension":"7dtd:main","entity_id":"d8e7c437-fca2-4ccd-82e9-ad13fdaf1690","entity_type":"7dtd:player","lifecycle":{"event":"update"},"metadata":{},"origin":{"dimension":"7dtd:main","entity_id":"d8e7c437-fca2-4ccd-82e9-ad13fdaf1690","game":"7dtd","world_id":"td-0d917a4eff776d999148769266591579674d2c42de6557026893a1902834f11f"},"position":{"space":"7dtd","x":-273.5540771484375,"y":61.079998016357422,"z":448.81915283203125},"rotation":{"pitch":-3.125,"roll":0,"yaw":109.17742919921875},"sequence":226,"source":"7dtd","stream_id":"5cf26971-f748-4142-b4cd-04d762e18d59","type":"entity_state","version":2,"world_id":"td-0d917a4eff776d999148769266591579674d2c42de6557026893a1902834f11f"}
2026-10-03T19:19:13 211.063 INF [MC7DTD] 7DTD entity sent: {"authority":"7dtd","dimension":"7dtd:main","entity_id":"d8e7c437-fca2-4ccd-82e9-ad13fdaf1690","entity_type":"7dtd:player","lifecycle":{"event":"update"},"metadata":{},"origin":{"dimension":"7dtd:main","entity_id":"d8e7c437-fca2-4ccd-82e9-ad13fdaf1690","game":"7dtd","world_id":"td-0d917a4eff776d999148769266591579674d2c42de6557026893a1902834f11f"},"position":{"space":"7dtd","x":-273.5540771484375,"y":61.079998016357422,"z":448.81915283203125},"rotation":{"pitch":-3.125,"roll":0,"yaw":109.17742919921875},"sequence":227,"source":"7dtd","stream_id":"5cf26971-f748-4142-b4cd-04d762e18d59","type":"entity_state","version":2,"world_id":"td-0d917a4eff776d999148769266591579674d2c42de6557026893a1902834f11f"}
2026-10-03T19:19:14 211.566 INF [MC7DTD] 7DTD entity sent: {"authority":"7dtd","dimension":"7dtd:main","entity_id":"d8e7c437-fca2-4ccd-82e9-ad13fdaf1690","entity_type":"7dtd:player","lifecycle":{"event":"update"},"metadata":{},"origin":{"dimension":"7dtd:main","entity_id":"d8e7c437-fca2-4ccd-82e9-ad13fdaf1690","game":"7dtd","world_id":"td-0d917a4eff776d999148769266591579674d2c42de6557026893a1902834f11f"},"position":{"space":"7dtd","x":-273.5540771484375,"y":61.079998016357422,"z":448.81915283203125},"rotation":{"pitch":-3.125,"roll":0,"yaw":109.17742919921875},"sequence":228,"source":"7dtd","stream_id":"5cf26971-f748-4142-b4cd-04d762e18d59","type":"entity_state","version":2,"world_id":"td-0d917a4eff776d999148769266591579674d2c42de6557026893a1902834f11f"}
2026-10-03T19:19:14 212.069 INF [MC7DTD] 7DTD entity sent: {"authority":"7dtd","dimension":"7dtd:main","entity_id":"d8e7c437-fca2-4ccd-82e9-ad13fdaf1690","entity_type":"7dtd:player","lifecycle":{"event":"update"},"metadata":{},"origin":{"dimension":"7dtd:main","entity_id":"d8e7c437-fca2-4ccd-82e9-ad13fdaf1690","game":"7dtd","world_id":"td-0d917a4eff776d999148769266591579674d2c42de6557026893a1902834f11f"},"position":{"space":"7dtd","x":-273.5540771484375,"y":61.079998016357422,"z":448.81915283203125},"rotation":{"pitch":-3.125,"roll":0,"yaw":109.17742919921875},"sequence":229,"source":"7dtd","stream_id":"5cf26971-f748-4142-b4cd-04d762e18d59","type":"entity_state","version":2,"world_id":"td-0d917a4eff776d999148769266591579674d2c42de6557026893a1902834f11f"}
2026-10-03T19:19:15 212.571 INF [MC7DTD] 7DTD entity sent: {"authority":"7dtd","dimension":"7dtd:main","entity_id":"d8e7c437-fca2-4ccd-82e9-ad13fdaf1690","entity_type":"7dtd:player","lifecycle":{"event":"update"},"metadata":{},"origin":{"dimension":"7dtd:main","entity_id":"d8e7c437-fca2-4ccd-82e9-ad13fdaf1690","game":"7dtd","world_id":"td-0d917a4eff776d999148769266591579674d2c42de6557026893a1902834f11f"},"position":{"space":"7dtd","x":-273.5540771484375,"y":61.079998016357422,"z":448.81915283203125},"rotation":{"pitch":-3.125,"roll":0,"yaw":109.17742919921875},"sequence":230,"source":"7dtd","stream_id":"5cf26971-f748-4142-b4cd-04d762e18d59","type":"entity_state","version":2,"world_id":"td-0d917a4eff776d999148769266591579674d2c42de6557026893a1902834f11f"}
2026-10-03T19:19:15 213.073 INF [MC7DTD] 7DTD entity sent: {"authority":"7dtd","dimension":"7dtd:main","entity_id":"d8e7c437-fca2-4ccd-82e9-ad13fdaf1690","entity_type":"7dtd:player","lifecycle":{"event":"update"},"metadata":{},"origin":{"dimension":"7dtd:main","entity_id":"d8e7c437-fca2-4ccd-82e9-ad13fdaf1690","game":"7dtd","world_id":"td-0d917a4eff776d999148769266591579674d2c42de6557026893a1902834f11f"},"position":{"space":"7dtd","x":-273.5540771484375,"y":61.079998016357422,"z":448.81915283203125},"rotation":{"pitch":-3.125,"roll":0,"yaw":109.17742919921875},"sequence":231,"source":"7dtd","stream_id":"5cf26971-f748-4142-b4cd-04d762e18d59","type":"entity_state","version":2,"world_id":"td-0d917a4eff776d999148769266591579674d2c42de6557026893a1902834f11f"}
2026-10-03T19:19:16 213.575 INF [MC7DTD] 7DTD entity sent: {"authority":"7dtd","dimension":"7dtd:main","entity_id":"d8e7c437-fca2-4ccd-82e9-ad13fdaf1690","entity_type":"7dtd:player","lifecycle":{"event":"update"},"metadata":{},"origin":{"dimension":"7dtd:main","entity_id":"d8e7c437-fca2-4ccd-82e9-ad13fdaf1690","game":"7dtd","world_id":"td-0d917a4eff776d999148769266591579674d2c42de6557026893a1902834f11f"},"position":{"space":"7dtd","x":-273.5540771484375,"y":61.079998016357422,"z":448.81915283203125},"rotation":{"pitch":-3.125,"roll":0,"yaw":109.17742919921875},"sequence":232,"source":"7dtd","stream_id":"5cf26971-f748-4142-b4cd-04d762e18d59","type":"entity_state","version":2,"world_id":"td-0d917a4eff776d999148769266591579674d2c42de6557026893a1902834f11f"}
2026-10-03T19:19:16 214.076 INF [MC7DTD] 7DTD entity sent: {"authority":"7dtd","dimension":"7dtd:main","entity_id":"d8e7c437-fca2-4ccd-82e9-ad13fdaf1690","entity_type":"7dtd:player","lifecycle":{"event":"update"},"metadata":{},"origin":{"dimension":"7dtd:main","entity_id":"d8e7c437-fca2-4ccd-82e9-ad13fdaf1690","game":"7dtd","world_id":"td-0d917a4eff776d999148769266591579674d2c42de6557026893a1902834f11f"},"position":{"space":"7dtd","x":-273.5540771484375,"y":61.079998016357422,"z":448.81915283203125},"rotation":{"pitch":-3.125,"roll":0,"yaw":109.17742919921875},"sequence":233,"source":"7dtd","stream_id":"5cf26971-f748-4142-b4cd-04d762e18d59","type":"entity_state","version":2,"world_id":"td-0d917a4eff776d999148769266591579674d2c42de6557026893a1902834f11f"}
2026-10-03T19:19:17 214.578 INF [MC7DTD] 7DTD entity sent: {"authority":"7dtd","dimension":"7dtd:main","entity_id":"d8e7c437-fca2-4ccd-82e9-ad13fdaf1690","entity_type":"7dtd:player","lifecycle":{"event":"update"},"metadata":{},"origin":{"dimension":"7dtd:main","entity_id":"d8e7c437-fca2-4ccd-82e9-ad13fdaf1690","game":"7dtd","world_id":"td-0d917a4eff776d999148769266591579674d2c42de6557026893a1902834f11f"},"position":{"space":"7dtd","x":-273.5540771484375,"y":61.079998016357422,"z":448.81915283203125},"rotation":{"pitch":-3.125,"roll":0,"yaw":109.17742919921875},"sequence":234,"source":"7dtd","stream_id":"5cf26971-f748-4142-b4cd-04d762e18d59","type":"entity_state","version":2,"world_id":"td-0d917a4eff776d999148769266591579674d2c42de6557026893a1902834f11f"}
2026-10-03T19:19:17 215.079 INF [MC7DTD] 7DTD entity sent: {"authority":"7dtd","dimension":"7dtd:main","entity_id":"d8e7c437-fca2-4ccd-82e9-ad13fdaf1690","entity_type":"7dtd:player","lifecycle":{"event":"update"},"metadata":{},"origin":{"dimension":"7dtd:main","entity_id":"d8e7c437-fca2-4ccd-82e9-ad13fdaf1690","game":"7dtd","world_id":"td-0d917a4eff776d999148769266591579674d2c42de6557026893a1902834f11f"},"position":{"space":"7dtd","x":-273.5540771484375,"y":61.079998016357422,"z":448.81915283203125},"rotation":{"pitch":-3.125,"roll":0,"yaw":109.17742919921875},"sequence":235,"source":"7dtd","stream_id":"5cf26971-f748-4142-b4cd-04d762e18d59","type":"entity_state","version":2,"world_id":"td-0d917a4eff776d999148769266591579674d2c42de6557026893a1902834f11f"}
2026-10-03T19:19:18 215.582 INF [MC7DTD] 7DTD entity sent: {"authority":"7dtd","dimension":"7dtd:main","entity_id":"d8e7c437-fca2-4ccd-82e9-ad13fdaf1690","entity_type":"7dtd:player","lifecycle":{"event":"update"},"metadata":{},"origin":{"dimension":"7dtd:main","entity_id":"d8e7c437-fca2-4ccd-82e9-ad13fdaf1690","game":"7dtd","world_id":"td-0d917a4eff776d999148769266591579674d2c42de6557026893a1902834f11f"},"position":{"space":"7dtd","x":-273.5540771484375,"y":61.079998016357422,"z":448.81915283203125},"rotation":{"pitch":-3.125,"roll":0,"yaw":109.17742919921875},"sequence":236,"source":"7dtd","stream_id":"5cf26971-f748-4142-b4cd-04d762e18d59","type":"entity_state","version":2,"world_id":"td-0d917a4eff776d999148769266591579674d2c42de6557026893a1902834f11f"}
2026-10-03T19:19:18 216.084 INF [MC7DTD] 7DTD entity sent: {"authority":"7dtd","dimension":"7dtd:main","entity_id":"d8e7c437-fca2-4ccd-82e9-ad13fdaf1690","entity_type":"7dtd:player","lifecycle":{"event":"update"},"metadata":{},"origin":{"dimension":"7dtd:main","entity_id":"d8e7c437-fca2-4ccd-82e9-ad13fdaf1690","game":"7dtd","world_id":"td-0d917a4eff776d999148769266591579674d2c42de6557026893a1902834f11f"},"position":{"space":"7dtd","x":-273.5540771484375,"y":61.079998016357422,"z":448.81915283203125},"rotation":{"pitch":-3.125,"roll":0,"yaw":109.17742919921875},"sequence":237,"source":"7dtd","stream_id":"5cf26971-f748-4142-b4cd-04d762e18d59","type":"entity_state","version":2,"world_id":"td-0d917a4eff776d999148769266591579674d2c42de6557026893a1902834f11f"}
2026-10-03T19:19:19 216.586 INF [MC7DTD] 7DTD entity sent: {"authority":"7dtd","dimension":"7dtd:main","entity_id":"d8e7c437-fca2-4ccd-82e9-ad13fdaf1690","entity_type":"7dtd:player","lifecycle":{"event":"update"},"metadata":{},"origin":{"dimension":"7dtd:main","entity_id":"d8e7c437-fca2-4ccd-82e9-ad13fdaf1690","game":"7dtd","world_id":"td-0d917a4eff776d999148769266591579674d2c42de6557026893a1902834f11f"},"position":{"space":"7dtd","x":-273.5540771484375,"y":61.079998016357422,"z":448.81915283203125},"rotation":{"pitch":-3.125,"roll":0,"yaw":109.17742919921875},"sequence":238,"source":"7dtd","stream_id":"5cf26971-f748-4142-b4cd-04d762e18d59","type":"entity_state","version":2,"world_id":"td-0d917a4eff776d999148769266591579674d2c42de6557026893a1902834f11f"}
2026-10-03T19:19:19 217.088 INF [MC7DTD] 7DTD entity sent: {"authority":"7dtd","dimension":"7dtd:main","entity_id":"d8e7c437-fca2-4ccd-82e9-ad13fdaf1690","entity_type":"7dtd:player","lifecycle":{"event":"update"},"metadata":{},"origin":{"dimension":"7dtd:main","entity_id":"d8e7c437-fca2-4ccd-82e9-ad13fdaf1690","game":"7dtd","world_id":"td-0d917a4eff776d999148769266591579674d2c42de6557026893a1902834f11f"},"position":{"space":"7dtd","x":-273.5540771484375,"y":61.079998016357422,"z":448.81915283203125},"rotation":{"pitch":-3.125,"roll":0,"yaw":109.17742919921875},"sequence":239,"source":"7dtd","stream_id":"5cf26971-f748-4142-b4cd-04d762e18d59","type":"entity_state","version":2,"world_id":"td-0d917a4eff776d999148769266591579674d2c42de6557026893a1902834f11f"}
2026-10-03T19:19:20 217.589 INF [MC7DTD] 7DTD entity sent: {"authority":"7dtd","dimension":"7dtd:main","entity_id":"d8e7c437-fca2-4ccd-82e9-ad13fdaf1690","entity_type":"7dtd:player","lifecycle":{"event":"update"},"metadata":{},"origin":{"dimension":"7dtd:main","entity_id":"d8e7c437-fca2-4ccd-82e9-ad13fdaf1690","game":"7dtd","world_id":"td-0d917a4eff776d999148769266591579674d2c42de6557026893a1902834f11f"},"position":{"space":"7dtd","x":-273.5540771484375,"y":61.079998016357422,"z":448.81915283203125},"rotation":{"pitch":-3.125,"roll":0,"yaw":109.17742919921875},"sequence":240,"source":"7dtd","stream_id":"5cf26971-f748-4142-b4cd-04d762e18d59","type":"entity_state","version":2,"world_id":"td-0d917a4eff776d999148769266591579674d2c42de6557026893a1902834f11f"}
2026-10-03T19:19:20 218.091 INF [MC7DTD] 7DTD entity sent: {"authority":"7dtd","dimension":"7dtd:main","entity_id":"d8e7c437-fca2-4ccd-82e9-ad13fdaf1690","entity_type":"7dtd:player","lifecycle":{"event":"update"},"metadata":{},"origin":{"dimension":"7dtd:main","entity_id":"d8e7c437-fca2-4ccd-82e9-ad13fdaf1690","game":"7dtd","world_id":"td-0d917a4eff776d999148769266591579674d2c42de6557026893a1902834f11f"},"position":{"space":"7dtd","x":-273.5540771484375,"y":61.079998016357422,"z":448.81915283203125},"rotation":{"pitch":-3.125,"roll":0,"yaw":109.17742919921875},"sequence":241,"source":"7dtd","stream_id":"5cf26971-f748-4142-b4cd-04d762e18d59","type":"entity_state","version":2,"world_id":"td-0d917a4eff776d999148769266591579674d2c42de6557026893a1902834f11f"}
2026-10-03T19:19:21 218.592 INF [MC7DTD] 7DTD entity sent: {"authority":"7dtd","dimension":"7dtd:main","entity_id":"d8e7c437-fca2-4ccd-82e9-ad13fdaf1690","entity_type":"7dtd:player","lifecycle":{"event":"update"},"metadata":{},"origin":{"dimension":"7dtd:main","entity_id":"d8e7c437-fca2-4ccd-82e9-ad13fdaf1690","game":"7dtd","world_id":"td-0d917a4eff776d999148769266591579674d2c42de6557026893a1902834f11f"},"position":{"space":"7dtd","x":-273.5540771484375,"y":61.079998016357422,"z":448.81915283203125},"rotation":{"pitch":-3.125,"roll":0,"yaw":109.17742919921875},"sequence":242,"source":"7dtd","stream_id":"5cf26971-f748-4142-b4cd-04d762e18d59","type":"entity_state","version":2,"world_id":"td-0d917a4eff776d999148769266591579674d2c42de6557026893a1902834f11f"}
2026-10-03T19:19:21 219.095 INF [MC7DTD] 7DTD entity sent: {"authority":"7dtd","dimension":"7dtd:main","entity_id":"d8e7c437-fca2-4ccd-82e9-ad13fdaf1690","entity_type":"7dtd:player","lifecycle":{"event":"update"},"metadata":{},"origin":{"dimension":"7dtd:main","entity_id":"d8e7c437-fca2-4ccd-82e9-ad13fdaf1690","game":"7dtd","world_id":"td-0d917a4eff776d999148769266591579674d2c42de6557026893a1902834f11f"},"position":{"space":"7dtd","x":-273.5540771484375,"y":61.079998016357422,"z":448.81915283203125},"rotation":{"pitch":-3.125,"roll":0,"yaw":109.17742919921875},"sequence":243,"source":"7dtd","stream_id":"5cf26971-f748-4142-b4cd-04d762e18d59","type":"entity_state","version":2,"world_id":"td-0d917a4eff776d999148769266591579674d2c42de6557026893a1902834f11f"}
2026-10-03T19:19:22 219.597 INF [MC7DTD] 7DTD entity sent: {"authority":"7dtd","dimension":"7dtd:main","entity_id":"d8e7c437-fca2-4ccd-82e9-ad13fdaf1690","entity_type":"7dtd:player","lifecycle":{"event":"update"},"metadata":{},"origin":{"dimension":"7dtd:main","entity_id":"d8e7c437-fca2-4ccd-82e9-ad13fdaf1690","game":"7dtd","world_id":"td-0d917a4eff776d999148769266591579674d2c42de6557026893a1902834f11f"},"position":{"space":"7dtd","x":-273.5540771484375,"y":61.079998016357422,"z":448.81915283203125},"rotation":{"pitch":-3.125,"roll":0,"yaw":109.17742919921875},"sequence":244,"source":"7dtd","stream_id":"5cf26971-f748-4142-b4cd-04d762e18d59","type":"entity_state","version":2,"world_id":"td-0d917a4eff776d999148769266591579674d2c42de6557026893a1902834f11f"}
2026-10-03T19:19:22 220.098 INF [MC7DTD] 7DTD entity sent: {"authority":"7dtd","dimension":"7dtd:main","entity_id":"d8e7c437-fca2-4ccd-82e9-ad13fdaf1690","entity_type":"7dtd:player","lifecycle":{"event":"update"},"metadata":{},"origin":{"dimension":"7dtd:main","entity_id":"d8e7c437-fca2-4ccd-82e9-ad13fdaf1690","game":"7dtd","world_id":"td-0d917a4eff776d999148769266591579674d2c42de6557026893a1902834f11f"},"position":{"space":"7dtd","x":-273.5540771484375,"y":61.079998016357422,"z":448.81915283203125},"rotation":{"pitch":-3.125,"roll":0,"yaw":109.17742919921875},"sequence":245,"source":"7dtd","stream_id":"5cf26971-f748-4142-b4cd-04d762e18d59","type":"entity_state","version":2,"world_id":"td-0d917a4eff776d999148769266591579674d2c42de6557026893a1902834f11f"}
2026-10-03T19:19:23 220.601 INF [MC7DTD] 7DTD entity sent: {"authority":"7dtd","dimension":"7dtd:main","entity_id":"d8e7c437-fca2-4ccd-82e9-ad13fdaf1690","entity_type":"7dtd:player","lifecycle":{"event":"update"},"metadata":{},"origin":{"dimension":"7dtd:main","entity_id":"d8e7c437-fca2-4ccd-82e9-ad13fdaf1690","game":"7dtd","world_id":"td-0d917a4eff776d999148769266591579674d2c42de6557026893a1902834f11f"},"position":{"space":"7dtd","x":-273.5540771484375,"y":61.079998016357422,"z":448.81915283203125},"rotation":{"pitch":-3.125,"roll":0,"yaw":109.17742919921875},"sequence":246,"source":"7dtd","stream_id":"5cf26971-f748-4142-b4cd-04d762e18d59","type":"entity_state","version":2,"world_id":"td-0d917a4eff776d999148769266591579674d2c42de6557026893a1902834f11f"}
2026-10-03T19:19:23 221.102 INF [MC7DTD] 7DTD entity sent: {"authority":"7dtd","dimension":"7dtd:main","entity_id":"d8e7c437-fca2-4ccd-82e9-ad13fdaf1690","entity_type":"7dtd:player","lifecycle":{"event":"update"},"metadata":{},"origin":{"dimension":"7dtd:main","entity_id":"d8e7c437-fca2-4ccd-82e9-ad13fdaf1690","game":"7dtd","world_id":"td-0d917a4eff776d999148769266591579674d2c42de6557026893a1902834f11f"},"position":{"space":"7dtd","x":-273.5540771484375,"y":61.079998016357422,"z":448.81915283203125},"rotation":{"pitch":-3.125,"roll":0,"yaw":109.17742919921875},"sequence":247,"source":"7dtd","stream_id":"5cf26971-f748-4142-b4cd-04d762e18d59","type":"entity_state","version":2,"world_id":"td-0d917a4eff776d999148769266591579674d2c42de6557026893a1902834f11f"}
2026-10-03T19:19:24 221.604 INF [MC7DTD] 7DTD entity sent: {"authority":"7dtd","dimension":"7dtd:main","entity_id":"d8e7c437-fca2-4ccd-82e9-ad13fdaf1690","entity_type":"7dtd:player","lifecycle":{"event":"update"},"metadata":{},"origin":{"dimension":"7dtd:main","entity_id":"d8e7c437-fca2-4ccd-82e9-ad13fdaf1690","game":"7dtd","world_id":"td-0d917a4eff776d999148769266591579674d2c42de6557026893a1902834f11f"},"position":{"space":"7dtd","x":-273.5540771484375,"y":61.079998016357422,"z":448.81915283203125},"rotation":{"pitch":-3.125,"roll":0,"yaw":109.17742919921875},"sequence":248,"source":"7dtd","stream_id":"5cf26971-f748-4142-b4cd-04d762e18d59","type":"entity_state","version":2,"world_id":"td-0d917a4eff776d999148769266591579674d2c42de6557026893a1902834f11f"}
2026-10-03T19:19:24 222.105 INF [MC7DTD] 7DTD entity sent: {"authority":"7dtd","dimension":"7dtd:main","entity_id":"d8e7c437-fca2-4ccd-82e9-ad13fdaf1690","entity_type":"7dtd:player","lifecycle":{"event":"update"},"metadata":{},"origin":{"dimension":"7dtd:main","entity_id":"d8e7c437-fca2-4ccd-82e9-ad13fdaf1690","game":"7dtd","world_id":"td-0d917a4eff776d999148769266591579674d2c42de6557026893a1902834f11f"},"position":{"space":"7dtd","x":-273.5540771484375,"y":61.079998016357422,"z":448.81915283203125},"rotation":{"pitch":-3.125,"roll":0,"yaw":109.17742919921875},"sequence":249,"source":"7dtd","stream_id":"5cf26971-f748-4142-b4cd-04d762e18d59","type":"entity_state","version":2,"world_id":"td-0d917a4eff776d999148769266591579674d2c42de6557026893a1902834f11f"}
2026-10-03T19:19:25 222.608 INF [MC7DTD] 7DTD entity sent: {"authority":"7dtd","dimension":"7dtd:main","entity_id":"d8e7c437-fca2-4ccd-82e9-ad13fdaf1690","entity_type":"7dtd:player","lifecycle":{"event":"update"},"metadata":{},"origin":{"dimension":"7dtd:main","entity_id":"d8e7c437-fca2-4ccd-82e9-ad13fdaf1690","game":"7dtd","world_id":"td-0d917a4eff776d999148769266591579674d2c42de6557026893a1902834f11f"},"position":{"space":"7dtd","x":-273.5540771484375,"y":61.079998016357422,"z":448.81915283203125},"rotation":{"pitch":-3.125,"roll":0,"yaw":109.17742919921875},"sequence":250,"source":"7dtd","stream_id":"5cf26971-f748-4142-b4cd-04d762e18d59","type":"entity_state","version":2,"world_id":"td-0d917a4eff776d999148769266591579674d2c42de6557026893a1902834f11f"}
2026-10-03T19:19:25 223.110 INF [MC7DTD] 7DTD entity sent: {"authority":"7dtd","dimension":"7dtd:main","entity_id":"d8e7c437-fca2-4ccd-82e9-ad13fdaf1690","entity_type":"7dtd:player","lifecycle":{"event":"update"},"metadata":{},"origin":{"dimension":"7dtd:main","entity_id":"d8e7c437-fca2-4ccd-82e9-ad13fdaf1690","game":"7dtd","world_id":"td-0d917a4eff776d999148769266591579674d2c42de6557026893a1902834f11f"},"position":{"space":"7dtd","x":-273.5540771484375,"y":61.079998016357422,"z":448.81915283203125},"rotation":{"pitch":-3.125,"roll":0,"yaw":109.17742919921875},"sequence":251,"source":"7dtd","stream_id":"5cf26971-f748-4142-b4cd-04d762e18d59","type":"entity_state","version":2,"world_id":"td-0d917a4eff776d999148769266591579674d2c42de6557026893a1902834f11f"}
2026-10-03T19:19:26 223.612 INF [MC7DTD] 7DTD entity sent: {"authority":"7dtd","dimension":"7dtd:main","entity_id":"d8e7c437-fca2-4ccd-82e9-ad13fdaf1690","entity_type":"7dtd:player","lifecycle":{"event":"update"},"metadata":{},"origin":{"dimension":"7dtd:main","entity_id":"d8e7c437-fca2-4ccd-82e9-ad13fdaf1690","game":"7dtd","world_id":"td-0d917a4eff776d999148769266591579674d2c42de6557026893a1902834f11f"},"position":{"space":"7dtd","x":-273.5540771484375,"y":61.079998016357422,"z":448.81915283203125},"rotation":{"pitch":-3.125,"roll":0,"yaw":109.17742919921875},"sequence":252,"source":"7dtd","stream_id":"5cf26971-f748-4142-b4cd-04d762e18d59","type":"entity_state","version":2,"world_id":"td-0d917a4eff776d999148769266591579674d2c42de6557026893a1902834f11f"}
2026-10-03T19:19:26 224.113 INF [MC7DTD] 7DTD entity sent: {"authority":"7dtd","dimension":"7dtd:main","entity_id":"d8e7c437-fca2-4ccd-82e9-ad13fdaf1690","entity_type":"7dtd:player","lifecycle":{"event":"update"},"metadata":{},"origin":{"dimension":"7dtd:main","entity_id":"d8e7c437-fca2-4ccd-82e9-ad13fdaf1690","game":"7dtd","world_id":"td-0d917a4eff776d999148769266591579674d2c42de6557026893a1902834f11f"},"position":{"space":"7dtd","x":-273.5540771484375,"y":61.079998016357422,"z":448.81915283203125},"rotation":{"pitch":-3.125,"roll":0,"yaw":109.17742919921875},"sequence":253,"source":"7dtd","stream_id":"5cf26971-f748-4142-b4cd-04d762e18d59","type":"entity_state","version":2,"world_id":"td-0d917a4eff776d999148769266591579674d2c42de6557026893a1902834f11f"}
2026-10-03T19:19:27 224.614 INF [MC7DTD] 7DTD entity sent: {"authority":"7dtd","dimension":"7dtd:main","entity_id":"d8e7c437-fca2-4ccd-82e9-ad13fdaf1690","entity_type":"7dtd:player","lifecycle":{"event":"update"},"metadata":{},"origin":{"dimension":"7dtd:main","entity_id":"d8e7c437-fca2-4ccd-82e9-ad13fdaf1690","game":"7dtd","world_id":"td-0d917a4eff776d999148769266591579674d2c42de6557026893a1902834f11f"},"position":{"space":"7dtd","x":-273.5540771484375,"y":61.079998016357422,"z":448.81915283203125},"rotation":{"pitch":-3.125,"roll":0,"yaw":109.17742919921875},"sequence":254,"source":"7dtd","stream_id":"5cf26971-f748-4142-b4cd-04d762e18d59","type":"entity_state","version":2,"world_id":"td-0d917a4eff776d999148769266591579674d2c42de6557026893a1902834f11f"}
2026-10-03T19:19:27 225.118 INF [MC7DTD] 7DTD entity sent: {"authority":"7dtd","dimension":"7dtd:main","entity_id":"d8e7c437-fca2-4ccd-82e9-ad13fdaf1690","entity_type":"7dtd:player","lifecycle":{"event":"update"},"metadata":{},"origin":{"dimension":"7dtd:main","entity_id":"d8e7c437-fca2-4ccd-82e9-ad13fdaf1690","game":"7dtd","world_id":"td-0d917a4eff776d999148769266591579674d2c42de6557026893a1902834f11f"},"position":{"space":"7dtd","x":-273.5540771484375,"y":61.079998016357422,"z":448.81915283203125},"rotation":{"pitch":-3.125,"roll":0,"yaw":109.17742919921875},"sequence":255,"source":"7dtd","stream_id":"5cf26971-f748-4142-b4cd-04d762e18d59","type":"entity_state","version":2,"world_id":"td-0d917a4eff776d999148769266591579674d2c42de6557026893a1902834f11f"}
2026-10-03T19:19:28 225.619 INF [MC7DTD] 7DTD entity sent: {"authority":"7dtd","dimension":"7dtd:main","entity_id":"d8e7c437-fca2-4ccd-82e9-ad13fdaf1690","entity_type":"7dtd:player","lifecycle":{"event":"update"},"metadata":{},"origin":{"dimension":"7dtd:main","entity_id":"d8e7c437-fca2-4ccd-82e9-ad13fdaf1690","game":"7dtd","world_id":"td-0d917a4eff776d999148769266591579674d2c42de6557026893a1902834f11f"},"position":{"space":"7dtd","x":-273.5540771484375,"y":61.079998016357422,"z":448.81915283203125},"rotation":{"pitch":-3.125,"roll":0,"yaw":109.17742919921875},"sequence":256,"source":"7dtd","stream_id":"5cf26971-f748-4142-b4cd-04d762e18d59","type":"entity_state","version":2,"world_id":"td-0d917a4eff776d999148769266591579674d2c42de6557026893a1902834f11f"}
2026-10-03T19:19:28 226.122 INF [MC7DTD] 7DTD entity sent: {"authority":"7dtd","dimension":"7dtd:main","entity_id":"d8e7c437-fca2-4ccd-82e9-ad13fdaf1690","entity_type":"7dtd:player","lifecycle":{"event":"update"},"metadata":{},"origin":{"dimension":"7dtd:main","entity_id":"d8e7c437-fca2-4ccd-82e9-ad13fdaf1690","game":"7dtd","world_id":"td-0d917a4eff776d999148769266591579674d2c42de6557026893a1902834f11f"},"position":{"space":"7dtd","x":-273.5540771484375,"y":61.079998016357422,"z":448.81915283203125},"rotation":{"pitch":-3.125,"roll":0,"yaw":109.17742919921875},"sequence":257,"source":"7dtd","stream_id":"5cf26971-f748-4142-b4cd-04d762e18d59","type":"entity_state","version":2,"world_id":"td-0d917a4eff776d999148769266591579674d2c42de6557026893a1902834f11f"}
2026-10-03T19:19:29 226.623 INF [MC7DTD] 7DTD entity sent: {"authority":"7dtd","dimension":"7dtd:main","entity_id":"d8e7c437-fca2-4ccd-82e9-ad13fdaf1690","entity_type":"7dtd:player","lifecycle":{"event":"update"},"metadata":{},"origin":{"dimension":"7dtd:main","entity_id":"d8e7c437-fca2-4ccd-82e9-ad13fdaf1690","game":"7dtd","world_id":"td-0d917a4eff776d999148769266591579674d2c42de6557026893a1902834f11f"},"position":{"space":"7dtd","x":-273.5540771484375,"y":61.079998016357422,"z":448.81915283203125},"rotation":{"pitch":-3.125,"roll":0,"yaw":109.17742919921875},"sequence":258,"source":"7dtd","stream_id":"5cf26971-f748-4142-b4cd-04d762e18d59","type":"entity_state","version":2,"world_id":"td-0d917a4eff776d999148769266591579674d2c42de6557026893a1902834f11f"}
2026-10-03T19:19:29 227.125 INF [MC7DTD] 7DTD entity sent: {"authority":"7dtd","dimension":"7dtd:main","entity_id":"d8e7c437-fca2-4ccd-82e9-ad13fdaf1690","entity_type":"7dtd:player","lifecycle":{"event":"update"},"metadata":{},"origin":{"dimension":"7dtd:main","entity_id":"d8e7c437-fca2-4ccd-82e9-ad13fdaf1690","game":"7dtd","world_id":"td-0d917a4eff776d999148769266591579674d2c42de6557026893a1902834f11f"},"position":{"space":"7dtd","x":-273.5540771484375,"y":61.079998016357422,"z":448.81915283203125},"rotation":{"pitch":-3.125,"roll":0,"yaw":109.17742919921875},"sequence":259,"source":"7dtd","stream_id":"5cf26971-f748-4142-b4cd-04d762e18d59","type":"entity_state","version":2,"world_id":"td-0d917a4eff776d999148769266591579674d2c42de6557026893a1902834f11f"}
2026-10-03T19:19:30 227.627 INF [MC7DTD] 7DTD entity sent: {"authority":"7dtd","dimension":"7dtd:main","entity_id":"d8e7c437-fca2-4ccd-82e9-ad13fdaf1690","entity_type":"7dtd:player","lifecycle":{"event":"update"},"metadata":{},"origin":{"dimension":"7dtd:main","entity_id":"d8e7c437-fca2-4ccd-82e9-ad13fdaf1690","game":"7dtd","world_id":"td-0d917a4eff776d999148769266591579674d2c42de6557026893a1902834f11f"},"position":{"space":"7dtd","x":-273.5540771484375,"y":61.079998016357422,"z":448.81915283203125},"rotation":{"pitch":-3.125,"roll":0,"yaw":109.17742919921875},"sequence":260,"source":"7dtd","stream_id":"5cf26971-f748-4142-b4cd-04d762e18d59","type":"entity_state","version":2,"world_id":"td-0d917a4eff776d999148769266591579674d2c42de6557026893a1902834f11f"}
2026-10-03T19:19:30 228.128 INF [MC7DTD] 7DTD entity sent: {"authority":"7dtd","dimension":"7dtd:main","entity_id":"d8e7c437-fca2-4ccd-82e9-ad13fdaf1690","entity_type":"7dtd:player","lifecycle":{"event":"update"},"metadata":{},"origin":{"dimension":"7dtd:main","entity_id":"d8e7c437-fca2-4ccd-82e9-ad13fdaf1690","game":"7dtd","world_id":"td-0d917a4eff776d999148769266591579674d2c42de6557026893a1902834f11f"},"position":{"space":"7dtd","x":-273.5540771484375,"y":61.079998016357422,"z":448.81915283203125},"rotation":{"pitch":-3.125,"roll":0,"yaw":109.17742919921875},"sequence":261,"source":"7dtd","stream_id":"5cf26971-f748-4142-b4cd-04d762e18d59","type":"entity_state","version":2,"world_id":"td-0d917a4eff776d999148769266591579674d2c42de6557026893a1902834f11f"}
2026-10-03T19:19:31 228.630 INF [MC7DTD] 7DTD entity sent: {"authority":"7dtd","dimension":"7dtd:main","entity_id":"d8e7c437-fca2-4ccd-82e9-ad13fdaf1690","entity_type":"7dtd:player","lifecycle":{"event":"update"},"metadata":{},"origin":{"dimension":"7dtd:main","entity_id":"d8e7c437-fca2-4ccd-82e9-ad13fdaf1690","game":"7dtd","world_id":"td-0d917a4eff776d999148769266591579674d2c42de6557026893a1902834f11f"},"position":{"space":"7dtd","x":-273.5540771484375,"y":61.079998016357422,"z":448.81915283203125},"rotation":{"pitch":-3.125,"roll":0,"yaw":109.17742919921875},"sequence":262,"source":"7dtd","stream_id":"5cf26971-f748-4142-b4cd-04d762e18d59","type":"entity_state","version":2,"world_id":"td-0d917a4eff776d999148769266591579674d2c42de6557026893a1902834f11f"}
2026-10-03T19:19:31 229.132 INF [MC7DTD] 7DTD entity sent: {"authority":"7dtd","dimension":"7dtd:main","entity_id":"d8e7c437-fca2-4ccd-82e9-ad13fdaf1690","entity_type":"7dtd:player","lifecycle":{"event":"update"},"metadata":{},"origin":{"dimension":"7dtd:main","entity_id":"d8e7c437-fca2-4ccd-82e9-ad13fdaf1690","game":"7dtd","world_id":"td-0d917a4eff776d999148769266591579674d2c42de6557026893a1902834f11f"},"position":{"space":"7dtd","x":-273.5540771484375,"y":61.079998016357422,"z":448.81915283203125},"rotation":{"pitch":-3.125,"roll":0,"yaw":109.17742919921875},"sequence":263,"source":"7dtd","stream_id":"5cf26971-f748-4142-b4cd-04d762e18d59","type":"entity_state","version":2,"world_id":"td-0d917a4eff776d999148769266591579674d2c42de6557026893a1902834f11f"}
2026-10-03T19:19:32 229.634 INF [MC7DTD] 7DTD entity sent: {"authority":"7dtd","dimension":"7dtd:main","entity_id":"d8e7c437-fca2-4ccd-82e9-ad13fdaf1690","entity_type":"7dtd:player","lifecycle":{"event":"update"},"metadata":{},"origin":{"dimension":"7dtd:main","entity_id":"d8e7c437-fca2-4ccd-82e9-ad13fdaf1690","game":"7dtd","world_id":"td-0d917a4eff776d999148769266591579674d2c42de6557026893a1902834f11f"},"position":{"space":"7dtd","x":-273.5540771484375,"y":61.079998016357422,"z":448.81915283203125},"rotation":{"pitch":-3.125,"roll":0,"yaw":109.17742919921875},"sequence":264,"source":"7dtd","stream_id":"5cf26971-f748-4142-b4cd-04d762e18d59","type":"entity_state","version":2,"world_id":"td-0d917a4eff776d999148769266591579674d2c42de6557026893a1902834f11f"}
2026-10-03T19:19:32 230.136 INF [MC7DTD] 7DTD entity sent: {"authority":"7dtd","dimension":"7dtd:main","entity_id":"d8e7c437-fca2-4ccd-82e9-ad13fdaf1690","entity_type":"7dtd:player","lifecycle":{"event":"update"},"metadata":{},"origin":{"dimension":"7dtd:main","entity_id":"d8e7c437-fca2-4ccd-82e9-ad13fdaf1690","game":"7dtd","world_id":"td-0d917a4eff776d999148769266591579674d2c42de6557026893a1902834f11f"},"position":{"space":"7dtd","x":-273.5540771484375,"y":61.079998016357422,"z":448.81915283203125},"rotation":{"pitch":-3.125,"roll":0,"yaw":109.17742919921875},"sequence":265,"source":"7dtd","stream_id":"5cf26971-f748-4142-b4cd-04d762e18d59","type":"entity_state","version":2,"world_id":"td-0d917a4eff776d999148769266591579674d2c42de6557026893a1902834f11f"}
2026-10-03T19:19:33 230.639 INF [MC7DTD] 7DTD entity sent: {"authority":"7dtd","dimension":"7dtd:main","entity_id":"d8e7c437-fca2-4ccd-82e9-ad13fdaf1690","entity_type":"7dtd:player","lifecycle":{"event":"update"},"metadata":{},"origin":{"dimension":"7dtd:main","entity_id":"d8e7c437-fca2-4ccd-82e9-ad13fdaf1690","game":"7dtd","world_id":"td-0d917a4eff776d999148769266591579674d2c42de6557026893a1902834f11f"},"position":{"space":"7dtd","x":-273.5540771484375,"y":61.079998016357422,"z":448.81915283203125},"rotation":{"pitch":-3.125,"roll":0,"yaw":109.17742919921875},"sequence":266,"source":"7dtd","stream_id":"5cf26971-f748-4142-b4cd-04d762e18d59","type":"entity_state","version":2,"world_id":"td-0d917a4eff776d999148769266591579674d2c42de6557026893a1902834f11f"}
2026-10-03T19:19:33 231.140 INF [MC7DTD] 7DTD entity sent: {"authority":"7dtd","dimension":"7dtd:main","entity_id":"d8e7c437-fca2-4ccd-82e9-ad13fdaf1690","entity_type":"7dtd:player","lifecycle":{"event":"update"},"metadata":{},"origin":{"dimension":"7dtd:main","entity_id":"d8e7c437-fca2-4ccd-82e9-ad13fdaf1690","game":"7dtd","world_id":"td-0d917a4eff776d999148769266591579674d2c42de6557026893a1902834f11f"},"position":{"space":"7dtd","x":-273.5540771484375,"y":61.079998016357422,"z":448.81915283203125},"rotation":{"pitch":-3.125,"roll":0,"yaw":109.17742919921875},"sequence":267,"source":"7dtd","stream_id":"5cf26971-f748-4142-b4cd-04d762e18d59","type":"entity_state","version":2,"world_id":"td-0d917a4eff776d999148769266591579674d2c42de6557026893a1902834f11f"}
2026-10-03T19:19:34 231.641 INF [MC7DTD] 7DTD entity sent: {"authority":"7dtd","dimension":"7dtd:main","entity_id":"d8e7c437-fca2-4ccd-82e9-ad13fdaf1690","entity_type":"7dtd:player","lifecycle":{"event":"update"},"metadata":{},"origin":{"dimension":"7dtd:main","entity_id":"d8e7c437-fca2-4ccd-82e9-ad13fdaf1690","game":"7dtd","world_id":"td-0d917a4eff776d999148769266591579674d2c42de6557026893a1902834f11f"},"position":{"space":"7dtd","x":-273.5540771484375,"y":61.079998016357422,"z":448.81915283203125},"rotation":{"pitch":-3.125,"roll":0,"yaw":109.17742919921875},"sequence":268,"source":"7dtd","stream_id":"5cf26971-f748-4142-b4cd-04d762e18d59","type":"entity_state","version":2,"world_id":"td-0d917a4eff776d999148769266591579674d2c42de6557026893a1902834f11f"}
2026-10-03T19:19:34 232.143 INF [MC7DTD] 7DTD entity sent: {"authority":"7dtd","dimension":"7dtd:main","entity_id":"d8e7c437-fca2-4ccd-82e9-ad13fdaf1690","entity_type":"7dtd:player","lifecycle":{"event":"update"},"metadata":{},"origin":{"dimension":"7dtd:main","entity_id":"d8e7c437-fca2-4ccd-82e9-ad13fdaf1690","game":"7dtd","world_id":"td-0d917a4eff776d999148769266591579674d2c42de6557026893a1902834f11f"},"position":{"space":"7dtd","x":-273.5540771484375,"y":61.079998016357422,"z":448.81915283203125},"rotation":{"pitch":-3.125,"roll":0,"yaw":109.17742919921875},"sequence":269,"source":"7dtd","stream_id":"5cf26971-f748-4142-b4cd-04d762e18d59","type":"entity_state","version":2,"world_id":"td-0d917a4eff776d999148769266591579674d2c42de6557026893a1902834f11f"}
2026-10-03T19:19:35 232.646 INF [MC7DTD] 7DTD entity sent: {"authority":"7dtd","dimension":"7dtd:main","entity_id":"d8e7c437-fca2-4ccd-82e9-ad13fdaf1690","entity_type":"7dtd:player","lifecycle":{"event":"update"},"metadata":{},"origin":{"dimension":"7dtd:main","entity_id":"d8e7c437-fca2-4ccd-82e9-ad13fdaf1690","game":"7dtd","world_id":"td-0d917a4eff776d999148769266591579674d2c42de6557026893a1902834f11f"},"position":{"space":"7dtd","x":-273.5540771484375,"y":61.079998016357422,"z":448.81915283203125},"rotation":{"pitch":-3.125,"roll":0,"yaw":109.17742919921875},"sequence":270,"source":"7dtd","stream_id":"5cf26971-f748-4142-b4cd-04d762e18d59","type":"entity_state","version":2,"world_id":"td-0d917a4eff776d999148769266591579674d2c42de6557026893a1902834f11f"}
2026-10-03T19:19:35 233.147 INF [MC7DTD] 7DTD entity sent: {"authority":"7dtd","dimension":"7dtd:main","entity_id":"d8e7c437-fca2-4ccd-82e9-ad13fdaf1690","entity_type":"7dtd:player","lifecycle":{"event":"update"},"metadata":{},"origin":{"dimension":"7dtd:main","entity_id":"d8e7c437-fca2-4ccd-82e9-ad13fdaf1690","game":"7dtd","world_id":"td-0d917a4eff776d999148769266591579674d2c42de6557026893a1902834f11f"},"position":{"space":"7dtd","x":-273.5540771484375,"y":61.079998016357422,"z":448.81915283203125},"rotation":{"pitch":-3.125,"roll":0,"yaw":109.17742919921875},"sequence":271,"source":"7dtd","stream_id":"5cf26971-f748-4142-b4cd-04d762e18d59","type":"entity_state","version":2,"world_id":"td-0d917a4eff776d999148769266591579674d2c42de6557026893a1902834f11f"}
2026-10-03T19:19:36 233.649 INF [MC7DTD] 7DTD entity sent: {"authority":"7dtd","dimension":"7dtd:main","entity_id":"d8e7c437-fca2-4ccd-82e9-ad13fdaf1690","entity_type":"7dtd:player","lifecycle":{"event":"update"},"metadata":{},"origin":{"dimension":"7dtd:main","entity_id":"d8e7c437-fca2-4ccd-82e9-ad13fdaf1690","game":"7dtd","world_id":"td-0d917a4eff776d999148769266591579674d2c42de6557026893a1902834f11f"},"position":{"space":"7dtd","x":-273.5540771484375,"y":61.079998016357422,"z":448.81915283203125},"rotation":{"pitch":-3.125,"roll":0,"yaw":109.17742919921875},"sequence":272,"source":"7dtd","stream_id":"5cf26971-f748-4142-b4cd-04d762e18d59","type":"entity_state","version":2,"world_id":"td-0d917a4eff776d999148769266591579674d2c42de6557026893a1902834f11f"}
2026-10-03T19:19:36 234.151 INF [MC7DTD] 7DTD entity sent: {"authority":"7dtd","dimension":"7dtd:main","entity_id":"d8e7c437-fca2-4ccd-82e9-ad13fdaf1690","entity_type":"7dtd:player","lifecycle":{"event":"update"},"metadata":{},"origin":{"dimension":"7dtd:main","entity_id":"d8e7c437-fca2-4ccd-82e9-ad13fdaf1690","game":"7dtd","world_id":"td-0d917a4eff776d999148769266591579674d2c42de6557026893a1902834f11f"},"position":{"space":"7dtd","x":-273.5540771484375,"y":61.079998016357422,"z":448.81915283203125},"rotation":{"pitch":-3.125,"roll":0,"yaw":109.17742919921875},"sequence":273,"source":"7dtd","stream_id":"5cf26971-f748-4142-b4cd-04d762e18d59","type":"entity_state","version":2,"world_id":"td-0d917a4eff776d999148769266591579674d2c42de6557026893a1902834f11f"}
2026-10-03T19:19:37 234.653 INF [MC7DTD] 7DTD entity sent: {"authority":"7dtd","dimension":"7dtd:main","entity_id":"d8e7c437-fca2-4ccd-82e9-ad13fdaf1690","entity_type":"7dtd:player","lifecycle":{"event":"update"},"metadata":{},"origin":{"dimension":"7dtd:main","entity_id":"d8e7c437-fca2-4ccd-82e9-ad13fdaf1690","game":"7dtd","world_id":"td-0d917a4eff776d999148769266591579674d2c42de6557026893a1902834f11f"},"position":{"space":"7dtd","x":-273.5540771484375,"y":61.079998016357422,"z":448.81915283203125},"rotation":{"pitch":-3.125,"roll":0,"yaw":109.17742919921875},"sequence":274,"source":"7dtd","stream_id":"5cf26971-f748-4142-b4cd-04d762e18d59","type":"entity_state","version":2,"world_id":"td-0d917a4eff776d999148769266591579674d2c42de6557026893a1902834f11f"}
2026-10-03T19:19:37 235.155 INF [MC7DTD] 7DTD entity sent: {"authority":"7dtd","dimension":"7dtd:main","entity_id":"d8e7c437-fca2-4ccd-82e9-ad13fdaf1690","entity_type":"7dtd:player","lifecycle":{"event":"update"},"metadata":{},"origin":{"dimension":"7dtd:main","entity_id":"d8e7c437-fca2-4ccd-82e9-ad13fdaf1690","game":"7dtd","world_id":"td-0d917a4eff776d999148769266591579674d2c42de6557026893a1902834f11f"},"position":{"space":"7dtd","x":-273.5540771484375,"y":61.079998016357422,"z":448.81915283203125},"rotation":{"pitch":-3.125,"roll":0,"yaw":109.17742919921875},"sequence":275,"source":"7dtd","stream_id":"5cf26971-f748-4142-b4cd-04d762e18d59","type":"entity_state","version":2,"world_id":"td-0d917a4eff776d999148769266591579674d2c42de6557026893a1902834f11f"}
2026-10-03T19:19:38 235.658 INF [MC7DTD] 7DTD entity sent: {"authority":"7dtd","dimension":"7dtd:main","entity_id":"d8e7c437-fca2-4ccd-82e9-ad13fdaf1690","entity_type":"7dtd:player","lifecycle":{"event":"update"},"metadata":{},"origin":{"dimension":"7dtd:main","entity_id":"d8e7c437-fca2-4ccd-82e9-ad13fdaf1690","game":"7dtd","world_id":"td-0d917a4eff776d999148769266591579674d2c42de6557026893a1902834f11f"},"position":{"space":"7dtd","x":-273.5540771484375,"y":61.079998016357422,"z":448.81915283203125},"rotation":{"pitch":-3.125,"roll":0,"yaw":109.17742919921875},"sequence":276,"source":"7dtd","stream_id":"5cf26971-f748-4142-b4cd-04d762e18d59","type":"entity_state","version":2,"world_id":"td-0d917a4eff776d999148769266591579674d2c42de6557026893a1902834f11f"}
2026-10-03T19:19:38 236.159 INF [MC7DTD] 7DTD entity sent: {"authority":"7dtd","dimension":"7dtd:main","entity_id":"d8e7c437-fca2-4ccd-82e9-ad13fdaf1690","entity_type":"7dtd:player","lifecycle":{"event":"update"},"metadata":{},"origin":{"dimension":"7dtd:main","entity_id":"d8e7c437-fca2-4ccd-82e9-ad13fdaf1690","game":"7dtd","world_id":"td-0d917a4eff776d999148769266591579674d2c42de6557026893a1902834f11f"},"position":{"space":"7dtd","x":-273.5540771484375,"y":61.079998016357422,"z":448.81915283203125},"rotation":{"pitch":-3.125,"roll":0,"yaw":109.17742919921875},"sequence":277,"source":"7dtd","stream_id":"5cf26971-f748-4142-b4cd-04d762e18d59","type":"entity_state","version":2,"world_id":"td-0d917a4eff776d999148769266591579674d2c42de6557026893a1902834f11f"}
2026-10-03T19:19:39 236.661 INF [MC7DTD] 7DTD entity sent: {"authority":"7dtd","dimension":"7dtd:main","entity_id":"d8e7c437-fca2-4ccd-82e9-ad13fdaf1690","entity_type":"7dtd:player","lifecycle":{"event":"update"},"metadata":{},"origin":{"dimension":"7dtd:main","entity_id":"d8e7c437-fca2-4ccd-82e9-ad13fdaf1690","game":"7dtd","world_id":"td-0d917a4eff776d999148769266591579674d2c42de6557026893a1902834f11f"},"position":{"space":"7dtd","x":-273.5540771484375,"y":61.079998016357422,"z":448.81915283203125},"rotation":{"pitch":-3.125,"roll":0,"yaw":109.17742919921875},"sequence":278,"source":"7dtd","stream_id":"5cf26971-f748-4142-b4cd-04d762e18d59","type":"entity_state","version":2,"world_id":"td-0d917a4eff776d999148769266591579674d2c42de6557026893a1902834f11f"}
2026-10-03T19:19:39 237.163 INF [MC7DTD] 7DTD entity sent: {"authority":"7dtd","dimension":"7dtd:main","entity_id":"d8e7c437-fca2-4ccd-82e9-ad13fdaf1690","entity_type":"7dtd:player","lifecycle":{"event":"update"},"metadata":{},"origin":{"dimension":"7dtd:main","entity_id":"d8e7c437-fca2-4ccd-82e9-ad13fdaf1690","game":"7dtd","world_id":"td-0d917a4eff776d999148769266591579674d2c42de6557026893a1902834f11f"},"position":{"space":"7dtd","x":-273.5540771484375,"y":61.079998016357422,"z":448.81915283203125},"rotation":{"pitch":-3.125,"roll":0,"yaw":109.17742919921875},"sequence":279,"source":"7dtd","stream_id":"5cf26971-f748-4142-b4cd-04d762e18d59","type":"entity_state","version":2,"world_id":"td-0d917a4eff776d999148769266591579674d2c42de6557026893a1902834f11f"}
2026-10-03T19:19:40 237.666 INF [MC7DTD] 7DTD entity sent: {"authority":"7dtd","dimension":"7dtd:main","entity_id":"d8e7c437-fca2-4ccd-82e9-ad13fdaf1690","entity_type":"7dtd:player","lifecycle":{"event":"update"},"metadata":{},"origin":{"dimension":"7dtd:main","entity_id":"d8e7c437-fca2-4ccd-82e9-ad13fdaf1690","game":"7dtd","world_id":"td-0d917a4eff776d999148769266591579674d2c42de6557026893a1902834f11f"},"position":{"space":"7dtd","x":-273.5540771484375,"y":61.079998016357422,"z":448.81915283203125},"rotation":{"pitch":-3.125,"roll":0,"yaw":109.17742919921875},"sequence":280,"source":"7dtd","stream_id":"5cf26971-f748-4142-b4cd-04d762e18d59","type":"entity_state","version":2,"world_id":"td-0d917a4eff776d999148769266591579674d2c42de6557026893a1902834f11f"}
2026-10-03T19:19:40 238.167 INF [MC7DTD] 7DTD entity sent: {"authority":"7dtd","dimension":"7dtd:main","entity_id":"d8e7c437-fca2-4ccd-82e9-ad13fdaf1690","entity_type":"7dtd:player","lifecycle":{"event":"update"},"metadata":{},"origin":{"dimension":"7dtd:main","entity_id":"d8e7c437-fca2-4ccd-82e9-ad13fdaf1690","game":"7dtd","world_id":"td-0d917a4eff776d999148769266591579674d2c42de6557026893a1902834f11f"},"position":{"space":"7dtd","x":-273.5540771484375,"y":61.079998016357422,"z":448.81915283203125},"rotation":{"pitch":-3.125,"roll":0,"yaw":109.17742919921875},"sequence":281,"source":"7dtd","stream_id":"5cf26971-f748-4142-b4cd-04d762e18d59","type":"entity_state","version":2,"world_id":"td-0d917a4eff776d999148769266591579674d2c42de6557026893a1902834f11f"}
2026-10-03T19:19:41 238.668 INF [MC7DTD] 7DTD entity sent: {"authority":"7dtd","dimension":"7dtd:main","entity_id":"d8e7c437-fca2-4ccd-82e9-ad13fdaf1690","entity_type":"7dtd:player","lifecycle":{"event":"update"},"metadata":{},"origin":{"dimension":"7dtd:main","entity_id":"d8e7c437-fca2-4ccd-82e9-ad13fdaf1690","game":"7dtd","world_id":"td-0d917a4eff776d999148769266591579674d2c42de6557026893a1902834f11f"},"position":{"space":"7dtd","x":-273.5540771484375,"y":61.079998016357422,"z":448.81915283203125},"rotation":{"pitch":-3.125,"roll":0,"yaw":109.17742919921875},"sequence":282,"source":"7dtd","stream_id":"5cf26971-f748-4142-b4cd-04d762e18d59","type":"entity_state","version":2,"world_id":"td-0d917a4eff776d999148769266591579674d2c42de6557026893a1902834f11f"}
2026-10-03T19:19:41 239.171 INF [MC7DTD] 7DTD entity sent: {"authority":"7dtd","dimension":"7dtd:main","entity_id":"d8e7c437-fca2-4ccd-82e9-ad13fdaf1690","entity_type":"7dtd:player","lifecycle":{"event":"update"},"metadata":{},"origin":{"dimension":"7dtd:main","entity_id":"d8e7c437-fca2-4ccd-82e9-ad13fdaf1690","game":"7dtd","world_id":"td-0d917a4eff776d999148769266591579674d2c42de6557026893a1902834f11f"},"position":{"space":"7dtd","x":-273.5540771484375,"y":61.079998016357422,"z":448.81915283203125},"rotation":{"pitch":-3.125,"roll":0,"yaw":109.17742919921875},"sequence":283,"source":"7dtd","stream_id":"5cf26971-f748-4142-b4cd-04d762e18d59","type":"entity_state","version":2,"world_id":"td-0d917a4eff776d999148769266591579674d2c42de6557026893a1902834f11f"}
2026-10-03T19:19:42 239.674 INF [MC7DTD] 7DTD entity sent: {"authority":"7dtd","dimension":"7dtd:main","entity_id":"d8e7c437-fca2-4ccd-82e9-ad13fdaf1690","entity_type":"7dtd:player","lifecycle":{"event":"update"},"metadata":{},"origin":{"dimension":"7dtd:main","entity_id":"d8e7c437-fca2-4ccd-82e9-ad13fdaf1690","game":"7dtd","world_id":"td-0d917a4eff776d999148769266591579674d2c42de6557026893a1902834f11f"},"position":{"space":"7dtd","x":-273.5540771484375,"y":61.079998016357422,"z":448.81915283203125},"rotation":{"pitch":-3.125,"roll":0,"yaw":109.17742919921875},"sequence":284,"source":"7dtd","stream_id":"5cf26971-f748-4142-b4cd-04d762e18d59","type":"entity_state","version":2,"world_id":"td-0d917a4eff776d999148769266591579674d2c42de6557026893a1902834f11f"}
2026-10-03T19:19:42 240.176 INF [MC7DTD] 7DTD entity sent: {"authority":"7dtd","dimension":"7dtd:main","entity_id":"d8e7c437-fca2-4ccd-82e9-ad13fdaf1690","entity_type":"7dtd:player","lifecycle":{"event":"update"},"metadata":{},"origin":{"dimension":"7dtd:main","entity_id":"d8e7c437-fca2-4ccd-82e9-ad13fdaf1690","game":"7dtd","world_id":"td-0d917a4eff776d999148769266591579674d2c42de6557026893a1902834f11f"},"position":{"space":"7dtd","x":-273.5540771484375,"y":61.079998016357422,"z":448.81915283203125},"rotation":{"pitch":-3.125,"roll":0,"yaw":109.17742919921875},"sequence":285,"source":"7dtd","stream_id":"5cf26971-f748-4142-b4cd-04d762e18d59","type":"entity_state","version":2,"world_id":"td-0d917a4eff776d999148769266591579674d2c42de6557026893a1902834f11f"}
2026-10-03T19:19:43 240.678 INF [MC7DTD] 7DTD entity sent: {"authority":"7dtd","dimension":"7dtd:main","entity_id":"d8e7c437-fca2-4ccd-82e9-ad13fdaf1690","entity_type":"7dtd:player","lifecycle":{"event":"update"},"metadata":{},"origin":{"dimension":"7dtd:main","entity_id":"d8e7c437-fca2-4ccd-82e9-ad13fdaf1690","game":"7dtd","world_id":"td-0d917a4eff776d999148769266591579674d2c42de6557026893a1902834f11f"},"position":{"space":"7dtd","x":-273.5540771484375,"y":61.079998016357422,"z":448.81915283203125},"rotation":{"pitch":-3.125,"roll":0,"yaw":109.17742919921875},"sequence":286,"source":"7dtd","stream_id":"5cf26971-f748-4142-b4cd-04d762e18d59","type":"entity_state","version":2,"world_id":"td-0d917a4eff776d999148769266591579674d2c42de6557026893a1902834f11f"}
2026-10-03T19:19:43 241.180 INF [MC7DTD] 7DTD entity sent: {"authority":"7dtd","dimension":"7dtd:main","entity_id":"d8e7c437-fca2-4ccd-82e9-ad13fdaf1690","entity_type":"7dtd:player","lifecycle":{"event":"update"},"metadata":{},"origin":{"dimension":"7dtd:main","entity_id":"d8e7c437-fca2-4ccd-82e9-ad13fdaf1690","game":"7dtd","world_id":"td-0d917a4eff776d999148769266591579674d2c42de6557026893a1902834f11f"},"position":{"space":"7dtd","x":-273.5540771484375,"y":61.079998016357422,"z":448.81915283203125},"rotation":{"pitch":-3.125,"roll":0,"yaw":109.17742919921875},"sequence":287,"source":"7dtd","stream_id":"5cf26971-f748-4142-b4cd-04d762e18d59","type":"entity_state","version":2,"world_id":"td-0d917a4eff776d999148769266591579674d2c42de6557026893a1902834f11f"}
2026-10-03T19:19:44 241.682 INF [MC7DTD] 7DTD entity sent: {"authority":"7dtd","dimension":"7dtd:main","entity_id":"d8e7c437-fca2-4ccd-82e9-ad13fdaf1690","entity_type":"7dtd:player","lifecycle":{"event":"update"},"metadata":{},"origin":{"dimension":"7dtd:main","entity_id":"d8e7c437-fca2-4ccd-82e9-ad13fdaf1690","game":"7dtd","world_id":"td-0d917a4eff776d999148769266591579674d2c42de6557026893a1902834f11f"},"position":{"space":"7dtd","x":-273.5540771484375,"y":61.079998016357422,"z":448.81915283203125},"rotation":{"pitch":-3.125,"roll":0,"yaw":109.17742919921875},"sequence":288,"source":"7dtd","stream_id":"5cf26971-f748-4142-b4cd-04d762e18d59","type":"entity_state","version":2,"world_id":"td-0d917a4eff776d999148769266591579674d2c42de6557026893a1902834f11f"}
2026-10-03T19:19:44 242.183 INF [MC7DTD] 7DTD entity sent: {"authority":"7dtd","dimension":"7dtd:main","entity_id":"d8e7c437-fca2-4ccd-82e9-ad13fdaf1690","entity_type":"7dtd:player","lifecycle":{"event":"update"},"metadata":{},"origin":{"dimension":"7dtd:main","entity_id":"d8e7c437-fca2-4ccd-82e9-ad13fdaf1690","game":"7dtd","world_id":"td-0d917a4eff776d999148769266591579674d2c42de6557026893a1902834f11f"},"position":{"space":"7dtd","x":-273.5540771484375,"y":61.079998016357422,"z":448.81915283203125},"rotation":{"pitch":-3.125,"roll":0,"yaw":109.17742919921875},"sequence":289,"source":"7dtd","stream_id":"5cf26971-f748-4142-b4cd-04d762e18d59","type":"entity_state","version":2,"world_id":"td-0d917a4eff776d999148769266591579674d2c42de6557026893a1902834f11f"}
2026-10-03T19:19:45 242.685 INF [MC7DTD] 7DTD entity sent: {"authority":"7dtd","dimension":"7dtd:main","entity_id":"d8e7c437-fca2-4ccd-82e9-ad13fdaf1690","entity_type":"7dtd:player","lifecycle":{"event":"update"},"metadata":{},"origin":{"dimension":"7dtd:main","entity_id":"d8e7c437-fca2-4ccd-82e9-ad13fdaf1690","game":"7dtd","world_id":"td-0d917a4eff776d999148769266591579674d2c42de6557026893a1902834f11f"},"position":{"space":"7dtd","x":-273.5540771484375,"y":61.079998016357422,"z":448.81915283203125},"rotation":{"pitch":-3.125,"roll":0,"yaw":109.17742919921875},"sequence":290,"source":"7dtd","stream_id":"5cf26971-f748-4142-b4cd-04d762e18d59","type":"entity_state","version":2,"world_id":"td-0d917a4eff776d999148769266591579674d2c42de6557026893a1902834f11f"}
2026-10-03T19:19:45 243.187 INF [MC7DTD] 7DTD entity sent: {"authority":"7dtd","dimension":"7dtd:main","entity_id":"d8e7c437-fca2-4ccd-82e9-ad13fdaf1690","entity_type":"7dtd:player","lifecycle":{"event":"update"},"metadata":{},"origin":{"dimension":"7dtd:main","entity_id":"d8e7c437-fca2-4ccd-82e9-ad13fdaf1690","game":"7dtd","world_id":"td-0d917a4eff776d999148769266591579674d2c42de6557026893a1902834f11f"},"position":{"space":"7dtd","x":-273.5540771484375,"y":61.079998016357422,"z":448.81915283203125},"rotation":{"pitch":-3.125,"roll":0,"yaw":109.17742919921875},"sequence":291,"source":"7dtd","stream_id":"5cf26971-f748-4142-b4cd-04d762e18d59","type":"entity_state","version":2,"world_id":"td-0d917a4eff776d999148769266591579674d2c42de6557026893a1902834f11f"}
2026-10-03T19:19:46 243.688 INF [MC7DTD] 7DTD entity sent: {"authority":"7dtd","dimension":"7dtd:main","entity_id":"d8e7c437-fca2-4ccd-82e9-ad13fdaf1690","entity_type":"7dtd:player","lifecycle":{"event":"update"},"metadata":{},"origin":{"dimension":"7dtd:main","entity_id":"d8e7c437-fca2-4ccd-82e9-ad13fdaf1690","game":"7dtd","world_id":"td-0d917a4eff776d999148769266591579674d2c42de6557026893a1902834f11f"},"position":{"space":"7dtd","x":-273.5540771484375,"y":61.079998016357422,"z":448.81915283203125},"rotation":{"pitch":-3.125,"roll":0,"yaw":109.17742919921875},"sequence":292,"source":"7dtd","stream_id":"5cf26971-f748-4142-b4cd-04d762e18d59","type":"entity_state","version":2,"world_id":"td-0d917a4eff776d999148769266591579674d2c42de6557026893a1902834f11f"}
2026-10-03T19:19:46 244.191 INF [MC7DTD] 7DTD entity sent: {"authority":"7dtd","dimension":"7dtd:main","entity_id":"d8e7c437-fca2-4ccd-82e9-ad13fdaf1690","entity_type":"7dtd:player","lifecycle":{"event":"update"},"metadata":{},"origin":{"dimension":"7dtd:main","entity_id":"d8e7c437-fca2-4ccd-82e9-ad13fdaf1690","game":"7dtd","world_id":"td-0d917a4eff776d999148769266591579674d2c42de6557026893a1902834f11f"},"position":{"space":"7dtd","x":-273.5540771484375,"y":61.079998016357422,"z":448.81915283203125},"rotation":{"pitch":-3.125,"roll":0,"yaw":109.17742919921875},"sequence":293,"source":"7dtd","stream_id":"5cf26971-f748-4142-b4cd-04d762e18d59","type":"entity_state","version":2,"world_id":"td-0d917a4eff776d999148769266591579674d2c42de6557026893a1902834f11f"}
2026-10-03T19:19:47 244.693 INF [MC7DTD] 7DTD entity sent: {"authority":"7dtd","dimension":"7dtd:main","entity_id":"d8e7c437-fca2-4ccd-82e9-ad13fdaf1690","entity_type":"7dtd:player","lifecycle":{"event":"update"},"metadata":{},"origin":{"dimension":"7dtd:main","entity_id":"d8e7c437-fca2-4ccd-82e9-ad13fdaf1690","game":"7dtd","world_id":"td-0d917a4eff776d999148769266591579674d2c42de6557026893a1902834f11f"},"position":{"space":"7dtd","x":-273.5540771484375,"y":61.079998016357422,"z":448.81915283203125},"rotation":{"pitch":-3.125,"roll":0,"yaw":109.17742919921875},"sequence":294,"source":"7dtd","stream_id":"5cf26971-f748-4142-b4cd-04d762e18d59","type":"entity_state","version":2,"world_id":"td-0d917a4eff776d999148769266591579674d2c42de6557026893a1902834f11f"}
2026-10-03T19:19:48 245.194 INF [MC7DTD] 7DTD entity sent: {"authority":"7dtd","dimension":"7dtd:main","entity_id":"d8e7c437-fca2-4ccd-82e9-ad13fdaf1690","entity_type":"7dtd:player","lifecycle":{"event":"update"},"metadata":{},"origin":{"dimension":"7dtd:main","entity_id":"d8e7c437-fca2-4ccd-82e9-ad13fdaf1690","game":"7dtd","world_id":"td-0d917a4eff776d999148769266591579674d2c42de6557026893a1902834f11f"},"position":{"space":"7dtd","x":-273.5540771484375,"y":61.079998016357422,"z":448.81915283203125},"rotation":{"pitch":-3.125,"roll":0,"yaw":109.17742919921875},"sequence":295,"source":"7dtd","stream_id":"5cf26971-f748-4142-b4cd-04d762e18d59","type":"entity_state","version":2,"world_id":"td-0d917a4eff776d999148769266591579674d2c42de6557026893a1902834f11f"}
2026-10-03T19:19:48 245.696 INF [MC7DTD] 7DTD entity sent: {"authority":"7dtd","dimension":"7dtd:main","entity_id":"d8e7c437-fca2-4ccd-82e9-ad13fdaf1690","entity_type":"7dtd:player","lifecycle":{"event":"update"},"metadata":{},"origin":{"dimension":"7dtd:main","entity_id":"d8e7c437-fca2-4ccd-82e9-ad13fdaf1690","game":"7dtd","world_id":"td-0d917a4eff776d999148769266591579674d2c42de6557026893a1902834f11f"},"position":{"space":"7dtd","x":-273.5540771484375,"y":61.079998016357422,"z":448.81915283203125},"rotation":{"pitch":-3.125,"roll":0,"yaw":109.17742919921875},"sequence":296,"source":"7dtd","stream_id":"5cf26971-f748-4142-b4cd-04d762e18d59","type":"entity_state","version":2,"world_id":"td-0d917a4eff776d999148769266591579674d2c42de6557026893a1902834f11f"}
2026-10-03T19:19:49 246.198 INF [MC7DTD] 7DTD entity sent: {"authority":"7dtd","dimension":"7dtd:main","entity_id":"d8e7c437-fca2-4ccd-82e9-ad13fdaf1690","entity_type":"7dtd:player","lifecycle":{"event":"update"},"metadata":{},"origin":{"dimension":"7dtd:main","entity_id":"d8e7c437-fca2-4ccd-82e9-ad13fdaf1690","game":"7dtd","world_id":"td-0d917a4eff776d999148769266591579674d2c42de6557026893a1902834f11f"},"position":{"space":"7dtd","x":-273.5540771484375,"y":61.079998016357422,"z":448.81915283203125},"rotation":{"pitch":-3.125,"roll":0,"yaw":109.17742919921875},"sequence":297,"source":"7dtd","stream_id":"5cf26971-f748-4142-b4cd-04d762e18d59","type":"entity_state","version":2,"world_id":"td-0d917a4eff776d999148769266591579674d2c42de6557026893a1902834f11f"}
2026-10-03T19:19:49 246.699 INF [MC7DTD] 7DTD entity sent: {"authority":"7dtd","dimension":"7dtd:main","entity_id":"d8e7c437-fca2-4ccd-82e9-ad13fdaf1690","entity_type":"7dtd:player","lifecycle":{"event":"update"},"metadata":{},"origin":{"dimension":"7dtd:main","entity_id":"d8e7c437-fca2-4ccd-82e9-ad13fdaf1690","game":"7dtd","world_id":"td-0d917a4eff776d999148769266591579674d2c42de6557026893a1902834f11f"},"position":{"space":"7dtd","x":-273.5540771484375,"y":61.079998016357422,"z":448.81915283203125},"rotation":{"pitch":-3.125,"roll":0,"yaw":109.17742919921875},"sequence":298,"source":"7dtd","stream_id":"5cf26971-f748-4142-b4cd-04d762e18d59","type":"entity_state","version":2,"world_id":"td-0d917a4eff776d999148769266591579674d2c42de6557026893a1902834f11f"}
2026-10-03T19:19:50 247.202 INF [MC7DTD] 7DTD entity sent: {"authority":"7dtd","dimension":"7dtd:main","entity_id":"d8e7c437-fca2-4ccd-82e9-ad13fdaf1690","entity_type":"7dtd:player","lifecycle":{"event":"update"},"metadata":{},"origin":{"dimension":"7dtd:main","entity_id":"d8e7c437-fca2-4ccd-82e9-ad13fdaf1690","game":"7dtd","world_id":"td-0d917a4eff776d999148769266591579674d2c42de6557026893a1902834f11f"},"position":{"space":"7dtd","x":-273.5540771484375,"y":61.079998016357422,"z":448.81915283203125},"rotation":{"pitch":-3.125,"roll":0,"yaw":109.17742919921875},"sequence":299,"source":"7dtd","stream_id":"5cf26971-f748-4142-b4cd-04d762e18d59","type":"entity_state","version":2,"world_id":"td-0d917a4eff776d999148769266591579674d2c42de6557026893a1902834f11f"}
2026-10-03T19:19:50 247.704 INF [MC7DTD] 7DTD entity sent: {"authority":"7dtd","dimension":"7dtd:main","entity_id":"d8e7c437-fca2-4ccd-82e9-ad13fdaf1690","entity_type":"7dtd:player","lifecycle":{"event":"update"},"metadata":{},"origin":{"dimension":"7dtd:main","entity_id":"d8e7c437-fca2-4ccd-82e9-ad13fdaf1690","game":"7dtd","world_id":"td-0d917a4eff776d999148769266591579674d2c42de6557026893a1902834f11f"},"position":{"space":"7dtd","x":-273.5540771484375,"y":61.079998016357422,"z":448.81915283203125},"rotation":{"pitch":-3.125,"roll":0,"yaw":109.17742919921875},"sequence":300,"source":"7dtd","stream_id":"5cf26971-f748-4142-b4cd-04d762e18d59","type":"entity_state","version":2,"world_id":"td-0d917a4eff776d999148769266591579674d2c42de6557026893a1902834f11f"}
2026-10-03T19:19:51 248.205 INF [MC7DTD] 7DTD entity sent: {"authority":"7dtd","dimension":"7dtd:main","entity_id":"d8e7c437-fca2-4ccd-82e9-ad13fdaf1690","entity_type":"7dtd:player","lifecycle":{"event":"update"},"metadata":{},"origin":{"dimension":"7dtd:main","entity_id":"d8e7c437-fca2-4ccd-82e9-ad13fdaf1690","game":"7dtd","world_id":"td-0d917a4eff776d999148769266591579674d2c42de6557026893a1902834f11f"},"position":{"space":"7dtd","x":-273.5540771484375,"y":61.079998016357422,"z":448.81915283203125},"rotation":{"pitch":-3.125,"roll":0,"yaw":109.17742919921875},"sequence":301,"source":"7dtd","stream_id":"5cf26971-f748-4142-b4cd-04d762e18d59","type":"entity_state","version":2,"world_id":"td-0d917a4eff776d999148769266591579674d2c42de6557026893a1902834f11f"}
2026-10-03T19:19:51 248.708 INF [MC7DTD] 7DTD entity sent: {"authority":"7dtd","dimension":"7dtd:main","entity_id":"d8e7c437-fca2-4ccd-82e9-ad13fdaf1690","entity_type":"7dtd:player","lifecycle":{"event":"update"},"metadata":{},"origin":{"dimension":"7dtd:main","entity_id":"d8e7c437-fca2-4ccd-82e9-ad13fdaf1690","game":"7dtd","world_id":"td-0d917a4eff776d999148769266591579674d2c42de6557026893a1902834f11f"},"position":{"space":"7dtd","x":-273.5540771484375,"y":61.079998016357422,"z":448.81915283203125},"rotation":{"pitch":-3.125,"roll":0,"yaw":109.17742919921875},"sequence":302,"source":"7dtd","stream_id":"5cf26971-f748-4142-b4cd-04d762e18d59","type":"entity_state","version":2,"world_id":"td-0d917a4eff776d999148769266591579674d2c42de6557026893a1902834f11f"}
2026-10-03T19:19:52 249.209 INF [MC7DTD] 7DTD entity sent: {"authority":"7dtd","dimension":"7dtd:main","entity_id":"d8e7c437-fca2-4ccd-82e9-ad13fdaf1690","entity_type":"7dtd:player","lifecycle":{"event":"update"},"metadata":{},"origin":{"dimension":"7dtd:main","entity_id":"d8e7c437-fca2-4ccd-82e9-ad13fdaf1690","game":"7dtd","world_id":"td-0d917a4eff776d999148769266591579674d2c42de6557026893a1902834f11f"},"position":{"space":"7dtd","x":-273.5540771484375,"y":61.079998016357422,"z":448.81915283203125},"rotation":{"pitch":-3.125,"roll":0,"yaw":109.17742919921875},"sequence":303,"source":"7dtd","stream_id":"5cf26971-f748-4142-b4cd-04d762e18d59","type":"entity_state","version":2,"world_id":"td-0d917a4eff776d999148769266591579674d2c42de6557026893a1902834f11f"}
2026-10-03T19:19:52 249.712 INF [MC7DTD] 7DTD entity sent: {"authority":"7dtd","dimension":"7dtd:main","entity_id":"d8e7c437-fca2-4ccd-82e9-ad13fdaf1690","entity_type":"7dtd:player","lifecycle":{"event":"update"},"metadata":{},"origin":{"dimension":"7dtd:main","entity_id":"d8e7c437-fca2-4ccd-82e9-ad13fdaf1690","game":"7dtd","world_id":"td-0d917a4eff776d999148769266591579674d2c42de6557026893a1902834f11f"},"position":{"space":"7dtd","x":-273.5540771484375,"y":61.079998016357422,"z":448.81915283203125},"rotation":{"pitch":-3.125,"roll":0,"yaw":109.17742919921875},"sequence":304,"source":"7dtd","stream_id":"5cf26971-f748-4142-b4cd-04d762e18d59","type":"entity_state","version":2,"world_id":"td-0d917a4eff776d999148769266591579674d2c42de6557026893a1902834f11f"}
2026-10-03T19:19:53 250.214 INF [MC7DTD] 7DTD entity sent: {"authority":"7dtd","dimension":"7dtd:main","entity_id":"d8e7c437-fca2-4ccd-82e9-ad13fdaf1690","entity_type":"7dtd:player","lifecycle":{"event":"update"},"metadata":{},"origin":{"dimension":"7dtd:main","entity_id":"d8e7c437-fca2-4ccd-82e9-ad13fdaf1690","game":"7dtd","world_id":"td-0d917a4eff776d999148769266591579674d2c42de6557026893a1902834f11f"},"position":{"space":"7dtd","x":-273.5540771484375,"y":61.079998016357422,"z":448.81915283203125},"rotation":{"pitch":-3.125,"roll":0,"yaw":109.17742919921875},"sequence":305,"source":"7dtd","stream_id":"5cf26971-f748-4142-b4cd-04d762e18d59","type":"entity_state","version":2,"world_id":"td-0d917a4eff776d999148769266591579674d2c42de6557026893a1902834f11f"}
2026-10-03T19:19:53 250.716 INF [MC7DTD] 7DTD entity sent: {"authority":"7dtd","dimension":"7dtd:main","entity_id":"d8e7c437-fca2-4ccd-82e9-ad13fdaf1690","entity_type":"7dtd:player","lifecycle":{"event":"update"},"metadata":{},"origin":{"dimension":"7dtd:main","entity_id":"d8e7c437-fca2-4ccd-82e9-ad13fdaf1690","game":"7dtd","world_id":"td-0d917a4eff776d999148769266591579674d2c42de6557026893a1902834f11f"},"position":{"space":"7dtd","x":-273.5540771484375,"y":61.079998016357422,"z":448.81915283203125},"rotation":{"pitch":-3.125,"roll":0,"yaw":109.17742919921875},"sequence":306,"source":"7dtd","stream_id":"5cf26971-f748-4142-b4cd-04d762e18d59","type":"entity_state","version":2,"world_id":"td-0d917a4eff776d999148769266591579674d2c42de6557026893a1902834f11f"}
2026-10-03T19:19:54 251.219 INF [MC7DTD] 7DTD entity sent: {"authority":"7dtd","dimension":"7dtd:main","entity_id":"d8e7c437-fca2-4ccd-82e9-ad13fdaf1690","entity_type":"7dtd:player","lifecycle":{"event":"update"},"metadata":{},"origin":{"dimension":"7dtd:main","entity_id":"d8e7c437-fca2-4ccd-82e9-ad13fdaf1690","game":"7dtd","world_id":"td-0d917a4eff776d999148769266591579674d2c42de6557026893a1902834f11f"},"position":{"space":"7dtd","x":-273.5540771484375,"y":61.079998016357422,"z":448.81915283203125},"rotation":{"pitch":-3.125,"roll":0,"yaw":109.17742919921875},"sequence":307,"source":"7dtd","stream_id":"5cf26971-f748-4142-b4cd-04d762e18d59","type":"entity_state","version":2,"world_id":"td-0d917a4eff776d999148769266591579674d2c42de6557026893a1902834f11f"}
2026-10-03T19:19:54 251.720 INF [MC7DTD] 7DTD entity sent: {"authority":"7dtd","dimension":"7dtd:main","entity_id":"d8e7c437-fca2-4ccd-82e9-ad13fdaf1690","entity_type":"7dtd:player","lifecycle":{"event":"update"},"metadata":{},"origin":{"dimension":"7dtd:main","entity_id":"d8e7c437-fca2-4ccd-82e9-ad13fdaf1690","game":"7dtd","world_id":"td-0d917a4eff776d999148769266591579674d2c42de6557026893a1902834f11f"},"position":{"space":"7dtd","x":-273.5540771484375,"y":61.079998016357422,"z":448.81915283203125},"rotation":{"pitch":-3.125,"roll":0,"yaw":109.17742919921875},"sequence":308,"source":"7dtd","stream_id":"5cf26971-f748-4142-b4cd-04d762e18d59","type":"entity_state","version":2,"world_id":"td-0d917a4eff776d999148769266591579674d2c42de6557026893a1902834f11f"}
2026-10-03T19:19:55 252.223 INF [MC7DTD] 7DTD entity sent: {"authority":"7dtd","dimension":"7dtd:main","entity_id":"d8e7c437-fca2-4ccd-82e9-ad13fdaf1690","entity_type":"7dtd:player","lifecycle":{"event":"update"},"metadata":{},"origin":{"dimension":"7dtd:main","entity_id":"d8e7c437-fca2-4ccd-82e9-ad13fdaf1690","game":"7dtd","world_id":"td-0d917a4eff776d999148769266591579674d2c42de6557026893a1902834f11f"},"position":{"space":"7dtd","x":-273.5540771484375,"y":61.079998016357422,"z":448.81915283203125},"rotation":{"pitch":-3.125,"roll":0,"yaw":109.17742919921875},"sequence":309,"source":"7dtd","stream_id":"5cf26971-f748-4142-b4cd-04d762e18d59","type":"entity_state","version":2,"world_id":"td-0d917a4eff776d999148769266591579674d2c42de6557026893a1902834f11f"}
2026-10-03T19:19:55 252.725 INF [MC7DTD] 7DTD entity sent: {"authority":"7dtd","dimension":"7dtd:main","entity_id":"d8e7c437-fca2-4ccd-82e9-ad13fdaf1690","entity_type":"7dtd:player","lifecycle":{"event":"update"},"metadata":{},"origin":{"dimension":"7dtd:main","entity_id":"d8e7c437-fca2-4ccd-82e9-ad13fdaf1690","game":"7dtd","world_id":"td-0d917a4eff776d999148769266591579674d2c42de6557026893a1902834f11f"},"position":{"space":"7dtd","x":-273.5540771484375,"y":61.079998016357422,"z":448.81915283203125},"rotation":{"pitch":-3.125,"roll":0,"yaw":109.17742919921875},"sequence":310,"source":"7dtd","stream_id":"5cf26971-f748-4142-b4cd-04d762e18d59","type":"entity_state","version":2,"world_id":"td-0d917a4eff776d999148769266591579674d2c42de6557026893a1902834f11f"}
2026-10-03T19:19:56 253.229 INF [MC7DTD] 7DTD entity sent: {"authority":"7dtd","dimension":"7dtd:main","entity_id":"d8e7c437-fca2-4ccd-82e9-ad13fdaf1690","entity_type":"7dtd:player","lifecycle":{"event":"update"},"metadata":{},"origin":{"dimension":"7dtd:main","entity_id":"d8e7c437-fca2-4ccd-82e9-ad13fdaf1690","game":"7dtd","world_id":"td-0d917a4eff776d999148769266591579674d2c42de6557026893a1902834f11f"},"position":{"space":"7dtd","x":-273.5540771484375,"y":61.079998016357422,"z":448.81915283203125},"rotation":{"pitch":-3.125,"roll":0,"yaw":109.17742919921875},"sequence":311,"source":"7dtd","stream_id":"5cf26971-f748-4142-b4cd-04d762e18d59","type":"entity_state","version":2,"world_id":"td-0d917a4eff776d999148769266591579674d2c42de6557026893a1902834f11f"}
2026-10-03T19:19:56 253.730 INF [MC7DTD] 7DTD entity sent: {"authority":"7dtd","dimension":"7dtd:main","entity_id":"d8e7c437-fca2-4ccd-82e9-ad13fdaf1690","entity_type":"7dtd:player","lifecycle":{"event":"update"},"metadata":{},"origin":{"dimension":"7dtd:main","entity_id":"d8e7c437-fca2-4ccd-82e9-ad13fdaf1690","game":"7dtd","world_id":"td-0d917a4eff776d999148769266591579674d2c42de6557026893a1902834f11f"},"position":{"space":"7dtd","x":-273.5540771484375,"y":61.079998016357422,"z":448.81915283203125},"rotation":{"pitch":-3.125,"roll":0,"yaw":109.17742919921875},"sequence":312,"source":"7dtd","stream_id":"5cf26971-f748-4142-b4cd-04d762e18d59","type":"entity_state","version":2,"world_id":"td-0d917a4eff776d999148769266591579674d2c42de6557026893a1902834f11f"}
2026-10-03T19:19:57 254.232 INF [MC7DTD] 7DTD entity sent: {"authority":"7dtd","dimension":"7dtd:main","entity_id":"d8e7c437-fca2-4ccd-82e9-ad13fdaf1690","entity_type":"7dtd:player","lifecycle":{"event":"update"},"metadata":{},"origin":{"dimension":"7dtd:main","entity_id":"d8e7c437-fca2-4ccd-82e9-ad13fdaf1690","game":"7dtd","world_id":"td-0d917a4eff776d999148769266591579674d2c42de6557026893a1902834f11f"},"position":{"space":"7dtd","x":-273.5540771484375,"y":61.079998016357422,"z":448.81915283203125},"rotation":{"pitch":-3.125,"roll":0,"yaw":109.17742919921875},"sequence":313,"source":"7dtd","stream_id":"5cf26971-f748-4142-b4cd-04d762e18d59","type":"entity_state","version":2,"world_id":"td-0d917a4eff776d999148769266591579674d2c42de6557026893a1902834f11f"}
2026-10-03T19:19:57 254.734 INF [MC7DTD] 7DTD entity sent: {"authority":"7dtd","dimension":"7dtd:main","entity_id":"d8e7c437-fca2-4ccd-82e9-ad13fdaf1690","entity_type":"7dtd:player","lifecycle":{"event":"update"},"metadata":{},"origin":{"dimension":"7dtd:main","entity_id":"d8e7c437-fca2-4ccd-82e9-ad13fdaf1690","game":"7dtd","world_id":"td-0d917a4eff776d999148769266591579674d2c42de6557026893a1902834f11f"},"position":{"space":"7dtd","x":-273.5540771484375,"y":61.079998016357422,"z":448.81915283203125},"rotation":{"pitch":-3.125,"roll":0,"yaw":109.17742919921875},"sequence":314,"source":"7dtd","stream_id":"5cf26971-f748-4142-b4cd-04d762e18d59","type":"entity_state","version":2,"world_id":"td-0d917a4eff776d999148769266591579674d2c42de6557026893a1902834f11f"}
2026-10-03T19:19:58 255.236 INF [MC7DTD] 7DTD entity sent: {"authority":"7dtd","dimension":"7dtd:main","entity_id":"d8e7c437-fca2-4ccd-82e9-ad13fdaf1690","entity_type":"7dtd:player","lifecycle":{"event":"update"},"metadata":{},"origin":{"dimension":"7dtd:main","entity_id":"d8e7c437-fca2-4ccd-82e9-ad13fdaf1690","game":"7dtd","world_id":"td-0d917a4eff776d999148769266591579674d2c42de6557026893a1902834f11f"},"position":{"space":"7dtd","x":-273.5540771484375,"y":61.079998016357422,"z":448.81915283203125},"rotation":{"pitch":-3.125,"roll":0,"yaw":109.17742919921875},"sequence":315,"source":"7dtd","stream_id":"5cf26971-f748-4142-b4cd-04d762e18d59","type":"entity_state","version":2,"world_id":"td-0d917a4eff776d999148769266591579674d2c42de6557026893a1902834f11f"}
2026-10-03T19:19:58 255.738 INF [MC7DTD] 7DTD entity sent: {"authority":"7dtd","dimension":"7dtd:main","entity_id":"d8e7c437-fca2-4ccd-82e9-ad13fdaf1690","entity_type":"7dtd:player","lifecycle":{"event":"update"},"metadata":{},"origin":{"dimension":"7dtd:main","entity_id":"d8e7c437-fca2-4ccd-82e9-ad13fdaf1690","game":"7dtd","world_id":"td-0d917a4eff776d999148769266591579674d2c42de6557026893a1902834f11f"},"position":{"space":"7dtd","x":-273.5540771484375,"y":61.079998016357422,"z":448.81915283203125},"rotation":{"pitch":-3.125,"roll":0,"yaw":109.17742919921875},"sequence":316,"source":"7dtd","stream_id":"5cf26971-f748-4142-b4cd-04d762e18d59","type":"entity_state","version":2,"world_id":"td-0d917a4eff776d999148769266591579674d2c42de6557026893a1902834f11f"}
2026-10-03T19:19:59 256.239 INF [MC7DTD] 7DTD entity sent: {"authority":"7dtd","dimension":"7dtd:main","entity_id":"d8e7c437-fca2-4ccd-82e9-ad13fdaf1690","entity_type":"7dtd:player","lifecycle":{"event":"update"},"metadata":{},"origin":{"dimension":"7dtd:main","entity_id":"d8e7c437-fca2-4ccd-82e9-ad13fdaf1690","game":"7dtd","world_id":"td-0d917a4eff776d999148769266591579674d2c42de6557026893a1902834f11f"},"position":{"space":"7dtd","x":-273.5540771484375,"y":61.079998016357422,"z":448.81915283203125},"rotation":{"pitch":-3.125,"roll":0,"yaw":109.17742919921875},"sequence":317,"source":"7dtd","stream_id":"5cf26971-f748-4142-b4cd-04d762e18d59","type":"entity_state","version":2,"world_id":"td-0d917a4eff776d999148769266591579674d2c42de6557026893a1902834f11f"}
2026-10-03T19:19:59 256.742 INF [MC7DTD] 7DTD entity sent: {"authority":"7dtd","dimension":"7dtd:main","entity_id":"d8e7c437-fca2-4ccd-82e9-ad13fdaf1690","entity_type":"7dtd:player","lifecycle":{"event":"update"},"metadata":{},"origin":{"dimension":"7dtd:main","entity_id":"d8e7c437-fca2-4ccd-82e9-ad13fdaf1690","game":"7dtd","world_id":"td-0d917a4eff776d999148769266591579674d2c42de6557026893a1902834f11f"},"position":{"space":"7dtd","x":-273.5540771484375,"y":61.079998016357422,"z":448.81915283203125},"rotation":{"pitch":-3.125,"roll":0,"yaw":109.17742919921875},"sequence":318,"source":"7dtd","stream_id":"5cf26971-f748-4142-b4cd-04d762e18d59","type":"entity_state","version":2,"world_id":"td-0d917a4eff776d999148769266591579674d2c42de6557026893a1902834f11f"}
2026-10-03T19:20:00 257.243 INF [MC7DTD] 7DTD entity sent: {"authority":"7dtd","dimension":"7dtd:main","entity_id":"d8e7c437-fca2-4ccd-82e9-ad13fdaf1690","entity_type":"7dtd:player","lifecycle":{"event":"update"},"metadata":{},"origin":{"dimension":"7dtd:main","entity_id":"d8e7c437-fca2-4ccd-82e9-ad13fdaf1690","game":"7dtd","world_id":"td-0d917a4eff776d999148769266591579674d2c42de6557026893a1902834f11f"},"position":{"space":"7dtd","x":-273.5540771484375,"y":61.079998016357422,"z":448.81915283203125},"rotation":{"pitch":-3.125,"roll":0,"yaw":109.17742919921875},"sequence":319,"source":"7dtd","stream_id":"5cf26971-f748-4142-b4cd-04d762e18d59","type":"entity_state","version":2,"world_id":"td-0d917a4eff776d999148769266591579674d2c42de6557026893a1902834f11f"}
2026-10-03T19:20:00 257.746 INF [MC7DTD] 7DTD entity sent: {"authority":"7dtd","dimension":"7dtd:main","entity_id":"d8e7c437-fca2-4ccd-82e9-ad13fdaf1690","entity_type":"7dtd:player","lifecycle":{"event":"update"},"metadata":{},"origin":{"dimension":"7dtd:main","entity_id":"d8e7c437-fca2-4ccd-82e9-ad13fdaf1690","game":"7dtd","world_id":"td-0d917a4eff776d999148769266591579674d2c42de6557026893a1902834f11f"},"position":{"space":"7dtd","x":-273.5540771484375,"y":61.079998016357422,"z":448.81915283203125},"rotation":{"pitch":-3.125,"roll":0,"yaw":109.17742919921875},"sequence":320,"source":"7dtd","stream_id":"5cf26971-f748-4142-b4cd-04d762e18d59","type":"entity_state","version":2,"world_id":"td-0d917a4eff776d999148769266591579674d2c42de6557026893a1902834f11f"}
2026-10-03T19:20:01 258.248 INF [MC7DTD] 7DTD entity sent: {"authority":"7dtd","dimension":"7dtd:main","entity_id":"d8e7c437-fca2-4ccd-82e9-ad13fdaf1690","entity_type":"7dtd:player","lifecycle":{"event":"update"},"metadata":{},"origin":{"dimension":"7dtd:main","entity_id":"d8e7c437-fca2-4ccd-82e9-ad13fdaf1690","game":"7dtd","world_id":"td-0d917a4eff776d999148769266591579674d2c42de6557026893a1902834f11f"},"position":{"space":"7dtd","x":-273.5540771484375,"y":61.079998016357422,"z":448.81915283203125},"rotation":{"pitch":-3.125,"roll":0,"yaw":109.17742919921875},"sequence":321,"source":"7dtd","stream_id":"5cf26971-f748-4142-b4cd-04d762e18d59","type":"entity_state","version":2,"world_id":"td-0d917a4eff776d999148769266591579674d2c42de6557026893a1902834f11f"}
2026-10-03T19:20:01 258.749 INF [MC7DTD] 7DTD entity sent: {"authority":"7dtd","dimension":"7dtd:main","entity_id":"d8e7c437-fca2-4ccd-82e9-ad13fdaf1690","entity_type":"7dtd:player","lifecycle":{"event":"update"},"metadata":{},"origin":{"dimension":"7dtd:main","entity_id":"d8e7c437-fca2-4ccd-82e9-ad13fdaf1690","game":"7dtd","world_id":"td-0d917a4eff776d999148769266591579674d2c42de6557026893a1902834f11f"},"position":{"space":"7dtd","x":-273.5540771484375,"y":61.079998016357422,"z":448.81915283203125},"rotation":{"pitch":-3.125,"roll":0,"yaw":109.17742919921875},"sequence":322,"source":"7dtd","stream_id":"5cf26971-f748-4142-b4cd-04d762e18d59","type":"entity_state","version":2,"world_id":"td-0d917a4eff776d999148769266591579674d2c42de6557026893a1902834f11f"}
2026-10-03T19:20:02 259.251 INF [MC7DTD] 7DTD entity sent: {"authority":"7dtd","dimension":"7dtd:main","entity_id":"d8e7c437-fca2-4ccd-82e9-ad13fdaf1690","entity_type":"7dtd:player","lifecycle":{"event":"update"},"metadata":{},"origin":{"dimension":"7dtd:main","entity_id":"d8e7c437-fca2-4ccd-82e9-ad13fdaf1690","game":"7dtd","world_id":"td-0d917a4eff776d999148769266591579674d2c42de6557026893a1902834f11f"},"position":{"space":"7dtd","x":-273.5540771484375,"y":61.079998016357422,"z":448.81915283203125},"rotation":{"pitch":-3.125,"roll":0,"yaw":109.17742919921875},"sequence":323,"source":"7dtd","stream_id":"5cf26971-f748-4142-b4cd-04d762e18d59","type":"entity_state","version":2,"world_id":"td-0d917a4eff776d999148769266591579674d2c42de6557026893a1902834f11f"}
2026-10-03T19:20:02 259.753 INF [MC7DTD] 7DTD entity sent: {"authority":"7dtd","dimension":"7dtd:main","entity_id":"d8e7c437-fca2-4ccd-82e9-ad13fdaf1690","entity_type":"7dtd:player","lifecycle":{"event":"update"},"metadata":{},"origin":{"dimension":"7dtd:main","entity_id":"d8e7c437-fca2-4ccd-82e9-ad13fdaf1690","game":"7dtd","world_id":"td-0d917a4eff776d999148769266591579674d2c42de6557026893a1902834f11f"},"position":{"space":"7dtd","x":-273.5540771484375,"y":61.079998016357422,"z":448.81915283203125},"rotation":{"pitch":-3.125,"roll":0,"yaw":109.17742919921875},"sequence":324,"source":"7dtd","stream_id":"5cf26971-f748-4142-b4cd-04d762e18d59","type":"entity_state","version":2,"world_id":"td-0d917a4eff776d999148769266591579674d2c42de6557026893a1902834f11f"}
2026-10-03T19:20:03 260.256 INF [MC7DTD] 7DTD entity sent: {"authority":"7dtd","dimension":"7dtd:main","entity_id":"d8e7c437-fca2-4ccd-82e9-ad13fdaf1690","entity_type":"7dtd:player","lifecycle":{"event":"update"},"metadata":{},"origin":{"dimension":"7dtd:main","entity_id":"d8e7c437-fca2-4ccd-82e9-ad13fdaf1690","game":"7dtd","world_id":"td-0d917a4eff776d999148769266591579674d2c42de6557026893a1902834f11f"},"position":{"space":"7dtd","x":-273.5540771484375,"y":61.079998016357422,"z":448.81915283203125},"rotation":{"pitch":-3.125,"roll":0,"yaw":109.17742919921875},"sequence":325,"source":"7dtd","stream_id":"5cf26971-f748-4142-b4cd-04d762e18d59","type":"entity_state","version":2,"world_id":"td-0d917a4eff776d999148769266591579674d2c42de6557026893a1902834f11f"}
2026-10-03T19:20:03 260.758 INF [MC7DTD] 7DTD entity sent: {"authority":"7dtd","dimension":"7dtd:main","entity_id":"d8e7c437-fca2-4ccd-82e9-ad13fdaf1690","entity_type":"7dtd:player","lifecycle":{"event":"update"},"metadata":{},"origin":{"dimension":"7dtd:main","entity_id":"d8e7c437-fca2-4ccd-82e9-ad13fdaf1690","game":"7dtd","world_id":"td-0d917a4eff776d999148769266591579674d2c42de6557026893a1902834f11f"},"position":{"space":"7dtd","x":-273.5540771484375,"y":61.079998016357422,"z":448.81915283203125},"rotation":{"pitch":-3.125,"roll":0,"yaw":109.17742919921875},"sequence":326,"source":"7dtd","stream_id":"5cf26971-f748-4142-b4cd-04d762e18d59","type":"entity_state","version":2,"world_id":"td-0d917a4eff776d999148769266591579674d2c42de6557026893a1902834f11f"}
2026-10-03T19:20:04 261.259 INF [MC7DTD] 7DTD entity sent: {"authority":"7dtd","dimension":"7dtd:main","entity_id":"d8e7c437-fca2-4ccd-82e9-ad13fdaf1690","entity_type":"7dtd:player","lifecycle":{"event":"update"},"metadata":{},"origin":{"dimension":"7dtd:main","entity_id":"d8e7c437-fca2-4ccd-82e9-ad13fdaf1690","game":"7dtd","world_id":"td-0d917a4eff776d999148769266591579674d2c42de6557026893a1902834f11f"},"position":{"space":"7dtd","x":-273.5540771484375,"y":61.079998016357422,"z":448.81915283203125},"rotation":{"pitch":-3.125,"roll":0,"yaw":109.17742919921875},"sequence":327,"source":"7dtd","stream_id":"5cf26971-f748-4142-b4cd-04d762e18d59","type":"entity_state","version":2,"world_id":"td-0d917a4eff776d999148769266591579674d2c42de6557026893a1902834f11f"}
2026-10-03T19:20:04 261.760 INF [MC7DTD] 7DTD entity sent: {"authority":"7dtd","dimension":"7dtd:main","entity_id":"d8e7c437-fca2-4ccd-82e9-ad13fdaf1690","entity_type":"7dtd:player","lifecycle":{"event":"update"},"metadata":{},"origin":{"dimension":"7dtd:main","entity_id":"d8e7c437-fca2-4ccd-82e9-ad13fdaf1690","game":"7dtd","world_id":"td-0d917a4eff776d999148769266591579674d2c42de6557026893a1902834f11f"},"position":{"space":"7dtd","x":-273.5540771484375,"y":61.079998016357422,"z":448.81915283203125},"rotation":{"pitch":-3.125,"roll":0,"yaw":109.17742919921875},"sequence":328,"source":"7dtd","stream_id":"5cf26971-f748-4142-b4cd-04d762e18d59","type":"entity_state","version":2,"world_id":"td-0d917a4eff776d999148769266591579674d2c42de6557026893a1902834f11f"}
2026-10-03T19:20:05 262.262 INF [MC7DTD] 7DTD entity sent: {"authority":"7dtd","dimension":"7dtd:main","entity_id":"d8e7c437-fca2-4ccd-82e9-ad13fdaf1690","entity_type":"7dtd:player","lifecycle":{"event":"update"},"metadata":{},"origin":{"dimension":"7dtd:main","entity_id":"d8e7c437-fca2-4ccd-82e9-ad13fdaf1690","game":"7dtd","world_id":"td-0d917a4eff776d999148769266591579674d2c42de6557026893a1902834f11f"},"position":{"space":"7dtd","x":-273.5540771484375,"y":61.079998016357422,"z":448.81915283203125},"rotation":{"pitch":-3.125,"roll":0,"yaw":109.17742919921875},"sequence":329,"source":"7dtd","stream_id":"5cf26971-f748-4142-b4cd-04d762e18d59","type":"entity_state","version":2,"world_id":"td-0d917a4eff776d999148769266591579674d2c42de6557026893a1902834f11f"}
2026-10-03T19:20:05 262.765 INF [MC7DTD] 7DTD entity sent: {"authority":"7dtd","dimension":"7dtd:main","entity_id":"d8e7c437-fca2-4ccd-82e9-ad13fdaf1690","entity_type":"7dtd:player","lifecycle":{"event":"update"},"metadata":{},"origin":{"dimension":"7dtd:main","entity_id":"d8e7c437-fca2-4ccd-82e9-ad13fdaf1690","game":"7dtd","world_id":"td-0d917a4eff776d999148769266591579674d2c42de6557026893a1902834f11f"},"position":{"space":"7dtd","x":-273.5540771484375,"y":61.079998016357422,"z":448.81915283203125},"rotation":{"pitch":-3.125,"roll":0,"yaw":109.17742919921875},"sequence":330,"source":"7dtd","stream_id":"5cf26971-f748-4142-b4cd-04d762e18d59","type":"entity_state","version":2,"world_id":"td-0d917a4eff776d999148769266591579674d2c42de6557026893a1902834f11f"}
2026-10-03T19:20:06 263.266 INF [MC7DTD] 7DTD entity sent: {"authority":"7dtd","dimension":"7dtd:main","entity_id":"d8e7c437-fca2-4ccd-82e9-ad13fdaf1690","entity_type":"7dtd:player","lifecycle":{"event":"update"},"metadata":{},"origin":{"dimension":"7dtd:main","entity_id":"d8e7c437-fca2-4ccd-82e9-ad13fdaf1690","game":"7dtd","world_id":"td-0d917a4eff776d999148769266591579674d2c42de6557026893a1902834f11f"},"position":{"space":"7dtd","x":-273.5540771484375,"y":61.079998016357422,"z":448.81915283203125},"rotation":{"pitch":-3.125,"roll":0,"yaw":109.17742919921875},"sequence":331,"source":"7dtd","stream_id":"5cf26971-f748-4142-b4cd-04d762e18d59","type":"entity_state","version":2,"world_id":"td-0d917a4eff776d999148769266591579674d2c42de6557026893a1902834f11f"}
2026-10-03T19:20:06 263.769 INF [MC7DTD] 7DTD entity sent: {"authority":"7dtd","dimension":"7dtd:main","entity_id":"d8e7c437-fca2-4ccd-82e9-ad13fdaf1690","entity_type":"7dtd:player","lifecycle":{"event":"update"},"metadata":{},"origin":{"dimension":"7dtd:main","entity_id":"d8e7c437-fca2-4ccd-82e9-ad13fdaf1690","game":"7dtd","world_id":"td-0d917a4eff776d999148769266591579674d2c42de6557026893a1902834f11f"},"position":{"space":"7dtd","x":-273.5540771484375,"y":61.079998016357422,"z":448.81915283203125},"rotation":{"pitch":-3.125,"roll":0,"yaw":109.17742919921875},"sequence":332,"source":"7dtd","stream_id":"5cf26971-f748-4142-b4cd-04d762e18d59","type":"entity_state","version":2,"world_id":"td-0d917a4eff776d999148769266591579674d2c42de6557026893a1902834f11f"}
2026-10-03T19:20:07 264.273 INF [MC7DTD] 7DTD entity sent: {"authority":"7dtd","dimension":"7dtd:main","entity_id":"d8e7c437-fca2-4ccd-82e9-ad13fdaf1690","entity_type":"7dtd:player","lifecycle":{"event":"update"},"metadata":{},"origin":{"dimension":"7dtd:main","entity_id":"d8e7c437-fca2-4ccd-82e9-ad13fdaf1690","game":"7dtd","world_id":"td-0d917a4eff776d999148769266591579674d2c42de6557026893a1902834f11f"},"position":{"space":"7dtd","x":-273.5540771484375,"y":61.079998016357422,"z":448.81915283203125},"rotation":{"pitch":-3.125,"roll":0,"yaw":109.17742919921875},"sequence":333,"source":"7dtd","stream_id":"5cf26971-f748-4142-b4cd-04d762e18d59","type":"entity_state","version":2,"world_id":"td-0d917a4eff776d999148769266591579674d2c42de6557026893a1902834f11f"}
2026-10-03T19:20:07 264.775 INF [MC7DTD] 7DTD entity sent: {"authority":"7dtd","dimension":"7dtd:main","entity_id":"d8e7c437-fca2-4ccd-82e9-ad13fdaf1690","entity_type":"7dtd:player","lifecycle":{"event":"update"},"metadata":{},"origin":{"dimension":"7dtd:main","entity_id":"d8e7c437-fca2-4ccd-82e9-ad13fdaf1690","game":"7dtd","world_id":"td-0d917a4eff776d999148769266591579674d2c42de6557026893a1902834f11f"},"position":{"space":"7dtd","x":-273.5540771484375,"y":61.079998016357422,"z":448.81915283203125},"rotation":{"pitch":-3.125,"roll":0,"yaw":109.17742919921875},"sequence":334,"source":"7dtd","stream_id":"5cf26971-f748-4142-b4cd-04d762e18d59","type":"entity_state","version":2,"world_id":"td-0d917a4eff776d999148769266591579674d2c42de6557026893a1902834f11f"}
2026-10-03T19:20:08 265.276 INF [MC7DTD] 7DTD entity sent: {"authority":"7dtd","dimension":"7dtd:main","entity_id":"d8e7c437-fca2-4ccd-82e9-ad13fdaf1690","entity_type":"7dtd:player","lifecycle":{"event":"update"},"metadata":{},"origin":{"dimension":"7dtd:main","entity_id":"d8e7c437-fca2-4ccd-82e9-ad13fdaf1690","game":"7dtd","world_id":"td-0d917a4eff776d999148769266591579674d2c42de6557026893a1902834f11f"},"position":{"space":"7dtd","x":-273.5540771484375,"y":61.079998016357422,"z":448.81915283203125},"rotation":{"pitch":-3.125,"roll":0,"yaw":109.17742919921875},"sequence":335,"source":"7dtd","stream_id":"5cf26971-f748-4142-b4cd-04d762e18d59","type":"entity_state","version":2,"world_id":"td-0d917a4eff776d999148769266591579674d2c42de6557026893a1902834f11f"}
2026-10-03T19:20:08 265.778 INF [MC7DTD] 7DTD entity sent: {"authority":"7dtd","dimension":"7dtd:main","entity_id":"d8e7c437-fca2-4ccd-82e9-ad13fdaf1690","entity_type":"7dtd:player","lifecycle":{"event":"update"},"metadata":{},"origin":{"dimension":"7dtd:main","entity_id":"d8e7c437-fca2-4ccd-82e9-ad13fdaf1690","game":"7dtd","world_id":"td-0d917a4eff776d999148769266591579674d2c42de6557026893a1902834f11f"},"position":{"space":"7dtd","x":-273.5540771484375,"y":61.079998016357422,"z":448.81915283203125},"rotation":{"pitch":-3.125,"roll":0,"yaw":109.17742919921875},"sequence":336,"source":"7dtd","stream_id":"5cf26971-f748-4142-b4cd-04d762e18d59","type":"entity_state","version":2,"world_id":"td-0d917a4eff776d999148769266591579674d2c42de6557026893a1902834f11f"}
2026-10-03T19:20:09 266.279 INF [MC7DTD] 7DTD entity sent: {"authority":"7dtd","dimension":"7dtd:main","entity_id":"d8e7c437-fca2-4ccd-82e9-ad13fdaf1690","entity_type":"7dtd:player","lifecycle":{"event":"update"},"metadata":{},"origin":{"dimension":"7dtd:main","entity_id":"d8e7c437-fca2-4ccd-82e9-ad13fdaf1690","game":"7dtd","world_id":"td-0d917a4eff776d999148769266591579674d2c42de6557026893a1902834f11f"},"position":{"space":"7dtd","x":-273.5540771484375,"y":61.079998016357422,"z":448.81915283203125},"rotation":{"pitch":-3.125,"roll":0,"yaw":109.17742919921875},"sequence":337,"source":"7dtd","stream_id":"5cf26971-f748-4142-b4cd-04d762e18d59","type":"entity_state","version":2,"world_id":"td-0d917a4eff776d999148769266591579674d2c42de6557026893a1902834f11f"}
2026-10-03T19:20:09 266.781 INF [MC7DTD] 7DTD entity sent: {"authority":"7dtd","dimension":"7dtd:main","entity_id":"d8e7c437-fca2-4ccd-82e9-ad13fdaf1690","entity_type":"7dtd:player","lifecycle":{"event":"update"},"metadata":{},"origin":{"dimension":"7dtd:main","entity_id":"d8e7c437-fca2-4ccd-82e9-ad13fdaf1690","game":"7dtd","world_id":"td-0d917a4eff776d999148769266591579674d2c42de6557026893a1902834f11f"},"position":{"space":"7dtd","x":-273.5540771484375,"y":61.079998016357422,"z":448.81915283203125},"rotation":{"pitch":-3.125,"roll":0,"yaw":109.17742919921875},"sequence":338,"source":"7dtd","stream_id":"5cf26971-f748-4142-b4cd-04d762e18d59","type":"entity_state","version":2,"world_id":"td-0d917a4eff776d999148769266591579674d2c42de6557026893a1902834f11f"}
2026-10-03T19:20:10 267.283 INF [MC7DTD] 7DTD entity sent: {"authority":"7dtd","dimension":"7dtd:main","entity_id":"d8e7c437-fca2-4ccd-82e9-ad13fdaf1690","entity_type":"7dtd:player","lifecycle":{"event":"update"},"metadata":{},"origin":{"dimension":"7dtd:main","entity_id":"d8e7c437-fca2-4ccd-82e9-ad13fdaf1690","game":"7dtd","world_id":"td-0d917a4eff776d999148769266591579674d2c42de6557026893a1902834f11f"},"position":{"space":"7dtd","x":-273.5540771484375,"y":61.079998016357422,"z":448.81915283203125},"rotation":{"pitch":-3.125,"roll":0,"yaw":109.17742919921875},"sequence":339,"source":"7dtd","stream_id":"5cf26971-f748-4142-b4cd-04d762e18d59","type":"entity_state","version":2,"world_id":"td-0d917a4eff776d999148769266591579674d2c42de6557026893a1902834f11f"}
2026-10-03T19:20:10 267.787 INF [MC7DTD] 7DTD entity sent: {"authority":"7dtd","dimension":"7dtd:main","entity_id":"d8e7c437-fca2-4ccd-82e9-ad13fdaf1690","entity_type":"7dtd:player","lifecycle":{"event":"update"},"metadata":{},"origin":{"dimension":"7dtd:main","entity_id":"d8e7c437-fca2-4ccd-82e9-ad13fdaf1690","game":"7dtd","world_id":"td-0d917a4eff776d999148769266591579674d2c42de6557026893a1902834f11f"},"position":{"space":"7dtd","x":-273.5540771484375,"y":61.079998016357422,"z":448.81915283203125},"rotation":{"pitch":-3.125,"roll":0,"yaw":109.17742919921875},"sequence":340,"source":"7dtd","stream_id":"5cf26971-f748-4142-b4cd-04d762e18d59","type":"entity_state","version":2,"world_id":"td-0d917a4eff776d999148769266591579674d2c42de6557026893a1902834f11f"}
2026-10-03T19:20:11 268.289 INF [MC7DTD] 7DTD entity sent: {"authority":"7dtd","dimension":"7dtd:main","entity_id":"d8e7c437-fca2-4ccd-82e9-ad13fdaf1690","entity_type":"7dtd:player","lifecycle":{"event":"update"},"metadata":{},"origin":{"dimension":"7dtd:main","entity_id":"d8e7c437-fca2-4ccd-82e9-ad13fdaf1690","game":"7dtd","world_id":"td-0d917a4eff776d999148769266591579674d2c42de6557026893a1902834f11f"},"position":{"space":"7dtd","x":-273.5540771484375,"y":61.079998016357422,"z":448.81915283203125},"rotation":{"pitch":-3.125,"roll":0,"yaw":109.17742919921875},"sequence":341,"source":"7dtd","stream_id":"5cf26971-f748-4142-b4cd-04d762e18d59","type":"entity_state","version":2,"world_id":"td-0d917a4eff776d999148769266591579674d2c42de6557026893a1902834f11f"}
2026-10-03T19:20:11 268.791 INF [MC7DTD] 7DTD entity sent: {"authority":"7dtd","dimension":"7dtd:main","entity_id":"d8e7c437-fca2-4ccd-82e9-ad13fdaf1690","entity_type":"7dtd:player","lifecycle":{"event":"update"},"metadata":{},"origin":{"dimension":"7dtd:main","entity_id":"d8e7c437-fca2-4ccd-82e9-ad13fdaf1690","game":"7dtd","world_id":"td-0d917a4eff776d999148769266591579674d2c42de6557026893a1902834f11f"},"position":{"space":"7dtd","x":-273.5540771484375,"y":61.079998016357422,"z":448.81915283203125},"rotation":{"pitch":-3.125,"roll":0,"yaw":109.17742919921875},"sequence":342,"source":"7dtd","stream_id":"5cf26971-f748-4142-b4cd-04d762e18d59","type":"entity_state","version":2,"world_id":"td-0d917a4eff776d999148769266591579674d2c42de6557026893a1902834f11f"}
2026-10-03T19:20:12 269.293 INF [MC7DTD] 7DTD entity sent: {"authority":"7dtd","dimension":"7dtd:main","entity_id":"d8e7c437-fca2-4ccd-82e9-ad13fdaf1690","entity_type":"7dtd:player","lifecycle":{"event":"update"},"metadata":{},"origin":{"dimension":"7dtd:main","entity_id":"d8e7c437-fca2-4ccd-82e9-ad13fdaf1690","game":"7dtd","world_id":"td-0d917a4eff776d999148769266591579674d2c42de6557026893a1902834f11f"},"position":{"space":"7dtd","x":-273.5540771484375,"y":61.079998016357422,"z":448.81915283203125},"rotation":{"pitch":-3.125,"roll":0,"yaw":109.17742919921875},"sequence":343,"source":"7dtd","stream_id":"5cf26971-f748-4142-b4cd-04d762e18d59","type":"entity_state","version":2,"world_id":"td-0d917a4eff776d999148769266591579674d2c42de6557026893a1902834f11f"}
2026-10-03T19:20:12 269.795 INF [MC7DTD] 7DTD entity sent: {"authority":"7dtd","dimension":"7dtd:main","entity_id":"d8e7c437-fca2-4ccd-82e9-ad13fdaf1690","entity_type":"7dtd:player","lifecycle":{"event":"update"},"metadata":{},"origin":{"dimension":"7dtd:main","entity_id":"d8e7c437-fca2-4ccd-82e9-ad13fdaf1690","game":"7dtd","world_id":"td-0d917a4eff776d999148769266591579674d2c42de6557026893a1902834f11f"},"position":{"space":"7dtd","x":-273.5540771484375,"y":61.079998016357422,"z":448.81915283203125},"rotation":{"pitch":-3.125,"roll":0,"yaw":109.17742919921875},"sequence":344,"source":"7dtd","stream_id":"5cf26971-f748-4142-b4cd-04d762e18d59","type":"entity_state","version":2,"world_id":"td-0d917a4eff776d999148769266591579674d2c42de6557026893a1902834f11f"}
2026-10-03T19:20:13 270.297 INF [MC7DTD] 7DTD entity sent: {"authority":"7dtd","dimension":"7dtd:main","entity_id":"d8e7c437-fca2-4ccd-82e9-ad13fdaf1690","entity_type":"7dtd:player","lifecycle":{"event":"update"},"metadata":{},"origin":{"dimension":"7dtd:main","entity_id":"d8e7c437-fca2-4ccd-82e9-ad13fdaf1690","game":"7dtd","world_id":"td-0d917a4eff776d999148769266591579674d2c42de6557026893a1902834f11f"},"position":{"space":"7dtd","x":-273.5540771484375,"y":61.079998016357422,"z":448.81915283203125},"rotation":{"pitch":-3.125,"roll":0,"yaw":109.17742919921875},"sequence":345,"source":"7dtd","stream_id":"5cf26971-f748-4142-b4cd-04d762e18d59","type":"entity_state","version":2,"world_id":"td-0d917a4eff776d999148769266591579674d2c42de6557026893a1902834f11f"}
2026-10-03T19:20:13 270.799 INF [MC7DTD] 7DTD entity sent: {"authority":"7dtd","dimension":"7dtd:main","entity_id":"d8e7c437-fca2-4ccd-82e9-ad13fdaf1690","entity_type":"7dtd:player","lifecycle":{"event":"update"},"metadata":{},"origin":{"dimension":"7dtd:main","entity_id":"d8e7c437-fca2-4ccd-82e9-ad13fdaf1690","game":"7dtd","world_id":"td-0d917a4eff776d999148769266591579674d2c42de6557026893a1902834f11f"},"position":{"space":"7dtd","x":-273.5540771484375,"y":61.079998016357422,"z":448.81915283203125},"rotation":{"pitch":-3.125,"roll":0,"yaw":109.17742919921875},"sequence":346,"source":"7dtd","stream_id":"5cf26971-f748-4142-b4cd-04d762e18d59","type":"entity_state","version":2,"world_id":"td-0d917a4eff776d999148769266591579674d2c42de6557026893a1902834f11f"}
2026-10-03T19:20:14 271.300 INF [MC7DTD] 7DTD entity sent: {"authority":"7dtd","dimension":"7dtd:main","entity_id":"d8e7c437-fca2-4ccd-82e9-ad13fdaf1690","entity_type":"7dtd:player","lifecycle":{"event":"update"},"metadata":{},"origin":{"dimension":"7dtd:main","entity_id":"d8e7c437-fca2-4ccd-82e9-ad13fdaf1690","game":"7dtd","world_id":"td-0d917a4eff776d999148769266591579674d2c42de6557026893a1902834f11f"},"position":{"space":"7dtd","x":-273.5540771484375,"y":61.079998016357422,"z":448.81915283203125},"rotation":{"pitch":-3.125,"roll":0,"yaw":109.17742919921875},"sequence":347,"source":"7dtd","stream_id":"5cf26971-f748-4142-b4cd-04d762e18d59","type":"entity_state","version":2,"world_id":"td-0d917a4eff776d999148769266591579674d2c42de6557026893a1902834f11f"}
2026-10-03T19:20:14 271.802 INF [MC7DTD] 7DTD entity sent: {"authority":"7dtd","dimension":"7dtd:main","entity_id":"d8e7c437-fca2-4ccd-82e9-ad13fdaf1690","entity_type":"7dtd:player","lifecycle":{"event":"update"},"metadata":{},"origin":{"dimension":"7dtd:main","entity_id":"d8e7c437-fca2-4ccd-82e9-ad13fdaf1690","game":"7dtd","world_id":"td-0d917a4eff776d999148769266591579674d2c42de6557026893a1902834f11f"},"position":{"space":"7dtd","x":-273.5540771484375,"y":61.079998016357422,"z":448.81915283203125},"rotation":{"pitch":-3.125,"roll":0,"yaw":109.17742919921875},"sequence":348,"source":"7dtd","stream_id":"5cf26971-f748-4142-b4cd-04d762e18d59","type":"entity_state","version":2,"world_id":"td-0d917a4eff776d999148769266591579674d2c42de6557026893a1902834f11f"}
2026-10-03T19:20:15 272.304 INF [MC7DTD] 7DTD entity sent: {"authority":"7dtd","dimension":"7dtd:main","entity_id":"d8e7c437-fca2-4ccd-82e9-ad13fdaf1690","entity_type":"7dtd:player","lifecycle":{"event":"update"},"metadata":{},"origin":{"dimension":"7dtd:main","entity_id":"d8e7c437-fca2-4ccd-82e9-ad13fdaf1690","game":"7dtd","world_id":"td-0d917a4eff776d999148769266591579674d2c42de6557026893a1902834f11f"},"position":{"space":"7dtd","x":-273.5540771484375,"y":61.079998016357422,"z":448.81915283203125},"rotation":{"pitch":-3.125,"roll":0,"yaw":109.17742919921875},"sequence":349,"source":"7dtd","stream_id":"5cf26971-f748-4142-b4cd-04d762e18d59","type":"entity_state","version":2,"world_id":"td-0d917a4eff776d999148769266591579674d2c42de6557026893a1902834f11f"}
2026-10-03T19:20:15 272.806 INF [MC7DTD] 7DTD entity sent: {"authority":"7dtd","dimension":"7dtd:main","entity_id":"d8e7c437-fca2-4ccd-82e9-ad13fdaf1690","entity_type":"7dtd:player","lifecycle":{"event":"update"},"metadata":{},"origin":{"dimension":"7dtd:main","entity_id":"d8e7c437-fca2-4ccd-82e9-ad13fdaf1690","game":"7dtd","world_id":"td-0d917a4eff776d999148769266591579674d2c42de6557026893a1902834f11f"},"position":{"space":"7dtd","x":-273.5540771484375,"y":61.079998016357422,"z":448.81915283203125},"rotation":{"pitch":-3.125,"roll":0,"yaw":109.17742919921875},"sequence":350,"source":"7dtd","stream_id":"5cf26971-f748-4142-b4cd-04d762e18d59","type":"entity_state","version":2,"world_id":"td-0d917a4eff776d999148769266591579674d2c42de6557026893a1902834f11f"}
2026-10-03T19:20:16 273.307 INF [MC7DTD] 7DTD entity sent: {"authority":"7dtd","dimension":"7dtd:main","entity_id":"d8e7c437-fca2-4ccd-82e9-ad13fdaf1690","entity_type":"7dtd:player","lifecycle":{"event":"update"},"metadata":{},"origin":{"dimension":"7dtd:main","entity_id":"d8e7c437-fca2-4ccd-82e9-ad13fdaf1690","game":"7dtd","world_id":"td-0d917a4eff776d999148769266591579674d2c42de6557026893a1902834f11f"},"position":{"space":"7dtd","x":-273.5540771484375,"y":61.079998016357422,"z":448.81915283203125},"rotation":{"pitch":-3.125,"roll":0,"yaw":109.17742919921875},"sequence":351,"source":"7dtd","stream_id":"5cf26971-f748-4142-b4cd-04d762e18d59","type":"entity_state","version":2,"world_id":"td-0d917a4eff776d999148769266591579674d2c42de6557026893a1902834f11f"}
2026-10-03T19:20:16 273.809 INF [MC7DTD] 7DTD entity sent: {"authority":"7dtd","dimension":"7dtd:main","entity_id":"d8e7c437-fca2-4ccd-82e9-ad13fdaf1690","entity_type":"7dtd:player","lifecycle":{"event":"update"},"metadata":{},"origin":{"dimension":"7dtd:main","entity_id":"d8e7c437-fca2-4ccd-82e9-ad13fdaf1690","game":"7dtd","world_id":"td-0d917a4eff776d999148769266591579674d2c42de6557026893a1902834f11f"},"position":{"space":"7dtd","x":-273.5540771484375,"y":61.079998016357422,"z":448.81915283203125},"rotation":{"pitch":-3.125,"roll":0,"yaw":109.17742919921875},"sequence":352,"source":"7dtd","stream_id":"5cf26971-f748-4142-b4cd-04d762e18d59","type":"entity_state","version":2,"world_id":"td-0d917a4eff776d999148769266591579674d2c42de6557026893a1902834f11f"}
2026-10-03T19:20:17 274.313 INF [MC7DTD] 7DTD entity sent: {"authority":"7dtd","dimension":"7dtd:main","entity_id":"d8e7c437-fca2-4ccd-82e9-ad13fdaf1690","entity_type":"7dtd:player","lifecycle":{"event":"update"},"metadata":{},"origin":{"dimension":"7dtd:main","entity_id":"d8e7c437-fca2-4ccd-82e9-ad13fdaf1690","game":"7dtd","world_id":"td-0d917a4eff776d999148769266591579674d2c42de6557026893a1902834f11f"},"position":{"space":"7dtd","x":-273.5540771484375,"y":61.079998016357422,"z":448.81915283203125},"rotation":{"pitch":-3.125,"roll":0,"yaw":109.17742919921875},"sequence":353,"source":"7dtd","stream_id":"5cf26971-f748-4142-b4cd-04d762e18d59","type":"entity_state","version":2,"world_id":"td-0d917a4eff776d999148769266591579674d2c42de6557026893a1902834f11f"}
2026-10-03T19:20:17 274.816 INF [MC7DTD] 7DTD entity sent: {"authority":"7dtd","dimension":"7dtd:main","entity_id":"d8e7c437-fca2-4ccd-82e9-ad13fdaf1690","entity_type":"7dtd:player","lifecycle":{"event":"update"},"metadata":{},"origin":{"dimension":"7dtd:main","entity_id":"d8e7c437-fca2-4ccd-82e9-ad13fdaf1690","game":"7dtd","world_id":"td-0d917a4eff776d999148769266591579674d2c42de6557026893a1902834f11f"},"position":{"space":"7dtd","x":-273.5540771484375,"y":61.079998016357422,"z":448.81915283203125},"rotation":{"pitch":-3.125,"roll":0,"yaw":109.17742919921875},"sequence":354,"source":"7dtd","stream_id":"5cf26971-f748-4142-b4cd-04d762e18d59","type":"entity_state","version":2,"world_id":"td-0d917a4eff776d999148769266591579674d2c42de6557026893a1902834f11f"}
2026-10-03T19:20:18 275.318 INF [MC7DTD] 7DTD entity sent: {"authority":"7dtd","dimension":"7dtd:main","entity_id":"d8e7c437-fca2-4ccd-82e9-ad13fdaf1690","entity_type":"7dtd:player","lifecycle":{"event":"update"},"metadata":{},"origin":{"dimension":"7dtd:main","entity_id":"d8e7c437-fca2-4ccd-82e9-ad13fdaf1690","game":"7dtd","world_id":"td-0d917a4eff776d999148769266591579674d2c42de6557026893a1902834f11f"},"position":{"space":"7dtd","x":-273.5540771484375,"y":61.079998016357422,"z":448.81915283203125},"rotation":{"pitch":-3.125,"roll":0,"yaw":109.17742919921875},"sequence":355,"source":"7dtd","stream_id":"5cf26971-f748-4142-b4cd-04d762e18d59","type":"entity_state","version":2,"world_id":"td-0d917a4eff776d999148769266591579674d2c42de6557026893a1902834f11f"}
2026-10-03T19:20:18 275.821 INF [MC7DTD] 7DTD entity sent: {"authority":"7dtd","dimension":"7dtd:main","entity_id":"d8e7c437-fca2-4ccd-82e9-ad13fdaf1690","entity_type":"7dtd:player","lifecycle":{"event":"update"},"metadata":{},"origin":{"dimension":"7dtd:main","entity_id":"d8e7c437-fca2-4ccd-82e9-ad13fdaf1690","game":"7dtd","world_id":"td-0d917a4eff776d999148769266591579674d2c42de6557026893a1902834f11f"},"position":{"space":"7dtd","x":-273.5540771484375,"y":61.079998016357422,"z":448.81915283203125},"rotation":{"pitch":-3.125,"roll":0,"yaw":109.17742919921875},"sequence":356,"source":"7dtd","stream_id":"5cf26971-f748-4142-b4cd-04d762e18d59","type":"entity_state","version":2,"world_id":"td-0d917a4eff776d999148769266591579674d2c42de6557026893a1902834f11f"}
2026-10-03T19:20:19 276.323 INF [MC7DTD] 7DTD entity sent: {"authority":"7dtd","dimension":"7dtd:main","entity_id":"d8e7c437-fca2-4ccd-82e9-ad13fdaf1690","entity_type":"7dtd:player","lifecycle":{"event":"update"},"metadata":{},"origin":{"dimension":"7dtd:main","entity_id":"d8e7c437-fca2-4ccd-82e9-ad13fdaf1690","game":"7dtd","world_id":"td-0d917a4eff776d999148769266591579674d2c42de6557026893a1902834f11f"},"position":{"space":"7dtd","x":-273.5540771484375,"y":61.079998016357422,"z":448.81915283203125},"rotation":{"pitch":-3.125,"roll":0,"yaw":109.17742919921875},"sequence":357,"source":"7dtd","stream_id":"5cf26971-f748-4142-b4cd-04d762e18d59","type":"entity_state","version":2,"world_id":"td-0d917a4eff776d999148769266591579674d2c42de6557026893a1902834f11f"}
2026-10-03T19:20:19 276.825 INF [MC7DTD] 7DTD entity sent: {"authority":"7dtd","dimension":"7dtd:main","entity_id":"d8e7c437-fca2-4ccd-82e9-ad13fdaf1690","entity_type":"7dtd:player","lifecycle":{"event":"update"},"metadata":{},"origin":{"dimension":"7dtd:main","entity_id":"d8e7c437-fca2-4ccd-82e9-ad13fdaf1690","game":"7dtd","world_id":"td-0d917a4eff776d999148769266591579674d2c42de6557026893a1902834f11f"},"position":{"space":"7dtd","x":-273.5540771484375,"y":61.079998016357422,"z":448.81915283203125},"rotation":{"pitch":-3.125,"roll":0,"yaw":109.17742919921875},"sequence":358,"source":"7dtd","stream_id":"5cf26971-f748-4142-b4cd-04d762e18d59","type":"entity_state","version":2,"world_id":"td-0d917a4eff776d999148769266591579674d2c42de6557026893a1902834f11f"}
2026-10-03T19:20:20 277.327 INF [MC7DTD] 7DTD entity sent: {"authority":"7dtd","dimension":"7dtd:main","entity_id":"d8e7c437-fca2-4ccd-82e9-ad13fdaf1690","entity_type":"7dtd:player","lifecycle":{"event":"update"},"metadata":{},"origin":{"dimension":"7dtd:main","entity_id":"d8e7c437-fca2-4ccd-82e9-ad13fdaf1690","game":"7dtd","world_id":"td-0d917a4eff776d999148769266591579674d2c42de6557026893a1902834f11f"},"position":{"space":"7dtd","x":-273.5540771484375,"y":61.079998016357422,"z":448.81915283203125},"rotation":{"pitch":-3.125,"roll":0,"yaw":109.17742919921875},"sequence":359,"source":"7dtd","stream_id":"5cf26971-f748-4142-b4cd-04d762e18d59","type":"entity_state","version":2,"world_id":"td-0d917a4eff776d999148769266591579674d2c42de6557026893a1902834f11f"}
2026-10-03T19:20:20 277.828 INF [MC7DTD] 7DTD entity sent: {"authority":"7dtd","dimension":"7dtd:main","entity_id":"d8e7c437-fca2-4ccd-82e9-ad13fdaf1690","entity_type":"7dtd:player","lifecycle":{"event":"update"},"metadata":{},"origin":{"dimension":"7dtd:main","entity_id":"d8e7c437-fca2-4ccd-82e9-ad13fdaf1690","game":"7dtd","world_id":"td-0d917a4eff776d999148769266591579674d2c42de6557026893a1902834f11f"},"position":{"space":"7dtd","x":-273.5540771484375,"y":61.079998016357422,"z":448.81915283203125},"rotation":{"pitch":-3.125,"roll":0,"yaw":109.17742919921875},"sequence":360,"source":"7dtd","stream_id":"5cf26971-f748-4142-b4cd-04d762e18d59","type":"entity_state","version":2,"world_id":"td-0d917a4eff776d999148769266591579674d2c42de6557026893a1902834f11f"}
2026-10-03T19:20:21 278.330 INF [MC7DTD] 7DTD entity sent: {"authority":"7dtd","dimension":"7dtd:main","entity_id":"d8e7c437-fca2-4ccd-82e9-ad13fdaf1690","entity_type":"7dtd:player","lifecycle":{"event":"update"},"metadata":{},"origin":{"dimension":"7dtd:main","entity_id":"d8e7c437-fca2-4ccd-82e9-ad13fdaf1690","game":"7dtd","world_id":"td-0d917a4eff776d999148769266591579674d2c42de6557026893a1902834f11f"},"position":{"space":"7dtd","x":-273.5540771484375,"y":61.079998016357422,"z":448.81915283203125},"rotation":{"pitch":-3.125,"roll":0,"yaw":109.17742919921875},"sequence":361,"source":"7dtd","stream_id":"5cf26971-f748-4142-b4cd-04d762e18d59","type":"entity_state","version":2,"world_id":"td-0d917a4eff776d999148769266591579674d2c42de6557026893a1902834f11f"}
2026-10-03T19:20:21 278.833 INF [MC7DTD] 7DTD entity sent: {"authority":"7dtd","dimension":"7dtd:main","entity_id":"d8e7c437-fca2-4ccd-82e9-ad13fdaf1690","entity_type":"7dtd:player","lifecycle":{"event":"update"},"metadata":{},"origin":{"dimension":"7dtd:main","entity_id":"d8e7c437-fca2-4ccd-82e9-ad13fdaf1690","game":"7dtd","world_id":"td-0d917a4eff776d999148769266591579674d2c42de6557026893a1902834f11f"},"position":{"space":"7dtd","x":-273.5540771484375,"y":61.079998016357422,"z":448.81915283203125},"rotation":{"pitch":-3.125,"roll":0,"yaw":109.17742919921875},"sequence":362,"source":"7dtd","stream_id":"5cf26971-f748-4142-b4cd-04d762e18d59","type":"entity_state","version":2,"world_id":"td-0d917a4eff776d999148769266591579674d2c42de6557026893a1902834f11f"}
2026-10-03T19:20:22 279.335 INF [MC7DTD] 7DTD entity sent: {"authority":"7dtd","dimension":"7dtd:main","entity_id":"d8e7c437-fca2-4ccd-82e9-ad13fdaf1690","entity_type":"7dtd:player","lifecycle":{"event":"update"},"metadata":{},"origin":{"dimension":"7dtd:main","entity_id":"d8e7c437-fca2-4ccd-82e9-ad13fdaf1690","game":"7dtd","world_id":"td-0d917a4eff776d999148769266591579674d2c42de6557026893a1902834f11f"},"position":{"space":"7dtd","x":-273.5540771484375,"y":61.079998016357422,"z":448.81915283203125},"rotation":{"pitch":-3.125,"roll":0,"yaw":109.17742919921875},"sequence":363,"source":"7dtd","stream_id":"5cf26971-f748-4142-b4cd-04d762e18d59","type":"entity_state","version":2,"world_id":"td-0d917a4eff776d999148769266591579674d2c42de6557026893a1902834f11f"}
2026-10-03T19:20:22 279.838 INF [MC7DTD] 7DTD entity sent: {"authority":"7dtd","dimension":"7dtd:main","entity_id":"d8e7c437-fca2-4ccd-82e9-ad13fdaf1690","entity_type":"7dtd:player","lifecycle":{"event":"update"},"metadata":{},"origin":{"dimension":"7dtd:main","entity_id":"d8e7c437-fca2-4ccd-82e9-ad13fdaf1690","game":"7dtd","world_id":"td-0d917a4eff776d999148769266591579674d2c42de6557026893a1902834f11f"},"position":{"space":"7dtd","x":-273.5540771484375,"y":61.079998016357422,"z":448.81915283203125},"rotation":{"pitch":-3.125,"roll":0,"yaw":109.17742919921875},"sequence":364,"source":"7dtd","stream_id":"5cf26971-f748-4142-b4cd-04d762e18d59","type":"entity_state","version":2,"world_id":"td-0d917a4eff776d999148769266591579674d2c42de6557026893a1902834f11f"}
2026-10-03T19:20:23 280.339 INF [MC7DTD] 7DTD entity sent: {"authority":"7dtd","dimension":"7dtd:main","entity_id":"d8e7c437-fca2-4ccd-82e9-ad13fdaf1690","entity_type":"7dtd:player","lifecycle":{"event":"update"},"metadata":{},"origin":{"dimension":"7dtd:main","entity_id":"d8e7c437-fca2-4ccd-82e9-ad13fdaf1690","game":"7dtd","world_id":"td-0d917a4eff776d999148769266591579674d2c42de6557026893a1902834f11f"},"position":{"space":"7dtd","x":-273.5540771484375,"y":61.079998016357422,"z":448.81915283203125},"rotation":{"pitch":-3.125,"roll":0,"yaw":109.17742919921875},"sequence":365,"source":"7dtd","stream_id":"5cf26971-f748-4142-b4cd-04d762e18d59","type":"entity_state","version":2,"world_id":"td-0d917a4eff776d999148769266591579674d2c42de6557026893a1902834f11f"}
2026-10-03T19:20:23 280.841 INF [MC7DTD] 7DTD entity sent: {"authority":"7dtd","dimension":"7dtd:main","entity_id":"d8e7c437-fca2-4ccd-82e9-ad13fdaf1690","entity_type":"7dtd:player","lifecycle":{"event":"update"},"metadata":{},"origin":{"dimension":"7dtd:main","entity_id":"d8e7c437-fca2-4ccd-82e9-ad13fdaf1690","game":"7dtd","world_id":"td-0d917a4eff776d999148769266591579674d2c42de6557026893a1902834f11f"},"position":{"space":"7dtd","x":-273.5540771484375,"y":61.079998016357422,"z":448.81915283203125},"rotation":{"pitch":-3.125,"roll":0,"yaw":109.17742919921875},"sequence":366,"source":"7dtd","stream_id":"5cf26971-f748-4142-b4cd-04d762e18d59","type":"entity_state","version":2,"world_id":"td-0d917a4eff776d999148769266591579674d2c42de6557026893a1902834f11f"}
2026-10-03T19:20:24 281.343 INF [MC7DTD] 7DTD entity sent: {"authority":"7dtd","dimension":"7dtd:main","entity_id":"d8e7c437-fca2-4ccd-82e9-ad13fdaf1690","entity_type":"7dtd:player","lifecycle":{"event":"update"},"metadata":{},"origin":{"dimension":"7dtd:main","entity_id":"d8e7c437-fca2-4ccd-82e9-ad13fdaf1690","game":"7dtd","world_id":"td-0d917a4eff776d999148769266591579674d2c42de6557026893a1902834f11f"},"position":{"space":"7dtd","x":-273.5540771484375,"y":61.079998016357422,"z":448.81915283203125},"rotation":{"pitch":-3.125,"roll":0,"yaw":109.17742919921875},"sequence":367,"source":"7dtd","stream_id":"5cf26971-f748-4142-b4cd-04d762e18d59","type":"entity_state","version":2,"world_id":"td-0d917a4eff776d999148769266591579674d2c42de6557026893a1902834f11f"}
2026-10-03T19:20:24 281.844 INF [MC7DTD] 7DTD entity sent: {"authority":"7dtd","dimension":"7dtd:main","entity_id":"d8e7c437-fca2-4ccd-82e9-ad13fdaf1690","entity_type":"7dtd:player","lifecycle":{"event":"update"},"metadata":{},"origin":{"dimension":"7dtd:main","entity_id":"d8e7c437-fca2-4ccd-82e9-ad13fdaf1690","game":"7dtd","world_id":"td-0d917a4eff776d999148769266591579674d2c42de6557026893a1902834f11f"},"position":{"space":"7dtd","x":-273.5540771484375,"y":61.079998016357422,"z":448.81915283203125},"rotation":{"pitch":-3.125,"roll":0,"yaw":109.17742919921875},"sequence":368,"source":"7dtd","stream_id":"5cf26971-f748-4142-b4cd-04d762e18d59","type":"entity_state","version":2,"world_id":"td-0d917a4eff776d999148769266591579674d2c42de6557026893a1902834f11f"}
2026-10-03T19:20:25 282.345 INF [MC7DTD] 7DTD entity sent: {"authority":"7dtd","dimension":"7dtd:main","entity_id":"d8e7c437-fca2-4ccd-82e9-ad13fdaf1690","entity_type":"7dtd:player","lifecycle":{"event":"update"},"metadata":{},"origin":{"dimension":"7dtd:main","entity_id":"d8e7c437-fca2-4ccd-82e9-ad13fdaf1690","game":"7dtd","world_id":"td-0d917a4eff776d999148769266591579674d2c42de6557026893a1902834f11f"},"position":{"space":"7dtd","x":-273.5540771484375,"y":61.079998016357422,"z":448.81915283203125},"rotation":{"pitch":-3.125,"roll":0,"yaw":109.17742919921875},"sequence":369,"source":"7dtd","stream_id":"5cf26971-f748-4142-b4cd-04d762e18d59","type":"entity_state","version":2,"world_id":"td-0d917a4eff776d999148769266591579674d2c42de6557026893a1902834f11f"}
2026-10-03T19:20:25 282.848 INF [MC7DTD] 7DTD entity sent: {"authority":"7dtd","dimension":"7dtd:main","entity_id":"d8e7c437-fca2-4ccd-82e9-ad13fdaf1690","entity_type":"7dtd:player","lifecycle":{"event":"update"},"metadata":{},"origin":{"dimension":"7dtd:main","entity_id":"d8e7c437-fca2-4ccd-82e9-ad13fdaf1690","game":"7dtd","world_id":"td-0d917a4eff776d999148769266591579674d2c42de6557026893a1902834f11f"},"position":{"space":"7dtd","x":-273.5540771484375,"y":61.079998016357422,"z":448.81915283203125},"rotation":{"pitch":-3.125,"roll":0,"yaw":109.17742919921875},"sequence":370,"source":"7dtd","stream_id":"5cf26971-f748-4142-b4cd-04d762e18d59","type":"entity_state","version":2,"world_id":"td-0d917a4eff776d999148769266591579674d2c42de6557026893a1902834f11f"}
2026-10-03T19:20:26 283.349 INF [MC7DTD] 7DTD entity sent: {"authority":"7dtd","dimension":"7dtd:main","entity_id":"d8e7c437-fca2-4ccd-82e9-ad13fdaf1690","entity_type":"7dtd:player","lifecycle":{"event":"update"},"metadata":{},"origin":{"dimension":"7dtd:main","entity_id":"d8e7c437-fca2-4ccd-82e9-ad13fdaf1690","game":"7dtd","world_id":"td-0d917a4eff776d999148769266591579674d2c42de6557026893a1902834f11f"},"position":{"space":"7dtd","x":-273.5540771484375,"y":61.079998016357422,"z":448.81915283203125},"rotation":{"pitch":-3.125,"roll":0,"yaw":109.17742919921875},"sequence":371,"source":"7dtd","stream_id":"5cf26971-f748-4142-b4cd-04d762e18d59","type":"entity_state","version":2,"world_id":"td-0d917a4eff776d999148769266591579674d2c42de6557026893a1902834f11f"}
2026-10-03T19:20:26 283.852 INF [MC7DTD] 7DTD entity sent: {"authority":"7dtd","dimension":"7dtd:main","entity_id":"d8e7c437-fca2-4ccd-82e9-ad13fdaf1690","entity_type":"7dtd:player","lifecycle":{"event":"update"},"metadata":{},"origin":{"dimension":"7dtd:main","entity_id":"d8e7c437-fca2-4ccd-82e9-ad13fdaf1690","game":"7dtd","world_id":"td-0d917a4eff776d999148769266591579674d2c42de6557026893a1902834f11f"},"position":{"space":"7dtd","x":-273.5540771484375,"y":61.079998016357422,"z":448.81915283203125},"rotation":{"pitch":-3.125,"roll":0,"yaw":109.17742919921875},"sequence":372,"source":"7dtd","stream_id":"5cf26971-f748-4142-b4cd-04d762e18d59","type":"entity_state","version":2,"world_id":"td-0d917a4eff776d999148769266591579674d2c42de6557026893a1902834f11f"}
2026-10-03T19:20:27 284.354 INF [MC7DTD] 7DTD entity sent: {"authority":"7dtd","dimension":"7dtd:main","entity_id":"d8e7c437-fca2-4ccd-82e9-ad13fdaf1690","entity_type":"7dtd:player","lifecycle":{"event":"update"},"metadata":{},"origin":{"dimension":"7dtd:main","entity_id":"d8e7c437-fca2-4ccd-82e9-ad13fdaf1690","game":"7dtd","world_id":"td-0d917a4eff776d999148769266591579674d2c42de6557026893a1902834f11f"},"position":{"space":"7dtd","x":-273.5540771484375,"y":61.079998016357422,"z":448.81915283203125},"rotation":{"pitch":-3.125,"roll":0,"yaw":109.17742919921875},"sequence":373,"source":"7dtd","stream_id":"5cf26971-f748-4142-b4cd-04d762e18d59","type":"entity_state","version":2,"world_id":"td-0d917a4eff776d999148769266591579674d2c42de6557026893a1902834f11f"}
2026-10-03T19:20:27 284.857 INF [MC7DTD] 7DTD entity sent: {"authority":"7dtd","dimension":"7dtd:main","entity_id":"d8e7c437-fca2-4ccd-82e9-ad13fdaf1690","entity_type":"7dtd:player","lifecycle":{"event":"update"},"metadata":{},"origin":{"dimension":"7dtd:main","entity_id":"d8e7c437-fca2-4ccd-82e9-ad13fdaf1690","game":"7dtd","world_id":"td-0d917a4eff776d999148769266591579674d2c42de6557026893a1902834f11f"},"position":{"space":"7dtd","x":-273.5540771484375,"y":61.079998016357422,"z":448.81915283203125},"rotation":{"pitch":-3.125,"roll":0,"yaw":109.17742919921875},"sequence":374,"source":"7dtd","stream_id":"5cf26971-f748-4142-b4cd-04d762e18d59","type":"entity_state","version":2,"world_id":"td-0d917a4eff776d999148769266591579674d2c42de6557026893a1902834f11f"}
2026-10-03T19:20:28 285.359 INF [MC7DTD] 7DTD entity sent: {"authority":"7dtd","dimension":"7dtd:main","entity_id":"d8e7c437-fca2-4ccd-82e9-ad13fdaf1690","entity_type":"7dtd:player","lifecycle":{"event":"update"},"metadata":{},"origin":{"dimension":"7dtd:main","entity_id":"d8e7c437-fca2-4ccd-82e9-ad13fdaf1690","game":"7dtd","world_id":"td-0d917a4eff776d999148769266591579674d2c42de6557026893a1902834f11f"},"position":{"space":"7dtd","x":-273.5540771484375,"y":61.079998016357422,"z":448.81915283203125},"rotation":{"pitch":-3.125,"roll":0,"yaw":109.17742919921875},"sequence":375,"source":"7dtd","stream_id":"5cf26971-f748-4142-b4cd-04d762e18d59","type":"entity_state","version":2,"world_id":"td-0d917a4eff776d999148769266591579674d2c42de6557026893a1902834f11f"}
2026-10-03T19:20:28 285.861 INF [MC7DTD] 7DTD entity sent: {"authority":"7dtd","dimension":"7dtd:main","entity_id":"d8e7c437-fca2-4ccd-82e9-ad13fdaf1690","entity_type":"7dtd:player","lifecycle":{"event":"update"},"metadata":{},"origin":{"dimension":"7dtd:main","entity_id":"d8e7c437-fca2-4ccd-82e9-ad13fdaf1690","game":"7dtd","world_id":"td-0d917a4eff776d999148769266591579674d2c42de6557026893a1902834f11f"},"position":{"space":"7dtd","x":-273.5540771484375,"y":61.079998016357422,"z":448.81915283203125},"rotation":{"pitch":-3.125,"roll":0,"yaw":109.17742919921875},"sequence":376,"source":"7dtd","stream_id":"5cf26971-f748-4142-b4cd-04d762e18d59","type":"entity_state","version":2,"world_id":"td-0d917a4eff776d999148769266591579674d2c42de6557026893a1902834f11f"}
2026-10-03T19:20:29 286.364 INF [MC7DTD] 7DTD entity sent: {"authority":"7dtd","dimension":"7dtd:main","entity_id":"d8e7c437-fca2-4ccd-82e9-ad13fdaf1690","entity_type":"7dtd:player","lifecycle":{"event":"update"},"metadata":{},"origin":{"dimension":"7dtd:main","entity_id":"d8e7c437-fca2-4ccd-82e9-ad13fdaf1690","game":"7dtd","world_id":"td-0d917a4eff776d999148769266591579674d2c42de6557026893a1902834f11f"},"position":{"space":"7dtd","x":-273.5540771484375,"y":61.079998016357422,"z":448.81915283203125},"rotation":{"pitch":-3.125,"roll":0,"yaw":109.17742919921875},"sequence":377,"source":"7dtd","stream_id":"5cf26971-f748-4142-b4cd-04d762e18d59","type":"entity_state","version":2,"world_id":"td-0d917a4eff776d999148769266591579674d2c42de6557026893a1902834f11f"}
2026-10-03T19:20:29 286.866 INF [MC7DTD] 7DTD entity sent: {"authority":"7dtd","dimension":"7dtd:main","entity_id":"d8e7c437-fca2-4ccd-82e9-ad13fdaf1690","entity_type":"7dtd:player","lifecycle":{"event":"update"},"metadata":{},"origin":{"dimension":"7dtd:main","entity_id":"d8e7c437-fca2-4ccd-82e9-ad13fdaf1690","game":"7dtd","world_id":"td-0d917a4eff776d999148769266591579674d2c42de6557026893a1902834f11f"},"position":{"space":"7dtd","x":-273.5540771484375,"y":61.079998016357422,"z":448.81915283203125},"rotation":{"pitch":-3.125,"roll":0,"yaw":109.17742919921875},"sequence":378,"source":"7dtd","stream_id":"5cf26971-f748-4142-b4cd-04d762e18d59","type":"entity_state","version":2,"world_id":"td-0d917a4eff776d999148769266591579674d2c42de6557026893a1902834f11f"}
2026-10-03T19:20:30 287.268 INF [MC7DTD] 7DTD entity sent: {"authority":"7dtd","dimension":"7dtd:main","entity_id":"d8e7c437-fca2-4ccd-82e9-ad13fdaf1690","entity_type":"7dtd:player","lifecycle":{"event":"update"},"metadata":{},"origin":{"dimension":"7dtd:main","entity_id":"d8e7c437-fca2-4ccd-82e9-ad13fdaf1690","game":"7dtd","world_id":"td-0d917a4eff776d999148769266591579674d2c42de6557026893a1902834f11f"},"position":{"space":"7dtd","x":-273.5540771484375,"y":61.079998016357422,"z":448.81915283203125},"rotation":{"pitch":-3.125,"roll":0,"yaw":109.17742919921875},"sequence":379,"source":"7dtd","stream_id":"5cf26971-f748-4142-b4cd-04d762e18d59","type":"entity_state","version":2,"world_id":"td-0d917a4eff776d999148769266591579674d2c42de6557026893a1902834f11f"}
2026-10-03T19:20:30 287.769 INF [MC7DTD] 7DTD entity sent: {"authority":"7dtd","dimension":"7dtd:main","entity_id":"d8e7c437-fca2-4ccd-82e9-ad13fdaf1690","entity_type":"7dtd:player","lifecycle":{"event":"update"},"metadata":{},"origin":{"dimension":"7dtd:main","entity_id":"d8e7c437-fca2-4ccd-82e9-ad13fdaf1690","game":"7dtd","world_id":"td-0d917a4eff776d999148769266591579674d2c42de6557026893a1902834f11f"},"position":{"space":"7dtd","x":-273.5540771484375,"y":61.079998016357422,"z":448.81915283203125},"rotation":{"pitch":-3.125,"roll":0,"yaw":109.17742919921875},"sequence":380,"source":"7dtd","stream_id":"5cf26971-f748-4142-b4cd-04d762e18d59","type":"entity_state","version":2,"world_id":"td-0d917a4eff776d999148769266591579674d2c42de6557026893a1902834f11f"}
2026-10-03T19:20:31 288.271 INF [MC7DTD] 7DTD entity sent: {"authority":"7dtd","dimension":"7dtd:main","entity_id":"d8e7c437-fca2-4ccd-82e9-ad13fdaf1690","entity_type":"7dtd:player","lifecycle":{"event":"update"},"metadata":{},"origin":{"dimension":"7dtd:main","entity_id":"d8e7c437-fca2-4ccd-82e9-ad13fdaf1690","game":"7dtd","world_id":"td-0d917a4eff776d999148769266591579674d2c42de6557026893a1902834f11f"},"position":{"space":"7dtd","x":-273.5540771484375,"y":61.079998016357422,"z":448.81915283203125},"rotation":{"pitch":-3.125,"roll":0,"yaw":109.17742919921875},"sequence":381,"source":"7dtd","stream_id":"5cf26971-f748-4142-b4cd-04d762e18d59","type":"entity_state","version":2,"world_id":"td-0d917a4eff776d999148769266591579674d2c42de6557026893a1902834f11f"}
2026-10-03T19:20:31 288.773 INF [MC7DTD] 7DTD entity sent: {"authority":"7dtd","dimension":"7dtd:main","entity_id":"d8e7c437-fca2-4ccd-82e9-ad13fdaf1690","entity_type":"7dtd:player","lifecycle":{"event":"update"},"metadata":{},"origin":{"dimension":"7dtd:main","entity_id":"d8e7c437-fca2-4ccd-82e9-ad13fdaf1690","game":"7dtd","world_id":"td-0d917a4eff776d999148769266591579674d2c42de6557026893a1902834f11f"},"position":{"space":"7dtd","x":-273.5540771484375,"y":61.079998016357422,"z":448.81915283203125},"rotation":{"pitch":-3.125,"roll":0,"yaw":109.17742919921875},"sequence":382,"source":"7dtd","stream_id":"5cf26971-f748-4142-b4cd-04d762e18d59","type":"entity_state","version":2,"world_id":"td-0d917a4eff776d999148769266591579674d2c42de6557026893a1902834f11f"}
2026-10-03T19:20:32 289.274 INF [MC7DTD] 7DTD entity sent: {"authority":"7dtd","dimension":"7dtd:main","entity_id":"d8e7c437-fca2-4ccd-82e9-ad13fdaf1690","entity_type":"7dtd:player","lifecycle":{"event":"update"},"metadata":{},"origin":{"dimension":"7dtd:main","entity_id":"d8e7c437-fca2-4ccd-82e9-ad13fdaf1690","game":"7dtd","world_id":"td-0d917a4eff776d999148769266591579674d2c42de6557026893a1902834f11f"},"position":{"space":"7dtd","x":-273.5540771484375,"y":61.079998016357422,"z":448.81915283203125},"rotation":{"pitch":-3.125,"roll":0,"yaw":109.17742919921875},"sequence":383,"source":"7dtd","stream_id":"5cf26971-f748-4142-b4cd-04d762e18d59","type":"entity_state","version":2,"world_id":"td-0d917a4eff776d999148769266591579674d2c42de6557026893a1902834f11f"}
2026-10-03T19:20:32 289.776 INF [MC7DTD] 7DTD entity sent: {"authority":"7dtd","dimension":"7dtd:main","entity_id":"d8e7c437-fca2-4ccd-82e9-ad13fdaf1690","entity_type":"7dtd:player","lifecycle":{"event":"update"},"metadata":{},"origin":{"dimension":"7dtd:main","entity_id":"d8e7c437-fca2-4ccd-82e9-ad13fdaf1690","game":"7dtd","world_id":"td-0d917a4eff776d999148769266591579674d2c42de6557026893a1902834f11f"},"position":{"space":"7dtd","x":-273.5540771484375,"y":61.079998016357422,"z":448.81915283203125},"rotation":{"pitch":-3.125,"roll":0,"yaw":109.17742919921875},"sequence":384,"source":"7dtd","stream_id":"5cf26971-f748-4142-b4cd-04d762e18d59","type":"entity_state","version":2,"world_id":"td-0d917a4eff776d999148769266591579674d2c42de6557026893a1902834f11f"}
2026-10-03T19:20:33 290.278 INF [MC7DTD] 7DTD entity sent: {"authority":"7dtd","dimension":"7dtd:main","entity_id":"d8e7c437-fca2-4ccd-82e9-ad13fdaf1690","entity_type":"7dtd:player","lifecycle":{"event":"update"},"metadata":{},"origin":{"dimension":"7dtd:main","entity_id":"d8e7c437-fca2-4ccd-82e9-ad13fdaf1690","game":"7dtd","world_id":"td-0d917a4eff776d999148769266591579674d2c42de6557026893a1902834f11f"},"position":{"space":"7dtd","x":-273.5540771484375,"y":61.079998016357422,"z":448.81915283203125},"rotation":{"pitch":-3.125,"roll":0,"yaw":109.17742919921875},"sequence":385,"source":"7dtd","stream_id":"5cf26971-f748-4142-b4cd-04d762e18d59","type":"entity_state","version":2,"world_id":"td-0d917a4eff776d999148769266591579674d2c42de6557026893a1902834f11f"}
2026-10-03T19:20:33 290.879 INF [MC7DTD] 7DTD entity sent: {"authority":"7dtd","dimension":"7dtd:main","entity_id":"d8e7c437-fca2-4ccd-82e9-ad13fdaf1690","entity_type":"7dtd:player","lifecycle":{"event":"update"},"metadata":{},"origin":{"dimension":"7dtd:main","entity_id":"d8e7c437-fca2-4ccd-82e9-ad13fdaf1690","game":"7dtd","world_id":"td-0d917a4eff776d999148769266591579674d2c42de6557026893a1902834f11f"},"position":{"space":"7dtd","x":-273.5540771484375,"y":61.079998016357422,"z":448.81915283203125},"rotation":{"pitch":-3.125,"roll":0,"yaw":109.17742919921875},"sequence":386,"source":"7dtd","stream_id":"5cf26971-f748-4142-b4cd-04d762e18d59","type":"entity_state","version":2,"world_id":"td-0d917a4eff776d999148769266591579674d2c42de6557026893a1902834f11f"}
2026-10-03T19:20:34 291.382 INF [MC7DTD] 7DTD entity sent: {"authority":"7dtd","dimension":"7dtd:main","entity_id":"d8e7c437-fca2-4ccd-82e9-ad13fdaf1690","entity_type":"7dtd:player","lifecycle":{"event":"update"},"metadata":{},"origin":{"dimension":"7dtd:main","entity_id":"d8e7c437-fca2-4ccd-82e9-ad13fdaf1690","game":"7dtd","world_id":"td-0d917a4eff776d999148769266591579674d2c42de6557026893a1902834f11f"},"position":{"space":"7dtd","x":-273.5540771484375,"y":61.079998016357422,"z":448.81915283203125},"rotation":{"pitch":-3.125,"roll":0,"yaw":109.17742919921875},"sequence":387,"source":"7dtd","stream_id":"5cf26971-f748-4142-b4cd-04d762e18d59","type":"entity_state","version":2,"world_id":"td-0d917a4eff776d999148769266591579674d2c42de6557026893a1902834f11f"}
2026-10-03T19:20:34 291.884 INF [MC7DTD] 7DTD entity sent: {"authority":"7dtd","dimension":"7dtd:main","entity_id":"d8e7c437-fca2-4ccd-82e9-ad13fdaf1690","entity_type":"7dtd:player","lifecycle":{"event":"update"},"metadata":{},"origin":{"dimension":"7dtd:main","entity_id":"d8e7c437-fca2-4ccd-82e9-ad13fdaf1690","game":"7dtd","world_id":"td-0d917a4eff776d999148769266591579674d2c42de6557026893a1902834f11f"},"position":{"space":"7dtd","x":-273.5540771484375,"y":61.079998016357422,"z":448.81915283203125},"rotation":{"pitch":-3.125,"roll":0,"yaw":109.17742919921875},"sequence":388,"source":"7dtd","stream_id":"5cf26971-f748-4142-b4cd-04d762e18d59","type":"entity_state","version":2,"world_id":"td-0d917a4eff776d999148769266591579674d2c42de6557026893a1902834f11f"}
2026-10-03T19:20:35 292.386 INF [MC7DTD] 7DTD entity sent: {"authority":"7dtd","dimension":"7dtd:main","entity_id":"d8e7c437-fca2-4ccd-82e9-ad13fdaf1690","entity_type":"7dtd:player","lifecycle":{"event":"update"},"metadata":{},"origin":{"dimension":"7dtd:main","entity_id":"d8e7c437-fca2-4ccd-82e9-ad13fdaf1690","game":"7dtd","world_id":"td-0d917a4eff776d999148769266591579674d2c42de6557026893a1902834f11f"},"position":{"space":"7dtd","x":-273.5540771484375,"y":61.079998016357422,"z":448.81915283203125},"rotation":{"pitch":-3.125,"roll":0,"yaw":109.17742919921875},"sequence":389,"source":"7dtd","stream_id":"5cf26971-f748-4142-b4cd-04d762e18d59","type":"entity_state","version":2,"world_id":"td-0d917a4eff776d999148769266591579674d2c42de6557026893a1902834f11f"}
2026-10-03T19:20:35 292.888 INF [MC7DTD] 7DTD entity sent: {"authority":"7dtd","dimension":"7dtd:main","entity_id":"d8e7c437-fca2-4ccd-82e9-ad13fdaf1690","entity_type":"7dtd:player","lifecycle":{"event":"update"},"metadata":{},"origin":{"dimension":"7dtd:main","entity_id":"d8e7c437-fca2-4ccd-82e9-ad13fdaf1690","game":"7dtd","world_id":"td-0d917a4eff776d999148769266591579674d2c42de6557026893a1902834f11f"},"position":{"space":"7dtd","x":-273.5540771484375,"y":61.079998016357422,"z":448.81915283203125},"rotation":{"pitch":-3.125,"roll":0,"yaw":109.17742919921875},"sequence":390,"source":"7dtd","stream_id":"5cf26971-f748-4142-b4cd-04d762e18d59","type":"entity_state","version":2,"world_id":"td-0d917a4eff776d999148769266591579674d2c42de6557026893a1902834f11f"}
2026-10-03T19:20:36 293.289 INF [MC7DTD] 7DTD entity sent: {"authority":"7dtd","dimension":"7dtd:main","entity_id":"d8e7c437-fca2-4ccd-82e9-ad13fdaf1690","entity_type":"7dtd:player","lifecycle":{"event":"update"},"metadata":{},"origin":{"dimension":"7dtd:main","entity_id":"d8e7c437-fca2-4ccd-82e9-ad13fdaf1690","game":"7dtd","world_id":"td-0d917a4eff776d999148769266591579674d2c42de6557026893a1902834f11f"},"position":{"space":"7dtd","x":-273.5540771484375,"y":61.079998016357422,"z":448.81915283203125},"rotation":{"pitch":-3.125,"roll":0,"yaw":109.17742919921875},"sequence":391,"source":"7dtd","stream_id":"5cf26971-f748-4142-b4cd-04d762e18d59","type":"entity_state","version":2,"world_id":"td-0d917a4eff776d999148769266591579674d2c42de6557026893a1902834f11f"}
2026-10-03T19:20:36 293.791 INF [MC7DTD] 7DTD entity sent: {"authority":"7dtd","dimension":"7dtd:main","entity_id":"d8e7c437-fca2-4ccd-82e9-ad13fdaf1690","entity_type":"7dtd:player","lifecycle":{"event":"update"},"metadata":{},"origin":{"dimension":"7dtd:main","entity_id":"d8e7c437-fca2-4ccd-82e9-ad13fdaf1690","game":"7dtd","world_id":"td-0d917a4eff776d999148769266591579674d2c42de6557026893a1902834f11f"},"position":{"space":"7dtd","x":-273.5540771484375,"y":61.079998016357422,"z":448.81915283203125},"rotation":{"pitch":-3.125,"roll":0,"yaw":109.17742919921875},"sequence":392,"source":"7dtd","stream_id":"5cf26971-f748-4142-b4cd-04d762e18d59","type":"entity_state","version":2,"world_id":"td-0d917a4eff776d999148769266591579674d2c42de6557026893a1902834f11f"}
2026-10-03T19:20:37 294.294 INF [MC7DTD] 7DTD entity sent: {"authority":"7dtd","dimension":"7dtd:main","entity_id":"d8e7c437-fca2-4ccd-82e9-ad13fdaf1690","entity_type":"7dtd:player","lifecycle":{"event":"update"},"metadata":{},"origin":{"dimension":"7dtd:main","entity_id":"d8e7c437-fca2-4ccd-82e9-ad13fdaf1690","game":"7dtd","world_id":"td-0d917a4eff776d999148769266591579674d2c42de6557026893a1902834f11f"},"position":{"space":"7dtd","x":-273.5540771484375,"y":61.079998016357422,"z":448.81915283203125},"rotation":{"pitch":-3.125,"roll":0,"yaw":109.17742919921875},"sequence":393,"source":"7dtd","stream_id":"5cf26971-f748-4142-b4cd-04d762e18d59","type":"entity_state","version":2,"world_id":"td-0d917a4eff776d999148769266591579674d2c42de6557026893a1902834f11f"}
2026-10-03T19:20:37 294.796 INF [MC7DTD] 7DTD entity sent: {"authority":"7dtd","dimension":"7dtd:main","entity_id":"d8e7c437-fca2-4ccd-82e9-ad13fdaf1690","entity_type":"7dtd:player","lifecycle":{"event":"update"},"metadata":{},"origin":{"dimension":"7dtd:main","entity_id":"d8e7c437-fca2-4ccd-82e9-ad13fdaf1690","game":"7dtd","world_id":"td-0d917a4eff776d999148769266591579674d2c42de6557026893a1902834f11f"},"position":{"space":"7dtd","x":-273.5540771484375,"y":61.079998016357422,"z":448.81915283203125},"rotation":{"pitch":-3.125,"roll":0,"yaw":109.17742919921875},"sequence":394,"source":"7dtd","stream_id":"5cf26971-f748-4142-b4cd-04d762e18d59","type":"entity_state","version":2,"world_id":"td-0d917a4eff776d999148769266591579674d2c42de6557026893a1902834f11f"}
2026-10-03T19:20:38 295.298 INF [MC7DTD] 7DTD entity sent: {"authority":"7dtd","dimension":"7dtd:main","entity_id":"d8e7c437-fca2-4ccd-82e9-ad13fdaf1690","entity_type":"7dtd:player","lifecycle":{"event":"update"},"metadata":{},"origin":{"dimension":"7dtd:main","entity_id":"d8e7c437-fca2-4ccd-82e9-ad13fdaf1690","game":"7dtd","world_id":"td-0d917a4eff776d999148769266591579674d2c42de6557026893a1902834f11f"},"position":{"space":"7dtd","x":-273.5540771484375,"y":61.079998016357422,"z":448.81915283203125},"rotation":{"pitch":-3.125,"roll":0,"yaw":109.17742919921875},"sequence":395,"source":"7dtd","stream_id":"5cf26971-f748-4142-b4cd-04d762e18d59","type":"entity_state","version":2,"world_id":"td-0d917a4eff776d999148769266591579674d2c42de6557026893a1902834f11f"}
2026-10-03T19:20:38 295.799 INF [MC7DTD] 7DTD entity sent: {"authority":"7dtd","dimension":"7dtd:main","entity_id":"d8e7c437-fca2-4ccd-82e9-ad13fdaf1690","entity_type":"7dtd:player","lifecycle":{"event":"update"},"metadata":{},"origin":{"dimension":"7dtd:main","entity_id":"d8e7c437-fca2-4ccd-82e9-ad13fdaf1690","game":"7dtd","world_id":"td-0d917a4eff776d999148769266591579674d2c42de6557026893a1902834f11f"},"position":{"space":"7dtd","x":-273.5540771484375,"y":61.079998016357422,"z":448.81915283203125},"rotation":{"pitch":-3.125,"roll":0,"yaw":109.17742919921875},"sequence":396,"source":"7dtd","stream_id":"5cf26971-f748-4142-b4cd-04d762e18d59","type":"entity_state","version":2,"world_id":"td-0d917a4eff776d999148769266591579674d2c42de6557026893a1902834f11f"}
2026-10-03T19:20:39 296.301 INF [MC7DTD] 7DTD entity sent: {"authority":"7dtd","dimension":"7dtd:main","entity_id":"d8e7c437-fca2-4ccd-82e9-ad13fdaf1690","entity_type":"7dtd:player","lifecycle":{"event":"update"},"metadata":{},"origin":{"dimension":"7dtd:main","entity_id":"d8e7c437-fca2-4ccd-82e9-ad13fdaf1690","game":"7dtd","world_id":"td-0d917a4eff776d999148769266591579674d2c42de6557026893a1902834f11f"},"position":{"space":"7dtd","x":-273.5540771484375,"y":61.079998016357422,"z":448.81915283203125},"rotation":{"pitch":-3.125,"roll":0,"yaw":109.17742919921875},"sequence":397,"source":"7dtd","stream_id":"5cf26971-f748-4142-b4cd-04d762e18d59","type":"entity_state","version":2,"world_id":"td-0d917a4eff776d999148769266591579674d2c42de6557026893a1902834f11f"}
2026-10-03T19:20:39 296.803 INF [MC7DTD] 7DTD entity sent: {"authority":"7dtd","dimension":"7dtd:main","entity_id":"d8e7c437-fca2-4ccd-82e9-ad13fdaf1690","entity_type":"7dtd:player","lifecycle":{"event":"update"},"metadata":{},"origin":{"dimension":"7dtd:main","entity_id":"d8e7c437-fca2-4ccd-82e9-ad13fdaf1690","game":"7dtd","world_id":"td-0d917a4eff776d999148769266591579674d2c42de6557026893a1902834f11f"},"position":{"space":"7dtd","x":-273.5540771484375,"y":61.079998016357422,"z":448.81915283203125},"rotation":{"pitch":-3.125,"roll":0,"yaw":109.17742919921875},"sequence":398,"source":"7dtd","stream_id":"5cf26971-f748-4142-b4cd-04d762e18d59","type":"entity_state","version":2,"world_id":"td-0d917a4eff776d999148769266591579674d2c42de6557026893a1902834f11f"}
2026-10-03T19:20:40 297.305 INF [MC7DTD] 7DTD entity sent: {"authority":"7dtd","dimension":"7dtd:main","entity_id":"d8e7c437-fca2-4ccd-82e9-ad13fdaf1690","entity_type":"7dtd:player","lifecycle":{"event":"update"},"metadata":{},"origin":{"dimension":"7dtd:main","entity_id":"d8e7c437-fca2-4ccd-82e9-ad13fdaf1690","game":"7dtd","world_id":"td-0d917a4eff776d999148769266591579674d2c42de6557026893a1902834f11f"},"position":{"space":"7dtd","x":-273.5540771484375,"y":61.079998016357422,"z":448.81915283203125},"rotation":{"pitch":-3.125,"roll":0,"yaw":109.17742919921875},"sequence":399,"source":"7dtd","stream_id":"5cf26971-f748-4142-b4cd-04d762e18d59","type":"entity_state","version":2,"world_id":"td-0d917a4eff776d999148769266591579674d2c42de6557026893a1902834f11f"}
2026-10-03T19:20:40 297.806 INF [MC7DTD] 7DTD entity sent: {"authority":"7dtd","dimension":"7dtd:main","entity_id":"d8e7c437-fca2-4ccd-82e9-ad13fdaf1690","entity_type":"7dtd:player","lifecycle":{"event":"update"},"metadata":{},"origin":{"dimension":"7dtd:main","entity_id":"d8e7c437-fca2-4ccd-82e9-ad13fdaf1690","game":"7dtd","world_id":"td-0d917a4eff776d999148769266591579674d2c42de6557026893a1902834f11f"},"position":{"space":"7dtd","x":-273.5540771484375,"y":61.079998016357422,"z":448.81915283203125},"rotation":{"pitch":-3.125,"roll":0,"yaw":109.17742919921875},"sequence":400,"source":"7dtd","stream_id":"5cf26971-f748-4142-b4cd-04d762e18d59","type":"entity_state","version":2,"world_id":"td-0d917a4eff776d999148769266591579674d2c42de6557026893a1902834f11f"}
2026-10-03T19:20:41 298.308 INF [MC7DTD] 7DTD entity sent: {"authority":"7dtd","dimension":"7dtd:main","entity_id":"d8e7c437-fca2-4ccd-82e9-ad13fdaf1690","entity_type":"7dtd:player","lifecycle":{"event":"update"},"metadata":{},"origin":{"dimension":"7dtd:main","entity_id":"d8e7c437-fca2-4ccd-82e9-ad13fdaf1690","game":"7dtd","world_id":"td-0d917a4eff776d999148769266591579674d2c42de6557026893a1902834f11f"},"position":{"space":"7dtd","x":-273.5540771484375,"y":61.079998016357422,"z":448.81915283203125},"rotation":{"pitch":-3.125,"roll":0,"yaw":109.17742919921875},"sequence":401,"source":"7dtd","stream_id":"5cf26971-f748-4142-b4cd-04d762e18d59","type":"entity_state","version":2,"world_id":"td-0d917a4eff776d999148769266591579674d2c42de6557026893a1902834f11f"}
2026-10-03T19:20:41 298.810 INF [MC7DTD] 7DTD entity sent: {"authority":"7dtd","dimension":"7dtd:main","entity_id":"d8e7c437-fca2-4ccd-82e9-ad13fdaf1690","entity_type":"7dtd:player","lifecycle":{"event":"update"},"metadata":{},"origin":{"dimension":"7dtd:main","entity_id":"d8e7c437-fca2-4ccd-82e9-ad13fdaf1690","game":"7dtd","world_id":"td-0d917a4eff776d999148769266591579674d2c42de6557026893a1902834f11f"},"position":{"space":"7dtd","x":-273.5540771484375,"y":61.079998016357422,"z":448.81915283203125},"rotation":{"pitch":-3.125,"roll":0,"yaw":109.17742919921875},"sequence":402,"source":"7dtd","stream_id":"5cf26971-f748-4142-b4cd-04d762e18d59","type":"entity_state","version":2,"world_id":"td-0d917a4eff776d999148769266591579674d2c42de6557026893a1902834f11f"}
2026-10-03T19:20:42 299.312 INF [MC7DTD] 7DTD entity sent: {"authority":"7dtd","dimension":"7dtd:main","entity_id":"d8e7c437-fca2-4ccd-82e9-ad13fdaf1690","entity_type":"7dtd:player","lifecycle":{"event":"update"},"metadata":{},"origin":{"dimension":"7dtd:main","entity_id":"d8e7c437-fca2-4ccd-82e9-ad13fdaf1690","game":"7dtd","world_id":"td-0d917a4eff776d999148769266591579674d2c42de6557026893a1902834f11f"},"position":{"space":"7dtd","x":-273.5540771484375,"y":61.079998016357422,"z":448.81915283203125},"rotation":{"pitch":-3.125,"roll":0,"yaw":109.17742919921875},"sequence":403,"source":"7dtd","stream_id":"5cf26971-f748-4142-b4cd-04d762e18d59","type":"entity_state","version":2,"world_id":"td-0d917a4eff776d999148769266591579674d2c42de6557026893a1902834f11f"}
2026-10-03T19:20:42 299.813 INF [MC7DTD] 7DTD entity sent: {"authority":"7dtd","dimension":"7dtd:main","entity_id":"d8e7c437-fca2-4ccd-82e9-ad13fdaf1690","entity_type":"7dtd:player","lifecycle":{"event":"update"},"metadata":{},"origin":{"dimension":"7dtd:main","entity_id":"d8e7c437-fca2-4ccd-82e9-ad13fdaf1690","game":"7dtd","world_id":"td-0d917a4eff776d999148769266591579674d2c42de6557026893a1902834f11f"},"position":{"space":"7dtd","x":-273.5540771484375,"y":61.079998016357422,"z":448.81915283203125},"rotation":{"pitch":-3.125,"roll":0,"yaw":109.17742919921875},"sequence":404,"source":"7dtd","stream_id":"5cf26971-f748-4142-b4cd-04d762e18d59","type":"entity_state","version":2,"world_id":"td-0d917a4eff776d999148769266591579674d2c42de6557026893a1902834f11f"}
2026-10-03T19:20:43 300.314 INF [MC7DTD] 7DTD entity sent: {"authority":"7dtd","dimension":"7dtd:main","entity_id":"d8e7c437-fca2-4ccd-82e9-ad13fdaf1690","entity_type":"7dtd:player","lifecycle":{"event":"update"},"metadata":{},"origin":{"dimension":"7dtd:main","entity_id":"d8e7c437-fca2-4ccd-82e9-ad13fdaf1690","game":"7dtd","world_id":"td-0d917a4eff776d999148769266591579674d2c42de6557026893a1902834f11f"},"position":{"space":"7dtd","x":-273.5540771484375,"y":61.079998016357422,"z":448.81915283203125},"rotation":{"pitch":-3.125,"roll":0,"yaw":109.17742919921875},"sequence":405,"source":"7dtd","stream_id":"5cf26971-f748-4142-b4cd-04d762e18d59","type":"entity_state","version":2,"world_id":"td-0d917a4eff776d999148769266591579674d2c42de6557026893a1902834f11f"}
2026-10-03T19:20:43 300.816 INF [MC7DTD] 7DTD entity sent: {"authority":"7dtd","dimension":"7dtd:main","entity_id":"d8e7c437-fca2-4ccd-82e9-ad13fdaf1690","entity_type":"7dtd:player","lifecycle":{"event":"update"},"metadata":{},"origin":{"dimension":"7dtd:main","entity_id":"d8e7c437-fca2-4ccd-82e9-ad13fdaf1690","game":"7dtd","world_id":"td-0d917a4eff776d999148769266591579674d2c42de6557026893a1902834f11f"},"position":{"space":"7dtd","x":-273.5540771484375,"y":61.079998016357422,"z":448.81915283203125},"rotation":{"pitch":-3.125,"roll":0,"yaw":109.17742919921875},"sequence":406,"source":"7dtd","stream_id":"5cf26971-f748-4142-b4cd-04d762e18d59","type":"entity_state","version":2,"world_id":"td-0d917a4eff776d999148769266591579674d2c42de6557026893a1902834f11f"}
2026-10-03T19:20:44 301.319 INF [MC7DTD] 7DTD entity sent: {"authority":"7dtd","dimension":"7dtd:main","entity_id":"d8e7c437-fca2-4ccd-82e9-ad13fdaf1690","entity_type":"7dtd:player","lifecycle":{"event":"update"},"metadata":{},"origin":{"dimension":"7dtd:main","entity_id":"d8e7c437-fca2-4ccd-82e9-ad13fdaf1690","game":"7dtd","world_id":"td-0d917a4eff776d999148769266591579674d2c42de6557026893a1902834f11f"},"position":{"space":"7dtd","x":-273.5540771484375,"y":61.079998016357422,"z":448.81915283203125},"rotation":{"pitch":-3.125,"roll":0,"yaw":109.17742919921875},"sequence":407,"source":"7dtd","stream_id":"5cf26971-f748-4142-b4cd-04d762e18d59","type":"entity_state","version":2,"world_id":"td-0d917a4eff776d999148769266591579674d2c42de6557026893a1902834f11f"}
2026-10-03T19:20:44 301.821 INF [MC7DTD] 7DTD entity sent: {"authority":"7dtd","dimension":"7dtd:main","entity_id":"d8e7c437-fca2-4ccd-82e9-ad13fdaf1690","entity_type":"7dtd:player","lifecycle":{"event":"update"},"metadata":{},"origin":{"dimension":"7dtd:main","entity_id":"d8e7c437-fca2-4ccd-82e9-ad13fdaf1690","game":"7dtd","world_id":"td-0d917a4eff776d999148769266591579674d2c42de6557026893a1902834f11f"},"position":{"space":"7dtd","x":-273.5540771484375,"y":61.079998016357422,"z":448.81915283203125},"rotation":{"pitch":-3.125,"roll":0,"yaw":109.17742919921875},"sequence":408,"source":"7dtd","stream_id":"5cf26971-f748-4142-b4cd-04d762e18d59","type":"entity_state","version":2,"world_id":"td-0d917a4eff776d999148769266591579674d2c42de6557026893a1902834f11f"}
2026-10-03T19:20:45 302.324 INF [MC7DTD] 7DTD entity sent: {"authority":"7dtd","dimension":"7dtd:main","entity_id":"d8e7c437-fca2-4ccd-82e9-ad13fdaf1690","entity_type":"7dtd:player","lifecycle":{"event":"update"},"metadata":{},"origin":{"dimension":"7dtd:main","entity_id":"d8e7c437-fca2-4ccd-82e9-ad13fdaf1690","game":"7dtd","world_id":"td-0d917a4eff776d999148769266591579674d2c42de6557026893a1902834f11f"},"position":{"space":"7dtd","x":-273.5540771484375,"y":61.079998016357422,"z":448.81915283203125},"rotation":{"pitch":-3.125,"roll":0,"yaw":109.17742919921875},"sequence":409,"source":"7dtd","stream_id":"5cf26971-f748-4142-b4cd-04d762e18d59","type":"entity_state","version":2,"world_id":"td-0d917a4eff776d999148769266591579674d2c42de6557026893a1902834f11f"}
2026-10-03T19:20:45 302.825 INF [MC7DTD] 7DTD entity sent: {"authority":"7dtd","dimension":"7dtd:main","entity_id":"d8e7c437-fca2-4ccd-82e9-ad13fdaf1690","entity_type":"7dtd:player","lifecycle":{"event":"update"},"metadata":{},"origin":{"dimension":"7dtd:main","entity_id":"d8e7c437-fca2-4ccd-82e9-ad13fdaf1690","game":"7dtd","world_id":"td-0d917a4eff776d999148769266591579674d2c42de6557026893a1902834f11f"},"position":{"space":"7dtd","x":-273.5540771484375,"y":61.079998016357422,"z":448.81915283203125},"rotation":{"pitch":-3.125,"roll":0,"yaw":109.17742919921875},"sequence":410,"source":"7dtd","stream_id":"5cf26971-f748-4142-b4cd-04d762e18d59","type":"entity_state","version":2,"world_id":"td-0d917a4eff776d999148769266591579674d2c42de6557026893a1902834f11f"}
2026-10-03T19:20:46 303.327 INF [MC7DTD] 7DTD entity sent: {"authority":"7dtd","dimension":"7dtd:main","entity_id":"d8e7c437-fca2-4ccd-82e9-ad13fdaf1690","entity_type":"7dtd:player","lifecycle":{"event":"update"},"metadata":{},"origin":{"dimension":"7dtd:main","entity_id":"d8e7c437-fca2-4ccd-82e9-ad13fdaf1690","game":"7dtd","world_id":"td-0d917a4eff776d999148769266591579674d2c42de6557026893a1902834f11f"},"position":{"space":"7dtd","x":-273.5540771484375,"y":61.079998016357422,"z":448.81915283203125},"rotation":{"pitch":-3.125,"roll":0,"yaw":109.17742919921875},"sequence":411,"source":"7dtd","stream_id":"5cf26971-f748-4142-b4cd-04d762e18d59","type":"entity_state","version":2,"world_id":"td-0d917a4eff776d999148769266591579674d2c42de6557026893a1902834f11f"}
2026-10-03T19:20:46 303.828 INF [MC7DTD] 7DTD entity sent: {"authority":"7dtd","dimension":"7dtd:main","entity_id":"d8e7c437-fca2-4ccd-82e9-ad13fdaf1690","entity_type":"7dtd:player","lifecycle":{"event":"update"},"metadata":{},"origin":{"dimension":"7dtd:main","entity_id":"d8e7c437-fca2-4ccd-82e9-ad13fdaf1690","game":"7dtd","world_id":"td-0d917a4eff776d999148769266591579674d2c42de6557026893a1902834f11f"},"position":{"space":"7dtd","x":-273.5540771484375,"y":61.079998016357422,"z":448.81915283203125},"rotation":{"pitch":-3.125,"roll":0,"yaw":109.17742919921875},"sequence":412,"source":"7dtd","stream_id":"5cf26971-f748-4142-b4cd-04d762e18d59","type":"entity_state","version":2,"world_id":"td-0d917a4eff776d999148769266591579674d2c42de6557026893a1902834f11f"}
2026-10-03T19:20:47 304.329 INF [MC7DTD] 7DTD entity sent: {"authority":"7dtd","dimension":"7dtd:main","entity_id":"d8e7c437-fca2-4ccd-82e9-ad13fdaf1690","entity_type":"7dtd:player","lifecycle":{"event":"update"},"metadata":{},"origin":{"dimension":"7dtd:main","entity_id":"d8e7c437-fca2-4ccd-82e9-ad13fdaf1690","game":"7dtd","world_id":"td-0d917a4eff776d999148769266591579674d2c42de6557026893a1902834f11f"},"position":{"space":"7dtd","x":-273.5540771484375,"y":61.079998016357422,"z":448.81915283203125},"rotation":{"pitch":-3.125,"roll":0,"yaw":109.17742919921875},"sequence":413,"source":"7dtd","stream_id":"5cf26971-f748-4142-b4cd-04d762e18d59","type":"entity_state","version":2,"world_id":"td-0d917a4eff776d999148769266591579674d2c42de6557026893a1902834f11f"}
2026-10-03T19:20:47 304.832 INF [MC7DTD] 7DTD entity sent: {"authority":"7dtd","dimension":"7dtd:main","entity_id":"d8e7c437-fca2-4ccd-82e9-ad13fdaf1690","entity_type":"7dtd:player","lifecycle":{"event":"update"},"metadata":{},"origin":{"dimension":"7dtd:main","entity_id":"d8e7c437-fca2-4ccd-82e9-ad13fdaf1690","game":"7dtd","world_id":"td-0d917a4eff776d999148769266591579674d2c42de6557026893a1902834f11f"},"position":{"space":"7dtd","x":-273.5540771484375,"y":61.079998016357422,"z":448.81915283203125},"rotation":{"pitch":-3.125,"roll":0,"yaw":109.17742919921875},"sequence":414,"source":"7dtd","stream_id":"5cf26971-f748-4142-b4cd-04d762e18d59","type":"entity_state","version":2,"world_id":"td-0d917a4eff776d999148769266591579674d2c42de6557026893a1902834f11f"}
2026-10-03T19:20:48 305.333 INF [MC7DTD] 7DTD entity sent: {"authority":"7dtd","dimension":"7dtd:main","entity_id":"d8e7c437-fca2-4ccd-82e9-ad13fdaf1690","entity_type":"7dtd:player","lifecycle":{"event":"update"},"metadata":{},"origin":{"dimension":"7dtd:main","entity_id":"d8e7c437-fca2-4ccd-82e9-ad13fdaf1690","game":"7dtd","world_id":"td-0d917a4eff776d999148769266591579674d2c42de6557026893a1902834f11f"},"position":{"space":"7dtd","x":-273.5540771484375,"y":61.079998016357422,"z":448.81915283203125},"rotation":{"pitch":-3.125,"roll":0,"yaw":109.17742919921875},"sequence":415,"source":"7dtd","stream_id":"5cf26971-f748-4142-b4cd-04d762e18d59","type":"entity_state","version":2,"world_id":"td-0d917a4eff776d999148769266591579674d2c42de6557026893a1902834f11f"}
2026-10-03T19:20:48 305.835 INF [MC7DTD] 7DTD entity sent: {"authority":"7dtd","dimension":"7dtd:main","entity_id":"d8e7c437-fca2-4ccd-82e9-ad13fdaf1690","entity_type":"7dtd:player","lifecycle":{"event":"update"},"metadata":{},"origin":{"dimension":"7dtd:main","entity_id":"d8e7c437-fca2-4ccd-82e9-ad13fdaf1690","game":"7dtd","world_id":"td-0d917a4eff776d999148769266591579674d2c42de6557026893a1902834f11f"},"position":{"space":"7dtd","x":-273.5540771484375,"y":61.079998016357422,"z":448.81915283203125},"rotation":{"pitch":-3.125,"roll":0,"yaw":109.17742919921875},"sequence":416,"source":"7dtd","stream_id":"5cf26971-f748-4142-b4cd-04d762e18d59","type":"entity_state","version":2,"world_id":"td-0d917a4eff776d999148769266591579674d2c42de6557026893a1902834f11f"}
2026-10-03T19:20:49 306.337 INF [MC7DTD] 7DTD entity sent: {"authority":"7dtd","dimension":"7dtd:main","entity_id":"d8e7c437-fca2-4ccd-82e9-ad13fdaf1690","entity_type":"7dtd:player","lifecycle":{"event":"update"},"metadata":{},"origin":{"dimension":"7dtd:main","entity_id":"d8e7c437-fca2-4ccd-82e9-ad13fdaf1690","game":"7dtd","world_id":"td-0d917a4eff776d999148769266591579674d2c42de6557026893a1902834f11f"},"position":{"space":"7dtd","x":-273.5540771484375,"y":61.079998016357422,"z":448.81915283203125},"rotation":{"pitch":-3.125,"roll":0,"yaw":109.17742919921875},"sequence":417,"source":"7dtd","stream_id":"5cf26971-f748-4142-b4cd-04d762e18d59","type":"entity_state","version":2,"world_id":"td-0d917a4eff776d999148769266591579674d2c42de6557026893a1902834f11f"}
2026-10-03T19:20:49 306.839 INF [MC7DTD] 7DTD entity sent: {"authority":"7dtd","dimension":"7dtd:main","entity_id":"d8e7c437-fca2-4ccd-82e9-ad13fdaf1690","entity_type":"7dtd:player","lifecycle":{"event":"update"},"metadata":{},"origin":{"dimension":"7dtd:main","entity_id":"d8e7c437-fca2-4ccd-82e9-ad13fdaf1690","game":"7dtd","world_id":"td-0d917a4eff776d999148769266591579674d2c42de6557026893a1902834f11f"},"position":{"space":"7dtd","x":-273.5540771484375,"y":61.079998016357422,"z":448.81915283203125},"rotation":{"pitch":-3.125,"roll":0,"yaw":109.17742919921875},"sequence":418,"source":"7dtd","stream_id":"5cf26971-f748-4142-b4cd-04d762e18d59","type":"entity_state","version":2,"world_id":"td-0d917a4eff776d999148769266591579674d2c42de6557026893a1902834f11f"}
2026-10-03T19:20:50 307.340 INF [MC7DTD] 7DTD entity sent: {"authority":"7dtd","dimension":"7dtd:main","entity_id":"d8e7c437-fca2-4ccd-82e9-ad13fdaf1690","entity_type":"7dtd:player","lifecycle":{"event":"update"},"metadata":{},"origin":{"dimension":"7dtd:main","entity_id":"d8e7c437-fca2-4ccd-82e9-ad13fdaf1690","game":"7dtd","world_id":"td-0d917a4eff776d999148769266591579674d2c42de6557026893a1902834f11f"},"position":{"space":"7dtd","x":-273.5540771484375,"y":61.079998016357422,"z":448.81915283203125},"rotation":{"pitch":-3.125,"roll":0,"yaw":109.17742919921875},"sequence":419,"source":"7dtd","stream_id":"5cf26971-f748-4142-b4cd-04d762e18d59","type":"entity_state","version":2,"world_id":"td-0d917a4eff776d999148769266591579674d2c42de6557026893a1902834f11f"}
2026-10-03T19:20:50 307.842 INF [MC7DTD] 7DTD entity sent: {"authority":"7dtd","dimension":"7dtd:main","entity_id":"d8e7c437-fca2-4ccd-82e9-ad13fdaf1690","entity_type":"7dtd:player","lifecycle":{"event":"update"},"metadata":{},"origin":{"dimension":"7dtd:main","entity_id":"d8e7c437-fca2-4ccd-82e9-ad13fdaf1690","game":"7dtd","world_id":"td-0d917a4eff776d999148769266591579674d2c42de6557026893a1902834f11f"},"position":{"space":"7dtd","x":-273.5540771484375,"y":61.079998016357422,"z":448.81915283203125},"rotation":{"pitch":-3.125,"roll":0,"yaw":109.17742919921875},"sequence":420,"source":"7dtd","stream_id":"5cf26971-f748-4142-b4cd-04d762e18d59","type":"entity_state","version":2,"world_id":"td-0d917a4eff776d999148769266591579674d2c42de6557026893a1902834f11f"}
2026-10-03T19:20:51 308.344 INF [MC7DTD] 7DTD entity sent: {"authority":"7dtd","dimension":"7dtd:main","entity_id":"d8e7c437-fca2-4ccd-82e9-ad13fdaf1690","entity_type":"7dtd:player","lifecycle":{"event":"update"},"metadata":{},"origin":{"dimension":"7dtd:main","entity_id":"d8e7c437-fca2-4ccd-82e9-ad13fdaf1690","game":"7dtd","world_id":"td-0d917a4eff776d999148769266591579674d2c42de6557026893a1902834f11f"},"position":{"space":"7dtd","x":-273.5540771484375,"y":61.079998016357422,"z":448.81915283203125},"rotation":{"pitch":-3.125,"roll":0,"yaw":109.17742919921875},"sequence":421,"source":"7dtd","stream_id":"5cf26971-f748-4142-b4cd-04d762e18d59","type":"entity_state","version":2,"world_id":"td-0d917a4eff776d999148769266591579674d2c42de6557026893a1902834f11f"}
2026-10-03T19:20:51 308.846 INF [MC7DTD] 7DTD entity sent: {"authority":"7dtd","dimension":"7dtd:main","entity_id":"d8e7c437-fca2-4ccd-82e9-ad13fdaf1690","entity_type":"7dtd:player","lifecycle":{"event":"update"},"metadata":{},"origin":{"dimension":"7dtd:main","entity_id":"d8e7c437-fca2-4ccd-82e9-ad13fdaf1690","game":"7dtd","world_id":"td-0d917a4eff776d999148769266591579674d2c42de6557026893a1902834f11f"},"position":{"space":"7dtd","x":-273.5540771484375,"y":61.079998016357422,"z":448.81915283203125},"rotation":{"pitch":-3.125,"roll":0,"yaw":109.17742919921875},"sequence":422,"source":"7dtd","stream_id":"5cf26971-f748-4142-b4cd-04d762e18d59","type":"entity_state","version":2,"world_id":"td-0d917a4eff776d999148769266591579674d2c42de6557026893a1902834f11f"}
2026-10-03T19:20:52 309.348 INF [MC7DTD] 7DTD entity sent: {"authority":"7dtd","dimension":"7dtd:main","entity_id":"d8e7c437-fca2-4ccd-82e9-ad13fdaf1690","entity_type":"7dtd:player","lifecycle":{"event":"update"},"metadata":{},"origin":{"dimension":"7dtd:main","entity_id":"d8e7c437-fca2-4ccd-82e9-ad13fdaf1690","game":"7dtd","world_id":"td-0d917a4eff776d999148769266591579674d2c42de6557026893a1902834f11f"},"position":{"space":"7dtd","x":-273.5540771484375,"y":61.079998016357422,"z":448.81915283203125},"rotation":{"pitch":-3.125,"roll":0,"yaw":109.17742919921875},"sequence":423,"source":"7dtd","stream_id":"5cf26971-f748-4142-b4cd-04d762e18d59","type":"entity_state","version":2,"world_id":"td-0d917a4eff776d999148769266591579674d2c42de6557026893a1902834f11f"}
2026-10-03T19:20:52 309.849 INF [MC7DTD] 7DTD entity sent: {"authority":"7dtd","dimension":"7dtd:main","entity_id":"d8e7c437-fca2-4ccd-82e9-ad13fdaf1690","entity_type":"7dtd:player","lifecycle":{"event":"update"},"metadata":{},"origin":{"dimension":"7dtd:main","entity_id":"d8e7c437-fca2-4ccd-82e9-ad13fdaf1690","game":"7dtd","world_id":"td-0d917a4eff776d999148769266591579674d2c42de6557026893a1902834f11f"},"position":{"space":"7dtd","x":-273.5540771484375,"y":61.079998016357422,"z":448.81915283203125},"rotation":{"pitch":-3.125,"roll":0,"yaw":109.17742919921875},"sequence":424,"source":"7dtd","stream_id":"5cf26971-f748-4142-b4cd-04d762e18d59","type":"entity_state","version":2,"world_id":"td-0d917a4eff776d999148769266591579674d2c42de6557026893a1902834f11f"}
2026-10-03T19:20:53 310.352 INF [MC7DTD] 7DTD entity sent: {"authority":"7dtd","dimension":"7dtd:main","entity_id":"d8e7c437-fca2-4ccd-82e9-ad13fdaf1690","entity_type":"7dtd:player","lifecycle":{"event":"update"},"metadata":{},"origin":{"dimension":"7dtd:main","entity_id":"d8e7c437-fca2-4ccd-82e9-ad13fdaf1690","game":"7dtd","world_id":"td-0d917a4eff776d999148769266591579674d2c42de6557026893a1902834f11f"},"position":{"space":"7dtd","x":-273.5540771484375,"y":61.079998016357422,"z":448.81915283203125},"rotation":{"pitch":-3.125,"roll":0,"yaw":109.17742919921875},"sequence":425,"source":"7dtd","stream_id":"5cf26971-f748-4142-b4cd-04d762e18d59","type":"entity_state","version":2,"world_id":"td-0d917a4eff776d999148769266591579674d2c42de6557026893a1902834f11f"}
2026-10-03T19:20:53 310.853 INF [MC7DTD] 7DTD entity sent: {"authority":"7dtd","dimension":"7dtd:main","entity_id":"d8e7c437-fca2-4ccd-82e9-ad13fdaf1690","entity_type":"7dtd:player","lifecycle":{"event":"update"},"metadata":{},"origin":{"dimension":"7dtd:main","entity_id":"d8e7c437-fca2-4ccd-82e9-ad13fdaf1690","game":"7dtd","world_id":"td-0d917a4eff776d999148769266591579674d2c42de6557026893a1902834f11f"},"position":{"space":"7dtd","x":-273.5540771484375,"y":61.079998016357422,"z":448.81915283203125},"rotation":{"pitch":-3.125,"roll":0,"yaw":109.17742919921875},"sequence":426,"source":"7dtd","stream_id":"5cf26971-f748-4142-b4cd-04d762e18d59","type":"entity_state","version":2,"world_id":"td-0d917a4eff776d999148769266591579674d2c42de6557026893a1902834f11f"}
2026-10-03T19:20:54 311.355 INF [MC7DTD] 7DTD entity sent: {"authority":"7dtd","dimension":"7dtd:main","entity_id":"d8e7c437-fca2-4ccd-82e9-ad13fdaf1690","entity_type":"7dtd:player","lifecycle":{"event":"update"},"metadata":{},"origin":{"dimension":"7dtd:main","entity_id":"d8e7c437-fca2-4ccd-82e9-ad13fdaf1690","game":"7dtd","world_id":"td-0d917a4eff776d999148769266591579674d2c42de6557026893a1902834f11f"},"position":{"space":"7dtd","x":-273.5540771484375,"y":61.079998016357422,"z":448.81915283203125},"rotation":{"pitch":-3.125,"roll":0,"yaw":109.17742919921875},"sequence":427,"source":"7dtd","stream_id":"5cf26971-f748-4142-b4cd-04d762e18d59","type":"entity_state","version":2,"world_id":"td-0d917a4eff776d999148769266591579674d2c42de6557026893a1902834f11f"}
2026-10-03T19:20:54 311.857 INF [MC7DTD] 7DTD entity sent: {"authority":"7dtd","dimension":"7dtd:main","entity_id":"d8e7c437-fca2-4ccd-82e9-ad13fdaf1690","entity_type":"7dtd:player","lifecycle":{"event":"update"},"metadata":{},"origin":{"dimension":"7dtd:main","entity_id":"d8e7c437-fca2-4ccd-82e9-ad13fdaf1690","game":"7dtd","world_id":"td-0d917a4eff776d999148769266591579674d2c42de6557026893a1902834f11f"},"position":{"space":"7dtd","x":-273.5540771484375,"y":61.079998016357422,"z":448.81915283203125},"rotation":{"pitch":-3.125,"roll":0,"yaw":109.17742919921875},"sequence":428,"source":"7dtd","stream_id":"5cf26971-f748-4142-b4cd-04d762e18d59","type":"entity_state","version":2,"world_id":"td-0d917a4eff776d999148769266591579674d2c42de6557026893a1902834f11f"}
2026-10-03T19:20:55 312.358 INF [MC7DTD] 7DTD entity sent: {"authority":"7dtd","dimension":"7dtd:main","entity_id":"d8e7c437-fca2-4ccd-82e9-ad13fdaf1690","entity_type":"7dtd:player","lifecycle":{"event":"update"},"metadata":{},"origin":{"dimension":"7dtd:main","entity_id":"d8e7c437-fca2-4ccd-82e9-ad13fdaf1690","game":"7dtd","world_id":"td-0d917a4eff776d999148769266591579674d2c42de6557026893a1902834f11f"},"position":{"space":"7dtd","x":-273.5540771484375,"y":61.079998016357422,"z":448.81915283203125},"rotation":{"pitch":-3.125,"roll":0,"yaw":109.17742919921875},"sequence":429,"source":"7dtd","stream_id":"5cf26971-f748-4142-b4cd-04d762e18d59","type":"entity_state","version":2,"world_id":"td-0d917a4eff776d999148769266591579674d2c42de6557026893a1902834f11f"}
2026-10-03T19:20:55 312.859 INF [MC7DTD] 7DTD entity sent: {"authority":"7dtd","dimension":"7dtd:main","entity_id":"d8e7c437-fca2-4ccd-82e9-ad13fdaf1690","entity_type":"7dtd:player","lifecycle":{"event":"update"},"metadata":{},"origin":{"dimension":"7dtd:main","entity_id":"d8e7c437-fca2-4ccd-82e9-ad13fdaf1690","game":"7dtd","world_id":"td-0d917a4eff776d999148769266591579674d2c42de6557026893a1902834f11f"},"position":{"space":"7dtd","x":-273.5540771484375,"y":61.079998016357422,"z":448.81915283203125},"rotation":{"pitch":-3.125,"roll":0,"yaw":109.17742919921875},"sequence":430,"source":"7dtd","stream_id":"5cf26971-f748-4142-b4cd-04d762e18d59","type":"entity_state","version":2,"world_id":"td-0d917a4eff776d999148769266591579674d2c42de6557026893a1902834f11f"}
2026-10-03T19:20:56 313.362 INF [MC7DTD] 7DTD entity sent: {"authority":"7dtd","dimension":"7dtd:main","entity_id":"d8e7c437-fca2-4ccd-82e9-ad13fdaf1690","entity_type":"7dtd:player","lifecycle":{"event":"update"},"metadata":{},"origin":{"dimension":"7dtd:main","entity_id":"d8e7c437-fca2-4ccd-82e9-ad13fdaf1690","game":"7dtd","world_id":"td-0d917a4eff776d999148769266591579674d2c42de6557026893a1902834f11f"},"position":{"space":"7dtd","x":-273.5540771484375,"y":61.079998016357422,"z":448.81915283203125},"rotation":{"pitch":-3.125,"roll":0,"yaw":109.17742919921875},"sequence":431,"source":"7dtd","stream_id":"5cf26971-f748-4142-b4cd-04d762e18d59","type":"entity_state","version":2,"world_id":"td-0d917a4eff776d999148769266591579674d2c42de6557026893a1902834f11f"}
2026-10-03T19:20:56 313.468 INF Disconnect
2026-10-03T19:20:56 313.478 INF [NET] ServerShutdown
2026-10-03T19:20:56 313.479 INF NET: Stopping server protocols
2026-10-03T19:20:56 313.481 INF SaveAndCleanupWorld
2026-10-03T19:20:56 313.491 INF 129093 EntityBackpack id 178, plyrId 171, (-274.1, 61.2, 448.8) (-18, 28), chunk True (-18, 3, 28), items 5 drinkJarBoiledWater, foodCanChili at ((-274.12, 61.25, 448.84)) : Write
2026-10-03T19:20:56 313.564 INF [MC7DTD] 7DTD entity sent: {"authority":"7dtd","dimension":"7dtd:main","entity_id":"d8e7c437-fca2-4ccd-82e9-ad13fdaf1690","entity_type":"7dtd:player","lifecycle":{"event":"despawn","reason":"world_unloaded"},"metadata":{},"origin":{"dimension":"7dtd:main","entity_id":"d8e7c437-fca2-4ccd-82e9-ad13fdaf1690","game":"7dtd","world_id":"td-0d917a4eff776d999148769266591579674d2c42de6557026893a1902834f11f"},"position":null,"rotation":null,"sequence":432,"source":"7dtd","stream_id":"5cf26971-f748-4142-b4cd-04d762e18d59","type":"entity_state","version":2,"world_id":"td-0d917a4eff776d999148769266591579674d2c42de6557026893a1902834f11f"}
2026-10-03T19:20:56 313.576 INF Saving 56 of chunks took 81ms
2026-10-03T19:20:56 313.583 INF [Steamworks.NET] Exiting Lobby
2026-10-03T19:20:56 313.585 INF [Steamworks.NET] Stopping server
2026-10-03T19:20:56 313.586 INF [PlayerInteractions] Shutdown, record disconnect for all currently connected players
2026-10-03T19:20:56 313.587 INF [PartyQuests] Player unregistered
2026-10-03T19:20:56 314.013 INF [EOS] Created RFS Request: NewsFeatured.xml
2026-10-03T19:20:56 314.014 INF [EOS] Created RFS Request: News.xml
2026-10-03T19:20:56 314.016 INF [EOS] Created RFS Request: eula_schinese
2026-10-03T19:20:56 314.018 INF [TitleStorageOverridesManager] Using cached last success.
2026-10-03T19:20:56 314.020 INF AstarManager Cleanup
2026-10-03T19:20:56 314.065 INF Clearing queues.
2026-10-03T19:20:56 314.066 INF Cleared queues.
2026-10-03T19:20:57 315.029 INF Clearing queues.
2026-10-03T19:20:57 315.030 INF Cleared queues.
2026-10-03T19:20:57 315.035 INF World.Unload
2026-10-03T19:20:57 315.053 INF Exited thread GenerateChunks
2026-10-03T19:20:57 315.054 INF 129093 EntityBackpack id 178, plyrId 171, (-274.1, 61.2, 448.8) (-18, 28), chunk True (-18, 3, 28), items 5 drinkJarBoiledWater, foodCanChili at ((-274.12, 61.25, 448.84)) : OnEntityUnload markedForUnload False, IsDead True, IsDespawned False
2026-10-03T19:20:57 315.074 INF 0 EntityBackpack id 178, plyrId 171, (-274.1, 61.2, 448.8) (-18, 28), chunk True (-18, 3, 28), items 5 drinkJarBoiledWater, foodCanChili at ((-274.12, 61.25, 448.84)) : Write
2026-10-03T19:20:57 315.112 INF Exited thread SaveChunks D:\wenjian\minecraft\7-M\runtime\7dtd\Saves\Navezgane\MC7DTD-Phase3-3\Region
2026-10-03T19:20:57 315.157 INF World.Cleanup
2026-10-03T19:20:57 315.161 INF Exited thread ChunkRegeneration
2026-10-03T19:20:57 315.169 INF Exited thread ChunkCalc
2026-10-03T19:20:57 315.170 INF Exited thread ChunkMeshBake
2026-10-03T19:20:57 315.176 INF Exited thread WaterSimulationApplyChanges
2026-10-03T19:20:57 315.180 INF VehicleManager saving 0 (0 + 0)
2026-10-03T19:20:57 315.183 INF VehicleManager saved 9 bytes
2026-10-03T19:20:57 315.184 INF DroneManager saving 0 (0 + 0)
2026-10-03T19:20:57 315.187 INF DroneManager saved 9 bytes
2026-10-03T19:20:57 315.188 INF TurretTracker saving 0 (0 + 0)
2026-10-03T19:20:57 315.190 INF TurretTracker saved 9 bytes
2026-10-03T19:20:58 315.218 INF Persistent GamePrefs saved
2026-10-03T19:20:58 315.288 INF [EOS] Read (BlockedPlayerList) completed: Success, received 8 bytes
2026-10-03T19:20:58 315.665 INF [EOS] Read (NewsFeatured.xml) completed: Success, received 1821 bytes
2026-10-03T19:20:58 315.666 INF [EOS] Created RFS Request: news_featured_2026_dlc_08.jpg
2026-10-03T19:20:58 315.667 INF [EOS] Created RFS Request: news_featured_2026_dlc_07.jpg
2026-10-03T19:20:58 315.668 INF [EOS] Created RFS Request: news_featured_2026_dlc_06.jpg
2026-10-03T19:20:58 316.030 INF [EOS] Read (News.xml) completed: Success, received 4600 bytes
2026-10-03T19:20:58 316.032 INF [EOS] Created RFS Request: news_game_3.3_exp.jpg
2026-10-03T19:20:58 316.033 INF [EOS] Created RFS Request: news_game_3.2.0_stable.jpg
2026-10-03T19:20:58 316.033 INF [EOS] Created RFS Request: news_game_2026_7_blank.jpg
2026-10-03T19:20:58 316.053 INF [EOS] Read (news_featured_2026_dlc_08.jpg) completed: Success, received 774214 bytes
2026-10-03T19:20:58 316.055 INF [EOS] Created RFS Request: news_featured_2026_merger.jpg
2026-10-03T19:20:58 316.094 INF [EOS] Read (eula_schinese) completed: Success, received 29413 bytes
2026-10-03T19:20:58 316.096 INF [EOS] Created RFS Request: backtraceconfig.xml
2026-10-03T19:20:59 316.320 INF [EOS] Read (news_featured_2026_dlc_07.jpg) completed: Success, received 925495 bytes
2026-10-03T19:20:59 316.322 INF [EOS] Created RFS Request: news_featured_ytz2.1.jpg
2026-10-03T19:20:59 316.394 INF [EOS] Read (news_game_3.3_exp.jpg) completed: Success, received 106006 bytes
2026-10-03T19:20:59 316.395 INF [EOS] Created RFS Request: news_game_3.1.0_stable.jpg
2026-10-03T19:20:59 316.416 INF [EOS] Read (news_game_3.2.0_stable.jpg) completed: Success, received 101488 bytes
2026-10-03T19:20:59 316.418 INF [EOS] Created RFS Request: news_game_3.0.1_stable.jpg
2026-10-03T19:20:59 316.440 INF [EOS] Read (news_featured_2026_dlc_06.jpg) completed: Success, received 149863 bytes
2026-10-03T19:20:59 316.441 INF [EOS] Created RFS Request: news_featured_tfpmerch.jpg
2026-10-03T19:20:59 316.473 INF [EOS] Read (news_featured_2026_merger.jpg) completed: Success, received 154308 bytes
2026-10-03T19:20:59 316.474 INF [EOS] Created RFS Request: news_featured_soundtrack.jpg
2026-10-03T19:20:59 316.707 INF [EOS] Read (news_featured_ytz2.1.jpg) completed: Success, received 123752 bytes
2026-10-03T19:20:59 316.733 INF [EOS] Read (backtraceconfig.xml) completed: Success, received 2615 bytes
2026-10-03T19:20:59 316.734 INF [BACKTRACE] Bug reporting Enabled with save uploading: Disabled
2026-10-03T19:20:59 316.735 INF [BACKTRACE] Save Attaching Feature: Disabled
2026-10-03T19:20:59 316.736 INF [BACKTRACE] Entire World Attaching Feature: Disabled
2026-10-03T19:20:59 316.736 INF [BACKTRACE] Disabling Error Report Message Types: fellthroughworld
2026-10-03T19:20:59 316.737 INF [BACKTRACE] Bug reporting Disabled with save uploading: Disabled
2026-10-03T19:20:59 316.738 INF [BACKTRACE] Platform ID set to: "EOS-0002a27c262e4f8d9c40beda1e4fa220"
2026-10-03T19:20:59 316.739 INF [BACKTRACE] Configuration refreshed from XML: Enabled True
2026-10-03T19:20:59 316.740 INF [BACKTRACE] Bug reporting: Disabled
2026-10-03T19:20:59 316.740 INF [BACKTRACE] Bug reporting attach save feature: Disabled
2026-10-03T19:20:59 316.741 INF [BACKTRACE] Bug reporting attach entire world feature: Disabled
2026-10-03T19:20:59 316.775 INF [EOS] Read (news_game_3.1.0_stable.jpg) completed: Success, received 585941 bytes
2026-10-03T19:20:59 316.776 INF [EOS] Created RFS Request: news_game_3.0_stable.jpg
2026-10-03T19:20:59 316.808 INF [EOS] Read (news_game_3.0.1_stable.jpg) completed: Success, received 154912 bytes
2026-10-03T19:20:59 316.809 INF [EOS] Created RFS Request: news_game_2026_2.6_stable.jpg
2026-10-03T19:20:59 316.833 INF [EOS] Read (news_featured_tfpmerch.jpg) completed: Success, received 78916 bytes
2026-10-03T19:20:59 316.863 INF [EOS] Read (news_featured_soundtrack.jpg) completed: Success, received 235045 bytes
2026-10-03T19:20:59 317.089 INF [EOS] Read (news_game_2026_7_blank.jpg) completed: Success, received 70434 bytes
2026-10-03T19:20:59 317.154 INF [EOS] Read (news_game_3.0_stable.jpg) completed: Success, received 275348 bytes
2026-10-03T19:20:59 317.186 INF [EOS] Read (news_game_2026_2.6_stable.jpg) completed: Success, received 97562 bytes
2026-10-03T19:21:44 361.917 INF 60sec delta: -117737,current: 1320061,desired: 999033
2026-10-03T19:21:44 361.918 INF [Backtrace] Updated Statistics
