Mono path[0] = 'D:/Steam/steamapps/common/7 Days To Die/7DaysToDie_Data/Managed'
Mono config path = 'D:/Steam/steamapps/common/7 Days To Die/MonoBleedingEdge/etc'
Input System module state changed to: Initialized.
[PhysX] Initialized MultithreadedTaskDispatcher with 24 workers.
Loading player data from D:/Steam/steamapps/common/7 Days To Die/7DaysToDie_Data/data.unity3d
Initialize engine version: 2022.3.62f2 (7670c08855a9)
[Subsystems] Discovering subsystems at path D:/Steam/steamapps/common/7 Days To Die/7DaysToDie_Data/UnitySubsystems
GfxDevice: creating device client; threaded=1; jobified=1
Direct3D:
    Version:  Direct3D 11.0 [level 11.1]
    Renderer: NVIDIA GeForce RTX 5060 Laptop GPU (ID=0x2d59)
    Vendor:   NVIDIA
    VRAM:     7899 MB
    Driver:   32.0.16.1074
Begin MonoManager ReloadAssembly
- Loaded All Assemblies, in  0.186 seconds
- Finished resetting the current domain, in  0.001 seconds
<RI> Initializing input.
<RI> Input initialized.
<RI> Initialized touch support.
[PhysX] Initialized MultithreadedTaskDispatcher with 24 workers.
UnloadTime: 0.615900 ms
2026-10-03T20:14:08 0.003 INF [BACKTRACE] Initialize
2026-10-03T20:14:08 0.008 INF [BACKTRACE] Root log path: C:\Users\qin_roupl\AppData\Roaming\7DaysToDie\BacktraceLogs
2026-10-03T20:14:08 0.027 INF [BACKTRACE] Deleted old log: C:\Users\qin_roupl\AppData\Roaming\7DaysToDie\BacktraceLogs\Player-2026-10-03_10-09-29.259.log
2026-10-03T20:14:08 0.027 INF [BACKTRACE] Using log: C:\Users\qin_roupl\AppData\Roaming\7DaysToDie\BacktraceLogs\Player-2026-10-03_10-21-26.154.log
2026-10-03T20:14:08 0.027 INF [BACKTRACE] Using log: C:\Users\qin_roupl\AppData\Roaming\7DaysToDie\BacktraceLogs\Player-2026-10-03_11-15-42.815.log
2026-10-03T20:14:08 0.027 INF [BACKTRACE] Using log: C:\Users\qin_roupl\AppData\Roaming\7DaysToDie\BacktraceLogs\Player-2026-10-03_12-12-44.730.log
2026-10-03T20:14:08 0.027 INF [BACKTRACE] Player log path: C:\Users\qin_roupl\AppData\Roaming\7DaysToDie\BacktraceLogs\Player-2026-10-03_12-14-08.889.log
2026-10-03T20:14:08 0.039 INF [BACKTRACE] Initialized
2026-10-03T20:14:08 0.062 INF Version: V 3.2.0 (b10) Compatibility Version: V 3.2.0, Build: WindowsPlayer 64 Bit
2026-10-03T20:14:08 0.063 INF System information:
2026-10-03T20:14:08 0.064 INF    OS: Windows 11  (10.0.26200) 64bit
2026-10-03T20:14:08 0.065 INF    CPU: Intel(R) Core(TM) i7-14650HX (cores: 24)
2026-10-03T20:14:08 0.066 INF    RAM: 16107 MB
2026-10-03T20:14:08 0.067 INF    GPU: NVIDIA GeForce RTX 5060 Laptop GPU (7899 MB)
2026-10-03T20:14:08 0.070 INF    Graphics API: Direct3D 11.0 [level 11.1] (shader level 5.0)
2026-10-03T20:14:08 0.083 INF Local UTC offset: 8 hours
2026-10-03T20:14:08 0.098 INF Command line arguments: "D:\Steam\steamapps\common\7 Days To Die\7DaysToDie.exe" -UserDataFolder=D:\wenjian\minecraft\7-M\runtime\7dtd -logfile D:\wenjian\minecraft\7-M\docs\phase3_7_1-runtime-evidence\7dtd-game.log -screen-fullscreen 0 -screen-width 960 -screen-height 600
2026-10-03T20:14:08 0.100 INF Overriding default user data path to D:\wenjian\minecraft\7-M\runtime\7dtd
2026-10-03T20:14:08 0.107 INF [Platform] Init
2026-10-03T20:14:09 0.147 INF [Platform] Using native platform: Steam
2026-10-03T20:14:09 0.148 INF [Platform] Using cross platform: EOS
2026-10-03T20:14:09 0.149 INF [Platform] Using server platform: Steam
2026-10-03T20:14:09 0.150 INF [Platform] Using server platform: XBL
2026-10-03T20:14:09 0.151 INF [Platform] Using server platform: PSN
2026-10-03T20:14:09 0.152 INF [Platform] Using server platform: LAN
2026-10-03T20:14:09 0.161 INF Starting PlayerInputManager...
2026-10-03T20:14:09 0.163 INF InControl (version 1.8.9 build 9376, native module = True, XInput = True)
2026-10-03T20:14:09 0.166 INF InControl (version 1.8.9 build 9376)
2026-10-03T20:14:09 0.172 INF InControl Native (version 1.0.6)
2026-10-03T20:14:09 0.247 INF [InControl] NativeInputDeviceManager enabled.
2026-10-03T20:14:09 0.263 INF [Platform] Initializing Steam
Setting breakpad minidump AppID = 251570
SteamInternal_SetMinidumpSteamID:  Caching Steam ID:  76561199256208852 [API loaded no]
2026-10-03T20:14:09 0.404 INF [Steamworks.NET] SteamAPI_Init() ok
2026-10-03T20:14:09 0.405 INF [Steamworks.NET] Registering auth callbacks
2026-10-03T20:14:09 0.408 INF Not running in Big Picture Mode, no on-screen keyboard available
2026-10-03T20:14:09 0.409 INF [Platform] Initializing EOS
2026-10-03T20:14:09 0.434 INF [EOS] Initialize: Success
2026-10-03T20:14:09 0.460 INF [EOS-Voice] Successfully initialized.
2026-10-03T20:14:09 0.462 INF [EOS-ACC] Not started with EAC, anticheat disabled
2026-10-03T20:14:09 0.462 INF [EAC] AntiCheatServerP2P initialized with null interface
2026-10-03T20:14:09 0.464 INF [Platform] Initializing XBL
2026-10-03T20:14:09 0.465 INF [Platform] Initializing PSN
2026-10-03T20:14:09 0.466 INF [Platform] Initializing LAN
2026-10-03T20:14:09 0.525 INF [SaveDataUtils] InitStatic Begin
2026-10-03T20:14:09 0.527 INF [SaveDataUtils] UserGameDataDir: D:\wenjian\minecraft\7-M\runtime\7dtd
2026-10-03T20:14:09 0.528 INF [SaveDataUtils] SdPlayerPrefs -> Unity
2026-10-03T20:14:09 0.529 INF [SaveDataUtils] InitStatic Complete
2026-10-03T20:14:09 0.586 INF Last played version: V 3.2.0
2026-10-03T20:14:09 0.780 INF Localization language from platform: schinese
Unloading 6 Unused Serialized files (Serialized files now loaded: 0)
[PhysX] Initialized MultithreadedTaskDispatcher with 24 workers.
UnloadTime: 1.139900 ms
2026-10-03T20:14:09 0.802 INF Texture quality is set to 0
Unloading 11 unused Assets to reduce memory usage. Loaded Objects now: 6637.
Total: 6.918500 ms (FindLiveObjects: 0.199600 ms CreateObjectMapping: 0.081000 ms MarkObjects: 6.578600 ms  DeleteObjects: 0.058800 ms)

The referenced script on this Behaviour (Game Object 'BlockProcessor') is missing!
Unloading 5 Unused Serialized files (Serialized files now loaded: 0)
[PhysX] Initialized MultithreadedTaskDispatcher with 24 workers.
UnloadTime: 1.730500 ms
2026-10-03T20:14:17 8.564 INF Awake IsFocused: True
2026-10-03T20:14:17 8.565 INF Awake
2026-10-03T20:14:17 8.764 INF Occlusion: Awake
Unloading 5 unused Assets to reduce memory usage. Loaded Objects now: 6970.
Total: 14.280200 ms (FindLiveObjects: 0.204900 ms CreateObjectMapping: 0.086700 ms MarkObjects: 13.959600 ms  DeleteObjects: 0.028600 ms)

2026-10-03T20:14:17 8.809 INF ApplyAllOptions streaming budget 7109.1 MB
2026-10-03T20:14:17 8.811 INF ApplyAllOptions current screen 2560 x 1600, 240hz, window 960 x 600, mode Windowed
2026-10-03T20:14:17 8.812 INF Texture quality is set to 0
2026-10-03T20:14:17 8.814 INF ApplyTextureFilter 2, AF Enable
2026-10-03T20:14:17 8.815 INF ApplyTerrainOptions 2
2026-10-03T20:14:17 8.942 INF [MODS] Start loading from: 'D:\wenjian\minecraft\7-M\runtime\7dtd/Mods'
2026-10-03T20:14:17 8.945 INF [MODS]   Trying to load from folder: 'MC7DTD-Bridge'
2026-10-03T20:14:17 8.953 INF [MODS]     Loaded assembly MC7DTD.Bridge (in D:\wenjian\minecraft\7-M\runtime\7dtd\Mods\MC7DTD-Bridge\MC7DTD.Bridge.dll)
2026-10-03T20:14:17 8.955 INF [MODS]     Loaded Mod: MC7DTD-Bridge (0.1.0)
2026-10-03T20:14:17 8.956 INF [MODS] Start loading from: 'D:/Steam/steamapps/common/7 Days To Die/7DaysToDie_Data/../Mods'
2026-10-03T20:14:17 8.957 INF [MODS]   Trying to load from folder: '0_TFP_Harmony'
2026-10-03T20:14:17 8.960 INF [MODS]     Loaded assembly 0Harmony (in D:\Steam\steamapps\common\7 Days To Die\Mods\0_TFP_Harmony\0Harmony.dll)
2026-10-03T20:14:17 8.962 INF [MODS]     Loaded assembly Mono.Cecil (in D:\Steam\steamapps\common\7 Days To Die\Mods\0_TFP_Harmony\Mono.Cecil.dll)
2026-10-03T20:14:17 8.965 INF [MODS]     Loaded assembly Mono.Cecil.Mdb (in D:\Steam\steamapps\common\7 Days To Die\Mods\0_TFP_Harmony\Mono.Cecil.Mdb.dll)
2026-10-03T20:14:17 8.967 INF [MODS]     Loaded assembly Mono.Cecil.Pdb (in D:\Steam\steamapps\common\7 Days To Die\Mods\0_TFP_Harmony\Mono.Cecil.Pdb.dll)
2026-10-03T20:14:17 8.969 INF [MODS]     Loaded assembly Mono.Cecil.Rocks (in D:\Steam\steamapps\common\7 Days To Die\Mods\0_TFP_Harmony\Mono.Cecil.Rocks.dll)
2026-10-03T20:14:17 8.972 INF [MODS]     Loaded assembly MonoMod.Backports (in D:\Steam\steamapps\common\7 Days To Die\Mods\0_TFP_Harmony\MonoMod.Backports.dll)
2026-10-03T20:14:17 8.974 INF [MODS]     Loaded assembly MonoMod.Core (in D:\Steam\steamapps\common\7 Days To Die\Mods\0_TFP_Harmony\MonoMod.Core.dll)
2026-10-03T20:14:17 8.977 INF [MODS]     Loaded assembly MonoMod.Iced (in D:\Steam\steamapps\common\7 Days To Die\Mods\0_TFP_Harmony\MonoMod.Iced.dll)
2026-10-03T20:14:17 8.980 INF [MODS]     Loaded assembly MonoMod.ILHelpers (in D:\Steam\steamapps\common\7 Days To Die\Mods\0_TFP_Harmony\MonoMod.ILHelpers.dll)
2026-10-03T20:14:17 8.982 INF [MODS]     Loaded assembly MonoMod.RuntimeDetour (in D:\Steam\steamapps\common\7 Days To Die\Mods\0_TFP_Harmony\MonoMod.RuntimeDetour.dll)
2026-10-03T20:14:17 8.984 INF [MODS]     Loaded assembly MonoMod.Utils (in D:\Steam\steamapps\common\7 Days To Die\Mods\0_TFP_Harmony\MonoMod.Utils.dll)
2026-10-03T20:14:17 8.986 INF [MODS]     Loaded assembly System.ValueTuple (in D:\Steam\steamapps\common\7 Days To Die\Mods\0_TFP_Harmony\System.ValueTuple.dll)
2026-10-03T20:14:17 8.989 INF [MODS]     Loaded assembly TfpHarmony (in D:\Steam\steamapps\common\7 Days To Die\Mods\0_TFP_Harmony\TfpHarmony.dll)
2026-10-03T20:14:17 8.990 INF [MODS]     Loaded Mod: TFP_Harmony (1.1.0.4)
2026-10-03T20:14:17 8.990 INF [MODS]   Trying to load from folder: 'MC7DTD.Bridge'
2026-10-03T20:14:17 8.992 WRN [MODS]     Mod with same name (MC7DTD-Bridge) already loaded, ignoring
2026-10-03T20:14:17 8.992 INF [MODS]   Trying to load from folder: '原始mod'
2026-10-03T20:14:17 8.993 WRN [MODS]     Folder 原始mod does not contain a ModInfo.xml, ignoring
2026-10-03T20:14:17 8.994 INF [MODS] Initializing mod code
2026-10-03T20:14:17 8.995 INF [MODS]   Initializing mod TFP_Harmony
2026-10-03T20:14:17 9.009 INF [MODS]     Found ModAPI in assembly TfpHarmony (in D:\Steam\steamapps\common\7 Days To Die\Mods\0_TFP_Harmony\TfpHarmony.dll), creating instance
2026-10-03T20:14:17 9.010 INF [MODS]       [Harmony] Init done
Fallback handler could not load library D:/Steam/steamapps/common/7 Days To Die/7DaysToDie_Data/MonoBleedingEdge/data-000001A86F3E40C0.dll
2026-10-03T20:14:18 9.221 INF [MODS]     Initialized code in mod 'TFP_Harmony' in assembly TfpHarmony (in D:\Steam\steamapps\common\7 Days To Die\Mods\0_TFP_Harmony\TfpHarmony.dll)
2026-10-03T20:14:18 9.222 INF [MODS]   Initializing mod MC7DTD-Bridge
2026-10-03T20:14:18 9.223 INF [MODS]     Found ModAPI in assembly MC7DTD.Bridge (in D:\wenjian\minecraft\7-M\runtime\7dtd\Mods\MC7DTD-Bridge\MC7DTD.Bridge.dll), creating instance
2026-10-03T20:14:18 9.278 INF [MODS]     Initialized code in mod 'MC7DTD-Bridge' in assembly MC7DTD.Bridge (in D:\wenjian\minecraft\7-M\runtime\7dtd\Mods\MC7DTD-Bridge\MC7DTD.Bridge.dll)
2026-10-03T20:14:18 9.280 INF [MODS] Loading done
2026-10-03T20:14:18 9.290 INF Loading permissions file at 'D:\wenjian\minecraft\7-M\runtime\7dtd\Saves/serveradmin.xml'
2026-10-03T20:14:18 9.302 INF Loading permissions file done.
2026-10-03T20:14:18 9.318 INF Creating TransformDebug GameObject
2026-10-03T20:14:18 9.333 INF [MC7DTD] Bridge connected
2026-10-03T20:14:18 9.334 INF [MC7DTD] 7DTD connected
2026-10-03T20:14:18 9.336 INF [MC7DTD] Test received from minecraft: Hello from Minecraft
2026-10-03T20:14:18 9.343 INF GameSense server not found (no props file), disabling
2026-10-03T20:14:18 9.349 INF [PartyQuests] Initialized
2026-10-03T20:14:18 9.355 INF Awake done in 791 ms
2026-10-03T20:14:18 9.388 INF [MC7DTD] Entity state: event=spawn id=645afecd-dd66-4583-a18b-242ceba814c4 type=minecraft:player source=minecraft world=mc-cf4dce40-2be1-372b-b914-917f5dcc644c dimension=minecraft:overworld stream=67e40835-8ef6-4c0b-b473-aee26ba1d6ab sequence=1 x=-275.83693528815058 y=61.079998016357422 z=446.003968659405 yaw=315.00015640258789 pitch=5.2499856948852539 roll=0
2026-10-03T20:14:18 9.460 INF [XUi] Instantiating XUi from default prefab.
2026-10-03T20:14:18 9.537 INF [XUi] Loading XUi asynchronously
2026-10-03T20:14:18 9.990 INF [EOS] Read cached (NewsFeatured.xml) completed: 1821 bytes
2026-10-03T20:14:18 10.006 INF [EOS] Read cached (News.xml) completed: 4600 bytes
2026-10-03T20:14:18 10.039 INF Reloading serveradmin.xml
2026-10-03T20:14:18 10.040 INF Loading permissions file at 'D:\wenjian\minecraft\7-M\runtime\7dtd\Saves/serveradmin.xml'
2026-10-03T20:14:18 10.043 INF Permissions file unchanged, skipping reloading
2026-10-03T20:14:21 12.942 INF [XUi] Parsing all window groups completed in 3294 ms total.
2026-10-03T20:14:21 12.981 INF Updated culture for display texts
2026-10-03T20:14:21 12.995 WRN UIUtils: No device binding source could be found for PlayerAction GUI Apply
2026-10-03T20:14:22 13.221 INF [EOS] Read cached (news_featured_2026_dlc_08.jpg) completed: 774214 bytes
2026-10-03T20:14:22 13.258 INF [EOS] Read cached (news_featured_2026_dlc_07.jpg) completed: 925495 bytes
2026-10-03T20:14:22 13.293 INF [EOS] Read cached (news_featured_2026_dlc_06.jpg) completed: 149863 bytes
2026-10-03T20:14:22 13.317 INF [EOS] Read cached (news_featured_2026_merger.jpg) completed: 154308 bytes
2026-10-03T20:14:22 13.329 INF [EOS] Read cached (news_featured_ytz2.1.jpg) completed: 123752 bytes
2026-10-03T20:14:22 13.351 INF [EOS] Read cached (news_featured_tfpmerch.jpg) completed: 78916 bytes
2026-10-03T20:14:22 13.371 INF [EOS] Read cached (news_featured_soundtrack.jpg) completed: 235045 bytes
2026-10-03T20:14:22 13.403 INF [EOS] Read cached (news_game_3.3_exp.jpg) completed: 106006 bytes
2026-10-03T20:14:22 13.418 INF [EOS] Read cached (news_game_3.2.0_stable.jpg) completed: 101488 bytes
2026-10-03T20:14:22 13.432 INF [EOS] Read cached (news_game_2026_7_blank.jpg) completed: 70434 bytes
2026-10-03T20:14:22 13.439 INF [EOS] Read cached (news_game_3.1.0_stable.jpg) completed: 585941 bytes
2026-10-03T20:14:22 13.459 INF [EOS] Read cached (news_game_3.0.1_stable.jpg) completed: 154912 bytes
2026-10-03T20:14:22 13.475 INF [EOS] Read cached (news_game_3.0_stable.jpg) completed: 275348 bytes
2026-10-03T20:14:22 13.493 INF [EOS] Read cached (news_game_2026_2.6_stable.jpg) completed: 97562 bytes
Cannot Prepare a disabled VideoPlayer
2026-10-03T20:14:23 14.417 INF Loaded default EULA
2026-10-03T20:14:23 14.931 INF [XUi] Initialized all window groups completed in 1813 ms total.
Direct3D: detected that using refresh rate causes time drift. Will stop trusting refresh rate until the game window is moved.
Direct3D: detected that vsync is broken (it does not limit frame rate properly). Delta time will now be calculated using cpu-side time stampling until the game window is moved.
2026-10-03T20:14:24 15.182 INF LoadTextureArraysForQuality quality -1 to 0, reload False
2026-10-03T20:14:24 15.689 INF LoadTextureArraysForQuality took 0.506
2026-10-03T20:14:24 15.699 INF Loaded (local): events in 0.00
2026-10-03T20:14:24 15.711 INF Loaded (local): rwgmixer in 0.01
2026-10-03T20:14:24 15.718 INF Loaded (local): archetypes in 0.00
2026-10-03T20:14:24 15.725 INF Loaded (local): loadingscreen in 0.00
2026-10-03T20:14:24 15.736 INF Added 1336 subtitle data entries and 3 speaker colors
2026-10-03T20:14:24 15.738 INF Loaded (local): subtitles in 0.00
2026-10-03T20:14:24 15.743 INF Loaded (local): videos in 0.00
2026-10-03T20:14:24 15.748 INF Loaded (local): sandbox_overrides in 0.00
2026-10-03T20:14:24 15.749 INF WorldStaticData.Init() needed 6.020 s
2026-10-03T20:14:24 15.752 INF [Steamworks.NET] Login ok.
2026-10-03T20:14:24 15.754 INF [EOS] Login
2026-10-03T20:14:24 16.039 INF AchievementManager: Received stats and achievements from Steam
2026-10-03T20:14:27 18.503 INF [EOS] Login succeeded, PUID: 0002a27c262e4f8d9c40beda1e4fa220
2026-10-03T20:14:27 18.505 INF [EOS] Getting native user for 0002a27c262e4f8d9c40beda1e4fa220
2026-10-03T20:14:27 18.507 INF [EOS] CopyIdToken result: Success
2026-10-03T20:14:27 18.879 INF [BACKTRACE] Attempting to get User ID from platform: EOS
2026-10-03T20:14:27 18.886 INF [EOS] Created RFS Request: NewsFeatured.xml
2026-10-03T20:14:27 18.887 INF [EOS] Created RFS Request: News.xml
2026-10-03T20:14:27 18.892 INF [EOS] Created RFS Request: DLCConfiguration
2026-10-03T20:14:27 18.893 INF [EOS] Created RFS Request: eula_schinese
2026-10-03T20:14:27 18.896 INF [PermissionsManager] ResolvePermissions(_perms: [Multiplayer, Communication, Crossplay], _canPrompt: False)
2026-10-03T20:14:27 18.900 INF [PermissionsManager] ResolvePermissions(_perms: [Multiplayer, Communication, Crossplay], _canPrompt: False) Fetching Title Storage Overrides...
2026-10-03T20:14:27 18.901 INF [EOS] Created RFS Request: PlatformOverrides
2026-10-03T20:14:27 18.904 INF [EOS] ResolvePermissions(_perms: [Multiplayer, Communication, Crossplay], _canPrompt: False)
2026-10-03T20:14:28 19.385 WRN [EOS] [LogEOSTitleStorage - Warning] Deleting local invalid cache file. CacheFilename=[D:/wenjian/minecraft/7-M/runtime/7dtd/titlestorage/8a44365d5ccb43328b4df2f8ca199e43/__cache_registry_lock]
2026-10-03T20:14:28 19.390 INF [EOS] Read (NewsFeatured.xml) completed: Success, received 1821 bytes
2026-10-03T20:14:28 19.392 INF [EOS] Created RFS Request: news_featured_2026_dlc_08.jpg
2026-10-03T20:14:28 19.392 INF [EOS] Created RFS Request: news_featured_2026_dlc_07.jpg
2026-10-03T20:14:28 19.393 INF [EOS] Created RFS Request: news_featured_2026_dlc_06.jpg
2026-10-03T20:14:28 19.771 INF [EOS] Read (news_featured_2026_dlc_08.jpg) completed: Success, received 774214 bytes
2026-10-03T20:14:28 19.772 INF [EOS] Created RFS Request: news_featured_2026_merger.jpg
2026-10-03T20:14:29 20.125 INF [EOS] Read (BlockedPlayerList) completed: Success, received 8 bytes
2026-10-03T20:14:29 20.168 INF [EOS] Read (news_featured_2026_merger.jpg) completed: Success, received 154308 bytes
2026-10-03T20:14:29 20.170 INF [EOS] Created RFS Request: news_featured_ytz2.1.jpg
2026-10-03T20:14:29 20.185 INF [EOS] Read (News.xml) completed: Success, received 4600 bytes
2026-10-03T20:14:29 20.187 INF [EOS] Created RFS Request: news_game_3.3_exp.jpg
2026-10-03T20:14:29 20.187 INF [EOS] Created RFS Request: news_game_3.2.0_stable.jpg
2026-10-03T20:14:29 20.188 INF [EOS] Created RFS Request: news_game_2026_7_blank.jpg
2026-10-03T20:14:29 20.545 INF [EOS] Read (DLCConfiguration) completed: Success, received 4729 bytes
2026-10-03T20:14:29 20.546 INF [DLCTitleStorageManager] Successfully retrieved DLC configuration.
2026-10-03T20:14:29 20.551 INF [EOS] Read (news_featured_ytz2.1.jpg) completed: Success, received 123752 bytes
2026-10-03T20:14:29 20.553 INF [EOS] Created RFS Request: news_featured_tfpmerch.jpg
2026-10-03T20:14:29 20.578 INF [EOS] Read (news_game_3.3_exp.jpg) completed: Success, received 106006 bytes
2026-10-03T20:14:29 20.579 INF [EOS] Created RFS Request: news_game_3.1.0_stable.jpg
2026-10-03T20:14:29 20.614 INF [EOS] Read (news_featured_2026_dlc_07.jpg) completed: Success, received 925495 bytes
2026-10-03T20:14:29 20.616 INF [EOS] Created RFS Request: news_featured_soundtrack.jpg
2026-10-03T20:14:29 20.650 INF [EOS] Read (PlatformOverrides) completed: Success, received 532 bytes
2026-10-03T20:14:29 20.652 INF [TitleStorageOverridesManager] Successfully retrieved overrides.
2026-10-03T20:14:29 20.653 INF [PermissionsManager] ResolvePermissions(_perms: [Multiplayer, Communication, Crossplay], _canPrompt: False) Fetched Title Storage Overrides!
2026-10-03T20:14:29 20.667 INF [EOS] Read (news_featured_2026_dlc_06.jpg) completed: Success, received 149863 bytes
2026-10-03T20:14:29 20.939 INF [EOS] Read (news_game_2026_7_blank.jpg) completed: Success, received 70434 bytes
2026-10-03T20:14:29 20.941 INF [EOS] Created RFS Request: news_game_3.0.1_stable.jpg
2026-10-03T20:14:29 20.949 INF [EOS] Read (news_featured_tfpmerch.jpg) completed: Success, received 78916 bytes
2026-10-03T20:14:29 20.972 INF [EOS] Read (news_game_3.2.0_stable.jpg) completed: Success, received 101488 bytes
2026-10-03T20:14:29 20.974 INF [EOS] Created RFS Request: news_game_3.0_stable.jpg
2026-10-03T20:14:29 20.998 INF [EOS] Read (news_game_3.1.0_stable.jpg) completed: Success, received 585941 bytes
2026-10-03T20:14:29 21.000 INF [EOS] Created RFS Request: news_game_2026_2.6_stable.jpg
2026-10-03T20:14:29 21.024 INF [EOS] Read (news_featured_soundtrack.jpg) completed: Success, received 235045 bytes
2026-10-03T20:14:30 21.173 INF [EOS] Read (eula_schinese) completed: Success, received 29413 bytes
2026-10-03T20:14:30 21.175 INF [EOS] Created RFS Request: backtraceconfig.xml
2026-10-03T20:14:30 21.310 INF [EOS] Read (news_game_3.0.1_stable.jpg) completed: Success, received 154912 bytes
2026-10-03T20:14:30 21.345 INF [EOS] Read (news_game_3.0_stable.jpg) completed: Success, received 275348 bytes
2026-10-03T20:14:30 21.375 INF [EOS] Read (news_game_2026_2.6_stable.jpg) completed: Success, received 97562 bytes
2026-10-03T20:14:30 21.526 INF [EOS] Read (backtraceconfig.xml) completed: Success, received 2615 bytes
2026-10-03T20:14:30 21.530 INF [BACKTRACE] Bug reporting Enabled with save uploading: Disabled
2026-10-03T20:14:30 21.531 INF [BACKTRACE] Save Attaching Feature: Disabled
2026-10-03T20:14:30 21.531 INF [BACKTRACE] Entire World Attaching Feature: Disabled
2026-10-03T20:14:30 21.532 INF [BACKTRACE] Disabling Error Report Message Types: fellthroughworld
2026-10-03T20:14:30 21.533 INF [BACKTRACE] Bug reporting Disabled with save uploading: Disabled
2026-10-03T20:14:30 21.887 INF [BACKTRACE] Platform ID set to: "EOS-0002a27c262e4f8d9c40beda1e4fa220"
2026-10-03T20:14:30 21.888 INF [BACKTRACE] Configuration refreshed from XML: Enabled True
2026-10-03T20:14:30 21.889 INF [BACKTRACE] Bug reporting: Disabled
2026-10-03T20:14:30 21.889 INF [BACKTRACE] Bug reporting attach save feature: Disabled
2026-10-03T20:14:30 21.890 INF [BACKTRACE] Bug reporting attach entire world feature: Disabled
2026-10-03T20:14:32 23.767 INF [MC7DTD] Minecraft player: x=-275.83693528815058 y=61.079998016357422 z=446.003968659405
2026-10-03T20:14:32 23.770 INF [MC7DTD] Entity state: event=update id=645afecd-dd66-4583-a18b-242ceba814c4 type=minecraft:player source=minecraft world=mc-cf4dce40-2be1-372b-b914-917f5dcc644c dimension=minecraft:overworld stream=67e40835-8ef6-4c0b-b473-aee26ba1d6ab sequence=2 x=-275.83693528815058 y=61.079998016357422 z=446.003968659405 yaw=315.00015640258789 pitch=5.2499856948852539 roll=0
2026-10-03T20:14:33 24.296 INF [MC7DTD] Minecraft player: x=-275.83693528815058 y=61.079998016357422 z=446.003968659405
2026-10-03T20:14:33 24.303 INF [MC7DTD] Entity state: event=update id=645afecd-dd66-4583-a18b-242ceba814c4 type=minecraft:player source=minecraft world=mc-cf4dce40-2be1-372b-b914-917f5dcc644c dimension=minecraft:overworld stream=67e40835-8ef6-4c0b-b473-aee26ba1d6ab sequence=3 x=-275.83693528815058 y=61.079998016357422 z=446.003968659405 yaw=315.00015640258789 pitch=5.2499856948852539 roll=0
2026-10-03T20:14:33 24.819 INF [MC7DTD] Minecraft player: x=-275.83693528815058 y=61.079998016357422 z=446.003968659405
2026-10-03T20:14:33 24.915 INF [MC7DTD] Entity state: event=update id=645afecd-dd66-4583-a18b-242ceba814c4 type=minecraft:player source=minecraft world=mc-cf4dce40-2be1-372b-b914-917f5dcc644c dimension=minecraft:overworld stream=67e40835-8ef6-4c0b-b473-aee26ba1d6ab sequence=4 x=-275.83693528815058 y=61.079998016357422 z=446.003968659405 yaw=315.00015640258789 pitch=5.2499856948852539 roll=0
2026-10-03T20:14:34 25.323 INF [MC7DTD] Minecraft player: x=-275.83693528815058 y=61.079998016357422 z=446.003968659405
2026-10-03T20:14:34 25.324 INF [MC7DTD] Entity state: event=update id=645afecd-dd66-4583-a18b-242ceba814c4 type=minecraft:player source=minecraft world=mc-cf4dce40-2be1-372b-b914-917f5dcc644c dimension=minecraft:overworld stream=67e40835-8ef6-4c0b-b473-aee26ba1d6ab sequence=5 x=-275.83693528815058 y=61.079998016357422 z=446.003968659405 yaw=315.00015640258789 pitch=5.2499856948852539 roll=0
2026-10-03T20:14:34 25.870 INF [MC7DTD] Minecraft player: x=-275.83693528815058 y=61.079998016357422 z=446.003968659405
2026-10-03T20:14:34 25.872 INF [MC7DTD] Entity state: event=update id=645afecd-dd66-4583-a18b-242ceba814c4 type=minecraft:player source=minecraft world=mc-cf4dce40-2be1-372b-b914-917f5dcc644c dimension=minecraft:overworld stream=67e40835-8ef6-4c0b-b473-aee26ba1d6ab sequence=6 x=-275.83693528815058 y=61.079998016357422 z=446.003968659405 yaw=315.00015640258789 pitch=5.2499856948852539 roll=0
2026-10-03T20:14:35 26.372 INF [MC7DTD] Minecraft player: x=-275.83693528815058 y=61.079998016357422 z=446.003968659405
2026-10-03T20:14:35 26.374 INF [MC7DTD] Entity state: event=update id=645afecd-dd66-4583-a18b-242ceba814c4 type=minecraft:player source=minecraft world=mc-cf4dce40-2be1-372b-b914-917f5dcc644c dimension=minecraft:overworld stream=67e40835-8ef6-4c0b-b473-aee26ba1d6ab sequence=7 x=-275.83693528815058 y=61.079998016357422 z=446.003968659405 yaw=315.00015640258789 pitch=5.2499856948852539 roll=0
2026-10-03T20:14:35 26.919 INF [MC7DTD] Minecraft player: x=-275.83693528815058 y=61.079998016357422 z=446.003968659405
2026-10-03T20:14:35 26.920 INF [MC7DTD] Entity state: event=update id=645afecd-dd66-4583-a18b-242ceba814c4 type=minecraft:player source=minecraft world=mc-cf4dce40-2be1-372b-b914-917f5dcc644c dimension=minecraft:overworld stream=67e40835-8ef6-4c0b-b473-aee26ba1d6ab sequence=8 x=-275.83693528815058 y=61.079998016357422 z=446.003968659405 yaw=315.00015640258789 pitch=5.2499856948852539 roll=0
2026-10-03T20:14:36 27.468 INF [MC7DTD] Minecraft player: x=-275.83693528815058 y=61.079998016357422 z=446.003968659405
2026-10-03T20:14:36 27.469 INF [MC7DTD] Entity state: event=update id=645afecd-dd66-4583-a18b-242ceba814c4 type=minecraft:player source=minecraft world=mc-cf4dce40-2be1-372b-b914-917f5dcc644c dimension=minecraft:overworld stream=67e40835-8ef6-4c0b-b473-aee26ba1d6ab sequence=9 x=-275.83693528815058 y=61.079998016357422 z=446.003968659405 yaw=315.00015640258789 pitch=5.2499856948852539 roll=0
2026-10-03T20:14:36 28.017 INF [MC7DTD] Minecraft player: x=-275.83693528815058 y=61.079998016357422 z=446.003968659405
2026-10-03T20:14:36 28.019 INF [MC7DTD] Entity state: event=update id=645afecd-dd66-4583-a18b-242ceba814c4 type=minecraft:player source=minecraft world=mc-cf4dce40-2be1-372b-b914-917f5dcc644c dimension=minecraft:overworld stream=67e40835-8ef6-4c0b-b473-aee26ba1d6ab sequence=10 x=-275.83693528815058 y=61.079998016357422 z=446.003968659405 yaw=315.00015640258789 pitch=5.2499856948852539 roll=0
2026-10-03T20:14:37 28.563 INF [MC7DTD] Minecraft player: x=-275.83693528815058 y=61.079998016357422 z=446.003968659405
2026-10-03T20:14:37 28.565 INF [MC7DTD] Entity state: event=update id=645afecd-dd66-4583-a18b-242ceba814c4 type=minecraft:player source=minecraft world=mc-cf4dce40-2be1-372b-b914-917f5dcc644c dimension=minecraft:overworld stream=67e40835-8ef6-4c0b-b473-aee26ba1d6ab sequence=11 x=-275.83693528815058 y=61.079998016357422 z=446.003968659405 yaw=315.00015640258789 pitch=5.2499856948852539 roll=0
2026-10-03T20:14:37 29.070 INF [MC7DTD] Minecraft player: x=-275.83693528815058 y=61.079998016357422 z=446.003968659405
2026-10-03T20:14:37 29.071 INF [MC7DTD] Entity state: event=update id=645afecd-dd66-4583-a18b-242ceba814c4 type=minecraft:player source=minecraft world=mc-cf4dce40-2be1-372b-b914-917f5dcc644c dimension=minecraft:overworld stream=67e40835-8ef6-4c0b-b473-aee26ba1d6ab sequence=12 x=-275.83693528815058 y=61.079998016357422 z=446.003968659405 yaw=315.00015640258789 pitch=5.2499856948852539 roll=0
2026-10-03T20:14:38 29.619 INF [MC7DTD] Minecraft player: x=-275.83693528815058 y=61.079998016357422 z=446.003968659405
2026-10-03T20:14:38 29.621 INF [MC7DTD] Entity state: event=update id=645afecd-dd66-4583-a18b-242ceba814c4 type=minecraft:player source=minecraft world=mc-cf4dce40-2be1-372b-b914-917f5dcc644c dimension=minecraft:overworld stream=67e40835-8ef6-4c0b-b473-aee26ba1d6ab sequence=13 x=-275.83693528815058 y=61.079998016357422 z=446.003968659405 yaw=315.00015640258789 pitch=5.2499856948852539 roll=0
2026-10-03T20:14:39 30.167 INF [MC7DTD] Minecraft player: x=-275.83693528815058 y=61.079998016357422 z=446.003968659405
2026-10-03T20:14:39 30.169 INF [MC7DTD] Entity state: event=update id=645afecd-dd66-4583-a18b-242ceba814c4 type=minecraft:player source=minecraft world=mc-cf4dce40-2be1-372b-b914-917f5dcc644c dimension=minecraft:overworld stream=67e40835-8ef6-4c0b-b473-aee26ba1d6ab sequence=14 x=-275.83693528815058 y=61.079998016357422 z=446.003968659405 yaw=315.00015640258789 pitch=5.2499856948852539 roll=0
2026-10-03T20:14:39 30.667 INF [MC7DTD] Minecraft player: x=-275.83693528815058 y=61.079998016357422 z=446.003968659405
2026-10-03T20:14:39 30.669 INF [MC7DTD] Entity state: event=update id=645afecd-dd66-4583-a18b-242ceba814c4 type=minecraft:player source=minecraft world=mc-cf4dce40-2be1-372b-b914-917f5dcc644c dimension=minecraft:overworld stream=67e40835-8ef6-4c0b-b473-aee26ba1d6ab sequence=15 x=-275.83693528815058 y=61.079998016357422 z=446.003968659405 yaw=315.00015640258789 pitch=5.2499856948852539 roll=0
2026-10-03T20:14:40 31.214 INF [MC7DTD] Minecraft player: x=-275.83693528815058 y=61.079998016357422 z=446.003968659405
2026-10-03T20:14:40 31.215 INF [MC7DTD] Entity state: event=update id=645afecd-dd66-4583-a18b-242ceba814c4 type=minecraft:player source=minecraft world=mc-cf4dce40-2be1-372b-b914-917f5dcc644c dimension=minecraft:overworld stream=67e40835-8ef6-4c0b-b473-aee26ba1d6ab sequence=16 x=-275.83693528815058 y=61.079998016357422 z=446.003968659405 yaw=315.00015640258789 pitch=5.2499856948852539 roll=0
2026-10-03T20:14:40 31.763 INF [MC7DTD] Minecraft player: x=-275.83693528815058 y=61.079998016357422 z=446.003968659405
2026-10-03T20:14:40 31.764 INF [MC7DTD] Entity state: event=update id=645afecd-dd66-4583-a18b-242ceba814c4 type=minecraft:player source=minecraft world=mc-cf4dce40-2be1-372b-b914-917f5dcc644c dimension=minecraft:overworld stream=67e40835-8ef6-4c0b-b473-aee26ba1d6ab sequence=17 x=-275.83693528815058 y=61.079998016357422 z=446.003968659405 yaw=315.00015640258789 pitch=5.2499856948852539 roll=0
2026-10-03T20:14:41 32.313 INF [MC7DTD] Minecraft player: x=-275.83693528815058 y=61.079998016357422 z=446.003968659405
2026-10-03T20:14:41 32.314 INF [MC7DTD] Entity state: event=update id=645afecd-dd66-4583-a18b-242ceba814c4 type=minecraft:player source=minecraft world=mc-cf4dce40-2be1-372b-b914-917f5dcc644c dimension=minecraft:overworld stream=67e40835-8ef6-4c0b-b473-aee26ba1d6ab sequence=18 x=-275.83693528815058 y=61.079998016357422 z=446.003968659405 yaw=315.00015640258789 pitch=5.2499856948852539 roll=0
2026-10-03T20:14:41 32.863 INF [MC7DTD] Minecraft player: x=-275.83693528815058 y=61.079998016357422 z=446.003968659405
2026-10-03T20:14:41 32.865 INF [MC7DTD] Entity state: event=update id=645afecd-dd66-4583-a18b-242ceba814c4 type=minecraft:player source=minecraft world=mc-cf4dce40-2be1-372b-b914-917f5dcc644c dimension=minecraft:overworld stream=67e40835-8ef6-4c0b-b473-aee26ba1d6ab sequence=19 x=-275.83693528815058 y=61.079998016357422 z=446.003968659405 yaw=315.00015640258789 pitch=5.2499856948852539 roll=0
2026-10-03T20:14:42 33.364 INF [MC7DTD] Minecraft player: x=-275.83693528815058 y=61.079998016357422 z=446.003968659405
2026-10-03T20:14:42 33.365 INF [MC7DTD] Entity state: event=update id=645afecd-dd66-4583-a18b-242ceba814c4 type=minecraft:player source=minecraft world=mc-cf4dce40-2be1-372b-b914-917f5dcc644c dimension=minecraft:overworld stream=67e40835-8ef6-4c0b-b473-aee26ba1d6ab sequence=20 x=-275.83693528815058 y=61.079998016357422 z=446.003968659405 yaw=315.00015640258789 pitch=5.2499856948852539 roll=0
2026-10-03T20:14:42 33.914 INF [MC7DTD] Minecraft player: x=-275.83693528815058 y=61.079998016357422 z=446.003968659405
2026-10-03T20:14:42 33.916 INF [MC7DTD] Entity state: event=update id=645afecd-dd66-4583-a18b-242ceba814c4 type=minecraft:player source=minecraft world=mc-cf4dce40-2be1-372b-b914-917f5dcc644c dimension=minecraft:overworld stream=67e40835-8ef6-4c0b-b473-aee26ba1d6ab sequence=21 x=-275.83693528815058 y=61.079998016357422 z=446.003968659405 yaw=315.00015640258789 pitch=5.2499856948852539 roll=0
2026-10-03T20:14:43 34.463 INF [MC7DTD] Minecraft player: x=-275.83693528815058 y=61.079998016357422 z=446.003968659405
2026-10-03T20:14:43 34.465 INF [MC7DTD] Entity state: event=update id=645afecd-dd66-4583-a18b-242ceba814c4 type=minecraft:player source=minecraft world=mc-cf4dce40-2be1-372b-b914-917f5dcc644c dimension=minecraft:overworld stream=67e40835-8ef6-4c0b-b473-aee26ba1d6ab sequence=22 x=-275.83693528815058 y=61.079998016357422 z=446.003968659405 yaw=315.00015640258789 pitch=5.2499856948852539 roll=0
2026-10-03T20:14:43 35.015 INF [MC7DTD] Minecraft player: x=-275.83693528815058 y=61.079998016357422 z=446.003968659405
2026-10-03T20:14:43 35.016 INF [MC7DTD] Entity state: event=update id=645afecd-dd66-4583-a18b-242ceba814c4 type=minecraft:player source=minecraft world=mc-cf4dce40-2be1-372b-b914-917f5dcc644c dimension=minecraft:overworld stream=67e40835-8ef6-4c0b-b473-aee26ba1d6ab sequence=23 x=-275.83693528815058 y=61.079998016357422 z=446.003968659405 yaw=315.00015640258789 pitch=5.2499856948852539 roll=0
2026-10-03T20:14:44 35.563 INF [MC7DTD] Minecraft player: x=-275.83693528815058 y=61.079998016357422 z=446.003968659405
2026-10-03T20:14:44 35.565 INF [MC7DTD] Entity state: event=update id=645afecd-dd66-4583-a18b-242ceba814c4 type=minecraft:player source=minecraft world=mc-cf4dce40-2be1-372b-b914-917f5dcc644c dimension=minecraft:overworld stream=67e40835-8ef6-4c0b-b473-aee26ba1d6ab sequence=24 x=-275.83693528815058 y=61.079998016357422 z=446.003968659405 yaw=315.00015640258789 pitch=5.2499856948852539 roll=0
2026-10-03T20:14:44 36.113 INF [MC7DTD] Minecraft player: x=-275.83693528815058 y=61.079998016357422 z=446.003968659405
2026-10-03T20:14:44 36.114 INF [MC7DTD] Entity state: event=update id=645afecd-dd66-4583-a18b-242ceba814c4 type=minecraft:player source=minecraft world=mc-cf4dce40-2be1-372b-b914-917f5dcc644c dimension=minecraft:overworld stream=67e40835-8ef6-4c0b-b473-aee26ba1d6ab sequence=25 x=-275.83693528815058 y=61.079998016357422 z=446.003968659405 yaw=315.00015640258789 pitch=5.2499856948852539 roll=0
2026-10-03T20:14:45 36.613 INF [MC7DTD] Minecraft player: x=-275.83693528815058 y=61.079998016357422 z=446.003968659405
2026-10-03T20:14:45 36.615 INF [MC7DTD] Entity state: event=update id=645afecd-dd66-4583-a18b-242ceba814c4 type=minecraft:player source=minecraft world=mc-cf4dce40-2be1-372b-b914-917f5dcc644c dimension=minecraft:overworld stream=67e40835-8ef6-4c0b-b473-aee26ba1d6ab sequence=26 x=-275.83693528815058 y=61.079998016357422 z=446.003968659405 yaw=315.00015640258789 pitch=5.2499856948852539 roll=0
2026-10-03T20:14:46 37.164 INF [MC7DTD] Minecraft player: x=-275.83693528815058 y=61.079998016357422 z=446.003968659405
2026-10-03T20:14:46 37.166 INF [MC7DTD] Entity state: event=update id=645afecd-dd66-4583-a18b-242ceba814c4 type=minecraft:player source=minecraft world=mc-cf4dce40-2be1-372b-b914-917f5dcc644c dimension=minecraft:overworld stream=67e40835-8ef6-4c0b-b473-aee26ba1d6ab sequence=27 x=-275.83693528815058 y=61.079998016357422 z=446.003968659405 yaw=315.00015640258789 pitch=5.2499856948852539 roll=0
2026-10-03T20:14:46 37.713 INF [MC7DTD] Minecraft player: x=-275.83693528815058 y=61.079998016357422 z=446.003968659405
2026-10-03T20:14:46 37.715 INF [MC7DTD] Entity state: event=update id=645afecd-dd66-4583-a18b-242ceba814c4 type=minecraft:player source=minecraft world=mc-cf4dce40-2be1-372b-b914-917f5dcc644c dimension=minecraft:overworld stream=67e40835-8ef6-4c0b-b473-aee26ba1d6ab sequence=28 x=-275.83693528815058 y=61.079998016357422 z=446.003968659405 yaw=315.00015640258789 pitch=5.2499856948852539 roll=0
2026-10-03T20:14:47 38.214 INF [MC7DTD] Minecraft player: x=-275.83693528815058 y=61.079998016357422 z=446.003968659405
2026-10-03T20:14:47 38.216 INF [MC7DTD] Entity state: event=update id=645afecd-dd66-4583-a18b-242ceba814c4 type=minecraft:player source=minecraft world=mc-cf4dce40-2be1-372b-b914-917f5dcc644c dimension=minecraft:overworld stream=67e40835-8ef6-4c0b-b473-aee26ba1d6ab sequence=29 x=-275.83693528815058 y=61.079998016357422 z=446.003968659405 yaw=315.00015640258789 pitch=5.2499856948852539 roll=0
2026-10-03T20:14:47 38.763 INF [MC7DTD] Minecraft player: x=-275.83693528815058 y=61.079998016357422 z=446.003968659405
2026-10-03T20:14:47 38.764 INF [MC7DTD] Entity state: event=update id=645afecd-dd66-4583-a18b-242ceba814c4 type=minecraft:player source=minecraft world=mc-cf4dce40-2be1-372b-b914-917f5dcc644c dimension=minecraft:overworld stream=67e40835-8ef6-4c0b-b473-aee26ba1d6ab sequence=30 x=-275.83693528815058 y=61.079998016357422 z=446.003968659405 yaw=315.00015640258789 pitch=5.2499856948852539 roll=0
2026-10-03T20:14:48 39.266 INF [MC7DTD] Minecraft player: x=-275.83693528815058 y=61.079998016357422 z=446.003968659405
2026-10-03T20:14:48 39.268 INF [MC7DTD] Entity state: event=update id=645afecd-dd66-4583-a18b-242ceba814c4 type=minecraft:player source=minecraft world=mc-cf4dce40-2be1-372b-b914-917f5dcc644c dimension=minecraft:overworld stream=67e40835-8ef6-4c0b-b473-aee26ba1d6ab sequence=31 x=-275.83693528815058 y=61.079998016357422 z=446.003968659405 yaw=315.00015640258789 pitch=5.2499856948852539 roll=0
2026-10-03T20:14:48 39.817 INF [MC7DTD] Minecraft player: x=-275.83693528815058 y=61.079998016357422 z=446.003968659405
2026-10-03T20:14:48 39.818 INF [MC7DTD] Entity state: event=update id=645afecd-dd66-4583-a18b-242ceba814c4 type=minecraft:player source=minecraft world=mc-cf4dce40-2be1-372b-b914-917f5dcc644c dimension=minecraft:overworld stream=67e40835-8ef6-4c0b-b473-aee26ba1d6ab sequence=32 x=-275.83693528815058 y=61.079998016357422 z=446.003968659405 yaw=315.00015640258789 pitch=5.2499856948852539 roll=0
2026-10-03T20:14:49 40.366 INF [MC7DTD] Minecraft player: x=-275.83693528815058 y=61.079998016357422 z=446.003968659405
2026-10-03T20:14:49 40.368 INF [MC7DTD] Entity state: event=update id=645afecd-dd66-4583-a18b-242ceba814c4 type=minecraft:player source=minecraft world=mc-cf4dce40-2be1-372b-b914-917f5dcc644c dimension=minecraft:overworld stream=67e40835-8ef6-4c0b-b473-aee26ba1d6ab sequence=33 x=-275.83693528815058 y=61.079998016357422 z=446.003968659405 yaw=315.00015640258789 pitch=5.2499856948852539 roll=0
2026-10-03T20:14:49 40.915 INF [MC7DTD] Minecraft player: x=-275.83693528815058 y=61.079998016357422 z=446.003968659405
2026-10-03T20:14:49 40.917 INF [MC7DTD] Entity state: event=update id=645afecd-dd66-4583-a18b-242ceba814c4 type=minecraft:player source=minecraft world=mc-cf4dce40-2be1-372b-b914-917f5dcc644c dimension=minecraft:overworld stream=67e40835-8ef6-4c0b-b473-aee26ba1d6ab sequence=34 x=-275.83693528815058 y=61.079998016357422 z=446.003968659405 yaw=315.00015640258789 pitch=5.2499856948852539 roll=0
2026-10-03T20:14:50 41.466 INF [MC7DTD] Minecraft player: x=-275.83693528815058 y=61.079998016357422 z=446.003968659405
2026-10-03T20:14:50 41.468 INF [MC7DTD] Entity state: event=update id=645afecd-dd66-4583-a18b-242ceba814c4 type=minecraft:player source=minecraft world=mc-cf4dce40-2be1-372b-b914-917f5dcc644c dimension=minecraft:overworld stream=67e40835-8ef6-4c0b-b473-aee26ba1d6ab sequence=35 x=-275.83693528815058 y=61.079998016357422 z=446.003968659405 yaw=315.00015640258789 pitch=5.2499856948852539 roll=0
2026-10-03T20:14:50 42.015 INF [MC7DTD] Minecraft player: x=-275.83693528815058 y=61.079998016357422 z=446.003968659405
2026-10-03T20:14:50 42.017 INF [MC7DTD] Entity state: event=update id=645afecd-dd66-4583-a18b-242ceba814c4 type=minecraft:player source=minecraft world=mc-cf4dce40-2be1-372b-b914-917f5dcc644c dimension=minecraft:overworld stream=67e40835-8ef6-4c0b-b473-aee26ba1d6ab sequence=36 x=-275.83693528815058 y=61.079998016357422 z=446.003968659405 yaw=315.00015640258789 pitch=5.2499856948852539 roll=0
2026-10-03T20:14:51 42.564 INF [MC7DTD] Minecraft player: x=-275.83693528815058 y=61.079998016357422 z=446.003968659405
2026-10-03T20:14:51 42.565 INF [MC7DTD] Entity state: event=update id=645afecd-dd66-4583-a18b-242ceba814c4 type=minecraft:player source=minecraft world=mc-cf4dce40-2be1-372b-b914-917f5dcc644c dimension=minecraft:overworld stream=67e40835-8ef6-4c0b-b473-aee26ba1d6ab sequence=37 x=-275.83693528815058 y=61.079998016357422 z=446.003968659405 yaw=315.00015640258789 pitch=5.2499856948852539 roll=0
2026-10-03T20:14:51 43.113 INF [MC7DTD] Minecraft player: x=-275.83693528815058 y=61.079998016357422 z=446.003968659405
2026-10-03T20:14:51 43.115 INF [MC7DTD] Entity state: event=update id=645afecd-dd66-4583-a18b-242ceba814c4 type=minecraft:player source=minecraft world=mc-cf4dce40-2be1-372b-b914-917f5dcc644c dimension=minecraft:overworld stream=67e40835-8ef6-4c0b-b473-aee26ba1d6ab sequence=38 x=-275.83693528815058 y=61.079998016357422 z=446.003968659405 yaw=315.00015640258789 pitch=5.2499856948852539 roll=0
2026-10-03T20:14:52 43.615 INF [MC7DTD] Minecraft player: x=-275.83693528815058 y=61.079998016357422 z=446.003968659405
2026-10-03T20:14:52 43.617 INF [MC7DTD] Entity state: event=update id=645afecd-dd66-4583-a18b-242ceba814c4 type=minecraft:player source=minecraft world=mc-cf4dce40-2be1-372b-b914-917f5dcc644c dimension=minecraft:overworld stream=67e40835-8ef6-4c0b-b473-aee26ba1d6ab sequence=39 x=-275.83693528815058 y=61.079998016357422 z=446.003968659405 yaw=315.00015640258789 pitch=5.2499856948852539 roll=0
2026-10-03T20:14:53 44.163 INF [MC7DTD] Minecraft player: x=-275.83693528815058 y=61.079998016357422 z=446.003968659405
2026-10-03T20:14:53 44.164 INF [MC7DTD] Entity state: event=update id=645afecd-dd66-4583-a18b-242ceba814c4 type=minecraft:player source=minecraft world=mc-cf4dce40-2be1-372b-b914-917f5dcc644c dimension=minecraft:overworld stream=67e40835-8ef6-4c0b-b473-aee26ba1d6ab sequence=40 x=-275.83693528815058 y=61.079998016357422 z=446.003968659405 yaw=315.00015640258789 pitch=5.2499856948852539 roll=0
2026-10-03T20:14:53 44.668 INF [MC7DTD] Minecraft player: x=-275.83693528815058 y=61.079998016357422 z=446.003968659405
2026-10-03T20:14:53 44.670 INF [MC7DTD] Entity state: event=update id=645afecd-dd66-4583-a18b-242ceba814c4 type=minecraft:player source=minecraft world=mc-cf4dce40-2be1-372b-b914-917f5dcc644c dimension=minecraft:overworld stream=67e40835-8ef6-4c0b-b473-aee26ba1d6ab sequence=41 x=-275.83693528815058 y=61.079998016357422 z=446.003968659405 yaw=315.00015640258789 pitch=5.2499856948852539 roll=0
2026-10-03T20:14:54 45.169 INF [MC7DTD] Minecraft player: x=-275.83693528815058 y=61.079998016357422 z=446.003968659405
2026-10-03T20:14:54 45.170 INF [MC7DTD] Entity state: event=update id=645afecd-dd66-4583-a18b-242ceba814c4 type=minecraft:player source=minecraft world=mc-cf4dce40-2be1-372b-b914-917f5dcc644c dimension=minecraft:overworld stream=67e40835-8ef6-4c0b-b473-aee26ba1d6ab sequence=42 x=-275.83693528815058 y=61.079998016357422 z=446.003968659405 yaw=315.00015640258789 pitch=5.2499856948852539 roll=0
2026-10-03T20:14:54 45.719 INF [MC7DTD] Minecraft player: x=-275.83693528815058 y=61.079998016357422 z=446.003968659405
2026-10-03T20:14:54 45.720 INF [MC7DTD] Entity state: event=update id=645afecd-dd66-4583-a18b-242ceba814c4 type=minecraft:player source=minecraft world=mc-cf4dce40-2be1-372b-b914-917f5dcc644c dimension=minecraft:overworld stream=67e40835-8ef6-4c0b-b473-aee26ba1d6ab sequence=43 x=-275.83693528815058 y=61.079998016357422 z=446.003968659405 yaw=315.00015640258789 pitch=5.2499856948852539 roll=0
2026-10-03T20:14:55 46.265 INF [MC7DTD] Entity state: event=update id=645afecd-dd66-4583-a18b-242ceba814c4 type=minecraft:player source=minecraft world=mc-cf4dce40-2be1-372b-b914-917f5dcc644c dimension=minecraft:overworld stream=67e40835-8ef6-4c0b-b473-aee26ba1d6ab sequence=44 x=-275.83693528815058 y=61.079998016357422 z=446.003968659405 yaw=315.00015640258789 pitch=5.2499856948852539 roll=0
2026-10-03T20:14:55 46.266 INF [MC7DTD] Minecraft player: x=-275.83693528815058 y=61.079998016357422 z=446.003968659405
2026-10-03T20:14:55 46.768 INF [MC7DTD] Minecraft player: x=-275.83693528815058 y=61.079998016357422 z=446.003968659405
2026-10-03T20:14:55 46.769 INF [MC7DTD] Entity state: event=update id=645afecd-dd66-4583-a18b-242ceba814c4 type=minecraft:player source=minecraft world=mc-cf4dce40-2be1-372b-b914-917f5dcc644c dimension=minecraft:overworld stream=67e40835-8ef6-4c0b-b473-aee26ba1d6ab sequence=45 x=-275.83693528815058 y=61.079998016357422 z=446.003968659405 yaw=315.00015640258789 pitch=5.2499856948852539 roll=0
2026-10-03T20:14:56 47.313 INF [MC7DTD] Minecraft player: x=-275.83693528815058 y=61.079998016357422 z=446.003968659405
2026-10-03T20:14:56 47.314 INF [MC7DTD] Entity state: event=update id=645afecd-dd66-4583-a18b-242ceba814c4 type=minecraft:player source=minecraft world=mc-cf4dce40-2be1-372b-b914-917f5dcc644c dimension=minecraft:overworld stream=67e40835-8ef6-4c0b-b473-aee26ba1d6ab sequence=46 x=-275.83693528815058 y=61.079998016357422 z=446.003968659405 yaw=315.00015640258789 pitch=5.2499856948852539 roll=0
2026-10-03T20:14:56 47.816 INF [MC7DTD] Minecraft player: x=-275.83693528815058 y=61.079998016357422 z=446.003968659405
2026-10-03T20:14:56 47.817 INF [TitleStorageOverridesManager] Using cached last success.
2026-10-03T20:14:56 47.818 INF [MC7DTD] Entity state: event=update id=645afecd-dd66-4583-a18b-242ceba814c4 type=minecraft:player source=minecraft world=mc-cf4dce40-2be1-372b-b914-917f5dcc644c dimension=minecraft:overworld stream=67e40835-8ef6-4c0b-b473-aee26ba1d6ab sequence=47 x=-275.83693528815058 y=61.079998016357422 z=446.003968659405 yaw=315.00015640258789 pitch=5.2499856948852539 roll=0
2026-10-03T20:15:15 66.841 INF [TitleStorageOverridesManager] Using cached last success.
2026-10-03T20:15:15 66.846 INF NET: Starting offline server.
2026-10-03T20:15:15 66.847 INF StartGame
2026-10-03T20:15:15 66.881 INF NetPackageManager Init
2026-10-03T20:15:15 66.904 INF [XUi] Instantiating XUi from default prefab.
2026-10-03T20:15:15 66.934 INF Persistent GamePrefs saved
GamePref.AdminFileName = serveradmin.xml
GamePref.AirDropFrequency = 3
GamePref.AirDropMarker = True
GamePref.AISmellMode = 2
GamePref.AllowSpawnNearBackpack = True
GamePref.AllowSpawnNearFriend = 2
GamePref.AutopilotMode = 0
GamePref.BedrollDeadZoneSize = 15
GamePref.BedrollExpiryTime = 45
GamePref.BiomeProgression = True
GamePref.BlockDamageAI = 100
GamePref.BlockDamageAIBM = 100
GamePref.BlockDamagePlayer = 100
GamePref.BloodMoonEnemyCount = 8
GamePref.BloodMoonFrequency = 7
GamePref.BloodMoonRange = 0
GamePref.BloodMoonWarning = 1
GamePref.BuildCreate = True
GamePref.CameraRestrictionMode = 0
GamePref.ConnectToServerIP = 26.27.164.153
GamePref.ConnectToServerPort = 26900
GamePref.CreateLevelDim = 4096
GamePref.CreateLevelName = My Level
GamePref.CreativeMenuEnabled = False
GamePref.DayCount = 3
GamePref.DayLightLength = 18
GamePref.DayNightLength = 60
GamePref.DeathPenalty = 1
GamePref.DebugMenuEnabled = False
GamePref.DebugMenuShowTasks = False
GamePref.DebugPanelsEnabled = ,Ply,Ge,Sp,Fo,Pr,
GamePref.DebugStopEnemiesMoving = False
GamePref.DiscordAutoJoinVoiceMode = 0
GamePref.DiscordDisabled = True
GamePref.DiscordDmPrivacyMode = True
GamePref.DiscordFirstTimeInfoShown = True
GamePref.DiscordInputVolume = 1
GamePref.DiscordLastAccountType = 2
GamePref.DiscordMuteDmNotifications = True
GamePref.DiscordOutputVolume = 1
GamePref.DiscordSelectedInputDevice = 
GamePref.DiscordSelectedOutputDevice = 
GamePref.DiscordVoiceModePtt = False
GamePref.DiscordVoiceVadModeAuto = True
GamePref.DiscordVoiceVadThreshold = -60
GamePref.DropOnDeath = 1
GamePref.DropOnQuit = 0
GamePref.DynamicMeshDistance = 100
GamePref.DynamicMeshEnabled = True
GamePref.DynamicMeshLandClaimBuffer = 1
GamePref.DynamicMeshLandClaimOnly = True
GamePref.DynamicMeshMaxItemCache = 1
GamePref.DynamicMeshMaxRegionCache = 1
GamePref.DynamicMeshUseImposters = True
GamePref.DynamicSpawner = 
GamePref.EACEnabled = False
GamePref.EnableMapRendering = False
GamePref.EnemyDifficulty = 0
GamePref.EnemySpawnMode = True
GamePref.EulaLatestVersion = 2
GamePref.EulaVersionAccepted = 2
GamePref.FavoriteServersList = 
GamePref.FragLimit = 20
GamePref.GameDifficulty = 1
GamePref.GameGuidClient = 
GamePref.GameMode = GameModeSurvival
GamePref.GameName = MC7DTD-Phase3-3
GamePref.GameNameClient = My Game
GamePref.GameSaveStorageType = 0
GamePref.GameVersion = V 3.2.0
GamePref.GameWorld = Navezgane
GamePref.GameWorldLocationType = 4
GamePref.HideCommandExecutionLog = 0
GamePref.IgnoreEOSSanctions = False
GamePref.JarRefund = 60
GamePref.JoiningOptions = True
GamePref.LandClaimCount = 5
GamePref.LandClaimDeadZone = 30
GamePref.LandClaimDecayMode = 0
GamePref.LandClaimExpiryTime = 7
GamePref.LandClaimOfflineDelay = 0
GamePref.LandClaimOfflineDurabilityModifier = 4
GamePref.LandClaimOnlineDurabilityModifier = 4
GamePref.LandClaimSize = 41
GamePref.Language = 
GamePref.LanguageBrowser = 
GamePref.LastGameResetRevision = 13
GamePref.LastLoadedPrefab = 
GamePref.LastLoadingTipRead = 30
GamePref.LootAbundance = 100
GamePref.LootRespawnDays = 7
GamePref.LootTimer = 
GamePref.MatchLength = 10
GamePref.MaxChunkAge = -1
GamePref.MaxQueuedMeshLayers = 40
GamePref.MaxSpawnedAnimals = 50
GamePref.MaxSpawnedZombies = 64
GamePref.MaxUncoveredMapChunksPerPlayer = 524288
GamePref.NoGraphicsMode = False
GamePref.OptionsAllowController = True
GamePref.OptionsAmbientVolumeLevel = 0.4956012
GamePref.OptionsAudioOcclusion = False
GamePref.OptionsAutoPartyWithFriends = True
GamePref.OptionsBackgroundGlobalOpacity = 0.95
GamePref.OptionsBindingsResetRevision = 1
GamePref.OptionsChatCommunication = True
GamePref.OptionsControllerAimAssists = True
GamePref.OptionsControllerCursorHoverSensitivity = 0.5
GamePref.OptionsControllerCursorSnap = True
GamePref.OptionsControllerIconStyle = 0
GamePref.OptionsControllerJoystickLayout = 0
GamePref.OptionsControllerLookAcceleration = 4
GamePref.OptionsControllerLookAxisDeadzone = 0.1
GamePref.OptionsControllerLookInvert = False
GamePref.OptionsControllerMoveAxisDeadzone = 0.1
GamePref.OptionsControllerSensitivityX = 0.35
GamePref.OptionsControllerSensitivityY = 0.25
GamePref.OptionsControllerTriggerEffects = False
GamePref.OptionsControllerVehicleSensitivity = 1
GamePref.OptionsControllerVibration = True
GamePref.OptionsControllerVibrationStrength = 2
GamePref.OptionsControllerWeaponAiming = False
GamePref.OptionsControllerZoomSensitivity = 0.5
GamePref.OptionsControlsDefaultQuickAction = 0
GamePref.OptionsControlsResetRevision = 7
GamePref.OptionsControlsSprintLock = 1
GamePref.OptionsCrosshairADS = True
GamePref.OptionsCrosshairColor = 0
GamePref.OptionsCrosshairDot3P = True
GamePref.OptionsCrosshairEnabled = True
GamePref.OptionsCrosshairOpacity = 1
GamePref.OptionsCrosshairRangedEnabled = True
GamePref.OptionsCrosshairScale = 1
GamePref.OptionsCrosshairThickness = 0.2
GamePref.OptionsCrossplay = True
GamePref.OptionsDisableChunkLODs = False
GamePref.OptionsDisableXmlEvents = False
GamePref.OptionsDynamicMusicDailyTime = 0.45
GamePref.OptionsDynamicMusicEnabled = True
GamePref.OptionsFilterProfanity = False
GamePref.OptionsForegroundGlobalOpacity = 1
GamePref.OptionsGfx3PCameraMode = 0
GamePref.OptionsGfxAA = 0
GamePref.OptionsGfxAASharpness = 0
GamePref.OptionsGfxBloom = True
GamePref.OptionsGfxBrightness = 1
GamePref.OptionsGfxCameraDistance3P = 0.2463343
GamePref.OptionsGfxDefaultFirstPersonCamera = True
GamePref.OptionsGfxDOF = False
GamePref.OptionsGfxDynamicMinFPS = 30
GamePref.OptionsGfxDynamicMode = 0
GamePref.OptionsGfxDynamicScale = 1
GamePref.OptionsGfxFOV = 75
GamePref.OptionsGfxFOV3P = 65
GamePref.OptionsGfxFSRPreset = 4
GamePref.OptionsGfxGrassDistance = 1
GamePref.OptionsGfxLimitFpsInGame = -1
GamePref.OptionsGfxLODDistance = 0.5
GamePref.OptionsGfxMotionBlur = 1
GamePref.OptionsGfxMotionBlurEnabled = True
GamePref.OptionsGfxObjQuality = 2
GamePref.OptionsGfxOcclusion = False
GamePref.OptionsGfxQualityPreset = 2
GamePref.OptionsGfxReflectQuality = 0
GamePref.OptionsGfxReflectShadows = False
GamePref.OptionsGfxResetRevision = 4
GamePref.OptionsGfxResolution = 0
GamePref.OptionsGfxShadowDistance = 0
GamePref.OptionsGfxShadowQuality = 1
GamePref.OptionsGfxSignQuality = 2
GamePref.OptionsGfxSSAO = False
GamePref.OptionsGfxSSReflections = 0
GamePref.OptionsGfxStreamMipmaps = True
GamePref.OptionsGfxSunShafts = True
GamePref.OptionsGfxTerrainQuality = 2
GamePref.OptionsGfxTexFilter = 2
GamePref.OptionsGfxTexQuality = 0
GamePref.OptionsGfxTreeDistance = 4
GamePref.OptionsGfxUpscalerMode = 5
GamePref.OptionsGfxViewDistance = 7
GamePref.OptionsGfxVsync = 1
GamePref.OptionsGfxWaterPtlLimiter = 0
GamePref.OptionsGfxWaterQuality = 1
GamePref.OptionsHudOpacity = 1
GamePref.OptionsHudSize = 1
GamePref.OptionsInterfaceSensitivity = 0.5
GamePref.OptionsIntroMovieEnabled = True
GamePref.OptionsInvertMouse = False
GamePref.OptionsJournalPopup = True
GamePref.OptionsLookSensitivity = 0.5
GamePref.OptionsMenuMusicVolumeLevel = 0.1627566
GamePref.OptionsMicVolumeLevel = 0.75
GamePref.OptionsMumblePositionalAudioSupport = False
GamePref.OptionsMusicVolumeLevel = 0.1715543
GamePref.OptionsOverallAudioVolumeLevel = 0.3958944
GamePref.OptionsPlayChanceFrequency = 3
GamePref.OptionsPlayChanceProbability = 0.983
GamePref.OptionsPlayerModelTexture = Player/Male/Player_male
GamePref.OptionsPOICulling = 1
GamePref.OptionsPoiVolumesSkipDeleteConfirmation = False
GamePref.OptionsQuestsAutoAccept = True
GamePref.OptionsQuestsAutoShare = True
GamePref.OptionsScreenBoundsValue = 1
GamePref.OptionsSelectionBoxAlphaMultiplier = 0.4
GamePref.OptionsShowCompass = True
GamePref.OptionsShowConsoleButton = False
GamePref.OptionsShowCrosshair = True
GamePref.OptionsStabSpawnBlocksOnGround = True
GamePref.OptionsSubtitlesEnabled = True
GamePref.OptionsTempCelsius = False
GamePref.OptionsUiCompassUseEnglishCardinalDirections = False
GamePref.OptionsUiFpsScaling = 1
GamePref.OptionsVehicleLookSensitivity = 0.5
GamePref.OptionsVoiceChatEnabled = True
GamePref.OptionsVoiceInputDevice = {c553feff-9e5e-4e0e-9d8b-19bc1a40a879}
GamePref.OptionsVoiceOutputDevice = {0.0.0.00000000}.{92fcbc13-e738-45c1-8c56-f448aedf9951}
GamePref.OptionsVoiceVolumeLevel = 0.75
GamePref.OptionsWeaponAiming = False
GamePref.OptionsZoomAccel = 0.5
GamePref.OptionsZoomSensitivity = 0.3
GamePref.PartySharedKillRange = 100
GamePref.PersistentPlayerProfiles = False
GamePref.PlayerAutologin = False
GamePref.PlayerKillingMode = 0
GamePref.PlayerName = 质朴且卑微-
GamePref.PlayerSafeZoneHours = 7
GamePref.PlayerSafeZoneLevel = 5
GamePref.PlaytestBiome = 3
GamePref.QuestProgressionDailyLimit = 4
GamePref.RebuildMap = False
GamePref.Region = Asia
GamePref.ResetUnprotectedChunks = 0
GamePref.SandboxCode = AAAJABJARFBNC
GamePref.SandboxPreset = Adventurer
GamePref.SaveDataLimit = -1
GamePref.SaveDataLimitType = Unlimited
GamePref.SelectionContextMode = 0
GamePref.SelectionOperationMode = 0
GamePref.ServerAdminSlots = 0
GamePref.ServerAdminSlotsPermission = 0
GamePref.ServerAllowCrossplay = True
GamePref.ServerDescription = 
GamePref.ServerDisabledNetworkProtocols = 
GamePref.ServerEACPeerToPeer = False
GamePref.ServerEnabled = False
GamePref.ServerIP = 
GamePref.ServerIsPublic = True
GamePref.ServerLoginConfirmationText = 
GamePref.ServerMatchmakingGroup = 
GamePref.ServerMaxAllowedViewDistance = 12
GamePref.ServerMaxPlayerCount = 2
GamePref.ServerMaxWorldTransferSpeedKiBs = 512
GamePref.ServerName = Default Server
GamePref.ServerPort = 26900
GamePref.ServerReservedSlots = 0
GamePref.ServerReservedSlotsPermission = 100
GamePref.ServerVisibility = 2
GamePref.ServerWebsiteURL = 
GamePref.ShowFriendPlayerOnMap = True
GamePref.SkipSpawnButton = False
GamePref.StormFreq = 100
GamePref.TelnetEnabled = False
GamePref.TelnetFailedLoginLimit = 10
GamePref.TelnetFailedLoginsBlocktime = 10
GamePref.TelnetPort = 25003
GamePref.TerminalWindowEnabled = True
GamePref.TwitchBloodMoonAllowed = True
GamePref.TwitchServerPermission = 90
GamePref.UNUSED_ControlPanelEnabled = False
GamePref.UNUSED_ControlPanelPort = 8080
GamePref.UNUSED_LastLoadedPrefabSize = 
GamePref.UNUSED_NewGameSetDefaults = 
GamePref.UNUSED_OptionsBloom = 
GamePref.UNUSED_OptionsDOF = 
GamePref.UNUSED_OptionsFieldOfViewNew = 
GamePref.UNUSED_OptionsGamma = 
GamePref.UNUSED_OptionsGfxGameplayResolutionHeight = 
GamePref.UNUSED_OptionsGfxGameplayResolutionWidth = 
GamePref.UNUSED_OptionsGfxUMATexQuality = 
GamePref.UNUSED_OptionsMotionBlur = 
GamePref.UNUSED_OptionsObjectBlur = 
GamePref.UNUSED_OptionsPlayerModel = playerMale
GamePref.UNUSED_OptionsReflectionBounces = 
GamePref.UNUSED_OptionsReflectionCullList = 
GamePref.UNUSED_OptionsReflectionFarClip = 
GamePref.UNUSED_OptionsReflectionRefreshMode = 
GamePref.UNUSED_OptionsReflectionShadowDistance = 
GamePref.UNUSED_OptionsReflectionTimeSlicingMode = 
GamePref.UNUSED_OptionsSSAO = 
GamePref.UNUSED_OptionsStreamingMipmapsBudget = 
GamePref.UNUSED_OptionsSunShafts = 
GamePref.UNUSED_PlayerId = 
GamePref.UNUSED_SaveGameFolder = 
GamePref.UNUSED_UserDataFolder = 
GamePref.UserWorldStorageType = 0
GamePref.WebDashboardEnabled = False
GamePref.WebDashboardPort = 8080
GamePref.WebDashboardUrl = 
GamePref.WorldGenSeed = 
GamePref.WorldGenSize = 8192
GamePref.XPMultiplier = 100
GamePref.ZombieBMMove = 3
GamePref.ZombieFeralMove = 3
GamePref.ZombieFeralSense = 0
GamePref.ZombieMove = 0
GamePref.ZombieMoveNight = 3
GamePref.ZombiePlayers = True
GameStat.AirDropFrequency = 0
GameStat.AirDropMarker = True
GameStat.AllowedViewDistance = 12
GameStat.AnimalCount = 0
GameStat.AutoParty = False
GameStat.BedrollExpiryTime = 45
GameStat.BiomeGSModifier = 100
GameStat.BiomeLSModifier = 100
GameStat.BiomeProgression = True
GameStat.BlockDamageAI = 100
GameStat.BlockDamageAIBM = 100
GameStat.BlockDamagePlayer = 100
GameStat.BloodMoonDay = 0
GameStat.BloodMoonEnemyCount = 8
GameStat.BloodMoonWarning = 8
GameStat.CameraRestrictionMode = 0
GameStat.ChunkStabilityEnabled = True
GameStat.CurrentRoundIx = 0
GameStat.DayLightLength = 18
GameStat.DayLimitActive = False
GameStat.DayLimitThisRound = 0
GameStat.DayNightLength = 60
GameStat.DeathPenalty = XPOnly
GameStat.DropOnDeath = 1
GameStat.DropOnQuit = 0
GameStat.EnemyCount = 0
GameStat.EnemyDifficulty = Normal
GameStat.EnemySpawnMode = True
GameStat.FragLimitActive = False
GameStat.FragLimitThisRound = 0
GameStat.GameDifficulty = 2
GameStat.GameModeId = 0
GameStat.GameState = 0
GameStat.GlobalGSModifier = 100
GameStat.GlobalLSModifier = 100
GameStat.GlobalMessageToShow = 
GameStat.IsCreativeMenuEnabled = False
GameStat.IsFlyingEnabled = False
GameStat.IsPlayerCollisionEnabled = True
GameStat.IsPlayerDamageEnabled = True
GameStat.IsResetMapOnRestart = False
GameStat.IsSaveSupplyCrates = True
GameStat.IsSpawnEnemies = True
GameStat.IsSpawnNearOtherPlayer = False
GameStat.IsTeleportEnabled = False
GameStat.IsVersionCheckDone = False
GameStat.JarRefund = 60
GameStat.LandClaimCount = 5
GameStat.LandClaimDeadZone = 30
GameStat.LandClaimDecayMode = 0
GameStat.LandClaimExpiryTime = 3
GameStat.LandClaimOfflineDelay = 0
GameStat.LandClaimOfflineDurabilityModifier = 32
GameStat.LandClaimOnlineDurabilityModifier = 32
GameStat.LandClaimSize = 41
GameStat.LoadScene = 
GameStat.LootAbundance = 100
GameStat.LootRespawnDays = 7
GameStat.LootTimer = 
GameStat.OptionsPOICulling = 0
GameStat.PartySharedKillRange = 100
GameStat.PlayerKillingMode = KillStrangersOnly
GameStat.QuestProgressionDailyLimit = 4
GameStat.SandboxCode = 
GameStat.SandboxPreset = 
GameStat.ScoreDiedMultiplier = -5
GameStat.ScorePlayerKillMultiplier = 1
GameStat.ScoreZombieKillMultiplier = 1
GameStat.ShowAllPlayersOnMap = False
GameStat.ShowFriendPlayerOnMap = True
GameStat.ShowSpawnWindow = False
GameStat.ShowWindow = 
GameStat.StormFreq = 0
GameStat.TimeLimitActive = False
GameStat.TimeLimitThisRound = 0
GameStat.TimeOfDayIncPerSec = 20
GameStat.TwitchBloodMoonAllowed = True
GameStat.UNUSED_GameDifficultyBonus = 
GameStat.UNUSED_ShowZombieCounter = 
GameStat.XPMultiplier = 100
GameStat.ZombieHordeMeter = False
Sandbox Code: AAAJABJARFBNC
Sandbox Options:
*** GENERAL ***
Option RangedDamage: 9/150% (default: 7/100%)
Option MeleeDamage: 9/150% (default: 7/100%)
Option IncomingDamage: 5/75% (default: 7/100%)
*** ENTITIES ***
Option AISmellMode: 2/慢跑 (default: 3/奔跑)
2026-10-03T20:15:16 67.198 INF [PlatformApplication] restart required = False
2026-10-03T20:15:16 67.202 INF StartAsServer
2026-10-03T20:15:16 67.336 INF Loaded (local): events in 0.00
2026-10-03T20:15:16 67.550 INF Set Microsplat diffuse: MicroSplatConfig_diff_tarray (UnityEngine.Texture2DArray)
2026-10-03T20:15:16 67.551 INF Set Microsplat normals: MicroSplatConfig_normal_tarray (UnityEngine.Texture2DArray)
2026-10-03T20:15:16 67.552 INF Set Microsplat smooth:  MicroSplatConfig_smoothAO_tarray (UnityEngine.Texture2DArray)
2026-10-03T20:15:16 67.557 INF Loaded (local): materials in 0.20
2026-10-03T20:15:16 67.576 INF Loaded (local): physicsbodies in 0.01
2026-10-03T20:15:16 67.586 INF Loaded (local): painting in 0.00
2026-10-03T20:15:16 67.659 INF Loaded (local): shapes in 0.01
The referenced script on this Behaviour (Game Object '<null>') is missing!
The referenced script on this Behaviour (Game Object '<null>') is missing!
The referenced script on this Behaviour (Game Object '<null>') is missing!
The referenced script on this Behaviour (Game Object '<null>') is missing!
The referenced script on this Behaviour (Game Object '<null>') is missing!
Unloading 3 Unused Serialized files (Serialized files now loaded: 60)
2026-10-03T20:15:30 81.458 INF Block IDs with mapping
2026-10-03T20:15:30 81.467 INF Block IDs total 24810, terr 30, last 25031
2026-10-03T20:15:30 81.476 INF Loaded (local): blocks in 13.56
Unloading 6408 unused Assets to reduce memory usage. Loaded Objects now: 384075.
Total: 231.512300 ms (FindLiveObjects: 20.319600 ms CreateObjectMapping: 9.446400 ms MarkObjects: 196.697100 ms  DeleteObjects: 5.048800 ms)

2026-10-03T20:15:30 81.842 INF Loaded (local): progression in 0.09
2026-10-03T20:15:30 81.994 INF Loaded (local): buffs in 0.10
2026-10-03T20:15:30 82.007 INF Loaded (local): misc in 0.01
2026-10-03T20:15:31 82.336 WRN Type:ItemClassWildChicken, Assembly-CSharp, Version=0.0.0.0, Culture=neutral, PublicKeyToken=null is missing the UnityEngine.Scripting.Preserve attribute, this will fail on consoles
2026-10-03T20:15:31 82.419 INF Loaded (local): items in 0.31
2026-10-03T20:15:31 82.495 INF Item IDs with mapping
2026-10-03T20:15:31 82.496 INF ItemIDs from Mapping
2026-10-03T20:15:31 82.500 INF ItemClass assignLeftOverItems 67056 of 81920
2026-10-03T20:15:31 82.565 INF Loaded (local): item_modifiers in 0.07
2026-10-03T20:15:31 82.648 INF Loaded (local): entityclasses in 0.06
2026-10-03T20:15:31 82.656 INF Loaded (local): qualityinfo in 0.00
2026-10-03T20:15:31 82.756 INF Loaded (local): sounds in 0.03
2026-10-03T20:15:31 82.798 INF Loaded (local): recipes in 0.03
2026-10-03T20:15:31 82.820 INF Loaded (local): blockplaceholders in 0.01
2026-10-03T20:15:31 82.882 INF Loaded (local): loot in 0.03
2026-10-03T20:15:31 82.961 INF Loaded (local): entitygroups in 0.02
2026-10-03T20:15:31 82.971 INF Loaded (local): utilityai in 0.00
2026-10-03T20:15:31 82.979 INF Loaded (local): vehicles in 0.00
2026-10-03T20:15:31 82.990 INF Loaded (local): rwgmixer in 0.00
2026-10-03T20:15:31 82.998 INF Loaded (local): weathersurvival in 0.00
2026-10-03T20:15:31 83.005 INF Loaded (local): archetypes in 0.00
2026-10-03T20:15:31 83.026 INF Loaded (local): challenges in 0.01
2026-10-03T20:15:31 83.079 INF Loaded (local): quests in 0.04
2026-10-03T20:15:31 83.094 INF Loaded (local): traders in 0.01
2026-10-03T20:15:31 83.115 INF Loaded (local): npc in 0.01
2026-10-03T20:15:32 83.129 INF Loaded (local): dialogs in 0.01
2026-10-03T20:15:32 83.151 INF Loaded (local): ui_display in 0.01
2026-10-03T20:15:32 83.169 INF Loaded (local): nav_objects in 0.01
2026-10-03T20:15:32 83.195 INF Loaded (local): gamestages in 0.01
2026-10-03T20:15:32 83.395 INF Loaded (local): gameevents in 0.17
2026-10-03T20:15:32 83.448 INF Loaded (local): twitch in 0.03
2026-10-03T20:15:32 83.460 INF Loaded (local): twitch_events in 0.01
2026-10-03T20:15:32 83.484 INF Loaded (local): dmscontent in 0.02
2026-10-03T20:15:32 83.492 INF Loaded (local): XUi_Common/styles in 0.00
2026-10-03T20:15:32 83.502 INF Loaded (local): XUi_Common/templates in 0.00
2026-10-03T20:15:32 83.508 INF Loaded (local): XUi_InGame/styles in 0.00
2026-10-03T20:15:32 83.520 INF Loaded (local): XUi_InGame/templates in 0.00
2026-10-03T20:15:32 83.552 INF Loaded (local): XUi_InGame/windows in 0.00
2026-10-03T20:15:32 83.558 INF [XUi] Loading XUi asynchronously
2026-10-03T20:15:32 83.580 INF Loaded (local): XUi_InGame/xui in 0.02
2026-10-03T20:15:32 83.916 INF Loaded (local): biomes in 0.19
2026-10-03T20:15:33 84.559 INF Loaded (local): worldglobal in 0.17
2026-10-03T20:15:33 84.916 INF Loaded (local): spawning in 0.09
2026-10-03T20:15:34 85.163 INF Loaded (local): loadingscreen in 0.05
2026-10-03T20:15:34 85.226 INF [XUi] Parsing all window groups completed in 1518 ms total.
2026-10-03T20:15:34 85.366 INF Added 1336 subtitle data entries and 3 speaker colors
2026-10-03T20:15:34 85.408 INF Loaded (local): subtitles in 0.09
2026-10-03T20:15:34 85.697 INF Loaded (local): videos in 0.05
2026-10-03T20:15:34 86.079 INF Loaded (local): signs in 0.12
2026-10-03T20:15:35 86.239 INF ShapeControllers: 96
2026-10-03T20:15:35 86.357 INF Loaded (local): sandbox_overrides in 0.08
2026-10-03T20:15:35 86.488 INF Loading players.xml
2026-10-03T20:15:35 86.513 INF createWorld: Navezgane, Navezgane (src: GameData, DeviceLocal), MC7DTD-Phase3-3, GameModeSurvival
2026-10-03T20:15:35 86.514 INF Occlusion: Disabled
2026-10-03T20:15:35 86.562 INF Started thread ChunkRegeneration
2026-10-03T20:15:35 86.563 INF Started thread ChunkCalc
2026-10-03T20:15:35 86.564 INF Started thread ChunkMeshBake
2026-10-03T20:15:35 86.689 INF World.Load: Navezgane Navezgane (src: GameData, DeviceLocal)
2026-10-03T20:15:35 86.698 WRN Next Airdrop: 4 12:00
2026-10-03T20:15:35 86.699 INF BloodMoon SetDay: day 7, last day 0, freq 7, range 0
2026-10-03T20:15:35 86.716 INF [XUi] Initialized all window groups completed in 1200 ms total.
2026-10-03T20:15:35 86.721 INF Started thread WaterSimulationApplyChanges
2026-10-03T20:15:40 91.513 INF Started thread GenerateChunks
2026-10-03T20:15:40 91.976 INF Calculating world hashes took 446 ms (world size 193 MiB)
2026-10-03T20:15:40 91.979 INF Initial ENABLE_FILE_BACKED_ARRAYS == False
2026-10-03T20:15:40 92.118 INF GenWorldFromRaw load dtm took 589ms
2026-10-03T20:15:41 92.175 INF Biomes image size w= 3072, h = 3072
2026-10-03T20:15:41 92.638 INF GenWorldFromRaw biomes took 518ms
Unloading 2 Unused Serialized files (Serialized files now loaded: 61)
Unloading 25270 unused Assets to reduce memory usage. Loaded Objects now: 507738.
Total: 560.120400 ms (FindLiveObjects: 30.993300 ms CreateObjectMapping: 14.390800 ms MarkObjects: 504.423000 ms  DeleteObjects: 10.312900 ms)

2026-10-03T20:15:42 93.986 INF GenWorldFromRaw shader control textures took 490ms
2026-10-03T20:15:43 94.268 INF Computed 506 chunk groups containing a total of 9722 chunks. Largest group contains 435 chunks.
2026-10-03T20:15:43 94.288 INF Started thread SaveChunks D:\wenjian\minecraft\7-M\runtime\7dtd\Saves\Navezgane\MC7DTD-Phase3-3\Region
2026-10-03T20:15:43 94.300 INF GenWorldFromRaw misc took 312ms
2026-10-03T20:15:44 95.466 INF GenWorldFromRaw splats took 1164ms
Unloading 0 Unused Serialized files (Serialized files now loaded: 61)
Unloading 0 unused Assets to reduce memory usage. Loaded Objects now: 507742.
Total: 573.618500 ms (FindLiveObjects: 29.794200 ms CreateObjectMapping: 11.633900 ms MarkObjects: 529.778800 ms  DeleteObjects: 2.411300 ms)

2026-10-03T20:15:45 96.707 INF [DECO] read 75511
2026-10-03T20:15:45 96.740 INF Dynamic Music Initialized on Server
2026-10-03T20:15:45 96.757 INF Dynamic Music Initialized on Client
2026-10-03T20:15:45 96.758 INF Begin DMS Conductor Preload Routine
2026-10-03T20:15:45 96.759 INF Preloading LayeredSection Exploration : Type: DynamicMusic.Adventure
2026-10-03T20:15:45 96.761 INF Loading new config for Exploration...
2026-10-03T20:15:45 96.768 INF Loading new ClipSets for Exploration...
2026-10-03T20:15:45 96.808 INF Exploration loaded new config and clipsets
2026-10-03T20:15:45 96.851 INF Preloading LayeredSection Suspense : Type: DynamicMusic.Adventure
2026-10-03T20:15:45 96.852 INF Loading new config for Suspense...
2026-10-03T20:15:45 96.854 INF Loading new ClipSets for Suspense...
2026-10-03T20:15:45 96.871 INF Suspense loaded new config and clipsets
2026-10-03T20:15:45 96.907 INF Preloading LayeredSection Combat : Type: DynamicMusic.Combat
2026-10-03T20:15:45 96.908 INF Loading new config for Combat...
2026-10-03T20:15:45 96.910 INF Loading new ClipSets for Combat...
2026-10-03T20:15:45 96.935 INF Combat loaded new config and clipsets
2026-10-03T20:15:45 96.971 INF Preloading LayeredSection Bloodmoon : Type: DynamicMusic.Bloodmoon
2026-10-03T20:15:45 96.972 INF Loading new config for Bloodmoon...
2026-10-03T20:15:45 97.088 INF [EOS] Created RFS Request: drops.xml
2026-10-03T20:15:46 97.191 INF AstarManager Init
2026-10-03T20:15:46 97.464 INF createWorld() done
2026-10-03T20:15:46 97.648 INF [EOS] Read (drops.xml) completed: Success, received 783 bytes
2026-10-03T20:15:46 97.652 INF fetching Twitch entitlements for s76561199256208852
2026-10-03T20:15:47 98.748 WRN Failed to fetch Twitch entitlements: HTTP/1.1 404 Not Found
The referenced script on this Behaviour (Game Object 'Camera') is missing!
The referenced script on this Behaviour (Game Object '<null>') is missing!
The referenced script on this Behaviour (Game Object 'Camera') is missing!
The referenced script on this Behaviour (Game Object 'Camera') is missing!
2026-10-03T20:16:29 140.260 INF Created player with id=171
2026-10-03T20:16:29 140.270 INF [PartyQuests] Player registered: [type=EntityPlayerLocal, name=质朴且卑微-, id=171]
2026-10-03T20:16:29 140.300 INF Respawning: LoadedGame
2026-10-03T20:16:29 140.305 INF Loaded player
2026-10-03T20:16:29 140.435 INF VehicleManager D:\wenjian\minecraft\7-M\runtime\7dtd\Saves/Navezgane/MC7DTD-Phase3-3/vehicles.dat, loaded 0
2026-10-03T20:16:29 140.437 INF DroneManager D:\wenjian\minecraft\7-M\runtime\7dtd\Saves/Navezgane/MC7DTD-Phase3-3/drones.dat, loaded 0
2026-10-03T20:16:29 140.439 INF TurretTracker D:\wenjian\minecraft\7-M\runtime\7dtd\Saves/Navezgane/MC7DTD-Phase3-3/turrets.dat, loaded 0
Unloading 3 Unused Serialized files (Serialized files now loaded: 68)
Unloading 537 unused Assets to reduce memory usage. Loaded Objects now: 516511.
Total: 585.933700 ms (FindLiveObjects: 24.903200 ms CreateObjectMapping: 11.551100 ms MarkObjects: 546.006300 ms  DeleteObjects: 3.471600 ms)

2026-10-03T20:16:30 141.384 INF 60sec delta: 0,current: 1130577,desired: 1205841
2026-10-03T20:16:30 141.386 INF [Backtrace] Updated Statistics
2026-10-03T20:16:30 141.456 INF [MC7DTD] Player proxy Unity created: name=MC7DTD-player-proxy-645afecd-dd66-4583-a18b-242ceba814c4 instance=-644420 parts=5 colliderEnabled=false
2026-10-03T20:16:30 141.457 INF [MC7DTD] Player proxy spawned: id=645afecd-dd66-4583-a18b-242ceba814c4 count=1 x=-275.83693528815058 y=61.079998016357422 z=446.003968659405 thread=1 yaw=315.00015640258789 pitch=5.2499856948852539 roll=0
2026-10-03T20:16:30 141.458 INF [MC7DTD] Player proxy updated: id=645afecd-dd66-4583-a18b-242ceba814c4 count=1 x=-275.83693528815058 y=61.079998016357422 z=446.003968659405 thread=1 yaw=315.00015640258789 pitch=5.2499856948852539 roll=0
2026-10-03T20:16:30 141.458 INF [MC7DTD] Player proxy updated: id=645afecd-dd66-4583-a18b-242ceba814c4 count=1 x=-275.83693528815058 y=61.079998016357422 z=446.003968659405 thread=1 yaw=315.00015640258789 pitch=5.2499856948852539 roll=0
2026-10-03T20:16:30 141.459 INF [MC7DTD] Player proxy updated: id=645afecd-dd66-4583-a18b-242ceba814c4 count=1 x=-275.83693528815058 y=61.079998016357422 z=446.003968659405 thread=1 yaw=315.00015640258789 pitch=5.2499856948852539 roll=0
2026-10-03T20:16:30 141.460 INF [MC7DTD] Player proxy updated: id=645afecd-dd66-4583-a18b-242ceba814c4 count=1 x=-275.83693528815058 y=61.079998016357422 z=446.003968659405 thread=1 yaw=315.00015640258789 pitch=5.2499856948852539 roll=0
2026-10-03T20:16:30 141.460 INF [MC7DTD] Player proxy updated: id=645afecd-dd66-4583-a18b-242ceba814c4 count=1 x=-275.83693528815058 y=61.079998016357422 z=446.003968659405 thread=1 yaw=315.00015640258789 pitch=5.2499856948852539 roll=0
2026-10-03T20:16:30 141.461 INF [MC7DTD] Player proxy updated: id=645afecd-dd66-4583-a18b-242ceba814c4 count=1 x=-275.83693528815058 y=61.079998016357422 z=446.003968659405 thread=1 yaw=315.00015640258789 pitch=5.2499856948852539 roll=0
2026-10-03T20:16:30 141.462 INF [MC7DTD] Player proxy updated: id=645afecd-dd66-4583-a18b-242ceba814c4 count=1 x=-275.83693528815058 y=61.079998016357422 z=446.003968659405 thread=1 yaw=315.00015640258789 pitch=5.2499856948852539 roll=0
2026-10-03T20:16:30 141.462 INF [MC7DTD] Player proxy updated: id=645afecd-dd66-4583-a18b-242ceba814c4 count=1 x=-275.83693528815058 y=61.079998016357422 z=446.003968659405 thread=1 yaw=315.00015640258789 pitch=5.2499856948852539 roll=0
2026-10-03T20:16:30 141.463 INF [MC7DTD] Player proxy updated: id=645afecd-dd66-4583-a18b-242ceba814c4 count=1 x=-275.83693528815058 y=61.079998016357422 z=446.003968659405 thread=1 yaw=315.00015640258789 pitch=5.2499856948852539 roll=0
2026-10-03T20:16:30 141.464 INF [MC7DTD] Player proxy updated: id=645afecd-dd66-4583-a18b-242ceba814c4 count=1 x=-275.83693528815058 y=61.079998016357422 z=446.003968659405 thread=1 yaw=315.00015640258789 pitch=5.2499856948852539 roll=0
2026-10-03T20:16:30 141.465 INF [MC7DTD] Player proxy updated: id=645afecd-dd66-4583-a18b-242ceba814c4 count=1 x=-275.83693528815058 y=61.079998016357422 z=446.003968659405 thread=1 yaw=315.00015640258789 pitch=5.2499856948852539 roll=0
2026-10-03T20:16:30 141.466 INF [MC7DTD] Player proxy updated: id=645afecd-dd66-4583-a18b-242ceba814c4 count=1 x=-275.83693528815058 y=61.079998016357422 z=446.003968659405 thread=1 yaw=315.00015640258789 pitch=5.2499856948852539 roll=0
2026-10-03T20:16:30 141.466 INF [MC7DTD] Player proxy updated: id=645afecd-dd66-4583-a18b-242ceba814c4 count=1 x=-275.83693528815058 y=61.079998016357422 z=446.003968659405 thread=1 yaw=315.00015640258789 pitch=5.2499856948852539 roll=0
2026-10-03T20:16:30 141.467 INF [MC7DTD] Player proxy updated: id=645afecd-dd66-4583-a18b-242ceba814c4 count=1 x=-275.83693528815058 y=61.079998016357422 z=446.003968659405 thread=1 yaw=315.00015640258789 pitch=5.2499856948852539 roll=0
2026-10-03T20:16:30 141.468 INF [MC7DTD] Player proxy updated: id=645afecd-dd66-4583-a18b-242ceba814c4 count=1 x=-275.83693528815058 y=61.079998016357422 z=446.003968659405 thread=1 yaw=315.00015640258789 pitch=5.2499856948852539 roll=0
2026-10-03T20:16:30 141.469 INF [MC7DTD] Player proxy updated: id=645afecd-dd66-4583-a18b-242ceba814c4 count=1 x=-275.83693528815058 y=61.079998016357422 z=446.003968659405 thread=1 yaw=315.00015640258789 pitch=5.2499856948852539 roll=0
2026-10-03T20:16:30 141.469 INF [MC7DTD] Player proxy updated: id=645afecd-dd66-4583-a18b-242ceba814c4 count=1 x=-275.83693528815058 y=61.079998016357422 z=446.003968659405 thread=1 yaw=315.00015640258789 pitch=5.2499856948852539 roll=0
2026-10-03T20:16:30 141.470 INF [MC7DTD] Player proxy updated: id=645afecd-dd66-4583-a18b-242ceba814c4 count=1 x=-275.83693528815058 y=61.079998016357422 z=446.003968659405 thread=1 yaw=315.00015640258789 pitch=5.2499856948852539 roll=0
2026-10-03T20:16:30 141.471 INF [MC7DTD] Player proxy updated: id=645afecd-dd66-4583-a18b-242ceba814c4 count=1 x=-275.83693528815058 y=61.079998016357422 z=446.003968659405 thread=1 yaw=315.00015640258789 pitch=5.2499856948852539 roll=0
2026-10-03T20:16:30 141.472 INF [MC7DTD] Player proxy updated: id=645afecd-dd66-4583-a18b-242ceba814c4 count=1 x=-275.83693528815058 y=61.079998016357422 z=446.003968659405 thread=1 yaw=315.00015640258789 pitch=5.2499856948852539 roll=0
2026-10-03T20:16:30 141.473 INF [MC7DTD] Entity state: event=despawn id=645afecd-dd66-4583-a18b-242ceba814c4 type=minecraft:player source=minecraft world=mc-cf4dce40-2be1-372b-b914-917f5dcc644c dimension=minecraft:overworld stream=67e40835-8ef6-4c0b-b473-aee26ba1d6ab sequence=48 reason=out_of_scope
2026-10-03T20:16:30 141.473 INF [MC7DTD] Player proxy updated: id=645afecd-dd66-4583-a18b-242ceba814c4 count=1 x=-275.83693528815058 y=61.079998016357422 z=446.003968659405 thread=1 yaw=315.00015640258789 pitch=5.2499856948852539 roll=0
2026-10-03T20:16:30 141.474 INF [MC7DTD] Player proxy updated: id=645afecd-dd66-4583-a18b-242ceba814c4 count=1 x=-275.83693528815058 y=61.079998016357422 z=446.003968659405 thread=1 yaw=315.00015640258789 pitch=5.2499856948852539 roll=0
2026-10-03T20:16:30 141.475 INF [MC7DTD] Entity state: event=spawn id=6303c9a0-1c74-491c-ab06-c22465ef7960 type=minecraft:player source=minecraft world=mc-cf4dce40-2be1-372b-b914-917f5dcc644c dimension=minecraft:overworld stream=8f0df148-3a8c-4e44-92b1-60bdd973e67d sequence=1 x=-275.83693528815058 y=61.079998016357422 z=446.003968659405 yaw=315.00015640258789 pitch=5.2499856948852539 roll=0
2026-10-03T20:16:30 141.475 INF [MC7DTD] Player proxy updated: id=645afecd-dd66-4583-a18b-242ceba814c4 count=1 x=-275.83693528815058 y=61.079998016357422 z=446.003968659405 thread=1 yaw=315.00015640258789 pitch=5.2499856948852539 roll=0
2026-10-03T20:16:30 141.476 INF [MC7DTD] Player proxy updated: id=645afecd-dd66-4583-a18b-242ceba814c4 count=1 x=-275.83693528815058 y=61.079998016357422 z=446.003968659405 thread=1 yaw=315.00015640258789 pitch=5.2499856948852539 roll=0
2026-10-03T20:16:30 141.477 INF [MC7DTD] Player proxy updated: id=645afecd-dd66-4583-a18b-242ceba814c4 count=1 x=-275.83693528815058 y=61.079998016357422 z=446.003968659405 thread=1 yaw=315.00015640258789 pitch=5.2499856948852539 roll=0
2026-10-03T20:16:30 141.478 INF [MC7DTD] Player proxy updated: id=645afecd-dd66-4583-a18b-242ceba814c4 count=1 x=-275.83693528815058 y=61.079998016357422 z=446.003968659405 thread=1 yaw=315.00015640258789 pitch=5.2499856948852539 roll=0
2026-10-03T20:16:30 141.478 INF [MC7DTD] Player proxy updated: id=645afecd-dd66-4583-a18b-242ceba814c4 count=1 x=-275.83693528815058 y=61.079998016357422 z=446.003968659405 thread=1 yaw=315.00015640258789 pitch=5.2499856948852539 roll=0
2026-10-03T20:16:30 141.479 INF [MC7DTD] Player proxy updated: id=645afecd-dd66-4583-a18b-242ceba814c4 count=1 x=-275.83693528815058 y=61.079998016357422 z=446.003968659405 thread=1 yaw=315.00015640258789 pitch=5.2499856948852539 roll=0
2026-10-03T20:16:30 141.479 INF [MC7DTD] Player proxy updated: id=645afecd-dd66-4583-a18b-242ceba814c4 count=1 x=-275.83693528815058 y=61.079998016357422 z=446.003968659405 thread=1 yaw=315.00015640258789 pitch=5.2499856948852539 roll=0
2026-10-03T20:16:30 141.480 INF [MC7DTD] Player proxy updated: id=645afecd-dd66-4583-a18b-242ceba814c4 count=1 x=-275.83693528815058 y=61.079998016357422 z=446.003968659405 thread=1 yaw=315.00015640258789 pitch=5.2499856948852539 roll=0
2026-10-03T20:16:30 141.481 INF [MC7DTD] Player proxy updated: id=645afecd-dd66-4583-a18b-242ceba814c4 count=1 x=-275.83693528815058 y=61.079998016357422 z=446.003968659405 thread=1 yaw=315.00015640258789 pitch=5.2499856948852539 roll=0
2026-10-03T20:16:30 141.481 INF [MC7DTD] Player proxy updated: id=645afecd-dd66-4583-a18b-242ceba814c4 count=1 x=-275.83693528815058 y=61.079998016357422 z=446.003968659405 thread=1 yaw=315.00015640258789 pitch=5.2499856948852539 roll=0
2026-10-03T20:16:30 141.482 INF [MC7DTD] Player proxy updated: id=645afecd-dd66-4583-a18b-242ceba814c4 count=1 x=-275.83693528815058 y=61.079998016357422 z=446.003968659405 thread=1 yaw=315.00015640258789 pitch=5.2499856948852539 roll=0
2026-10-03T20:16:30 141.483 INF [MC7DTD] Player proxy updated: id=645afecd-dd66-4583-a18b-242ceba814c4 count=1 x=-275.83693528815058 y=61.079998016357422 z=446.003968659405 thread=1 yaw=315.00015640258789 pitch=5.2499856948852539 roll=0
2026-10-03T20:16:30 141.483 INF [MC7DTD] Player proxy updated: id=645afecd-dd66-4583-a18b-242ceba814c4 count=1 x=-275.83693528815058 y=61.079998016357422 z=446.003968659405 thread=1 yaw=315.00015640258789 pitch=5.2499856948852539 roll=0
2026-10-03T20:16:30 141.484 INF [MC7DTD] Player proxy updated: id=645afecd-dd66-4583-a18b-242ceba814c4 count=1 x=-275.83693528815058 y=61.079998016357422 z=446.003968659405 thread=1 yaw=315.00015640258789 pitch=5.2499856948852539 roll=0
2026-10-03T20:16:30 141.485 INF [MC7DTD] Player proxy updated: id=645afecd-dd66-4583-a18b-242ceba814c4 count=1 x=-275.83693528815058 y=61.079998016357422 z=446.003968659405 thread=1 yaw=315.00015640258789 pitch=5.2499856948852539 roll=0
2026-10-03T20:16:30 141.485 INF [MC7DTD] Player proxy updated: id=645afecd-dd66-4583-a18b-242ceba814c4 count=1 x=-275.83693528815058 y=61.079998016357422 z=446.003968659405 thread=1 yaw=315.00015640258789 pitch=5.2499856948852539 roll=0
2026-10-03T20:16:30 141.486 INF [MC7DTD] Player proxy updated: id=645afecd-dd66-4583-a18b-242ceba814c4 count=1 x=-275.83693528815058 y=61.079998016357422 z=446.003968659405 thread=1 yaw=315.00015640258789 pitch=5.2499856948852539 roll=0
2026-10-03T20:16:30 141.487 INF [MC7DTD] Player proxy updated: id=645afecd-dd66-4583-a18b-242ceba814c4 count=1 x=-275.83693528815058 y=61.079998016357422 z=446.003968659405 thread=1 yaw=315.00015640258789 pitch=5.2499856948852539 roll=0
2026-10-03T20:16:30 141.487 INF [MC7DTD] Player proxy updated: id=645afecd-dd66-4583-a18b-242ceba814c4 count=1 x=-275.83693528815058 y=61.079998016357422 z=446.003968659405 thread=1 yaw=315.00015640258789 pitch=5.2499856948852539 roll=0
2026-10-03T20:16:30 141.488 INF [MC7DTD] Player proxy updated: id=645afecd-dd66-4583-a18b-242ceba814c4 count=1 x=-275.83693528815058 y=61.079998016357422 z=446.003968659405 thread=1 yaw=315.00015640258789 pitch=5.2499856948852539 roll=0
2026-10-03T20:16:30 141.489 INF [MC7DTD] Player proxy updated: id=645afecd-dd66-4583-a18b-242ceba814c4 count=1 x=-275.83693528815058 y=61.079998016357422 z=446.003968659405 thread=1 yaw=315.00015640258789 pitch=5.2499856948852539 roll=0
2026-10-03T20:16:30 141.489 INF [MC7DTD] Player proxy updated: id=645afecd-dd66-4583-a18b-242ceba814c4 count=1 x=-275.83693528815058 y=61.079998016357422 z=446.003968659405 thread=1 yaw=315.00015640258789 pitch=5.2499856948852539 roll=0
2026-10-03T20:16:30 141.490 INF [MC7DTD] Player proxy updated: id=645afecd-dd66-4583-a18b-242ceba814c4 count=1 x=-275.83693528815058 y=61.079998016357422 z=446.003968659405 thread=1 yaw=315.00015640258789 pitch=5.2499856948852539 roll=0
2026-10-03T20:16:30 141.490 INF [MC7DTD] Player proxy updated: id=645afecd-dd66-4583-a18b-242ceba814c4 count=1 x=-275.83693528815058 y=61.079998016357422 z=446.003968659405 thread=1 yaw=315.00015640258789 pitch=5.2499856948852539 roll=0
2026-10-03T20:16:30 141.515 INF OpenSpawnWindow
2026-10-03T20:16:30 141.519 INF Loading dymesh settings
2026-10-03T20:16:30 141.520 INF Dynamic Mesh Settings
2026-10-03T20:16:30 141.521 INF Use Imposter Values: True
2026-10-03T20:16:30 141.522 INF Only Player Areas: True
2026-10-03T20:16:30 141.522 INF Player Area Buffer: 1
2026-10-03T20:16:30 141.523 INF Max View Distance: 100
2026-10-03T20:16:30 141.524 INF Regen all on new world: False
2026-10-03T20:16:30 141.527 INF Dymesh: Prepping dynamic mesh. Resend Default: True
2026-10-03T20:16:30 141.528 INF Dymesh: Mesh location: D:\wenjian\minecraft\7-M\runtime\7dtd\Saves/Navezgane/MC7DTD-Phase3-3/DynamicMeshes/
2026-10-03T20:16:30 141.530 INF [Web] Webserver not started, WebDashboardEnabled set to false
2026-10-03T20:16:30 141.531 INF StartGame done
2026-10-03T20:16:30 141.577 INF [MC7DTD] 7DTD entity sent: {"authority":"7dtd","dimension":"7dtd:main","entity_id":"ec5d61f7-843b-47b7-a811-28c15b00651f","entity_type":"7dtd:player","lifecycle":{"event":"spawn"},"metadata":{},"origin":{"dimension":"7dtd:main","entity_id":"ec5d61f7-843b-47b7-a811-28c15b00651f","game":"7dtd","world_id":"td-0d917a4eff776d999148769266591579674d2c42de6557026893a1902834f11f"},"position":{"space":"7dtd","x":-275.31991577148438,"y":61.079998016357422,"z":443.35659790039063},"rotation":{"pitch":-16.75,"roll":0,"yaw":20.67742919921875},"sequence":1,"source":"7dtd","stream_id":"d6937bfa-f41f-4a3c-87a8-c01a0755b820","type":"entity_state","version":2,"world_id":"td-0d917a4eff776d999148769266591579674d2c42de6557026893a1902834f11f"}
2026-10-03T20:16:30 141.578 INF [MC7DTD] 7DTD entity sent: {"authority":"7dtd","base_revision":0,"components":{"health":{"current":100,"max":100}},"dimension":"7dtd:main","entity_id":"ec5d61f7-843b-47b7-a811-28c15b00651f","entity_sequence":1,"entity_state_version":2,"entity_type":"7dtd:player","mode":"snapshot","origin":{"dimension":"7dtd:main","entity_id":"ec5d61f7-843b-47b7-a811-28c15b00651f","game":"7dtd","world_id":"td-0d917a4eff776d999148769266591579674d2c42de6557026893a1902834f11f"},"revision":1,"source":"7dtd","stream_id":"d6937bfa-f41f-4a3c-87a8-c01a0755b820","type":"entity_components","version":1,"world_id":"td-0d917a4eff776d999148769266591579674d2c42de6557026893a1902834f11f"}
2026-10-03T20:16:30 141.586 INF [MC7DTD] Player proxy Unity deleted: instance=-644420 inactive=true destroyScheduled=true
2026-10-03T20:16:30 141.586 INF [MC7DTD] Player proxy despawned: id=645afecd-dd66-4583-a18b-242ceba814c4 count=0 x=0 y=0 z=0 thread=1 yaw=0 pitch=0 roll=0
2026-10-03T20:16:30 141.587 INF [MC7DTD] Player proxy Unity created: name=MC7DTD-player-proxy-6303c9a0-1c74-491c-ab06-c22465ef7960 instance=-646006 parts=5 colliderEnabled=false
2026-10-03T20:16:30 141.588 INF [MC7DTD] Player proxy spawned: id=6303c9a0-1c74-491c-ab06-c22465ef7960 count=1 x=-275.83693528815058 y=61.079998016357422 z=446.003968659405 thread=1 yaw=315.00015640258789 pitch=5.2499856948852539 roll=0
2026-10-03T20:16:30 141.617 INF [DECO] written 75511, in 11ms
2026-10-03T20:16:30 141.621 INF [DECO] write thread 3ms
2026-10-03T20:16:30 141.693 INF 111836 EntityBackpack id 178, plyrId 171, (0.0, 0.0, 0.0) (0, 0), chunk False (0, 0, 0), items 5 drinkJarBoiledWater, foodCanChili at ((0.00, 0.00, 0.00)) : Read
2026-10-03T20:16:30 141.695 INF 111836 EntityBackpack id 178, plyrId 171, (-274.1, 61.2, 448.8) (-18, 28), chunk True (-18, 3, 28), items 5 drinkJarBoiledWater, foodCanChili at ((-274.12, 61.25, 448.84)) : Write
2026-10-03T20:16:30 141.727 INF 111836 EntityBackpack id 178, plyrId 171, (-274.1, 61.2, 448.8) (-18, 28), chunk True (-18, 3, 28), items 5 drinkJarBoiledWater, foodCanChili at ((-274.12, 61.25, 448.84)) : Start
2026-10-03T20:16:30 142.088 INF [MC7DTD] 7DTD entity sent: {"authority":"7dtd","dimension":"7dtd:main","entity_id":"ec5d61f7-843b-47b7-a811-28c15b00651f","entity_type":"7dtd:player","lifecycle":{"event":"update"},"metadata":{},"origin":{"dimension":"7dtd:main","entity_id":"ec5d61f7-843b-47b7-a811-28c15b00651f","game":"7dtd","world_id":"td-0d917a4eff776d999148769266591579674d2c42de6557026893a1902834f11f"},"position":{"space":"7dtd","x":-275.31991577148438,"y":61.079998016357422,"z":443.35659790039063},"rotation":{"pitch":-16.75,"roll":0,"yaw":20.67742919921875},"sequence":2,"source":"7dtd","stream_id":"d6937bfa-f41f-4a3c-87a8-c01a0755b820","type":"entity_state","version":2,"world_id":"td-0d917a4eff776d999148769266591579674d2c42de6557026893a1902834f11f"}
2026-10-03T20:16:32 143.214 INF Respawn almost done
2026-10-03T20:16:32 143.223 INF PlayerSpawnedInWorld (reason: LoadedGame, position: -275, 61, 443): localplayer
2026-10-03T20:16:32 143.226 INF 111892+0 Origin Reposition (0.0, 0.0, 0.0) to (-288.0, 48.0, 432.0)
2026-10-03T20:16:32 143.245 WRN [PROPS] ActionTarget implicitly converted to Vector3, but failed: ActionTarget
2026-10-03T20:16:32 143.341 INF 质朴且卑微- onNewBiomeEntered +buffForest_Hazard
2026-10-03T20:16:32 143.354 WRN ChunkManager mesh regeneration thread blocked for 1.0s - VML max queued exceeded by 1, (Instance: 43, Pooled: 2, MaxQueued: 40)
2026-10-03T20:16:32 143.391 INF [MC7DTD] 7DTD entity sent: {"authority":"7dtd","dimension":"7dtd:main","entity_id":"ec5d61f7-843b-47b7-a811-28c15b00651f","entity_type":"7dtd:player","lifecycle":{"event":"update"},"metadata":{},"origin":{"dimension":"7dtd:main","entity_id":"ec5d61f7-843b-47b7-a811-28c15b00651f","game":"7dtd","world_id":"td-0d917a4eff776d999148769266591579674d2c42de6557026893a1902834f11f"},"position":{"space":"7dtd","x":-275.31991577148438,"y":61.079998016357422,"z":443.35659790039063},"rotation":{"pitch":0,"roll":0,"yaw":20.67742919921875},"sequence":3,"source":"7dtd","stream_id":"d6937bfa-f41f-4a3c-87a8-c01a0755b820","type":"entity_state","version":2,"world_id":"td-0d917a4eff776d999148769266591579674d2c42de6557026893a1902834f11f"}
2026-10-03T20:16:32 143.397 INF Dymesh: Warming dynamic mesh
2026-10-03T20:16:32 143.398 INF Dymesh: Creating dynamic mesh manager
2026-10-03T20:16:32 143.402 INF Dymesh: Awake
2026-10-03T20:16:32 143.403 INF Dymesh: Mesh location: D:\wenjian\minecraft\7-M\runtime\7dtd\Saves/Navezgane/MC7DTD-Phase3-3/DynamicMeshes/
2026-10-03T20:16:32 143.405 INF Dymesh: Loading Items: D:\wenjian\minecraft\7-M\runtime\7dtd\Saves/Navezgane/MC7DTD-Phase3-3/DynamicMeshes/
2026-10-03T20:16:32 143.406 INF Dymesh: Loaded Items: 0
2026-10-03T20:16:32 143.408 INF Dymesh: Loading all items took: 0.0039884 seconds.
2026-10-03T20:16:32 143.413 INF Meshlist count is now 1
2026-10-03T20:16:32 143.413 INF Meshlist count is now 2
2026-10-03T20:16:32 143.415 INF Force load took 0 seconds
2026-10-03T20:16:32 143.416 INF Clearing queues.
2026-10-03T20:16:32 143.417 INF Cleared queues.
2026-10-03T20:16:32 143.419 INF Dynamic thread starting
2026-10-03T20:16:32 143.420 INF Dymesh door replacement: imposterBlock
2026-10-03T20:16:32 143.539 INF ChunkManager mesh regeneration thread resumed after 1.2s blocked
2026-10-03T20:16:32 143.910 INF [MC7DTD] 7DTD entity sent: {"authority":"7dtd","dimension":"7dtd:main","entity_id":"ec5d61f7-843b-47b7-a811-28c15b00651f","entity_type":"7dtd:player","lifecycle":{"event":"update"},"metadata":{},"origin":{"dimension":"7dtd:main","entity_id":"ec5d61f7-843b-47b7-a811-28c15b00651f","game":"7dtd","world_id":"td-0d917a4eff776d999148769266591579674d2c42de6557026893a1902834f11f"},"position":{"space":"7dtd","x":-275.31991577148438,"y":61.079998016357422,"z":443.35659790039063},"rotation":{"pitch":0,"roll":0,"yaw":20.67742919921875},"sequence":4,"source":"7dtd","stream_id":"d6937bfa-f41f-4a3c-87a8-c01a0755b820","type":"entity_state","version":2,"world_id":"td-0d917a4eff776d999148769266591579674d2c42de6557026893a1902834f11f"}
2026-10-03T20:16:32 143.982 WRN [MultiBlockManager][Alignment] SetTerrainAlignmentDirty failed; no terrain-aligned block has been registered at the specified world position: -291, 59, 380
2026-10-03T20:16:33 144.412 INF [MC7DTD] 7DTD entity sent: {"authority":"7dtd","dimension":"7dtd:main","entity_id":"ec5d61f7-843b-47b7-a811-28c15b00651f","entity_type":"7dtd:player","lifecycle":{"event":"update"},"metadata":{},"origin":{"dimension":"7dtd:main","entity_id":"ec5d61f7-843b-47b7-a811-28c15b00651f","game":"7dtd","world_id":"td-0d917a4eff776d999148769266591579674d2c42de6557026893a1902834f11f"},"position":{"space":"7dtd","x":-275.31991577148438,"y":61.079998016357422,"z":443.35659790039063},"rotation":{"pitch":0,"roll":0,"yaw":20.67742919921875},"sequence":5,"source":"7dtd","stream_id":"d6937bfa-f41f-4a3c-87a8-c01a0755b820","type":"entity_state","version":2,"world_id":"td-0d917a4eff776d999148769266591579674d2c42de6557026893a1902834f11f"}
2026-10-03T20:16:33 144.598 WRN Unexpected case in Sign Data Manager: signRenderer is null
2026-10-03T20:16:33 144.701 WRN Unexpected case in Sign Data Manager: signRenderer is null
2026-10-03T20:16:33 144.788 WRN Unexpected case in Sign Data Manager: signRenderer is null
2026-10-03T20:16:33 144.913 INF [MC7DTD] 7DTD entity sent: {"authority":"7dtd","dimension":"7dtd:main","entity_id":"ec5d61f7-843b-47b7-a811-28c15b00651f","entity_type":"7dtd:player","lifecycle":{"event":"update"},"metadata":{},"origin":{"dimension":"7dtd:main","entity_id":"ec5d61f7-843b-47b7-a811-28c15b00651f","game":"7dtd","world_id":"td-0d917a4eff776d999148769266591579674d2c42de6557026893a1902834f11f"},"position":{"space":"7dtd","x":-275.31991577148438,"y":61.079998016357422,"z":443.35659790039063},"rotation":{"pitch":0,"roll":0,"yaw":20.67742919921875},"sequence":6,"source":"7dtd","stream_id":"d6937bfa-f41f-4a3c-87a8-c01a0755b820","type":"entity_state","version":2,"world_id":"td-0d917a4eff776d999148769266591579674d2c42de6557026893a1902834f11f"}
2026-10-03T20:16:34 145.415 INF [MC7DTD] 7DTD entity sent: {"authority":"7dtd","dimension":"7dtd:main","entity_id":"ec5d61f7-843b-47b7-a811-28c15b00651f","entity_type":"7dtd:player","lifecycle":{"event":"update"},"metadata":{},"origin":{"dimension":"7dtd:main","entity_id":"ec5d61f7-843b-47b7-a811-28c15b00651f","game":"7dtd","world_id":"td-0d917a4eff776d999148769266591579674d2c42de6557026893a1902834f11f"},"position":{"space":"7dtd","x":-275.31991577148438,"y":61.079998016357422,"z":443.35659790039063},"rotation":{"pitch":0,"roll":0,"yaw":20.67742919921875},"sequence":7,"source":"7dtd","stream_id":"d6937bfa-f41f-4a3c-87a8-c01a0755b820","type":"entity_state","version":2,"world_id":"td-0d917a4eff776d999148769266591579674d2c42de6557026893a1902834f11f"}
2026-10-03T20:16:34 145.917 INF [MC7DTD] 7DTD entity sent: {"authority":"7dtd","dimension":"7dtd:main","entity_id":"ec5d61f7-843b-47b7-a811-28c15b00651f","entity_type":"7dtd:player","lifecycle":{"event":"update"},"metadata":{},"origin":{"dimension":"7dtd:main","entity_id":"ec5d61f7-843b-47b7-a811-28c15b00651f","game":"7dtd","world_id":"td-0d917a4eff776d999148769266591579674d2c42de6557026893a1902834f11f"},"position":{"space":"7dtd","x":-275.31991577148438,"y":61.079998016357422,"z":443.35659790039063},"rotation":{"pitch":0,"roll":0,"yaw":20.67742919921875},"sequence":8,"source":"7dtd","stream_id":"d6937bfa-f41f-4a3c-87a8-c01a0755b820","type":"entity_state","version":2,"world_id":"td-0d917a4eff776d999148769266591579674d2c42de6557026893a1902834f11f"}
2026-10-03T20:16:35 146.418 INF [MC7DTD] 7DTD entity sent: {"authority":"7dtd","dimension":"7dtd:main","entity_id":"ec5d61f7-843b-47b7-a811-28c15b00651f","entity_type":"7dtd:player","lifecycle":{"event":"update"},"metadata":{},"origin":{"dimension":"7dtd:main","entity_id":"ec5d61f7-843b-47b7-a811-28c15b00651f","game":"7dtd","world_id":"td-0d917a4eff776d999148769266591579674d2c42de6557026893a1902834f11f"},"position":{"space":"7dtd","x":-275.31991577148438,"y":61.079998016357422,"z":443.35659790039063},"rotation":{"pitch":0,"roll":0,"yaw":20.67742919921875},"sequence":9,"source":"7dtd","stream_id":"d6937bfa-f41f-4a3c-87a8-c01a0755b820","type":"entity_state","version":2,"world_id":"td-0d917a4eff776d999148769266591579674d2c42de6557026893a1902834f11f"}
2026-10-03T20:16:35 146.920 INF [MC7DTD] 7DTD entity sent: {"authority":"7dtd","dimension":"7dtd:main","entity_id":"ec5d61f7-843b-47b7-a811-28c15b00651f","entity_type":"7dtd:player","lifecycle":{"event":"update"},"metadata":{},"origin":{"dimension":"7dtd:main","entity_id":"ec5d61f7-843b-47b7-a811-28c15b00651f","game":"7dtd","world_id":"td-0d917a4eff776d999148769266591579674d2c42de6557026893a1902834f11f"},"position":{"space":"7dtd","x":-275.31991577148438,"y":61.079998016357422,"z":443.35659790039063},"rotation":{"pitch":0,"roll":0,"yaw":20.67742919921875},"sequence":10,"source":"7dtd","stream_id":"d6937bfa-f41f-4a3c-87a8-c01a0755b820","type":"entity_state","version":2,"world_id":"td-0d917a4eff776d999148769266591579674d2c42de6557026893a1902834f11f"}
2026-10-03T20:16:36 147.421 INF [MC7DTD] 7DTD entity sent: {"authority":"7dtd","dimension":"7dtd:main","entity_id":"ec5d61f7-843b-47b7-a811-28c15b00651f","entity_type":"7dtd:player","lifecycle":{"event":"update"},"metadata":{},"origin":{"dimension":"7dtd:main","entity_id":"ec5d61f7-843b-47b7-a811-28c15b00651f","game":"7dtd","world_id":"td-0d917a4eff776d999148769266591579674d2c42de6557026893a1902834f11f"},"position":{"space":"7dtd","x":-275.31991577148438,"y":61.079998016357422,"z":443.35659790039063},"rotation":{"pitch":0,"roll":0,"yaw":20.67742919921875},"sequence":11,"source":"7dtd","stream_id":"d6937bfa-f41f-4a3c-87a8-c01a0755b820","type":"entity_state","version":2,"world_id":"td-0d917a4eff776d999148769266591579674d2c42de6557026893a1902834f11f"}
2026-10-03T20:16:36 147.924 INF [MC7DTD] 7DTD entity sent: {"authority":"7dtd","dimension":"7dtd:main","entity_id":"ec5d61f7-843b-47b7-a811-28c15b00651f","entity_type":"7dtd:player","lifecycle":{"event":"update"},"metadata":{},"origin":{"dimension":"7dtd:main","entity_id":"ec5d61f7-843b-47b7-a811-28c15b00651f","game":"7dtd","world_id":"td-0d917a4eff776d999148769266591579674d2c42de6557026893a1902834f11f"},"position":{"space":"7dtd","x":-275.31991577148438,"y":61.079998016357422,"z":443.35659790039063},"rotation":{"pitch":0,"roll":0,"yaw":20.67742919921875},"sequence":12,"source":"7dtd","stream_id":"d6937bfa-f41f-4a3c-87a8-c01a0755b820","type":"entity_state","version":2,"world_id":"td-0d917a4eff776d999148769266591579674d2c42de6557026893a1902834f11f"}
2026-10-03T20:16:37 148.425 INF [MC7DTD] 7DTD entity sent: {"authority":"7dtd","dimension":"7dtd:main","entity_id":"ec5d61f7-843b-47b7-a811-28c15b00651f","entity_type":"7dtd:player","lifecycle":{"event":"update"},"metadata":{},"origin":{"dimension":"7dtd:main","entity_id":"ec5d61f7-843b-47b7-a811-28c15b00651f","game":"7dtd","world_id":"td-0d917a4eff776d999148769266591579674d2c42de6557026893a1902834f11f"},"position":{"space":"7dtd","x":-275.31991577148438,"y":61.079998016357422,"z":443.35659790039063},"rotation":{"pitch":0,"roll":0,"yaw":20.67742919921875},"sequence":13,"source":"7dtd","stream_id":"d6937bfa-f41f-4a3c-87a8-c01a0755b820","type":"entity_state","version":2,"world_id":"td-0d917a4eff776d999148769266591579674d2c42de6557026893a1902834f11f"}
2026-10-03T20:16:37 148.530 INF 质朴且卑微- WeatherStatusTick  to default
2026-10-03T20:16:37 148.532 INF 质朴且卑微- WeatherBuffUpdate , indoors False
2026-10-03T20:16:37 148.926 INF [MC7DTD] 7DTD entity sent: {"authority":"7dtd","dimension":"7dtd:main","entity_id":"ec5d61f7-843b-47b7-a811-28c15b00651f","entity_type":"7dtd:player","lifecycle":{"event":"update"},"metadata":{},"origin":{"dimension":"7dtd:main","entity_id":"ec5d61f7-843b-47b7-a811-28c15b00651f","game":"7dtd","world_id":"td-0d917a4eff776d999148769266591579674d2c42de6557026893a1902834f11f"},"position":{"space":"7dtd","x":-275.31991577148438,"y":61.079998016357422,"z":443.35659790039063},"rotation":{"pitch":0,"roll":0,"yaw":20.67742919921875},"sequence":14,"source":"7dtd","stream_id":"d6937bfa-f41f-4a3c-87a8-c01a0755b820","type":"entity_state","version":2,"world_id":"td-0d917a4eff776d999148769266591579674d2c42de6557026893a1902834f11f"}
2026-10-03T20:16:38 149.429 INF [MC7DTD] 7DTD entity sent: {"authority":"7dtd","dimension":"7dtd:main","entity_id":"ec5d61f7-843b-47b7-a811-28c15b00651f","entity_type":"7dtd:player","lifecycle":{"event":"update"},"metadata":{},"origin":{"dimension":"7dtd:main","entity_id":"ec5d61f7-843b-47b7-a811-28c15b00651f","game":"7dtd","world_id":"td-0d917a4eff776d999148769266591579674d2c42de6557026893a1902834f11f"},"position":{"space":"7dtd","x":-275.31991577148438,"y":61.079998016357422,"z":443.35659790039063},"rotation":{"pitch":0,"roll":0,"yaw":20.67742919921875},"sequence":15,"source":"7dtd","stream_id":"d6937bfa-f41f-4a3c-87a8-c01a0755b820","type":"entity_state","version":2,"world_id":"td-0d917a4eff776d999148769266591579674d2c42de6557026893a1902834f11f"}
2026-10-03T20:16:38 149.930 INF [MC7DTD] 7DTD entity sent: {"authority":"7dtd","dimension":"7dtd:main","entity_id":"ec5d61f7-843b-47b7-a811-28c15b00651f","entity_type":"7dtd:player","lifecycle":{"event":"update"},"metadata":{},"origin":{"dimension":"7dtd:main","entity_id":"ec5d61f7-843b-47b7-a811-28c15b00651f","game":"7dtd","world_id":"td-0d917a4eff776d999148769266591579674d2c42de6557026893a1902834f11f"},"position":{"space":"7dtd","x":-275.31991577148438,"y":61.079998016357422,"z":443.35659790039063},"rotation":{"pitch":0,"roll":0,"yaw":20.67742919921875},"sequence":16,"source":"7dtd","stream_id":"d6937bfa-f41f-4a3c-87a8-c01a0755b820","type":"entity_state","version":2,"world_id":"td-0d917a4eff776d999148769266591579674d2c42de6557026893a1902834f11f"}
2026-10-03T20:16:39 150.432 INF [MC7DTD] 7DTD entity sent: {"authority":"7dtd","dimension":"7dtd:main","entity_id":"ec5d61f7-843b-47b7-a811-28c15b00651f","entity_type":"7dtd:player","lifecycle":{"event":"update"},"metadata":{},"origin":{"dimension":"7dtd:main","entity_id":"ec5d61f7-843b-47b7-a811-28c15b00651f","game":"7dtd","world_id":"td-0d917a4eff776d999148769266591579674d2c42de6557026893a1902834f11f"},"position":{"space":"7dtd","x":-275.31991577148438,"y":61.079998016357422,"z":443.35659790039063},"rotation":{"pitch":0,"roll":0,"yaw":20.67742919921875},"sequence":17,"source":"7dtd","stream_id":"d6937bfa-f41f-4a3c-87a8-c01a0755b820","type":"entity_state","version":2,"world_id":"td-0d917a4eff776d999148769266591579674d2c42de6557026893a1902834f11f"}
2026-10-03T20:16:39 150.934 INF [MC7DTD] 7DTD entity sent: {"authority":"7dtd","dimension":"7dtd:main","entity_id":"ec5d61f7-843b-47b7-a811-28c15b00651f","entity_type":"7dtd:player","lifecycle":{"event":"update"},"metadata":{},"origin":{"dimension":"7dtd:main","entity_id":"ec5d61f7-843b-47b7-a811-28c15b00651f","game":"7dtd","world_id":"td-0d917a4eff776d999148769266591579674d2c42de6557026893a1902834f11f"},"position":{"space":"7dtd","x":-275.31991577148438,"y":61.079998016357422,"z":443.35659790039063},"rotation":{"pitch":0,"roll":0,"yaw":20.67742919921875},"sequence":18,"source":"7dtd","stream_id":"d6937bfa-f41f-4a3c-87a8-c01a0755b820","type":"entity_state","version":2,"world_id":"td-0d917a4eff776d999148769266591579674d2c42de6557026893a1902834f11f"}
2026-10-03T20:16:40 151.435 INF [MC7DTD] 7DTD entity sent: {"authority":"7dtd","dimension":"7dtd:main","entity_id":"ec5d61f7-843b-47b7-a811-28c15b00651f","entity_type":"7dtd:player","lifecycle":{"event":"update"},"metadata":{},"origin":{"dimension":"7dtd:main","entity_id":"ec5d61f7-843b-47b7-a811-28c15b00651f","game":"7dtd","world_id":"td-0d917a4eff776d999148769266591579674d2c42de6557026893a1902834f11f"},"position":{"space":"7dtd","x":-275.31991577148438,"y":61.079998016357422,"z":443.35659790039063},"rotation":{"pitch":0,"roll":0,"yaw":20.67742919921875},"sequence":19,"source":"7dtd","stream_id":"d6937bfa-f41f-4a3c-87a8-c01a0755b820","type":"entity_state","version":2,"world_id":"td-0d917a4eff776d999148769266591579674d2c42de6557026893a1902834f11f"}
2026-10-03T20:16:40 151.938 INF [MC7DTD] 7DTD entity sent: {"authority":"7dtd","dimension":"7dtd:main","entity_id":"ec5d61f7-843b-47b7-a811-28c15b00651f","entity_type":"7dtd:player","lifecycle":{"event":"update"},"metadata":{},"origin":{"dimension":"7dtd:main","entity_id":"ec5d61f7-843b-47b7-a811-28c15b00651f","game":"7dtd","world_id":"td-0d917a4eff776d999148769266591579674d2c42de6557026893a1902834f11f"},"position":{"space":"7dtd","x":-275.31991577148438,"y":61.079998016357422,"z":443.35659790039063},"rotation":{"pitch":0,"roll":0,"yaw":20.67742919921875},"sequence":20,"source":"7dtd","stream_id":"d6937bfa-f41f-4a3c-87a8-c01a0755b820","type":"entity_state","version":2,"world_id":"td-0d917a4eff776d999148769266591579674d2c42de6557026893a1902834f11f"}
2026-10-03T20:16:41 152.440 INF [MC7DTD] 7DTD entity sent: {"authority":"7dtd","dimension":"7dtd:main","entity_id":"ec5d61f7-843b-47b7-a811-28c15b00651f","entity_type":"7dtd:player","lifecycle":{"event":"update"},"metadata":{},"origin":{"dimension":"7dtd:main","entity_id":"ec5d61f7-843b-47b7-a811-28c15b00651f","game":"7dtd","world_id":"td-0d917a4eff776d999148769266591579674d2c42de6557026893a1902834f11f"},"position":{"space":"7dtd","x":-275.31991577148438,"y":61.079998016357422,"z":443.35659790039063},"rotation":{"pitch":0,"roll":0,"yaw":20.67742919921875},"sequence":21,"source":"7dtd","stream_id":"d6937bfa-f41f-4a3c-87a8-c01a0755b820","type":"entity_state","version":2,"world_id":"td-0d917a4eff776d999148769266591579674d2c42de6557026893a1902834f11f"}
2026-10-03T20:16:41 152.941 INF [MC7DTD] 7DTD entity sent: {"authority":"7dtd","dimension":"7dtd:main","entity_id":"ec5d61f7-843b-47b7-a811-28c15b00651f","entity_type":"7dtd:player","lifecycle":{"event":"update"},"metadata":{},"origin":{"dimension":"7dtd:main","entity_id":"ec5d61f7-843b-47b7-a811-28c15b00651f","game":"7dtd","world_id":"td-0d917a4eff776d999148769266591579674d2c42de6557026893a1902834f11f"},"position":{"space":"7dtd","x":-275.31991577148438,"y":61.079998016357422,"z":443.35659790039063},"rotation":{"pitch":0,"roll":0,"yaw":20.67742919921875},"sequence":22,"source":"7dtd","stream_id":"d6937bfa-f41f-4a3c-87a8-c01a0755b820","type":"entity_state","version":2,"world_id":"td-0d917a4eff776d999148769266591579674d2c42de6557026893a1902834f11f"}
2026-10-03T20:16:42 153.443 INF [MC7DTD] 7DTD entity sent: {"authority":"7dtd","dimension":"7dtd:main","entity_id":"ec5d61f7-843b-47b7-a811-28c15b00651f","entity_type":"7dtd:player","lifecycle":{"event":"update"},"metadata":{},"origin":{"dimension":"7dtd:main","entity_id":"ec5d61f7-843b-47b7-a811-28c15b00651f","game":"7dtd","world_id":"td-0d917a4eff776d999148769266591579674d2c42de6557026893a1902834f11f"},"position":{"space":"7dtd","x":-275.31991577148438,"y":61.079998016357422,"z":443.35659790039063},"rotation":{"pitch":0,"roll":0,"yaw":20.67742919921875},"sequence":23,"source":"7dtd","stream_id":"d6937bfa-f41f-4a3c-87a8-c01a0755b820","type":"entity_state","version":2,"world_id":"td-0d917a4eff776d999148769266591579674d2c42de6557026893a1902834f11f"}
2026-10-03T20:16:42 153.946 INF [MC7DTD] 7DTD entity sent: {"authority":"7dtd","dimension":"7dtd:main","entity_id":"ec5d61f7-843b-47b7-a811-28c15b00651f","entity_type":"7dtd:player","lifecycle":{"event":"update"},"metadata":{},"origin":{"dimension":"7dtd:main","entity_id":"ec5d61f7-843b-47b7-a811-28c15b00651f","game":"7dtd","world_id":"td-0d917a4eff776d999148769266591579674d2c42de6557026893a1902834f11f"},"position":{"space":"7dtd","x":-275.31991577148438,"y":61.079998016357422,"z":443.35659790039063},"rotation":{"pitch":0,"roll":0,"yaw":20.67742919921875},"sequence":24,"source":"7dtd","stream_id":"d6937bfa-f41f-4a3c-87a8-c01a0755b820","type":"entity_state","version":2,"world_id":"td-0d917a4eff776d999148769266591579674d2c42de6557026893a1902834f11f"}
2026-10-03T20:16:43 154.448 INF [MC7DTD] 7DTD entity sent: {"authority":"7dtd","dimension":"7dtd:main","entity_id":"ec5d61f7-843b-47b7-a811-28c15b00651f","entity_type":"7dtd:player","lifecycle":{"event":"update"},"metadata":{},"origin":{"dimension":"7dtd:main","entity_id":"ec5d61f7-843b-47b7-a811-28c15b00651f","game":"7dtd","world_id":"td-0d917a4eff776d999148769266591579674d2c42de6557026893a1902834f11f"},"position":{"space":"7dtd","x":-275.31991577148438,"y":61.079998016357422,"z":443.35659790039063},"rotation":{"pitch":0,"roll":0,"yaw":20.67742919921875},"sequence":25,"source":"7dtd","stream_id":"d6937bfa-f41f-4a3c-87a8-c01a0755b820","type":"entity_state","version":2,"world_id":"td-0d917a4eff776d999148769266591579674d2c42de6557026893a1902834f11f"}
2026-10-03T20:16:43 154.949 INF [MC7DTD] 7DTD entity sent: {"authority":"7dtd","dimension":"7dtd:main","entity_id":"ec5d61f7-843b-47b7-a811-28c15b00651f","entity_type":"7dtd:player","lifecycle":{"event":"update"},"metadata":{},"origin":{"dimension":"7dtd:main","entity_id":"ec5d61f7-843b-47b7-a811-28c15b00651f","game":"7dtd","world_id":"td-0d917a4eff776d999148769266591579674d2c42de6557026893a1902834f11f"},"position":{"space":"7dtd","x":-275.31991577148438,"y":61.079998016357422,"z":443.35659790039063},"rotation":{"pitch":0,"roll":0,"yaw":20.67742919921875},"sequence":26,"source":"7dtd","stream_id":"d6937bfa-f41f-4a3c-87a8-c01a0755b820","type":"entity_state","version":2,"world_id":"td-0d917a4eff776d999148769266591579674d2c42de6557026893a1902834f11f"}
2026-10-03T20:16:44 155.451 INF [MC7DTD] 7DTD entity sent: {"authority":"7dtd","dimension":"7dtd:main","entity_id":"ec5d61f7-843b-47b7-a811-28c15b00651f","entity_type":"7dtd:player","lifecycle":{"event":"update"},"metadata":{},"origin":{"dimension":"7dtd:main","entity_id":"ec5d61f7-843b-47b7-a811-28c15b00651f","game":"7dtd","world_id":"td-0d917a4eff776d999148769266591579674d2c42de6557026893a1902834f11f"},"position":{"space":"7dtd","x":-275.31991577148438,"y":61.079998016357422,"z":443.35659790039063},"rotation":{"pitch":0,"roll":0,"yaw":20.67742919921875},"sequence":27,"source":"7dtd","stream_id":"d6937bfa-f41f-4a3c-87a8-c01a0755b820","type":"entity_state","version":2,"world_id":"td-0d917a4eff776d999148769266591579674d2c42de6557026893a1902834f11f"}
2026-10-03T20:16:44 155.954 INF [MC7DTD] 7DTD entity sent: {"authority":"7dtd","dimension":"7dtd:main","entity_id":"ec5d61f7-843b-47b7-a811-28c15b00651f","entity_type":"7dtd:player","lifecycle":{"event":"update"},"metadata":{},"origin":{"dimension":"7dtd:main","entity_id":"ec5d61f7-843b-47b7-a811-28c15b00651f","game":"7dtd","world_id":"td-0d917a4eff776d999148769266591579674d2c42de6557026893a1902834f11f"},"position":{"space":"7dtd","x":-275.31991577148438,"y":61.079998016357422,"z":443.35659790039063},"rotation":{"pitch":0,"roll":0,"yaw":20.67742919921875},"sequence":28,"source":"7dtd","stream_id":"d6937bfa-f41f-4a3c-87a8-c01a0755b820","type":"entity_state","version":2,"world_id":"td-0d917a4eff776d999148769266591579674d2c42de6557026893a1902834f11f"}
2026-10-03T20:16:45 156.456 INF [MC7DTD] 7DTD entity sent: {"authority":"7dtd","dimension":"7dtd:main","entity_id":"ec5d61f7-843b-47b7-a811-28c15b00651f","entity_type":"7dtd:player","lifecycle":{"event":"update"},"metadata":{},"origin":{"dimension":"7dtd:main","entity_id":"ec5d61f7-843b-47b7-a811-28c15b00651f","game":"7dtd","world_id":"td-0d917a4eff776d999148769266591579674d2c42de6557026893a1902834f11f"},"position":{"space":"7dtd","x":-275.31991577148438,"y":61.079998016357422,"z":443.35659790039063},"rotation":{"pitch":0,"roll":0,"yaw":20.67742919921875},"sequence":29,"source":"7dtd","stream_id":"d6937bfa-f41f-4a3c-87a8-c01a0755b820","type":"entity_state","version":2,"world_id":"td-0d917a4eff776d999148769266591579674d2c42de6557026893a1902834f11f"}
2026-10-03T20:16:45 156.957 INF [MC7DTD] 7DTD entity sent: {"authority":"7dtd","dimension":"7dtd:main","entity_id":"ec5d61f7-843b-47b7-a811-28c15b00651f","entity_type":"7dtd:player","lifecycle":{"event":"update"},"metadata":{},"origin":{"dimension":"7dtd:main","entity_id":"ec5d61f7-843b-47b7-a811-28c15b00651f","game":"7dtd","world_id":"td-0d917a4eff776d999148769266591579674d2c42de6557026893a1902834f11f"},"position":{"space":"7dtd","x":-275.31991577148438,"y":61.079998016357422,"z":443.35659790039063},"rotation":{"pitch":0,"roll":0,"yaw":20.67742919921875},"sequence":30,"source":"7dtd","stream_id":"d6937bfa-f41f-4a3c-87a8-c01a0755b820","type":"entity_state","version":2,"world_id":"td-0d917a4eff776d999148769266591579674d2c42de6557026893a1902834f11f"}
2026-10-03T20:16:46 157.460 INF [MC7DTD] 7DTD entity sent: {"authority":"7dtd","dimension":"7dtd:main","entity_id":"ec5d61f7-843b-47b7-a811-28c15b00651f","entity_type":"7dtd:player","lifecycle":{"event":"update"},"metadata":{},"origin":{"dimension":"7dtd:main","entity_id":"ec5d61f7-843b-47b7-a811-28c15b00651f","game":"7dtd","world_id":"td-0d917a4eff776d999148769266591579674d2c42de6557026893a1902834f11f"},"position":{"space":"7dtd","x":-275.31991577148438,"y":61.079998016357422,"z":443.35659790039063},"rotation":{"pitch":0,"roll":0,"yaw":20.67742919921875},"sequence":31,"source":"7dtd","stream_id":"d6937bfa-f41f-4a3c-87a8-c01a0755b820","type":"entity_state","version":2,"world_id":"td-0d917a4eff776d999148769266591579674d2c42de6557026893a1902834f11f"}
2026-10-03T20:16:46 157.961 INF [MC7DTD] 7DTD entity sent: {"authority":"7dtd","dimension":"7dtd:main","entity_id":"ec5d61f7-843b-47b7-a811-28c15b00651f","entity_type":"7dtd:player","lifecycle":{"event":"update"},"metadata":{},"origin":{"dimension":"7dtd:main","entity_id":"ec5d61f7-843b-47b7-a811-28c15b00651f","game":"7dtd","world_id":"td-0d917a4eff776d999148769266591579674d2c42de6557026893a1902834f11f"},"position":{"space":"7dtd","x":-275.31991577148438,"y":61.079998016357422,"z":443.35659790039063},"rotation":{"pitch":0,"roll":0,"yaw":20.67742919921875},"sequence":32,"source":"7dtd","stream_id":"d6937bfa-f41f-4a3c-87a8-c01a0755b820","type":"entity_state","version":2,"world_id":"td-0d917a4eff776d999148769266591579674d2c42de6557026893a1902834f11f"}
2026-10-03T20:16:47 158.463 INF [MC7DTD] 7DTD entity sent: {"authority":"7dtd","dimension":"7dtd:main","entity_id":"ec5d61f7-843b-47b7-a811-28c15b00651f","entity_type":"7dtd:player","lifecycle":{"event":"update"},"metadata":{},"origin":{"dimension":"7dtd:main","entity_id":"ec5d61f7-843b-47b7-a811-28c15b00651f","game":"7dtd","world_id":"td-0d917a4eff776d999148769266591579674d2c42de6557026893a1902834f11f"},"position":{"space":"7dtd","x":-275.31991577148438,"y":61.079998016357422,"z":443.35659790039063},"rotation":{"pitch":0,"roll":0,"yaw":20.67742919921875},"sequence":33,"source":"7dtd","stream_id":"d6937bfa-f41f-4a3c-87a8-c01a0755b820","type":"entity_state","version":2,"world_id":"td-0d917a4eff776d999148769266591579674d2c42de6557026893a1902834f11f"}
2026-10-03T20:16:47 158.965 INF [MC7DTD] 7DTD entity sent: {"authority":"7dtd","dimension":"7dtd:main","entity_id":"ec5d61f7-843b-47b7-a811-28c15b00651f","entity_type":"7dtd:player","lifecycle":{"event":"update"},"metadata":{},"origin":{"dimension":"7dtd:main","entity_id":"ec5d61f7-843b-47b7-a811-28c15b00651f","game":"7dtd","world_id":"td-0d917a4eff776d999148769266591579674d2c42de6557026893a1902834f11f"},"position":{"space":"7dtd","x":-275.31991577148438,"y":61.079998016357422,"z":443.35659790039063},"rotation":{"pitch":0,"roll":0,"yaw":20.67742919921875},"sequence":34,"source":"7dtd","stream_id":"d6937bfa-f41f-4a3c-87a8-c01a0755b820","type":"entity_state","version":2,"world_id":"td-0d917a4eff776d999148769266591579674d2c42de6557026893a1902834f11f"}
2026-10-03T20:16:48 159.467 INF [MC7DTD] 7DTD entity sent: {"authority":"7dtd","dimension":"7dtd:main","entity_id":"ec5d61f7-843b-47b7-a811-28c15b00651f","entity_type":"7dtd:player","lifecycle":{"event":"update"},"metadata":{},"origin":{"dimension":"7dtd:main","entity_id":"ec5d61f7-843b-47b7-a811-28c15b00651f","game":"7dtd","world_id":"td-0d917a4eff776d999148769266591579674d2c42de6557026893a1902834f11f"},"position":{"space":"7dtd","x":-275.31991577148438,"y":61.079998016357422,"z":443.35659790039063},"rotation":{"pitch":0,"roll":0,"yaw":20.67742919921875},"sequence":35,"source":"7dtd","stream_id":"d6937bfa-f41f-4a3c-87a8-c01a0755b820","type":"entity_state","version":2,"world_id":"td-0d917a4eff776d999148769266591579674d2c42de6557026893a1902834f11f"}
2026-10-03T20:16:48 159.969 INF [MC7DTD] 7DTD entity sent: {"authority":"7dtd","dimension":"7dtd:main","entity_id":"ec5d61f7-843b-47b7-a811-28c15b00651f","entity_type":"7dtd:player","lifecycle":{"event":"update"},"metadata":{},"origin":{"dimension":"7dtd:main","entity_id":"ec5d61f7-843b-47b7-a811-28c15b00651f","game":"7dtd","world_id":"td-0d917a4eff776d999148769266591579674d2c42de6557026893a1902834f11f"},"position":{"space":"7dtd","x":-275.31991577148438,"y":61.079998016357422,"z":443.35659790039063},"rotation":{"pitch":0,"roll":0,"yaw":20.67742919921875},"sequence":36,"source":"7dtd","stream_id":"d6937bfa-f41f-4a3c-87a8-c01a0755b820","type":"entity_state","version":2,"world_id":"td-0d917a4eff776d999148769266591579674d2c42de6557026893a1902834f11f"}
2026-10-03T20:16:49 160.471 INF [MC7DTD] 7DTD entity sent: {"authority":"7dtd","dimension":"7dtd:main","entity_id":"ec5d61f7-843b-47b7-a811-28c15b00651f","entity_type":"7dtd:player","lifecycle":{"event":"update"},"metadata":{},"origin":{"dimension":"7dtd:main","entity_id":"ec5d61f7-843b-47b7-a811-28c15b00651f","game":"7dtd","world_id":"td-0d917a4eff776d999148769266591579674d2c42de6557026893a1902834f11f"},"position":{"space":"7dtd","x":-275.31991577148438,"y":61.079998016357422,"z":443.35659790039063},"rotation":{"pitch":0,"roll":0,"yaw":20.67742919921875},"sequence":37,"source":"7dtd","stream_id":"d6937bfa-f41f-4a3c-87a8-c01a0755b820","type":"entity_state","version":2,"world_id":"td-0d917a4eff776d999148769266591579674d2c42de6557026893a1902834f11f"}
2026-10-03T20:16:49 160.972 INF [MC7DTD] 7DTD entity sent: {"authority":"7dtd","dimension":"7dtd:main","entity_id":"ec5d61f7-843b-47b7-a811-28c15b00651f","entity_type":"7dtd:player","lifecycle":{"event":"update"},"metadata":{},"origin":{"dimension":"7dtd:main","entity_id":"ec5d61f7-843b-47b7-a811-28c15b00651f","game":"7dtd","world_id":"td-0d917a4eff776d999148769266591579674d2c42de6557026893a1902834f11f"},"position":{"space":"7dtd","x":-275.31991577148438,"y":61.079998016357422,"z":443.35659790039063},"rotation":{"pitch":0,"roll":0,"yaw":20.67742919921875},"sequence":38,"source":"7dtd","stream_id":"d6937bfa-f41f-4a3c-87a8-c01a0755b820","type":"entity_state","version":2,"world_id":"td-0d917a4eff776d999148769266591579674d2c42de6557026893a1902834f11f"}
2026-10-03T20:16:50 161.474 INF [MC7DTD] 7DTD entity sent: {"authority":"7dtd","dimension":"7dtd:main","entity_id":"ec5d61f7-843b-47b7-a811-28c15b00651f","entity_type":"7dtd:player","lifecycle":{"event":"update"},"metadata":{},"origin":{"dimension":"7dtd:main","entity_id":"ec5d61f7-843b-47b7-a811-28c15b00651f","game":"7dtd","world_id":"td-0d917a4eff776d999148769266591579674d2c42de6557026893a1902834f11f"},"position":{"space":"7dtd","x":-275.31991577148438,"y":61.079998016357422,"z":443.35659790039063},"rotation":{"pitch":0,"roll":0,"yaw":20.67742919921875},"sequence":39,"source":"7dtd","stream_id":"d6937bfa-f41f-4a3c-87a8-c01a0755b820","type":"entity_state","version":2,"world_id":"td-0d917a4eff776d999148769266591579674d2c42de6557026893a1902834f11f"}
2026-10-03T20:16:50 161.976 INF [MC7DTD] 7DTD entity sent: {"authority":"7dtd","dimension":"7dtd:main","entity_id":"ec5d61f7-843b-47b7-a811-28c15b00651f","entity_type":"7dtd:player","lifecycle":{"event":"update"},"metadata":{},"origin":{"dimension":"7dtd:main","entity_id":"ec5d61f7-843b-47b7-a811-28c15b00651f","game":"7dtd","world_id":"td-0d917a4eff776d999148769266591579674d2c42de6557026893a1902834f11f"},"position":{"space":"7dtd","x":-275.31991577148438,"y":61.079998016357422,"z":443.35659790039063},"rotation":{"pitch":0,"roll":0,"yaw":20.67742919921875},"sequence":40,"source":"7dtd","stream_id":"d6937bfa-f41f-4a3c-87a8-c01a0755b820","type":"entity_state","version":2,"world_id":"td-0d917a4eff776d999148769266591579674d2c42de6557026893a1902834f11f"}
2026-10-03T20:16:51 162.479 INF [MC7DTD] 7DTD entity sent: {"authority":"7dtd","dimension":"7dtd:main","entity_id":"ec5d61f7-843b-47b7-a811-28c15b00651f","entity_type":"7dtd:player","lifecycle":{"event":"update"},"metadata":{},"origin":{"dimension":"7dtd:main","entity_id":"ec5d61f7-843b-47b7-a811-28c15b00651f","game":"7dtd","world_id":"td-0d917a4eff776d999148769266591579674d2c42de6557026893a1902834f11f"},"position":{"space":"7dtd","x":-275.31991577148438,"y":61.079998016357422,"z":443.35659790039063},"rotation":{"pitch":0,"roll":0,"yaw":20.67742919921875},"sequence":41,"source":"7dtd","stream_id":"d6937bfa-f41f-4a3c-87a8-c01a0755b820","type":"entity_state","version":2,"world_id":"td-0d917a4eff776d999148769266591579674d2c42de6557026893a1902834f11f"}
2026-10-03T20:16:51 162.980 INF [MC7DTD] 7DTD entity sent: {"authority":"7dtd","dimension":"7dtd:main","entity_id":"ec5d61f7-843b-47b7-a811-28c15b00651f","entity_type":"7dtd:player","lifecycle":{"event":"update"},"metadata":{},"origin":{"dimension":"7dtd:main","entity_id":"ec5d61f7-843b-47b7-a811-28c15b00651f","game":"7dtd","world_id":"td-0d917a4eff776d999148769266591579674d2c42de6557026893a1902834f11f"},"position":{"space":"7dtd","x":-275.31991577148438,"y":61.079998016357422,"z":443.35659790039063},"rotation":{"pitch":0,"roll":0,"yaw":20.67742919921875},"sequence":42,"source":"7dtd","stream_id":"d6937bfa-f41f-4a3c-87a8-c01a0755b820","type":"entity_state","version":2,"world_id":"td-0d917a4eff776d999148769266591579674d2c42de6557026893a1902834f11f"}
2026-10-03T20:16:52 163.483 INF [MC7DTD] 7DTD entity sent: {"authority":"7dtd","dimension":"7dtd:main","entity_id":"ec5d61f7-843b-47b7-a811-28c15b00651f","entity_type":"7dtd:player","lifecycle":{"event":"update"},"metadata":{},"origin":{"dimension":"7dtd:main","entity_id":"ec5d61f7-843b-47b7-a811-28c15b00651f","game":"7dtd","world_id":"td-0d917a4eff776d999148769266591579674d2c42de6557026893a1902834f11f"},"position":{"space":"7dtd","x":-275.31991577148438,"y":61.079998016357422,"z":443.35659790039063},"rotation":{"pitch":0,"roll":0,"yaw":20.67742919921875},"sequence":43,"source":"7dtd","stream_id":"d6937bfa-f41f-4a3c-87a8-c01a0755b820","type":"entity_state","version":2,"world_id":"td-0d917a4eff776d999148769266591579674d2c42de6557026893a1902834f11f"}
2026-10-03T20:16:52 163.984 INF [MC7DTD] 7DTD entity sent: {"authority":"7dtd","dimension":"7dtd:main","entity_id":"ec5d61f7-843b-47b7-a811-28c15b00651f","entity_type":"7dtd:player","lifecycle":{"event":"update"},"metadata":{},"origin":{"dimension":"7dtd:main","entity_id":"ec5d61f7-843b-47b7-a811-28c15b00651f","game":"7dtd","world_id":"td-0d917a4eff776d999148769266591579674d2c42de6557026893a1902834f11f"},"position":{"space":"7dtd","x":-275.31991577148438,"y":61.079998016357422,"z":443.35659790039063},"rotation":{"pitch":0,"roll":0,"yaw":20.67742919921875},"sequence":44,"source":"7dtd","stream_id":"d6937bfa-f41f-4a3c-87a8-c01a0755b820","type":"entity_state","version":2,"world_id":"td-0d917a4eff776d999148769266591579674d2c42de6557026893a1902834f11f"}
2026-10-03T20:16:53 164.486 INF [MC7DTD] 7DTD entity sent: {"authority":"7dtd","dimension":"7dtd:main","entity_id":"ec5d61f7-843b-47b7-a811-28c15b00651f","entity_type":"7dtd:player","lifecycle":{"event":"update"},"metadata":{},"origin":{"dimension":"7dtd:main","entity_id":"ec5d61f7-843b-47b7-a811-28c15b00651f","game":"7dtd","world_id":"td-0d917a4eff776d999148769266591579674d2c42de6557026893a1902834f11f"},"position":{"space":"7dtd","x":-275.31991577148438,"y":61.079998016357422,"z":443.35659790039063},"rotation":{"pitch":0,"roll":0,"yaw":20.67742919921875},"sequence":45,"source":"7dtd","stream_id":"d6937bfa-f41f-4a3c-87a8-c01a0755b820","type":"entity_state","version":2,"world_id":"td-0d917a4eff776d999148769266591579674d2c42de6557026893a1902834f11f"}
2026-10-03T20:16:53 164.987 INF [MC7DTD] 7DTD entity sent: {"authority":"7dtd","dimension":"7dtd:main","entity_id":"ec5d61f7-843b-47b7-a811-28c15b00651f","entity_type":"7dtd:player","lifecycle":{"event":"update"},"metadata":{},"origin":{"dimension":"7dtd:main","entity_id":"ec5d61f7-843b-47b7-a811-28c15b00651f","game":"7dtd","world_id":"td-0d917a4eff776d999148769266591579674d2c42de6557026893a1902834f11f"},"position":{"space":"7dtd","x":-275.31991577148438,"y":61.079998016357422,"z":443.35659790039063},"rotation":{"pitch":0,"roll":0,"yaw":20.67742919921875},"sequence":46,"source":"7dtd","stream_id":"d6937bfa-f41f-4a3c-87a8-c01a0755b820","type":"entity_state","version":2,"world_id":"td-0d917a4eff776d999148769266591579674d2c42de6557026893a1902834f11f"}
2026-10-03T20:16:54 165.489 INF [MC7DTD] 7DTD entity sent: {"authority":"7dtd","dimension":"7dtd:main","entity_id":"ec5d61f7-843b-47b7-a811-28c15b00651f","entity_type":"7dtd:player","lifecycle":{"event":"update"},"metadata":{},"origin":{"dimension":"7dtd:main","entity_id":"ec5d61f7-843b-47b7-a811-28c15b00651f","game":"7dtd","world_id":"td-0d917a4eff776d999148769266591579674d2c42de6557026893a1902834f11f"},"position":{"space":"7dtd","x":-275.31991577148438,"y":61.079998016357422,"z":443.35659790039063},"rotation":{"pitch":0,"roll":0,"yaw":20.67742919921875},"sequence":47,"source":"7dtd","stream_id":"d6937bfa-f41f-4a3c-87a8-c01a0755b820","type":"entity_state","version":2,"world_id":"td-0d917a4eff776d999148769266591579674d2c42de6557026893a1902834f11f"}
2026-10-03T20:16:54 165.990 INF [MC7DTD] 7DTD entity sent: {"authority":"7dtd","dimension":"7dtd:main","entity_id":"ec5d61f7-843b-47b7-a811-28c15b00651f","entity_type":"7dtd:player","lifecycle":{"event":"update"},"metadata":{},"origin":{"dimension":"7dtd:main","entity_id":"ec5d61f7-843b-47b7-a811-28c15b00651f","game":"7dtd","world_id":"td-0d917a4eff776d999148769266591579674d2c42de6557026893a1902834f11f"},"position":{"space":"7dtd","x":-275.31991577148438,"y":61.079998016357422,"z":443.35659790039063},"rotation":{"pitch":0,"roll":0,"yaw":20.67742919921875},"sequence":48,"source":"7dtd","stream_id":"d6937bfa-f41f-4a3c-87a8-c01a0755b820","type":"entity_state","version":2,"world_id":"td-0d917a4eff776d999148769266591579674d2c42de6557026893a1902834f11f"}
2026-10-03T20:16:55 166.493 INF [MC7DTD] 7DTD entity sent: {"authority":"7dtd","dimension":"7dtd:main","entity_id":"ec5d61f7-843b-47b7-a811-28c15b00651f","entity_type":"7dtd:player","lifecycle":{"event":"update"},"metadata":{},"origin":{"dimension":"7dtd:main","entity_id":"ec5d61f7-843b-47b7-a811-28c15b00651f","game":"7dtd","world_id":"td-0d917a4eff776d999148769266591579674d2c42de6557026893a1902834f11f"},"position":{"space":"7dtd","x":-275.31991577148438,"y":61.079998016357422,"z":443.35659790039063},"rotation":{"pitch":0,"roll":0,"yaw":20.67742919921875},"sequence":49,"source":"7dtd","stream_id":"d6937bfa-f41f-4a3c-87a8-c01a0755b820","type":"entity_state","version":2,"world_id":"td-0d917a4eff776d999148769266591579674d2c42de6557026893a1902834f11f"}
2026-10-03T20:16:55 166.995 INF [MC7DTD] 7DTD entity sent: {"authority":"7dtd","dimension":"7dtd:main","entity_id":"ec5d61f7-843b-47b7-a811-28c15b00651f","entity_type":"7dtd:player","lifecycle":{"event":"update"},"metadata":{},"origin":{"dimension":"7dtd:main","entity_id":"ec5d61f7-843b-47b7-a811-28c15b00651f","game":"7dtd","world_id":"td-0d917a4eff776d999148769266591579674d2c42de6557026893a1902834f11f"},"position":{"space":"7dtd","x":-275.31991577148438,"y":61.079998016357422,"z":443.35659790039063},"rotation":{"pitch":0,"roll":0,"yaw":20.67742919921875},"sequence":50,"source":"7dtd","stream_id":"d6937bfa-f41f-4a3c-87a8-c01a0755b820","type":"entity_state","version":2,"world_id":"td-0d917a4eff776d999148769266591579674d2c42de6557026893a1902834f11f"}
2026-10-03T20:16:56 167.496 INF [MC7DTD] 7DTD entity sent: {"authority":"7dtd","dimension":"7dtd:main","entity_id":"ec5d61f7-843b-47b7-a811-28c15b00651f","entity_type":"7dtd:player","lifecycle":{"event":"update"},"metadata":{},"origin":{"dimension":"7dtd:main","entity_id":"ec5d61f7-843b-47b7-a811-28c15b00651f","game":"7dtd","world_id":"td-0d917a4eff776d999148769266591579674d2c42de6557026893a1902834f11f"},"position":{"space":"7dtd","x":-275.31991577148438,"y":61.079998016357422,"z":443.35659790039063},"rotation":{"pitch":0,"roll":0,"yaw":20.67742919921875},"sequence":51,"source":"7dtd","stream_id":"d6937bfa-f41f-4a3c-87a8-c01a0755b820","type":"entity_state","version":2,"world_id":"td-0d917a4eff776d999148769266591579674d2c42de6557026893a1902834f11f"}
2026-10-03T20:16:56 167.999 INF [MC7DTD] 7DTD entity sent: {"authority":"7dtd","dimension":"7dtd:main","entity_id":"ec5d61f7-843b-47b7-a811-28c15b00651f","entity_type":"7dtd:player","lifecycle":{"event":"update"},"metadata":{},"origin":{"dimension":"7dtd:main","entity_id":"ec5d61f7-843b-47b7-a811-28c15b00651f","game":"7dtd","world_id":"td-0d917a4eff776d999148769266591579674d2c42de6557026893a1902834f11f"},"position":{"space":"7dtd","x":-275.31991577148438,"y":61.079998016357422,"z":443.35659790039063},"rotation":{"pitch":0,"roll":0,"yaw":20.67742919921875},"sequence":52,"source":"7dtd","stream_id":"d6937bfa-f41f-4a3c-87a8-c01a0755b820","type":"entity_state","version":2,"world_id":"td-0d917a4eff776d999148769266591579674d2c42de6557026893a1902834f11f"}
2026-10-03T20:16:57 168.500 INF [MC7DTD] 7DTD entity sent: {"authority":"7dtd","dimension":"7dtd:main","entity_id":"ec5d61f7-843b-47b7-a811-28c15b00651f","entity_type":"7dtd:player","lifecycle":{"event":"update"},"metadata":{},"origin":{"dimension":"7dtd:main","entity_id":"ec5d61f7-843b-47b7-a811-28c15b00651f","game":"7dtd","world_id":"td-0d917a4eff776d999148769266591579674d2c42de6557026893a1902834f11f"},"position":{"space":"7dtd","x":-275.31991577148438,"y":61.079998016357422,"z":443.35659790039063},"rotation":{"pitch":0,"roll":0,"yaw":20.67742919921875},"sequence":53,"source":"7dtd","stream_id":"d6937bfa-f41f-4a3c-87a8-c01a0755b820","type":"entity_state","version":2,"world_id":"td-0d917a4eff776d999148769266591579674d2c42de6557026893a1902834f11f"}
2026-10-03T20:16:57 169.002 INF [MC7DTD] 7DTD entity sent: {"authority":"7dtd","dimension":"7dtd:main","entity_id":"ec5d61f7-843b-47b7-a811-28c15b00651f","entity_type":"7dtd:player","lifecycle":{"event":"update"},"metadata":{},"origin":{"dimension":"7dtd:main","entity_id":"ec5d61f7-843b-47b7-a811-28c15b00651f","game":"7dtd","world_id":"td-0d917a4eff776d999148769266591579674d2c42de6557026893a1902834f11f"},"position":{"space":"7dtd","x":-275.31991577148438,"y":61.079998016357422,"z":443.35659790039063},"rotation":{"pitch":0,"roll":0,"yaw":20.67742919921875},"sequence":54,"source":"7dtd","stream_id":"d6937bfa-f41f-4a3c-87a8-c01a0755b820","type":"entity_state","version":2,"world_id":"td-0d917a4eff776d999148769266591579674d2c42de6557026893a1902834f11f"}
2026-10-03T20:16:58 169.505 INF [MC7DTD] 7DTD entity sent: {"authority":"7dtd","dimension":"7dtd:main","entity_id":"ec5d61f7-843b-47b7-a811-28c15b00651f","entity_type":"7dtd:player","lifecycle":{"event":"update"},"metadata":{},"origin":{"dimension":"7dtd:main","entity_id":"ec5d61f7-843b-47b7-a811-28c15b00651f","game":"7dtd","world_id":"td-0d917a4eff776d999148769266591579674d2c42de6557026893a1902834f11f"},"position":{"space":"7dtd","x":-275.31991577148438,"y":61.079998016357422,"z":443.35659790039063},"rotation":{"pitch":0,"roll":0,"yaw":20.67742919921875},"sequence":55,"source":"7dtd","stream_id":"d6937bfa-f41f-4a3c-87a8-c01a0755b820","type":"entity_state","version":2,"world_id":"td-0d917a4eff776d999148769266591579674d2c42de6557026893a1902834f11f"}
2026-10-03T20:16:58 170.006 INF [MC7DTD] 7DTD entity sent: {"authority":"7dtd","dimension":"7dtd:main","entity_id":"ec5d61f7-843b-47b7-a811-28c15b00651f","entity_type":"7dtd:player","lifecycle":{"event":"update"},"metadata":{},"origin":{"dimension":"7dtd:main","entity_id":"ec5d61f7-843b-47b7-a811-28c15b00651f","game":"7dtd","world_id":"td-0d917a4eff776d999148769266591579674d2c42de6557026893a1902834f11f"},"position":{"space":"7dtd","x":-275.31991577148438,"y":61.079998016357422,"z":443.35659790039063},"rotation":{"pitch":0,"roll":0,"yaw":20.67742919921875},"sequence":56,"source":"7dtd","stream_id":"d6937bfa-f41f-4a3c-87a8-c01a0755b820","type":"entity_state","version":2,"world_id":"td-0d917a4eff776d999148769266591579674d2c42de6557026893a1902834f11f"}
2026-10-03T20:16:59 170.508 INF [MC7DTD] 7DTD entity sent: {"authority":"7dtd","dimension":"7dtd:main","entity_id":"ec5d61f7-843b-47b7-a811-28c15b00651f","entity_type":"7dtd:player","lifecycle":{"event":"update"},"metadata":{},"origin":{"dimension":"7dtd:main","entity_id":"ec5d61f7-843b-47b7-a811-28c15b00651f","game":"7dtd","world_id":"td-0d917a4eff776d999148769266591579674d2c42de6557026893a1902834f11f"},"position":{"space":"7dtd","x":-275.31991577148438,"y":61.079998016357422,"z":443.35659790039063},"rotation":{"pitch":0,"roll":0,"yaw":20.67742919921875},"sequence":57,"source":"7dtd","stream_id":"d6937bfa-f41f-4a3c-87a8-c01a0755b820","type":"entity_state","version":2,"world_id":"td-0d917a4eff776d999148769266591579674d2c42de6557026893a1902834f11f"}
2026-10-03T20:16:59 171.010 INF [MC7DTD] 7DTD entity sent: {"authority":"7dtd","dimension":"7dtd:main","entity_id":"ec5d61f7-843b-47b7-a811-28c15b00651f","entity_type":"7dtd:player","lifecycle":{"event":"update"},"metadata":{},"origin":{"dimension":"7dtd:main","entity_id":"ec5d61f7-843b-47b7-a811-28c15b00651f","game":"7dtd","world_id":"td-0d917a4eff776d999148769266591579674d2c42de6557026893a1902834f11f"},"position":{"space":"7dtd","x":-275.31991577148438,"y":61.079998016357422,"z":443.35659790039063},"rotation":{"pitch":0,"roll":0,"yaw":20.67742919921875},"sequence":58,"source":"7dtd","stream_id":"d6937bfa-f41f-4a3c-87a8-c01a0755b820","type":"entity_state","version":2,"world_id":"td-0d917a4eff776d999148769266591579674d2c42de6557026893a1902834f11f"}
2026-10-03T20:17:00 171.511 INF [MC7DTD] 7DTD entity sent: {"authority":"7dtd","dimension":"7dtd:main","entity_id":"ec5d61f7-843b-47b7-a811-28c15b00651f","entity_type":"7dtd:player","lifecycle":{"event":"update"},"metadata":{},"origin":{"dimension":"7dtd:main","entity_id":"ec5d61f7-843b-47b7-a811-28c15b00651f","game":"7dtd","world_id":"td-0d917a4eff776d999148769266591579674d2c42de6557026893a1902834f11f"},"position":{"space":"7dtd","x":-275.31991577148438,"y":61.079998016357422,"z":443.35659790039063},"rotation":{"pitch":0,"roll":0,"yaw":20.67742919921875},"sequence":59,"source":"7dtd","stream_id":"d6937bfa-f41f-4a3c-87a8-c01a0755b820","type":"entity_state","version":2,"world_id":"td-0d917a4eff776d999148769266591579674d2c42de6557026893a1902834f11f"}
2026-10-03T20:17:00 171.531 INF 119439 EntityBackpack id 178, plyrId 171, (-274.1, 61.2, 448.8) (-18, 28), chunk True (-18, 3, 28), items 5 drinkJarBoiledWater, foodCanChili at ((-274.12, 61.25, 448.84)) : Write
2026-10-03T20:17:00 172.014 INF [MC7DTD] 7DTD entity sent: {"authority":"7dtd","dimension":"7dtd:main","entity_id":"ec5d61f7-843b-47b7-a811-28c15b00651f","entity_type":"7dtd:player","lifecycle":{"event":"update"},"metadata":{},"origin":{"dimension":"7dtd:main","entity_id":"ec5d61f7-843b-47b7-a811-28c15b00651f","game":"7dtd","world_id":"td-0d917a4eff776d999148769266591579674d2c42de6557026893a1902834f11f"},"position":{"space":"7dtd","x":-275.31991577148438,"y":61.079998016357422,"z":443.35659790039063},"rotation":{"pitch":0,"roll":0,"yaw":20.67742919921875},"sequence":60,"source":"7dtd","stream_id":"d6937bfa-f41f-4a3c-87a8-c01a0755b820","type":"entity_state","version":2,"world_id":"td-0d917a4eff776d999148769266591579674d2c42de6557026893a1902834f11f"}
2026-10-03T20:17:01 172.125 INF Time: 2.64m FPS: 279.67 Heap: 2193.1MB Max: 2193.1MB Chunks: 298 CGO: 168 Ply: 1 Zom: 0 Ent: 4 (4) Items: 1 CO: 1 RSS: 4402.3MB
2026-10-03T20:17:01 172.516 INF [MC7DTD] 7DTD entity sent: {"authority":"7dtd","dimension":"7dtd:main","entity_id":"ec5d61f7-843b-47b7-a811-28c15b00651f","entity_type":"7dtd:player","lifecycle":{"event":"update"},"metadata":{},"origin":{"dimension":"7dtd:main","entity_id":"ec5d61f7-843b-47b7-a811-28c15b00651f","game":"7dtd","world_id":"td-0d917a4eff776d999148769266591579674d2c42de6557026893a1902834f11f"},"position":{"space":"7dtd","x":-275.31991577148438,"y":61.079998016357422,"z":443.35659790039063},"rotation":{"pitch":0,"roll":0,"yaw":20.67742919921875},"sequence":61,"source":"7dtd","stream_id":"d6937bfa-f41f-4a3c-87a8-c01a0755b820","type":"entity_state","version":2,"world_id":"td-0d917a4eff776d999148769266591579674d2c42de6557026893a1902834f11f"}
2026-10-03T20:17:01 173.019 INF [MC7DTD] 7DTD entity sent: {"authority":"7dtd","dimension":"7dtd:main","entity_id":"ec5d61f7-843b-47b7-a811-28c15b00651f","entity_type":"7dtd:player","lifecycle":{"event":"update"},"metadata":{},"origin":{"dimension":"7dtd:main","entity_id":"ec5d61f7-843b-47b7-a811-28c15b00651f","game":"7dtd","world_id":"td-0d917a4eff776d999148769266591579674d2c42de6557026893a1902834f11f"},"position":{"space":"7dtd","x":-275.31991577148438,"y":61.079998016357422,"z":443.35659790039063},"rotation":{"pitch":0,"roll":0,"yaw":20.67742919921875},"sequence":62,"source":"7dtd","stream_id":"d6937bfa-f41f-4a3c-87a8-c01a0755b820","type":"entity_state","version":2,"world_id":"td-0d917a4eff776d999148769266591579674d2c42de6557026893a1902834f11f"}
2026-10-03T20:17:02 173.521 INF [MC7DTD] 7DTD entity sent: {"authority":"7dtd","dimension":"7dtd:main","entity_id":"ec5d61f7-843b-47b7-a811-28c15b00651f","entity_type":"7dtd:player","lifecycle":{"event":"update"},"metadata":{},"origin":{"dimension":"7dtd:main","entity_id":"ec5d61f7-843b-47b7-a811-28c15b00651f","game":"7dtd","world_id":"td-0d917a4eff776d999148769266591579674d2c42de6557026893a1902834f11f"},"position":{"space":"7dtd","x":-275.31991577148438,"y":61.079998016357422,"z":443.35659790039063},"rotation":{"pitch":0,"roll":0,"yaw":20.67742919921875},"sequence":63,"source":"7dtd","stream_id":"d6937bfa-f41f-4a3c-87a8-c01a0755b820","type":"entity_state","version":2,"world_id":"td-0d917a4eff776d999148769266591579674d2c42de6557026893a1902834f11f"}
2026-10-03T20:17:02 174.023 INF [MC7DTD] 7DTD entity sent: {"authority":"7dtd","dimension":"7dtd:main","entity_id":"ec5d61f7-843b-47b7-a811-28c15b00651f","entity_type":"7dtd:player","lifecycle":{"event":"update"},"metadata":{},"origin":{"dimension":"7dtd:main","entity_id":"ec5d61f7-843b-47b7-a811-28c15b00651f","game":"7dtd","world_id":"td-0d917a4eff776d999148769266591579674d2c42de6557026893a1902834f11f"},"position":{"space":"7dtd","x":-275.31991577148438,"y":61.079998016357422,"z":443.35659790039063},"rotation":{"pitch":0,"roll":0,"yaw":20.67742919921875},"sequence":64,"source":"7dtd","stream_id":"d6937bfa-f41f-4a3c-87a8-c01a0755b820","type":"entity_state","version":2,"world_id":"td-0d917a4eff776d999148769266591579674d2c42de6557026893a1902834f11f"}
2026-10-03T20:17:03 174.525 INF [MC7DTD] 7DTD entity sent: {"authority":"7dtd","dimension":"7dtd:main","entity_id":"ec5d61f7-843b-47b7-a811-28c15b00651f","entity_type":"7dtd:player","lifecycle":{"event":"update"},"metadata":{},"origin":{"dimension":"7dtd:main","entity_id":"ec5d61f7-843b-47b7-a811-28c15b00651f","game":"7dtd","world_id":"td-0d917a4eff776d999148769266591579674d2c42de6557026893a1902834f11f"},"position":{"space":"7dtd","x":-275.31991577148438,"y":61.079998016357422,"z":443.35659790039063},"rotation":{"pitch":0,"roll":0,"yaw":20.67742919921875},"sequence":65,"source":"7dtd","stream_id":"d6937bfa-f41f-4a3c-87a8-c01a0755b820","type":"entity_state","version":2,"world_id":"td-0d917a4eff776d999148769266591579674d2c42de6557026893a1902834f11f"}
2026-10-03T20:17:03 175.027 INF [MC7DTD] 7DTD entity sent: {"authority":"7dtd","dimension":"7dtd:main","entity_id":"ec5d61f7-843b-47b7-a811-28c15b00651f","entity_type":"7dtd:player","lifecycle":{"event":"update"},"metadata":{},"origin":{"dimension":"7dtd:main","entity_id":"ec5d61f7-843b-47b7-a811-28c15b00651f","game":"7dtd","world_id":"td-0d917a4eff776d999148769266591579674d2c42de6557026893a1902834f11f"},"position":{"space":"7dtd","x":-275.31991577148438,"y":61.079998016357422,"z":443.35659790039063},"rotation":{"pitch":0,"roll":0,"yaw":20.67742919921875},"sequence":66,"source":"7dtd","stream_id":"d6937bfa-f41f-4a3c-87a8-c01a0755b820","type":"entity_state","version":2,"world_id":"td-0d917a4eff776d999148769266591579674d2c42de6557026893a1902834f11f"}
2026-10-03T20:17:04 175.529 INF [MC7DTD] 7DTD entity sent: {"authority":"7dtd","dimension":"7dtd:main","entity_id":"ec5d61f7-843b-47b7-a811-28c15b00651f","entity_type":"7dtd:player","lifecycle":{"event":"update"},"metadata":{},"origin":{"dimension":"7dtd:main","entity_id":"ec5d61f7-843b-47b7-a811-28c15b00651f","game":"7dtd","world_id":"td-0d917a4eff776d999148769266591579674d2c42de6557026893a1902834f11f"},"position":{"space":"7dtd","x":-275.31991577148438,"y":61.079998016357422,"z":443.35659790039063},"rotation":{"pitch":0,"roll":0,"yaw":20.67742919921875},"sequence":67,"source":"7dtd","stream_id":"d6937bfa-f41f-4a3c-87a8-c01a0755b820","type":"entity_state","version":2,"world_id":"td-0d917a4eff776d999148769266591579674d2c42de6557026893a1902834f11f"}
2026-10-03T20:17:04 176.031 INF [MC7DTD] 7DTD entity sent: {"authority":"7dtd","dimension":"7dtd:main","entity_id":"ec5d61f7-843b-47b7-a811-28c15b00651f","entity_type":"7dtd:player","lifecycle":{"event":"update"},"metadata":{},"origin":{"dimension":"7dtd:main","entity_id":"ec5d61f7-843b-47b7-a811-28c15b00651f","game":"7dtd","world_id":"td-0d917a4eff776d999148769266591579674d2c42de6557026893a1902834f11f"},"position":{"space":"7dtd","x":-275.31991577148438,"y":61.079998016357422,"z":443.35659790039063},"rotation":{"pitch":0,"roll":0,"yaw":20.67742919921875},"sequence":68,"source":"7dtd","stream_id":"d6937bfa-f41f-4a3c-87a8-c01a0755b820","type":"entity_state","version":2,"world_id":"td-0d917a4eff776d999148769266591579674d2c42de6557026893a1902834f11f"}
2026-10-03T20:17:05 176.534 INF [MC7DTD] 7DTD entity sent: {"authority":"7dtd","dimension":"7dtd:main","entity_id":"ec5d61f7-843b-47b7-a811-28c15b00651f","entity_type":"7dtd:player","lifecycle":{"event":"update"},"metadata":{},"origin":{"dimension":"7dtd:main","entity_id":"ec5d61f7-843b-47b7-a811-28c15b00651f","game":"7dtd","world_id":"td-0d917a4eff776d999148769266591579674d2c42de6557026893a1902834f11f"},"position":{"space":"7dtd","x":-275.31991577148438,"y":61.079998016357422,"z":443.35659790039063},"rotation":{"pitch":-6.5,"roll":0,"yaw":21.052398681640625},"sequence":69,"source":"7dtd","stream_id":"d6937bfa-f41f-4a3c-87a8-c01a0755b820","type":"entity_state","version":2,"world_id":"td-0d917a4eff776d999148769266591579674d2c42de6557026893a1902834f11f"}
2026-10-03T20:17:05 177.036 INF [MC7DTD] 7DTD entity sent: {"authority":"7dtd","dimension":"7dtd:main","entity_id":"ec5d61f7-843b-47b7-a811-28c15b00651f","entity_type":"7dtd:player","lifecycle":{"event":"update"},"metadata":{},"origin":{"dimension":"7dtd:main","entity_id":"ec5d61f7-843b-47b7-a811-28c15b00651f","game":"7dtd","world_id":"td-0d917a4eff776d999148769266591579674d2c42de6557026893a1902834f11f"},"position":{"space":"7dtd","x":-275.31991577148438,"y":61.079998016357422,"z":443.35659790039063},"rotation":{"pitch":-0.4375,"roll":0,"yaw":21.42742919921875},"sequence":70,"source":"7dtd","stream_id":"d6937bfa-f41f-4a3c-87a8-c01a0755b820","type":"entity_state","version":2,"world_id":"td-0d917a4eff776d999148769266591579674d2c42de6557026893a1902834f11f"}
2026-10-03T20:17:06 177.538 INF [MC7DTD] 7DTD entity sent: {"authority":"7dtd","dimension":"7dtd:main","entity_id":"ec5d61f7-843b-47b7-a811-28c15b00651f","entity_type":"7dtd:player","lifecycle":{"event":"update"},"metadata":{},"origin":{"dimension":"7dtd:main","entity_id":"ec5d61f7-843b-47b7-a811-28c15b00651f","game":"7dtd","world_id":"td-0d917a4eff776d999148769266591579674d2c42de6557026893a1902834f11f"},"position":{"space":"7dtd","x":-275.31991577148438,"y":61.079998016357422,"z":443.35659790039063},"rotation":{"pitch":0.75,"roll":0,"yaw":21.677398681640625},"sequence":71,"source":"7dtd","stream_id":"d6937bfa-f41f-4a3c-87a8-c01a0755b820","type":"entity_state","version":2,"world_id":"td-0d917a4eff776d999148769266591579674d2c42de6557026893a1902834f11f"}
2026-10-03T20:17:06 178.040 INF [MC7DTD] 7DTD entity sent: {"authority":"7dtd","dimension":"7dtd:main","entity_id":"ec5d61f7-843b-47b7-a811-28c15b00651f","entity_type":"7dtd:player","lifecycle":{"event":"update"},"metadata":{},"origin":{"dimension":"7dtd:main","entity_id":"ec5d61f7-843b-47b7-a811-28c15b00651f","game":"7dtd","world_id":"td-0d917a4eff776d999148769266591579674d2c42de6557026893a1902834f11f"},"position":{"space":"7dtd","x":-275.31991577148438,"y":61.079998016357422,"z":443.35659790039063},"rotation":{"pitch":0.75,"roll":0,"yaw":21.677398681640625},"sequence":72,"source":"7dtd","stream_id":"d6937bfa-f41f-4a3c-87a8-c01a0755b820","type":"entity_state","version":2,"world_id":"td-0d917a4eff776d999148769266591579674d2c42de6557026893a1902834f11f"}
2026-10-03T20:17:07 178.542 INF [MC7DTD] 7DTD entity sent: {"authority":"7dtd","dimension":"7dtd:main","entity_id":"ec5d61f7-843b-47b7-a811-28c15b00651f","entity_type":"7dtd:player","lifecycle":{"event":"update"},"metadata":{},"origin":{"dimension":"7dtd:main","entity_id":"ec5d61f7-843b-47b7-a811-28c15b00651f","game":"7dtd","world_id":"td-0d917a4eff776d999148769266591579674d2c42de6557026893a1902834f11f"},"position":{"space":"7dtd","x":-275.31991577148438,"y":61.079998016357422,"z":443.35659790039063},"rotation":{"pitch":0.375,"roll":0,"yaw":352.55242919921875},"sequence":73,"source":"7dtd","stream_id":"d6937bfa-f41f-4a3c-87a8-c01a0755b820","type":"entity_state","version":2,"world_id":"td-0d917a4eff776d999148769266591579674d2c42de6557026893a1902834f11f"}
2026-10-03T20:17:07 179.043 INF [MC7DTD] 7DTD entity sent: {"authority":"7dtd","dimension":"7dtd:main","entity_id":"ec5d61f7-843b-47b7-a811-28c15b00651f","entity_type":"7dtd:player","lifecycle":{"event":"update"},"metadata":{},"origin":{"dimension":"7dtd:main","entity_id":"ec5d61f7-843b-47b7-a811-28c15b00651f","game":"7dtd","world_id":"td-0d917a4eff776d999148769266591579674d2c42de6557026893a1902834f11f"},"position":{"space":"7dtd","x":-275.31991577148438,"y":61.079998016357422,"z":443.35659790039063},"rotation":{"pitch":-1.25,"roll":0,"yaw":326.92742538452148},"sequence":74,"source":"7dtd","stream_id":"d6937bfa-f41f-4a3c-87a8-c01a0755b820","type":"entity_state","version":2,"world_id":"td-0d917a4eff776d999148769266591579674d2c42de6557026893a1902834f11f"}
2026-10-03T20:17:08 179.544 INF [MC7DTD] 7DTD entity sent: {"authority":"7dtd","dimension":"7dtd:main","entity_id":"ec5d61f7-843b-47b7-a811-28c15b00651f","entity_type":"7dtd:player","lifecycle":{"event":"update"},"metadata":{},"origin":{"dimension":"7dtd:main","entity_id":"ec5d61f7-843b-47b7-a811-28c15b00651f","game":"7dtd","world_id":"td-0d917a4eff776d999148769266591579674d2c42de6557026893a1902834f11f"},"position":{"space":"7dtd","x":-275.31991577148438,"y":61.079998016357422,"z":443.35659790039063},"rotation":{"pitch":-1,"roll":0,"yaw":326.30242538452148},"sequence":75,"source":"7dtd","stream_id":"d6937bfa-f41f-4a3c-87a8-c01a0755b820","type":"entity_state","version":2,"world_id":"td-0d917a4eff776d999148769266591579674d2c42de6557026893a1902834f11f"}
2026-10-03T20:17:08 180.047 INF [MC7DTD] 7DTD entity sent: {"authority":"7dtd","dimension":"7dtd:main","entity_id":"ec5d61f7-843b-47b7-a811-28c15b00651f","entity_type":"7dtd:player","lifecycle":{"event":"update"},"metadata":{},"origin":{"dimension":"7dtd:main","entity_id":"ec5d61f7-843b-47b7-a811-28c15b00651f","game":"7dtd","world_id":"td-0d917a4eff776d999148769266591579674d2c42de6557026893a1902834f11f"},"position":{"space":"7dtd","x":-275.31991577148438,"y":61.079998016357422,"z":443.35659790039063},"rotation":{"pitch":-0.5,"roll":0,"yaw":325.80242919921875},"sequence":76,"source":"7dtd","stream_id":"d6937bfa-f41f-4a3c-87a8-c01a0755b820","type":"entity_state","version":2,"world_id":"td-0d917a4eff776d999148769266591579674d2c42de6557026893a1902834f11f"}
2026-10-03T20:17:09 180.548 INF [MC7DTD] 7DTD entity sent: {"authority":"7dtd","dimension":"7dtd:main","entity_id":"ec5d61f7-843b-47b7-a811-28c15b00651f","entity_type":"7dtd:player","lifecycle":{"event":"update"},"metadata":{},"origin":{"dimension":"7dtd:main","entity_id":"ec5d61f7-843b-47b7-a811-28c15b00651f","game":"7dtd","world_id":"td-0d917a4eff776d999148769266591579674d2c42de6557026893a1902834f11f"},"position":{"space":"7dtd","x":-275.31991577148438,"y":61.079998016357422,"z":443.35659790039063},"rotation":{"pitch":-0.5,"roll":0,"yaw":325.80242919921875},"sequence":77,"source":"7dtd","stream_id":"d6937bfa-f41f-4a3c-87a8-c01a0755b820","type":"entity_state","version":2,"world_id":"td-0d917a4eff776d999148769266591579674d2c42de6557026893a1902834f11f"}
2026-10-03T20:17:09 181.050 INF [MC7DTD] 7DTD entity sent: {"authority":"7dtd","dimension":"7dtd:main","entity_id":"ec5d61f7-843b-47b7-a811-28c15b00651f","entity_type":"7dtd:player","lifecycle":{"event":"update"},"metadata":{},"origin":{"dimension":"7dtd:main","entity_id":"ec5d61f7-843b-47b7-a811-28c15b00651f","game":"7dtd","world_id":"td-0d917a4eff776d999148769266591579674d2c42de6557026893a1902834f11f"},"position":{"space":"7dtd","x":-275.31991577148438,"y":61.079998016357422,"z":443.35659790039063},"rotation":{"pitch":-0.5,"roll":0,"yaw":325.80242919921875},"sequence":78,"source":"7dtd","stream_id":"d6937bfa-f41f-4a3c-87a8-c01a0755b820","type":"entity_state","version":2,"world_id":"td-0d917a4eff776d999148769266591579674d2c42de6557026893a1902834f11f"}
2026-10-03T20:17:10 181.551 INF [MC7DTD] 7DTD entity sent: {"authority":"7dtd","dimension":"7dtd:main","entity_id":"ec5d61f7-843b-47b7-a811-28c15b00651f","entity_type":"7dtd:player","lifecycle":{"event":"update"},"metadata":{},"origin":{"dimension":"7dtd:main","entity_id":"ec5d61f7-843b-47b7-a811-28c15b00651f","game":"7dtd","world_id":"td-0d917a4eff776d999148769266591579674d2c42de6557026893a1902834f11f"},"position":{"space":"7dtd","x":-275.31991577148438,"y":61.079998016357422,"z":443.35659790039063},"rotation":{"pitch":-0.5,"roll":0,"yaw":325.80242919921875},"sequence":79,"source":"7dtd","stream_id":"d6937bfa-f41f-4a3c-87a8-c01a0755b820","type":"entity_state","version":2,"world_id":"td-0d917a4eff776d999148769266591579674d2c42de6557026893a1902834f11f"}
2026-10-03T20:17:10 182.053 INF [MC7DTD] 7DTD entity sent: {"authority":"7dtd","dimension":"7dtd:main","entity_id":"ec5d61f7-843b-47b7-a811-28c15b00651f","entity_type":"7dtd:player","lifecycle":{"event":"update"},"metadata":{},"origin":{"dimension":"7dtd:main","entity_id":"ec5d61f7-843b-47b7-a811-28c15b00651f","game":"7dtd","world_id":"td-0d917a4eff776d999148769266591579674d2c42de6557026893a1902834f11f"},"position":{"space":"7dtd","x":-275.31991577148438,"y":61.079998016357422,"z":443.35659790039063},"rotation":{"pitch":-0.5,"roll":0,"yaw":325.80242919921875},"sequence":80,"source":"7dtd","stream_id":"d6937bfa-f41f-4a3c-87a8-c01a0755b820","type":"entity_state","version":2,"world_id":"td-0d917a4eff776d999148769266591579674d2c42de6557026893a1902834f11f"}
2026-10-03T20:17:11 182.555 INF [MC7DTD] 7DTD entity sent: {"authority":"7dtd","dimension":"7dtd:main","entity_id":"ec5d61f7-843b-47b7-a811-28c15b00651f","entity_type":"7dtd:player","lifecycle":{"event":"update"},"metadata":{},"origin":{"dimension":"7dtd:main","entity_id":"ec5d61f7-843b-47b7-a811-28c15b00651f","game":"7dtd","world_id":"td-0d917a4eff776d999148769266591579674d2c42de6557026893a1902834f11f"},"position":{"space":"7dtd","x":-275.31991577148438,"y":61.079998016357422,"z":443.35659790039063},"rotation":{"pitch":-0.5,"roll":0,"yaw":325.80242919921875},"sequence":81,"source":"7dtd","stream_id":"d6937bfa-f41f-4a3c-87a8-c01a0755b820","type":"entity_state","version":2,"world_id":"td-0d917a4eff776d999148769266591579674d2c42de6557026893a1902834f11f"}
2026-10-03T20:17:11 183.058 INF [MC7DTD] 7DTD entity sent: {"authority":"7dtd","dimension":"7dtd:main","entity_id":"ec5d61f7-843b-47b7-a811-28c15b00651f","entity_type":"7dtd:player","lifecycle":{"event":"update"},"metadata":{},"origin":{"dimension":"7dtd:main","entity_id":"ec5d61f7-843b-47b7-a811-28c15b00651f","game":"7dtd","world_id":"td-0d917a4eff776d999148769266591579674d2c42de6557026893a1902834f11f"},"position":{"space":"7dtd","x":-275.31991577148438,"y":61.079998016357422,"z":443.35659790039063},"rotation":{"pitch":-0.5,"roll":0,"yaw":325.80242919921875},"sequence":82,"source":"7dtd","stream_id":"d6937bfa-f41f-4a3c-87a8-c01a0755b820","type":"entity_state","version":2,"world_id":"td-0d917a4eff776d999148769266591579674d2c42de6557026893a1902834f11f"}
2026-10-03T20:17:12 183.560 INF [MC7DTD] 7DTD entity sent: {"authority":"7dtd","dimension":"7dtd:main","entity_id":"ec5d61f7-843b-47b7-a811-28c15b00651f","entity_type":"7dtd:player","lifecycle":{"event":"update"},"metadata":{},"origin":{"dimension":"7dtd:main","entity_id":"ec5d61f7-843b-47b7-a811-28c15b00651f","game":"7dtd","world_id":"td-0d917a4eff776d999148769266591579674d2c42de6557026893a1902834f11f"},"position":{"space":"7dtd","x":-275.31991577148438,"y":61.079998016357422,"z":443.35659790039063},"rotation":{"pitch":-0.5,"roll":0,"yaw":325.80242919921875},"sequence":83,"source":"7dtd","stream_id":"d6937bfa-f41f-4a3c-87a8-c01a0755b820","type":"entity_state","version":2,"world_id":"td-0d917a4eff776d999148769266591579674d2c42de6557026893a1902834f11f"}
2026-10-03T20:17:12 184.061 INF [MC7DTD] 7DTD entity sent: {"authority":"7dtd","dimension":"7dtd:main","entity_id":"ec5d61f7-843b-47b7-a811-28c15b00651f","entity_type":"7dtd:player","lifecycle":{"event":"update"},"metadata":{},"origin":{"dimension":"7dtd:main","entity_id":"ec5d61f7-843b-47b7-a811-28c15b00651f","game":"7dtd","world_id":"td-0d917a4eff776d999148769266591579674d2c42de6557026893a1902834f11f"},"position":{"space":"7dtd","x":-275.31991577148438,"y":61.079998016357422,"z":443.35659790039063},"rotation":{"pitch":-0.5,"roll":0,"yaw":325.80242919921875},"sequence":84,"source":"7dtd","stream_id":"d6937bfa-f41f-4a3c-87a8-c01a0755b820","type":"entity_state","version":2,"world_id":"td-0d917a4eff776d999148769266591579674d2c42de6557026893a1902834f11f"}
2026-10-03T20:17:13 184.563 INF [MC7DTD] 7DTD entity sent: {"authority":"7dtd","dimension":"7dtd:main","entity_id":"ec5d61f7-843b-47b7-a811-28c15b00651f","entity_type":"7dtd:player","lifecycle":{"event":"update"},"metadata":{},"origin":{"dimension":"7dtd:main","entity_id":"ec5d61f7-843b-47b7-a811-28c15b00651f","game":"7dtd","world_id":"td-0d917a4eff776d999148769266591579674d2c42de6557026893a1902834f11f"},"position":{"space":"7dtd","x":-275.31991577148438,"y":61.079998016357422,"z":443.35659790039063},"rotation":{"pitch":-1.625,"roll":0,"yaw":317.05242538452148},"sequence":85,"source":"7dtd","stream_id":"d6937bfa-f41f-4a3c-87a8-c01a0755b820","type":"entity_state","version":2,"world_id":"td-0d917a4eff776d999148769266591579674d2c42de6557026893a1902834f11f"}
2026-10-03T20:17:13 185.065 INF [MC7DTD] 7DTD entity sent: {"authority":"7dtd","dimension":"7dtd:main","entity_id":"ec5d61f7-843b-47b7-a811-28c15b00651f","entity_type":"7dtd:player","lifecycle":{"event":"update"},"metadata":{},"origin":{"dimension":"7dtd:main","entity_id":"ec5d61f7-843b-47b7-a811-28c15b00651f","game":"7dtd","world_id":"td-0d917a4eff776d999148769266591579674d2c42de6557026893a1902834f11f"},"position":{"space":"7dtd","x":-274.95245361328125,"y":61.079998016357422,"z":443.74652099609375},"rotation":{"pitch":-1.5,"roll":0,"yaw":316.05242919921875},"sequence":86,"source":"7dtd","stream_id":"d6937bfa-f41f-4a3c-87a8-c01a0755b820","type":"entity_state","version":2,"world_id":"td-0d917a4eff776d999148769266591579674d2c42de6557026893a1902834f11f"}
2026-10-03T20:17:14 185.568 INF [MC7DTD] 7DTD entity sent: {"authority":"7dtd","dimension":"7dtd:main","entity_id":"ec5d61f7-843b-47b7-a811-28c15b00651f","entity_type":"7dtd:player","lifecycle":{"event":"update"},"metadata":{},"origin":{"dimension":"7dtd:main","entity_id":"ec5d61f7-843b-47b7-a811-28c15b00651f","game":"7dtd","world_id":"td-0d917a4eff776d999148769266591579674d2c42de6557026893a1902834f11f"},"position":{"space":"7dtd","x":-273.7298583984375,"y":61.080001831054688,"z":444.71945190429688},"rotation":{"pitch":-3.375,"roll":0,"yaw":304.42742919921875},"sequence":87,"source":"7dtd","stream_id":"d6937bfa-f41f-4a3c-87a8-c01a0755b820","type":"entity_state","version":2,"world_id":"td-0d917a4eff776d999148769266591579674d2c42de6557026893a1902834f11f"}
2026-10-03T20:17:14 186.070 INF [MC7DTD] 7DTD entity sent: {"authority":"7dtd","dimension":"7dtd:main","entity_id":"ec5d61f7-843b-47b7-a811-28c15b00651f","entity_type":"7dtd:player","lifecycle":{"event":"update"},"metadata":{},"origin":{"dimension":"7dtd:main","entity_id":"ec5d61f7-843b-47b7-a811-28c15b00651f","game":"7dtd","world_id":"td-0d917a4eff776d999148769266591579674d2c42de6557026893a1902834f11f"},"position":{"space":"7dtd","x":-273.09466552734375,"y":61.079998016357422,"z":445.15805053710938},"rotation":{"pitch":-3.375,"roll":0,"yaw":304.80242919921875},"sequence":88,"source":"7dtd","stream_id":"d6937bfa-f41f-4a3c-87a8-c01a0755b820","type":"entity_state","version":2,"world_id":"td-0d917a4eff776d999148769266591579674d2c42de6557026893a1902834f11f"}
2026-10-03T20:17:15 186.572 INF [MC7DTD] 7DTD entity sent: {"authority":"7dtd","dimension":"7dtd:main","entity_id":"ec5d61f7-843b-47b7-a811-28c15b00651f","entity_type":"7dtd:player","lifecycle":{"event":"update"},"metadata":{},"origin":{"dimension":"7dtd:main","entity_id":"ec5d61f7-843b-47b7-a811-28c15b00651f","game":"7dtd","world_id":"td-0d917a4eff776d999148769266591579674d2c42de6557026893a1902834f11f"},"position":{"space":"7dtd","x":-271.77011108398438,"y":61.079998016357422,"z":445.98602294921875},"rotation":{"pitch":-3.875,"roll":0,"yaw":295.55242156982422},"sequence":89,"source":"7dtd","stream_id":"d6937bfa-f41f-4a3c-87a8-c01a0755b820","type":"entity_state","version":2,"world_id":"td-0d917a4eff776d999148769266591579674d2c42de6557026893a1902834f11f"}
2026-10-03T20:17:15 187.074 INF [MC7DTD] 7DTD entity sent: {"authority":"7dtd","dimension":"7dtd:main","entity_id":"ec5d61f7-843b-47b7-a811-28c15b00651f","entity_type":"7dtd:player","lifecycle":{"event":"update"},"metadata":{},"origin":{"dimension":"7dtd:main","entity_id":"ec5d61f7-843b-47b7-a811-28c15b00651f","game":"7dtd","world_id":"td-0d917a4eff776d999148769266591579674d2c42de6557026893a1902834f11f"},"position":{"space":"7dtd","x":-269.4395751953125,"y":61.079998016357422,"z":447.2794189453125},"rotation":{"pitch":-1.375,"roll":0,"yaw":311.98992919921875},"sequence":90,"source":"7dtd","stream_id":"d6937bfa-f41f-4a3c-87a8-c01a0755b820","type":"entity_state","version":2,"world_id":"td-0d917a4eff776d999148769266591579674d2c42de6557026893a1902834f11f"}
2026-10-03T20:17:16 187.576 INF [MC7DTD] 7DTD entity sent: {"authority":"7dtd","dimension":"7dtd:main","entity_id":"ec5d61f7-843b-47b7-a811-28c15b00651f","entity_type":"7dtd:player","lifecycle":{"event":"update"},"metadata":{},"origin":{"dimension":"7dtd:main","entity_id":"ec5d61f7-843b-47b7-a811-28c15b00651f","game":"7dtd","world_id":"td-0d917a4eff776d999148769266591579674d2c42de6557026893a1902834f11f"},"position":{"space":"7dtd","x":-267.17587280273438,"y":61.079998016357422,"z":449.73043823242188},"rotation":{"pitch":-3.125,"roll":0,"yaw":322.05242919921875},"sequence":91,"source":"7dtd","stream_id":"d6937bfa-f41f-4a3c-87a8-c01a0755b820","type":"entity_state","version":2,"world_id":"td-0d917a4eff776d999148769266591579674d2c42de6557026893a1902834f11f"}
2026-10-03T20:17:16 188.078 INF [MC7DTD] 7DTD entity sent: {"authority":"7dtd","dimension":"7dtd:main","entity_id":"ec5d61f7-843b-47b7-a811-28c15b00651f","entity_type":"7dtd:player","lifecycle":{"event":"update"},"metadata":{},"origin":{"dimension":"7dtd:main","entity_id":"ec5d61f7-843b-47b7-a811-28c15b00651f","game":"7dtd","world_id":"td-0d917a4eff776d999148769266591579674d2c42de6557026893a1902834f11f"},"position":{"space":"7dtd","x":-264.85791015625,"y":61.079998016357422,"z":452.11578369140625},"rotation":{"pitch":-7.125,"roll":0,"yaw":304.92742919921875},"sequence":92,"source":"7dtd","stream_id":"d6937bfa-f41f-4a3c-87a8-c01a0755b820","type":"entity_state","version":2,"world_id":"td-0d917a4eff776d999148769266591579674d2c42de6557026893a1902834f11f"}
2026-10-03T20:17:17 188.580 INF [MC7DTD] 7DTD entity sent: {"authority":"7dtd","dimension":"7dtd:main","entity_id":"ec5d61f7-843b-47b7-a811-28c15b00651f","entity_type":"7dtd:player","lifecycle":{"event":"update"},"metadata":{},"origin":{"dimension":"7dtd:main","entity_id":"ec5d61f7-843b-47b7-a811-28c15b00651f","game":"7dtd","world_id":"td-0d917a4eff776d999148769266591579674d2c42de6557026893a1902834f11f"},"position":{"space":"7dtd","x":-262.10052490234375,"y":61.010036468505859,"z":454.02099609375},"rotation":{"pitch":-8.125,"roll":0,"yaw":303.92742156982422},"sequence":93,"source":"7dtd","stream_id":"d6937bfa-f41f-4a3c-87a8-c01a0755b820","type":"entity_state","version":2,"world_id":"td-0d917a4eff776d999148769266591579674d2c42de6557026893a1902834f11f"}
2026-10-03T20:17:17 189.081 INF [MC7DTD] 7DTD entity sent: {"authority":"7dtd","dimension":"7dtd:main","entity_id":"ec5d61f7-843b-47b7-a811-28c15b00651f","entity_type":"7dtd:player","lifecycle":{"event":"update"},"metadata":{},"origin":{"dimension":"7dtd:main","entity_id":"ec5d61f7-843b-47b7-a811-28c15b00651f","game":"7dtd","world_id":"td-0d917a4eff776d999148769266591579674d2c42de6557026893a1902834f11f"},"position":{"space":"7dtd","x":-259.27340698242188,"y":60.96270751953125,"z":455.84811401367188},"rotation":{"pitch":-10.125,"roll":0,"yaw":301.67742919921875},"sequence":94,"source":"7dtd","stream_id":"d6937bfa-f41f-4a3c-87a8-c01a0755b820","type":"entity_state","version":2,"world_id":"td-0d917a4eff776d999148769266591579674d2c42de6557026893a1902834f11f"}
2026-10-03T20:17:18 189.585 INF [MC7DTD] 7DTD entity sent: {"authority":"7dtd","dimension":"7dtd:main","entity_id":"ec5d61f7-843b-47b7-a811-28c15b00651f","entity_type":"7dtd:player","lifecycle":{"event":"update"},"metadata":{},"origin":{"dimension":"7dtd:main","entity_id":"ec5d61f7-843b-47b7-a811-28c15b00651f","game":"7dtd","world_id":"td-0d917a4eff776d999148769266591579674d2c42de6557026893a1902834f11f"},"position":{"space":"7dtd","x":-256.59634399414063,"y":61.079998016357422,"z":456.52371215820313},"rotation":{"pitch":-10.5,"roll":0,"yaw":302.67742538452148},"sequence":95,"source":"7dtd","stream_id":"d6937bfa-f41f-4a3c-87a8-c01a0755b820","type":"entity_state","version":2,"world_id":"td-0d917a4eff776d999148769266591579674d2c42de6557026893a1902834f11f"}
2026-10-03T20:17:18 190.087 INF [MC7DTD] 7DTD entity sent: {"authority":"7dtd","dimension":"7dtd:main","entity_id":"ec5d61f7-843b-47b7-a811-28c15b00651f","entity_type":"7dtd:player","lifecycle":{"event":"update"},"metadata":{},"origin":{"dimension":"7dtd:main","entity_id":"ec5d61f7-843b-47b7-a811-28c15b00651f","game":"7dtd","world_id":"td-0d917a4eff776d999148769266591579674d2c42de6557026893a1902834f11f"},"position":{"space":"7dtd","x":-253.82281494140625,"y":61.079998016357422,"z":458.1273193359375},"rotation":{"pitch":-10.5,"roll":0,"yaw":302.67742538452148},"sequence":96,"source":"7dtd","stream_id":"d6937bfa-f41f-4a3c-87a8-c01a0755b820","type":"entity_state","version":2,"world_id":"td-0d917a4eff776d999148769266591579674d2c42de6557026893a1902834f11f"}
2026-10-03T20:17:19 190.590 INF [MC7DTD] 7DTD entity sent: {"authority":"7dtd","dimension":"7dtd:main","entity_id":"ec5d61f7-843b-47b7-a811-28c15b00651f","entity_type":"7dtd:player","lifecycle":{"event":"update"},"metadata":{},"origin":{"dimension":"7dtd:main","entity_id":"ec5d61f7-843b-47b7-a811-28c15b00651f","game":"7dtd","world_id":"td-0d917a4eff776d999148769266591579674d2c42de6557026893a1902834f11f"},"position":{"space":"7dtd","x":-251.33349609375,"y":61.638591766357422,"z":459.72393798828125},"rotation":{"pitch":-10.5,"roll":0,"yaw":302.67742538452148},"sequence":97,"source":"7dtd","stream_id":"d6937bfa-f41f-4a3c-87a8-c01a0755b820","type":"entity_state","version":2,"world_id":"td-0d917a4eff776d999148769266591579674d2c42de6557026893a1902834f11f"}
2026-10-03T20:17:19 191.092 INF [MC7DTD] 7DTD entity sent: {"authority":"7dtd","dimension":"7dtd:main","entity_id":"ec5d61f7-843b-47b7-a811-28c15b00651f","entity_type":"7dtd:player","lifecycle":{"event":"update"},"metadata":{},"origin":{"dimension":"7dtd:main","entity_id":"ec5d61f7-843b-47b7-a811-28c15b00651f","game":"7dtd","world_id":"td-0d917a4eff776d999148769266591579674d2c42de6557026893a1902834f11f"},"position":{"space":"7dtd","x":-248.71224975585938,"y":61.814598083496094,"z":460.28912353515625},"rotation":{"pitch":-10.5,"roll":0,"yaw":302.42742538452148},"sequence":98,"source":"7dtd","stream_id":"d6937bfa-f41f-4a3c-87a8-c01a0755b820","type":"entity_state","version":2,"world_id":"td-0d917a4eff776d999148769266591579674d2c42de6557026893a1902834f11f"}
2026-10-03T20:17:20 191.282 INF 185.1064 SleeperVolume -240, 60, 465: Spawning -238, 63, 465 (-15, 29), group 'ZombiesCrawlers', class zombieSteveCrawler, count 0
2026-10-03T20:17:20 191.595 INF [MC7DTD] 7DTD entity sent: {"authority":"7dtd","dimension":"7dtd:main","entity_id":"ec5d61f7-843b-47b7-a811-28c15b00651f","entity_type":"7dtd:player","lifecycle":{"event":"update"},"metadata":{},"origin":{"dimension":"7dtd:main","entity_id":"ec5d61f7-843b-47b7-a811-28c15b00651f","game":"7dtd","world_id":"td-0d917a4eff776d999148769266591579674d2c42de6557026893a1902834f11f"},"position":{"space":"7dtd","x":-246.06271362304688,"y":62.231063842773438,"z":462.00082397460938},"rotation":{"pitch":-10.4375,"roll":0,"yaw":329.67742919921875},"sequence":99,"source":"7dtd","stream_id":"d6937bfa-f41f-4a3c-87a8-c01a0755b820","type":"entity_state","version":2,"world_id":"td-0d917a4eff776d999148769266591579674d2c42de6557026893a1902834f11f"}
2026-10-03T20:17:20 191.680 INF 185.5073 SleeperVolume -241, 60, 470: Spawning -237, 63, 473 (-15, 29), group 'scoutHordeStageGS1', class zombieJanitor, count 1
2026-10-03T20:17:20 192.098 INF [MC7DTD] 7DTD entity sent: {"authority":"7dtd","dimension":"7dtd:main","entity_id":"ec5d61f7-843b-47b7-a811-28c15b00651f","entity_type":"7dtd:player","lifecycle":{"event":"update"},"metadata":{},"origin":{"dimension":"7dtd:main","entity_id":"ec5d61f7-843b-47b7-a811-28c15b00651f","game":"7dtd","world_id":"td-0d917a4eff776d999148769266591579674d2c42de6557026893a1902834f11f"},"position":{"space":"7dtd","x":-244.77473449707031,"y":62.079998016357422,"z":465.01229858398438},"rotation":{"pitch":-12.125,"roll":0,"yaw":341.42742729187012},"sequence":100,"source":"7dtd","stream_id":"d6937bfa-f41f-4a3c-87a8-c01a0755b820","type":"entity_state","version":2,"world_id":"td-0d917a4eff776d999148769266591579674d2c42de6557026893a1902834f11f"}
2026-10-03T20:17:21 192.142 WRN [MultiBlockManager][Alignment] SetTerrainAlignmentDirty failed; no terrain-aligned block has been registered at the specified world position: -258, 61, 548
2026-10-03T20:17:21 192.600 INF [MC7DTD] 7DTD entity sent: {"authority":"7dtd","dimension":"7dtd:main","entity_id":"ec5d61f7-843b-47b7-a811-28c15b00651f","entity_type":"7dtd:player","lifecycle":{"event":"update"},"metadata":{},"origin":{"dimension":"7dtd:main","entity_id":"ec5d61f7-843b-47b7-a811-28c15b00651f","game":"7dtd","world_id":"td-0d917a4eff776d999148769266591579674d2c42de6557026893a1902834f11f"},"position":{"space":"7dtd","x":-245.0899658203125,"y":62.079998016357422,"z":467.6986083984375},"rotation":{"pitch":-11.625,"roll":0,"yaw":342.67742538452148},"sequence":101,"source":"7dtd","stream_id":"d6937bfa-f41f-4a3c-87a8-c01a0755b820","type":"entity_state","version":2,"world_id":"td-0d917a4eff776d999148769266591579674d2c42de6557026893a1902834f11f"}
2026-10-03T20:17:21 193.101 INF [MC7DTD] 7DTD entity sent: {"authority":"7dtd","dimension":"7dtd:main","entity_id":"ec5d61f7-843b-47b7-a811-28c15b00651f","entity_type":"7dtd:player","lifecycle":{"event":"update"},"metadata":{},"origin":{"dimension":"7dtd:main","entity_id":"ec5d61f7-843b-47b7-a811-28c15b00651f","game":"7dtd","world_id":"td-0d917a4eff776d999148769266591579674d2c42de6557026893a1902834f11f"},"position":{"space":"7dtd","x":-245.1201171875,"y":62.079998016357422,"z":470.49069213867188},"rotation":{"pitch":-11.125,"roll":0,"yaw":341.30242919921875},"sequence":102,"source":"7dtd","stream_id":"d6937bfa-f41f-4a3c-87a8-c01a0755b820","type":"entity_state","version":2,"world_id":"td-0d917a4eff776d999148769266591579674d2c42de6557026893a1902834f11f"}
2026-10-03T20:17:22 193.529 INF 124720 EntityBackpack id 178, plyrId 171, (-274.1, 61.2, 448.8) (-18, 28), chunk True (-18, 3, 28), items 5 drinkJarBoiledWater, foodCanChili at ((-274.12, 61.25, 448.84)) : Write
2026-10-03T20:17:22 193.603 INF [MC7DTD] 7DTD entity sent: {"authority":"7dtd","dimension":"7dtd:main","entity_id":"ec5d61f7-843b-47b7-a811-28c15b00651f","entity_type":"7dtd:player","lifecycle":{"event":"update"},"metadata":{},"origin":{"dimension":"7dtd:main","entity_id":"ec5d61f7-843b-47b7-a811-28c15b00651f","game":"7dtd","world_id":"td-0d917a4eff776d999148769266591579674d2c42de6557026893a1902834f11f"},"position":{"space":"7dtd","x":-244.89590454101563,"y":62.179996490478516,"z":473.09097290039063},"rotation":{"pitch":-10.375,"roll":0,"yaw":306.67742538452148},"sequence":103,"source":"7dtd","stream_id":"d6937bfa-f41f-4a3c-87a8-c01a0755b820","type":"entity_state","version":2,"world_id":"td-0d917a4eff776d999148769266591579674d2c42de6557026893a1902834f11f"}
2026-10-03T20:17:22 194.105 INF [MC7DTD] 7DTD entity sent: {"authority":"7dtd","dimension":"7dtd:main","entity_id":"ec5d61f7-843b-47b7-a811-28c15b00651f","entity_type":"7dtd:player","lifecycle":{"event":"update"},"metadata":{},"origin":{"dimension":"7dtd:main","entity_id":"ec5d61f7-843b-47b7-a811-28c15b00651f","game":"7dtd","world_id":"td-0d917a4eff776d999148769266591579674d2c42de6557026893a1902834f11f"},"position":{"space":"7dtd","x":-243.33283996582031,"y":63.067619323730469,"z":473.4700927734375},"rotation":{"pitch":-14.5,"roll":0,"yaw":277.42742156982422},"sequence":104,"source":"7dtd","stream_id":"d6937bfa-f41f-4a3c-87a8-c01a0755b820","type":"entity_state","version":2,"world_id":"td-0d917a4eff776d999148769266591579674d2c42de6557026893a1902834f11f"}
2026-10-03T20:17:23 194.606 INF [MC7DTD] 7DTD entity sent: {"authority":"7dtd","dimension":"7dtd:main","entity_id":"ec5d61f7-843b-47b7-a811-28c15b00651f","entity_type":"7dtd:player","lifecycle":{"event":"update"},"metadata":{},"origin":{"dimension":"7dtd:main","entity_id":"ec5d61f7-843b-47b7-a811-28c15b00651f","game":"7dtd","world_id":"td-0d917a4eff776d999148769266591579674d2c42de6557026893a1902834f11f"},"position":{"space":"7dtd","x":-242.34501647949219,"y":63.080001831054688,"z":473.57196044921875},"rotation":{"pitch":-30.4375,"roll":0,"yaw":263.23992919921875},"sequence":105,"source":"7dtd","stream_id":"d6937bfa-f41f-4a3c-87a8-c01a0755b820","type":"entity_state","version":2,"world_id":"td-0d917a4eff776d999148769266591579674d2c42de6557026893a1902834f11f"}
2026-10-03T20:17:23 195.109 INF [MC7DTD] 7DTD entity sent: {"authority":"7dtd","dimension":"7dtd:main","entity_id":"ec5d61f7-843b-47b7-a811-28c15b00651f","entity_type":"7dtd:player","lifecycle":{"event":"update"},"metadata":{},"origin":{"dimension":"7dtd:main","entity_id":"ec5d61f7-843b-47b7-a811-28c15b00651f","game":"7dtd","world_id":"td-0d917a4eff776d999148769266591579674d2c42de6557026893a1902834f11f"},"position":{"space":"7dtd","x":-242.28656005859375,"y":63.079998016357422,"z":473.57955932617188},"rotation":{"pitch":-37.875,"roll":0,"yaw":228.11491394042969},"sequence":106,"source":"7dtd","stream_id":"d6937bfa-f41f-4a3c-87a8-c01a0755b820","type":"entity_state","version":2,"world_id":"td-0d917a4eff776d999148769266591579674d2c42de6557026893a1902834f11f"}
2026-10-03T20:17:24 195.612 INF [MC7DTD] 7DTD entity sent: {"authority":"7dtd","dimension":"7dtd:main","entity_id":"ec5d61f7-843b-47b7-a811-28c15b00651f","entity_type":"7dtd:player","lifecycle":{"event":"update"},"metadata":{},"origin":{"dimension":"7dtd:main","entity_id":"ec5d61f7-843b-47b7-a811-28c15b00651f","game":"7dtd","world_id":"td-0d917a4eff776d999148769266591579674d2c42de6557026893a1902834f11f"},"position":{"space":"7dtd","x":-240.93756103515625,"y":63.084991455078125,"z":473.27920532226563},"rotation":{"pitch":-26.3125,"roll":0,"yaw":260.55242919921875},"sequence":107,"source":"7dtd","stream_id":"d6937bfa-f41f-4a3c-87a8-c01a0755b820","type":"entity_state","version":2,"world_id":"td-0d917a4eff776d999148769266591579674d2c42de6557026893a1902834f11f"}
2026-10-03T20:17:24 195.895 INF 质朴且卑微- WeatherBuffUpdate , indoors True
2026-10-03T20:17:24 196.114 INF [MC7DTD] 7DTD entity sent: {"authority":"7dtd","dimension":"7dtd:main","entity_id":"ec5d61f7-843b-47b7-a811-28c15b00651f","entity_type":"7dtd:player","lifecycle":{"event":"update"},"metadata":{},"origin":{"dimension":"7dtd:main","entity_id":"ec5d61f7-843b-47b7-a811-28c15b00651f","game":"7dtd","world_id":"td-0d917a4eff776d999148769266591579674d2c42de6557026893a1902834f11f"},"position":{"space":"7dtd","x":-239.55029296875,"y":63.080001831054688,"z":473.12179565429688},"rotation":{"pitch":-20.8125,"roll":0,"yaw":318.98992538452148},"sequence":108,"source":"7dtd","stream_id":"d6937bfa-f41f-4a3c-87a8-c01a0755b820","type":"entity_state","version":2,"world_id":"td-0d917a4eff776d999148769266591579674d2c42de6557026893a1902834f11f"}
2026-10-03T20:17:25 196.616 INF [MC7DTD] 7DTD entity sent: {"authority":"7dtd","dimension":"7dtd:main","entity_id":"ec5d61f7-843b-47b7-a811-28c15b00651f","entity_type":"7dtd:player","lifecycle":{"event":"update"},"metadata":{},"origin":{"dimension":"7dtd:main","entity_id":"ec5d61f7-843b-47b7-a811-28c15b00651f","game":"7dtd","world_id":"td-0d917a4eff776d999148769266591579674d2c42de6557026893a1902834f11f"},"position":{"space":"7dtd","x":-238.86448669433594,"y":63.080001831054688,"z":475.53585815429688},"rotation":{"pitch":-20.375,"roll":0,"yaw":299.80242919921875},"sequence":109,"source":"7dtd","stream_id":"d6937bfa-f41f-4a3c-87a8-c01a0755b820","type":"entity_state","version":2,"world_id":"td-0d917a4eff776d999148769266591579674d2c42de6557026893a1902834f11f"}
2026-10-03T20:17:25 197.119 INF [MC7DTD] 7DTD entity sent: {"authority":"7dtd","dimension":"7dtd:main","entity_id":"ec5d61f7-843b-47b7-a811-28c15b00651f","entity_type":"7dtd:player","lifecycle":{"event":"update"},"metadata":{},"origin":{"dimension":"7dtd:main","entity_id":"ec5d61f7-843b-47b7-a811-28c15b00651f","game":"7dtd","world_id":"td-0d917a4eff776d999148769266591579674d2c42de6557026893a1902834f11f"},"position":{"space":"7dtd","x":-238.3314208984375,"y":63.079998016357422,"z":475.94940185546875},"rotation":{"pitch":-24.625,"roll":0,"yaw":249.61493682861328},"sequence":110,"source":"7dtd","stream_id":"d6937bfa-f41f-4a3c-87a8-c01a0755b820","type":"entity_state","version":2,"world_id":"td-0d917a4eff776d999148769266591579674d2c42de6557026893a1902834f11f"}
2026-10-03T20:17:26 197.620 INF [MC7DTD] 7DTD entity sent: {"authority":"7dtd","dimension":"7dtd:main","entity_id":"ec5d61f7-843b-47b7-a811-28c15b00651f","entity_type":"7dtd:player","lifecycle":{"event":"update"},"metadata":{},"origin":{"dimension":"7dtd:main","entity_id":"ec5d61f7-843b-47b7-a811-28c15b00651f","game":"7dtd","world_id":"td-0d917a4eff776d999148769266591579674d2c42de6557026893a1902834f11f"},"position":{"space":"7dtd","x":-239.26765441894531,"y":63.084815979003906,"z":475.36123657226563},"rotation":{"pitch":-22.8125,"roll":0,"yaw":202.48991394042969},"sequence":111,"source":"7dtd","stream_id":"d6937bfa-f41f-4a3c-87a8-c01a0755b820","type":"entity_state","version":2,"world_id":"td-0d917a4eff776d999148769266591579674d2c42de6557026893a1902834f11f"}
2026-10-03T20:17:27 198.122 INF [MC7DTD] 7DTD entity sent: {"authority":"7dtd","dimension":"7dtd:main","entity_id":"ec5d61f7-843b-47b7-a811-28c15b00651f","entity_type":"7dtd:player","lifecycle":{"event":"update"},"metadata":{},"origin":{"dimension":"7dtd:main","entity_id":"ec5d61f7-843b-47b7-a811-28c15b00651f","game":"7dtd","world_id":"td-0d917a4eff776d999148769266591579674d2c42de6557026893a1902834f11f"},"position":{"space":"7dtd","x":-239.05839538574219,"y":63.080001831054688,"z":473.20156860351563},"rotation":{"pitch":-20.875,"roll":0,"yaw":210.42741394042969},"sequence":112,"source":"7dtd","stream_id":"d6937bfa-f41f-4a3c-87a8-c01a0755b820","type":"entity_state","version":2,"world_id":"td-0d917a4eff776d999148769266591579674d2c42de6557026893a1902834f11f"}
2026-10-03T20:17:27 198.624 INF [MC7DTD] 7DTD entity sent: {"authority":"7dtd","dimension":"7dtd:main","entity_id":"ec5d61f7-843b-47b7-a811-28c15b00651f","entity_type":"7dtd:player","lifecycle":{"event":"update"},"metadata":{},"origin":{"dimension":"7dtd:main","entity_id":"ec5d61f7-843b-47b7-a811-28c15b00651f","game":"7dtd","world_id":"td-0d917a4eff776d999148769266591579674d2c42de6557026893a1902834f11f"},"position":{"space":"7dtd","x":-237.66560363769531,"y":63.079998016357422,"z":470.99813842773438},"rotation":{"pitch":-16.25,"roll":0,"yaw":251.67742156982422},"sequence":113,"source":"7dtd","stream_id":"d6937bfa-f41f-4a3c-87a8-c01a0755b820","type":"entity_state","version":2,"world_id":"td-0d917a4eff776d999148769266591579674d2c42de6557026893a1902834f11f"}
2026-10-03T20:17:28 199.127 INF [MC7DTD] 7DTD entity sent: {"authority":"7dtd","dimension":"7dtd:main","entity_id":"ec5d61f7-843b-47b7-a811-28c15b00651f","entity_type":"7dtd:player","lifecycle":{"event":"update"},"metadata":{},"origin":{"dimension":"7dtd:main","entity_id":"ec5d61f7-843b-47b7-a811-28c15b00651f","game":"7dtd","world_id":"td-0d917a4eff776d999148769266591579674d2c42de6557026893a1902834f11f"},"position":{"space":"7dtd","x":-236.56816101074219,"y":63.079998016357422,"z":470.47784423828125},"rotation":{"pitch":-23.5,"roll":0,"yaw":196.80242919921875},"sequence":114,"source":"7dtd","stream_id":"d6937bfa-f41f-4a3c-87a8-c01a0755b820","type":"entity_state","version":2,"world_id":"td-0d917a4eff776d999148769266591579674d2c42de6557026893a1902834f11f"}
2026-10-03T20:17:28 199.628 INF [MC7DTD] 7DTD entity sent: {"authority":"7dtd","dimension":"7dtd:main","entity_id":"ec5d61f7-843b-47b7-a811-28c15b00651f","entity_type":"7dtd:player","lifecycle":{"event":"update"},"metadata":{},"origin":{"dimension":"7dtd:main","entity_id":"ec5d61f7-843b-47b7-a811-28c15b00651f","game":"7dtd","world_id":"td-0d917a4eff776d999148769266591579674d2c42de6557026893a1902834f11f"},"position":{"space":"7dtd","x":-236.06098937988281,"y":63.079998016357422,"z":468.357177734375},"rotation":{"pitch":-30.25,"roll":0,"yaw":142.55242919921875},"sequence":115,"source":"7dtd","stream_id":"d6937bfa-f41f-4a3c-87a8-c01a0755b820","type":"entity_state","version":2,"world_id":"td-0d917a4eff776d999148769266591579674d2c42de6557026893a1902834f11f"}
2026-10-03T20:17:29 200.130 INF [MC7DTD] 7DTD entity sent: {"authority":"7dtd","dimension":"7dtd:main","entity_id":"ec5d61f7-843b-47b7-a811-28c15b00651f","entity_type":"7dtd:player","lifecycle":{"event":"update"},"metadata":{},"origin":{"dimension":"7dtd:main","entity_id":"ec5d61f7-843b-47b7-a811-28c15b00651f","game":"7dtd","world_id":"td-0d917a4eff776d999148769266591579674d2c42de6557026893a1902834f11f"},"position":{"space":"7dtd","x":-236.37149047851563,"y":63.080001831054688,"z":468.85940551757813},"rotation":{"pitch":-25.875,"roll":0,"yaw":76.67742919921875},"sequence":116,"source":"7dtd","stream_id":"d6937bfa-f41f-4a3c-87a8-c01a0755b820","type":"entity_state","version":2,"world_id":"td-0d917a4eff776d999148769266591579674d2c42de6557026893a1902834f11f"}
2026-10-03T20:17:29 200.631 INF [MC7DTD] 7DTD entity sent: {"authority":"7dtd","dimension":"7dtd:main","entity_id":"ec5d61f7-843b-47b7-a811-28c15b00651f","entity_type":"7dtd:player","lifecycle":{"event":"update"},"metadata":{},"origin":{"dimension":"7dtd:main","entity_id":"ec5d61f7-843b-47b7-a811-28c15b00651f","game":"7dtd","world_id":"td-0d917a4eff776d999148769266591579674d2c42de6557026893a1902834f11f"},"position":{"space":"7dtd","x":-237.31739807128906,"y":63.080001831054688,"z":470.6578369140625},"rotation":{"pitch":-17.25,"roll":0,"yaw":33.42742919921875},"sequence":117,"source":"7dtd","stream_id":"d6937bfa-f41f-4a3c-87a8-c01a0755b820","type":"entity_state","version":2,"world_id":"td-0d917a4eff776d999148769266591579674d2c42de6557026893a1902834f11f"}
2026-10-03T20:17:30 201.133 INF [MC7DTD] 7DTD entity sent: {"authority":"7dtd","dimension":"7dtd:main","entity_id":"ec5d61f7-843b-47b7-a811-28c15b00651f","entity_type":"7dtd:player","lifecycle":{"event":"update"},"metadata":{},"origin":{"dimension":"7dtd:main","entity_id":"ec5d61f7-843b-47b7-a811-28c15b00651f","game":"7dtd","world_id":"td-0d917a4eff776d999148769266591579674d2c42de6557026893a1902834f11f"},"position":{"space":"7dtd","x":-238.43965148925781,"y":63.080001831054688,"z":471.16326904296875},"rotation":{"pitch":-16.25,"roll":0,"yaw":321.11492156982422},"sequence":118,"source":"7dtd","stream_id":"d6937bfa-f41f-4a3c-87a8-c01a0755b820","type":"entity_state","version":2,"world_id":"td-0d917a4eff776d999148769266591579674d2c42de6557026893a1902834f11f"}
2026-10-03T20:17:30 201.635 INF [MC7DTD] 7DTD entity sent: {"authority":"7dtd","dimension":"7dtd:main","entity_id":"ec5d61f7-843b-47b7-a811-28c15b00651f","entity_type":"7dtd:player","lifecycle":{"event":"update"},"metadata":{},"origin":{"dimension":"7dtd:main","entity_id":"ec5d61f7-843b-47b7-a811-28c15b00651f","game":"7dtd","world_id":"td-0d917a4eff776d999148769266591579674d2c42de6557026893a1902834f11f"},"position":{"space":"7dtd","x":-237.9913330078125,"y":63.080001831054688,"z":470.74969482421875},"rotation":{"pitch":-20.625,"roll":0,"yaw":313.67742538452148},"sequence":119,"source":"7dtd","stream_id":"d6937bfa-f41f-4a3c-87a8-c01a0755b820","type":"entity_state","version":2,"world_id":"td-0d917a4eff776d999148769266591579674d2c42de6557026893a1902834f11f"}
2026-10-03T20:17:31 202.127 INF Time: 3.14m FPS: 172.18 Heap: 2156.1MB Max: 2193.1MB Chunks: 315 CGO: 192 Ply: 1 Zom: 2 Ent: 6 (6) Items: 1 CO: 1 RSS: 4484.8MB
2026-10-03T20:17:31 202.132 INF 60sec delta: 1756676,current: 1756676,desired: 1494105
2026-10-03T20:17:31 202.133 INF [Backtrace] Updated Statistics
2026-10-03T20:17:31 202.137 INF [MC7DTD] 7DTD entity sent: {"authority":"7dtd","dimension":"7dtd:main","entity_id":"ec5d61f7-843b-47b7-a811-28c15b00651f","entity_type":"7dtd:player","lifecycle":{"event":"update"},"metadata":{},"origin":{"dimension":"7dtd:main","entity_id":"ec5d61f7-843b-47b7-a811-28c15b00651f","game":"7dtd","world_id":"td-0d917a4eff776d999148769266591579674d2c42de6557026893a1902834f11f"},"position":{"space":"7dtd","x":-237.13972473144531,"y":63.080001831054688,"z":470.89739990234375},"rotation":{"pitch":-17.625,"roll":0,"yaw":335.98992919921875},"sequence":120,"source":"7dtd","stream_id":"d6937bfa-f41f-4a3c-87a8-c01a0755b820","type":"entity_state","version":2,"world_id":"td-0d917a4eff776d999148769266591579674d2c42de6557026893a1902834f11f"}
2026-10-03T20:17:31 202.391 INF [DECO] written 75513, in 8ms
2026-10-03T20:17:31 202.395 INF [DECO] write thread 3ms
2026-10-03T20:17:31 202.639 INF [MC7DTD] 7DTD entity sent: {"authority":"7dtd","dimension":"7dtd:main","entity_id":"ec5d61f7-843b-47b7-a811-28c15b00651f","entity_type":"7dtd:player","lifecycle":{"event":"update"},"metadata":{},"origin":{"dimension":"7dtd:main","entity_id":"ec5d61f7-843b-47b7-a811-28c15b00651f","game":"7dtd","world_id":"td-0d917a4eff776d999148769266591579674d2c42de6557026893a1902834f11f"},"position":{"space":"7dtd","x":-236.43826293945313,"y":63.080001831054688,"z":471.8035888671875},"rotation":{"pitch":-17.5,"roll":0,"yaw":6.05242919921875},"sequence":121,"source":"7dtd","stream_id":"d6937bfa-f41f-4a3c-87a8-c01a0755b820","type":"entity_state","version":2,"world_id":"td-0d917a4eff776d999148769266591579674d2c42de6557026893a1902834f11f"}
2026-10-03T20:17:32 203.140 INF [MC7DTD] 7DTD entity sent: {"authority":"7dtd","dimension":"7dtd:main","entity_id":"ec5d61f7-843b-47b7-a811-28c15b00651f","entity_type":"7dtd:player","lifecycle":{"event":"update"},"metadata":{},"origin":{"dimension":"7dtd:main","entity_id":"ec5d61f7-843b-47b7-a811-28c15b00651f","game":"7dtd","world_id":"td-0d917a4eff776d999148769266591579674d2c42de6557026893a1902834f11f"},"position":{"space":"7dtd","x":-236.47894287109375,"y":63.080001831054688,"z":472.20907592773438},"rotation":{"pitch":-17.5,"roll":0,"yaw":5.80242919921875},"sequence":122,"source":"7dtd","stream_id":"d6937bfa-f41f-4a3c-87a8-c01a0755b820","type":"entity_state","version":2,"world_id":"td-0d917a4eff776d999148769266591579674d2c42de6557026893a1902834f11f"}
2026-10-03T20:17:32 203.642 INF [MC7DTD] 7DTD entity sent: {"authority":"7dtd","dimension":"7dtd:main","entity_id":"ec5d61f7-843b-47b7-a811-28c15b00651f","entity_type":"7dtd:player","lifecycle":{"event":"update"},"metadata":{},"origin":{"dimension":"7dtd:main","entity_id":"ec5d61f7-843b-47b7-a811-28c15b00651f","game":"7dtd","world_id":"td-0d917a4eff776d999148769266591579674d2c42de6557026893a1902834f11f"},"position":{"space":"7dtd","x":-236.47894287109375,"y":63.079998016357422,"z":472.21334838867188},"rotation":{"pitch":-17.5,"roll":0,"yaw":5.80242919921875},"sequence":123,"source":"7dtd","stream_id":"d6937bfa-f41f-4a3c-87a8-c01a0755b820","type":"entity_state","version":2,"world_id":"td-0d917a4eff776d999148769266591579674d2c42de6557026893a1902834f11f"}
2026-10-03T20:17:33 204.144 INF [MC7DTD] 7DTD entity sent: {"authority":"7dtd","dimension":"7dtd:main","entity_id":"ec5d61f7-843b-47b7-a811-28c15b00651f","entity_type":"7dtd:player","lifecycle":{"event":"update"},"metadata":{},"origin":{"dimension":"7dtd:main","entity_id":"ec5d61f7-843b-47b7-a811-28c15b00651f","game":"7dtd","world_id":"td-0d917a4eff776d999148769266591579674d2c42de6557026893a1902834f11f"},"position":{"space":"7dtd","x":-236.47463989257813,"y":63.080001831054688,"z":472.18417358398438},"rotation":{"pitch":-17.114076614379883,"roll":0,"yaw":12.700469970703125},"sequence":124,"source":"7dtd","stream_id":"d6937bfa-f41f-4a3c-87a8-c01a0755b820","type":"entity_state","version":2,"world_id":"td-0d917a4eff776d999148769266591579674d2c42de6557026893a1902834f11f"}
2026-10-03T20:17:33 204.145 INF [MC7DTD] 7DTD entity sent: {"authority":"7dtd","base_revision":1,"components":{"health":{"current":92,"max":100}},"dimension":"7dtd:main","entity_id":"ec5d61f7-843b-47b7-a811-28c15b00651f","entity_sequence":124,"entity_state_version":2,"entity_type":"7dtd:player","mode":"patch","origin":{"dimension":"7dtd:main","entity_id":"ec5d61f7-843b-47b7-a811-28c15b00651f","game":"7dtd","world_id":"td-0d917a4eff776d999148769266591579674d2c42de6557026893a1902834f11f"},"revision":2,"source":"7dtd","stream_id":"d6937bfa-f41f-4a3c-87a8-c01a0755b820","type":"entity_components","version":1,"world_id":"td-0d917a4eff776d999148769266591579674d2c42de6557026893a1902834f11f"}
2026-10-03T20:17:33 204.646 INF [MC7DTD] 7DTD entity sent: {"authority":"7dtd","dimension":"7dtd:main","entity_id":"ec5d61f7-843b-47b7-a811-28c15b00651f","entity_type":"7dtd:player","lifecycle":{"event":"update"},"metadata":{},"origin":{"dimension":"7dtd:main","entity_id":"ec5d61f7-843b-47b7-a811-28c15b00651f","game":"7dtd","world_id":"td-0d917a4eff776d999148769266591579674d2c42de6557026893a1902834f11f"},"position":{"space":"7dtd","x":-237.31906127929688,"y":63.079998016357422,"z":471.501708984375},"rotation":{"pitch":-11.90659236907959,"roll":0,"yaw":68.1629638671875},"sequence":125,"source":"7dtd","stream_id":"d6937bfa-f41f-4a3c-87a8-c01a0755b820","type":"entity_state","version":2,"world_id":"td-0d917a4eff776d999148769266591579674d2c42de6557026893a1902834f11f"}
2026-10-03T20:17:34 205.148 INF [MC7DTD] 7DTD entity sent: {"authority":"7dtd","dimension":"7dtd:main","entity_id":"ec5d61f7-843b-47b7-a811-28c15b00651f","entity_type":"7dtd:player","lifecycle":{"event":"update"},"metadata":{},"origin":{"dimension":"7dtd:main","entity_id":"ec5d61f7-843b-47b7-a811-28c15b00651f","game":"7dtd","world_id":"td-0d917a4eff776d999148769266591579674d2c42de6557026893a1902834f11f"},"position":{"space":"7dtd","x":-240.2841796875,"y":63.079998016357422,"z":472.69525146484375},"rotation":{"pitch":-12.03159236907959,"roll":0,"yaw":60.287933349609375},"sequence":126,"source":"7dtd","stream_id":"d6937bfa-f41f-4a3c-87a8-c01a0755b820","type":"entity_state","version":2,"world_id":"td-0d917a4eff776d999148769266591579674d2c42de6557026893a1902834f11f"}
2026-10-03T20:17:34 205.281 INF 质朴且卑微- WeatherBuffUpdate , indoors False
2026-10-03T20:17:34 205.383 INF 质朴且卑微- WeatherBuffUpdate , indoors True
2026-10-03T20:17:34 205.429 INF 质朴且卑微- WeatherBuffUpdate , indoors False
2026-10-03T20:17:34 205.750 INF [MC7DTD] 7DTD entity sent: {"authority":"7dtd","dimension":"7dtd:main","entity_id":"ec5d61f7-843b-47b7-a811-28c15b00651f","entity_type":"7dtd:player","lifecycle":{"event":"update"},"metadata":{},"origin":{"dimension":"7dtd:main","entity_id":"ec5d61f7-843b-47b7-a811-28c15b00651f","game":"7dtd","world_id":"td-0d917a4eff776d999148769266591579674d2c42de6557026893a1902834f11f"},"position":{"space":"7dtd","x":-243.11515808105469,"y":63.080001831054688,"z":473.655517578125},"rotation":{"pitch":-12.65659236907959,"roll":0,"yaw":99.037933349609375},"sequence":127,"source":"7dtd","stream_id":"d6937bfa-f41f-4a3c-87a8-c01a0755b820","type":"entity_state","version":2,"world_id":"td-0d917a4eff776d999148769266591579674d2c42de6557026893a1902834f11f"}
2026-10-03T20:17:35 206.251 INF [MC7DTD] 7DTD entity sent: {"authority":"7dtd","dimension":"7dtd:main","entity_id":"ec5d61f7-843b-47b7-a811-28c15b00651f","entity_type":"7dtd:player","lifecycle":{"event":"update"},"metadata":{},"origin":{"dimension":"7dtd:main","entity_id":"ec5d61f7-843b-47b7-a811-28c15b00651f","game":"7dtd","world_id":"td-0d917a4eff776d999148769266591579674d2c42de6557026893a1902834f11f"},"position":{"space":"7dtd","x":-246.82333374023438,"y":62.172142028808594,"z":472.71768188476563},"rotation":{"pitch":-9.09409236907959,"roll":0,"yaw":114.1004638671875},"sequence":128,"source":"7dtd","stream_id":"d6937bfa-f41f-4a3c-87a8-c01a0755b820","type":"entity_state","version":2,"world_id":"td-0d917a4eff776d999148769266591579674d2c42de6557026893a1902834f11f"}
2026-10-03T20:17:35 206.754 INF [MC7DTD] 7DTD entity sent: {"authority":"7dtd","dimension":"7dtd:main","entity_id":"ec5d61f7-843b-47b7-a811-28c15b00651f","entity_type":"7dtd:player","lifecycle":{"event":"update"},"metadata":{},"origin":{"dimension":"7dtd:main","entity_id":"ec5d61f7-843b-47b7-a811-28c15b00651f","game":"7dtd","world_id":"td-0d917a4eff776d999148769266591579674d2c42de6557026893a1902834f11f"},"position":{"space":"7dtd","x":-249.55313110351563,"y":62.079998016357422,"z":470.63473510742188},"rotation":{"pitch":-10.15659236907959,"roll":0,"yaw":132.78793334960938},"sequence":129,"source":"7dtd","stream_id":"d6937bfa-f41f-4a3c-87a8-c01a0755b820","type":"entity_state","version":2,"world_id":"td-0d917a4eff776d999148769266591579674d2c42de6557026893a1902834f11f"}
2026-10-03T20:17:36 207.156 INF [MC7DTD] 7DTD entity sent: {"authority":"7dtd","dimension":"7dtd:main","entity_id":"ec5d61f7-843b-47b7-a811-28c15b00651f","entity_type":"7dtd:player","lifecycle":{"event":"update"},"metadata":{},"origin":{"dimension":"7dtd:main","entity_id":"ec5d61f7-843b-47b7-a811-28c15b00651f","game":"7dtd","world_id":"td-0d917a4eff776d999148769266591579674d2c42de6557026893a1902834f11f"},"position":{"space":"7dtd","x":-252.03041076660156,"y":61.420570373535156,"z":468.342041015625},"rotation":{"pitch":-10.15659236907959,"roll":0,"yaw":132.78793334960938},"sequence":130,"source":"7dtd","stream_id":"d6937bfa-f41f-4a3c-87a8-c01a0755b820","type":"entity_state","version":2,"world_id":"td-0d917a4eff776d999148769266591579674d2c42de6557026893a1902834f11f"}
2026-10-03T20:17:36 207.658 INF [MC7DTD] 7DTD entity sent: {"authority":"7dtd","dimension":"7dtd:main","entity_id":"ec5d61f7-843b-47b7-a811-28c15b00651f","entity_type":"7dtd:player","lifecycle":{"event":"update"},"metadata":{},"origin":{"dimension":"7dtd:main","entity_id":"ec5d61f7-843b-47b7-a811-28c15b00651f","game":"7dtd","world_id":"td-0d917a4eff776d999148769266591579674d2c42de6557026893a1902834f11f"},"position":{"space":"7dtd","x":-254.50213623046875,"y":61.079998016357422,"z":466.05413818359375},"rotation":{"pitch":-9.90659236907959,"roll":0,"yaw":132.78793334960938},"sequence":131,"source":"7dtd","stream_id":"d6937bfa-f41f-4a3c-87a8-c01a0755b820","type":"entity_state","version":2,"world_id":"td-0d917a4eff776d999148769266591579674d2c42de6557026893a1902834f11f"}
2026-10-03T20:17:37 208.160 INF [MC7DTD] 7DTD entity sent: {"authority":"7dtd","dimension":"7dtd:main","entity_id":"ec5d61f7-843b-47b7-a811-28c15b00651f","entity_type":"7dtd:player","lifecycle":{"event":"update"},"metadata":{},"origin":{"dimension":"7dtd:main","entity_id":"ec5d61f7-843b-47b7-a811-28c15b00651f","game":"7dtd","world_id":"td-0d917a4eff776d999148769266591579674d2c42de6557026893a1902834f11f"},"position":{"space":"7dtd","x":-256.95236206054688,"y":61.079998016357422,"z":463.7861328125},"rotation":{"pitch":-9.90659236907959,"roll":0,"yaw":132.78793334960938},"sequence":132,"source":"7dtd","stream_id":"d6937bfa-f41f-4a3c-87a8-c01a0755b820","type":"entity_state","version":2,"world_id":"td-0d917a4eff776d999148769266591579674d2c42de6557026893a1902834f11f"}
2026-10-03T20:17:37 208.661 INF [MC7DTD] 7DTD entity sent: {"authority":"7dtd","dimension":"7dtd:main","entity_id":"ec5d61f7-843b-47b7-a811-28c15b00651f","entity_type":"7dtd:player","lifecycle":{"event":"update"},"metadata":{},"origin":{"dimension":"7dtd:main","entity_id":"ec5d61f7-843b-47b7-a811-28c15b00651f","game":"7dtd","world_id":"td-0d917a4eff776d999148769266591579674d2c42de6557026893a1902834f11f"},"position":{"space":"7dtd","x":-259.43212890625,"y":61.079998016357422,"z":461.498779296875},"rotation":{"pitch":-9.90659236907959,"roll":0,"yaw":132.66294860839844},"sequence":133,"source":"7dtd","stream_id":"d6937bfa-f41f-4a3c-87a8-c01a0755b820","type":"entity_state","version":2,"world_id":"td-0d917a4eff776d999148769266591579674d2c42de6557026893a1902834f11f"}
2026-10-03T20:17:38 209.163 INF [MC7DTD] 7DTD entity sent: {"authority":"7dtd","dimension":"7dtd:main","entity_id":"ec5d61f7-843b-47b7-a811-28c15b00651f","entity_type":"7dtd:player","lifecycle":{"event":"update"},"metadata":{},"origin":{"dimension":"7dtd:main","entity_id":"ec5d61f7-843b-47b7-a811-28c15b00651f","game":"7dtd","world_id":"td-0d917a4eff776d999148769266591579674d2c42de6557026893a1902834f11f"},"position":{"space":"7dtd","x":-261.85943603515625,"y":61.079998016357422,"z":459.21051025390625},"rotation":{"pitch":-9.78159236907959,"roll":0,"yaw":137.03793334960938},"sequence":134,"source":"7dtd","stream_id":"d6937bfa-f41f-4a3c-87a8-c01a0755b820","type":"entity_state","version":2,"world_id":"td-0d917a4eff776d999148769266591579674d2c42de6557026893a1902834f11f"}
2026-10-03T20:17:38 209.766 INF [MC7DTD] 7DTD entity sent: {"authority":"7dtd","dimension":"7dtd:main","entity_id":"ec5d61f7-843b-47b7-a811-28c15b00651f","entity_type":"7dtd:player","lifecycle":{"event":"update"},"metadata":{},"origin":{"dimension":"7dtd:main","entity_id":"ec5d61f7-843b-47b7-a811-28c15b00651f","game":"7dtd","world_id":"td-0d917a4eff776d999148769266591579674d2c42de6557026893a1902834f11f"},"position":{"space":"7dtd","x":-264.15911865234375,"y":61.079998016357422,"z":456.73565673828125},"rotation":{"pitch":-10.15659236907959,"roll":0,"yaw":137.28793334960938},"sequence":135,"source":"7dtd","stream_id":"d6937bfa-f41f-4a3c-87a8-c01a0755b820","type":"entity_state","version":2,"world_id":"td-0d917a4eff776d999148769266591579674d2c42de6557026893a1902834f11f"}
2026-10-03T20:17:39 210.267 INF [MC7DTD] 7DTD entity sent: {"authority":"7dtd","dimension":"7dtd:main","entity_id":"ec5d61f7-843b-47b7-a811-28c15b00651f","entity_type":"7dtd:player","lifecycle":{"event":"update"},"metadata":{},"origin":{"dimension":"7dtd:main","entity_id":"ec5d61f7-843b-47b7-a811-28c15b00651f","game":"7dtd","world_id":"td-0d917a4eff776d999148769266591579674d2c42de6557026893a1902834f11f"},"position":{"space":"7dtd","x":-266.42315673828125,"y":61.079998016357422,"z":454.28314208984375},"rotation":{"pitch":-9.53159236907959,"roll":0,"yaw":137.28793334960938},"sequence":136,"source":"7dtd","stream_id":"d6937bfa-f41f-4a3c-87a8-c01a0755b820","type":"entity_state","version":2,"world_id":"td-0d917a4eff776d999148769266591579674d2c42de6557026893a1902834f11f"}
2026-10-03T20:17:39 210.770 INF [MC7DTD] 7DTD entity sent: {"authority":"7dtd","dimension":"7dtd:main","entity_id":"ec5d61f7-843b-47b7-a811-28c15b00651f","entity_type":"7dtd:player","lifecycle":{"event":"update"},"metadata":{},"origin":{"dimension":"7dtd:main","entity_id":"ec5d61f7-843b-47b7-a811-28c15b00651f","game":"7dtd","world_id":"td-0d917a4eff776d999148769266591579674d2c42de6557026893a1902834f11f"},"position":{"space":"7dtd","x":-268.67950439453125,"y":61.079998016357422,"z":451.86941528320313},"rotation":{"pitch":-9.28159236907959,"roll":0,"yaw":132.72543334960938},"sequence":137,"source":"7dtd","stream_id":"d6937bfa-f41f-4a3c-87a8-c01a0755b820","type":"entity_state","version":2,"world_id":"td-0d917a4eff776d999148769266591579674d2c42de6557026893a1902834f11f"}
2026-10-03T20:17:40 211.272 INF [MC7DTD] 7DTD entity sent: {"authority":"7dtd","dimension":"7dtd:main","entity_id":"ec5d61f7-843b-47b7-a811-28c15b00651f","entity_type":"7dtd:player","lifecycle":{"event":"update"},"metadata":{},"origin":{"dimension":"7dtd:main","entity_id":"ec5d61f7-843b-47b7-a811-28c15b00651f","game":"7dtd","world_id":"td-0d917a4eff776d999148769266591579674d2c42de6557026893a1902834f11f"},"position":{"space":"7dtd","x":-270.002685546875,"y":61.079998016357422,"z":449.5450439453125},"rotation":{"pitch":-8.15659236907959,"roll":0,"yaw":114.85043334960938},"sequence":138,"source":"7dtd","stream_id":"d6937bfa-f41f-4a3c-87a8-c01a0755b820","type":"entity_state","version":2,"world_id":"td-0d917a4eff776d999148769266591579674d2c42de6557026893a1902834f11f"}
2026-10-03T20:17:40 211.774 INF [MC7DTD] 7DTD entity sent: {"authority":"7dtd","dimension":"7dtd:main","entity_id":"ec5d61f7-843b-47b7-a811-28c15b00651f","entity_type":"7dtd:player","lifecycle":{"event":"update"},"metadata":{},"origin":{"dimension":"7dtd:main","entity_id":"ec5d61f7-843b-47b7-a811-28c15b00651f","game":"7dtd","world_id":"td-0d917a4eff776d999148769266591579674d2c42de6557026893a1902834f11f"},"position":{"space":"7dtd","x":-272.18838500976563,"y":61.079998016357422,"z":447.80471801757813},"rotation":{"pitch":-7.78159236907959,"roll":0,"yaw":104.66293334960938},"sequence":139,"source":"7dtd","stream_id":"d6937bfa-f41f-4a3c-87a8-c01a0755b820","type":"entity_state","version":2,"world_id":"td-0d917a4eff776d999148769266591579674d2c42de6557026893a1902834f11f"}
2026-10-03T20:17:41 212.276 INF [MC7DTD] 7DTD entity sent: {"authority":"7dtd","dimension":"7dtd:main","entity_id":"ec5d61f7-843b-47b7-a811-28c15b00651f","entity_type":"7dtd:player","lifecycle":{"event":"update"},"metadata":{},"origin":{"dimension":"7dtd:main","entity_id":"ec5d61f7-843b-47b7-a811-28c15b00651f","game":"7dtd","world_id":"td-0d917a4eff776d999148769266591579674d2c42de6557026893a1902834f11f"},"position":{"space":"7dtd","x":-273.03359985351563,"y":61.079998016357422,"z":446.87515258789063},"rotation":{"pitch":-7.03159236907959,"roll":0,"yaw":101.41293334960938},"sequence":140,"source":"7dtd","stream_id":"d6937bfa-f41f-4a3c-87a8-c01a0755b820","type":"entity_state","version":2,"world_id":"td-0d917a4eff776d999148769266591579674d2c42de6557026893a1902834f11f"}
2026-10-03T20:17:41 212.780 INF [MC7DTD] 7DTD entity sent: {"authority":"7dtd","dimension":"7dtd:main","entity_id":"ec5d61f7-843b-47b7-a811-28c15b00651f","entity_type":"7dtd:player","lifecycle":{"event":"update"},"metadata":{},"origin":{"dimension":"7dtd:main","entity_id":"ec5d61f7-843b-47b7-a811-28c15b00651f","game":"7dtd","world_id":"td-0d917a4eff776d999148769266591579674d2c42de6557026893a1902834f11f"},"position":{"space":"7dtd","x":-273.03436279296875,"y":61.079998016357422,"z":446.87322998046875},"rotation":{"pitch":-7.03159236907959,"roll":0,"yaw":101.41293334960938},"sequence":141,"source":"7dtd","stream_id":"d6937bfa-f41f-4a3c-87a8-c01a0755b820","type":"entity_state","version":2,"world_id":"td-0d917a4eff776d999148769266591579674d2c42de6557026893a1902834f11f"}
2026-10-03T20:17:42 213.281 INF [MC7DTD] 7DTD entity sent: {"authority":"7dtd","dimension":"7dtd:main","entity_id":"ec5d61f7-843b-47b7-a811-28c15b00651f","entity_type":"7dtd:player","lifecycle":{"event":"update"},"metadata":{},"origin":{"dimension":"7dtd:main","entity_id":"ec5d61f7-843b-47b7-a811-28c15b00651f","game":"7dtd","world_id":"td-0d917a4eff776d999148769266591579674d2c42de6557026893a1902834f11f"},"position":{"space":"7dtd","x":-273.03436279296875,"y":61.079998016357422,"z":446.87322998046875},"rotation":{"pitch":-7.03159236907959,"roll":0,"yaw":101.41293334960938},"sequence":142,"source":"7dtd","stream_id":"d6937bfa-f41f-4a3c-87a8-c01a0755b820","type":"entity_state","version":2,"world_id":"td-0d917a4eff776d999148769266591579674d2c42de6557026893a1902834f11f"}
2026-10-03T20:17:42 213.784 INF [MC7DTD] 7DTD entity sent: {"authority":"7dtd","dimension":"7dtd:main","entity_id":"ec5d61f7-843b-47b7-a811-28c15b00651f","entity_type":"7dtd:player","lifecycle":{"event":"update"},"metadata":{},"origin":{"dimension":"7dtd:main","entity_id":"ec5d61f7-843b-47b7-a811-28c15b00651f","game":"7dtd","world_id":"td-0d917a4eff776d999148769266591579674d2c42de6557026893a1902834f11f"},"position":{"space":"7dtd","x":-273.03436279296875,"y":61.079998016357422,"z":446.87322998046875},"rotation":{"pitch":-7.03159236907959,"roll":0,"yaw":101.41293334960938},"sequence":143,"source":"7dtd","stream_id":"d6937bfa-f41f-4a3c-87a8-c01a0755b820","type":"entity_state","version":2,"world_id":"td-0d917a4eff776d999148769266591579674d2c42de6557026893a1902834f11f"}
2026-10-03T20:17:43 214.286 INF [MC7DTD] 7DTD entity sent: {"authority":"7dtd","dimension":"7dtd:main","entity_id":"ec5d61f7-843b-47b7-a811-28c15b00651f","entity_type":"7dtd:player","lifecycle":{"event":"update"},"metadata":{},"origin":{"dimension":"7dtd:main","entity_id":"ec5d61f7-843b-47b7-a811-28c15b00651f","game":"7dtd","world_id":"td-0d917a4eff776d999148769266591579674d2c42de6557026893a1902834f11f"},"position":{"space":"7dtd","x":-273.03436279296875,"y":61.079998016357422,"z":446.87322998046875},"rotation":{"pitch":-7.03159236907959,"roll":0,"yaw":101.41293334960938},"sequence":144,"source":"7dtd","stream_id":"d6937bfa-f41f-4a3c-87a8-c01a0755b820","type":"entity_state","version":2,"world_id":"td-0d917a4eff776d999148769266591579674d2c42de6557026893a1902834f11f"}
2026-10-03T20:17:43 214.787 INF [MC7DTD] 7DTD entity sent: {"authority":"7dtd","dimension":"7dtd:main","entity_id":"ec5d61f7-843b-47b7-a811-28c15b00651f","entity_type":"7dtd:player","lifecycle":{"event":"update"},"metadata":{},"origin":{"dimension":"7dtd:main","entity_id":"ec5d61f7-843b-47b7-a811-28c15b00651f","game":"7dtd","world_id":"td-0d917a4eff776d999148769266591579674d2c42de6557026893a1902834f11f"},"position":{"space":"7dtd","x":-273.03436279296875,"y":61.079998016357422,"z":446.87322998046875},"rotation":{"pitch":-7.03159236907959,"roll":0,"yaw":101.41293334960938},"sequence":145,"source":"7dtd","stream_id":"d6937bfa-f41f-4a3c-87a8-c01a0755b820","type":"entity_state","version":2,"world_id":"td-0d917a4eff776d999148769266591579674d2c42de6557026893a1902834f11f"}
2026-10-03T20:17:44 215.290 INF [MC7DTD] 7DTD entity sent: {"authority":"7dtd","dimension":"7dtd:main","entity_id":"ec5d61f7-843b-47b7-a811-28c15b00651f","entity_type":"7dtd:player","lifecycle":{"event":"update"},"metadata":{},"origin":{"dimension":"7dtd:main","entity_id":"ec5d61f7-843b-47b7-a811-28c15b00651f","game":"7dtd","world_id":"td-0d917a4eff776d999148769266591579674d2c42de6557026893a1902834f11f"},"position":{"space":"7dtd","x":-273.03436279296875,"y":61.079998016357422,"z":446.87322998046875},"rotation":{"pitch":-7.03159236907959,"roll":0,"yaw":101.41293334960938},"sequence":146,"source":"7dtd","stream_id":"d6937bfa-f41f-4a3c-87a8-c01a0755b820","type":"entity_state","version":2,"world_id":"td-0d917a4eff776d999148769266591579674d2c42de6557026893a1902834f11f"}
2026-10-03T20:17:44 215.792 INF [MC7DTD] 7DTD entity sent: {"authority":"7dtd","dimension":"7dtd:main","entity_id":"ec5d61f7-843b-47b7-a811-28c15b00651f","entity_type":"7dtd:player","lifecycle":{"event":"update"},"metadata":{},"origin":{"dimension":"7dtd:main","entity_id":"ec5d61f7-843b-47b7-a811-28c15b00651f","game":"7dtd","world_id":"td-0d917a4eff776d999148769266591579674d2c42de6557026893a1902834f11f"},"position":{"space":"7dtd","x":-273.03436279296875,"y":61.079998016357422,"z":446.87322998046875},"rotation":{"pitch":-7.03159236907959,"roll":0,"yaw":101.41293334960938},"sequence":147,"source":"7dtd","stream_id":"d6937bfa-f41f-4a3c-87a8-c01a0755b820","type":"entity_state","version":2,"world_id":"td-0d917a4eff776d999148769266591579674d2c42de6557026893a1902834f11f"}
2026-10-03T20:17:45 216.294 INF [MC7DTD] 7DTD entity sent: {"authority":"7dtd","dimension":"7dtd:main","entity_id":"ec5d61f7-843b-47b7-a811-28c15b00651f","entity_type":"7dtd:player","lifecycle":{"event":"update"},"metadata":{},"origin":{"dimension":"7dtd:main","entity_id":"ec5d61f7-843b-47b7-a811-28c15b00651f","game":"7dtd","world_id":"td-0d917a4eff776d999148769266591579674d2c42de6557026893a1902834f11f"},"position":{"space":"7dtd","x":-273.03436279296875,"y":61.079998016357422,"z":446.87322998046875},"rotation":{"pitch":-7.03159236907959,"roll":0,"yaw":101.41293334960938},"sequence":148,"source":"7dtd","stream_id":"d6937bfa-f41f-4a3c-87a8-c01a0755b820","type":"entity_state","version":2,"world_id":"td-0d917a4eff776d999148769266591579674d2c42de6557026893a1902834f11f"}
2026-10-03T20:17:45 216.796 INF [MC7DTD] 7DTD entity sent: {"authority":"7dtd","dimension":"7dtd:main","entity_id":"ec5d61f7-843b-47b7-a811-28c15b00651f","entity_type":"7dtd:player","lifecycle":{"event":"update"},"metadata":{},"origin":{"dimension":"7dtd:main","entity_id":"ec5d61f7-843b-47b7-a811-28c15b00651f","game":"7dtd","world_id":"td-0d917a4eff776d999148769266591579674d2c42de6557026893a1902834f11f"},"position":{"space":"7dtd","x":-273.03436279296875,"y":61.079998016357422,"z":446.87322998046875},"rotation":{"pitch":-7.03159236907959,"roll":0,"yaw":101.41293334960938},"sequence":149,"source":"7dtd","stream_id":"d6937bfa-f41f-4a3c-87a8-c01a0755b820","type":"entity_state","version":2,"world_id":"td-0d917a4eff776d999148769266591579674d2c42de6557026893a1902834f11f"}
2026-10-03T20:17:46 217.211 INF [MC7DTD] 7DTD entity sent: {"authority":"7dtd","dimension":"7dtd:main","entity_id":"ec5d61f7-843b-47b7-a811-28c15b00651f","entity_type":"7dtd:player","lifecycle":{"event":"update"},"metadata":{},"origin":{"dimension":"7dtd:main","entity_id":"ec5d61f7-843b-47b7-a811-28c15b00651f","game":"7dtd","world_id":"td-0d917a4eff776d999148769266591579674d2c42de6557026893a1902834f11f"},"position":{"space":"7dtd","x":-273.03436279296875,"y":61.079998016357422,"z":446.87322998046875},"rotation":{"pitch":-7.03159236907959,"roll":0,"yaw":101.41293334960938},"sequence":150,"source":"7dtd","stream_id":"d6937bfa-f41f-4a3c-87a8-c01a0755b820","type":"entity_state","version":2,"world_id":"td-0d917a4eff776d999148769266591579674d2c42de6557026893a1902834f11f"}
2026-10-03T20:17:46 217.714 INF [MC7DTD] 7DTD entity sent: {"authority":"7dtd","dimension":"7dtd:main","entity_id":"ec5d61f7-843b-47b7-a811-28c15b00651f","entity_type":"7dtd:player","lifecycle":{"event":"update"},"metadata":{},"origin":{"dimension":"7dtd:main","entity_id":"ec5d61f7-843b-47b7-a811-28c15b00651f","game":"7dtd","world_id":"td-0d917a4eff776d999148769266591579674d2c42de6557026893a1902834f11f"},"position":{"space":"7dtd","x":-273.03436279296875,"y":61.079998016357422,"z":446.87322998046875},"rotation":{"pitch":-7.03159236907959,"roll":0,"yaw":101.41293334960938},"sequence":151,"source":"7dtd","stream_id":"d6937bfa-f41f-4a3c-87a8-c01a0755b820","type":"entity_state","version":2,"world_id":"td-0d917a4eff776d999148769266591579674d2c42de6557026893a1902834f11f"}
2026-10-03T20:17:47 218.216 INF [MC7DTD] 7DTD entity sent: {"authority":"7dtd","dimension":"7dtd:main","entity_id":"ec5d61f7-843b-47b7-a811-28c15b00651f","entity_type":"7dtd:player","lifecycle":{"event":"update"},"metadata":{},"origin":{"dimension":"7dtd:main","entity_id":"ec5d61f7-843b-47b7-a811-28c15b00651f","game":"7dtd","world_id":"td-0d917a4eff776d999148769266591579674d2c42de6557026893a1902834f11f"},"position":{"space":"7dtd","x":-273.03436279296875,"y":61.079998016357422,"z":446.87322998046875},"rotation":{"pitch":-7.03159236907959,"roll":0,"yaw":101.41293334960938},"sequence":152,"source":"7dtd","stream_id":"d6937bfa-f41f-4a3c-87a8-c01a0755b820","type":"entity_state","version":2,"world_id":"td-0d917a4eff776d999148769266591579674d2c42de6557026893a1902834f11f"}
2026-10-03T20:17:47 218.718 INF [MC7DTD] 7DTD entity sent: {"authority":"7dtd","dimension":"7dtd:main","entity_id":"ec5d61f7-843b-47b7-a811-28c15b00651f","entity_type":"7dtd:player","lifecycle":{"event":"update"},"metadata":{},"origin":{"dimension":"7dtd:main","entity_id":"ec5d61f7-843b-47b7-a811-28c15b00651f","game":"7dtd","world_id":"td-0d917a4eff776d999148769266591579674d2c42de6557026893a1902834f11f"},"position":{"space":"7dtd","x":-273.03436279296875,"y":61.079998016357422,"z":446.87322998046875},"rotation":{"pitch":-7.03159236907959,"roll":0,"yaw":101.41293334960938},"sequence":153,"source":"7dtd","stream_id":"d6937bfa-f41f-4a3c-87a8-c01a0755b820","type":"entity_state","version":2,"world_id":"td-0d917a4eff776d999148769266591579674d2c42de6557026893a1902834f11f"}
2026-10-03T20:17:48 219.220 INF [MC7DTD] 7DTD entity sent: {"authority":"7dtd","dimension":"7dtd:main","entity_id":"ec5d61f7-843b-47b7-a811-28c15b00651f","entity_type":"7dtd:player","lifecycle":{"event":"update"},"metadata":{},"origin":{"dimension":"7dtd:main","entity_id":"ec5d61f7-843b-47b7-a811-28c15b00651f","game":"7dtd","world_id":"td-0d917a4eff776d999148769266591579674d2c42de6557026893a1902834f11f"},"position":{"space":"7dtd","x":-273.03436279296875,"y":61.079998016357422,"z":446.87322998046875},"rotation":{"pitch":-7.03159236907959,"roll":0,"yaw":101.41293334960938},"sequence":154,"source":"7dtd","stream_id":"d6937bfa-f41f-4a3c-87a8-c01a0755b820","type":"entity_state","version":2,"world_id":"td-0d917a4eff776d999148769266591579674d2c42de6557026893a1902834f11f"}
2026-10-03T20:17:48 219.531 INF 130130 EntityBackpack id 178, plyrId 171, (-274.1, 61.2, 448.8) (-18, 28), chunk True (-18, 3, 28), items 5 drinkJarBoiledWater, foodCanChili at ((-274.12, 61.25, 448.84)) : Write
2026-10-03T20:17:48 219.722 INF [MC7DTD] 7DTD entity sent: {"authority":"7dtd","dimension":"7dtd:main","entity_id":"ec5d61f7-843b-47b7-a811-28c15b00651f","entity_type":"7dtd:player","lifecycle":{"event":"update"},"metadata":{},"origin":{"dimension":"7dtd:main","entity_id":"ec5d61f7-843b-47b7-a811-28c15b00651f","game":"7dtd","world_id":"td-0d917a4eff776d999148769266591579674d2c42de6557026893a1902834f11f"},"position":{"space":"7dtd","x":-273.03436279296875,"y":61.079998016357422,"z":446.87322998046875},"rotation":{"pitch":-7.03159236907959,"roll":0,"yaw":101.41293334960938},"sequence":155,"source":"7dtd","stream_id":"d6937bfa-f41f-4a3c-87a8-c01a0755b820","type":"entity_state","version":2,"world_id":"td-0d917a4eff776d999148769266591579674d2c42de6557026893a1902834f11f"}
2026-10-03T20:17:49 220.224 INF [MC7DTD] 7DTD entity sent: {"authority":"7dtd","dimension":"7dtd:main","entity_id":"ec5d61f7-843b-47b7-a811-28c15b00651f","entity_type":"7dtd:player","lifecycle":{"event":"update"},"metadata":{},"origin":{"dimension":"7dtd:main","entity_id":"ec5d61f7-843b-47b7-a811-28c15b00651f","game":"7dtd","world_id":"td-0d917a4eff776d999148769266591579674d2c42de6557026893a1902834f11f"},"position":{"space":"7dtd","x":-273.03436279296875,"y":61.079998016357422,"z":446.87322998046875},"rotation":{"pitch":-7.03159236907959,"roll":0,"yaw":101.41293334960938},"sequence":156,"source":"7dtd","stream_id":"d6937bfa-f41f-4a3c-87a8-c01a0755b820","type":"entity_state","version":2,"world_id":"td-0d917a4eff776d999148769266591579674d2c42de6557026893a1902834f11f"}
2026-10-03T20:17:49 220.726 INF [MC7DTD] 7DTD entity sent: {"authority":"7dtd","dimension":"7dtd:main","entity_id":"ec5d61f7-843b-47b7-a811-28c15b00651f","entity_type":"7dtd:player","lifecycle":{"event":"update"},"metadata":{},"origin":{"dimension":"7dtd:main","entity_id":"ec5d61f7-843b-47b7-a811-28c15b00651f","game":"7dtd","world_id":"td-0d917a4eff776d999148769266591579674d2c42de6557026893a1902834f11f"},"position":{"space":"7dtd","x":-273.03436279296875,"y":61.079998016357422,"z":446.87322998046875},"rotation":{"pitch":-7.03159236907959,"roll":0,"yaw":101.41293334960938},"sequence":157,"source":"7dtd","stream_id":"d6937bfa-f41f-4a3c-87a8-c01a0755b820","type":"entity_state","version":2,"world_id":"td-0d917a4eff776d999148769266591579674d2c42de6557026893a1902834f11f"}
2026-10-03T20:17:50 221.228 INF [MC7DTD] 7DTD entity sent: {"authority":"7dtd","dimension":"7dtd:main","entity_id":"ec5d61f7-843b-47b7-a811-28c15b00651f","entity_type":"7dtd:player","lifecycle":{"event":"update"},"metadata":{},"origin":{"dimension":"7dtd:main","entity_id":"ec5d61f7-843b-47b7-a811-28c15b00651f","game":"7dtd","world_id":"td-0d917a4eff776d999148769266591579674d2c42de6557026893a1902834f11f"},"position":{"space":"7dtd","x":-273.03436279296875,"y":61.079998016357422,"z":446.87322998046875},"rotation":{"pitch":-7.03159236907959,"roll":0,"yaw":101.41293334960938},"sequence":158,"source":"7dtd","stream_id":"d6937bfa-f41f-4a3c-87a8-c01a0755b820","type":"entity_state","version":2,"world_id":"td-0d917a4eff776d999148769266591579674d2c42de6557026893a1902834f11f"}
2026-10-03T20:17:50 221.729 INF [MC7DTD] 7DTD entity sent: {"authority":"7dtd","dimension":"7dtd:main","entity_id":"ec5d61f7-843b-47b7-a811-28c15b00651f","entity_type":"7dtd:player","lifecycle":{"event":"update"},"metadata":{},"origin":{"dimension":"7dtd:main","entity_id":"ec5d61f7-843b-47b7-a811-28c15b00651f","game":"7dtd","world_id":"td-0d917a4eff776d999148769266591579674d2c42de6557026893a1902834f11f"},"position":{"space":"7dtd","x":-273.03436279296875,"y":61.079998016357422,"z":446.87322998046875},"rotation":{"pitch":-7.03159236907959,"roll":0,"yaw":101.41293334960938},"sequence":159,"source":"7dtd","stream_id":"d6937bfa-f41f-4a3c-87a8-c01a0755b820","type":"entity_state","version":2,"world_id":"td-0d917a4eff776d999148769266591579674d2c42de6557026893a1902834f11f"}
2026-10-03T20:17:51 222.230 INF [MC7DTD] 7DTD entity sent: {"authority":"7dtd","dimension":"7dtd:main","entity_id":"ec5d61f7-843b-47b7-a811-28c15b00651f","entity_type":"7dtd:player","lifecycle":{"event":"update"},"metadata":{},"origin":{"dimension":"7dtd:main","entity_id":"ec5d61f7-843b-47b7-a811-28c15b00651f","game":"7dtd","world_id":"td-0d917a4eff776d999148769266591579674d2c42de6557026893a1902834f11f"},"position":{"space":"7dtd","x":-273.03436279296875,"y":61.079998016357422,"z":446.87322998046875},"rotation":{"pitch":-7.03159236907959,"roll":0,"yaw":101.41293334960938},"sequence":160,"source":"7dtd","stream_id":"d6937bfa-f41f-4a3c-87a8-c01a0755b820","type":"entity_state","version":2,"world_id":"td-0d917a4eff776d999148769266591579674d2c42de6557026893a1902834f11f"}
2026-10-03T20:17:51 222.734 INF [MC7DTD] 7DTD entity sent: {"authority":"7dtd","dimension":"7dtd:main","entity_id":"ec5d61f7-843b-47b7-a811-28c15b00651f","entity_type":"7dtd:player","lifecycle":{"event":"update"},"metadata":{},"origin":{"dimension":"7dtd:main","entity_id":"ec5d61f7-843b-47b7-a811-28c15b00651f","game":"7dtd","world_id":"td-0d917a4eff776d999148769266591579674d2c42de6557026893a1902834f11f"},"position":{"space":"7dtd","x":-273.03436279296875,"y":61.079998016357422,"z":446.87322998046875},"rotation":{"pitch":-7.03159236907959,"roll":0,"yaw":101.41293334960938},"sequence":161,"source":"7dtd","stream_id":"d6937bfa-f41f-4a3c-87a8-c01a0755b820","type":"entity_state","version":2,"world_id":"td-0d917a4eff776d999148769266591579674d2c42de6557026893a1902834f11f"}
2026-10-03T20:17:52 223.235 INF [MC7DTD] 7DTD entity sent: {"authority":"7dtd","dimension":"7dtd:main","entity_id":"ec5d61f7-843b-47b7-a811-28c15b00651f","entity_type":"7dtd:player","lifecycle":{"event":"update"},"metadata":{},"origin":{"dimension":"7dtd:main","entity_id":"ec5d61f7-843b-47b7-a811-28c15b00651f","game":"7dtd","world_id":"td-0d917a4eff776d999148769266591579674d2c42de6557026893a1902834f11f"},"position":{"space":"7dtd","x":-273.03436279296875,"y":61.079998016357422,"z":446.87322998046875},"rotation":{"pitch":-7.03159236907959,"roll":0,"yaw":101.41293334960938},"sequence":162,"source":"7dtd","stream_id":"d6937bfa-f41f-4a3c-87a8-c01a0755b820","type":"entity_state","version":2,"world_id":"td-0d917a4eff776d999148769266591579674d2c42de6557026893a1902834f11f"}
2026-10-03T20:17:52 223.738 INF [MC7DTD] 7DTD entity sent: {"authority":"7dtd","dimension":"7dtd:main","entity_id":"ec5d61f7-843b-47b7-a811-28c15b00651f","entity_type":"7dtd:player","lifecycle":{"event":"update"},"metadata":{},"origin":{"dimension":"7dtd:main","entity_id":"ec5d61f7-843b-47b7-a811-28c15b00651f","game":"7dtd","world_id":"td-0d917a4eff776d999148769266591579674d2c42de6557026893a1902834f11f"},"position":{"space":"7dtd","x":-273.03436279296875,"y":61.079998016357422,"z":446.87322998046875},"rotation":{"pitch":-7.03159236907959,"roll":0,"yaw":101.41293334960938},"sequence":163,"source":"7dtd","stream_id":"d6937bfa-f41f-4a3c-87a8-c01a0755b820","type":"entity_state","version":2,"world_id":"td-0d917a4eff776d999148769266591579674d2c42de6557026893a1902834f11f"}
2026-10-03T20:17:53 224.240 INF [MC7DTD] 7DTD entity sent: {"authority":"7dtd","dimension":"7dtd:main","entity_id":"ec5d61f7-843b-47b7-a811-28c15b00651f","entity_type":"7dtd:player","lifecycle":{"event":"update"},"metadata":{},"origin":{"dimension":"7dtd:main","entity_id":"ec5d61f7-843b-47b7-a811-28c15b00651f","game":"7dtd","world_id":"td-0d917a4eff776d999148769266591579674d2c42de6557026893a1902834f11f"},"position":{"space":"7dtd","x":-273.03436279296875,"y":61.079998016357422,"z":446.87322998046875},"rotation":{"pitch":-7.03159236907959,"roll":0,"yaw":101.41293334960938},"sequence":164,"source":"7dtd","stream_id":"d6937bfa-f41f-4a3c-87a8-c01a0755b820","type":"entity_state","version":2,"world_id":"td-0d917a4eff776d999148769266591579674d2c42de6557026893a1902834f11f"}
2026-10-03T20:17:53 224.741 INF [MC7DTD] 7DTD entity sent: {"authority":"7dtd","dimension":"7dtd:main","entity_id":"ec5d61f7-843b-47b7-a811-28c15b00651f","entity_type":"7dtd:player","lifecycle":{"event":"update"},"metadata":{},"origin":{"dimension":"7dtd:main","entity_id":"ec5d61f7-843b-47b7-a811-28c15b00651f","game":"7dtd","world_id":"td-0d917a4eff776d999148769266591579674d2c42de6557026893a1902834f11f"},"position":{"space":"7dtd","x":-273.03436279296875,"y":61.079998016357422,"z":446.87322998046875},"rotation":{"pitch":-7.03159236907959,"roll":0,"yaw":101.41293334960938},"sequence":165,"source":"7dtd","stream_id":"d6937bfa-f41f-4a3c-87a8-c01a0755b820","type":"entity_state","version":2,"world_id":"td-0d917a4eff776d999148769266591579674d2c42de6557026893a1902834f11f"}
2026-10-03T20:17:54 225.243 INF [MC7DTD] 7DTD entity sent: {"authority":"7dtd","dimension":"7dtd:main","entity_id":"ec5d61f7-843b-47b7-a811-28c15b00651f","entity_type":"7dtd:player","lifecycle":{"event":"update"},"metadata":{},"origin":{"dimension":"7dtd:main","entity_id":"ec5d61f7-843b-47b7-a811-28c15b00651f","game":"7dtd","world_id":"td-0d917a4eff776d999148769266591579674d2c42de6557026893a1902834f11f"},"position":{"space":"7dtd","x":-273.03436279296875,"y":61.079998016357422,"z":446.87322998046875},"rotation":{"pitch":-7.03159236907959,"roll":0,"yaw":101.41293334960938},"sequence":166,"source":"7dtd","stream_id":"d6937bfa-f41f-4a3c-87a8-c01a0755b820","type":"entity_state","version":2,"world_id":"td-0d917a4eff776d999148769266591579674d2c42de6557026893a1902834f11f"}
2026-10-03T20:17:54 225.744 INF [MC7DTD] 7DTD entity sent: {"authority":"7dtd","dimension":"7dtd:main","entity_id":"ec5d61f7-843b-47b7-a811-28c15b00651f","entity_type":"7dtd:player","lifecycle":{"event":"update"},"metadata":{},"origin":{"dimension":"7dtd:main","entity_id":"ec5d61f7-843b-47b7-a811-28c15b00651f","game":"7dtd","world_id":"td-0d917a4eff776d999148769266591579674d2c42de6557026893a1902834f11f"},"position":{"space":"7dtd","x":-273.03436279296875,"y":61.079998016357422,"z":446.87322998046875},"rotation":{"pitch":-7.03159236907959,"roll":0,"yaw":101.41293334960938},"sequence":167,"source":"7dtd","stream_id":"d6937bfa-f41f-4a3c-87a8-c01a0755b820","type":"entity_state","version":2,"world_id":"td-0d917a4eff776d999148769266591579674d2c42de6557026893a1902834f11f"}
2026-10-03T20:17:55 226.346 INF [MC7DTD] 7DTD entity sent: {"authority":"7dtd","dimension":"7dtd:main","entity_id":"ec5d61f7-843b-47b7-a811-28c15b00651f","entity_type":"7dtd:player","lifecycle":{"event":"update"},"metadata":{},"origin":{"dimension":"7dtd:main","entity_id":"ec5d61f7-843b-47b7-a811-28c15b00651f","game":"7dtd","world_id":"td-0d917a4eff776d999148769266591579674d2c42de6557026893a1902834f11f"},"position":{"space":"7dtd","x":-273.03436279296875,"y":61.079998016357422,"z":446.87322998046875},"rotation":{"pitch":-7.03159236907959,"roll":0,"yaw":101.41293334960938},"sequence":168,"source":"7dtd","stream_id":"d6937bfa-f41f-4a3c-87a8-c01a0755b820","type":"entity_state","version":2,"world_id":"td-0d917a4eff776d999148769266591579674d2c42de6557026893a1902834f11f"}
2026-10-03T20:17:55 226.749 INF [MC7DTD] 7DTD entity sent: {"authority":"7dtd","dimension":"7dtd:main","entity_id":"ec5d61f7-843b-47b7-a811-28c15b00651f","entity_type":"7dtd:player","lifecycle":{"event":"update"},"metadata":{},"origin":{"dimension":"7dtd:main","entity_id":"ec5d61f7-843b-47b7-a811-28c15b00651f","game":"7dtd","world_id":"td-0d917a4eff776d999148769266591579674d2c42de6557026893a1902834f11f"},"position":{"space":"7dtd","x":-273.03436279296875,"y":61.079998016357422,"z":446.87322998046875},"rotation":{"pitch":-7.03159236907959,"roll":0,"yaw":101.41293334960938},"sequence":169,"source":"7dtd","stream_id":"d6937bfa-f41f-4a3c-87a8-c01a0755b820","type":"entity_state","version":2,"world_id":"td-0d917a4eff776d999148769266591579674d2c42de6557026893a1902834f11f"}
2026-10-03T20:17:56 227.251 INF [MC7DTD] 7DTD entity sent: {"authority":"7dtd","dimension":"7dtd:main","entity_id":"ec5d61f7-843b-47b7-a811-28c15b00651f","entity_type":"7dtd:player","lifecycle":{"event":"update"},"metadata":{},"origin":{"dimension":"7dtd:main","entity_id":"ec5d61f7-843b-47b7-a811-28c15b00651f","game":"7dtd","world_id":"td-0d917a4eff776d999148769266591579674d2c42de6557026893a1902834f11f"},"position":{"space":"7dtd","x":-273.03436279296875,"y":61.079998016357422,"z":446.87322998046875},"rotation":{"pitch":-7.03159236907959,"roll":0,"yaw":101.41293334960938},"sequence":170,"source":"7dtd","stream_id":"d6937bfa-f41f-4a3c-87a8-c01a0755b820","type":"entity_state","version":2,"world_id":"td-0d917a4eff776d999148769266591579674d2c42de6557026893a1902834f11f"}
2026-10-03T20:17:56 227.852 INF [MC7DTD] 7DTD entity sent: {"authority":"7dtd","dimension":"7dtd:main","entity_id":"ec5d61f7-843b-47b7-a811-28c15b00651f","entity_type":"7dtd:player","lifecycle":{"event":"update"},"metadata":{},"origin":{"dimension":"7dtd:main","entity_id":"ec5d61f7-843b-47b7-a811-28c15b00651f","game":"7dtd","world_id":"td-0d917a4eff776d999148769266591579674d2c42de6557026893a1902834f11f"},"position":{"space":"7dtd","x":-273.03436279296875,"y":61.079998016357422,"z":446.87322998046875},"rotation":{"pitch":-7.03159236907959,"roll":0,"yaw":101.41293334960938},"sequence":171,"source":"7dtd","stream_id":"d6937bfa-f41f-4a3c-87a8-c01a0755b820","type":"entity_state","version":2,"world_id":"td-0d917a4eff776d999148769266591579674d2c42de6557026893a1902834f11f"}
2026-10-03T20:17:57 228.254 INF [MC7DTD] 7DTD entity sent: {"authority":"7dtd","dimension":"7dtd:main","entity_id":"ec5d61f7-843b-47b7-a811-28c15b00651f","entity_type":"7dtd:player","lifecycle":{"event":"update"},"metadata":{},"origin":{"dimension":"7dtd:main","entity_id":"ec5d61f7-843b-47b7-a811-28c15b00651f","game":"7dtd","world_id":"td-0d917a4eff776d999148769266591579674d2c42de6557026893a1902834f11f"},"position":{"space":"7dtd","x":-273.03436279296875,"y":61.079998016357422,"z":446.87322998046875},"rotation":{"pitch":-7.03159236907959,"roll":0,"yaw":101.41293334960938},"sequence":172,"source":"7dtd","stream_id":"d6937bfa-f41f-4a3c-87a8-c01a0755b820","type":"entity_state","version":2,"world_id":"td-0d917a4eff776d999148769266591579674d2c42de6557026893a1902834f11f"}
2026-10-03T20:17:57 228.757 INF [MC7DTD] 7DTD entity sent: {"authority":"7dtd","dimension":"7dtd:main","entity_id":"ec5d61f7-843b-47b7-a811-28c15b00651f","entity_type":"7dtd:player","lifecycle":{"event":"update"},"metadata":{},"origin":{"dimension":"7dtd:main","entity_id":"ec5d61f7-843b-47b7-a811-28c15b00651f","game":"7dtd","world_id":"td-0d917a4eff776d999148769266591579674d2c42de6557026893a1902834f11f"},"position":{"space":"7dtd","x":-273.03436279296875,"y":61.079998016357422,"z":446.87322998046875},"rotation":{"pitch":-7.03159236907959,"roll":0,"yaw":101.41293334960938},"sequence":173,"source":"7dtd","stream_id":"d6937bfa-f41f-4a3c-87a8-c01a0755b820","type":"entity_state","version":2,"world_id":"td-0d917a4eff776d999148769266591579674d2c42de6557026893a1902834f11f"}
2026-10-03T20:17:58 229.260 INF [MC7DTD] 7DTD entity sent: {"authority":"7dtd","dimension":"7dtd:main","entity_id":"ec5d61f7-843b-47b7-a811-28c15b00651f","entity_type":"7dtd:player","lifecycle":{"event":"update"},"metadata":{},"origin":{"dimension":"7dtd:main","entity_id":"ec5d61f7-843b-47b7-a811-28c15b00651f","game":"7dtd","world_id":"td-0d917a4eff776d999148769266591579674d2c42de6557026893a1902834f11f"},"position":{"space":"7dtd","x":-273.03436279296875,"y":61.079998016357422,"z":446.87322998046875},"rotation":{"pitch":-7.03159236907959,"roll":0,"yaw":101.41293334960938},"sequence":174,"source":"7dtd","stream_id":"d6937bfa-f41f-4a3c-87a8-c01a0755b820","type":"entity_state","version":2,"world_id":"td-0d917a4eff776d999148769266591579674d2c42de6557026893a1902834f11f"}
2026-10-03T20:17:58 229.762 INF [MC7DTD] 7DTD entity sent: {"authority":"7dtd","dimension":"7dtd:main","entity_id":"ec5d61f7-843b-47b7-a811-28c15b00651f","entity_type":"7dtd:player","lifecycle":{"event":"update"},"metadata":{},"origin":{"dimension":"7dtd:main","entity_id":"ec5d61f7-843b-47b7-a811-28c15b00651f","game":"7dtd","world_id":"td-0d917a4eff776d999148769266591579674d2c42de6557026893a1902834f11f"},"position":{"space":"7dtd","x":-273.03436279296875,"y":61.079998016357422,"z":446.87322998046875},"rotation":{"pitch":-7.03159236907959,"roll":0,"yaw":101.41293334960938},"sequence":175,"source":"7dtd","stream_id":"d6937bfa-f41f-4a3c-87a8-c01a0755b820","type":"entity_state","version":2,"world_id":"td-0d917a4eff776d999148769266591579674d2c42de6557026893a1902834f11f"}
2026-10-03T20:17:59 230.264 INF [MC7DTD] 7DTD entity sent: {"authority":"7dtd","dimension":"7dtd:main","entity_id":"ec5d61f7-843b-47b7-a811-28c15b00651f","entity_type":"7dtd:player","lifecycle":{"event":"update"},"metadata":{},"origin":{"dimension":"7dtd:main","entity_id":"ec5d61f7-843b-47b7-a811-28c15b00651f","game":"7dtd","world_id":"td-0d917a4eff776d999148769266591579674d2c42de6557026893a1902834f11f"},"position":{"space":"7dtd","x":-273.03436279296875,"y":61.079998016357422,"z":446.87322998046875},"rotation":{"pitch":-7.03159236907959,"roll":0,"yaw":101.41293334960938},"sequence":176,"source":"7dtd","stream_id":"d6937bfa-f41f-4a3c-87a8-c01a0755b820","type":"entity_state","version":2,"world_id":"td-0d917a4eff776d999148769266591579674d2c42de6557026893a1902834f11f"}
2026-10-03T20:17:59 230.765 INF [MC7DTD] 7DTD entity sent: {"authority":"7dtd","dimension":"7dtd:main","entity_id":"ec5d61f7-843b-47b7-a811-28c15b00651f","entity_type":"7dtd:player","lifecycle":{"event":"update"},"metadata":{},"origin":{"dimension":"7dtd:main","entity_id":"ec5d61f7-843b-47b7-a811-28c15b00651f","game":"7dtd","world_id":"td-0d917a4eff776d999148769266591579674d2c42de6557026893a1902834f11f"},"position":{"space":"7dtd","x":-273.03436279296875,"y":61.079998016357422,"z":446.87322998046875},"rotation":{"pitch":-7.03159236907959,"roll":0,"yaw":101.41293334960938},"sequence":177,"source":"7dtd","stream_id":"d6937bfa-f41f-4a3c-87a8-c01a0755b820","type":"entity_state","version":2,"world_id":"td-0d917a4eff776d999148769266591579674d2c42de6557026893a1902834f11f"}
2026-10-03T20:18:00 231.368 INF [MC7DTD] 7DTD entity sent: {"authority":"7dtd","dimension":"7dtd:main","entity_id":"ec5d61f7-843b-47b7-a811-28c15b00651f","entity_type":"7dtd:player","lifecycle":{"event":"update"},"metadata":{},"origin":{"dimension":"7dtd:main","entity_id":"ec5d61f7-843b-47b7-a811-28c15b00651f","game":"7dtd","world_id":"td-0d917a4eff776d999148769266591579674d2c42de6557026893a1902834f11f"},"position":{"space":"7dtd","x":-273.03436279296875,"y":61.079998016357422,"z":446.87322998046875},"rotation":{"pitch":-7.03159236907959,"roll":0,"yaw":101.41293334960938},"sequence":178,"source":"7dtd","stream_id":"d6937bfa-f41f-4a3c-87a8-c01a0755b820","type":"entity_state","version":2,"world_id":"td-0d917a4eff776d999148769266591579674d2c42de6557026893a1902834f11f"}
2026-10-03T20:18:00 231.870 INF [MC7DTD] 7DTD entity sent: {"authority":"7dtd","dimension":"7dtd:main","entity_id":"ec5d61f7-843b-47b7-a811-28c15b00651f","entity_type":"7dtd:player","lifecycle":{"event":"update"},"metadata":{},"origin":{"dimension":"7dtd:main","entity_id":"ec5d61f7-843b-47b7-a811-28c15b00651f","game":"7dtd","world_id":"td-0d917a4eff776d999148769266591579674d2c42de6557026893a1902834f11f"},"position":{"space":"7dtd","x":-273.03436279296875,"y":61.079998016357422,"z":446.87322998046875},"rotation":{"pitch":-7.03159236907959,"roll":0,"yaw":101.41293334960938},"sequence":179,"source":"7dtd","stream_id":"d6937bfa-f41f-4a3c-87a8-c01a0755b820","type":"entity_state","version":2,"world_id":"td-0d917a4eff776d999148769266591579674d2c42de6557026893a1902834f11f"}
2026-10-03T20:18:01 232.125 INF Time: 3.64m FPS: 249.15 Heap: 2079.4MB Max: 2193.1MB Chunks: 321 CGO: 218 Ply: 1 Zom: 2 Ent: 6 (6) Items: 1 CO: 1 RSS: 4533.7MB
2026-10-03T20:18:01 232.272 INF [MC7DTD] 7DTD entity sent: {"authority":"7dtd","dimension":"7dtd:main","entity_id":"ec5d61f7-843b-47b7-a811-28c15b00651f","entity_type":"7dtd:player","lifecycle":{"event":"update"},"metadata":{},"origin":{"dimension":"7dtd:main","entity_id":"ec5d61f7-843b-47b7-a811-28c15b00651f","game":"7dtd","world_id":"td-0d917a4eff776d999148769266591579674d2c42de6557026893a1902834f11f"},"position":{"space":"7dtd","x":-273.03436279296875,"y":61.079998016357422,"z":446.87322998046875},"rotation":{"pitch":-7.03159236907959,"roll":0,"yaw":101.41293334960938},"sequence":180,"source":"7dtd","stream_id":"d6937bfa-f41f-4a3c-87a8-c01a0755b820","type":"entity_state","version":2,"world_id":"td-0d917a4eff776d999148769266591579674d2c42de6557026893a1902834f11f"}
2026-10-03T20:18:01 232.774 INF [MC7DTD] 7DTD entity sent: {"authority":"7dtd","dimension":"7dtd:main","entity_id":"ec5d61f7-843b-47b7-a811-28c15b00651f","entity_type":"7dtd:player","lifecycle":{"event":"update"},"metadata":{},"origin":{"dimension":"7dtd:main","entity_id":"ec5d61f7-843b-47b7-a811-28c15b00651f","game":"7dtd","world_id":"td-0d917a4eff776d999148769266591579674d2c42de6557026893a1902834f11f"},"position":{"space":"7dtd","x":-273.03436279296875,"y":61.079998016357422,"z":446.87322998046875},"rotation":{"pitch":-7.03159236907959,"roll":0,"yaw":101.41293334960938},"sequence":181,"source":"7dtd","stream_id":"d6937bfa-f41f-4a3c-87a8-c01a0755b820","type":"entity_state","version":2,"world_id":"td-0d917a4eff776d999148769266591579674d2c42de6557026893a1902834f11f"}
2026-10-03T20:18:02 233.276 INF [MC7DTD] 7DTD entity sent: {"authority":"7dtd","dimension":"7dtd:main","entity_id":"ec5d61f7-843b-47b7-a811-28c15b00651f","entity_type":"7dtd:player","lifecycle":{"event":"update"},"metadata":{},"origin":{"dimension":"7dtd:main","entity_id":"ec5d61f7-843b-47b7-a811-28c15b00651f","game":"7dtd","world_id":"td-0d917a4eff776d999148769266591579674d2c42de6557026893a1902834f11f"},"position":{"space":"7dtd","x":-273.03436279296875,"y":61.079998016357422,"z":446.87322998046875},"rotation":{"pitch":-7.03159236907959,"roll":0,"yaw":101.41293334960938},"sequence":182,"source":"7dtd","stream_id":"d6937bfa-f41f-4a3c-87a8-c01a0755b820","type":"entity_state","version":2,"world_id":"td-0d917a4eff776d999148769266591579674d2c42de6557026893a1902834f11f"}
2026-10-03T20:18:02 233.779 INF [MC7DTD] 7DTD entity sent: {"authority":"7dtd","dimension":"7dtd:main","entity_id":"ec5d61f7-843b-47b7-a811-28c15b00651f","entity_type":"7dtd:player","lifecycle":{"event":"update"},"metadata":{},"origin":{"dimension":"7dtd:main","entity_id":"ec5d61f7-843b-47b7-a811-28c15b00651f","game":"7dtd","world_id":"td-0d917a4eff776d999148769266591579674d2c42de6557026893a1902834f11f"},"position":{"space":"7dtd","x":-273.03436279296875,"y":61.079998016357422,"z":446.87322998046875},"rotation":{"pitch":-7.03159236907959,"roll":0,"yaw":101.41293334960938},"sequence":183,"source":"7dtd","stream_id":"d6937bfa-f41f-4a3c-87a8-c01a0755b820","type":"entity_state","version":2,"world_id":"td-0d917a4eff776d999148769266591579674d2c42de6557026893a1902834f11f"}
2026-10-03T20:18:03 234.381 INF [MC7DTD] 7DTD entity sent: {"authority":"7dtd","dimension":"7dtd:main","entity_id":"ec5d61f7-843b-47b7-a811-28c15b00651f","entity_type":"7dtd:player","lifecycle":{"event":"update"},"metadata":{},"origin":{"dimension":"7dtd:main","entity_id":"ec5d61f7-843b-47b7-a811-28c15b00651f","game":"7dtd","world_id":"td-0d917a4eff776d999148769266591579674d2c42de6557026893a1902834f11f"},"position":{"space":"7dtd","x":-273.03436279296875,"y":61.079998016357422,"z":446.87322998046875},"rotation":{"pitch":-7.03159236907959,"roll":0,"yaw":101.41293334960938},"sequence":184,"source":"7dtd","stream_id":"d6937bfa-f41f-4a3c-87a8-c01a0755b820","type":"entity_state","version":2,"world_id":"td-0d917a4eff776d999148769266591579674d2c42de6557026893a1902834f11f"}
2026-10-03T20:18:03 234.882 INF [MC7DTD] 7DTD entity sent: {"authority":"7dtd","dimension":"7dtd:main","entity_id":"ec5d61f7-843b-47b7-a811-28c15b00651f","entity_type":"7dtd:player","lifecycle":{"event":"update"},"metadata":{},"origin":{"dimension":"7dtd:main","entity_id":"ec5d61f7-843b-47b7-a811-28c15b00651f","game":"7dtd","world_id":"td-0d917a4eff776d999148769266591579674d2c42de6557026893a1902834f11f"},"position":{"space":"7dtd","x":-273.03436279296875,"y":61.079998016357422,"z":446.87322998046875},"rotation":{"pitch":-7.03159236907959,"roll":0,"yaw":101.41293334960938},"sequence":185,"source":"7dtd","stream_id":"d6937bfa-f41f-4a3c-87a8-c01a0755b820","type":"entity_state","version":2,"world_id":"td-0d917a4eff776d999148769266591579674d2c42de6557026893a1902834f11f"}
2026-10-03T20:18:04 235.384 INF [MC7DTD] 7DTD entity sent: {"authority":"7dtd","dimension":"7dtd:main","entity_id":"ec5d61f7-843b-47b7-a811-28c15b00651f","entity_type":"7dtd:player","lifecycle":{"event":"update"},"metadata":{},"origin":{"dimension":"7dtd:main","entity_id":"ec5d61f7-843b-47b7-a811-28c15b00651f","game":"7dtd","world_id":"td-0d917a4eff776d999148769266591579674d2c42de6557026893a1902834f11f"},"position":{"space":"7dtd","x":-273.03436279296875,"y":61.079998016357422,"z":446.87322998046875},"rotation":{"pitch":-7.03159236907959,"roll":0,"yaw":101.41293334960938},"sequence":186,"source":"7dtd","stream_id":"d6937bfa-f41f-4a3c-87a8-c01a0755b820","type":"entity_state","version":2,"world_id":"td-0d917a4eff776d999148769266591579674d2c42de6557026893a1902834f11f"}
2026-10-03T20:18:04 235.886 INF [MC7DTD] 7DTD entity sent: {"authority":"7dtd","dimension":"7dtd:main","entity_id":"ec5d61f7-843b-47b7-a811-28c15b00651f","entity_type":"7dtd:player","lifecycle":{"event":"update"},"metadata":{},"origin":{"dimension":"7dtd:main","entity_id":"ec5d61f7-843b-47b7-a811-28c15b00651f","game":"7dtd","world_id":"td-0d917a4eff776d999148769266591579674d2c42de6557026893a1902834f11f"},"position":{"space":"7dtd","x":-273.03436279296875,"y":61.079998016357422,"z":446.87322998046875},"rotation":{"pitch":-7.03159236907959,"roll":0,"yaw":101.41293334960938},"sequence":187,"source":"7dtd","stream_id":"d6937bfa-f41f-4a3c-87a8-c01a0755b820","type":"entity_state","version":2,"world_id":"td-0d917a4eff776d999148769266591579674d2c42de6557026893a1902834f11f"}
2026-10-03T20:18:05 236.389 INF [MC7DTD] 7DTD entity sent: {"authority":"7dtd","dimension":"7dtd:main","entity_id":"ec5d61f7-843b-47b7-a811-28c15b00651f","entity_type":"7dtd:player","lifecycle":{"event":"update"},"metadata":{},"origin":{"dimension":"7dtd:main","entity_id":"ec5d61f7-843b-47b7-a811-28c15b00651f","game":"7dtd","world_id":"td-0d917a4eff776d999148769266591579674d2c42de6557026893a1902834f11f"},"position":{"space":"7dtd","x":-273.03436279296875,"y":61.079998016357422,"z":446.87322998046875},"rotation":{"pitch":-7.03159236907959,"roll":0,"yaw":101.41293334960938},"sequence":188,"source":"7dtd","stream_id":"d6937bfa-f41f-4a3c-87a8-c01a0755b820","type":"entity_state","version":2,"world_id":"td-0d917a4eff776d999148769266591579674d2c42de6557026893a1902834f11f"}
2026-10-03T20:18:05 236.890 INF [MC7DTD] 7DTD entity sent: {"authority":"7dtd","dimension":"7dtd:main","entity_id":"ec5d61f7-843b-47b7-a811-28c15b00651f","entity_type":"7dtd:player","lifecycle":{"event":"update"},"metadata":{},"origin":{"dimension":"7dtd:main","entity_id":"ec5d61f7-843b-47b7-a811-28c15b00651f","game":"7dtd","world_id":"td-0d917a4eff776d999148769266591579674d2c42de6557026893a1902834f11f"},"position":{"space":"7dtd","x":-273.03436279296875,"y":61.079998016357422,"z":446.87322998046875},"rotation":{"pitch":-7.03159236907959,"roll":0,"yaw":101.41293334960938},"sequence":189,"source":"7dtd","stream_id":"d6937bfa-f41f-4a3c-87a8-c01a0755b820","type":"entity_state","version":2,"world_id":"td-0d917a4eff776d999148769266591579674d2c42de6557026893a1902834f11f"}
2026-10-03T20:18:06 237.392 INF [MC7DTD] 7DTD entity sent: {"authority":"7dtd","dimension":"7dtd:main","entity_id":"ec5d61f7-843b-47b7-a811-28c15b00651f","entity_type":"7dtd:player","lifecycle":{"event":"update"},"metadata":{},"origin":{"dimension":"7dtd:main","entity_id":"ec5d61f7-843b-47b7-a811-28c15b00651f","game":"7dtd","world_id":"td-0d917a4eff776d999148769266591579674d2c42de6557026893a1902834f11f"},"position":{"space":"7dtd","x":-273.03436279296875,"y":61.079998016357422,"z":446.87322998046875},"rotation":{"pitch":-7.03159236907959,"roll":0,"yaw":101.41293334960938},"sequence":190,"source":"7dtd","stream_id":"d6937bfa-f41f-4a3c-87a8-c01a0755b820","type":"entity_state","version":2,"world_id":"td-0d917a4eff776d999148769266591579674d2c42de6557026893a1902834f11f"}
2026-10-03T20:18:06 237.893 INF [MC7DTD] 7DTD entity sent: {"authority":"7dtd","dimension":"7dtd:main","entity_id":"ec5d61f7-843b-47b7-a811-28c15b00651f","entity_type":"7dtd:player","lifecycle":{"event":"update"},"metadata":{},"origin":{"dimension":"7dtd:main","entity_id":"ec5d61f7-843b-47b7-a811-28c15b00651f","game":"7dtd","world_id":"td-0d917a4eff776d999148769266591579674d2c42de6557026893a1902834f11f"},"position":{"space":"7dtd","x":-273.03436279296875,"y":61.079998016357422,"z":446.87322998046875},"rotation":{"pitch":-7.03159236907959,"roll":0,"yaw":101.41293334960938},"sequence":191,"source":"7dtd","stream_id":"d6937bfa-f41f-4a3c-87a8-c01a0755b820","type":"entity_state","version":2,"world_id":"td-0d917a4eff776d999148769266591579674d2c42de6557026893a1902834f11f"}
2026-10-03T20:18:07 238.395 INF [MC7DTD] 7DTD entity sent: {"authority":"7dtd","dimension":"7dtd:main","entity_id":"ec5d61f7-843b-47b7-a811-28c15b00651f","entity_type":"7dtd:player","lifecycle":{"event":"update"},"metadata":{},"origin":{"dimension":"7dtd:main","entity_id":"ec5d61f7-843b-47b7-a811-28c15b00651f","game":"7dtd","world_id":"td-0d917a4eff776d999148769266591579674d2c42de6557026893a1902834f11f"},"position":{"space":"7dtd","x":-273.03436279296875,"y":61.079998016357422,"z":446.87322998046875},"rotation":{"pitch":-7.03159236907959,"roll":0,"yaw":101.41293334960938},"sequence":192,"source":"7dtd","stream_id":"d6937bfa-f41f-4a3c-87a8-c01a0755b820","type":"entity_state","version":2,"world_id":"td-0d917a4eff776d999148769266591579674d2c42de6557026893a1902834f11f"}
2026-10-03T20:18:07 238.797 INF [MC7DTD] 7DTD entity sent: {"authority":"7dtd","dimension":"7dtd:main","entity_id":"ec5d61f7-843b-47b7-a811-28c15b00651f","entity_type":"7dtd:player","lifecycle":{"event":"update"},"metadata":{},"origin":{"dimension":"7dtd:main","entity_id":"ec5d61f7-843b-47b7-a811-28c15b00651f","game":"7dtd","world_id":"td-0d917a4eff776d999148769266591579674d2c42de6557026893a1902834f11f"},"position":{"space":"7dtd","x":-273.03436279296875,"y":61.079998016357422,"z":446.87322998046875},"rotation":{"pitch":-7.03159236907959,"roll":0,"yaw":101.41293334960938},"sequence":193,"source":"7dtd","stream_id":"d6937bfa-f41f-4a3c-87a8-c01a0755b820","type":"entity_state","version":2,"world_id":"td-0d917a4eff776d999148769266591579674d2c42de6557026893a1902834f11f"}
2026-10-03T20:18:08 239.299 INF [MC7DTD] 7DTD entity sent: {"authority":"7dtd","dimension":"7dtd:main","entity_id":"ec5d61f7-843b-47b7-a811-28c15b00651f","entity_type":"7dtd:player","lifecycle":{"event":"update"},"metadata":{},"origin":{"dimension":"7dtd:main","entity_id":"ec5d61f7-843b-47b7-a811-28c15b00651f","game":"7dtd","world_id":"td-0d917a4eff776d999148769266591579674d2c42de6557026893a1902834f11f"},"position":{"space":"7dtd","x":-273.03436279296875,"y":61.079998016357422,"z":446.87322998046875},"rotation":{"pitch":-7.03159236907959,"roll":0,"yaw":101.41293334960938},"sequence":194,"source":"7dtd","stream_id":"d6937bfa-f41f-4a3c-87a8-c01a0755b820","type":"entity_state","version":2,"world_id":"td-0d917a4eff776d999148769266591579674d2c42de6557026893a1902834f11f"}
2026-10-03T20:18:08 239.800 INF [MC7DTD] 7DTD entity sent: {"authority":"7dtd","dimension":"7dtd:main","entity_id":"ec5d61f7-843b-47b7-a811-28c15b00651f","entity_type":"7dtd:player","lifecycle":{"event":"update"},"metadata":{},"origin":{"dimension":"7dtd:main","entity_id":"ec5d61f7-843b-47b7-a811-28c15b00651f","game":"7dtd","world_id":"td-0d917a4eff776d999148769266591579674d2c42de6557026893a1902834f11f"},"position":{"space":"7dtd","x":-273.03436279296875,"y":61.079998016357422,"z":446.87322998046875},"rotation":{"pitch":-7.03159236907959,"roll":0,"yaw":101.41293334960938},"sequence":195,"source":"7dtd","stream_id":"d6937bfa-f41f-4a3c-87a8-c01a0755b820","type":"entity_state","version":2,"world_id":"td-0d917a4eff776d999148769266591579674d2c42de6557026893a1902834f11f"}
2026-10-03T20:18:09 240.302 INF [MC7DTD] 7DTD entity sent: {"authority":"7dtd","dimension":"7dtd:main","entity_id":"ec5d61f7-843b-47b7-a811-28c15b00651f","entity_type":"7dtd:player","lifecycle":{"event":"update"},"metadata":{},"origin":{"dimension":"7dtd:main","entity_id":"ec5d61f7-843b-47b7-a811-28c15b00651f","game":"7dtd","world_id":"td-0d917a4eff776d999148769266591579674d2c42de6557026893a1902834f11f"},"position":{"space":"7dtd","x":-273.03436279296875,"y":61.079998016357422,"z":446.87322998046875},"rotation":{"pitch":-7.03159236907959,"roll":0,"yaw":101.41293334960938},"sequence":196,"source":"7dtd","stream_id":"d6937bfa-f41f-4a3c-87a8-c01a0755b820","type":"entity_state","version":2,"world_id":"td-0d917a4eff776d999148769266591579674d2c42de6557026893a1902834f11f"}
2026-10-03T20:18:09 240.803 INF [MC7DTD] 7DTD entity sent: {"authority":"7dtd","dimension":"7dtd:main","entity_id":"ec5d61f7-843b-47b7-a811-28c15b00651f","entity_type":"7dtd:player","lifecycle":{"event":"update"},"metadata":{},"origin":{"dimension":"7dtd:main","entity_id":"ec5d61f7-843b-47b7-a811-28c15b00651f","game":"7dtd","world_id":"td-0d917a4eff776d999148769266591579674d2c42de6557026893a1902834f11f"},"position":{"space":"7dtd","x":-273.03436279296875,"y":61.079998016357422,"z":446.87322998046875},"rotation":{"pitch":-7.03159236907959,"roll":0,"yaw":101.41293334960938},"sequence":197,"source":"7dtd","stream_id":"d6937bfa-f41f-4a3c-87a8-c01a0755b820","type":"entity_state","version":2,"world_id":"td-0d917a4eff776d999148769266591579674d2c42de6557026893a1902834f11f"}
2026-10-03T20:18:10 241.305 INF [MC7DTD] 7DTD entity sent: {"authority":"7dtd","dimension":"7dtd:main","entity_id":"ec5d61f7-843b-47b7-a811-28c15b00651f","entity_type":"7dtd:player","lifecycle":{"event":"update"},"metadata":{},"origin":{"dimension":"7dtd:main","entity_id":"ec5d61f7-843b-47b7-a811-28c15b00651f","game":"7dtd","world_id":"td-0d917a4eff776d999148769266591579674d2c42de6557026893a1902834f11f"},"position":{"space":"7dtd","x":-273.03436279296875,"y":61.079998016357422,"z":446.87322998046875},"rotation":{"pitch":-7.03159236907959,"roll":0,"yaw":101.41293334960938},"sequence":198,"source":"7dtd","stream_id":"d6937bfa-f41f-4a3c-87a8-c01a0755b820","type":"entity_state","version":2,"world_id":"td-0d917a4eff776d999148769266591579674d2c42de6557026893a1902834f11f"}
2026-10-03T20:18:10 241.806 INF [MC7DTD] 7DTD entity sent: {"authority":"7dtd","dimension":"7dtd:main","entity_id":"ec5d61f7-843b-47b7-a811-28c15b00651f","entity_type":"7dtd:player","lifecycle":{"event":"update"},"metadata":{},"origin":{"dimension":"7dtd:main","entity_id":"ec5d61f7-843b-47b7-a811-28c15b00651f","game":"7dtd","world_id":"td-0d917a4eff776d999148769266591579674d2c42de6557026893a1902834f11f"},"position":{"space":"7dtd","x":-273.03436279296875,"y":61.079998016357422,"z":446.87322998046875},"rotation":{"pitch":-7.03159236907959,"roll":0,"yaw":101.41293334960938},"sequence":199,"source":"7dtd","stream_id":"d6937bfa-f41f-4a3c-87a8-c01a0755b820","type":"entity_state","version":2,"world_id":"td-0d917a4eff776d999148769266591579674d2c42de6557026893a1902834f11f"}
2026-10-03T20:18:11 242.310 INF [MC7DTD] 7DTD entity sent: {"authority":"7dtd","dimension":"7dtd:main","entity_id":"ec5d61f7-843b-47b7-a811-28c15b00651f","entity_type":"7dtd:player","lifecycle":{"event":"update"},"metadata":{},"origin":{"dimension":"7dtd:main","entity_id":"ec5d61f7-843b-47b7-a811-28c15b00651f","game":"7dtd","world_id":"td-0d917a4eff776d999148769266591579674d2c42de6557026893a1902834f11f"},"position":{"space":"7dtd","x":-273.03436279296875,"y":61.079998016357422,"z":446.87322998046875},"rotation":{"pitch":-7.03159236907959,"roll":0,"yaw":101.41293334960938},"sequence":200,"source":"7dtd","stream_id":"d6937bfa-f41f-4a3c-87a8-c01a0755b820","type":"entity_state","version":2,"world_id":"td-0d917a4eff776d999148769266591579674d2c42de6557026893a1902834f11f"}
2026-10-03T20:18:11 242.811 INF [MC7DTD] 7DTD entity sent: {"authority":"7dtd","dimension":"7dtd:main","entity_id":"ec5d61f7-843b-47b7-a811-28c15b00651f","entity_type":"7dtd:player","lifecycle":{"event":"update"},"metadata":{},"origin":{"dimension":"7dtd:main","entity_id":"ec5d61f7-843b-47b7-a811-28c15b00651f","game":"7dtd","world_id":"td-0d917a4eff776d999148769266591579674d2c42de6557026893a1902834f11f"},"position":{"space":"7dtd","x":-273.03436279296875,"y":61.079998016357422,"z":446.87322998046875},"rotation":{"pitch":-7.03159236907959,"roll":0,"yaw":101.41293334960938},"sequence":201,"source":"7dtd","stream_id":"d6937bfa-f41f-4a3c-87a8-c01a0755b820","type":"entity_state","version":2,"world_id":"td-0d917a4eff776d999148769266591579674d2c42de6557026893a1902834f11f"}
2026-10-03T20:18:12 243.313 INF [MC7DTD] 7DTD entity sent: {"authority":"7dtd","dimension":"7dtd:main","entity_id":"ec5d61f7-843b-47b7-a811-28c15b00651f","entity_type":"7dtd:player","lifecycle":{"event":"update"},"metadata":{},"origin":{"dimension":"7dtd:main","entity_id":"ec5d61f7-843b-47b7-a811-28c15b00651f","game":"7dtd","world_id":"td-0d917a4eff776d999148769266591579674d2c42de6557026893a1902834f11f"},"position":{"space":"7dtd","x":-273.03436279296875,"y":61.079998016357422,"z":446.87322998046875},"rotation":{"pitch":-7.03159236907959,"roll":0,"yaw":101.41293334960938},"sequence":202,"source":"7dtd","stream_id":"d6937bfa-f41f-4a3c-87a8-c01a0755b820","type":"entity_state","version":2,"world_id":"td-0d917a4eff776d999148769266591579674d2c42de6557026893a1902834f11f"}
2026-10-03T20:18:12 243.915 INF [MC7DTD] 7DTD entity sent: {"authority":"7dtd","dimension":"7dtd:main","entity_id":"ec5d61f7-843b-47b7-a811-28c15b00651f","entity_type":"7dtd:player","lifecycle":{"event":"update"},"metadata":{},"origin":{"dimension":"7dtd:main","entity_id":"ec5d61f7-843b-47b7-a811-28c15b00651f","game":"7dtd","world_id":"td-0d917a4eff776d999148769266591579674d2c42de6557026893a1902834f11f"},"position":{"space":"7dtd","x":-273.03436279296875,"y":61.079998016357422,"z":446.87322998046875},"rotation":{"pitch":-7.03159236907959,"roll":0,"yaw":101.41293334960938},"sequence":203,"source":"7dtd","stream_id":"d6937bfa-f41f-4a3c-87a8-c01a0755b820","type":"entity_state","version":2,"world_id":"td-0d917a4eff776d999148769266591579674d2c42de6557026893a1902834f11f"}
2026-10-03T20:18:13 244.417 INF [MC7DTD] 7DTD entity sent: {"authority":"7dtd","dimension":"7dtd:main","entity_id":"ec5d61f7-843b-47b7-a811-28c15b00651f","entity_type":"7dtd:player","lifecycle":{"event":"update"},"metadata":{},"origin":{"dimension":"7dtd:main","entity_id":"ec5d61f7-843b-47b7-a811-28c15b00651f","game":"7dtd","world_id":"td-0d917a4eff776d999148769266591579674d2c42de6557026893a1902834f11f"},"position":{"space":"7dtd","x":-273.03436279296875,"y":61.079998016357422,"z":446.87322998046875},"rotation":{"pitch":-7.03159236907959,"roll":0,"yaw":101.41293334960938},"sequence":204,"source":"7dtd","stream_id":"d6937bfa-f41f-4a3c-87a8-c01a0755b820","type":"entity_state","version":2,"world_id":"td-0d917a4eff776d999148769266591579674d2c42de6557026893a1902834f11f"}
2026-10-03T20:18:13 244.919 INF [MC7DTD] 7DTD entity sent: {"authority":"7dtd","dimension":"7dtd:main","entity_id":"ec5d61f7-843b-47b7-a811-28c15b00651f","entity_type":"7dtd:player","lifecycle":{"event":"update"},"metadata":{},"origin":{"dimension":"7dtd:main","entity_id":"ec5d61f7-843b-47b7-a811-28c15b00651f","game":"7dtd","world_id":"td-0d917a4eff776d999148769266591579674d2c42de6557026893a1902834f11f"},"position":{"space":"7dtd","x":-273.03436279296875,"y":61.079998016357422,"z":446.87322998046875},"rotation":{"pitch":-7.03159236907959,"roll":0,"yaw":101.41293334960938},"sequence":205,"source":"7dtd","stream_id":"d6937bfa-f41f-4a3c-87a8-c01a0755b820","type":"entity_state","version":2,"world_id":"td-0d917a4eff776d999148769266591579674d2c42de6557026893a1902834f11f"}
2026-10-03T20:18:14 245.421 INF [MC7DTD] 7DTD entity sent: {"authority":"7dtd","dimension":"7dtd:main","entity_id":"ec5d61f7-843b-47b7-a811-28c15b00651f","entity_type":"7dtd:player","lifecycle":{"event":"update"},"metadata":{},"origin":{"dimension":"7dtd:main","entity_id":"ec5d61f7-843b-47b7-a811-28c15b00651f","game":"7dtd","world_id":"td-0d917a4eff776d999148769266591579674d2c42de6557026893a1902834f11f"},"position":{"space":"7dtd","x":-273.03436279296875,"y":61.079998016357422,"z":446.87322998046875},"rotation":{"pitch":-7.03159236907959,"roll":0,"yaw":101.41293334960938},"sequence":206,"source":"7dtd","stream_id":"d6937bfa-f41f-4a3c-87a8-c01a0755b820","type":"entity_state","version":2,"world_id":"td-0d917a4eff776d999148769266591579674d2c42de6557026893a1902834f11f"}
2026-10-03T20:18:14 245.531 INF 136620 EntityBackpack id 178, plyrId 171, (-274.1, 61.2, 448.8) (-18, 28), chunk True (-18, 3, 28), items 5 drinkJarBoiledWater, foodCanChili at ((-274.12, 61.25, 448.84)) : Write
2026-10-03T20:18:14 245.923 INF [MC7DTD] 7DTD entity sent: {"authority":"7dtd","dimension":"7dtd:main","entity_id":"ec5d61f7-843b-47b7-a811-28c15b00651f","entity_type":"7dtd:player","lifecycle":{"event":"update"},"metadata":{},"origin":{"dimension":"7dtd:main","entity_id":"ec5d61f7-843b-47b7-a811-28c15b00651f","game":"7dtd","world_id":"td-0d917a4eff776d999148769266591579674d2c42de6557026893a1902834f11f"},"position":{"space":"7dtd","x":-273.03436279296875,"y":61.079998016357422,"z":446.87322998046875},"rotation":{"pitch":-7.03159236907959,"roll":0,"yaw":101.41293334960938},"sequence":207,"source":"7dtd","stream_id":"d6937bfa-f41f-4a3c-87a8-c01a0755b820","type":"entity_state","version":2,"world_id":"td-0d917a4eff776d999148769266591579674d2c42de6557026893a1902834f11f"}
2026-10-03T20:18:15 246.426 INF [MC7DTD] 7DTD entity sent: {"authority":"7dtd","dimension":"7dtd:main","entity_id":"ec5d61f7-843b-47b7-a811-28c15b00651f","entity_type":"7dtd:player","lifecycle":{"event":"update"},"metadata":{},"origin":{"dimension":"7dtd:main","entity_id":"ec5d61f7-843b-47b7-a811-28c15b00651f","game":"7dtd","world_id":"td-0d917a4eff776d999148769266591579674d2c42de6557026893a1902834f11f"},"position":{"space":"7dtd","x":-273.03436279296875,"y":61.079998016357422,"z":446.87322998046875},"rotation":{"pitch":-7.03159236907959,"roll":0,"yaw":101.41293334960938},"sequence":208,"source":"7dtd","stream_id":"d6937bfa-f41f-4a3c-87a8-c01a0755b820","type":"entity_state","version":2,"world_id":"td-0d917a4eff776d999148769266591579674d2c42de6557026893a1902834f11f"}
2026-10-03T20:18:15 246.928 INF [MC7DTD] 7DTD entity sent: {"authority":"7dtd","dimension":"7dtd:main","entity_id":"ec5d61f7-843b-47b7-a811-28c15b00651f","entity_type":"7dtd:player","lifecycle":{"event":"update"},"metadata":{},"origin":{"dimension":"7dtd:main","entity_id":"ec5d61f7-843b-47b7-a811-28c15b00651f","game":"7dtd","world_id":"td-0d917a4eff776d999148769266591579674d2c42de6557026893a1902834f11f"},"position":{"space":"7dtd","x":-273.03436279296875,"y":61.079998016357422,"z":446.87322998046875},"rotation":{"pitch":-7.03159236907959,"roll":0,"yaw":101.41293334960938},"sequence":209,"source":"7dtd","stream_id":"d6937bfa-f41f-4a3c-87a8-c01a0755b820","type":"entity_state","version":2,"world_id":"td-0d917a4eff776d999148769266591579674d2c42de6557026893a1902834f11f"}
2026-10-03T20:18:16 247.430 INF [MC7DTD] 7DTD entity sent: {"authority":"7dtd","dimension":"7dtd:main","entity_id":"ec5d61f7-843b-47b7-a811-28c15b00651f","entity_type":"7dtd:player","lifecycle":{"event":"update"},"metadata":{},"origin":{"dimension":"7dtd:main","entity_id":"ec5d61f7-843b-47b7-a811-28c15b00651f","game":"7dtd","world_id":"td-0d917a4eff776d999148769266591579674d2c42de6557026893a1902834f11f"},"position":{"space":"7dtd","x":-273.03436279296875,"y":61.079998016357422,"z":446.87322998046875},"rotation":{"pitch":-7.03159236907959,"roll":0,"yaw":101.41293334960938},"sequence":210,"source":"7dtd","stream_id":"d6937bfa-f41f-4a3c-87a8-c01a0755b820","type":"entity_state","version":2,"world_id":"td-0d917a4eff776d999148769266591579674d2c42de6557026893a1902834f11f"}
2026-10-03T20:18:16 247.931 INF [MC7DTD] 7DTD entity sent: {"authority":"7dtd","dimension":"7dtd:main","entity_id":"ec5d61f7-843b-47b7-a811-28c15b00651f","entity_type":"7dtd:player","lifecycle":{"event":"update"},"metadata":{},"origin":{"dimension":"7dtd:main","entity_id":"ec5d61f7-843b-47b7-a811-28c15b00651f","game":"7dtd","world_id":"td-0d917a4eff776d999148769266591579674d2c42de6557026893a1902834f11f"},"position":{"space":"7dtd","x":-273.03436279296875,"y":61.079998016357422,"z":446.87322998046875},"rotation":{"pitch":-7.03159236907959,"roll":0,"yaw":101.41293334960938},"sequence":211,"source":"7dtd","stream_id":"d6937bfa-f41f-4a3c-87a8-c01a0755b820","type":"entity_state","version":2,"world_id":"td-0d917a4eff776d999148769266591579674d2c42de6557026893a1902834f11f"}
2026-10-03T20:18:17 248.434 INF [MC7DTD] 7DTD entity sent: {"authority":"7dtd","dimension":"7dtd:main","entity_id":"ec5d61f7-843b-47b7-a811-28c15b00651f","entity_type":"7dtd:player","lifecycle":{"event":"update"},"metadata":{},"origin":{"dimension":"7dtd:main","entity_id":"ec5d61f7-843b-47b7-a811-28c15b00651f","game":"7dtd","world_id":"td-0d917a4eff776d999148769266591579674d2c42de6557026893a1902834f11f"},"position":{"space":"7dtd","x":-273.03436279296875,"y":61.079998016357422,"z":446.87322998046875},"rotation":{"pitch":-7.03159236907959,"roll":0,"yaw":101.41293334960938},"sequence":212,"source":"7dtd","stream_id":"d6937bfa-f41f-4a3c-87a8-c01a0755b820","type":"entity_state","version":2,"world_id":"td-0d917a4eff776d999148769266591579674d2c42de6557026893a1902834f11f"}
2026-10-03T20:18:17 248.935 INF [MC7DTD] 7DTD entity sent: {"authority":"7dtd","dimension":"7dtd:main","entity_id":"ec5d61f7-843b-47b7-a811-28c15b00651f","entity_type":"7dtd:player","lifecycle":{"event":"update"},"metadata":{},"origin":{"dimension":"7dtd:main","entity_id":"ec5d61f7-843b-47b7-a811-28c15b00651f","game":"7dtd","world_id":"td-0d917a4eff776d999148769266591579674d2c42de6557026893a1902834f11f"},"position":{"space":"7dtd","x":-273.03436279296875,"y":61.079998016357422,"z":446.87322998046875},"rotation":{"pitch":-7.03159236907959,"roll":0,"yaw":101.41293334960938},"sequence":213,"source":"7dtd","stream_id":"d6937bfa-f41f-4a3c-87a8-c01a0755b820","type":"entity_state","version":2,"world_id":"td-0d917a4eff776d999148769266591579674d2c42de6557026893a1902834f11f"}
2026-10-03T20:18:18 249.437 INF [MC7DTD] 7DTD entity sent: {"authority":"7dtd","dimension":"7dtd:main","entity_id":"ec5d61f7-843b-47b7-a811-28c15b00651f","entity_type":"7dtd:player","lifecycle":{"event":"update"},"metadata":{},"origin":{"dimension":"7dtd:main","entity_id":"ec5d61f7-843b-47b7-a811-28c15b00651f","game":"7dtd","world_id":"td-0d917a4eff776d999148769266591579674d2c42de6557026893a1902834f11f"},"position":{"space":"7dtd","x":-273.03436279296875,"y":61.079998016357422,"z":446.87322998046875},"rotation":{"pitch":-7.03159236907959,"roll":0,"yaw":101.41293334960938},"sequence":214,"source":"7dtd","stream_id":"d6937bfa-f41f-4a3c-87a8-c01a0755b820","type":"entity_state","version":2,"world_id":"td-0d917a4eff776d999148769266591579674d2c42de6557026893a1902834f11f"}
2026-10-03T20:18:18 249.939 INF [MC7DTD] 7DTD entity sent: {"authority":"7dtd","dimension":"7dtd:main","entity_id":"ec5d61f7-843b-47b7-a811-28c15b00651f","entity_type":"7dtd:player","lifecycle":{"event":"update"},"metadata":{},"origin":{"dimension":"7dtd:main","entity_id":"ec5d61f7-843b-47b7-a811-28c15b00651f","game":"7dtd","world_id":"td-0d917a4eff776d999148769266591579674d2c42de6557026893a1902834f11f"},"position":{"space":"7dtd","x":-273.03436279296875,"y":61.079998016357422,"z":446.87322998046875},"rotation":{"pitch":-7.03159236907959,"roll":0,"yaw":101.41293334960938},"sequence":215,"source":"7dtd","stream_id":"d6937bfa-f41f-4a3c-87a8-c01a0755b820","type":"entity_state","version":2,"world_id":"td-0d917a4eff776d999148769266591579674d2c42de6557026893a1902834f11f"}
2026-10-03T20:18:19 250.440 INF [MC7DTD] 7DTD entity sent: {"authority":"7dtd","dimension":"7dtd:main","entity_id":"ec5d61f7-843b-47b7-a811-28c15b00651f","entity_type":"7dtd:player","lifecycle":{"event":"update"},"metadata":{},"origin":{"dimension":"7dtd:main","entity_id":"ec5d61f7-843b-47b7-a811-28c15b00651f","game":"7dtd","world_id":"td-0d917a4eff776d999148769266591579674d2c42de6557026893a1902834f11f"},"position":{"space":"7dtd","x":-273.03436279296875,"y":61.079998016357422,"z":446.87322998046875},"rotation":{"pitch":-7.03159236907959,"roll":0,"yaw":101.41293334960938},"sequence":216,"source":"7dtd","stream_id":"d6937bfa-f41f-4a3c-87a8-c01a0755b820","type":"entity_state","version":2,"world_id":"td-0d917a4eff776d999148769266591579674d2c42de6557026893a1902834f11f"}
2026-10-03T20:18:19 250.942 INF [MC7DTD] 7DTD entity sent: {"authority":"7dtd","dimension":"7dtd:main","entity_id":"ec5d61f7-843b-47b7-a811-28c15b00651f","entity_type":"7dtd:player","lifecycle":{"event":"update"},"metadata":{},"origin":{"dimension":"7dtd:main","entity_id":"ec5d61f7-843b-47b7-a811-28c15b00651f","game":"7dtd","world_id":"td-0d917a4eff776d999148769266591579674d2c42de6557026893a1902834f11f"},"position":{"space":"7dtd","x":-273.03436279296875,"y":61.079998016357422,"z":446.87322998046875},"rotation":{"pitch":-7.03159236907959,"roll":0,"yaw":101.41293334960938},"sequence":217,"source":"7dtd","stream_id":"d6937bfa-f41f-4a3c-87a8-c01a0755b820","type":"entity_state","version":2,"world_id":"td-0d917a4eff776d999148769266591579674d2c42de6557026893a1902834f11f"}
2026-10-03T20:18:20 251.445 INF [MC7DTD] 7DTD entity sent: {"authority":"7dtd","dimension":"7dtd:main","entity_id":"ec5d61f7-843b-47b7-a811-28c15b00651f","entity_type":"7dtd:player","lifecycle":{"event":"update"},"metadata":{},"origin":{"dimension":"7dtd:main","entity_id":"ec5d61f7-843b-47b7-a811-28c15b00651f","game":"7dtd","world_id":"td-0d917a4eff776d999148769266591579674d2c42de6557026893a1902834f11f"},"position":{"space":"7dtd","x":-273.03436279296875,"y":61.079998016357422,"z":446.87322998046875},"rotation":{"pitch":-7.03159236907959,"roll":0,"yaw":101.41293334960938},"sequence":218,"source":"7dtd","stream_id":"d6937bfa-f41f-4a3c-87a8-c01a0755b820","type":"entity_state","version":2,"world_id":"td-0d917a4eff776d999148769266591579674d2c42de6557026893a1902834f11f"}
2026-10-03T20:18:20 251.947 INF [MC7DTD] 7DTD entity sent: {"authority":"7dtd","dimension":"7dtd:main","entity_id":"ec5d61f7-843b-47b7-a811-28c15b00651f","entity_type":"7dtd:player","lifecycle":{"event":"update"},"metadata":{},"origin":{"dimension":"7dtd:main","entity_id":"ec5d61f7-843b-47b7-a811-28c15b00651f","game":"7dtd","world_id":"td-0d917a4eff776d999148769266591579674d2c42de6557026893a1902834f11f"},"position":{"space":"7dtd","x":-273.03436279296875,"y":61.079998016357422,"z":446.87322998046875},"rotation":{"pitch":-7.03159236907959,"roll":0,"yaw":101.41293334960938},"sequence":219,"source":"7dtd","stream_id":"d6937bfa-f41f-4a3c-87a8-c01a0755b820","type":"entity_state","version":2,"world_id":"td-0d917a4eff776d999148769266591579674d2c42de6557026893a1902834f11f"}
2026-10-03T20:18:21 252.449 INF [MC7DTD] 7DTD entity sent: {"authority":"7dtd","dimension":"7dtd:main","entity_id":"ec5d61f7-843b-47b7-a811-28c15b00651f","entity_type":"7dtd:player","lifecycle":{"event":"update"},"metadata":{},"origin":{"dimension":"7dtd:main","entity_id":"ec5d61f7-843b-47b7-a811-28c15b00651f","game":"7dtd","world_id":"td-0d917a4eff776d999148769266591579674d2c42de6557026893a1902834f11f"},"position":{"space":"7dtd","x":-273.03436279296875,"y":61.079998016357422,"z":446.87322998046875},"rotation":{"pitch":-7.03159236907959,"roll":0,"yaw":101.41293334960938},"sequence":220,"source":"7dtd","stream_id":"d6937bfa-f41f-4a3c-87a8-c01a0755b820","type":"entity_state","version":2,"world_id":"td-0d917a4eff776d999148769266591579674d2c42de6557026893a1902834f11f"}
2026-10-03T20:18:21 252.950 INF [MC7DTD] 7DTD entity sent: {"authority":"7dtd","dimension":"7dtd:main","entity_id":"ec5d61f7-843b-47b7-a811-28c15b00651f","entity_type":"7dtd:player","lifecycle":{"event":"update"},"metadata":{},"origin":{"dimension":"7dtd:main","entity_id":"ec5d61f7-843b-47b7-a811-28c15b00651f","game":"7dtd","world_id":"td-0d917a4eff776d999148769266591579674d2c42de6557026893a1902834f11f"},"position":{"space":"7dtd","x":-273.03436279296875,"y":61.079998016357422,"z":446.87322998046875},"rotation":{"pitch":-7.03159236907959,"roll":0,"yaw":101.41293334960938},"sequence":221,"source":"7dtd","stream_id":"d6937bfa-f41f-4a3c-87a8-c01a0755b820","type":"entity_state","version":2,"world_id":"td-0d917a4eff776d999148769266591579674d2c42de6557026893a1902834f11f"}
2026-10-03T20:18:22 253.452 INF [MC7DTD] 7DTD entity sent: {"authority":"7dtd","dimension":"7dtd:main","entity_id":"ec5d61f7-843b-47b7-a811-28c15b00651f","entity_type":"7dtd:player","lifecycle":{"event":"update"},"metadata":{},"origin":{"dimension":"7dtd:main","entity_id":"ec5d61f7-843b-47b7-a811-28c15b00651f","game":"7dtd","world_id":"td-0d917a4eff776d999148769266591579674d2c42de6557026893a1902834f11f"},"position":{"space":"7dtd","x":-273.03436279296875,"y":61.079998016357422,"z":446.87322998046875},"rotation":{"pitch":-7.03159236907959,"roll":0,"yaw":101.41293334960938},"sequence":222,"source":"7dtd","stream_id":"d6937bfa-f41f-4a3c-87a8-c01a0755b820","type":"entity_state","version":2,"world_id":"td-0d917a4eff776d999148769266591579674d2c42de6557026893a1902834f11f"}
2026-10-03T20:18:22 253.953 INF [MC7DTD] 7DTD entity sent: {"authority":"7dtd","dimension":"7dtd:main","entity_id":"ec5d61f7-843b-47b7-a811-28c15b00651f","entity_type":"7dtd:player","lifecycle":{"event":"update"},"metadata":{},"origin":{"dimension":"7dtd:main","entity_id":"ec5d61f7-843b-47b7-a811-28c15b00651f","game":"7dtd","world_id":"td-0d917a4eff776d999148769266591579674d2c42de6557026893a1902834f11f"},"position":{"space":"7dtd","x":-273.03436279296875,"y":61.079998016357422,"z":446.87322998046875},"rotation":{"pitch":-7.03159236907959,"roll":0,"yaw":101.41293334960938},"sequence":223,"source":"7dtd","stream_id":"d6937bfa-f41f-4a3c-87a8-c01a0755b820","type":"entity_state","version":2,"world_id":"td-0d917a4eff776d999148769266591579674d2c42de6557026893a1902834f11f"}
2026-10-03T20:18:23 254.454 INF [MC7DTD] 7DTD entity sent: {"authority":"7dtd","dimension":"7dtd:main","entity_id":"ec5d61f7-843b-47b7-a811-28c15b00651f","entity_type":"7dtd:player","lifecycle":{"event":"update"},"metadata":{},"origin":{"dimension":"7dtd:main","entity_id":"ec5d61f7-843b-47b7-a811-28c15b00651f","game":"7dtd","world_id":"td-0d917a4eff776d999148769266591579674d2c42de6557026893a1902834f11f"},"position":{"space":"7dtd","x":-273.03436279296875,"y":61.079998016357422,"z":446.87322998046875},"rotation":{"pitch":-7.03159236907959,"roll":0,"yaw":101.41293334960938},"sequence":224,"source":"7dtd","stream_id":"d6937bfa-f41f-4a3c-87a8-c01a0755b820","type":"entity_state","version":2,"world_id":"td-0d917a4eff776d999148769266591579674d2c42de6557026893a1902834f11f"}
2026-10-03T20:18:23 254.956 INF [MC7DTD] 7DTD entity sent: {"authority":"7dtd","dimension":"7dtd:main","entity_id":"ec5d61f7-843b-47b7-a811-28c15b00651f","entity_type":"7dtd:player","lifecycle":{"event":"update"},"metadata":{},"origin":{"dimension":"7dtd:main","entity_id":"ec5d61f7-843b-47b7-a811-28c15b00651f","game":"7dtd","world_id":"td-0d917a4eff776d999148769266591579674d2c42de6557026893a1902834f11f"},"position":{"space":"7dtd","x":-273.03436279296875,"y":61.079998016357422,"z":446.87322998046875},"rotation":{"pitch":-7.03159236907959,"roll":0,"yaw":101.41293334960938},"sequence":225,"source":"7dtd","stream_id":"d6937bfa-f41f-4a3c-87a8-c01a0755b820","type":"entity_state","version":2,"world_id":"td-0d917a4eff776d999148769266591579674d2c42de6557026893a1902834f11f"}
2026-10-03T20:18:24 255.459 INF [MC7DTD] 7DTD entity sent: {"authority":"7dtd","dimension":"7dtd:main","entity_id":"ec5d61f7-843b-47b7-a811-28c15b00651f","entity_type":"7dtd:player","lifecycle":{"event":"update"},"metadata":{},"origin":{"dimension":"7dtd:main","entity_id":"ec5d61f7-843b-47b7-a811-28c15b00651f","game":"7dtd","world_id":"td-0d917a4eff776d999148769266591579674d2c42de6557026893a1902834f11f"},"position":{"space":"7dtd","x":-273.03436279296875,"y":61.079998016357422,"z":446.87322998046875},"rotation":{"pitch":-7.03159236907959,"roll":0,"yaw":101.41293334960938},"sequence":226,"source":"7dtd","stream_id":"d6937bfa-f41f-4a3c-87a8-c01a0755b820","type":"entity_state","version":2,"world_id":"td-0d917a4eff776d999148769266591579674d2c42de6557026893a1902834f11f"}
2026-10-03T20:18:24 255.960 INF [MC7DTD] 7DTD entity sent: {"authority":"7dtd","dimension":"7dtd:main","entity_id":"ec5d61f7-843b-47b7-a811-28c15b00651f","entity_type":"7dtd:player","lifecycle":{"event":"update"},"metadata":{},"origin":{"dimension":"7dtd:main","entity_id":"ec5d61f7-843b-47b7-a811-28c15b00651f","game":"7dtd","world_id":"td-0d917a4eff776d999148769266591579674d2c42de6557026893a1902834f11f"},"position":{"space":"7dtd","x":-273.03436279296875,"y":61.079998016357422,"z":446.87322998046875},"rotation":{"pitch":-7.03159236907959,"roll":0,"yaw":101.41293334960938},"sequence":227,"source":"7dtd","stream_id":"d6937bfa-f41f-4a3c-87a8-c01a0755b820","type":"entity_state","version":2,"world_id":"td-0d917a4eff776d999148769266591579674d2c42de6557026893a1902834f11f"}
2026-10-03T20:18:25 256.462 INF [MC7DTD] 7DTD entity sent: {"authority":"7dtd","dimension":"7dtd:main","entity_id":"ec5d61f7-843b-47b7-a811-28c15b00651f","entity_type":"7dtd:player","lifecycle":{"event":"update"},"metadata":{},"origin":{"dimension":"7dtd:main","entity_id":"ec5d61f7-843b-47b7-a811-28c15b00651f","game":"7dtd","world_id":"td-0d917a4eff776d999148769266591579674d2c42de6557026893a1902834f11f"},"position":{"space":"7dtd","x":-273.03436279296875,"y":61.079998016357422,"z":446.87322998046875},"rotation":{"pitch":-7.03159236907959,"roll":0,"yaw":101.41293334960938},"sequence":228,"source":"7dtd","stream_id":"d6937bfa-f41f-4a3c-87a8-c01a0755b820","type":"entity_state","version":2,"world_id":"td-0d917a4eff776d999148769266591579674d2c42de6557026893a1902834f11f"}
2026-10-03T20:18:25 256.965 INF [MC7DTD] 7DTD entity sent: {"authority":"7dtd","dimension":"7dtd:main","entity_id":"ec5d61f7-843b-47b7-a811-28c15b00651f","entity_type":"7dtd:player","lifecycle":{"event":"update"},"metadata":{},"origin":{"dimension":"7dtd:main","entity_id":"ec5d61f7-843b-47b7-a811-28c15b00651f","game":"7dtd","world_id":"td-0d917a4eff776d999148769266591579674d2c42de6557026893a1902834f11f"},"position":{"space":"7dtd","x":-273.03436279296875,"y":61.079998016357422,"z":446.87322998046875},"rotation":{"pitch":-7.03159236907959,"roll":0,"yaw":101.41293334960938},"sequence":229,"source":"7dtd","stream_id":"d6937bfa-f41f-4a3c-87a8-c01a0755b820","type":"entity_state","version":2,"world_id":"td-0d917a4eff776d999148769266591579674d2c42de6557026893a1902834f11f"}
2026-10-03T20:18:26 257.466 INF [MC7DTD] 7DTD entity sent: {"authority":"7dtd","dimension":"7dtd:main","entity_id":"ec5d61f7-843b-47b7-a811-28c15b00651f","entity_type":"7dtd:player","lifecycle":{"event":"update"},"metadata":{},"origin":{"dimension":"7dtd:main","entity_id":"ec5d61f7-843b-47b7-a811-28c15b00651f","game":"7dtd","world_id":"td-0d917a4eff776d999148769266591579674d2c42de6557026893a1902834f11f"},"position":{"space":"7dtd","x":-273.03436279296875,"y":61.079998016357422,"z":446.87322998046875},"rotation":{"pitch":-7.03159236907959,"roll":0,"yaw":101.41293334960938},"sequence":230,"source":"7dtd","stream_id":"d6937bfa-f41f-4a3c-87a8-c01a0755b820","type":"entity_state","version":2,"world_id":"td-0d917a4eff776d999148769266591579674d2c42de6557026893a1902834f11f"}
2026-10-03T20:18:26 257.968 INF [MC7DTD] 7DTD entity sent: {"authority":"7dtd","dimension":"7dtd:main","entity_id":"ec5d61f7-843b-47b7-a811-28c15b00651f","entity_type":"7dtd:player","lifecycle":{"event":"update"},"metadata":{},"origin":{"dimension":"7dtd:main","entity_id":"ec5d61f7-843b-47b7-a811-28c15b00651f","game":"7dtd","world_id":"td-0d917a4eff776d999148769266591579674d2c42de6557026893a1902834f11f"},"position":{"space":"7dtd","x":-273.03436279296875,"y":61.079998016357422,"z":446.87322998046875},"rotation":{"pitch":-7.03159236907959,"roll":0,"yaw":101.41293334960938},"sequence":231,"source":"7dtd","stream_id":"d6937bfa-f41f-4a3c-87a8-c01a0755b820","type":"entity_state","version":2,"world_id":"td-0d917a4eff776d999148769266591579674d2c42de6557026893a1902834f11f"}
2026-10-03T20:18:27 258.470 INF [MC7DTD] 7DTD entity sent: {"authority":"7dtd","dimension":"7dtd:main","entity_id":"ec5d61f7-843b-47b7-a811-28c15b00651f","entity_type":"7dtd:player","lifecycle":{"event":"update"},"metadata":{},"origin":{"dimension":"7dtd:main","entity_id":"ec5d61f7-843b-47b7-a811-28c15b00651f","game":"7dtd","world_id":"td-0d917a4eff776d999148769266591579674d2c42de6557026893a1902834f11f"},"position":{"space":"7dtd","x":-273.03436279296875,"y":61.079998016357422,"z":446.87322998046875},"rotation":{"pitch":-7.03159236907959,"roll":0,"yaw":101.41293334960938},"sequence":232,"source":"7dtd","stream_id":"d6937bfa-f41f-4a3c-87a8-c01a0755b820","type":"entity_state","version":2,"world_id":"td-0d917a4eff776d999148769266591579674d2c42de6557026893a1902834f11f"}
2026-10-03T20:18:27 258.972 INF [MC7DTD] 7DTD entity sent: {"authority":"7dtd","dimension":"7dtd:main","entity_id":"ec5d61f7-843b-47b7-a811-28c15b00651f","entity_type":"7dtd:player","lifecycle":{"event":"update"},"metadata":{},"origin":{"dimension":"7dtd:main","entity_id":"ec5d61f7-843b-47b7-a811-28c15b00651f","game":"7dtd","world_id":"td-0d917a4eff776d999148769266591579674d2c42de6557026893a1902834f11f"},"position":{"space":"7dtd","x":-273.03436279296875,"y":61.079998016357422,"z":446.87322998046875},"rotation":{"pitch":-7.03159236907959,"roll":0,"yaw":101.41293334960938},"sequence":233,"source":"7dtd","stream_id":"d6937bfa-f41f-4a3c-87a8-c01a0755b820","type":"entity_state","version":2,"world_id":"td-0d917a4eff776d999148769266591579674d2c42de6557026893a1902834f11f"}
2026-10-03T20:18:28 259.474 INF [MC7DTD] 7DTD entity sent: {"authority":"7dtd","dimension":"7dtd:main","entity_id":"ec5d61f7-843b-47b7-a811-28c15b00651f","entity_type":"7dtd:player","lifecycle":{"event":"update"},"metadata":{},"origin":{"dimension":"7dtd:main","entity_id":"ec5d61f7-843b-47b7-a811-28c15b00651f","game":"7dtd","world_id":"td-0d917a4eff776d999148769266591579674d2c42de6557026893a1902834f11f"},"position":{"space":"7dtd","x":-273.03436279296875,"y":61.079998016357422,"z":446.87322998046875},"rotation":{"pitch":-7.03159236907959,"roll":0,"yaw":101.41293334960938},"sequence":234,"source":"7dtd","stream_id":"d6937bfa-f41f-4a3c-87a8-c01a0755b820","type":"entity_state","version":2,"world_id":"td-0d917a4eff776d999148769266591579674d2c42de6557026893a1902834f11f"}
2026-10-03T20:18:28 259.976 INF [MC7DTD] 7DTD entity sent: {"authority":"7dtd","dimension":"7dtd:main","entity_id":"ec5d61f7-843b-47b7-a811-28c15b00651f","entity_type":"7dtd:player","lifecycle":{"event":"update"},"metadata":{},"origin":{"dimension":"7dtd:main","entity_id":"ec5d61f7-843b-47b7-a811-28c15b00651f","game":"7dtd","world_id":"td-0d917a4eff776d999148769266591579674d2c42de6557026893a1902834f11f"},"position":{"space":"7dtd","x":-273.03436279296875,"y":61.079998016357422,"z":446.87322998046875},"rotation":{"pitch":-7.03159236907959,"roll":0,"yaw":101.41293334960938},"sequence":235,"source":"7dtd","stream_id":"d6937bfa-f41f-4a3c-87a8-c01a0755b820","type":"entity_state","version":2,"world_id":"td-0d917a4eff776d999148769266591579674d2c42de6557026893a1902834f11f"}
2026-10-03T20:18:29 260.477 INF [MC7DTD] 7DTD entity sent: {"authority":"7dtd","dimension":"7dtd:main","entity_id":"ec5d61f7-843b-47b7-a811-28c15b00651f","entity_type":"7dtd:player","lifecycle":{"event":"update"},"metadata":{},"origin":{"dimension":"7dtd:main","entity_id":"ec5d61f7-843b-47b7-a811-28c15b00651f","game":"7dtd","world_id":"td-0d917a4eff776d999148769266591579674d2c42de6557026893a1902834f11f"},"position":{"space":"7dtd","x":-273.03436279296875,"y":61.079998016357422,"z":446.87322998046875},"rotation":{"pitch":-7.03159236907959,"roll":0,"yaw":101.41293334960938},"sequence":236,"source":"7dtd","stream_id":"d6937bfa-f41f-4a3c-87a8-c01a0755b820","type":"entity_state","version":2,"world_id":"td-0d917a4eff776d999148769266591579674d2c42de6557026893a1902834f11f"}
2026-10-03T20:18:29 260.979 INF [MC7DTD] 7DTD entity sent: {"authority":"7dtd","dimension":"7dtd:main","entity_id":"ec5d61f7-843b-47b7-a811-28c15b00651f","entity_type":"7dtd:player","lifecycle":{"event":"update"},"metadata":{},"origin":{"dimension":"7dtd:main","entity_id":"ec5d61f7-843b-47b7-a811-28c15b00651f","game":"7dtd","world_id":"td-0d917a4eff776d999148769266591579674d2c42de6557026893a1902834f11f"},"position":{"space":"7dtd","x":-273.03436279296875,"y":61.079998016357422,"z":446.87322998046875},"rotation":{"pitch":-7.03159236907959,"roll":0,"yaw":101.41293334960938},"sequence":237,"source":"7dtd","stream_id":"d6937bfa-f41f-4a3c-87a8-c01a0755b820","type":"entity_state","version":2,"world_id":"td-0d917a4eff776d999148769266591579674d2c42de6557026893a1902834f11f"}
2026-10-03T20:18:30 261.480 INF [MC7DTD] 7DTD entity sent: {"authority":"7dtd","dimension":"7dtd:main","entity_id":"ec5d61f7-843b-47b7-a811-28c15b00651f","entity_type":"7dtd:player","lifecycle":{"event":"update"},"metadata":{},"origin":{"dimension":"7dtd:main","entity_id":"ec5d61f7-843b-47b7-a811-28c15b00651f","game":"7dtd","world_id":"td-0d917a4eff776d999148769266591579674d2c42de6557026893a1902834f11f"},"position":{"space":"7dtd","x":-273.03436279296875,"y":61.079998016357422,"z":446.87322998046875},"rotation":{"pitch":-7.03159236907959,"roll":0,"yaw":101.41293334960938},"sequence":238,"source":"7dtd","stream_id":"d6937bfa-f41f-4a3c-87a8-c01a0755b820","type":"entity_state","version":2,"world_id":"td-0d917a4eff776d999148769266591579674d2c42de6557026893a1902834f11f"}
2026-10-03T20:18:30 261.982 INF [MC7DTD] 7DTD entity sent: {"authority":"7dtd","dimension":"7dtd:main","entity_id":"ec5d61f7-843b-47b7-a811-28c15b00651f","entity_type":"7dtd:player","lifecycle":{"event":"update"},"metadata":{},"origin":{"dimension":"7dtd:main","entity_id":"ec5d61f7-843b-47b7-a811-28c15b00651f","game":"7dtd","world_id":"td-0d917a4eff776d999148769266591579674d2c42de6557026893a1902834f11f"},"position":{"space":"7dtd","x":-273.03436279296875,"y":61.079998016357422,"z":446.87322998046875},"rotation":{"pitch":-7.03159236907959,"roll":0,"yaw":101.41293334960938},"sequence":239,"source":"7dtd","stream_id":"d6937bfa-f41f-4a3c-87a8-c01a0755b820","type":"entity_state","version":2,"world_id":"td-0d917a4eff776d999148769266591579674d2c42de6557026893a1902834f11f"}
2026-10-03T20:18:30 262.118 INF VehicleManager saving 0 (0 + 0)
2026-10-03T20:18:31 262.119 INF DroneManager saving 0 (0 + 0)
2026-10-03T20:18:31 262.120 INF TurretTracker saving 0 (0 + 0)
2026-10-03T20:18:31 262.121 INF VehicleManager saved 9 bytes
2026-10-03T20:18:31 262.122 INF DroneManager saved 9 bytes
2026-10-03T20:18:31 262.124 INF TurretTracker saved 9 bytes
2026-10-03T20:18:31 262.126 INF Time: 4.14m FPS: 249.20 Heap: 2222.4MB Max: 2222.4MB Chunks: 321 CGO: 218 Ply: 1 Zom: 2 Ent: 6 (6) Items: 1 CO: 1 RSS: 4534.1MB
2026-10-03T20:18:31 262.129 INF 60sec delta: 66624,current: 1823300,desired: 1364868
2026-10-03T20:18:31 262.130 INF [Backtrace] Updated Statistics
2026-10-03T20:18:31 262.483 INF [MC7DTD] 7DTD entity sent: {"authority":"7dtd","dimension":"7dtd:main","entity_id":"ec5d61f7-843b-47b7-a811-28c15b00651f","entity_type":"7dtd:player","lifecycle":{"event":"update"},"metadata":{},"origin":{"dimension":"7dtd:main","entity_id":"ec5d61f7-843b-47b7-a811-28c15b00651f","game":"7dtd","world_id":"td-0d917a4eff776d999148769266591579674d2c42de6557026893a1902834f11f"},"position":{"space":"7dtd","x":-273.03436279296875,"y":61.079998016357422,"z":446.87322998046875},"rotation":{"pitch":-7.03159236907959,"roll":0,"yaw":101.41293334960938},"sequence":240,"source":"7dtd","stream_id":"d6937bfa-f41f-4a3c-87a8-c01a0755b820","type":"entity_state","version":2,"world_id":"td-0d917a4eff776d999148769266591579674d2c42de6557026893a1902834f11f"}
2026-10-03T20:18:31 262.986 INF [MC7DTD] 7DTD entity sent: {"authority":"7dtd","dimension":"7dtd:main","entity_id":"ec5d61f7-843b-47b7-a811-28c15b00651f","entity_type":"7dtd:player","lifecycle":{"event":"update"},"metadata":{},"origin":{"dimension":"7dtd:main","entity_id":"ec5d61f7-843b-47b7-a811-28c15b00651f","game":"7dtd","world_id":"td-0d917a4eff776d999148769266591579674d2c42de6557026893a1902834f11f"},"position":{"space":"7dtd","x":-273.03436279296875,"y":61.079998016357422,"z":446.87322998046875},"rotation":{"pitch":-7.03159236907959,"roll":0,"yaw":101.41293334960938},"sequence":241,"source":"7dtd","stream_id":"d6937bfa-f41f-4a3c-87a8-c01a0755b820","type":"entity_state","version":2,"world_id":"td-0d917a4eff776d999148769266591579674d2c42de6557026893a1902834f11f"}
2026-10-03T20:18:31 262.988 INF [MC7DTD] 7DTD entity sent: {"authority":"7dtd","base_revision":2,"components":{"health":{"current":93,"max":100}},"dimension":"7dtd:main","entity_id":"ec5d61f7-843b-47b7-a811-28c15b00651f","entity_sequence":241,"entity_state_version":2,"entity_type":"7dtd:player","mode":"patch","origin":{"dimension":"7dtd:main","entity_id":"ec5d61f7-843b-47b7-a811-28c15b00651f","game":"7dtd","world_id":"td-0d917a4eff776d999148769266591579674d2c42de6557026893a1902834f11f"},"revision":3,"source":"7dtd","stream_id":"d6937bfa-f41f-4a3c-87a8-c01a0755b820","type":"entity_components","version":1,"world_id":"td-0d917a4eff776d999148769266591579674d2c42de6557026893a1902834f11f"}
2026-10-03T20:18:32 263.490 INF [MC7DTD] 7DTD entity sent: {"authority":"7dtd","dimension":"7dtd:main","entity_id":"ec5d61f7-843b-47b7-a811-28c15b00651f","entity_type":"7dtd:player","lifecycle":{"event":"update"},"metadata":{},"origin":{"dimension":"7dtd:main","entity_id":"ec5d61f7-843b-47b7-a811-28c15b00651f","game":"7dtd","world_id":"td-0d917a4eff776d999148769266591579674d2c42de6557026893a1902834f11f"},"position":{"space":"7dtd","x":-273.03436279296875,"y":61.079998016357422,"z":446.87322998046875},"rotation":{"pitch":-7.03159236907959,"roll":0,"yaw":101.41293334960938},"sequence":242,"source":"7dtd","stream_id":"d6937bfa-f41f-4a3c-87a8-c01a0755b820","type":"entity_state","version":2,"world_id":"td-0d917a4eff776d999148769266591579674d2c42de6557026893a1902834f11f"}
2026-10-03T20:18:32 263.991 INF [MC7DTD] 7DTD entity sent: {"authority":"7dtd","dimension":"7dtd:main","entity_id":"ec5d61f7-843b-47b7-a811-28c15b00651f","entity_type":"7dtd:player","lifecycle":{"event":"update"},"metadata":{},"origin":{"dimension":"7dtd:main","entity_id":"ec5d61f7-843b-47b7-a811-28c15b00651f","game":"7dtd","world_id":"td-0d917a4eff776d999148769266591579674d2c42de6557026893a1902834f11f"},"position":{"space":"7dtd","x":-273.03436279296875,"y":61.079998016357422,"z":446.87322998046875},"rotation":{"pitch":-7.03159236907959,"roll":0,"yaw":101.41293334960938},"sequence":243,"source":"7dtd","stream_id":"d6937bfa-f41f-4a3c-87a8-c01a0755b820","type":"entity_state","version":2,"world_id":"td-0d917a4eff776d999148769266591579674d2c42de6557026893a1902834f11f"}
2026-10-03T20:18:33 264.493 INF [MC7DTD] 7DTD entity sent: {"authority":"7dtd","dimension":"7dtd:main","entity_id":"ec5d61f7-843b-47b7-a811-28c15b00651f","entity_type":"7dtd:player","lifecycle":{"event":"update"},"metadata":{},"origin":{"dimension":"7dtd:main","entity_id":"ec5d61f7-843b-47b7-a811-28c15b00651f","game":"7dtd","world_id":"td-0d917a4eff776d999148769266591579674d2c42de6557026893a1902834f11f"},"position":{"space":"7dtd","x":-273.03436279296875,"y":61.079998016357422,"z":446.87322998046875},"rotation":{"pitch":-7.03159236907959,"roll":0,"yaw":101.41293334960938},"sequence":244,"source":"7dtd","stream_id":"d6937bfa-f41f-4a3c-87a8-c01a0755b820","type":"entity_state","version":2,"world_id":"td-0d917a4eff776d999148769266591579674d2c42de6557026893a1902834f11f"}
2026-10-03T20:18:33 264.995 INF [MC7DTD] 7DTD entity sent: {"authority":"7dtd","dimension":"7dtd:main","entity_id":"ec5d61f7-843b-47b7-a811-28c15b00651f","entity_type":"7dtd:player","lifecycle":{"event":"update"},"metadata":{},"origin":{"dimension":"7dtd:main","entity_id":"ec5d61f7-843b-47b7-a811-28c15b00651f","game":"7dtd","world_id":"td-0d917a4eff776d999148769266591579674d2c42de6557026893a1902834f11f"},"position":{"space":"7dtd","x":-273.03436279296875,"y":61.079998016357422,"z":446.87322998046875},"rotation":{"pitch":-7.03159236907959,"roll":0,"yaw":101.41293334960938},"sequence":245,"source":"7dtd","stream_id":"d6937bfa-f41f-4a3c-87a8-c01a0755b820","type":"entity_state","version":2,"world_id":"td-0d917a4eff776d999148769266591579674d2c42de6557026893a1902834f11f"}
2026-10-03T20:18:34 265.496 INF [MC7DTD] 7DTD entity sent: {"authority":"7dtd","dimension":"7dtd:main","entity_id":"ec5d61f7-843b-47b7-a811-28c15b00651f","entity_type":"7dtd:player","lifecycle":{"event":"update"},"metadata":{},"origin":{"dimension":"7dtd:main","entity_id":"ec5d61f7-843b-47b7-a811-28c15b00651f","game":"7dtd","world_id":"td-0d917a4eff776d999148769266591579674d2c42de6557026893a1902834f11f"},"position":{"space":"7dtd","x":-273.03436279296875,"y":61.079998016357422,"z":446.87322998046875},"rotation":{"pitch":-7.03159236907959,"roll":0,"yaw":101.41293334960938},"sequence":246,"source":"7dtd","stream_id":"d6937bfa-f41f-4a3c-87a8-c01a0755b820","type":"entity_state","version":2,"world_id":"td-0d917a4eff776d999148769266591579674d2c42de6557026893a1902834f11f"}
2026-10-03T20:18:34 265.998 INF [MC7DTD] 7DTD entity sent: {"authority":"7dtd","dimension":"7dtd:main","entity_id":"ec5d61f7-843b-47b7-a811-28c15b00651f","entity_type":"7dtd:player","lifecycle":{"event":"update"},"metadata":{},"origin":{"dimension":"7dtd:main","entity_id":"ec5d61f7-843b-47b7-a811-28c15b00651f","game":"7dtd","world_id":"td-0d917a4eff776d999148769266591579674d2c42de6557026893a1902834f11f"},"position":{"space":"7dtd","x":-273.03436279296875,"y":61.079998016357422,"z":446.87322998046875},"rotation":{"pitch":-7.03159236907959,"roll":0,"yaw":101.41293334960938},"sequence":247,"source":"7dtd","stream_id":"d6937bfa-f41f-4a3c-87a8-c01a0755b820","type":"entity_state","version":2,"world_id":"td-0d917a4eff776d999148769266591579674d2c42de6557026893a1902834f11f"}
2026-10-03T20:18:35 266.500 INF [MC7DTD] 7DTD entity sent: {"authority":"7dtd","dimension":"7dtd:main","entity_id":"ec5d61f7-843b-47b7-a811-28c15b00651f","entity_type":"7dtd:player","lifecycle":{"event":"update"},"metadata":{},"origin":{"dimension":"7dtd:main","entity_id":"ec5d61f7-843b-47b7-a811-28c15b00651f","game":"7dtd","world_id":"td-0d917a4eff776d999148769266591579674d2c42de6557026893a1902834f11f"},"position":{"space":"7dtd","x":-273.03436279296875,"y":61.079998016357422,"z":446.87322998046875},"rotation":{"pitch":-7.03159236907959,"roll":0,"yaw":101.41293334960938},"sequence":248,"source":"7dtd","stream_id":"d6937bfa-f41f-4a3c-87a8-c01a0755b820","type":"entity_state","version":2,"world_id":"td-0d917a4eff776d999148769266591579674d2c42de6557026893a1902834f11f"}
2026-10-03T20:18:35 267.001 INF [MC7DTD] 7DTD entity sent: {"authority":"7dtd","dimension":"7dtd:main","entity_id":"ec5d61f7-843b-47b7-a811-28c15b00651f","entity_type":"7dtd:player","lifecycle":{"event":"update"},"metadata":{},"origin":{"dimension":"7dtd:main","entity_id":"ec5d61f7-843b-47b7-a811-28c15b00651f","game":"7dtd","world_id":"td-0d917a4eff776d999148769266591579674d2c42de6557026893a1902834f11f"},"position":{"space":"7dtd","x":-273.03436279296875,"y":61.079998016357422,"z":446.87322998046875},"rotation":{"pitch":-7.03159236907959,"roll":0,"yaw":101.41293334960938},"sequence":249,"source":"7dtd","stream_id":"d6937bfa-f41f-4a3c-87a8-c01a0755b820","type":"entity_state","version":2,"world_id":"td-0d917a4eff776d999148769266591579674d2c42de6557026893a1902834f11f"}
2026-10-03T20:18:36 267.504 INF [MC7DTD] 7DTD entity sent: {"authority":"7dtd","dimension":"7dtd:main","entity_id":"ec5d61f7-843b-47b7-a811-28c15b00651f","entity_type":"7dtd:player","lifecycle":{"event":"update"},"metadata":{},"origin":{"dimension":"7dtd:main","entity_id":"ec5d61f7-843b-47b7-a811-28c15b00651f","game":"7dtd","world_id":"td-0d917a4eff776d999148769266591579674d2c42de6557026893a1902834f11f"},"position":{"space":"7dtd","x":-273.03436279296875,"y":61.079998016357422,"z":446.87322998046875},"rotation":{"pitch":-7.03159236907959,"roll":0,"yaw":101.41293334960938},"sequence":250,"source":"7dtd","stream_id":"d6937bfa-f41f-4a3c-87a8-c01a0755b820","type":"entity_state","version":2,"world_id":"td-0d917a4eff776d999148769266591579674d2c42de6557026893a1902834f11f"}
2026-10-03T20:18:36 267.931 INF [MC7DTD] 7DTD entity sent: {"authority":"7dtd","dimension":"7dtd:main","entity_id":"ec5d61f7-843b-47b7-a811-28c15b00651f","entity_type":"7dtd:player","lifecycle":{"event":"update"},"metadata":{},"origin":{"dimension":"7dtd:main","entity_id":"ec5d61f7-843b-47b7-a811-28c15b00651f","game":"7dtd","world_id":"td-0d917a4eff776d999148769266591579674d2c42de6557026893a1902834f11f"},"position":{"space":"7dtd","x":-273.03436279296875,"y":61.079998016357422,"z":446.87322998046875},"rotation":{"pitch":-7.03159236907959,"roll":0,"yaw":101.41293334960938},"sequence":251,"source":"7dtd","stream_id":"d6937bfa-f41f-4a3c-87a8-c01a0755b820","type":"entity_state","version":2,"world_id":"td-0d917a4eff776d999148769266591579674d2c42de6557026893a1902834f11f"}
2026-10-03T20:18:37 268.433 INF [MC7DTD] 7DTD entity sent: {"authority":"7dtd","dimension":"7dtd:main","entity_id":"ec5d61f7-843b-47b7-a811-28c15b00651f","entity_type":"7dtd:player","lifecycle":{"event":"update"},"metadata":{},"origin":{"dimension":"7dtd:main","entity_id":"ec5d61f7-843b-47b7-a811-28c15b00651f","game":"7dtd","world_id":"td-0d917a4eff776d999148769266591579674d2c42de6557026893a1902834f11f"},"position":{"space":"7dtd","x":-273.03436279296875,"y":61.079998016357422,"z":446.87322998046875},"rotation":{"pitch":-7.03159236907959,"roll":0,"yaw":101.41293334960938},"sequence":252,"source":"7dtd","stream_id":"d6937bfa-f41f-4a3c-87a8-c01a0755b820","type":"entity_state","version":2,"world_id":"td-0d917a4eff776d999148769266591579674d2c42de6557026893a1902834f11f"}
2026-10-03T20:18:37 268.935 INF [MC7DTD] 7DTD entity sent: {"authority":"7dtd","dimension":"7dtd:main","entity_id":"ec5d61f7-843b-47b7-a811-28c15b00651f","entity_type":"7dtd:player","lifecycle":{"event":"update"},"metadata":{},"origin":{"dimension":"7dtd:main","entity_id":"ec5d61f7-843b-47b7-a811-28c15b00651f","game":"7dtd","world_id":"td-0d917a4eff776d999148769266591579674d2c42de6557026893a1902834f11f"},"position":{"space":"7dtd","x":-273.03436279296875,"y":61.079998016357422,"z":446.87322998046875},"rotation":{"pitch":-7.03159236907959,"roll":0,"yaw":101.41293334960938},"sequence":253,"source":"7dtd","stream_id":"d6937bfa-f41f-4a3c-87a8-c01a0755b820","type":"entity_state","version":2,"world_id":"td-0d917a4eff776d999148769266591579674d2c42de6557026893a1902834f11f"}
2026-10-03T20:18:38 269.438 INF [MC7DTD] 7DTD entity sent: {"authority":"7dtd","dimension":"7dtd:main","entity_id":"ec5d61f7-843b-47b7-a811-28c15b00651f","entity_type":"7dtd:player","lifecycle":{"event":"update"},"metadata":{},"origin":{"dimension":"7dtd:main","entity_id":"ec5d61f7-843b-47b7-a811-28c15b00651f","game":"7dtd","world_id":"td-0d917a4eff776d999148769266591579674d2c42de6557026893a1902834f11f"},"position":{"space":"7dtd","x":-273.03436279296875,"y":61.079998016357422,"z":446.87322998046875},"rotation":{"pitch":-7.03159236907959,"roll":0,"yaw":101.41293334960938},"sequence":254,"source":"7dtd","stream_id":"d6937bfa-f41f-4a3c-87a8-c01a0755b820","type":"entity_state","version":2,"world_id":"td-0d917a4eff776d999148769266591579674d2c42de6557026893a1902834f11f"}
2026-10-03T20:18:38 269.941 INF [MC7DTD] 7DTD entity sent: {"authority":"7dtd","dimension":"7dtd:main","entity_id":"ec5d61f7-843b-47b7-a811-28c15b00651f","entity_type":"7dtd:player","lifecycle":{"event":"update"},"metadata":{},"origin":{"dimension":"7dtd:main","entity_id":"ec5d61f7-843b-47b7-a811-28c15b00651f","game":"7dtd","world_id":"td-0d917a4eff776d999148769266591579674d2c42de6557026893a1902834f11f"},"position":{"space":"7dtd","x":-273.03436279296875,"y":61.079998016357422,"z":446.87322998046875},"rotation":{"pitch":-7.03159236907959,"roll":0,"yaw":101.41293334960938},"sequence":255,"source":"7dtd","stream_id":"d6937bfa-f41f-4a3c-87a8-c01a0755b820","type":"entity_state","version":2,"world_id":"td-0d917a4eff776d999148769266591579674d2c42de6557026893a1902834f11f"}
2026-10-03T20:18:39 270.444 INF [MC7DTD] 7DTD entity sent: {"authority":"7dtd","dimension":"7dtd:main","entity_id":"ec5d61f7-843b-47b7-a811-28c15b00651f","entity_type":"7dtd:player","lifecycle":{"event":"update"},"metadata":{},"origin":{"dimension":"7dtd:main","entity_id":"ec5d61f7-843b-47b7-a811-28c15b00651f","game":"7dtd","world_id":"td-0d917a4eff776d999148769266591579674d2c42de6557026893a1902834f11f"},"position":{"space":"7dtd","x":-273.03436279296875,"y":61.079998016357422,"z":446.87322998046875},"rotation":{"pitch":-7.03159236907959,"roll":0,"yaw":101.41293334960938},"sequence":256,"source":"7dtd","stream_id":"d6937bfa-f41f-4a3c-87a8-c01a0755b820","type":"entity_state","version":2,"world_id":"td-0d917a4eff776d999148769266591579674d2c42de6557026893a1902834f11f"}
2026-10-03T20:18:39 270.947 INF [MC7DTD] 7DTD entity sent: {"authority":"7dtd","dimension":"7dtd:main","entity_id":"ec5d61f7-843b-47b7-a811-28c15b00651f","entity_type":"7dtd:player","lifecycle":{"event":"update"},"metadata":{},"origin":{"dimension":"7dtd:main","entity_id":"ec5d61f7-843b-47b7-a811-28c15b00651f","game":"7dtd","world_id":"td-0d917a4eff776d999148769266591579674d2c42de6557026893a1902834f11f"},"position":{"space":"7dtd","x":-273.03436279296875,"y":61.079998016357422,"z":446.87322998046875},"rotation":{"pitch":-7.03159236907959,"roll":0,"yaw":101.41293334960938},"sequence":257,"source":"7dtd","stream_id":"d6937bfa-f41f-4a3c-87a8-c01a0755b820","type":"entity_state","version":2,"world_id":"td-0d917a4eff776d999148769266591579674d2c42de6557026893a1902834f11f"}
2026-10-03T20:18:40 271.450 INF [MC7DTD] 7DTD entity sent: {"authority":"7dtd","dimension":"7dtd:main","entity_id":"ec5d61f7-843b-47b7-a811-28c15b00651f","entity_type":"7dtd:player","lifecycle":{"event":"update"},"metadata":{},"origin":{"dimension":"7dtd:main","entity_id":"ec5d61f7-843b-47b7-a811-28c15b00651f","game":"7dtd","world_id":"td-0d917a4eff776d999148769266591579674d2c42de6557026893a1902834f11f"},"position":{"space":"7dtd","x":-273.03436279296875,"y":61.079998016357422,"z":446.87322998046875},"rotation":{"pitch":-7.03159236907959,"roll":0,"yaw":101.41293334960938},"sequence":258,"source":"7dtd","stream_id":"d6937bfa-f41f-4a3c-87a8-c01a0755b820","type":"entity_state","version":2,"world_id":"td-0d917a4eff776d999148769266591579674d2c42de6557026893a1902834f11f"}
2026-10-03T20:18:40 271.530 INF 143107 EntityBackpack id 178, plyrId 171, (-274.1, 61.2, 448.8) (-18, 28), chunk True (-18, 3, 28), items 5 drinkJarBoiledWater, foodCanChili at ((-274.12, 61.25, 448.84)) : Write
2026-10-03T20:18:40 271.952 INF [MC7DTD] 7DTD entity sent: {"authority":"7dtd","dimension":"7dtd:main","entity_id":"ec5d61f7-843b-47b7-a811-28c15b00651f","entity_type":"7dtd:player","lifecycle":{"event":"update"},"metadata":{},"origin":{"dimension":"7dtd:main","entity_id":"ec5d61f7-843b-47b7-a811-28c15b00651f","game":"7dtd","world_id":"td-0d917a4eff776d999148769266591579674d2c42de6557026893a1902834f11f"},"position":{"space":"7dtd","x":-273.03436279296875,"y":61.079998016357422,"z":446.87322998046875},"rotation":{"pitch":-7.03159236907959,"roll":0,"yaw":101.41293334960938},"sequence":259,"source":"7dtd","stream_id":"d6937bfa-f41f-4a3c-87a8-c01a0755b820","type":"entity_state","version":2,"world_id":"td-0d917a4eff776d999148769266591579674d2c42de6557026893a1902834f11f"}
2026-10-03T20:18:41 272.454 INF [MC7DTD] 7DTD entity sent: {"authority":"7dtd","dimension":"7dtd:main","entity_id":"ec5d61f7-843b-47b7-a811-28c15b00651f","entity_type":"7dtd:player","lifecycle":{"event":"update"},"metadata":{},"origin":{"dimension":"7dtd:main","entity_id":"ec5d61f7-843b-47b7-a811-28c15b00651f","game":"7dtd","world_id":"td-0d917a4eff776d999148769266591579674d2c42de6557026893a1902834f11f"},"position":{"space":"7dtd","x":-273.03436279296875,"y":61.079998016357422,"z":446.87322998046875},"rotation":{"pitch":-7.03159236907959,"roll":0,"yaw":101.41293334960938},"sequence":260,"source":"7dtd","stream_id":"d6937bfa-f41f-4a3c-87a8-c01a0755b820","type":"entity_state","version":2,"world_id":"td-0d917a4eff776d999148769266591579674d2c42de6557026893a1902834f11f"}
2026-10-03T20:18:41 272.956 INF [MC7DTD] 7DTD entity sent: {"authority":"7dtd","dimension":"7dtd:main","entity_id":"ec5d61f7-843b-47b7-a811-28c15b00651f","entity_type":"7dtd:player","lifecycle":{"event":"update"},"metadata":{},"origin":{"dimension":"7dtd:main","entity_id":"ec5d61f7-843b-47b7-a811-28c15b00651f","game":"7dtd","world_id":"td-0d917a4eff776d999148769266591579674d2c42de6557026893a1902834f11f"},"position":{"space":"7dtd","x":-273.03436279296875,"y":61.079998016357422,"z":446.87322998046875},"rotation":{"pitch":-7.03159236907959,"roll":0,"yaw":101.41293334960938},"sequence":261,"source":"7dtd","stream_id":"d6937bfa-f41f-4a3c-87a8-c01a0755b820","type":"entity_state","version":2,"world_id":"td-0d917a4eff776d999148769266591579674d2c42de6557026893a1902834f11f"}
2026-10-03T20:18:42 273.458 INF [MC7DTD] 7DTD entity sent: {"authority":"7dtd","dimension":"7dtd:main","entity_id":"ec5d61f7-843b-47b7-a811-28c15b00651f","entity_type":"7dtd:player","lifecycle":{"event":"update"},"metadata":{},"origin":{"dimension":"7dtd:main","entity_id":"ec5d61f7-843b-47b7-a811-28c15b00651f","game":"7dtd","world_id":"td-0d917a4eff776d999148769266591579674d2c42de6557026893a1902834f11f"},"position":{"space":"7dtd","x":-273.03436279296875,"y":61.079998016357422,"z":446.87322998046875},"rotation":{"pitch":-7.03159236907959,"roll":0,"yaw":101.41293334960938},"sequence":262,"source":"7dtd","stream_id":"d6937bfa-f41f-4a3c-87a8-c01a0755b820","type":"entity_state","version":2,"world_id":"td-0d917a4eff776d999148769266591579674d2c42de6557026893a1902834f11f"}
2026-10-03T20:18:42 273.960 INF [MC7DTD] 7DTD entity sent: {"authority":"7dtd","dimension":"7dtd:main","entity_id":"ec5d61f7-843b-47b7-a811-28c15b00651f","entity_type":"7dtd:player","lifecycle":{"event":"update"},"metadata":{},"origin":{"dimension":"7dtd:main","entity_id":"ec5d61f7-843b-47b7-a811-28c15b00651f","game":"7dtd","world_id":"td-0d917a4eff776d999148769266591579674d2c42de6557026893a1902834f11f"},"position":{"space":"7dtd","x":-273.03436279296875,"y":61.079998016357422,"z":446.87322998046875},"rotation":{"pitch":-7.03159236907959,"roll":0,"yaw":101.41293334960938},"sequence":263,"source":"7dtd","stream_id":"d6937bfa-f41f-4a3c-87a8-c01a0755b820","type":"entity_state","version":2,"world_id":"td-0d917a4eff776d999148769266591579674d2c42de6557026893a1902834f11f"}
2026-10-03T20:18:43 274.462 INF [MC7DTD] 7DTD entity sent: {"authority":"7dtd","dimension":"7dtd:main","entity_id":"ec5d61f7-843b-47b7-a811-28c15b00651f","entity_type":"7dtd:player","lifecycle":{"event":"update"},"metadata":{},"origin":{"dimension":"7dtd:main","entity_id":"ec5d61f7-843b-47b7-a811-28c15b00651f","game":"7dtd","world_id":"td-0d917a4eff776d999148769266591579674d2c42de6557026893a1902834f11f"},"position":{"space":"7dtd","x":-273.03436279296875,"y":61.079998016357422,"z":446.87322998046875},"rotation":{"pitch":-7.03159236907959,"roll":0,"yaw":101.41293334960938},"sequence":264,"source":"7dtd","stream_id":"d6937bfa-f41f-4a3c-87a8-c01a0755b820","type":"entity_state","version":2,"world_id":"td-0d917a4eff776d999148769266591579674d2c42de6557026893a1902834f11f"}
2026-10-03T20:18:43 274.964 INF [MC7DTD] 7DTD entity sent: {"authority":"7dtd","dimension":"7dtd:main","entity_id":"ec5d61f7-843b-47b7-a811-28c15b00651f","entity_type":"7dtd:player","lifecycle":{"event":"update"},"metadata":{},"origin":{"dimension":"7dtd:main","entity_id":"ec5d61f7-843b-47b7-a811-28c15b00651f","game":"7dtd","world_id":"td-0d917a4eff776d999148769266591579674d2c42de6557026893a1902834f11f"},"position":{"space":"7dtd","x":-273.03436279296875,"y":61.079998016357422,"z":446.87322998046875},"rotation":{"pitch":-7.03159236907959,"roll":0,"yaw":101.41293334960938},"sequence":265,"source":"7dtd","stream_id":"d6937bfa-f41f-4a3c-87a8-c01a0755b820","type":"entity_state","version":2,"world_id":"td-0d917a4eff776d999148769266591579674d2c42de6557026893a1902834f11f"}
2026-10-03T20:18:44 275.466 INF [MC7DTD] 7DTD entity sent: {"authority":"7dtd","dimension":"7dtd:main","entity_id":"ec5d61f7-843b-47b7-a811-28c15b00651f","entity_type":"7dtd:player","lifecycle":{"event":"update"},"metadata":{},"origin":{"dimension":"7dtd:main","entity_id":"ec5d61f7-843b-47b7-a811-28c15b00651f","game":"7dtd","world_id":"td-0d917a4eff776d999148769266591579674d2c42de6557026893a1902834f11f"},"position":{"space":"7dtd","x":-273.03436279296875,"y":61.079998016357422,"z":446.87322998046875},"rotation":{"pitch":-7.03159236907959,"roll":0,"yaw":101.41293334960938},"sequence":266,"source":"7dtd","stream_id":"d6937bfa-f41f-4a3c-87a8-c01a0755b820","type":"entity_state","version":2,"world_id":"td-0d917a4eff776d999148769266591579674d2c42de6557026893a1902834f11f"}
2026-10-03T20:18:44 275.968 INF [MC7DTD] 7DTD entity sent: {"authority":"7dtd","dimension":"7dtd:main","entity_id":"ec5d61f7-843b-47b7-a811-28c15b00651f","entity_type":"7dtd:player","lifecycle":{"event":"update"},"metadata":{},"origin":{"dimension":"7dtd:main","entity_id":"ec5d61f7-843b-47b7-a811-28c15b00651f","game":"7dtd","world_id":"td-0d917a4eff776d999148769266591579674d2c42de6557026893a1902834f11f"},"position":{"space":"7dtd","x":-273.03436279296875,"y":61.079998016357422,"z":446.87322998046875},"rotation":{"pitch":-7.03159236907959,"roll":0,"yaw":101.41293334960938},"sequence":267,"source":"7dtd","stream_id":"d6937bfa-f41f-4a3c-87a8-c01a0755b820","type":"entity_state","version":2,"world_id":"td-0d917a4eff776d999148769266591579674d2c42de6557026893a1902834f11f"}
2026-10-03T20:18:45 276.470 INF [MC7DTD] 7DTD entity sent: {"authority":"7dtd","dimension":"7dtd:main","entity_id":"ec5d61f7-843b-47b7-a811-28c15b00651f","entity_type":"7dtd:player","lifecycle":{"event":"update"},"metadata":{},"origin":{"dimension":"7dtd:main","entity_id":"ec5d61f7-843b-47b7-a811-28c15b00651f","game":"7dtd","world_id":"td-0d917a4eff776d999148769266591579674d2c42de6557026893a1902834f11f"},"position":{"space":"7dtd","x":-273.03436279296875,"y":61.079998016357422,"z":446.87322998046875},"rotation":{"pitch":-7.03159236907959,"roll":0,"yaw":101.41293334960938},"sequence":268,"source":"7dtd","stream_id":"d6937bfa-f41f-4a3c-87a8-c01a0755b820","type":"entity_state","version":2,"world_id":"td-0d917a4eff776d999148769266591579674d2c42de6557026893a1902834f11f"}
2026-10-03T20:18:45 276.972 INF [MC7DTD] 7DTD entity sent: {"authority":"7dtd","dimension":"7dtd:main","entity_id":"ec5d61f7-843b-47b7-a811-28c15b00651f","entity_type":"7dtd:player","lifecycle":{"event":"update"},"metadata":{},"origin":{"dimension":"7dtd:main","entity_id":"ec5d61f7-843b-47b7-a811-28c15b00651f","game":"7dtd","world_id":"td-0d917a4eff776d999148769266591579674d2c42de6557026893a1902834f11f"},"position":{"space":"7dtd","x":-273.03436279296875,"y":61.079998016357422,"z":446.87322998046875},"rotation":{"pitch":-7.03159236907959,"roll":0,"yaw":101.41293334960938},"sequence":269,"source":"7dtd","stream_id":"d6937bfa-f41f-4a3c-87a8-c01a0755b820","type":"entity_state","version":2,"world_id":"td-0d917a4eff776d999148769266591579674d2c42de6557026893a1902834f11f"}
2026-10-03T20:18:46 277.474 INF [MC7DTD] 7DTD entity sent: {"authority":"7dtd","dimension":"7dtd:main","entity_id":"ec5d61f7-843b-47b7-a811-28c15b00651f","entity_type":"7dtd:player","lifecycle":{"event":"update"},"metadata":{},"origin":{"dimension":"7dtd:main","entity_id":"ec5d61f7-843b-47b7-a811-28c15b00651f","game":"7dtd","world_id":"td-0d917a4eff776d999148769266591579674d2c42de6557026893a1902834f11f"},"position":{"space":"7dtd","x":-273.03436279296875,"y":61.079998016357422,"z":446.87322998046875},"rotation":{"pitch":-7.03159236907959,"roll":0,"yaw":101.41293334960938},"sequence":270,"source":"7dtd","stream_id":"d6937bfa-f41f-4a3c-87a8-c01a0755b820","type":"entity_state","version":2,"world_id":"td-0d917a4eff776d999148769266591579674d2c42de6557026893a1902834f11f"}
2026-10-03T20:18:46 277.976 INF [MC7DTD] 7DTD entity sent: {"authority":"7dtd","dimension":"7dtd:main","entity_id":"ec5d61f7-843b-47b7-a811-28c15b00651f","entity_type":"7dtd:player","lifecycle":{"event":"update"},"metadata":{},"origin":{"dimension":"7dtd:main","entity_id":"ec5d61f7-843b-47b7-a811-28c15b00651f","game":"7dtd","world_id":"td-0d917a4eff776d999148769266591579674d2c42de6557026893a1902834f11f"},"position":{"space":"7dtd","x":-273.03436279296875,"y":61.079998016357422,"z":446.87322998046875},"rotation":{"pitch":-7.03159236907959,"roll":0,"yaw":101.41293334960938},"sequence":271,"source":"7dtd","stream_id":"d6937bfa-f41f-4a3c-87a8-c01a0755b820","type":"entity_state","version":2,"world_id":"td-0d917a4eff776d999148769266591579674d2c42de6557026893a1902834f11f"}
2026-10-03T20:18:47 278.478 INF [MC7DTD] 7DTD entity sent: {"authority":"7dtd","dimension":"7dtd:main","entity_id":"ec5d61f7-843b-47b7-a811-28c15b00651f","entity_type":"7dtd:player","lifecycle":{"event":"update"},"metadata":{},"origin":{"dimension":"7dtd:main","entity_id":"ec5d61f7-843b-47b7-a811-28c15b00651f","game":"7dtd","world_id":"td-0d917a4eff776d999148769266591579674d2c42de6557026893a1902834f11f"},"position":{"space":"7dtd","x":-273.03436279296875,"y":61.079998016357422,"z":446.87322998046875},"rotation":{"pitch":-7.03159236907959,"roll":0,"yaw":101.41293334960938},"sequence":272,"source":"7dtd","stream_id":"d6937bfa-f41f-4a3c-87a8-c01a0755b820","type":"entity_state","version":2,"world_id":"td-0d917a4eff776d999148769266591579674d2c42de6557026893a1902834f11f"}
2026-10-03T20:18:47 278.979 INF [MC7DTD] 7DTD entity sent: {"authority":"7dtd","dimension":"7dtd:main","entity_id":"ec5d61f7-843b-47b7-a811-28c15b00651f","entity_type":"7dtd:player","lifecycle":{"event":"update"},"metadata":{},"origin":{"dimension":"7dtd:main","entity_id":"ec5d61f7-843b-47b7-a811-28c15b00651f","game":"7dtd","world_id":"td-0d917a4eff776d999148769266591579674d2c42de6557026893a1902834f11f"},"position":{"space":"7dtd","x":-273.03436279296875,"y":61.079998016357422,"z":446.87322998046875},"rotation":{"pitch":-7.03159236907959,"roll":0,"yaw":101.41293334960938},"sequence":273,"source":"7dtd","stream_id":"d6937bfa-f41f-4a3c-87a8-c01a0755b820","type":"entity_state","version":2,"world_id":"td-0d917a4eff776d999148769266591579674d2c42de6557026893a1902834f11f"}
2026-10-03T20:18:48 279.481 INF [MC7DTD] 7DTD entity sent: {"authority":"7dtd","dimension":"7dtd:main","entity_id":"ec5d61f7-843b-47b7-a811-28c15b00651f","entity_type":"7dtd:player","lifecycle":{"event":"update"},"metadata":{},"origin":{"dimension":"7dtd:main","entity_id":"ec5d61f7-843b-47b7-a811-28c15b00651f","game":"7dtd","world_id":"td-0d917a4eff776d999148769266591579674d2c42de6557026893a1902834f11f"},"position":{"space":"7dtd","x":-273.03436279296875,"y":61.079998016357422,"z":446.87322998046875},"rotation":{"pitch":-7.03159236907959,"roll":0,"yaw":101.41293334960938},"sequence":274,"source":"7dtd","stream_id":"d6937bfa-f41f-4a3c-87a8-c01a0755b820","type":"entity_state","version":2,"world_id":"td-0d917a4eff776d999148769266591579674d2c42de6557026893a1902834f11f"}
2026-10-03T20:18:48 279.984 INF [MC7DTD] 7DTD entity sent: {"authority":"7dtd","dimension":"7dtd:main","entity_id":"ec5d61f7-843b-47b7-a811-28c15b00651f","entity_type":"7dtd:player","lifecycle":{"event":"update"},"metadata":{},"origin":{"dimension":"7dtd:main","entity_id":"ec5d61f7-843b-47b7-a811-28c15b00651f","game":"7dtd","world_id":"td-0d917a4eff776d999148769266591579674d2c42de6557026893a1902834f11f"},"position":{"space":"7dtd","x":-273.03436279296875,"y":61.079998016357422,"z":446.87322998046875},"rotation":{"pitch":-7.03159236907959,"roll":0,"yaw":101.41293334960938},"sequence":275,"source":"7dtd","stream_id":"d6937bfa-f41f-4a3c-87a8-c01a0755b820","type":"entity_state","version":2,"world_id":"td-0d917a4eff776d999148769266591579674d2c42de6557026893a1902834f11f"}
2026-10-03T20:18:49 280.487 INF [MC7DTD] 7DTD entity sent: {"authority":"7dtd","dimension":"7dtd:main","entity_id":"ec5d61f7-843b-47b7-a811-28c15b00651f","entity_type":"7dtd:player","lifecycle":{"event":"update"},"metadata":{},"origin":{"dimension":"7dtd:main","entity_id":"ec5d61f7-843b-47b7-a811-28c15b00651f","game":"7dtd","world_id":"td-0d917a4eff776d999148769266591579674d2c42de6557026893a1902834f11f"},"position":{"space":"7dtd","x":-273.03436279296875,"y":61.079998016357422,"z":446.87322998046875},"rotation":{"pitch":-7.03159236907959,"roll":0,"yaw":101.41293334960938},"sequence":276,"source":"7dtd","stream_id":"d6937bfa-f41f-4a3c-87a8-c01a0755b820","type":"entity_state","version":2,"world_id":"td-0d917a4eff776d999148769266591579674d2c42de6557026893a1902834f11f"}
2026-10-03T20:18:49 280.988 INF [MC7DTD] 7DTD entity sent: {"authority":"7dtd","dimension":"7dtd:main","entity_id":"ec5d61f7-843b-47b7-a811-28c15b00651f","entity_type":"7dtd:player","lifecycle":{"event":"update"},"metadata":{},"origin":{"dimension":"7dtd:main","entity_id":"ec5d61f7-843b-47b7-a811-28c15b00651f","game":"7dtd","world_id":"td-0d917a4eff776d999148769266591579674d2c42de6557026893a1902834f11f"},"position":{"space":"7dtd","x":-273.03436279296875,"y":61.079998016357422,"z":446.87322998046875},"rotation":{"pitch":-7.03159236907959,"roll":0,"yaw":101.41293334960938},"sequence":277,"source":"7dtd","stream_id":"d6937bfa-f41f-4a3c-87a8-c01a0755b820","type":"entity_state","version":2,"world_id":"td-0d917a4eff776d999148769266591579674d2c42de6557026893a1902834f11f"}
2026-10-03T20:18:50 281.490 INF [MC7DTD] 7DTD entity sent: {"authority":"7dtd","dimension":"7dtd:main","entity_id":"ec5d61f7-843b-47b7-a811-28c15b00651f","entity_type":"7dtd:player","lifecycle":{"event":"update"},"metadata":{},"origin":{"dimension":"7dtd:main","entity_id":"ec5d61f7-843b-47b7-a811-28c15b00651f","game":"7dtd","world_id":"td-0d917a4eff776d999148769266591579674d2c42de6557026893a1902834f11f"},"position":{"space":"7dtd","x":-273.03436279296875,"y":61.079998016357422,"z":446.87322998046875},"rotation":{"pitch":-7.03159236907959,"roll":0,"yaw":101.41293334960938},"sequence":278,"source":"7dtd","stream_id":"d6937bfa-f41f-4a3c-87a8-c01a0755b820","type":"entity_state","version":2,"world_id":"td-0d917a4eff776d999148769266591579674d2c42de6557026893a1902834f11f"}
2026-10-03T20:18:50 281.994 INF [MC7DTD] 7DTD entity sent: {"authority":"7dtd","dimension":"7dtd:main","entity_id":"ec5d61f7-843b-47b7-a811-28c15b00651f","entity_type":"7dtd:player","lifecycle":{"event":"update"},"metadata":{},"origin":{"dimension":"7dtd:main","entity_id":"ec5d61f7-843b-47b7-a811-28c15b00651f","game":"7dtd","world_id":"td-0d917a4eff776d999148769266591579674d2c42de6557026893a1902834f11f"},"position":{"space":"7dtd","x":-273.03436279296875,"y":61.079998016357422,"z":446.87322998046875},"rotation":{"pitch":-7.03159236907959,"roll":0,"yaw":101.41293334960938},"sequence":279,"source":"7dtd","stream_id":"d6937bfa-f41f-4a3c-87a8-c01a0755b820","type":"entity_state","version":2,"world_id":"td-0d917a4eff776d999148769266591579674d2c42de6557026893a1902834f11f"}
2026-10-03T20:18:51 282.496 INF [MC7DTD] 7DTD entity sent: {"authority":"7dtd","dimension":"7dtd:main","entity_id":"ec5d61f7-843b-47b7-a811-28c15b00651f","entity_type":"7dtd:player","lifecycle":{"event":"update"},"metadata":{},"origin":{"dimension":"7dtd:main","entity_id":"ec5d61f7-843b-47b7-a811-28c15b00651f","game":"7dtd","world_id":"td-0d917a4eff776d999148769266591579674d2c42de6557026893a1902834f11f"},"position":{"space":"7dtd","x":-273.03436279296875,"y":61.079998016357422,"z":446.87322998046875},"rotation":{"pitch":-7.03159236907959,"roll":0,"yaw":101.41293334960938},"sequence":280,"source":"7dtd","stream_id":"d6937bfa-f41f-4a3c-87a8-c01a0755b820","type":"entity_state","version":2,"world_id":"td-0d917a4eff776d999148769266591579674d2c42de6557026893a1902834f11f"}
2026-10-03T20:18:51 282.997 INF [MC7DTD] 7DTD entity sent: {"authority":"7dtd","dimension":"7dtd:main","entity_id":"ec5d61f7-843b-47b7-a811-28c15b00651f","entity_type":"7dtd:player","lifecycle":{"event":"update"},"metadata":{},"origin":{"dimension":"7dtd:main","entity_id":"ec5d61f7-843b-47b7-a811-28c15b00651f","game":"7dtd","world_id":"td-0d917a4eff776d999148769266591579674d2c42de6557026893a1902834f11f"},"position":{"space":"7dtd","x":-273.03436279296875,"y":61.079998016357422,"z":446.87322998046875},"rotation":{"pitch":-7.03159236907959,"roll":0,"yaw":101.41293334960938},"sequence":281,"source":"7dtd","stream_id":"d6937bfa-f41f-4a3c-87a8-c01a0755b820","type":"entity_state","version":2,"world_id":"td-0d917a4eff776d999148769266591579674d2c42de6557026893a1902834f11f"}
2026-10-03T20:18:52 283.499 INF [MC7DTD] 7DTD entity sent: {"authority":"7dtd","dimension":"7dtd:main","entity_id":"ec5d61f7-843b-47b7-a811-28c15b00651f","entity_type":"7dtd:player","lifecycle":{"event":"update"},"metadata":{},"origin":{"dimension":"7dtd:main","entity_id":"ec5d61f7-843b-47b7-a811-28c15b00651f","game":"7dtd","world_id":"td-0d917a4eff776d999148769266591579674d2c42de6557026893a1902834f11f"},"position":{"space":"7dtd","x":-273.03436279296875,"y":61.079998016357422,"z":446.87322998046875},"rotation":{"pitch":-7.03159236907959,"roll":0,"yaw":101.41293334960938},"sequence":282,"source":"7dtd","stream_id":"d6937bfa-f41f-4a3c-87a8-c01a0755b820","type":"entity_state","version":2,"world_id":"td-0d917a4eff776d999148769266591579674d2c42de6557026893a1902834f11f"}
2026-10-03T20:18:52 284.000 INF [MC7DTD] 7DTD entity sent: {"authority":"7dtd","dimension":"7dtd:main","entity_id":"ec5d61f7-843b-47b7-a811-28c15b00651f","entity_type":"7dtd:player","lifecycle":{"event":"update"},"metadata":{},"origin":{"dimension":"7dtd:main","entity_id":"ec5d61f7-843b-47b7-a811-28c15b00651f","game":"7dtd","world_id":"td-0d917a4eff776d999148769266591579674d2c42de6557026893a1902834f11f"},"position":{"space":"7dtd","x":-273.03436279296875,"y":61.079998016357422,"z":446.87322998046875},"rotation":{"pitch":-7.03159236907959,"roll":0,"yaw":101.41293334960938},"sequence":283,"source":"7dtd","stream_id":"d6937bfa-f41f-4a3c-87a8-c01a0755b820","type":"entity_state","version":2,"world_id":"td-0d917a4eff776d999148769266591579674d2c42de6557026893a1902834f11f"}
2026-10-03T20:18:53 284.502 INF [MC7DTD] 7DTD entity sent: {"authority":"7dtd","dimension":"7dtd:main","entity_id":"ec5d61f7-843b-47b7-a811-28c15b00651f","entity_type":"7dtd:player","lifecycle":{"event":"update"},"metadata":{},"origin":{"dimension":"7dtd:main","entity_id":"ec5d61f7-843b-47b7-a811-28c15b00651f","game":"7dtd","world_id":"td-0d917a4eff776d999148769266591579674d2c42de6557026893a1902834f11f"},"position":{"space":"7dtd","x":-273.03436279296875,"y":61.079998016357422,"z":446.87322998046875},"rotation":{"pitch":-7.03159236907959,"roll":0,"yaw":101.41293334960938},"sequence":284,"source":"7dtd","stream_id":"d6937bfa-f41f-4a3c-87a8-c01a0755b820","type":"entity_state","version":2,"world_id":"td-0d917a4eff776d999148769266591579674d2c42de6557026893a1902834f11f"}
2026-10-03T20:18:53 285.004 INF [MC7DTD] 7DTD entity sent: {"authority":"7dtd","dimension":"7dtd:main","entity_id":"ec5d61f7-843b-47b7-a811-28c15b00651f","entity_type":"7dtd:player","lifecycle":{"event":"update"},"metadata":{},"origin":{"dimension":"7dtd:main","entity_id":"ec5d61f7-843b-47b7-a811-28c15b00651f","game":"7dtd","world_id":"td-0d917a4eff776d999148769266591579674d2c42de6557026893a1902834f11f"},"position":{"space":"7dtd","x":-273.03436279296875,"y":61.079998016357422,"z":446.87322998046875},"rotation":{"pitch":-7.03159236907959,"roll":0,"yaw":101.41293334960938},"sequence":285,"source":"7dtd","stream_id":"d6937bfa-f41f-4a3c-87a8-c01a0755b820","type":"entity_state","version":2,"world_id":"td-0d917a4eff776d999148769266591579674d2c42de6557026893a1902834f11f"}
2026-10-03T20:18:54 285.506 INF [MC7DTD] 7DTD entity sent: {"authority":"7dtd","dimension":"7dtd:main","entity_id":"ec5d61f7-843b-47b7-a811-28c15b00651f","entity_type":"7dtd:player","lifecycle":{"event":"update"},"metadata":{},"origin":{"dimension":"7dtd:main","entity_id":"ec5d61f7-843b-47b7-a811-28c15b00651f","game":"7dtd","world_id":"td-0d917a4eff776d999148769266591579674d2c42de6557026893a1902834f11f"},"position":{"space":"7dtd","x":-273.03436279296875,"y":61.079998016357422,"z":446.87322998046875},"rotation":{"pitch":-7.03159236907959,"roll":0,"yaw":101.41293334960938},"sequence":286,"source":"7dtd","stream_id":"d6937bfa-f41f-4a3c-87a8-c01a0755b820","type":"entity_state","version":2,"world_id":"td-0d917a4eff776d999148769266591579674d2c42de6557026893a1902834f11f"}
2026-10-03T20:18:54 286.008 INF [MC7DTD] 7DTD entity sent: {"authority":"7dtd","dimension":"7dtd:main","entity_id":"ec5d61f7-843b-47b7-a811-28c15b00651f","entity_type":"7dtd:player","lifecycle":{"event":"update"},"metadata":{},"origin":{"dimension":"7dtd:main","entity_id":"ec5d61f7-843b-47b7-a811-28c15b00651f","game":"7dtd","world_id":"td-0d917a4eff776d999148769266591579674d2c42de6557026893a1902834f11f"},"position":{"space":"7dtd","x":-273.03436279296875,"y":61.079998016357422,"z":446.87322998046875},"rotation":{"pitch":-7.03159236907959,"roll":0,"yaw":101.41293334960938},"sequence":287,"source":"7dtd","stream_id":"d6937bfa-f41f-4a3c-87a8-c01a0755b820","type":"entity_state","version":2,"world_id":"td-0d917a4eff776d999148769266591579674d2c42de6557026893a1902834f11f"}
2026-10-03T20:18:55 286.510 INF [MC7DTD] 7DTD entity sent: {"authority":"7dtd","dimension":"7dtd:main","entity_id":"ec5d61f7-843b-47b7-a811-28c15b00651f","entity_type":"7dtd:player","lifecycle":{"event":"update"},"metadata":{},"origin":{"dimension":"7dtd:main","entity_id":"ec5d61f7-843b-47b7-a811-28c15b00651f","game":"7dtd","world_id":"td-0d917a4eff776d999148769266591579674d2c42de6557026893a1902834f11f"},"position":{"space":"7dtd","x":-273.03436279296875,"y":61.079998016357422,"z":446.87322998046875},"rotation":{"pitch":-7.03159236907959,"roll":0,"yaw":101.41293334960938},"sequence":288,"source":"7dtd","stream_id":"d6937bfa-f41f-4a3c-87a8-c01a0755b820","type":"entity_state","version":2,"world_id":"td-0d917a4eff776d999148769266591579674d2c42de6557026893a1902834f11f"}
2026-10-03T20:18:55 287.013 INF [MC7DTD] 7DTD entity sent: {"authority":"7dtd","dimension":"7dtd:main","entity_id":"ec5d61f7-843b-47b7-a811-28c15b00651f","entity_type":"7dtd:player","lifecycle":{"event":"update"},"metadata":{},"origin":{"dimension":"7dtd:main","entity_id":"ec5d61f7-843b-47b7-a811-28c15b00651f","game":"7dtd","world_id":"td-0d917a4eff776d999148769266591579674d2c42de6557026893a1902834f11f"},"position":{"space":"7dtd","x":-273.03436279296875,"y":61.079998016357422,"z":446.87322998046875},"rotation":{"pitch":-7.03159236907959,"roll":0,"yaw":101.41293334960938},"sequence":289,"source":"7dtd","stream_id":"d6937bfa-f41f-4a3c-87a8-c01a0755b820","type":"entity_state","version":2,"world_id":"td-0d917a4eff776d999148769266591579674d2c42de6557026893a1902834f11f"}
2026-10-03T20:18:56 287.514 INF [MC7DTD] 7DTD entity sent: {"authority":"7dtd","dimension":"7dtd:main","entity_id":"ec5d61f7-843b-47b7-a811-28c15b00651f","entity_type":"7dtd:player","lifecycle":{"event":"update"},"metadata":{},"origin":{"dimension":"7dtd:main","entity_id":"ec5d61f7-843b-47b7-a811-28c15b00651f","game":"7dtd","world_id":"td-0d917a4eff776d999148769266591579674d2c42de6557026893a1902834f11f"},"position":{"space":"7dtd","x":-273.03436279296875,"y":61.079998016357422,"z":446.87322998046875},"rotation":{"pitch":-7.03159236907959,"roll":0,"yaw":101.41293334960938},"sequence":290,"source":"7dtd","stream_id":"d6937bfa-f41f-4a3c-87a8-c01a0755b820","type":"entity_state","version":2,"world_id":"td-0d917a4eff776d999148769266591579674d2c42de6557026893a1902834f11f"}
2026-10-03T20:18:56 288.016 INF [MC7DTD] 7DTD entity sent: {"authority":"7dtd","dimension":"7dtd:main","entity_id":"ec5d61f7-843b-47b7-a811-28c15b00651f","entity_type":"7dtd:player","lifecycle":{"event":"update"},"metadata":{},"origin":{"dimension":"7dtd:main","entity_id":"ec5d61f7-843b-47b7-a811-28c15b00651f","game":"7dtd","world_id":"td-0d917a4eff776d999148769266591579674d2c42de6557026893a1902834f11f"},"position":{"space":"7dtd","x":-273.03436279296875,"y":61.079998016357422,"z":446.87322998046875},"rotation":{"pitch":-7.03159236907959,"roll":0,"yaw":101.41293334960938},"sequence":291,"source":"7dtd","stream_id":"d6937bfa-f41f-4a3c-87a8-c01a0755b820","type":"entity_state","version":2,"world_id":"td-0d917a4eff776d999148769266591579674d2c42de6557026893a1902834f11f"}
2026-10-03T20:18:57 288.518 INF [MC7DTD] 7DTD entity sent: {"authority":"7dtd","dimension":"7dtd:main","entity_id":"ec5d61f7-843b-47b7-a811-28c15b00651f","entity_type":"7dtd:player","lifecycle":{"event":"update"},"metadata":{},"origin":{"dimension":"7dtd:main","entity_id":"ec5d61f7-843b-47b7-a811-28c15b00651f","game":"7dtd","world_id":"td-0d917a4eff776d999148769266591579674d2c42de6557026893a1902834f11f"},"position":{"space":"7dtd","x":-273.03436279296875,"y":61.079998016357422,"z":446.87322998046875},"rotation":{"pitch":-7.03159236907959,"roll":0,"yaw":101.41293334960938},"sequence":292,"source":"7dtd","stream_id":"d6937bfa-f41f-4a3c-87a8-c01a0755b820","type":"entity_state","version":2,"world_id":"td-0d917a4eff776d999148769266591579674d2c42de6557026893a1902834f11f"}
2026-10-03T20:18:57 288.780 INF SectionType change from None to Exploration
2026-10-03T20:18:57 288.783 INF Played Exploration
2026-10-03T20:18:57 288.784 INF Fading in Exploration
2026-10-03T20:18:57 288.786 INF Notified SectionSelector that music played
2026-10-03T20:18:57 289.020 INF [MC7DTD] 7DTD entity sent: {"authority":"7dtd","dimension":"7dtd:main","entity_id":"ec5d61f7-843b-47b7-a811-28c15b00651f","entity_type":"7dtd:player","lifecycle":{"event":"update"},"metadata":{},"origin":{"dimension":"7dtd:main","entity_id":"ec5d61f7-843b-47b7-a811-28c15b00651f","game":"7dtd","world_id":"td-0d917a4eff776d999148769266591579674d2c42de6557026893a1902834f11f"},"position":{"space":"7dtd","x":-273.03436279296875,"y":61.079998016357422,"z":446.87322998046875},"rotation":{"pitch":-7.03159236907959,"roll":0,"yaw":101.41293334960938},"sequence":293,"source":"7dtd","stream_id":"d6937bfa-f41f-4a3c-87a8-c01a0755b820","type":"entity_state","version":2,"world_id":"td-0d917a4eff776d999148769266591579674d2c42de6557026893a1902834f11f"}
2026-10-03T20:18:58 289.522 INF [MC7DTD] 7DTD entity sent: {"authority":"7dtd","dimension":"7dtd:main","entity_id":"ec5d61f7-843b-47b7-a811-28c15b00651f","entity_type":"7dtd:player","lifecycle":{"event":"update"},"metadata":{},"origin":{"dimension":"7dtd:main","entity_id":"ec5d61f7-843b-47b7-a811-28c15b00651f","game":"7dtd","world_id":"td-0d917a4eff776d999148769266591579674d2c42de6557026893a1902834f11f"},"position":{"space":"7dtd","x":-273.03436279296875,"y":61.079998016357422,"z":446.87322998046875},"rotation":{"pitch":-7.03159236907959,"roll":0,"yaw":101.41293334960938},"sequence":294,"source":"7dtd","stream_id":"d6937bfa-f41f-4a3c-87a8-c01a0755b820","type":"entity_state","version":2,"world_id":"td-0d917a4eff776d999148769266591579674d2c42de6557026893a1902834f11f"}
2026-10-03T20:18:58 290.024 INF [MC7DTD] 7DTD entity sent: {"authority":"7dtd","dimension":"7dtd:main","entity_id":"ec5d61f7-843b-47b7-a811-28c15b00651f","entity_type":"7dtd:player","lifecycle":{"event":"update"},"metadata":{},"origin":{"dimension":"7dtd:main","entity_id":"ec5d61f7-843b-47b7-a811-28c15b00651f","game":"7dtd","world_id":"td-0d917a4eff776d999148769266591579674d2c42de6557026893a1902834f11f"},"position":{"space":"7dtd","x":-273.03436279296875,"y":61.079998016357422,"z":446.87322998046875},"rotation":{"pitch":-7.03159236907959,"roll":0,"yaw":101.41293334960938},"sequence":295,"source":"7dtd","stream_id":"d6937bfa-f41f-4a3c-87a8-c01a0755b820","type":"entity_state","version":2,"world_id":"td-0d917a4eff776d999148769266591579674d2c42de6557026893a1902834f11f"}
2026-10-03T20:18:59 290.526 INF [MC7DTD] 7DTD entity sent: {"authority":"7dtd","dimension":"7dtd:main","entity_id":"ec5d61f7-843b-47b7-a811-28c15b00651f","entity_type":"7dtd:player","lifecycle":{"event":"update"},"metadata":{},"origin":{"dimension":"7dtd:main","entity_id":"ec5d61f7-843b-47b7-a811-28c15b00651f","game":"7dtd","world_id":"td-0d917a4eff776d999148769266591579674d2c42de6557026893a1902834f11f"},"position":{"space":"7dtd","x":-273.03436279296875,"y":61.079998016357422,"z":446.87322998046875},"rotation":{"pitch":-7.03159236907959,"roll":0,"yaw":101.41293334960938},"sequence":296,"source":"7dtd","stream_id":"d6937bfa-f41f-4a3c-87a8-c01a0755b820","type":"entity_state","version":2,"world_id":"td-0d917a4eff776d999148769266591579674d2c42de6557026893a1902834f11f"}
2026-10-03T20:18:59 291.028 INF [MC7DTD] 7DTD entity sent: {"authority":"7dtd","dimension":"7dtd:main","entity_id":"ec5d61f7-843b-47b7-a811-28c15b00651f","entity_type":"7dtd:player","lifecycle":{"event":"update"},"metadata":{},"origin":{"dimension":"7dtd:main","entity_id":"ec5d61f7-843b-47b7-a811-28c15b00651f","game":"7dtd","world_id":"td-0d917a4eff776d999148769266591579674d2c42de6557026893a1902834f11f"},"position":{"space":"7dtd","x":-273.03436279296875,"y":61.079998016357422,"z":446.87322998046875},"rotation":{"pitch":-7.03159236907959,"roll":0,"yaw":101.41293334960938},"sequence":297,"source":"7dtd","stream_id":"d6937bfa-f41f-4a3c-87a8-c01a0755b820","type":"entity_state","version":2,"world_id":"td-0d917a4eff776d999148769266591579674d2c42de6557026893a1902834f11f"}
2026-10-03T20:19:00 291.529 INF [MC7DTD] 7DTD entity sent: {"authority":"7dtd","dimension":"7dtd:main","entity_id":"ec5d61f7-843b-47b7-a811-28c15b00651f","entity_type":"7dtd:player","lifecycle":{"event":"update"},"metadata":{},"origin":{"dimension":"7dtd:main","entity_id":"ec5d61f7-843b-47b7-a811-28c15b00651f","game":"7dtd","world_id":"td-0d917a4eff776d999148769266591579674d2c42de6557026893a1902834f11f"},"position":{"space":"7dtd","x":-273.03436279296875,"y":61.079998016357422,"z":446.87322998046875},"rotation":{"pitch":-7.03159236907959,"roll":0,"yaw":101.41293334960938},"sequence":298,"source":"7dtd","stream_id":"d6937bfa-f41f-4a3c-87a8-c01a0755b820","type":"entity_state","version":2,"world_id":"td-0d917a4eff776d999148769266591579674d2c42de6557026893a1902834f11f"}
2026-10-03T20:19:00 291.786 INF fadeInCo complete on Exploration
2026-10-03T20:19:00 292.030 INF [MC7DTD] 7DTD entity sent: {"authority":"7dtd","dimension":"7dtd:main","entity_id":"ec5d61f7-843b-47b7-a811-28c15b00651f","entity_type":"7dtd:player","lifecycle":{"event":"update"},"metadata":{},"origin":{"dimension":"7dtd:main","entity_id":"ec5d61f7-843b-47b7-a811-28c15b00651f","game":"7dtd","world_id":"td-0d917a4eff776d999148769266591579674d2c42de6557026893a1902834f11f"},"position":{"space":"7dtd","x":-273.03436279296875,"y":61.079998016357422,"z":446.87322998046875},"rotation":{"pitch":-7.03159236907959,"roll":0,"yaw":101.41293334960938},"sequence":299,"source":"7dtd","stream_id":"d6937bfa-f41f-4a3c-87a8-c01a0755b820","type":"entity_state","version":2,"world_id":"td-0d917a4eff776d999148769266591579674d2c42de6557026893a1902834f11f"}
2026-10-03T20:19:01 292.128 INF Time: 4.64m FPS: 244.59 Heap: 2131.6MB Max: 2222.4MB Chunks: 321 CGO: 218 Ply: 1 Zom: 2 Ent: 6 (6) Items: 1 CO: 1 RSS: 4540.6MB
2026-10-03T20:19:01 292.393 INF 148153 EntityBackpack id 178, plyrId 171, (-274.1, 61.2, 448.8) (-18, 28), chunk True (-18, 3, 28), items 5 drinkJarBoiledWater, foodCanChili at ((-274.12, 61.25, 448.84)) : Write
2026-10-03T20:19:01 292.502 INF Saving 84 of chunks took 102ms
2026-10-03T20:19:01 292.505 INF Paused Exploration
2026-10-03T20:19:01 292.533 INF [MC7DTD] 7DTD entity sent: {"authority":"7dtd","dimension":"7dtd:main","entity_id":"ec5d61f7-843b-47b7-a811-28c15b00651f","entity_type":"7dtd:player","lifecycle":{"event":"update"},"metadata":{},"origin":{"dimension":"7dtd:main","entity_id":"ec5d61f7-843b-47b7-a811-28c15b00651f","game":"7dtd","world_id":"td-0d917a4eff776d999148769266591579674d2c42de6557026893a1902834f11f"},"position":{"space":"7dtd","x":-273.03436279296875,"y":61.079998016357422,"z":446.87322998046875},"rotation":{"pitch":-7.03159236907959,"roll":0,"yaw":101.41293334960938},"sequence":300,"source":"7dtd","stream_id":"d6937bfa-f41f-4a3c-87a8-c01a0755b820","type":"entity_state","version":2,"world_id":"td-0d917a4eff776d999148769266591579674d2c42de6557026893a1902834f11f"}
2026-10-03T20:19:01 293.035 INF [MC7DTD] 7DTD entity sent: {"authority":"7dtd","dimension":"7dtd:main","entity_id":"ec5d61f7-843b-47b7-a811-28c15b00651f","entity_type":"7dtd:player","lifecycle":{"event":"update"},"metadata":{},"origin":{"dimension":"7dtd:main","entity_id":"ec5d61f7-843b-47b7-a811-28c15b00651f","game":"7dtd","world_id":"td-0d917a4eff776d999148769266591579674d2c42de6557026893a1902834f11f"},"position":{"space":"7dtd","x":-273.03436279296875,"y":61.079998016357422,"z":446.87322998046875},"rotation":{"pitch":-7.03159236907959,"roll":0,"yaw":101.41293334960938},"sequence":301,"source":"7dtd","stream_id":"d6937bfa-f41f-4a3c-87a8-c01a0755b820","type":"entity_state","version":2,"world_id":"td-0d917a4eff776d999148769266591579674d2c42de6557026893a1902834f11f"}
2026-10-03T20:19:02 293.536 INF [MC7DTD] 7DTD entity sent: {"authority":"7dtd","dimension":"7dtd:main","entity_id":"ec5d61f7-843b-47b7-a811-28c15b00651f","entity_type":"7dtd:player","lifecycle":{"event":"update"},"metadata":{},"origin":{"dimension":"7dtd:main","entity_id":"ec5d61f7-843b-47b7-a811-28c15b00651f","game":"7dtd","world_id":"td-0d917a4eff776d999148769266591579674d2c42de6557026893a1902834f11f"},"position":{"space":"7dtd","x":-273.03436279296875,"y":61.079998016357422,"z":446.87322998046875},"rotation":{"pitch":-7.03159236907959,"roll":0,"yaw":101.41293334960938},"sequence":302,"source":"7dtd","stream_id":"d6937bfa-f41f-4a3c-87a8-c01a0755b820","type":"entity_state","version":2,"world_id":"td-0d917a4eff776d999148769266591579674d2c42de6557026893a1902834f11f"}
2026-10-03T20:19:02 294.040 INF [MC7DTD] 7DTD entity sent: {"authority":"7dtd","dimension":"7dtd:main","entity_id":"ec5d61f7-843b-47b7-a811-28c15b00651f","entity_type":"7dtd:player","lifecycle":{"event":"update"},"metadata":{},"origin":{"dimension":"7dtd:main","entity_id":"ec5d61f7-843b-47b7-a811-28c15b00651f","game":"7dtd","world_id":"td-0d917a4eff776d999148769266591579674d2c42de6557026893a1902834f11f"},"position":{"space":"7dtd","x":-273.03436279296875,"y":61.079998016357422,"z":446.87322998046875},"rotation":{"pitch":-7.03159236907959,"roll":0,"yaw":101.41293334960938},"sequence":303,"source":"7dtd","stream_id":"d6937bfa-f41f-4a3c-87a8-c01a0755b820","type":"entity_state","version":2,"world_id":"td-0d917a4eff776d999148769266591579674d2c42de6557026893a1902834f11f"}
2026-10-03T20:19:03 294.541 INF [MC7DTD] 7DTD entity sent: {"authority":"7dtd","dimension":"7dtd:main","entity_id":"ec5d61f7-843b-47b7-a811-28c15b00651f","entity_type":"7dtd:player","lifecycle":{"event":"update"},"metadata":{},"origin":{"dimension":"7dtd:main","entity_id":"ec5d61f7-843b-47b7-a811-28c15b00651f","game":"7dtd","world_id":"td-0d917a4eff776d999148769266591579674d2c42de6557026893a1902834f11f"},"position":{"space":"7dtd","x":-273.03436279296875,"y":61.079998016357422,"z":446.87322998046875},"rotation":{"pitch":-7.03159236907959,"roll":0,"yaw":101.41293334960938},"sequence":304,"source":"7dtd","stream_id":"d6937bfa-f41f-4a3c-87a8-c01a0755b820","type":"entity_state","version":2,"world_id":"td-0d917a4eff776d999148769266591579674d2c42de6557026893a1902834f11f"}
2026-10-03T20:19:03 295.043 INF [MC7DTD] 7DTD entity sent: {"authority":"7dtd","dimension":"7dtd:main","entity_id":"ec5d61f7-843b-47b7-a811-28c15b00651f","entity_type":"7dtd:player","lifecycle":{"event":"update"},"metadata":{},"origin":{"dimension":"7dtd:main","entity_id":"ec5d61f7-843b-47b7-a811-28c15b00651f","game":"7dtd","world_id":"td-0d917a4eff776d999148769266591579674d2c42de6557026893a1902834f11f"},"position":{"space":"7dtd","x":-273.03436279296875,"y":61.079998016357422,"z":446.87322998046875},"rotation":{"pitch":-7.03159236907959,"roll":0,"yaw":101.41293334960938},"sequence":305,"source":"7dtd","stream_id":"d6937bfa-f41f-4a3c-87a8-c01a0755b820","type":"entity_state","version":2,"world_id":"td-0d917a4eff776d999148769266591579674d2c42de6557026893a1902834f11f"}
2026-10-03T20:19:04 295.546 INF [MC7DTD] 7DTD entity sent: {"authority":"7dtd","dimension":"7dtd:main","entity_id":"ec5d61f7-843b-47b7-a811-28c15b00651f","entity_type":"7dtd:player","lifecycle":{"event":"update"},"metadata":{},"origin":{"dimension":"7dtd:main","entity_id":"ec5d61f7-843b-47b7-a811-28c15b00651f","game":"7dtd","world_id":"td-0d917a4eff776d999148769266591579674d2c42de6557026893a1902834f11f"},"position":{"space":"7dtd","x":-273.03436279296875,"y":61.079998016357422,"z":446.87322998046875},"rotation":{"pitch":-7.03159236907959,"roll":0,"yaw":101.41293334960938},"sequence":306,"source":"7dtd","stream_id":"d6937bfa-f41f-4a3c-87a8-c01a0755b820","type":"entity_state","version":2,"world_id":"td-0d917a4eff776d999148769266591579674d2c42de6557026893a1902834f11f"}
2026-10-03T20:19:04 296.048 INF [MC7DTD] 7DTD entity sent: {"authority":"7dtd","dimension":"7dtd:main","entity_id":"ec5d61f7-843b-47b7-a811-28c15b00651f","entity_type":"7dtd:player","lifecycle":{"event":"update"},"metadata":{},"origin":{"dimension":"7dtd:main","entity_id":"ec5d61f7-843b-47b7-a811-28c15b00651f","game":"7dtd","world_id":"td-0d917a4eff776d999148769266591579674d2c42de6557026893a1902834f11f"},"position":{"space":"7dtd","x":-273.03436279296875,"y":61.079998016357422,"z":446.87322998046875},"rotation":{"pitch":-7.03159236907959,"roll":0,"yaw":101.41293334960938},"sequence":307,"source":"7dtd","stream_id":"d6937bfa-f41f-4a3c-87a8-c01a0755b820","type":"entity_state","version":2,"world_id":"td-0d917a4eff776d999148769266591579674d2c42de6557026893a1902834f11f"}
2026-10-03T20:19:05 296.549 INF [MC7DTD] 7DTD entity sent: {"authority":"7dtd","dimension":"7dtd:main","entity_id":"ec5d61f7-843b-47b7-a811-28c15b00651f","entity_type":"7dtd:player","lifecycle":{"event":"update"},"metadata":{},"origin":{"dimension":"7dtd:main","entity_id":"ec5d61f7-843b-47b7-a811-28c15b00651f","game":"7dtd","world_id":"td-0d917a4eff776d999148769266591579674d2c42de6557026893a1902834f11f"},"position":{"space":"7dtd","x":-273.03436279296875,"y":61.079998016357422,"z":446.87322998046875},"rotation":{"pitch":-7.03159236907959,"roll":0,"yaw":101.41293334960938},"sequence":308,"source":"7dtd","stream_id":"d6937bfa-f41f-4a3c-87a8-c01a0755b820","type":"entity_state","version":2,"world_id":"td-0d917a4eff776d999148769266591579674d2c42de6557026893a1902834f11f"}
2026-10-03T20:19:05 297.050 INF [MC7DTD] 7DTD entity sent: {"authority":"7dtd","dimension":"7dtd:main","entity_id":"ec5d61f7-843b-47b7-a811-28c15b00651f","entity_type":"7dtd:player","lifecycle":{"event":"update"},"metadata":{},"origin":{"dimension":"7dtd:main","entity_id":"ec5d61f7-843b-47b7-a811-28c15b00651f","game":"7dtd","world_id":"td-0d917a4eff776d999148769266591579674d2c42de6557026893a1902834f11f"},"position":{"space":"7dtd","x":-273.03436279296875,"y":61.079998016357422,"z":446.87322998046875},"rotation":{"pitch":-7.03159236907959,"roll":0,"yaw":101.41293334960938},"sequence":309,"source":"7dtd","stream_id":"d6937bfa-f41f-4a3c-87a8-c01a0755b820","type":"entity_state","version":2,"world_id":"td-0d917a4eff776d999148769266591579674d2c42de6557026893a1902834f11f"}
2026-10-03T20:19:06 297.553 INF [MC7DTD] 7DTD entity sent: {"authority":"7dtd","dimension":"7dtd:main","entity_id":"ec5d61f7-843b-47b7-a811-28c15b00651f","entity_type":"7dtd:player","lifecycle":{"event":"update"},"metadata":{},"origin":{"dimension":"7dtd:main","entity_id":"ec5d61f7-843b-47b7-a811-28c15b00651f","game":"7dtd","world_id":"td-0d917a4eff776d999148769266591579674d2c42de6557026893a1902834f11f"},"position":{"space":"7dtd","x":-273.03436279296875,"y":61.079998016357422,"z":446.87322998046875},"rotation":{"pitch":-7.03159236907959,"roll":0,"yaw":101.41293334960938},"sequence":310,"source":"7dtd","stream_id":"d6937bfa-f41f-4a3c-87a8-c01a0755b820","type":"entity_state","version":2,"world_id":"td-0d917a4eff776d999148769266591579674d2c42de6557026893a1902834f11f"}
2026-10-03T20:19:06 298.055 INF [MC7DTD] 7DTD entity sent: {"authority":"7dtd","dimension":"7dtd:main","entity_id":"ec5d61f7-843b-47b7-a811-28c15b00651f","entity_type":"7dtd:player","lifecycle":{"event":"update"},"metadata":{},"origin":{"dimension":"7dtd:main","entity_id":"ec5d61f7-843b-47b7-a811-28c15b00651f","game":"7dtd","world_id":"td-0d917a4eff776d999148769266591579674d2c42de6557026893a1902834f11f"},"position":{"space":"7dtd","x":-273.03436279296875,"y":61.079998016357422,"z":446.87322998046875},"rotation":{"pitch":-7.03159236907959,"roll":0,"yaw":101.41293334960938},"sequence":311,"source":"7dtd","stream_id":"d6937bfa-f41f-4a3c-87a8-c01a0755b820","type":"entity_state","version":2,"world_id":"td-0d917a4eff776d999148769266591579674d2c42de6557026893a1902834f11f"}
2026-10-03T20:19:07 298.558 INF [MC7DTD] 7DTD entity sent: {"authority":"7dtd","dimension":"7dtd:main","entity_id":"ec5d61f7-843b-47b7-a811-28c15b00651f","entity_type":"7dtd:player","lifecycle":{"event":"update"},"metadata":{},"origin":{"dimension":"7dtd:main","entity_id":"ec5d61f7-843b-47b7-a811-28c15b00651f","game":"7dtd","world_id":"td-0d917a4eff776d999148769266591579674d2c42de6557026893a1902834f11f"},"position":{"space":"7dtd","x":-273.03436279296875,"y":61.079998016357422,"z":446.87322998046875},"rotation":{"pitch":-7.03159236907959,"roll":0,"yaw":101.41293334960938},"sequence":312,"source":"7dtd","stream_id":"d6937bfa-f41f-4a3c-87a8-c01a0755b820","type":"entity_state","version":2,"world_id":"td-0d917a4eff776d999148769266591579674d2c42de6557026893a1902834f11f"}
2026-10-03T20:19:07 299.059 INF [MC7DTD] 7DTD entity sent: {"authority":"7dtd","dimension":"7dtd:main","entity_id":"ec5d61f7-843b-47b7-a811-28c15b00651f","entity_type":"7dtd:player","lifecycle":{"event":"update"},"metadata":{},"origin":{"dimension":"7dtd:main","entity_id":"ec5d61f7-843b-47b7-a811-28c15b00651f","game":"7dtd","world_id":"td-0d917a4eff776d999148769266591579674d2c42de6557026893a1902834f11f"},"position":{"space":"7dtd","x":-273.03436279296875,"y":61.079998016357422,"z":446.87322998046875},"rotation":{"pitch":-7.03159236907959,"roll":0,"yaw":101.41293334960938},"sequence":313,"source":"7dtd","stream_id":"d6937bfa-f41f-4a3c-87a8-c01a0755b820","type":"entity_state","version":2,"world_id":"td-0d917a4eff776d999148769266591579674d2c42de6557026893a1902834f11f"}
2026-10-03T20:19:08 299.561 INF [MC7DTD] 7DTD entity sent: {"authority":"7dtd","dimension":"7dtd:main","entity_id":"ec5d61f7-843b-47b7-a811-28c15b00651f","entity_type":"7dtd:player","lifecycle":{"event":"update"},"metadata":{},"origin":{"dimension":"7dtd:main","entity_id":"ec5d61f7-843b-47b7-a811-28c15b00651f","game":"7dtd","world_id":"td-0d917a4eff776d999148769266591579674d2c42de6557026893a1902834f11f"},"position":{"space":"7dtd","x":-273.03436279296875,"y":61.079998016357422,"z":446.87322998046875},"rotation":{"pitch":-7.03159236907959,"roll":0,"yaw":101.41293334960938},"sequence":314,"source":"7dtd","stream_id":"d6937bfa-f41f-4a3c-87a8-c01a0755b820","type":"entity_state","version":2,"world_id":"td-0d917a4eff776d999148769266591579674d2c42de6557026893a1902834f11f"}
2026-10-03T20:19:08 300.062 INF [MC7DTD] 7DTD entity sent: {"authority":"7dtd","dimension":"7dtd:main","entity_id":"ec5d61f7-843b-47b7-a811-28c15b00651f","entity_type":"7dtd:player","lifecycle":{"event":"update"},"metadata":{},"origin":{"dimension":"7dtd:main","entity_id":"ec5d61f7-843b-47b7-a811-28c15b00651f","game":"7dtd","world_id":"td-0d917a4eff776d999148769266591579674d2c42de6557026893a1902834f11f"},"position":{"space":"7dtd","x":-273.03436279296875,"y":61.079998016357422,"z":446.87322998046875},"rotation":{"pitch":-7.03159236907959,"roll":0,"yaw":101.41293334960938},"sequence":315,"source":"7dtd","stream_id":"d6937bfa-f41f-4a3c-87a8-c01a0755b820","type":"entity_state","version":2,"world_id":"td-0d917a4eff776d999148769266591579674d2c42de6557026893a1902834f11f"}
2026-10-03T20:19:09 300.565 INF [MC7DTD] 7DTD entity sent: {"authority":"7dtd","dimension":"7dtd:main","entity_id":"ec5d61f7-843b-47b7-a811-28c15b00651f","entity_type":"7dtd:player","lifecycle":{"event":"update"},"metadata":{},"origin":{"dimension":"7dtd:main","entity_id":"ec5d61f7-843b-47b7-a811-28c15b00651f","game":"7dtd","world_id":"td-0d917a4eff776d999148769266591579674d2c42de6557026893a1902834f11f"},"position":{"space":"7dtd","x":-273.03436279296875,"y":61.079998016357422,"z":446.87322998046875},"rotation":{"pitch":-7.03159236907959,"roll":0,"yaw":101.41293334960938},"sequence":316,"source":"7dtd","stream_id":"d6937bfa-f41f-4a3c-87a8-c01a0755b820","type":"entity_state","version":2,"world_id":"td-0d917a4eff776d999148769266591579674d2c42de6557026893a1902834f11f"}
2026-10-03T20:19:09 301.067 INF [MC7DTD] 7DTD entity sent: {"authority":"7dtd","dimension":"7dtd:main","entity_id":"ec5d61f7-843b-47b7-a811-28c15b00651f","entity_type":"7dtd:player","lifecycle":{"event":"update"},"metadata":{},"origin":{"dimension":"7dtd:main","entity_id":"ec5d61f7-843b-47b7-a811-28c15b00651f","game":"7dtd","world_id":"td-0d917a4eff776d999148769266591579674d2c42de6557026893a1902834f11f"},"position":{"space":"7dtd","x":-273.03436279296875,"y":61.079998016357422,"z":446.87322998046875},"rotation":{"pitch":-7.03159236907959,"roll":0,"yaw":101.41293334960938},"sequence":317,"source":"7dtd","stream_id":"d6937bfa-f41f-4a3c-87a8-c01a0755b820","type":"entity_state","version":2,"world_id":"td-0d917a4eff776d999148769266591579674d2c42de6557026893a1902834f11f"}
2026-10-03T20:19:10 301.421 INF Disconnect
2026-10-03T20:19:10 301.431 INF [NET] ServerShutdown
2026-10-03T20:19:10 301.432 INF NET: Stopping server protocols
2026-10-03T20:19:10 301.434 INF SaveAndCleanupWorld
2026-10-03T20:19:10 301.437 INF [MC7DTD] Player proxy Unity deleted: instance=-646006 inactive=true destroyScheduled=true
2026-10-03T20:19:10 301.438 INF [MC7DTD] Player proxy reset: count=0; fresh spawn required
2026-10-03T20:19:10 301.446 INF 150901 EntityBackpack id 178, plyrId 171, (-274.1, 61.2, 448.8) (-18, 28), chunk True (-18, 3, 28), items 5 drinkJarBoiledWater, foodCanChili at ((-274.12, 61.25, 448.84)) : Write
2026-10-03T20:19:10 301.469 INF [MC7DTD] 7DTD entity sent: {"authority":"7dtd","base_revision":3,"components":{"health":null},"dimension":"7dtd:main","entity_id":"ec5d61f7-843b-47b7-a811-28c15b00651f","entity_sequence":317,"entity_state_version":2,"entity_type":"7dtd:player","mode":"patch","origin":{"dimension":"7dtd:main","entity_id":"ec5d61f7-843b-47b7-a811-28c15b00651f","game":"7dtd","world_id":"td-0d917a4eff776d999148769266591579674d2c42de6557026893a1902834f11f"},"revision":4,"source":"7dtd","stream_id":"d6937bfa-f41f-4a3c-87a8-c01a0755b820","type":"entity_components","version":1,"world_id":"td-0d917a4eff776d999148769266591579674d2c42de6557026893a1902834f11f"}
2026-10-03T20:19:10 301.470 INF [MC7DTD] 7DTD entity sent: {"authority":"7dtd","dimension":"7dtd:main","entity_id":"ec5d61f7-843b-47b7-a811-28c15b00651f","entity_type":"7dtd:player","lifecycle":{"event":"despawn","reason":"world_unloaded"},"metadata":{},"origin":{"dimension":"7dtd:main","entity_id":"ec5d61f7-843b-47b7-a811-28c15b00651f","game":"7dtd","world_id":"td-0d917a4eff776d999148769266591579674d2c42de6557026893a1902834f11f"},"position":null,"rotation":null,"sequence":318,"source":"7dtd","stream_id":"d6937bfa-f41f-4a3c-87a8-c01a0755b820","type":"entity_state","version":2,"world_id":"td-0d917a4eff776d999148769266591579674d2c42de6557026893a1902834f11f"}
2026-10-03T20:19:10 301.532 INF Saving 68 of chunks took 81ms
2026-10-03T20:19:10 301.539 INF [Steamworks.NET] Exiting Lobby
2026-10-03T20:19:10 301.541 INF [Steamworks.NET] Stopping server
2026-10-03T20:19:10 301.542 INF [PlayerInteractions] Shutdown, record disconnect for all currently connected players
2026-10-03T20:19:10 301.543 INF [PartyQuests] Player unregistered
2026-10-03T20:19:10 301.983 INF [EOS] Created RFS Request: NewsFeatured.xml
2026-10-03T20:19:10 301.984 INF [EOS] Created RFS Request: News.xml
2026-10-03T20:19:10 301.985 INF [EOS] Created RFS Request: eula_schinese
2026-10-03T20:19:10 301.987 INF [TitleStorageOverridesManager] Using cached last success.
2026-10-03T20:19:10 301.989 INF AstarManager Cleanup
2026-10-03T20:19:10 301.998 INF Clearing queues.
2026-10-03T20:19:10 301.999 INF Cleared queues.
2026-10-03T20:19:11 302.997 INF Clearing queues.
2026-10-03T20:19:11 302.998 INF Cleared queues.
2026-10-03T20:19:11 303.005 INF World.Unload
2026-10-03T20:19:11 303.009 INF Exited thread GenerateChunks
2026-10-03T20:19:11 303.010 INF 150901 EntityBackpack id 178, plyrId 171, (-274.1, 61.2, 448.8) (-18, 28), chunk True (-18, 3, 28), items 5 drinkJarBoiledWater, foodCanChili at ((-274.12, 61.25, 448.84)) : OnEntityUnload markedForUnload False, IsDead True, IsDespawned False
2026-10-03T20:19:11 303.050 INF 0 EntityBackpack id 178, plyrId 171, (-274.1, 61.2, 448.8) (-18, 28), chunk True (-18, 3, 28), items 5 drinkJarBoiledWater, foodCanChili at ((-274.12, 61.25, 448.84)) : Write
2026-10-03T20:19:11 303.073 INF Exited thread SaveChunks D:\wenjian\minecraft\7-M\runtime\7dtd\Saves\Navezgane\MC7DTD-Phase3-3\Region
2026-10-03T20:19:11 303.113 INF World.Cleanup
2026-10-03T20:19:11 303.114 INF Exited thread ChunkRegeneration
2026-10-03T20:19:12 303.120 INF Exited thread ChunkCalc
2026-10-03T20:19:12 303.121 INF Exited thread ChunkMeshBake
2026-10-03T20:19:12 303.132 INF Exited thread WaterSimulationApplyChanges
2026-10-03T20:19:12 303.137 INF VehicleManager saving 0 (0 + 0)
2026-10-03T20:19:12 303.139 INF VehicleManager saved 9 bytes
2026-10-03T20:19:12 303.140 INF DroneManager saving 0 (0 + 0)
2026-10-03T20:19:12 303.142 INF DroneManager saved 9 bytes
2026-10-03T20:19:12 303.143 INF TurretTracker saving 0 (0 + 0)
2026-10-03T20:19:12 303.145 INF TurretTracker saved 9 bytes
2026-10-03T20:19:12 303.173 INF Persistent GamePrefs saved
2026-10-03T20:19:12 303.248 INF [EOS] Read (BlockedPlayerList) completed: Success, received 8 bytes
2026-10-03T20:19:12 303.622 INF [EOS] Read (NewsFeatured.xml) completed: Success, received 1821 bytes
2026-10-03T20:19:12 303.624 INF [EOS] Created RFS Request: news_featured_2026_dlc_08.jpg
2026-10-03T20:19:12 303.625 INF [EOS] Created RFS Request: news_featured_2026_dlc_07.jpg
2026-10-03T20:19:12 303.626 INF [EOS] Created RFS Request: news_featured_2026_dlc_06.jpg
2026-10-03T20:19:12 304.009 INF [EOS] Read (news_featured_2026_dlc_08.jpg) completed: Success, received 774214 bytes
2026-10-03T20:19:12 304.011 INF [EOS] Created RFS Request: news_featured_2026_merger.jpg
2026-10-03T20:19:13 304.459 INF [EOS] Read (news_featured_2026_dlc_07.jpg) completed: Success, received 925495 bytes
2026-10-03T20:19:13 304.460 INF [EOS] Created RFS Request: news_featured_ytz2.1.jpg
2026-10-03T20:19:13 304.500 INF [EOS] Read (eula_schinese) completed: Success, received 29413 bytes
2026-10-03T20:19:13 304.502 INF [EOS] Created RFS Request: backtraceconfig.xml
2026-10-03T20:19:13 304.828 INF [EOS] Read (news_featured_2026_merger.jpg) completed: Success, received 154308 bytes
2026-10-03T20:19:13 304.830 INF [EOS] Created RFS Request: news_featured_tfpmerch.jpg
2026-10-03T20:19:13 304.881 INF [EOS] Read (backtraceconfig.xml) completed: Success, received 2615 bytes
2026-10-03T20:19:13 304.882 INF [BACKTRACE] Bug reporting Enabled with save uploading: Disabled
2026-10-03T20:19:13 304.883 INF [BACKTRACE] Save Attaching Feature: Disabled
2026-10-03T20:19:13 304.883 INF [BACKTRACE] Entire World Attaching Feature: Disabled
2026-10-03T20:19:13 304.884 INF [BACKTRACE] Disabling Error Report Message Types: fellthroughworld
2026-10-03T20:19:13 304.885 INF [BACKTRACE] Bug reporting Disabled with save uploading: Disabled
2026-10-03T20:19:13 304.886 INF [BACKTRACE] Platform ID set to: "EOS-0002a27c262e4f8d9c40beda1e4fa220"
2026-10-03T20:19:13 304.887 INF [BACKTRACE] Configuration refreshed from XML: Enabled True
2026-10-03T20:19:13 304.888 INF [BACKTRACE] Bug reporting: Disabled
2026-10-03T20:19:13 304.889 INF [BACKTRACE] Bug reporting attach save feature: Disabled
2026-10-03T20:19:13 304.889 INF [BACKTRACE] Bug reporting attach entire world feature: Disabled
2026-10-03T20:19:14 305.297 INF [EOS] Read (news_featured_2026_dlc_06.jpg) completed: Success, received 149863 bytes
2026-10-03T20:19:14 305.299 INF [EOS] Created RFS Request: news_featured_soundtrack.jpg
2026-10-03T20:19:14 305.370 INF [EOS] Read (News.xml) completed: Success, received 4600 bytes
2026-10-03T20:19:14 305.372 INF [EOS] Created RFS Request: news_game_3.3_exp.jpg
2026-10-03T20:19:14 305.373 INF [EOS] Created RFS Request: news_game_3.2.0_stable.jpg
2026-10-03T20:19:14 305.373 INF [EOS] Created RFS Request: news_game_2026_7_blank.jpg
2026-10-03T20:19:14 305.408 INF [EOS] Read (news_featured_ytz2.1.jpg) completed: Success, received 123752 bytes
2026-10-03T20:19:14 305.657 INF [EOS] Read (news_featured_tfpmerch.jpg) completed: Success, received 78916 bytes
2026-10-03T20:19:14 305.710 INF [EOS] Read (news_featured_soundtrack.jpg) completed: Success, received 235045 bytes
2026-10-03T20:19:14 305.766 INF [EOS] Read (news_game_3.3_exp.jpg) completed: Success, received 106006 bytes
2026-10-03T20:19:14 305.767 INF [EOS] Created RFS Request: news_game_3.1.0_stable.jpg
2026-10-03T20:19:14 305.860 INF [EOS] Read (news_game_3.2.0_stable.jpg) completed: Success, received 101488 bytes
2026-10-03T20:19:14 305.861 INF [EOS] Created RFS Request: news_game_3.0.1_stable.jpg
2026-10-03T20:19:15 306.159 INF [EOS] Read (news_game_3.1.0_stable.jpg) completed: Success, received 585941 bytes
2026-10-03T20:19:15 306.161 INF [EOS] Created RFS Request: news_game_3.0_stable.jpg
2026-10-03T20:19:15 306.269 INF [EOS] Read (news_game_3.0.1_stable.jpg) completed: Success, received 154912 bytes
2026-10-03T20:19:15 306.271 INF [EOS] Created RFS Request: news_game_2026_2.6_stable.jpg
2026-10-03T20:19:15 306.548 INF [EOS] Read (news_game_3.0_stable.jpg) completed: Success, received 275348 bytes
2026-10-03T20:19:15 306.679 INF [EOS] Read (news_game_2026_2.6_stable.jpg) completed: Success, received 97562 bytes
2026-10-03T20:19:16 307.196 INF [EOS] Read (news_game_2026_7_blank.jpg) completed: Success, received 70434 bytes
2026-10-03T20:19:41 332.983 INF 60sec delta: -152971,current: 1670328,desired: 999040
2026-10-03T20:19:41 332.984 INF [Backtrace] Updated Statistics
2026-10-03T20:20:41 392.983 INF 60sec delta: 0,current: 1670328,desired: 999040
2026-10-03T20:20:41 392.984 INF [Backtrace] Updated Statistics
2026-10-03T20:21:41 452.983 INF 60sec delta: 0,current: 1670328,desired: 999040
2026-10-03T20:21:41 452.984 INF [Backtrace] Updated Statistics
2026-10-03T20:22:41 512.983 INF 60sec delta: 0,current: 1670328,desired: 999040
2026-10-03T20:22:41 512.984 INF [Backtrace] Updated Statistics
2026-10-03T20:23:41 572.983 INF 60sec delta: 0,current: 1670328,desired: 999040
2026-10-03T20:23:41 572.984 INF [Backtrace] Updated Statistics
2026-10-03T20:24:41 632.984 INF 60sec delta: 0,current: 1670328,desired: 999040
2026-10-03T20:24:41 632.985 INF [Backtrace] Updated Statistics
2026-10-03T20:25:41 692.984 INF 60sec delta: 0,current: 1670328,desired: 999040
2026-10-03T20:25:41 692.985 INF [Backtrace] Updated Statistics
2026-10-03T20:26:41 752.985 INF 60sec delta: 0,current: 1670328,desired: 999040
2026-10-03T20:26:41 752.986 INF [Backtrace] Updated Statistics
2026-10-03T20:27:41 812.985 INF 60sec delta: 0,current: 1670328,desired: 999040
2026-10-03T20:27:41 812.986 INF [Backtrace] Updated Statistics
2026-10-03T20:28:41 872.985 INF 60sec delta: 0,current: 1670328,desired: 999040
2026-10-03T20:28:41 872.986 INF [Backtrace] Updated Statistics
2026-10-03T20:29:41 932.986 INF 60sec delta: 0,current: 1670328,desired: 999040
2026-10-03T20:29:41 932.987 INF [Backtrace] Updated Statistics
2026-10-03T20:30:41 992.986 INF 60sec delta: 0,current: 1670328,desired: 999040
2026-10-03T20:30:41 992.987 INF [Backtrace] Updated Statistics
2026-10-03T20:31:41 1052.986 INF 60sec delta: 0,current: 1670328,desired: 999040
2026-10-03T20:31:41 1052.987 INF [Backtrace] Updated Statistics
2026-10-03T20:32:41 1112.987 INF 60sec delta: 0,current: 1670328,desired: 999040
2026-10-03T20:32:41 1112.988 INF [Backtrace] Updated Statistics
2026-10-03T20:33:41 1172.987 INF 60sec delta: 0,current: 1670328,desired: 999040
2026-10-03T20:33:41 1172.988 INF [Backtrace] Updated Statistics
2026-10-03T20:34:41 1232.987 INF 60sec delta: 0,current: 1670328,desired: 999040
2026-10-03T20:34:41 1232.988 INF [Backtrace] Updated Statistics
2026-10-03T20:35:41 1292.987 INF 60sec delta: 0,current: 1670328,desired: 999040
2026-10-03T20:35:41 1292.988 INF [Backtrace] Updated Statistics
2026-10-03T20:36:41 1352.988 INF 60sec delta: 0,current: 1670328,desired: 999040
2026-10-03T20:36:41 1352.989 INF [Backtrace] Updated Statistics
2026-10-03T20:37:41 1412.988 INF 60sec delta: 0,current: 1670328,desired: 999040
2026-10-03T20:37:41 1412.989 INF [Backtrace] Updated Statistics
2026-10-03T20:38:41 1472.988 INF 60sec delta: 0,current: 1670328,desired: 999040
2026-10-03T20:38:41 1472.989 INF [Backtrace] Updated Statistics
2026-10-03T20:39:41 1532.988 INF 60sec delta: 0,current: 1670328,desired: 999040
2026-10-03T20:39:41 1532.989 INF [Backtrace] Updated Statistics
2026-10-03T20:40:05 1556.336 INF [MC7DTD] Entity state: event=despawn id=6303c9a0-1c74-491c-ab06-c22465ef7960 type=minecraft:player source=minecraft world=mc-cf4dce40-2be1-372b-b914-917f5dcc644c dimension=minecraft:overworld stream=8f0df148-3a8c-4e44-92b1-60bdd973e67d sequence=2 reason=world_unloaded
2026-10-03T20:40:05 1556.747 INF [MC7DTD] Bridge unavailable: The remote party closed the WebSocket connection without completing the close handshake.; retry in 3 seconds
2026-10-03T20:40:12 1563.845 INF [MC7DTD] Bridge unavailable: Unable to connect to the remote server; retry in 3 seconds
2026-10-03T20:40:19 1570.956 INF [MC7DTD] Bridge unavailable: Unable to connect to the remote server; retry in 3 seconds
2026-10-03T20:40:26 1578.024 INF [MC7DTD] Bridge unavailable: Unable to connect to the remote server; retry in 3 seconds
2026-10-03T20:40:34 1585.124 INF [MC7DTD] Bridge unavailable: Unable to connect to the remote server; retry in 3 seconds
2026-10-03T20:40:41 1592.222 INF [MC7DTD] Bridge unavailable: Unable to connect to the remote server; retry in 3 seconds
2026-10-03T20:40:41 1592.989 INF 60sec delta: 0,current: 1670328,desired: 999040
2026-10-03T20:40:41 1592.990 INF [Backtrace] Updated Statistics
2026-10-03T20:40:48 1599.310 INF [MC7DTD] Bridge unavailable: Unable to connect to the remote server; retry in 3 seconds
2026-10-03T20:40:55 1606.393 INF [MC7DTD] Bridge unavailable: Unable to connect to the remote server; retry in 3 seconds
2026-10-03T20:41:02 1613.475 INF [MC7DTD] Bridge unavailable: Unable to connect to the remote server; retry in 3 seconds
2026-10-03T20:41:09 1620.579 INF [MC7DTD] Bridge unavailable: Unable to connect to the remote server; retry in 3 seconds
2026-10-03T20:41:16 1627.663 INF [MC7DTD] Bridge unavailable: Unable to connect to the remote server; retry in 3 seconds
2026-10-03T20:41:23 1634.756 INF [MC7DTD] Bridge unavailable: Unable to connect to the remote server; retry in 3 seconds
2026-10-03T20:41:30 1641.844 INF [MC7DTD] Bridge unavailable: Unable to connect to the remote server; retry in 3 seconds
2026-10-03T20:41:37 1648.920 INF [MC7DTD] Bridge unavailable: Unable to connect to the remote server; retry in 3 seconds
2026-10-03T20:41:41 1652.989 INF 60sec delta: 0,current: 1670328,desired: 999040
2026-10-03T20:41:41 1652.990 INF [Backtrace] Updated Statistics
2026-10-03T20:41:44 1656.003 INF [MC7DTD] Bridge unavailable: Unable to connect to the remote server; retry in 3 seconds
2026-10-03T20:41:51 1663.087 INF [MC7DTD] Bridge unavailable: Unable to connect to the remote server; retry in 3 seconds
2026-10-03T20:41:59 1670.177 INF [MC7DTD] Bridge unavailable: Unable to connect to the remote server; retry in 3 seconds
2026-10-03T20:42:06 1677.261 INF [MC7DTD] Bridge unavailable: Unable to connect to the remote server; retry in 3 seconds
2026-10-03T20:42:13 1684.364 INF [MC7DTD] Bridge unavailable: Unable to connect to the remote server; retry in 3 seconds
2026-10-03T20:42:16 1687.469 INF Preparing quit
2026-10-03T20:42:16 1687.485 INF Persistent GamePrefs saved
2026-10-03T20:42:16 1687.486 INF Cleanup
2026-10-03T20:42:16 1687.488 INF [Discord] Saving settings with DiscordDisabled=True
2026-10-03T20:42:16 1687.497 INF Persistent GamePrefs saved
2026-10-03T20:42:16 1687.512 ERR [HResult] FAILED (0x89235208 = E_XBL_NOT_INITIALIZED) Uninitialize Xbox Live.
2026-10-03T20:42:16 1687.515 INF [HResult] SUCCEEDED (0x00000000 = S_OK) Uninitialize Gaming Runtime.
2026-10-03T20:42:16 1687.516 INF [XBL] API Destroyed.
2026-10-03T20:42:19 1690.298 WRN [EOS] [LogHttp - Warning] 000001A83F78C750: request was cancelled
2026-10-03T20:42:19 1690.304 INF AchievementManager.Cleanup
2026-10-03T20:42:19 1690.605 INF Terminating threads
2026-10-03T20:42:19 1690.606 INF OnApplicationQuit
2026-10-03T20:42:19 1690.610 INF Terminating threads
2026-10-03T20:42:19 1690.611 INF OnApplicationQuit
Input System module state changed to: ShutdownInProgress.
Input System polling thread exited.
Input System module state changed to: Shutdown.
GarbageCollector disposing of ComputeBuffer. Please use ComputeBuffer.Release() or .Dispose() to manually release the buffer.
2026-10-03T20:42:20 1691.910 INF VoxelMeshLayer 5 finalized without being cleaned up.
Memory Statistics:
[ALLOC_TEMP_TLS] TLS Allocator
  StackAllocators : 
    [ALLOC_TEMP_MAIN]
      Peak usage frame count: [0-1.0 KB]: 2239741 frames, [1.0 KB-2.0 KB]: 122 frames, [2.0 KB-4.0 KB]: 37 frames, [4.0 KB-8.0 KB]: 123 frames, [8.0 KB-16.0 KB]: 78818 frames, [16.0 KB-32.0 KB]: 14443 frames, [32.0 KB-64.0 KB]: 24232 frames, [64.0 KB-128.0 KB]: 18 frames, [128.0 KB-256.0 KB]: 58 frames, [256.0 KB-0.5 MB]: 56 frames, [0.5 MB-1.0 MB]: 28 frames, [1.0 MB-2.0 MB]: 388 frames, [2.0 MB-4.0 MB]: 18 frames, [4.0 MB-8.0 MB]: 7 frames
      Initial Block Size 4.0 MB
      Current Block Size 8.0 MB
      Peak Allocated Bytes 8.0 MB
      Overflow Count 25724
    [ALLOC_TEMP_Job.Worker 18]
      Initial Block Size 256.0 KB
      Current Block Size 256.0 KB
      Peak Allocated Bytes 11.0 KB
      Overflow Count 0
    [ALLOC_TEMP_Loading.PreloadManager]
      Initial Block Size 256.0 KB
      Current Block Size 0.5 MB
      Peak Allocated Bytes 511.2 KB
      Overflow Count 24340
    [ALLOC_TEMP_Background Job.Worker 8]
      Initial Block Size 32.0 KB
      Current Block Size 48.0 KB
      Peak Allocated Bytes 45.9 KB
      Overflow Count 0
    [ALLOC_TEMP_Background Job.Worker 10]
      Initial Block Size 32.0 KB
      Current Block Size 32.0 KB
      Peak Allocated Bytes 399 B
      Overflow Count 0
    [ALLOC_TEMP_Job.Worker 16]
      Initial Block Size 256.0 KB
      Current Block Size 256.0 KB
      Peak Allocated Bytes 12.0 KB
      Overflow Count 0
    [ALLOC_TEMP_Background Job.Worker 6]
      Initial Block Size 32.0 KB
      Current Block Size 32.0 KB
      Peak Allocated Bytes 24.7 KB
      Overflow Count 1
    [ALLOC_TEMP_Job.Worker 4]
      Initial Block Size 256.0 KB
      Current Block Size 256.0 KB
      Peak Allocated Bytes 30.1 KB
      Overflow Count 0
    [ALLOC_TEMP_Job.Worker 14]
      Initial Block Size 256.0 KB
      Current Block Size 256.0 KB
      Peak Allocated Bytes 11.0 KB
      Overflow Count 0
    [ALLOC_TEMP_Job.Worker 17]
      Initial Block Size 256.0 KB
      Current Block Size 256.0 KB
      Peak Allocated Bytes 12.0 KB
      Overflow Count 0
    [ALLOC_TEMP_Job.Worker 3]
      Initial Block Size 256.0 KB
      Current Block Size 256.0 KB
      Peak Allocated Bytes 94.9 KB
      Overflow Count 0
    [ALLOC_TEMP_Background Job.Worker 12]
      Initial Block Size 32.0 KB
      Current Block Size 40.0 KB
      Peak Allocated Bytes 38.2 KB
      Overflow Count 0
    [ALLOC_TEMP_Background Job.Worker 1]
      Initial Block Size 32.0 KB
      Current Block Size 64.0 KB
      Peak Allocated Bytes 63.0 KB
      Overflow Count 1
    [ALLOC_TEMP_AssetGarbageCollectorHelper] x 23
      Initial Block Size 64.0 KB
      Current Block Size 64.0 KB
      Peak Allocated Bytes 138 B
      Overflow Count 0
    [ALLOC_TEMP_Background Job.Worker 5]
      Initial Block Size 32.0 KB
      Current Block Size 32.0 KB
      Peak Allocated Bytes 27.1 KB
      Overflow Count 1
    [ALLOC_TEMP_Background Job.Worker 13]
      Initial Block Size 32.0 KB
      Current Block Size 32.0 KB
      Peak Allocated Bytes 2.2 KB
      Overflow Count 0
    [ALLOC_TEMP_Background Job.Worker 11]
      Initial Block Size 32.0 KB
      Current Block Size 32.0 KB
      Peak Allocated Bytes 31.3 KB
      Overflow Count 1
    [ALLOC_TEMP_Job.Worker 2]
      Initial Block Size 256.0 KB
      Current Block Size 340.0 KB
      Peak Allocated Bytes 285.1 KB
      Overflow Count 0
    [ALLOC_TEMP_Background Job.Worker 3]
      Initial Block Size 32.0 KB
      Current Block Size 32.0 KB
      Peak Allocated Bytes 20.7 KB
      Overflow Count 0
    [ALLOC_TEMP_Background Job.Worker 0]
      Initial Block Size 32.0 KB
      Current Block Size 32.0 KB
      Peak Allocated Bytes 23.5 KB
      Overflow Count 0
    [ALLOC_TEMP_Job.Worker 20]
      Initial Block Size 256.0 KB
      Current Block Size 256.0 KB
      Peak Allocated Bytes 11.0 KB
      Overflow Count 0
    [ALLOC_TEMP_Job.Worker 11]
      Initial Block Size 256.0 KB
      Current Block Size 256.0 KB
      Peak Allocated Bytes 11.0 KB
      Overflow Count 0
    [ALLOC_TEMP_Background Job.Worker 4]
      Initial Block Size 32.0 KB
      Current Block Size 48.0 KB
      Peak Allocated Bytes 44.0 KB
      Overflow Count 1
    [ALLOC_TEMP_BatchDeleteObjects]
      Initial Block Size 64.0 KB
      Current Block Size 64.0 KB
      Peak Allocated Bytes 54 B
      Overflow Count 0
    [ALLOC_TEMP_Job.Worker 6]
      Initial Block Size 256.0 KB
      Current Block Size 256.0 KB
      Peak Allocated Bytes 12.0 KB
      Overflow Count 0
    [ALLOC_TEMP_Job.Worker 0]
      Initial Block Size 256.0 KB
      Current Block Size 256.0 KB
      Peak Allocated Bytes 11.0 KB
      Overflow Count 0
    [ALLOC_TEMP_Job.Worker 21]
      Initial Block Size 256.0 KB
      Current Block Size 256.0 KB
      Peak Allocated Bytes 11.0 KB
      Overflow Count 0
    [ALLOC_TEMP_Job.Worker 5]
      Initial Block Size 256.0 KB
      Current Block Size 256.0 KB
      Peak Allocated Bytes 11.6 KB
      Overflow Count 0
    [ALLOC_TEMP_Background Job.Worker 9]
      Initial Block Size 32.0 KB
      Current Block Size 32.0 KB
      Peak Allocated Bytes 11.0 KB
      Overflow Count 0
    [ALLOC_TEMP_Background Job.Worker 14]
      Initial Block Size 32.0 KB
      Current Block Size 56.0 KB
      Peak Allocated Bytes 53.7 KB
      Overflow Count 0
    [ALLOC_TEMP_Job.Worker 13]
      Initial Block Size 256.0 KB
      Current Block Size 256.0 KB
      Peak Allocated Bytes 12.0 KB
      Overflow Count 0
    [ALLOC_TEMP_EnlightenWorker] x 12
      Initial Block Size 64.0 KB
      Current Block Size 64.0 KB
      Peak Allocated Bytes 54 B
      Overflow Count 0
    [ALLOC_TEMP_Background Job.Worker 15]
      Initial Block Size 32.0 KB
      Current Block Size 32.0 KB
      Peak Allocated Bytes 23.7 KB
      Overflow Count 0
    [ALLOC_TEMP_Background Job.Worker 2]
      Initial Block Size 32.0 KB
      Current Block Size 40.0 KB
      Peak Allocated Bytes 35.9 KB
      Overflow Count 1
    [ALLOC_TEMP_Background Job.Worker 7]
      Initial Block Size 32.0 KB
      Current Block Size 52.0 KB
      Peak Allocated Bytes 49.8 KB
      Overflow Count 0
    [ALLOC_TEMP_Job.Worker 22]
      Initial Block Size 256.0 KB
      Current Block Size 256.0 KB
      Peak Allocated Bytes 11.0 KB
      Overflow Count 0
    [ALLOC_TEMP_UnityGfxDeviceWorker]
      Initial Block Size 256.0 KB
      Current Block Size 428.0 KB
      Peak Allocated Bytes 426.7 KB
      Overflow Count 1
    [ALLOC_TEMP_Job.Worker 9]
      Initial Block Size 256.0 KB
      Current Block Size 256.0 KB
      Peak Allocated Bytes 11.0 KB
      Overflow Count 0
    [ALLOC_TEMP_Job.Worker 8]
      Initial Block Size 256.0 KB
      Current Block Size 256.0 KB
      Peak Allocated Bytes 12.0 KB
      Overflow Count 0
    [ALLOC_TEMP_Job.Worker 7]
      Initial Block Size 256.0 KB
      Current Block Size 256.0 KB
      Peak Allocated Bytes 22.6 KB
      Overflow Count 0
    [ALLOC_TEMP_Job.Worker 1]
      Initial Block Size 256.0 KB
      Current Block Size 256.0 KB
      Peak Allocated Bytes 36.4 KB
      Overflow Count 0
    [ALLOC_TEMP_Job.Worker 10]
      Initial Block Size 256.0 KB
      Current Block Size 256.0 KB
      Peak Allocated Bytes 11.0 KB
      Overflow Count 0
    [ALLOC_TEMP_Job.Worker 15]
      Initial Block Size 256.0 KB
      Current Block Size 256.0 KB
      Peak Allocated Bytes 11.0 KB
      Overflow Count 0
    [ALLOC_TEMP_Job.Worker 12]
      Initial Block Size 256.0 KB
      Current Block Size 256.0 KB
      Peak Allocated Bytes 12.0 KB
      Overflow Count 0
    [ALLOC_TEMP_Job.Worker 19]
      Initial Block Size 256.0 KB
      Current Block Size 256.0 KB
      Peak Allocated Bytes 11.0 KB
      Overflow Count 0
    [ALLOC_TEMP_Loading.AsyncRead]
      Initial Block Size 64.0 KB
      Current Block Size 128.0 KB
      Peak Allocated Bytes 128.0 KB
      Overflow Count 0
[ALLOC_DEFAULT] Dual Thread Allocator
  Peak main deferred allocation count 231627
    [ALLOC_BUCKET]
      Large Block size 4.0 MB
      Used Block count 1
      Peak Allocated bytes 4.0 MB
      Failed Allocations. Bucket layout:
        16B: 4 Subsections = 4096 buckets. Failed count: 8648771
        32B: 37 Subsections = 18944 buckets. Failed count: 5023726
        48B: 30 Subsections = 10240 buckets. Failed count: 1498471
        64B: 26 Subsections = 6656 buckets. Failed count: 748251
        80B: 67 Subsections = 13721 buckets. Failed count: 2439081
        96B: 71 Subsections = 12117 buckets. Failed count: 173130
        112B: 12 Subsections = 1755 buckets. Failed count: 443880
        128B: 9 Subsections = 1152 buckets. Failed count: 275581
    [ALLOC_DEFAULT_MAIN]
      Peak usage frame count: [16.0 MB-32.0 MB]: 1790 frames, [32.0 MB-64.0 MB]: 20 frames, [64.0 MB-128.0 MB]: 55874 frames, [128.0 MB-256.0 MB]: 2261529 frames, [256.0 MB-0.50 GB]: 38876 frames
      Requested Block Size 16.0 MB
      Peak Block count 17
      Peak Allocated memory 455.2 MB
      Peak Large allocation bytes 320.0 MB
    [ALLOC_DEFAULT_THREAD]
      Peak usage frame count: [8.0 MB-16.0 MB]: 11 frames, [16.0 MB-32.0 MB]: 9733 frames, [32.0 MB-64.0 MB]: 54797 frames, [64.0 MB-128.0 MB]: 45094 frames, [128.0 MB-256.0 MB]: 2248451 frames, [256.0 MB-0.50 GB]: 3 frames
      Requested Block Size 16.0 MB
      Peak Block count 19
      Peak Allocated memory 281.5 MB
      Peak Large allocation bytes 135.7 MB
[ALLOC_TEMP_JOB_1_FRAME]
  Initial Block Size 2.0 MB
  Used Block Count 0
  Overflow Count (too large) 0
  Overflow Count (full) 0
[ALLOC_TEMP_JOB_2_FRAMES]
  Initial Block Size 2.0 MB
  Used Block Count 0
  Overflow Count (too large) 0
  Overflow Count (full) 0
[ALLOC_TEMP_JOB_4_FRAMES (JobTemp)]
  Initial Block Size 2.0 MB
  Used Block Count 1
  Overflow Count (too large) 6
  Overflow Count (full) 0
[ALLOC_TEMP_JOB_ASYNC (Background)]
  Initial Block Size 1.0 MB
  Used Block Count 1
  Overflow Count (too large) 3
  Overflow Count (full) 0
[ALLOC_GFX] Dual Thread Allocator
  Peak main deferred allocation count 24
    [ALLOC_BUCKET]
      Large Block size 4.0 MB
      Used Block count 1
      Peak Allocated bytes 4.0 MB
      Failed Allocations. Bucket layout:
        16B: 4 Subsections = 4096 buckets. Failed count: 8648771
        32B: 37 Subsections = 18944 buckets. Failed count: 5023726
        48B: 30 Subsections = 10240 buckets. Failed count: 1498471
        64B: 26 Subsections = 6656 buckets. Failed count: 748251
        80B: 67 Subsections = 13721 buckets. Failed count: 2439081
        96B: 71 Subsections = 12117 buckets. Failed count: 173130
        112B: 12 Subsections = 1755 buckets. Failed count: 443880
        128B: 9 Subsections = 1152 buckets. Failed count: 275581
    [ALLOC_GFX_MAIN]
      Peak usage frame count: [32.0 KB-64.0 KB]: 21 frames, [64.0 KB-128.0 KB]: 1767 frames, [128.0 KB-256.0 KB]: 2 frames, [256.0 KB-0.5 MB]: 127 frames, [0.5 MB-1.0 MB]: 69 frames, [1.0 MB-2.0 MB]: 54984 frames, [2.0 MB-4.0 MB]: 8 frames, [4.0 MB-8.0 MB]: 129 frames, [16.0 MB-32.0 MB]: 2 frames, [32.0 MB-64.0 MB]: 2207899 frames, [64.0 MB-128.0 MB]: 53987 frames, [128.0 MB-256.0 MB]: 39077 frames, [256.0 MB-0.50 GB]: 17 frames
      Requested Block Size 16.0 MB
      Peak Block count 4
      Peak Allocated memory 415.4 MB
      Peak Large allocation bytes 376.0 MB
    [ALLOC_GFX_THREAD]
      Peak usage frame count: [0-1.0 KB]: 4 frames, [128.0 KB-256.0 KB]: 82 frames, [256.0 KB-0.5 MB]: 1689 frames, [0.5 MB-1.0 MB]: 1 frames, [4.0 MB-8.0 MB]: 108 frames, [8.0 MB-16.0 MB]: 460 frames, [16.0 MB-32.0 MB]: 54678 frames, [32.0 MB-64.0 MB]: 27 frames, [64.0 MB-128.0 MB]: 2262227 frames, [128.0 MB-256.0 MB]: 38813 frames
      Requested Block Size 16.0 MB
      Peak Block count 12
      Peak Allocated memory 184.2 MB
      Peak Large allocation bytes 0 B
[ALLOC_CACHEOBJECTS] Dual Thread Allocator
  Peak main deferred allocation count 11376
    [ALLOC_BUCKET]
      Large Block size 4.0 MB
      Used Block count 1
      Peak Allocated bytes 4.0 MB
      Failed Allocations. Bucket layout:
        16B: 4 Subsections = 4096 buckets. Failed count: 8648771
        32B: 37 Subsections = 18944 buckets. Failed count: 5023726
        48B: 30 Subsections = 10240 buckets. Failed count: 1498471
        64B: 26 Subsections = 6656 buckets. Failed count: 748251
        80B: 67 Subsections = 13721 buckets. Failed count: 2439081
        96B: 71 Subsections = 12117 buckets. Failed count: 173130
        112B: 12 Subsections = 1755 buckets. Failed count: 443880
        128B: 9 Subsections = 1152 buckets. Failed count: 275581
    [ALLOC_CACHEOBJECTS_MAIN]
      Peak usage frame count: [4.0 MB-8.0 MB]: 1774 frames, [8.0 MB-16.0 MB]: 55211 frames, [32.0 MB-64.0 MB]: 119 frames, [64.0 MB-128.0 MB]: 2300985 frames
      Requested Block Size 4.0 MB
      Peak Block count 29
      Peak Allocated memory 125.4 MB
      Peak Large allocation bytes 43.6 MB
    [ALLOC_CACHEOBJECTS_THREAD]
      Peak usage frame count: [64.0 KB-128.0 KB]: 3 frames, [128.0 KB-256.0 KB]: 1 frames, [8.0 MB-16.0 MB]: 1760 frames, [16.0 MB-32.0 MB]: 7 frames, [32.0 MB-64.0 MB]: 1 frames, [64.0 MB-128.0 MB]: 3 frames, [128.0 MB-256.0 MB]: 55054 frames, [256.0 MB-0.50 GB]: 2301259 frames, [0.50 GB-1.00 GB]: 1 frames
      Requested Block Size 4.0 MB
      Peak Block count 115
      Peak Allocated memory 0.51 GB
      Peak Large allocation bytes 128.5 MB
[ALLOC_TYPETREE] Dual Thread Allocator
  Peak main deferred allocation count 1
    [ALLOC_BUCKET]
      Large Block size 4.0 MB
      Used Block count 1
      Peak Allocated bytes 4.0 MB
      Failed Allocations. Bucket layout:
        16B: 4 Subsections = 4096 buckets. Failed count: 8648771
        32B: 37 Subsections = 18944 buckets. Failed count: 5023726
        48B: 30 Subsections = 10240 buckets. Failed count: 1498471
        64B: 26 Subsections = 6656 buckets. Failed count: 748251
        80B: 67 Subsections = 13721 buckets. Failed count: 2439081
        96B: 71 Subsections = 12117 buckets. Failed count: 173130
        112B: 12 Subsections = 1755 buckets. Failed count: 443880
        128B: 9 Subsections = 1152 buckets. Failed count: 275581
    [ALLOC_TYPETREE_MAIN]
      Peak usage frame count: [4.0 KB-8.0 KB]: 1765 frames, [8.0 KB-16.0 KB]: 55220 frames, [128.0 KB-256.0 KB]: 2301104 frames
      Requested Block Size 2.0 MB
      Peak Block count 1
      Peak Allocated memory 205.1 KB
      Peak Large allocation bytes 0 B
    [ALLOC_TYPETREE_THREAD]
      Peak usage frame count: [0-1.0 KB]: 4 frames, [2.0 KB-4.0 KB]: 1761 frames, [256.0 KB-0.5 MB]: 2 frames, [0.5 MB-1.0 MB]: 4 frames, [2.0 MB-4.0 MB]: 2 frames, [4.0 MB-8.0 MB]: 55241 frames, [8.0 MB-16.0 MB]: 2301075 frames
      Requested Block Size 2.0 MB
      Peak Block count 5
      Peak Allocated memory 9.7 MB
      Peak Large allocation bytes 0 B
