Mono path[0] = 'D:/Steam/steamapps/common/7 Days To Die/7DaysToDie_Data/Managed'
Mono config path = 'D:/Steam/steamapps/common/7 Days To Die/MonoBleedingEdge/etc'
Input System module state changed to: Initialized.
[PhysX] Initialized MultithreadedTaskDispatcher with 24 workers.
Loading player data from D:/Steam/steamapps/common/7 Days To Die/7DaysToDie_Data/data.unity3d
Initialize engine version: 2022.3.62f2 (7670c08855a9)
[Subsystems] Discovering subsystems at path D:/Steam/steamapps/common/7 Days To Die/7DaysToDie_Data/UnitySubsystems
GfxDevice: creating device client; threaded=1; jobified=1
Direct3D:
    Version:  Direct3D 11.0 [level 11.1]
    Renderer: NVIDIA GeForce RTX 5060 Laptop GPU (ID=0x2d59)
    Vendor:   NVIDIA
    VRAM:     7899 MB
    Driver:   32.0.16.1074
Begin MonoManager ReloadAssembly
- Loaded All Assemblies, in  0.175 seconds
- Finished resetting the current domain, in  0.001 seconds
<RI> Initializing input.
<RI> Input initialized.
<RI> Initialized touch support.
[PhysX] Initialized MultithreadedTaskDispatcher with 24 workers.
UnloadTime: 0.897600 ms
2026-10-04T19:33:39 0.003 INF [BACKTRACE] Initialize
2026-10-04T19:33:39 0.007 INF [BACKTRACE] Root log path: C:\Users\qin_roupl\AppData\Roaming\7DaysToDie\BacktraceLogs
2026-10-04T19:33:39 0.027 INF [BACKTRACE] Deleted old log: C:\Users\qin_roupl\AppData\Roaming\7DaysToDie\BacktraceLogs\Player-2026-10-04_11-16-14.024.log
2026-10-04T19:33:39 0.027 INF [BACKTRACE] Using log: C:\Users\qin_roupl\AppData\Roaming\7DaysToDie\BacktraceLogs\Player-2026-10-04_11-19-00.117.log
2026-10-04T19:33:39 0.028 INF [BACKTRACE] Using log: C:\Users\qin_roupl\AppData\Roaming\7DaysToDie\BacktraceLogs\Player-2026-10-04_11-20-12.160.log
2026-10-04T19:33:39 0.028 INF [BACKTRACE] Using log: C:\Users\qin_roupl\AppData\Roaming\7DaysToDie\BacktraceLogs\Player-2026-10-04_11-29-12.892.log
2026-10-04T19:33:39 0.028 INF [BACKTRACE] Player log path: C:\Users\qin_roupl\AppData\Roaming\7DaysToDie\BacktraceLogs\Player-2026-10-04_11-33-39.151.log
2026-10-04T19:33:39 0.040 INF [BACKTRACE] Initialized
2026-10-04T19:33:39 0.062 INF Version: V 3.2.0 (b10) Compatibility Version: V 3.2.0, Build: WindowsPlayer 64 Bit
2026-10-04T19:33:39 0.063 INF System information:
2026-10-04T19:33:39 0.064 INF    OS: Windows 11  (10.0.26200) 64bit
2026-10-04T19:33:39 0.064 INF    CPU: Intel(R) Core(TM) i7-14650HX (cores: 24)
2026-10-04T19:33:39 0.065 INF    RAM: 16107 MB
2026-10-04T19:33:39 0.066 INF    GPU: NVIDIA GeForce RTX 5060 Laptop GPU (7899 MB)
2026-10-04T19:33:39 0.069 INF    Graphics API: Direct3D 11.0 [level 11.1] (shader level 5.0)
2026-10-04T19:33:39 0.081 INF Local UTC offset: 8 hours
2026-10-04T19:33:39 0.096 INF Command line arguments: "D:\Steam\steamapps\common\7 Days To Die\7DaysToDie.exe" -UserDataFolder=D:\wenjian\minecraft\7-M/runtime/7dtd -logfile D:\wenjian\minecraft\7-M\docs\phase3_8_8-runtime-evidence\20261004-192010/7dtd-game.log -screen-fullscreen 0 -screen-width 960 -screen-height 600
2026-10-04T19:33:39 0.099 INF Overriding default user data path to D:\wenjian\minecraft\7-M/runtime/7dtd
2026-10-04T19:33:39 0.104 INF [Platform] Init
2026-10-04T19:33:39 0.143 INF [Platform] Using native platform: Steam
2026-10-04T19:33:39 0.145 INF [Platform] Using cross platform: EOS
2026-10-04T19:33:39 0.146 INF [Platform] Using server platform: Steam
2026-10-04T19:33:39 0.147 INF [Platform] Using server platform: XBL
2026-10-04T19:33:39 0.147 INF [Platform] Using server platform: PSN
2026-10-04T19:33:39 0.148 INF [Platform] Using server platform: LAN
2026-10-04T19:33:39 0.157 INF Starting PlayerInputManager...
2026-10-04T19:33:39 0.159 INF InControl (version 1.8.9 build 9376, native module = True, XInput = True)
2026-10-04T19:33:39 0.162 INF InControl (version 1.8.9 build 9376)
2026-10-04T19:33:39 0.168 INF InControl Native (version 1.0.6)
2026-10-04T19:33:39 0.240 INF [InControl] NativeInputDeviceManager enabled.
2026-10-04T19:33:39 0.255 INF [Platform] Initializing Steam
2026-10-04T19:33:39 0.346 INF [Steamworks.NET] SteamAPI_Init() ok
2026-10-04T19:33:39 0.348 INF [Steamworks.NET] Registering auth callbacks
2026-10-04T19:33:39 0.350 INF Not running in Big Picture Mode, no on-screen keyboard available
2026-10-04T19:33:39 0.351 INF [Platform] Initializing EOS
2026-10-04T19:33:39 0.373 INF [EOS] Initialize: Success
2026-10-04T19:33:39 0.398 INF [EOS-Voice] Successfully initialized.
2026-10-04T19:33:39 0.400 INF [EOS-ACC] Not started with EAC, anticheat disabled
2026-10-04T19:33:39 0.400 INF [EAC] AntiCheatServerP2P initialized with null interface
2026-10-04T19:33:39 0.402 INF [Platform] Initializing XBL
2026-10-04T19:33:39 0.403 INF [Platform] Initializing PSN
2026-10-04T19:33:39 0.404 INF [Platform] Initializing LAN
2026-10-04T19:33:39 0.459 INF [SaveDataUtils] InitStatic Begin
2026-10-04T19:33:39 0.462 INF [SaveDataUtils] UserGameDataDir: D:\wenjian\minecraft\7-M\runtime\7dtd
2026-10-04T19:33:39 0.463 INF [SaveDataUtils] SdPlayerPrefs -> Unity
2026-10-04T19:33:39 0.464 INF [SaveDataUtils] InitStatic Complete
2026-10-04T19:33:39 0.517 INF Last played version: V 3.2.0
2026-10-04T19:33:39 0.705 INF Localization language from platform: schinese
Unloading 6 Unused Serialized files (Serialized files now loaded: 0)
[PhysX] Initialized MultithreadedTaskDispatcher with 24 workers.
UnloadTime: 1.160600 ms
2026-10-04T19:33:39 0.726 INF Texture quality is set to 0
Unloading 11 unused Assets to reduce memory usage. Loaded Objects now: 6637.
Total: 6.616700 ms (FindLiveObjects: 0.184700 ms CreateObjectMapping: 0.197000 ms MarkObjects: 6.190700 ms  DeleteObjects: 0.044100 ms)

The referenced script on this Behaviour (Game Object 'BlockProcessor') is missing!
Unloading 5 Unused Serialized files (Serialized files now loaded: 0)
[PhysX] Initialized MultithreadedTaskDispatcher with 24 workers.
UnloadTime: 1.331800 ms
2026-10-04T19:33:47 8.459 INF Awake IsFocused: True
2026-10-04T19:33:47 8.460 INF Awake
2026-10-04T19:33:47 8.656 INF Occlusion: Awake
Unloading 5 unused Assets to reduce memory usage. Loaded Objects now: 6970.
Total: 7.239000 ms (FindLiveObjects: 0.201800 ms CreateObjectMapping: 0.110300 ms MarkObjects: 6.899400 ms  DeleteObjects: 0.027100 ms)

2026-10-04T19:33:47 8.693 INF ApplyAllOptions streaming budget 7109.1 MB
2026-10-04T19:33:47 8.694 INF ApplyAllOptions current screen 2560 x 1600, 240hz, window 960 x 600, mode Windowed
2026-10-04T19:33:47 8.696 INF Texture quality is set to 0
2026-10-04T19:33:47 8.697 INF ApplyTextureFilter 2, AF Enable
2026-10-04T19:33:47 8.698 INF ApplyTerrainOptions 2
2026-10-04T19:33:47 8.824 INF [MODS] Start loading from: 'D:\wenjian\minecraft\7-M\runtime\7dtd/Mods'
2026-10-04T19:33:47 8.827 INF [MODS]   Trying to load from folder: 'MC7DTD-Bridge'
2026-10-04T19:33:47 8.835 INF [MODS]     Loaded assembly MC7DTD.Bridge (in D:\wenjian\minecraft\7-M\runtime\7dtd\Mods\MC7DTD-Bridge\MC7DTD.Bridge.dll)
2026-10-04T19:33:47 8.836 INF [MODS]     Loaded Mod: MC7DTD-Bridge (0.1.0)
2026-10-04T19:33:47 8.837 INF [MODS] Start loading from: 'D:/Steam/steamapps/common/7 Days To Die/7DaysToDie_Data/../Mods'
2026-10-04T19:33:47 8.839 INF [MODS]   Trying to load from folder: '0_TFP_Harmony'
2026-10-04T19:33:47 8.841 INF [MODS]     Loaded assembly 0Harmony (in D:\Steam\steamapps\common\7 Days To Die\Mods\0_TFP_Harmony\0Harmony.dll)
2026-10-04T19:33:47 8.844 INF [MODS]     Loaded assembly Mono.Cecil (in D:\Steam\steamapps\common\7 Days To Die\Mods\0_TFP_Harmony\Mono.Cecil.dll)
2026-10-04T19:33:47 8.846 INF [MODS]     Loaded assembly Mono.Cecil.Mdb (in D:\Steam\steamapps\common\7 Days To Die\Mods\0_TFP_Harmony\Mono.Cecil.Mdb.dll)
2026-10-04T19:33:47 8.848 INF [MODS]     Loaded assembly Mono.Cecil.Pdb (in D:\Steam\steamapps\common\7 Days To Die\Mods\0_TFP_Harmony\Mono.Cecil.Pdb.dll)
2026-10-04T19:33:47 8.851 INF [MODS]     Loaded assembly Mono.Cecil.Rocks (in D:\Steam\steamapps\common\7 Days To Die\Mods\0_TFP_Harmony\Mono.Cecil.Rocks.dll)
2026-10-04T19:33:47 8.853 INF [MODS]     Loaded assembly MonoMod.Backports (in D:\Steam\steamapps\common\7 Days To Die\Mods\0_TFP_Harmony\MonoMod.Backports.dll)
2026-10-04T19:33:48 8.856 INF [MODS]     Loaded assembly MonoMod.Core (in D:\Steam\steamapps\common\7 Days To Die\Mods\0_TFP_Harmony\MonoMod.Core.dll)
2026-10-04T19:33:48 8.858 INF [MODS]     Loaded assembly MonoMod.Iced (in D:\Steam\steamapps\common\7 Days To Die\Mods\0_TFP_Harmony\MonoMod.Iced.dll)
2026-10-04T19:33:48 8.860 INF [MODS]     Loaded assembly MonoMod.ILHelpers (in D:\Steam\steamapps\common\7 Days To Die\Mods\0_TFP_Harmony\MonoMod.ILHelpers.dll)
2026-10-04T19:33:48 8.863 INF [MODS]     Loaded assembly MonoMod.RuntimeDetour (in D:\Steam\steamapps\common\7 Days To Die\Mods\0_TFP_Harmony\MonoMod.RuntimeDetour.dll)
2026-10-04T19:33:48 8.865 INF [MODS]     Loaded assembly MonoMod.Utils (in D:\Steam\steamapps\common\7 Days To Die\Mods\0_TFP_Harmony\MonoMod.Utils.dll)
2026-10-04T19:33:48 8.867 INF [MODS]     Loaded assembly System.ValueTuple (in D:\Steam\steamapps\common\7 Days To Die\Mods\0_TFP_Harmony\System.ValueTuple.dll)
2026-10-04T19:33:48 8.869 INF [MODS]     Loaded assembly TfpHarmony (in D:\Steam\steamapps\common\7 Days To Die\Mods\0_TFP_Harmony\TfpHarmony.dll)
2026-10-04T19:33:48 8.870 INF [MODS]     Loaded Mod: TFP_Harmony (1.1.0.4)
2026-10-04T19:33:48 8.871 INF [MODS]   Trying to load from folder: 'MC7DTD.Bridge'
2026-10-04T19:33:48 8.871 WRN [MODS]     Folder MC7DTD.Bridge does not contain a ModInfo.xml, ignoring
2026-10-04T19:33:48 8.872 INF [MODS]   Trying to load from folder: '原始mod'
2026-10-04T19:33:48 8.873 WRN [MODS]     Folder 原始mod does not contain a ModInfo.xml, ignoring
2026-10-04T19:33:48 8.874 INF [MODS] Initializing mod code
2026-10-04T19:33:48 8.875 INF [MODS]   Initializing mod TFP_Harmony
2026-10-04T19:33:48 8.888 INF [MODS]     Found ModAPI in assembly TfpHarmony (in D:\Steam\steamapps\common\7 Days To Die\Mods\0_TFP_Harmony\TfpHarmony.dll), creating instance
2026-10-04T19:33:48 8.889 INF [MODS]       [Harmony] Init done
Fallback handler could not load library D:/Steam/steamapps/common/7 Days To Die/7DaysToDie_Data/MonoBleedingEdge/data-000002A572F130F0.dll
2026-10-04T19:33:48 9.092 INF [MODS]     Initialized code in mod 'TFP_Harmony' in assembly TfpHarmony (in D:\Steam\steamapps\common\7 Days To Die\Mods\0_TFP_Harmony\TfpHarmony.dll)
2026-10-04T19:33:48 9.093 INF [MODS]   Initializing mod MC7DTD-Bridge
2026-10-04T19:33:48 9.094 INF [MODS]     Found ModAPI in assembly MC7DTD.Bridge (in D:\wenjian\minecraft\7-M\runtime\7dtd\Mods\MC7DTD-Bridge\MC7DTD.Bridge.dll), creating instance
2026-10-04T19:33:48 9.164 INF [MODS]     Initialized code in mod 'MC7DTD-Bridge' in assembly MC7DTD.Bridge (in D:\wenjian\minecraft\7-M\runtime\7dtd\Mods\MC7DTD-Bridge\MC7DTD.Bridge.dll)
2026-10-04T19:33:48 9.165 INF [MODS] Loading done
2026-10-04T19:33:48 9.174 INF Loading permissions file at 'D:\wenjian\minecraft\7-M\runtime\7dtd\Saves/serveradmin.xml'
2026-10-04T19:33:48 9.187 INF Loading permissions file done.
2026-10-04T19:33:48 9.203 INF Creating TransformDebug GameObject
2026-10-04T19:33:48 9.218 INF [MC7DTD] Bridge connected
2026-10-04T19:33:48 9.218 INF [MC7DTD] 7DTD connected
2026-10-04T19:33:48 9.226 INF GameSense server not found (no props file), disabling
2026-10-04T19:33:48 9.231 INF [PartyQuests] Initialized
2026-10-04T19:33:48 9.237 INF Awake done in 777 ms
2026-10-04T19:33:48 9.339 INF [XUi] Instantiating XUi from default prefab.
2026-10-04T19:33:48 9.417 INF [XUi] Loading XUi asynchronously
2026-10-04T19:33:48 9.848 INF [EOS] Read cached (NewsFeatured.xml) completed: 1821 bytes
2026-10-04T19:33:49 9.862 INF [EOS] Read cached (News.xml) completed: 4600 bytes
2026-10-04T19:33:49 9.924 INF Reloading serveradmin.xml
2026-10-04T19:33:49 9.925 INF Loading permissions file at 'D:\wenjian\minecraft\7-M\runtime\7dtd\Saves/serveradmin.xml'
2026-10-04T19:33:49 9.927 INF Permissions file unchanged, skipping reloading
2026-10-04T19:33:51 12.468 INF [XUi] Parsing all window groups completed in 2930 ms total.
2026-10-04T19:33:51 12.504 INF Updated culture for display texts
2026-10-04T19:33:51 12.518 WRN UIUtils: No device binding source could be found for PlayerAction GUI Apply
2026-10-04T19:33:51 12.725 INF [EOS] Read cached (news_featured_2026_dlc_08.jpg) completed: 774214 bytes
2026-10-04T19:33:51 12.760 INF [EOS] Read cached (news_featured_2026_dlc_07.jpg) completed: 925495 bytes
2026-10-04T19:33:51 12.794 INF [EOS] Read cached (news_featured_2026_dlc_06.jpg) completed: 149863 bytes
2026-10-04T19:33:51 12.817 INF [EOS] Read cached (news_featured_2026_merger.jpg) completed: 154308 bytes
2026-10-04T19:33:51 12.829 INF [EOS] Read cached (news_featured_ytz2.1.jpg) completed: 123752 bytes
2026-10-04T19:33:51 12.850 INF [EOS] Read cached (news_featured_tfpmerch.jpg) completed: 78916 bytes
2026-10-04T19:33:52 12.867 INF [EOS] Read cached (news_featured_soundtrack.jpg) completed: 235045 bytes
2026-10-04T19:33:52 12.898 INF [EOS] Read cached (news_game_3.3_exp.jpg) completed: 106006 bytes
2026-10-04T19:33:52 12.912 INF [EOS] Read cached (news_game_3.2.0_stable.jpg) completed: 101488 bytes
2026-10-04T19:33:52 12.925 INF [EOS] Read cached (news_game_2026_7_blank.jpg) completed: 70434 bytes
2026-10-04T19:33:52 12.931 INF [EOS] Read cached (news_game_3.1.0_stable.jpg) completed: 585941 bytes
2026-10-04T19:33:52 12.952 INF [EOS] Read cached (news_game_3.0.1_stable.jpg) completed: 154912 bytes
2026-10-04T19:33:52 12.968 INF [EOS] Read cached (news_game_3.0_stable.jpg) completed: 275348 bytes
2026-10-04T19:33:52 12.985 INF [EOS] Read cached (news_game_2026_2.6_stable.jpg) completed: 97562 bytes
Cannot Prepare a disabled VideoPlayer
2026-10-04T19:33:52 13.796 INF Loaded default EULA
2026-10-04T19:33:53 14.288 INF [XUi] Initialized all window groups completed in 1655 ms total.
Direct3D: detected that using refresh rate causes time drift. Will stop trusting refresh rate until the game window is moved.
Direct3D: detected that vsync is broken (it does not limit frame rate properly). Delta time will now be calculated using cpu-side time stampling until the game window is moved.
2026-10-04T19:33:53 14.519 INF LoadTextureArraysForQuality quality -1 to 0, reload False
2026-10-04T19:33:54 15.016 INF LoadTextureArraysForQuality took 0.495
2026-10-04T19:33:54 15.026 INF Loaded (local): events in 0.00
2026-10-04T19:33:54 15.037 INF Loaded (local): rwgmixer in 0.01
2026-10-04T19:33:54 15.044 INF Loaded (local): archetypes in 0.00
2026-10-04T19:33:54 15.050 INF Loaded (local): loadingscreen in 0.00
2026-10-04T19:33:54 15.061 INF Added 1336 subtitle data entries and 3 speaker colors
2026-10-04T19:33:54 15.063 INF Loaded (local): subtitles in 0.00
2026-10-04T19:33:54 15.067 INF Loaded (local): videos in 0.00
2026-10-04T19:33:54 15.072 INF Loaded (local): sandbox_overrides in 0.00
2026-10-04T19:33:54 15.073 INF WorldStaticData.Init() needed 5.469 s
2026-10-04T19:33:54 15.076 INF [Steamworks.NET] Login ok.
2026-10-04T19:33:54 15.078 INF [EOS] Login
2026-10-04T19:33:54 15.385 INF AchievementManager: Received stats and achievements from Steam
2026-10-04T19:33:56 17.423 INF [EOS] Login succeeded, PUID: 0002a27c262e4f8d9c40beda1e4fa220
2026-10-04T19:33:56 17.425 INF [EOS] Getting native user for 0002a27c262e4f8d9c40beda1e4fa220
2026-10-04T19:33:56 17.427 INF [EOS] CopyIdToken result: Success
2026-10-04T19:33:57 17.943 INF [BACKTRACE] Attempting to get User ID from platform: EOS
2026-10-04T19:33:57 17.952 INF [EOS] Created RFS Request: NewsFeatured.xml
2026-10-04T19:33:57 17.954 INF [EOS] Created RFS Request: News.xml
2026-10-04T19:33:57 17.959 INF [EOS] Created RFS Request: DLCConfiguration
2026-10-04T19:33:57 17.960 INF [EOS] Created RFS Request: eula_schinese
2026-10-04T19:33:57 17.963 INF [PermissionsManager] ResolvePermissions(_perms: [Multiplayer, Communication, Crossplay], _canPrompt: False)
2026-10-04T19:33:57 17.968 INF [PermissionsManager] ResolvePermissions(_perms: [Multiplayer, Communication, Crossplay], _canPrompt: False) Fetching Title Storage Overrides...
2026-10-04T19:33:57 17.970 INF [EOS] Created RFS Request: PlatformOverrides
2026-10-04T19:33:57 17.973 INF [EOS] ResolvePermissions(_perms: [Multiplayer, Communication, Crossplay], _canPrompt: False)
2026-10-04T19:33:57 18.359 WRN [EOS] [LogEOSTitleStorage - Warning] Deleting local invalid cache file. CacheFilename=[D:/wenjian/minecraft/7-M/runtime/7dtd/titlestorage/8a44365d5ccb43328b4df2f8ca199e43/__cache_registry_lock]
2026-10-04T19:33:57 18.363 INF [EOS] Read (NewsFeatured.xml) completed: Success, received 1821 bytes
2026-10-04T19:33:57 18.365 INF [EOS] Created RFS Request: news_featured_2026_dlc_08.jpg
2026-10-04T19:33:57 18.366 INF [EOS] Created RFS Request: news_featured_2026_dlc_07.jpg
2026-10-04T19:33:57 18.367 INF [EOS] Created RFS Request: news_featured_2026_dlc_06.jpg
2026-10-04T19:33:57 18.762 INF [EOS] Read (news_featured_2026_dlc_08.jpg) completed: Success, received 774214 bytes
2026-10-04T19:33:57 18.764 INF [EOS] Created RFS Request: news_featured_2026_merger.jpg
2026-10-04T19:33:58 19.123 INF [EOS] Read (News.xml) completed: Success, received 4600 bytes
2026-10-04T19:33:58 19.125 INF [EOS] Created RFS Request: news_game_3.3_exp.jpg
2026-10-04T19:33:58 19.125 INF [EOS] Created RFS Request: news_game_3.2.0_stable.jpg
2026-10-04T19:33:58 19.126 INF [EOS] Created RFS Request: news_game_2026_7_blank.jpg
2026-10-04T19:33:58 19.132 INF [EOS] Read (DLCConfiguration) completed: Success, received 4729 bytes
2026-10-04T19:33:58 19.135 INF [DLCTitleStorageManager] Successfully retrieved DLC configuration.
2026-10-04T19:33:58 19.146 INF [EOS] Read (eula_schinese) completed: Success, received 29413 bytes
2026-10-04T19:33:58 19.148 INF [EOS] Created RFS Request: backtraceconfig.xml
2026-10-04T19:33:58 19.189 INF [EOS] Read (news_featured_2026_merger.jpg) completed: Success, received 154308 bytes
2026-10-04T19:33:58 19.192 INF [EOS] Created RFS Request: news_featured_ytz2.1.jpg
2026-10-04T19:33:58 19.250 INF [EOS] Read (BlockedPlayerList) completed: Success, received 8 bytes
2026-10-04T19:33:58 19.366 INF [EOS] Read (PlatformOverrides) completed: Success, received 532 bytes
2026-10-04T19:33:58 19.368 INF [TitleStorageOverridesManager] Successfully retrieved overrides.
2026-10-04T19:33:58 19.369 INF [PermissionsManager] ResolvePermissions(_perms: [Multiplayer, Communication, Crossplay], _canPrompt: False) Fetched Title Storage Overrides!
2026-10-04T19:33:58 19.482 INF [EOS] Read (news_game_3.2.0_stable.jpg) completed: Success, received 101488 bytes
2026-10-04T19:33:58 19.484 INF [EOS] Created RFS Request: news_game_3.1.0_stable.jpg
2026-10-04T19:33:58 19.580 INF [EOS] Read (news_featured_2026_dlc_07.jpg) completed: Success, received 925495 bytes
2026-10-04T19:33:58 19.582 INF [EOS] Created RFS Request: news_featured_tfpmerch.jpg
2026-10-04T19:33:58 19.625 INF [EOS] Read (news_game_3.3_exp.jpg) completed: Success, received 106006 bytes
2026-10-04T19:33:58 19.626 INF [EOS] Created RFS Request: news_game_3.0.1_stable.jpg
2026-10-04T19:33:58 19.639 INF [EOS] Read (backtraceconfig.xml) completed: Success, received 2615 bytes
2026-10-04T19:33:58 19.643 INF [BACKTRACE] Bug reporting Enabled with save uploading: Disabled
2026-10-04T19:33:58 19.644 INF [BACKTRACE] Save Attaching Feature: Disabled
2026-10-04T19:33:58 19.645 INF [BACKTRACE] Entire World Attaching Feature: Disabled
2026-10-04T19:33:58 19.645 INF [BACKTRACE] Disabling Error Report Message Types: fellthroughworld
2026-10-04T19:33:58 19.646 INF [BACKTRACE] Bug reporting Disabled with save uploading: Disabled
2026-10-04T19:33:59 20.027 INF [BACKTRACE] Platform ID set to: "EOS-0002a27c262e4f8d9c40beda1e4fa220"
2026-10-04T19:33:59 20.028 INF [BACKTRACE] Configuration refreshed from XML: Enabled True
2026-10-04T19:33:59 20.029 INF [BACKTRACE] Bug reporting: Disabled
2026-10-04T19:33:59 20.029 INF [BACKTRACE] Bug reporting attach save feature: Disabled
2026-10-04T19:33:59 20.030 INF [BACKTRACE] Bug reporting attach entire world feature: Disabled
2026-10-04T19:33:59 20.061 INF [EOS] Read (news_featured_ytz2.1.jpg) completed: Success, received 123752 bytes
2026-10-04T19:33:59 20.063 INF [EOS] Created RFS Request: news_featured_soundtrack.jpg
2026-10-04T19:33:59 20.101 INF [EOS] Read (news_featured_2026_dlc_06.jpg) completed: Success, received 149863 bytes
2026-10-04T19:33:59 20.124 INF [EOS] Read (news_featured_tfpmerch.jpg) completed: Success, received 78916 bytes
2026-10-04T19:33:59 20.158 INF [EOS] Read (news_game_3.1.0_stable.jpg) completed: Success, received 585941 bytes
2026-10-04T19:33:59 20.160 INF [EOS] Created RFS Request: news_game_3.0_stable.jpg
2026-10-04T19:33:59 20.451 INF [EOS] Read (news_game_3.0.1_stable.jpg) completed: Success, received 154912 bytes
2026-10-04T19:33:59 20.453 INF [EOS] Created RFS Request: news_game_2026_2.6_stable.jpg
2026-10-04T19:33:59 20.478 INF [EOS] Read (news_featured_soundtrack.jpg) completed: Success, received 235045 bytes
2026-10-04T19:33:59 20.552 INF [EOS] Read (news_game_3.0_stable.jpg) completed: Success, received 275348 bytes
2026-10-04T19:33:59 20.769 INF [EOS] Read (news_game_2026_7_blank.jpg) completed: Success, received 70434 bytes
2026-10-04T19:34:00 20.869 INF [EOS] Read (news_game_2026_2.6_stable.jpg) completed: Success, received 97562 bytes
2026-10-04T19:34:06 27.705 INF [MC7DTD] Test received from minecraft: Hello from Minecraft
2026-10-04T19:34:20 40.864 INF [TitleStorageOverridesManager] Using cached last success.
2026-10-04T19:34:21 42.549 INF [TitleStorageOverridesManager] Using cached last success.
2026-10-04T19:34:21 42.553 INF NET: Starting offline server.
2026-10-04T19:34:21 42.554 INF StartGame
2026-10-04T19:34:21 42.571 INF NetPackageManager Init
2026-10-04T19:34:21 42.593 INF [XUi] Instantiating XUi from default prefab.
2026-10-04T19:34:21 42.623 INF Persistent GamePrefs saved
GamePref.AdminFileName = serveradmin.xml
GamePref.AirDropFrequency = 3
GamePref.AirDropMarker = True
GamePref.AISmellMode = 3
GamePref.AllowSpawnNearBackpack = True
GamePref.AllowSpawnNearFriend = 2
GamePref.AutopilotMode = 0
GamePref.BedrollDeadZoneSize = 15
GamePref.BedrollExpiryTime = 45
GamePref.BiomeProgression = True
GamePref.BlockDamageAI = 100
GamePref.BlockDamageAIBM = 100
GamePref.BlockDamagePlayer = 100
GamePref.BloodMoonEnemyCount = 8
GamePref.BloodMoonFrequency = 7
GamePref.BloodMoonRange = 0
GamePref.BloodMoonWarning = 1
GamePref.BuildCreate = True
GamePref.CameraRestrictionMode = 0
GamePref.ConnectToServerIP = 26.27.164.153
GamePref.ConnectToServerPort = 26900
GamePref.CreateLevelDim = 4096
GamePref.CreateLevelName = My Level
GamePref.CreativeMenuEnabled = False
GamePref.DayCount = 3
GamePref.DayLightLength = 18
GamePref.DayNightLength = 60
GamePref.DeathPenalty = 1
GamePref.DebugMenuEnabled = False
GamePref.DebugMenuShowTasks = False
GamePref.DebugPanelsEnabled = ,Ply,Ge,Sp,Fo,Pr,
GamePref.DebugStopEnemiesMoving = False
GamePref.DiscordAutoJoinVoiceMode = 0
GamePref.DiscordDisabled = True
GamePref.DiscordDmPrivacyMode = True
GamePref.DiscordFirstTimeInfoShown = True
GamePref.DiscordInputVolume = 1
GamePref.DiscordLastAccountType = 2
GamePref.DiscordMuteDmNotifications = True
GamePref.DiscordOutputVolume = 1
GamePref.DiscordSelectedInputDevice = 
GamePref.DiscordSelectedOutputDevice = 
GamePref.DiscordVoiceModePtt = False
GamePref.DiscordVoiceVadModeAuto = True
GamePref.DiscordVoiceVadThreshold = -60
GamePref.DropOnDeath = 1
GamePref.DropOnQuit = 0
GamePref.DynamicMeshDistance = 100
GamePref.DynamicMeshEnabled = True
GamePref.DynamicMeshLandClaimBuffer = 1
GamePref.DynamicMeshLandClaimOnly = True
GamePref.DynamicMeshMaxItemCache = 1
GamePref.DynamicMeshMaxRegionCache = 1
GamePref.DynamicMeshUseImposters = True
GamePref.DynamicSpawner = 
GamePref.EACEnabled = False
GamePref.EnableMapRendering = False
GamePref.EnemyDifficulty = 0
GamePref.EnemySpawnMode = True
GamePref.EulaLatestVersion = 2
GamePref.EulaVersionAccepted = 2
GamePref.FavoriteServersList = 
GamePref.FragLimit = 20
GamePref.GameDifficulty = 1
GamePref.GameGuidClient = 
GamePref.GameMode = GameModeSurvival
GamePref.GameName = MC7DTD-Phase3-3
GamePref.GameNameClient = My Game
GamePref.GameSaveStorageType = 0
GamePref.GameVersion = V 3.2.0
GamePref.GameWorld = Navezgane
GamePref.GameWorldLocationType = 4
GamePref.HideCommandExecutionLog = 0
GamePref.IgnoreEOSSanctions = False
GamePref.JarRefund = 60
GamePref.JoiningOptions = True
GamePref.LandClaimCount = 5
GamePref.LandClaimDeadZone = 30
GamePref.LandClaimDecayMode = 0
GamePref.LandClaimExpiryTime = 7
GamePref.LandClaimOfflineDelay = 0
GamePref.LandClaimOfflineDurabilityModifier = 4
GamePref.LandClaimOnlineDurabilityModifier = 4
GamePref.LandClaimSize = 41
GamePref.Language = 
GamePref.LanguageBrowser = 
GamePref.LastGameResetRevision = 13
GamePref.LastLoadedPrefab = 
GamePref.LastLoadingTipRead = 20
GamePref.LootAbundance = 100
GamePref.LootRespawnDays = 7
GamePref.LootTimer = 
GamePref.MatchLength = 10
GamePref.MaxChunkAge = -1
GamePref.MaxQueuedMeshLayers = 40
GamePref.MaxSpawnedAnimals = 50
GamePref.MaxSpawnedZombies = 64
GamePref.MaxUncoveredMapChunksPerPlayer = 524288
GamePref.NoGraphicsMode = False
GamePref.OptionsAllowController = True
GamePref.OptionsAmbientVolumeLevel = 0.4956012
GamePref.OptionsAudioOcclusion = False
GamePref.OptionsAutoPartyWithFriends = True
GamePref.OptionsBackgroundGlobalOpacity = 0.95
GamePref.OptionsBindingsResetRevision = 1
GamePref.OptionsChatCommunication = True
GamePref.OptionsControllerAimAssists = True
GamePref.OptionsControllerCursorHoverSensitivity = 0.5
GamePref.OptionsControllerCursorSnap = True
GamePref.OptionsControllerIconStyle = 0
GamePref.OptionsControllerJoystickLayout = 0
GamePref.OptionsControllerLookAcceleration = 4
GamePref.OptionsControllerLookAxisDeadzone = 0.1
GamePref.OptionsControllerLookInvert = False
GamePref.OptionsControllerMoveAxisDeadzone = 0.1
GamePref.OptionsControllerSensitivityX = 0.35
GamePref.OptionsControllerSensitivityY = 0.25
GamePref.OptionsControllerTriggerEffects = False
GamePref.OptionsControllerVehicleSensitivity = 1
GamePref.OptionsControllerVibration = True
GamePref.OptionsControllerVibrationStrength = 2
GamePref.OptionsControllerWeaponAiming = False
GamePref.OptionsControllerZoomSensitivity = 0.5
GamePref.OptionsControlsDefaultQuickAction = 0
GamePref.OptionsControlsResetRevision = 7
GamePref.OptionsControlsSprintLock = 1
GamePref.OptionsCrosshairADS = True
GamePref.OptionsCrosshairColor = 0
GamePref.OptionsCrosshairDot3P = True
GamePref.OptionsCrosshairEnabled = True
GamePref.OptionsCrosshairOpacity = 1
GamePref.OptionsCrosshairRangedEnabled = True
GamePref.OptionsCrosshairScale = 1
GamePref.OptionsCrosshairThickness = 0.2
GamePref.OptionsCrossplay = True
GamePref.OptionsDisableChunkLODs = False
GamePref.OptionsDisableXmlEvents = False
GamePref.OptionsDynamicMusicDailyTime = 0.45
GamePref.OptionsDynamicMusicEnabled = True
GamePref.OptionsFilterProfanity = False
GamePref.OptionsForegroundGlobalOpacity = 1
GamePref.OptionsGfx3PCameraMode = 0
GamePref.OptionsGfxAA = 0
GamePref.OptionsGfxAASharpness = 0
GamePref.OptionsGfxBloom = True
GamePref.OptionsGfxBrightness = 1
GamePref.OptionsGfxCameraDistance3P = 0.2463343
GamePref.OptionsGfxDefaultFirstPersonCamera = True
GamePref.OptionsGfxDOF = False
GamePref.OptionsGfxDynamicMinFPS = 30
GamePref.OptionsGfxDynamicMode = 0
GamePref.OptionsGfxDynamicScale = 1
GamePref.OptionsGfxFOV = 75
GamePref.OptionsGfxFOV3P = 65
GamePref.OptionsGfxFSRPreset = 4
GamePref.OptionsGfxGrassDistance = 1
GamePref.OptionsGfxLimitFpsInGame = -1
GamePref.OptionsGfxLODDistance = 0.5
GamePref.OptionsGfxMotionBlur = 1
GamePref.OptionsGfxMotionBlurEnabled = True
GamePref.OptionsGfxObjQuality = 2
GamePref.OptionsGfxOcclusion = False
GamePref.OptionsGfxQualityPreset = 2
GamePref.OptionsGfxReflectQuality = 0
GamePref.OptionsGfxReflectShadows = False
GamePref.OptionsGfxResetRevision = 4
GamePref.OptionsGfxResolution = 0
GamePref.OptionsGfxShadowDistance = 0
GamePref.OptionsGfxShadowQuality = 1
GamePref.OptionsGfxSignQuality = 2
GamePref.OptionsGfxSSAO = False
GamePref.OptionsGfxSSReflections = 0
GamePref.OptionsGfxStreamMipmaps = True
GamePref.OptionsGfxSunShafts = True
GamePref.OptionsGfxTerrainQuality = 2
GamePref.OptionsGfxTexFilter = 2
GamePref.OptionsGfxTexQuality = 0
GamePref.OptionsGfxTreeDistance = 4
GamePref.OptionsGfxUpscalerMode = 5
GamePref.OptionsGfxViewDistance = 7
GamePref.OptionsGfxVsync = 1
GamePref.OptionsGfxWaterPtlLimiter = 0
GamePref.OptionsGfxWaterQuality = 1
GamePref.OptionsHudOpacity = 1
GamePref.OptionsHudSize = 1
GamePref.OptionsInterfaceSensitivity = 0.5
GamePref.OptionsIntroMovieEnabled = True
GamePref.OptionsInvertMouse = False
GamePref.OptionsJournalPopup = True
GamePref.OptionsLookSensitivity = 0.5
GamePref.OptionsMenuMusicVolumeLevel = 0.1627566
GamePref.OptionsMicVolumeLevel = 0.75
GamePref.OptionsMumblePositionalAudioSupport = False
GamePref.OptionsMusicVolumeLevel = 0.1715543
GamePref.OptionsOverallAudioVolumeLevel = 0.3958944
GamePref.OptionsPlayChanceFrequency = 3
GamePref.OptionsPlayChanceProbability = 0.983
GamePref.OptionsPlayerModelTexture = Player/Male/Player_male
GamePref.OptionsPOICulling = 1
GamePref.OptionsPoiVolumesSkipDeleteConfirmation = False
GamePref.OptionsQuestsAutoAccept = True
GamePref.OptionsQuestsAutoShare = True
GamePref.OptionsScreenBoundsValue = 1
GamePref.OptionsSelectionBoxAlphaMultiplier = 0.4
GamePref.OptionsShowCompass = True
GamePref.OptionsShowConsoleButton = False
GamePref.OptionsShowCrosshair = True
GamePref.OptionsStabSpawnBlocksOnGround = True
GamePref.OptionsSubtitlesEnabled = True
GamePref.OptionsTempCelsius = False
GamePref.OptionsUiCompassUseEnglishCardinalDirections = False
GamePref.OptionsUiFpsScaling = 1
GamePref.OptionsVehicleLookSensitivity = 0.5
GamePref.OptionsVoiceChatEnabled = True
GamePref.OptionsVoiceInputDevice = {c553feff-9e5e-4e0e-9d8b-19bc1a40a879}
GamePref.OptionsVoiceOutputDevice = {0.0.0.00000000}.{92fcbc13-e738-45c1-8c56-f448aedf9951}
GamePref.OptionsVoiceVolumeLevel = 0.75
GamePref.OptionsWeaponAiming = False
GamePref.OptionsZoomAccel = 0.5
GamePref.OptionsZoomSensitivity = 0.3
GamePref.PartySharedKillRange = 100
GamePref.PersistentPlayerProfiles = False
GamePref.PlayerAutologin = False
GamePref.PlayerKillingMode = 0
GamePref.PlayerName = 质朴且卑微-
GamePref.PlayerSafeZoneHours = 7
GamePref.PlayerSafeZoneLevel = 5
GamePref.PlaytestBiome = 3
GamePref.QuestProgressionDailyLimit = 4
GamePref.RebuildMap = False
GamePref.Region = Asia
GamePref.ResetUnprotectedChunks = 0
GamePref.SandboxCode = AAAJABJARFBNC
GamePref.SandboxPreset = Adventurer
GamePref.SaveDataLimit = -1
GamePref.SaveDataLimitType = Unlimited
GamePref.SelectionContextMode = 0
GamePref.SelectionOperationMode = 0
GamePref.ServerAdminSlots = 0
GamePref.ServerAdminSlotsPermission = 0
GamePref.ServerAllowCrossplay = True
GamePref.ServerDescription = 
GamePref.ServerDisabledNetworkProtocols = 
GamePref.ServerEACPeerToPeer = False
GamePref.ServerEnabled = False
GamePref.ServerIP = 
GamePref.ServerIsPublic = True
GamePref.ServerLoginConfirmationText = 
GamePref.ServerMatchmakingGroup = 
GamePref.ServerMaxAllowedViewDistance = 12
GamePref.ServerMaxPlayerCount = 2
GamePref.ServerMaxWorldTransferSpeedKiBs = 512
GamePref.ServerName = Default Server
GamePref.ServerPort = 26900
GamePref.ServerReservedSlots = 0
GamePref.ServerReservedSlotsPermission = 100
GamePref.ServerVisibility = 2
GamePref.ServerWebsiteURL = 
GamePref.ShowFriendPlayerOnMap = True
GamePref.SkipSpawnButton = False
GamePref.StormFreq = 100
GamePref.TelnetEnabled = False
GamePref.TelnetFailedLoginLimit = 10
GamePref.TelnetFailedLoginsBlocktime = 10
GamePref.TelnetPort = 25003
GamePref.TerminalWindowEnabled = True
GamePref.TwitchBloodMoonAllowed = True
GamePref.TwitchServerPermission = 90
GamePref.UNUSED_ControlPanelEnabled = False
GamePref.UNUSED_ControlPanelPort = 8080
GamePref.UNUSED_LastLoadedPrefabSize = 
GamePref.UNUSED_NewGameSetDefaults = 
GamePref.UNUSED_OptionsBloom = 
GamePref.UNUSED_OptionsDOF = 
GamePref.UNUSED_OptionsFieldOfViewNew = 
GamePref.UNUSED_OptionsGamma = 
GamePref.UNUSED_OptionsGfxGameplayResolutionHeight = 
GamePref.UNUSED_OptionsGfxGameplayResolutionWidth = 
GamePref.UNUSED_OptionsGfxUMATexQuality = 
GamePref.UNUSED_OptionsMotionBlur = 
GamePref.UNUSED_OptionsObjectBlur = 
GamePref.UNUSED_OptionsPlayerModel = playerMale
GamePref.UNUSED_OptionsReflectionBounces = 
GamePref.UNUSED_OptionsReflectionCullList = 
GamePref.UNUSED_OptionsReflectionFarClip = 
GamePref.UNUSED_OptionsReflectionRefreshMode = 
GamePref.UNUSED_OptionsReflectionShadowDistance = 
GamePref.UNUSED_OptionsReflectionTimeSlicingMode = 
GamePref.UNUSED_OptionsSSAO = 
GamePref.UNUSED_OptionsStreamingMipmapsBudget = 
GamePref.UNUSED_OptionsSunShafts = 
GamePref.UNUSED_PlayerId = 
GamePref.UNUSED_SaveGameFolder = 
GamePref.UNUSED_UserDataFolder = 
GamePref.UserWorldStorageType = 0
GamePref.WebDashboardEnabled = False
GamePref.WebDashboardPort = 8080
GamePref.WebDashboardUrl = 
GamePref.WorldGenSeed = 
GamePref.WorldGenSize = 8192
GamePref.XPMultiplier = 100
GamePref.ZombieBMMove = 3
GamePref.ZombieFeralMove = 3
GamePref.ZombieFeralSense = 0
GamePref.ZombieMove = 0
GamePref.ZombieMoveNight = 3
GamePref.ZombiePlayers = True
GameStat.AirDropFrequency = 0
GameStat.AirDropMarker = True
GameStat.AllowedViewDistance = 12
GameStat.AnimalCount = 0
GameStat.AutoParty = False
GameStat.BedrollExpiryTime = 45
GameStat.BiomeGSModifier = 100
GameStat.BiomeLSModifier = 100
GameStat.BiomeProgression = True
GameStat.BlockDamageAI = 100
GameStat.BlockDamageAIBM = 100
GameStat.BlockDamagePlayer = 100
GameStat.BloodMoonDay = 0
GameStat.BloodMoonEnemyCount = 8
GameStat.BloodMoonWarning = 8
GameStat.CameraRestrictionMode = 0
GameStat.ChunkStabilityEnabled = True
GameStat.CurrentRoundIx = 0
GameStat.DayLightLength = 18
GameStat.DayLimitActive = False
GameStat.DayLimitThisRound = 0
GameStat.DayNightLength = 60
GameStat.DeathPenalty = XPOnly
GameStat.DropOnDeath = 1
GameStat.DropOnQuit = 0
GameStat.EnemyCount = 0
GameStat.EnemyDifficulty = Normal
GameStat.EnemySpawnMode = True
GameStat.FragLimitActive = False
GameStat.FragLimitThisRound = 0
GameStat.GameDifficulty = 2
GameStat.GameModeId = 0
GameStat.GameState = 0
GameStat.GlobalGSModifier = 100
GameStat.GlobalLSModifier = 100
GameStat.GlobalMessageToShow = 
GameStat.IsCreativeMenuEnabled = False
GameStat.IsFlyingEnabled = False
GameStat.IsPlayerCollisionEnabled = True
GameStat.IsPlayerDamageEnabled = True
GameStat.IsResetMapOnRestart = False
GameStat.IsSaveSupplyCrates = True
GameStat.IsSpawnEnemies = True
GameStat.IsSpawnNearOtherPlayer = False
GameStat.IsTeleportEnabled = False
GameStat.IsVersionCheckDone = False
GameStat.JarRefund = 60
GameStat.LandClaimCount = 5
GameStat.LandClaimDeadZone = 30
GameStat.LandClaimDecayMode = 0
GameStat.LandClaimExpiryTime = 3
GameStat.LandClaimOfflineDelay = 0
GameStat.LandClaimOfflineDurabilityModifier = 32
GameStat.LandClaimOnlineDurabilityModifier = 32
GameStat.LandClaimSize = 41
GameStat.LoadScene = 
GameStat.LootAbundance = 100
GameStat.LootRespawnDays = 7
GameStat.LootTimer = 
GameStat.OptionsPOICulling = 0
GameStat.PartySharedKillRange = 100
GameStat.PlayerKillingMode = KillStrangersOnly
GameStat.QuestProgressionDailyLimit = 4
GameStat.SandboxCode = 
GameStat.SandboxPreset = 
GameStat.ScoreDiedMultiplier = -5
GameStat.ScorePlayerKillMultiplier = 1
GameStat.ScoreZombieKillMultiplier = 1
GameStat.ShowAllPlayersOnMap = False
GameStat.ShowFriendPlayerOnMap = True
GameStat.ShowSpawnWindow = False
GameStat.ShowWindow = 
GameStat.StormFreq = 0
GameStat.TimeLimitActive = False
GameStat.TimeLimitThisRound = 0
GameStat.TimeOfDayIncPerSec = 20
GameStat.TwitchBloodMoonAllowed = True
GameStat.UNUSED_GameDifficultyBonus = 
GameStat.UNUSED_ShowZombieCounter = 
GameStat.XPMultiplier = 100
GameStat.ZombieHordeMeter = False
Sandbox Code: AAAJABJARFBNC
Sandbox Options:
*** GENERAL ***
Option RangedDamage: 9/150% (default: 7/100%)
Option MeleeDamage: 9/150% (default: 7/100%)
Option IncomingDamage: 5/75% (default: 7/100%)
*** ENTITIES ***
Option AISmellMode: 2/慢跑 (default: 3/奔跑)
2026-10-04T19:34:22 42.894 INF [PlatformApplication] restart required = False
2026-10-04T19:34:22 42.898 INF StartAsServer
2026-10-04T19:34:22 43.017 INF Loaded (local): events in 0.00
2026-10-04T19:34:22 43.210 INF Set Microsplat diffuse: MicroSplatConfig_diff_tarray (UnityEngine.Texture2DArray)
2026-10-04T19:34:22 43.211 INF Set Microsplat normals: MicroSplatConfig_normal_tarray (UnityEngine.Texture2DArray)
2026-10-04T19:34:22 43.212 INF Set Microsplat smooth:  MicroSplatConfig_smoothAO_tarray (UnityEngine.Texture2DArray)
2026-10-04T19:34:22 43.217 INF Loaded (local): materials in 0.19
2026-10-04T19:34:22 43.236 INF Loaded (local): physicsbodies in 0.01
2026-10-04T19:34:22 43.247 INF Loaded (local): painting in 0.00
2026-10-04T19:34:22 43.317 INF Loaded (local): shapes in 0.01
2026-10-04T19:34:26 47.300 INF [MC7DTD] Minecraft player: x=-276.45760300032015 y=63 z=469.1174941200195
2026-10-04T19:34:26 47.307 INF [MC7DTD] Entity state: event=spawn id=9e44c06f-0796-41a1-af2d-f25e4df467e4 type=minecraft:player source=minecraft world=mc-cf4dce40-2be1-372b-b914-917f5dcc644c dimension=minecraft:overworld stream=ead81942-3359-47ba-80d4-9512b1acc3f9 sequence=1 x=-276.45760300032015 y=63 z=469.1174941200195 yaw=136.04507446289063 pitch=11.700039863586426 roll=0
2026-10-04T19:34:26 47.836 INF [MC7DTD] Minecraft player: x=-276.45760300032015 y=63 z=469.1174941200195
2026-10-04T19:34:26 47.839 INF [MC7DTD] Entity state: event=update id=9e44c06f-0796-41a1-af2d-f25e4df467e4 type=minecraft:player source=minecraft world=mc-cf4dce40-2be1-372b-b914-917f5dcc644c dimension=minecraft:overworld stream=ead81942-3359-47ba-80d4-9512b1acc3f9 sequence=2 x=-276.45760300032015 y=63 z=469.1174941200195 yaw=149.24508666992188 pitch=19.650041580200195 roll=0
2026-10-04T19:34:27 48.840 INF [MC7DTD] Minecraft player: x=-276.45760300032015 y=63 z=469.1174941200195
2026-10-04T19:34:27 48.841 INF [MC7DTD] Entity state: event=update id=9e44c06f-0796-41a1-af2d-f25e4df467e4 type=minecraft:player source=minecraft world=mc-cf4dce40-2be1-372b-b914-917f5dcc644c dimension=minecraft:overworld stream=ead81942-3359-47ba-80d4-9512b1acc3f9 sequence=3 x=-276.45760300032015 y=63 z=469.1174941200195 yaw=149.84506225585938 pitch=19.650041580200195 roll=0
2026-10-04T19:34:28 49.349 INF [MC7DTD] Minecraft player: x=-276.45760300032015 y=63 z=469.1174941200195
2026-10-04T19:34:28 49.360 INF [MC7DTD] Entity state: event=update id=9e44c06f-0796-41a1-af2d-f25e4df467e4 type=minecraft:player source=minecraft world=mc-cf4dce40-2be1-372b-b914-917f5dcc644c dimension=minecraft:overworld stream=ead81942-3359-47ba-80d4-9512b1acc3f9 sequence=4 x=-276.45760300032015 y=63 z=469.1174941200195 yaw=134.54505920410156 pitch=6.1500411033630371 roll=0
2026-10-04T19:34:29 49.926 INF [MC7DTD] Minecraft player: x=-276.45760300032015 y=63 z=469.1174941200195
2026-10-04T19:34:29 49.931 INF [MC7DTD] Entity state: event=update id=9e44c06f-0796-41a1-af2d-f25e4df467e4 type=minecraft:player source=minecraft world=mc-cf4dce40-2be1-372b-b914-917f5dcc644c dimension=minecraft:overworld stream=ead81942-3359-47ba-80d4-9512b1acc3f9 sequence=5 x=-276.45760300032015 y=63 z=469.1174941200195 yaw=112.64505004882813 pitch=5.100041389465332 roll=0
2026-10-04T19:34:29 50.399 INF [MC7DTD] Minecraft player: x=-276.45760300032015 y=63 z=469.1174941200195
2026-10-04T19:34:29 50.408 INF [MC7DTD] Entity state: event=update id=9e44c06f-0796-41a1-af2d-f25e4df467e4 type=minecraft:player source=minecraft world=mc-cf4dce40-2be1-372b-b914-917f5dcc644c dimension=minecraft:overworld stream=ead81942-3359-47ba-80d4-9512b1acc3f9 sequence=6 x=-276.45760300032015 y=63 z=469.1174941200195 yaw=152.99507141113281 pitch=7.8000411987304688 roll=0
2026-10-04T19:34:30 50.937 INF [MC7DTD] Minecraft player: x=-276.45760300032015 y=63 z=469.1174941200195
2026-10-04T19:34:30 50.939 INF [MC7DTD] Entity state: event=update id=9e44c06f-0796-41a1-af2d-f25e4df467e4 type=minecraft:player source=minecraft world=mc-cf4dce40-2be1-372b-b914-917f5dcc644c dimension=minecraft:overworld stream=ead81942-3359-47ba-80d4-9512b1acc3f9 sequence=7 x=-276.45760300032015 y=63 z=469.1174941200195 yaw=221.69505310058594 pitch=13.200040817260742 roll=0
2026-10-04T19:34:30 51.437 INF [MC7DTD] Minecraft player: x=-276.45760300032015 y=63 z=469.1174941200195
2026-10-04T19:34:30 51.441 INF [MC7DTD] Entity state: event=update id=9e44c06f-0796-41a1-af2d-f25e4df467e4 type=minecraft:player source=minecraft world=mc-cf4dce40-2be1-372b-b914-917f5dcc644c dimension=minecraft:overworld stream=ead81942-3359-47ba-80d4-9512b1acc3f9 sequence=8 x=-276.45760300032015 y=63 z=469.1174941200195 yaw=103.64507293701172 pitch=16.350038528442383 roll=0
2026-10-04T19:34:31 51.984 INF [MC7DTD] Minecraft player: x=-276.45760300032015 y=63 z=469.1174941200195
2026-10-04T19:34:31 51.986 INF [MC7DTD] Entity state: event=update id=9e44c06f-0796-41a1-af2d-f25e4df467e4 type=minecraft:player source=minecraft world=mc-cf4dce40-2be1-372b-b914-917f5dcc644c dimension=minecraft:overworld stream=ead81942-3359-47ba-80d4-9512b1acc3f9 sequence=9 x=-276.45760300032015 y=63 z=469.1174941200195 yaw=73.945075988769531 pitch=16.350038528442383 roll=0
2026-10-04T19:34:31 52.490 INF [MC7DTD] Minecraft player: x=-276.45760300032015 y=63 z=469.1174941200195
2026-10-04T19:34:31 52.493 INF [MC7DTD] Entity state: event=update id=9e44c06f-0796-41a1-af2d-f25e4df467e4 type=minecraft:player source=minecraft world=mc-cf4dce40-2be1-372b-b914-917f5dcc644c dimension=minecraft:overworld stream=ead81942-3359-47ba-80d4-9512b1acc3f9 sequence=10 x=-276.45760300032015 y=63 z=469.1174941200195 yaw=79.495109558105469 pitch=16.350038528442383 roll=0
2026-10-04T19:34:32 52.990 INF [MC7DTD] Minecraft player: x=-276.45760300032015 y=63 z=469.1174941200195
2026-10-04T19:34:32 52.992 INF [MC7DTD] Entity state: event=update id=9e44c06f-0796-41a1-af2d-f25e4df467e4 type=minecraft:player source=minecraft world=mc-cf4dce40-2be1-372b-b914-917f5dcc644c dimension=minecraft:overworld stream=ead81942-3359-47ba-80d4-9512b1acc3f9 sequence=11 x=-276.45760300032015 y=63 z=469.1174941200195 yaw=92.395172119140625 pitch=15.300041198730469 roll=0
2026-10-04T19:34:32 53.536 INF [MC7DTD] Minecraft player: x=-276.45760300032015 y=63.495200877005921 z=469.1174941200195
2026-10-04T19:34:32 53.538 INF [MC7DTD] Entity state: event=update id=9e44c06f-0796-41a1-af2d-f25e4df467e4 type=minecraft:player source=minecraft world=mc-cf4dce40-2be1-372b-b914-917f5dcc644c dimension=minecraft:overworld stream=ead81942-3359-47ba-80d4-9512b1acc3f9 sequence=12 x=-276.45760300032015 y=63.495200877005921 z=469.1174941200195 yaw=93.445182800292969 pitch=15.000041961669922 roll=0
2026-10-04T19:34:33 54.083 INF [MC7DTD] Minecraft player: x=-276.45760300032015 y=63 z=469.1174941200195
2026-10-04T19:34:33 54.085 INF [MC7DTD] Entity state: event=update id=9e44c06f-0796-41a1-af2d-f25e4df467e4 type=minecraft:player source=minecraft world=mc-cf4dce40-2be1-372b-b914-917f5dcc644c dimension=minecraft:overworld stream=ead81942-3359-47ba-80d4-9512b1acc3f9 sequence=13 x=-276.45760300032015 y=63 z=469.1174941200195 yaw=93.445182800292969 pitch=15.000041961669922 roll=0
The referenced script on this Behaviour (Game Object '<null>') is missing!
The referenced script on this Behaviour (Game Object '<null>') is missing!
The referenced script on this Behaviour (Game Object '<null>') is missing!
The referenced script on this Behaviour (Game Object '<null>') is missing!
The referenced script on this Behaviour (Game Object '<null>') is missing!
Unloading 3 Unused Serialized files (Serialized files now loaded: 60)
2026-10-04T19:34:39 60.744 INF Block IDs with mapping
2026-10-04T19:34:39 60.753 INF Block IDs total 24810, terr 30, last 25031
2026-10-04T19:34:39 60.765 INF Loaded (local): blocks in 17.15
Unloading 20372 unused Assets to reduce memory usage. Loaded Objects now: 370111.
Total: 237.779500 ms (FindLiveObjects: 22.695600 ms CreateObjectMapping: 10.682600 ms MarkObjects: 195.945000 ms  DeleteObjects: 8.455800 ms)

2026-10-04T19:34:40 61.102 INF Loaded (local): progression in 0.08
2026-10-04T19:34:40 61.271 INF Loaded (local): buffs in 0.11
2026-10-04T19:34:40 61.286 INF Loaded (local): misc in 0.01
2026-10-04T19:34:40 61.709 WRN Type:ItemClassWildChicken, Assembly-CSharp, Version=0.0.0.0, Culture=neutral, PublicKeyToken=null is missing the UnityEngine.Scripting.Preserve attribute, this will fail on consoles
2026-10-04T19:34:40 61.772 INF Loaded (local): items in 0.38
2026-10-04T19:34:40 61.825 INF Item IDs with mapping
2026-10-04T19:34:40 61.826 INF ItemIDs from Mapping
2026-10-04T19:34:40 61.829 INF ItemClass assignLeftOverItems 67056 of 81920
2026-10-04T19:34:41 61.878 INF Loaded (local): item_modifiers in 0.09
2026-10-04T19:34:41 61.971 INF Loaded (local): entityclasses in 0.07
2026-10-04T19:34:41 61.980 INF Loaded (local): qualityinfo in 0.00
2026-10-04T19:34:41 62.086 INF Loaded (local): sounds in 0.03
2026-10-04T19:34:41 62.131 INF Loaded (local): recipes in 0.03
2026-10-04T19:34:41 62.155 INF Loaded (local): blockplaceholders in 0.01
2026-10-04T19:34:41 62.221 INF Loaded (local): loot in 0.03
2026-10-04T19:34:41 62.311 INF Loaded (local): entitygroups in 0.03
2026-10-04T19:34:41 62.321 INF Loaded (local): utilityai in 0.00
2026-10-04T19:34:41 62.330 INF Loaded (local): vehicles in 0.00
2026-10-04T19:34:41 62.338 INF Loaded (local): rwgmixer in 0.00
2026-10-04T19:34:41 62.346 INF Loaded (local): weathersurvival in 0.00
2026-10-04T19:34:41 62.355 INF Loaded (local): archetypes in 0.00
2026-10-04T19:34:41 62.376 INF Loaded (local): challenges in 0.01
2026-10-04T19:34:41 62.436 INF Loaded (local): quests in 0.05
2026-10-04T19:34:41 62.454 INF Loaded (local): traders in 0.01
2026-10-04T19:34:41 62.474 INF Loaded (local): npc in 0.02
2026-10-04T19:34:41 62.492 INF Loaded (local): dialogs in 0.01
2026-10-04T19:34:41 62.513 INF Loaded (local): ui_display in 0.01
2026-10-04T19:34:41 62.531 INF Loaded (local): nav_objects in 0.01
2026-10-04T19:34:41 62.558 INF Loaded (local): gamestages in 0.01
2026-10-04T19:34:41 62.854 INF Loaded (local): gameevents in 0.25
2026-10-04T19:34:42 62.909 INF Loaded (local): twitch in 0.03
2026-10-04T19:34:42 62.921 INF Loaded (local): twitch_events in 0.01
2026-10-04T19:34:42 62.949 INF Loaded (local): dmscontent in 0.02
2026-10-04T19:34:42 62.957 INF Loaded (local): XUi_Common/styles in 0.00
2026-10-04T19:34:42 62.971 INF Loaded (local): XUi_Common/templates in 0.00
2026-10-04T19:34:42 62.977 INF Loaded (local): XUi_InGame/styles in 0.00
2026-10-04T19:34:42 62.991 INF Loaded (local): XUi_InGame/templates in 0.00
2026-10-04T19:34:42 63.028 INF Loaded (local): XUi_InGame/windows in 0.00
2026-10-04T19:34:42 63.036 INF [XUi] Loading XUi asynchronously
2026-10-04T19:34:42 63.073 INF Loaded (local): XUi_InGame/xui in 0.04
2026-10-04T19:34:42 63.429 INF Loaded (local): biomes in 0.12
2026-10-04T19:34:43 63.948 INF Loaded (local): worldglobal in 0.08
2026-10-04T19:34:43 64.318 INF Loaded (local): spawning in 0.07
2026-10-04T19:34:43 64.745 INF Loaded (local): loadingscreen in 0.06
2026-10-04T19:34:43 64.778 INF [XUi] Parsing all window groups completed in 1588 ms total.
2026-10-04T19:34:44 64.904 INF Added 1336 subtitle data entries and 3 speaker colors
2026-10-04T19:34:44 64.940 INF Loaded (local): subtitles in 0.06
2026-10-04T19:34:44 65.197 INF Loaded (local): videos in 0.06
2026-10-04T19:34:44 65.629 INF Loaded (local): signs in 0.09
2026-10-04T19:34:44 65.745 INF ShapeControllers: 96
2026-10-04T19:34:45 66.053 INF Loaded (local): sandbox_overrides in 0.06
2026-10-04T19:34:45 66.157 INF Loading players.xml
2026-10-04T19:34:45 66.178 INF createWorld: Navezgane, Navezgane (src: GameData, DeviceLocal), MC7DTD-Phase3-3, GameModeSurvival
2026-10-04T19:34:45 66.179 INF Occlusion: Disabled
2026-10-04T19:34:45 66.190 INF [XUi] Initialized all window groups completed in 1214 ms total.
2026-10-04T19:34:45 66.197 INF Started thread ChunkRegeneration
2026-10-04T19:34:45 66.198 INF Started thread ChunkCalc
2026-10-04T19:34:45 66.199 INF Started thread ChunkMeshBake
2026-10-04T19:34:45 66.225 INF World.Load: Navezgane Navezgane (src: GameData, DeviceLocal)
2026-10-04T19:34:45 66.234 WRN Next Airdrop: 6 12:00
2026-10-04T19:34:45 66.235 INF BloodMoon SetDay: day 7, last day 0, freq 7, range 0
2026-10-04T19:34:45 66.249 INF Started thread WaterSimulationApplyChanges
2026-10-04T19:34:50 71.792 INF Started thread GenerateChunks
2026-10-04T19:34:51 72.156 INF Calculating world hashes took 360 ms (world size 193 MiB)
2026-10-04T19:34:51 72.160 INF Initial ENABLE_FILE_BACKED_ARRAYS == False
2026-10-04T19:34:51 72.276 INF GenWorldFromRaw load dtm took 481ms
2026-10-04T19:34:51 72.332 INF Biomes image size w= 3072, h = 3072
2026-10-04T19:34:51 72.794 INF GenWorldFromRaw biomes took 516ms
Unloading 2 Unused Serialized files (Serialized files now loaded: 61)
Unloading 11370 unused Assets to reduce memory usage. Loaded Objects now: 507738.
Total: 545.078900 ms (FindLiveObjects: 24.893900 ms CreateObjectMapping: 13.333400 ms MarkObjects: 500.205700 ms  DeleteObjects: 6.645600 ms)

2026-10-04T19:34:53 74.156 INF GenWorldFromRaw shader control textures took 508ms
2026-10-04T19:34:53 74.479 INF Computed 506 chunk groups containing a total of 9722 chunks. Largest group contains 435 chunks.
2026-10-04T19:34:53 74.501 INF Started thread SaveChunks D:\wenjian\minecraft\7-M\runtime\7dtd\Saves\Navezgane\MC7DTD-Phase3-3\Region
2026-10-04T19:34:53 74.510 INF GenWorldFromRaw misc took 353ms
2026-10-04T19:34:54 75.632 INF GenWorldFromRaw splats took 1120ms
Unloading 0 Unused Serialized files (Serialized files now loaded: 61)
Unloading 0 unused Assets to reduce memory usage. Loaded Objects now: 507742.
Total: 565.352600 ms (FindLiveObjects: 29.588600 ms CreateObjectMapping: 12.693800 ms MarkObjects: 520.897000 ms  DeleteObjects: 2.172600 ms)

2026-10-04T19:34:56 76.863 INF [DECO] read 75534
2026-10-04T19:34:56 76.897 INF Dynamic Music Initialized on Server
2026-10-04T19:34:56 76.915 INF Dynamic Music Initialized on Client
2026-10-04T19:34:56 76.916 INF Begin DMS Conductor Preload Routine
2026-10-04T19:34:56 76.917 INF Preloading LayeredSection Exploration : Type: DynamicMusic.Adventure
2026-10-04T19:34:56 76.919 INF Loading new config for Exploration...
2026-10-04T19:34:56 76.927 INF Loading new ClipSets for Exploration...
2026-10-04T19:34:56 76.991 INF Exploration loaded new config and clipsets
2026-10-04T19:34:56 77.034 INF Preloading LayeredSection Suspense : Type: DynamicMusic.Adventure
2026-10-04T19:34:56 77.035 INF Loading new config for Suspense...
2026-10-04T19:34:56 77.037 INF Loading new ClipSets for Suspense...
2026-10-04T19:34:56 77.046 INF Suspense loaded new config and clipsets
2026-10-04T19:34:56 77.067 INF Preloading LayeredSection Combat : Type: DynamicMusic.Combat
2026-10-04T19:34:56 77.068 INF Loading new config for Combat...
2026-10-04T19:34:56 77.071 INF Loading new ClipSets for Combat...
2026-10-04T19:34:56 77.094 INF Combat loaded new config and clipsets
2026-10-04T19:34:56 77.128 INF Preloading LayeredSection Bloodmoon : Type: DynamicMusic.Bloodmoon
2026-10-04T19:34:56 77.130 INF Loading new config for Bloodmoon...
2026-10-04T19:34:56 77.242 INF [EOS] Created RFS Request: drops.xml
2026-10-04T19:34:56 77.349 INF AstarManager Init
2026-10-04T19:34:56 77.624 INF createWorld() done
2026-10-04T19:34:56 77.767 INF [EOS] Read (drops.xml) completed: Success, received 783 bytes
2026-10-04T19:34:56 77.772 INF fetching Twitch entitlements for s76561199256208852
The referenced script on this Behaviour (Game Object 'Camera') is missing!
The referenced script on this Behaviour (Game Object '<null>') is missing!
The referenced script on this Behaviour (Game Object 'Camera') is missing!
The referenced script on this Behaviour (Game Object 'Camera') is missing!
2026-10-04T19:34:57 78.854 WRN Failed to fetch Twitch entitlements: HTTP/1.1 404 Not Found
2026-10-04T19:34:58 79.179 INF Created player with id=171
2026-10-04T19:34:58 79.188 INF [PartyQuests] Player registered: [type=EntityPlayerLocal, name=质朴且卑微-, id=171]
2026-10-04T19:34:58 79.336 INF Respawning: LoadedGame
2026-10-04T19:34:58 79.341 INF Loaded player
2026-10-04T19:34:58 79.468 INF VehicleManager D:\wenjian\minecraft\7-M\runtime\7dtd\Saves/Navezgane/MC7DTD-Phase3-3/vehicles.dat, loaded 0
2026-10-04T19:34:58 79.470 INF DroneManager D:\wenjian\minecraft\7-M\runtime\7dtd\Saves/Navezgane/MC7DTD-Phase3-3/drones.dat, loaded 0
2026-10-04T19:34:58 79.471 INF TurretTracker D:\wenjian\minecraft\7-M\runtime\7dtd\Saves/Navezgane/MC7DTD-Phase3-3/turrets.dat, loaded 0
Unloading 3 Unused Serialized files (Serialized files now loaded: 96)
Unloading 467 unused Assets to reduce memory usage. Loaded Objects now: 517900.
Total: 579.014600 ms (FindLiveObjects: 24.904100 ms CreateObjectMapping: 11.562000 ms MarkObjects: 539.425900 ms  DeleteObjects: 3.122100 ms)

2026-10-04T19:34:59 80.400 INF 60sec delta: 0,current: 1132043,desired: 1194635
2026-10-04T19:34:59 80.402 INF [Backtrace] Updated Statistics
2026-10-04T19:34:59 80.491 INF [MC7DTD] Entity state: event=despawn id=9e44c06f-0796-41a1-af2d-f25e4df467e4 type=minecraft:player source=minecraft world=mc-cf4dce40-2be1-372b-b914-917f5dcc644c dimension=minecraft:overworld stream=ead81942-3359-47ba-80d4-9512b1acc3f9 sequence=14 reason=out_of_scope
2026-10-04T19:34:59 80.492 INF [MC7DTD] Entity state: event=spawn id=bb103b68-bf1a-4765-967c-d5f8ac30702d type=minecraft:player source=minecraft world=mc-cf4dce40-2be1-372b-b914-917f5dcc644c dimension=minecraft:overworld stream=dcfa83f2-8df6-4a9e-a292-69a93d9e7639 sequence=1 x=-276.45760300032015 y=63 z=469.1174941200195 yaw=93.445182800292969 pitch=15.000041961669922 roll=0
2026-10-04T19:34:59 80.522 INF [MC7DTD] Spawn proxy: entity=9e44c06f-0796-41a1-af2d-f25e4df467e4 renderer=humanoid model=player variant=default scale=1
2026-10-04T19:34:59 80.523 INF [MC7DTD] Player proxy spawned: id=9e44c06f-0796-41a1-af2d-f25e4df467e4 count=1 x=-276.45760300032015 y=63 z=469.1174941200195 thread=1 yaw=136.04507446289063 pitch=11.700039863586426 roll=0
2026-10-04T19:34:59 80.524 INF [MC7DTD] [Presentation] entity=9e44c06f-0796-41a1-af2d-f25e4df467e4 renderer=humanoid model=player variant=default scale=1 removed=False
2026-10-04T19:34:59 80.525 INF [MC7DTD] Player proxy updated: id=9e44c06f-0796-41a1-af2d-f25e4df467e4 count=1 x=-276.45760300032015 y=63 z=469.1174941200195 thread=1 yaw=149.24508666992188 pitch=19.650041580200195 roll=0
2026-10-04T19:34:59 80.526 INF [MC7DTD] [Presentation] entity=9e44c06f-0796-41a1-af2d-f25e4df467e4 renderer=humanoid model=player variant=default scale=1 removed=False
2026-10-04T19:34:59 80.526 INF [MC7DTD] Player proxy updated: id=9e44c06f-0796-41a1-af2d-f25e4df467e4 count=1 x=-276.45760300032015 y=63 z=469.1174941200195 thread=1 yaw=149.84506225585938 pitch=19.650041580200195 roll=0
2026-10-04T19:34:59 80.527 INF [MC7DTD] [Presentation] entity=9e44c06f-0796-41a1-af2d-f25e4df467e4 renderer=humanoid model=player variant=default scale=1 removed=False
2026-10-04T19:34:59 80.528 INF [MC7DTD] Player proxy updated: id=9e44c06f-0796-41a1-af2d-f25e4df467e4 count=1 x=-276.45760300032015 y=63 z=469.1174941200195 thread=1 yaw=134.54505920410156 pitch=6.1500411033630371 roll=0
2026-10-04T19:34:59 80.529 INF [MC7DTD] [Presentation] entity=9e44c06f-0796-41a1-af2d-f25e4df467e4 renderer=humanoid model=player variant=default scale=1 removed=False
2026-10-04T19:34:59 80.530 INF [MC7DTD] Player proxy updated: id=9e44c06f-0796-41a1-af2d-f25e4df467e4 count=1 x=-276.45760300032015 y=63 z=469.1174941200195 thread=1 yaw=112.64505004882813 pitch=5.100041389465332 roll=0
2026-10-04T19:34:59 80.530 INF [MC7DTD] [Presentation] entity=9e44c06f-0796-41a1-af2d-f25e4df467e4 renderer=humanoid model=player variant=default scale=1 removed=False
2026-10-04T19:34:59 80.531 INF [MC7DTD] Player proxy updated: id=9e44c06f-0796-41a1-af2d-f25e4df467e4 count=1 x=-276.45760300032015 y=63 z=469.1174941200195 thread=1 yaw=152.99507141113281 pitch=7.8000411987304688 roll=0
2026-10-04T19:34:59 80.532 INF [MC7DTD] [Presentation] entity=9e44c06f-0796-41a1-af2d-f25e4df467e4 renderer=humanoid model=player variant=default scale=1 removed=False
2026-10-04T19:34:59 80.533 INF [MC7DTD] Player proxy updated: id=9e44c06f-0796-41a1-af2d-f25e4df467e4 count=1 x=-276.45760300032015 y=63 z=469.1174941200195 thread=1 yaw=221.69505310058594 pitch=13.200040817260742 roll=0
2026-10-04T19:34:59 80.533 INF [MC7DTD] [Presentation] entity=9e44c06f-0796-41a1-af2d-f25e4df467e4 renderer=humanoid model=player variant=default scale=1 removed=False
2026-10-04T19:34:59 80.534 INF [MC7DTD] Player proxy updated: id=9e44c06f-0796-41a1-af2d-f25e4df467e4 count=1 x=-276.45760300032015 y=63 z=469.1174941200195 thread=1 yaw=103.64507293701172 pitch=16.350038528442383 roll=0
2026-10-04T19:34:59 80.535 INF [MC7DTD] [Presentation] entity=9e44c06f-0796-41a1-af2d-f25e4df467e4 renderer=humanoid model=player variant=default scale=1 removed=False
2026-10-04T19:34:59 80.536 INF [MC7DTD] Player proxy updated: id=9e44c06f-0796-41a1-af2d-f25e4df467e4 count=1 x=-276.45760300032015 y=63 z=469.1174941200195 thread=1 yaw=73.945075988769531 pitch=16.350038528442383 roll=0
2026-10-04T19:34:59 80.536 INF [MC7DTD] [Presentation] entity=9e44c06f-0796-41a1-af2d-f25e4df467e4 renderer=humanoid model=player variant=default scale=1 removed=False
2026-10-04T19:34:59 80.537 INF [MC7DTD] Player proxy updated: id=9e44c06f-0796-41a1-af2d-f25e4df467e4 count=1 x=-276.45760300032015 y=63 z=469.1174941200195 thread=1 yaw=79.495109558105469 pitch=16.350038528442383 roll=0
2026-10-04T19:34:59 80.538 INF [MC7DTD] [Presentation] entity=9e44c06f-0796-41a1-af2d-f25e4df467e4 renderer=humanoid model=player variant=default scale=1 removed=False
2026-10-04T19:34:59 80.539 INF [MC7DTD] Player proxy updated: id=9e44c06f-0796-41a1-af2d-f25e4df467e4 count=1 x=-276.45760300032015 y=63 z=469.1174941200195 thread=1 yaw=92.395172119140625 pitch=15.300041198730469 roll=0
2026-10-04T19:34:59 80.539 INF [MC7DTD] [Presentation] entity=9e44c06f-0796-41a1-af2d-f25e4df467e4 renderer=humanoid model=player variant=default scale=1 removed=False
2026-10-04T19:34:59 80.540 INF [MC7DTD] Player proxy updated: id=9e44c06f-0796-41a1-af2d-f25e4df467e4 count=1 x=-276.45760300032015 y=63.495200877005921 z=469.1174941200195 thread=1 yaw=93.445182800292969 pitch=15.000041961669922 roll=0
2026-10-04T19:34:59 80.541 INF [MC7DTD] [Presentation] entity=9e44c06f-0796-41a1-af2d-f25e4df467e4 renderer=humanoid model=player variant=default scale=1 removed=False
2026-10-04T19:34:59 80.541 INF [MC7DTD] Player proxy updated: id=9e44c06f-0796-41a1-af2d-f25e4df467e4 count=1 x=-276.45760300032015 y=63 z=469.1174941200195 thread=1 yaw=93.445182800292969 pitch=15.000041961669922 roll=0
2026-10-04T19:34:59 80.572 INF OpenSpawnWindow
2026-10-04T19:34:59 80.576 INF Loading dymesh settings
2026-10-04T19:34:59 80.578 INF Dynamic Mesh Settings
2026-10-04T19:34:59 80.579 INF Use Imposter Values: True
2026-10-04T19:34:59 80.579 INF Only Player Areas: True
2026-10-04T19:34:59 80.580 INF Player Area Buffer: 1
2026-10-04T19:34:59 80.581 INF Max View Distance: 100
2026-10-04T19:34:59 80.582 INF Regen all on new world: False
2026-10-04T19:34:59 80.585 INF Dymesh: Prepping dynamic mesh. Resend Default: True
2026-10-04T19:34:59 80.587 INF Dymesh: Mesh location: D:\wenjian\minecraft\7-M\runtime\7dtd\Saves/Navezgane/MC7DTD-Phase3-3/DynamicMeshes/
2026-10-04T19:34:59 80.589 INF [Web] Webserver not started, WebDashboardEnabled set to false
2026-10-04T19:34:59 80.591 INF StartGame done
2026-10-04T19:34:59 80.594 INF [MC7DTD] 7DTD entity sent: {"authority":"7dtd","dimension":"7dtd:main","entity_id":"95183d29-9800-4375-a0d3-6030173478e0","entity_type":"7dtd:player","lifecycle":{"event":"spawn"},"metadata":{},"origin":{"dimension":"7dtd:main","entity_id":"95183d29-9800-4375-a0d3-6030173478e0","game":"7dtd","world_id":"td-0d917a4eff776d999148769266591579674d2c42de6557026893a1902834f11f"},"position":{"space":"7dtd","x":-274.94924926757813,"y":61.079998016357422,"z":461.63272094726563},"rotation":{"pitch":-2.125,"roll":0,"yaw":22.874969482421875},"sequence":1,"source":"7dtd","stream_id":"aba657ef-52b0-48c5-8f0b-78d24fb0e668","type":"entity_state","version":2,"world_id":"td-0d917a4eff776d999148769266591579674d2c42de6557026893a1902834f11f"}
2026-10-04T19:34:59 80.595 INF [MC7DTD] 7DTD entity sent: {"authority":"7dtd","base_revision":0,"components":{"health":{"current":20000,"max":20000},"name":{"display_name":"质朴且卑微-","text":"质朴且卑微-"},"custom_metadata":{"tag.source":"7dtd","tag.kind":"player","tag.label":"bridge"},"equipment":{"slots":{"head":null,"body":{"item_id":"7dtd:toughGuyShirtAdmin"},"hands":{"item_id":"7dtd:ringOfFireAdmin"},"feet":{"item_id":"7dtd:rocketBootsAdmin"},"held_item":null}}},"dimension":"7dtd:main","entity_id":"95183d29-9800-4375-a0d3-6030173478e0","entity_sequence":1,"entity_state_version":2,"entity_type":"7dtd:player","mode":"snapshot","origin":{"dimension":"7dtd:main","entity_id":"95183d29-9800-4375-a0d3-6030173478e0","game":"7dtd","world_id":"td-0d917a4eff776d999148769266591579674d2c42de6557026893a1902834f11f"},"revision":1,"source":"7dtd","stream_id":"aba657ef-52b0-48c5-8f0b-78d24fb0e668","type":"entity_components","version":1,"world_id":"td-0d917a4eff776d999148769266591579674d2c42de6557026893a1902834f11f"}
2026-10-04T19:34:59 80.654 INF [DECO] written 75534, in 19ms
2026-10-04T19:34:59 80.666 INF [DECO] write thread 6ms
2026-10-04T19:34:59 80.724 INF [MC7DTD] Player proxy despawned: id=9e44c06f-0796-41a1-af2d-f25e4df467e4 count=0 x=0 y=0 z=0 thread=1 yaw=0 pitch=0 roll=0
2026-10-04T19:34:59 80.733 INF [MC7DTD] Spawn proxy: entity=bb103b68-bf1a-4765-967c-d5f8ac30702d renderer=humanoid model=player variant=default scale=1
2026-10-04T19:34:59 80.734 INF [MC7DTD] Player proxy spawned: id=bb103b68-bf1a-4765-967c-d5f8ac30702d count=1 x=-276.45760300032015 y=63 z=469.1174941200195 thread=1 yaw=93.445182800292969 pitch=15.000041961669922 roll=0
2026-10-04T19:35:00 81.096 INF [MC7DTD] 7DTD entity sent: {"authority":"7dtd","dimension":"7dtd:main","entity_id":"95183d29-9800-4375-a0d3-6030173478e0","entity_type":"7dtd:player","lifecycle":{"event":"update"},"metadata":{},"origin":{"dimension":"7dtd:main","entity_id":"95183d29-9800-4375-a0d3-6030173478e0","game":"7dtd","world_id":"td-0d917a4eff776d999148769266591579674d2c42de6557026893a1902834f11f"},"position":{"space":"7dtd","x":-274.94924926757813,"y":61.079998016357422,"z":461.63272094726563},"rotation":{"pitch":-2.125,"roll":0,"yaw":22.874969482421875},"sequence":2,"source":"7dtd","stream_id":"aba657ef-52b0-48c5-8f0b-78d24fb0e668","type":"entity_state","version":2,"world_id":"td-0d917a4eff776d999148769266591579674d2c42de6557026893a1902834f11f"}
2026-10-04T19:35:00 81.419 INF Dymesh: Warming dynamic mesh
2026-10-04T19:35:00 81.420 INF Dymesh: Creating dynamic mesh manager
2026-10-04T19:35:00 81.423 INF Dymesh: Awake
2026-10-04T19:35:00 81.424 INF Dymesh: Mesh location: D:\wenjian\minecraft\7-M\runtime\7dtd\Saves/Navezgane/MC7DTD-Phase3-3/DynamicMeshes/
2026-10-04T19:35:00 81.426 INF Dymesh: Loading Items: D:\wenjian\minecraft\7-M\runtime\7dtd\Saves/Navezgane/MC7DTD-Phase3-3/DynamicMeshes/
2026-10-04T19:35:00 81.428 INF Dymesh: Loaded Items: 0
2026-10-04T19:35:00 81.430 INF Dymesh: Loading all items took: 0.0042031 seconds.
2026-10-04T19:35:00 81.435 INF Meshlist count is now 1
2026-10-04T19:35:00 81.436 INF Meshlist count is now 2
2026-10-04T19:35:00 81.437 INF Force load took 0 seconds
2026-10-04T19:35:00 81.439 INF Clearing queues.
2026-10-04T19:35:00 81.440 INF Cleared queues.
2026-10-04T19:35:00 81.442 INF Dynamic thread starting
2026-10-04T19:35:00 81.443 INF Dymesh door replacement: imposterBlock
2026-10-04T19:35:00 81.716 INF [MC7DTD] 7DTD entity sent: {"authority":"7dtd","dimension":"7dtd:main","entity_id":"95183d29-9800-4375-a0d3-6030173478e0","entity_type":"7dtd:player","lifecycle":{"event":"update"},"metadata":{},"origin":{"dimension":"7dtd:main","entity_id":"95183d29-9800-4375-a0d3-6030173478e0","game":"7dtd","world_id":"td-0d917a4eff776d999148769266591579674d2c42de6557026893a1902834f11f"},"position":{"space":"7dtd","x":-274.94924926757813,"y":61.079998016357422,"z":461.63272094726563},"rotation":{"pitch":-2.125,"roll":0,"yaw":22.874969482421875},"sequence":3,"source":"7dtd","stream_id":"aba657ef-52b0-48c5-8f0b-78d24fb0e668","type":"entity_state","version":2,"world_id":"td-0d917a4eff776d999148769266591579674d2c42de6557026893a1902834f11f"}
2026-10-04T19:35:01 82.606 INF Respawn almost done
2026-10-04T19:35:01 82.614 INF PlayerSpawnedInWorld (reason: LoadedGame, position: -274, 61, 461): localplayer
2026-10-04T19:35:01 82.617 INF 32205+0 Origin Reposition (0.0, 0.0, 0.0) to (-288.0, 48.0, 448.0)
2026-10-04T19:35:01 82.643 WRN [PROPS] ActionTarget implicitly converted to Vector3, but failed: ActionTarget
2026-10-04T19:35:01 82.733 INF 质朴且卑微- onNewBiomeEntered +buffForest_Hazard
2026-10-04T19:35:01 82.756 INF ChunkManager mesh regeneration thread resumed after 1.0s blocked
2026-10-04T19:35:01 82.818 INF [MC7DTD] 7DTD entity sent: {"authority":"7dtd","dimension":"7dtd:main","entity_id":"95183d29-9800-4375-a0d3-6030173478e0","entity_type":"7dtd:player","lifecycle":{"event":"update"},"metadata":{},"origin":{"dimension":"7dtd:main","entity_id":"95183d29-9800-4375-a0d3-6030173478e0","game":"7dtd","world_id":"td-0d917a4eff776d999148769266591579674d2c42de6557026893a1902834f11f"},"position":{"space":"7dtd","x":-274.94924926757813,"y":61.079998016357422,"z":461.63272094726563},"rotation":{"pitch":0,"roll":0,"yaw":22.874969482421875},"sequence":4,"source":"7dtd","stream_id":"aba657ef-52b0-48c5-8f0b-78d24fb0e668","type":"entity_state","version":2,"world_id":"td-0d917a4eff776d999148769266591579674d2c42de6557026893a1902834f11f"}
2026-10-04T19:35:02 83.215 WRN Unexpected case in Sign Data Manager: signRenderer is null
2026-10-04T19:35:02 83.321 INF [MC7DTD] 7DTD entity sent: {"authority":"7dtd","dimension":"7dtd:main","entity_id":"95183d29-9800-4375-a0d3-6030173478e0","entity_type":"7dtd:player","lifecycle":{"event":"update"},"metadata":{},"origin":{"dimension":"7dtd:main","entity_id":"95183d29-9800-4375-a0d3-6030173478e0","game":"7dtd","world_id":"td-0d917a4eff776d999148769266591579674d2c42de6557026893a1902834f11f"},"position":{"space":"7dtd","x":-274.94924926757813,"y":61.079998016357422,"z":461.63272094726563},"rotation":{"pitch":12.4375,"roll":0,"yaw":2.624969482421875},"sequence":5,"source":"7dtd","stream_id":"aba657ef-52b0-48c5-8f0b-78d24fb0e668","type":"entity_state","version":2,"world_id":"td-0d917a4eff776d999148769266591579674d2c42de6557026893a1902834f11f"}
2026-10-04T19:35:02 83.326 WRN Unexpected case in Sign Data Manager: signRenderer is null
2026-10-04T19:35:02 83.342 WRN Unexpected case in Sign Data Manager: signRenderer is null
2026-10-04T19:35:02 83.360 WRN Unexpected case in Sign Data Manager: signRenderer is null
2026-10-04T19:35:02 83.376 WRN Unexpected case in Sign Data Manager: signRenderer is null
2026-10-04T19:35:02 83.377 WRN Unexpected case in Sign Data Manager: signRenderer is null
2026-10-04T19:35:02 83.378 WRN Unexpected case in Sign Data Manager: signRenderer is null
2026-10-04T19:35:02 83.396 WRN Unexpected case in Sign Data Manager: signRenderer is null
2026-10-04T19:35:02 83.417 WRN Unexpected case in Sign Data Manager: signRenderer is null
2026-10-04T19:35:02 83.438 WRN Unexpected case in Sign Data Manager: signRenderer is null
2026-10-04T19:35:02 83.459 WRN Unexpected case in Sign Data Manager: signRenderer is null
2026-10-04T19:35:02 83.480 WRN Unexpected case in Sign Data Manager: signRenderer is null
2026-10-04T19:35:02 83.499 WRN Unexpected case in Sign Data Manager: signRenderer is null
2026-10-04T19:35:02 83.520 WRN Unexpected case in Sign Data Manager: signRenderer is null
2026-10-04T19:35:02 83.551 WRN Unexpected case in Sign Data Manager: signRenderer is null
2026-10-04T19:35:02 83.586 WRN Unexpected case in Sign Data Manager: signRenderer is null
2026-10-04T19:35:02 83.622 WRN Unexpected case in Sign Data Manager: signRenderer is null
2026-10-04T19:35:02 83.655 WRN Unexpected case in Sign Data Manager: signRenderer is null
2026-10-04T19:35:02 83.656 WRN Unexpected case in Sign Data Manager: signRenderer is null
2026-10-04T19:35:02 83.691 WRN Unexpected case in Sign Data Manager: signRenderer is null
2026-10-04T19:35:02 83.724 WRN Unexpected case in Sign Data Manager: signRenderer is null
2026-10-04T19:35:02 83.755 WRN Unexpected case in Sign Data Manager: signRenderer is null
2026-10-04T19:35:02 83.781 WRN [MultiBlockManager][Alignment] SetTerrainAlignmentDirty failed; no terrain-aligned block has been registered at the specified world position: -291, 59, 380
2026-10-04T19:35:02 83.788 WRN Unexpected case in Sign Data Manager: signRenderer is null
2026-10-04T19:35:02 83.824 INF [MC7DTD] 7DTD entity sent: {"authority":"7dtd","dimension":"7dtd:main","entity_id":"95183d29-9800-4375-a0d3-6030173478e0","entity_type":"7dtd:player","lifecycle":{"event":"update"},"metadata":{},"origin":{"dimension":"7dtd:main","entity_id":"95183d29-9800-4375-a0d3-6030173478e0","game":"7dtd","world_id":"td-0d917a4eff776d999148769266591579674d2c42de6557026893a1902834f11f"},"position":{"space":"7dtd","x":-274.94924926757813,"y":61.079998016357422,"z":461.63272094726563},"rotation":{"pitch":-5.1875,"roll":0,"yaw":17.187469482421875},"sequence":6,"source":"7dtd","stream_id":"aba657ef-52b0-48c5-8f0b-78d24fb0e668","type":"entity_state","version":2,"world_id":"td-0d917a4eff776d999148769266591579674d2c42de6557026893a1902834f11f"}
2026-10-04T19:35:03 83.896 WRN Unexpected case in Sign Data Manager: signRenderer is null
2026-10-04T19:35:03 84.012 WRN Unexpected case in Sign Data Manager: signRenderer is null
2026-10-04T19:35:03 84.148 WRN Unexpected case in Sign Data Manager: signRenderer is null
2026-10-04T19:35:03 84.257 WRN [MultiBlockManager][Alignment] SetTerrainAlignmentDirty failed; no terrain-aligned block has been registered at the specified world position: -258, 61, 548
2026-10-04T19:35:03 84.326 INF [MC7DTD] 7DTD entity sent: {"authority":"7dtd","dimension":"7dtd:main","entity_id":"95183d29-9800-4375-a0d3-6030173478e0","entity_type":"7dtd:player","lifecycle":{"event":"update"},"metadata":{},"origin":{"dimension":"7dtd:main","entity_id":"95183d29-9800-4375-a0d3-6030173478e0","game":"7dtd","world_id":"td-0d917a4eff776d999148769266591579674d2c42de6557026893a1902834f11f"},"position":{"space":"7dtd","x":-274.94924926757813,"y":61.079998016357422,"z":461.63272094726563},"rotation":{"pitch":-3.375,"roll":0,"yaw":12.374969482421875},"sequence":7,"source":"7dtd","stream_id":"aba657ef-52b0-48c5-8f0b-78d24fb0e668","type":"entity_state","version":2,"world_id":"td-0d917a4eff776d999148769266591579674d2c42de6557026893a1902834f11f"}
2026-10-04T19:35:03 84.827 INF [MC7DTD] 7DTD entity sent: {"authority":"7dtd","dimension":"7dtd:main","entity_id":"95183d29-9800-4375-a0d3-6030173478e0","entity_type":"7dtd:player","lifecycle":{"event":"update"},"metadata":{},"origin":{"dimension":"7dtd:main","entity_id":"95183d29-9800-4375-a0d3-6030173478e0","game":"7dtd","world_id":"td-0d917a4eff776d999148769266591579674d2c42de6557026893a1902834f11f"},"position":{"space":"7dtd","x":-274.94924926757813,"y":61.079998016357422,"z":461.63272094726563},"rotation":{"pitch":-2.375,"roll":0,"yaw":14.749969482421875},"sequence":8,"source":"7dtd","stream_id":"aba657ef-52b0-48c5-8f0b-78d24fb0e668","type":"entity_state","version":2,"world_id":"td-0d917a4eff776d999148769266591579674d2c42de6557026893a1902834f11f"}
2026-10-04T19:35:04 85.329 INF [MC7DTD] 7DTD entity sent: {"authority":"7dtd","dimension":"7dtd:main","entity_id":"95183d29-9800-4375-a0d3-6030173478e0","entity_type":"7dtd:player","lifecycle":{"event":"update"},"metadata":{},"origin":{"dimension":"7dtd:main","entity_id":"95183d29-9800-4375-a0d3-6030173478e0","game":"7dtd","world_id":"td-0d917a4eff776d999148769266591579674d2c42de6557026893a1902834f11f"},"position":{"space":"7dtd","x":-274.94924926757813,"y":61.079998016357422,"z":461.63272094726563},"rotation":{"pitch":-2.375,"roll":0,"yaw":14.749969482421875},"sequence":9,"source":"7dtd","stream_id":"aba657ef-52b0-48c5-8f0b-78d24fb0e668","type":"entity_state","version":2,"world_id":"td-0d917a4eff776d999148769266591579674d2c42de6557026893a1902834f11f"}
2026-10-04T19:35:04 85.832 INF [MC7DTD] 7DTD entity sent: {"authority":"7dtd","dimension":"7dtd:main","entity_id":"95183d29-9800-4375-a0d3-6030173478e0","entity_type":"7dtd:player","lifecycle":{"event":"update"},"metadata":{},"origin":{"dimension":"7dtd:main","entity_id":"95183d29-9800-4375-a0d3-6030173478e0","game":"7dtd","world_id":"td-0d917a4eff776d999148769266591579674d2c42de6557026893a1902834f11f"},"position":{"space":"7dtd","x":-274.94924926757813,"y":61.079998016357422,"z":461.63272094726563},"rotation":{"pitch":-2.375,"roll":0,"yaw":14.749969482421875},"sequence":10,"source":"7dtd","stream_id":"aba657ef-52b0-48c5-8f0b-78d24fb0e668","type":"entity_state","version":2,"world_id":"td-0d917a4eff776d999148769266591579674d2c42de6557026893a1902834f11f"}
2026-10-04T19:35:05 86.435 INF [MC7DTD] 7DTD entity sent: {"authority":"7dtd","dimension":"7dtd:main","entity_id":"95183d29-9800-4375-a0d3-6030173478e0","entity_type":"7dtd:player","lifecycle":{"event":"update"},"metadata":{},"origin":{"dimension":"7dtd:main","entity_id":"95183d29-9800-4375-a0d3-6030173478e0","game":"7dtd","world_id":"td-0d917a4eff776d999148769266591579674d2c42de6557026893a1902834f11f"},"position":{"space":"7dtd","x":-274.94924926757813,"y":61.079998016357422,"z":461.63272094726563},"rotation":{"pitch":-2.375,"roll":0,"yaw":14.749969482421875},"sequence":11,"source":"7dtd","stream_id":"aba657ef-52b0-48c5-8f0b-78d24fb0e668","type":"entity_state","version":2,"world_id":"td-0d917a4eff776d999148769266591579674d2c42de6557026893a1902834f11f"}
2026-10-04T19:35:06 86.936 INF [MC7DTD] 7DTD entity sent: {"authority":"7dtd","dimension":"7dtd:main","entity_id":"95183d29-9800-4375-a0d3-6030173478e0","entity_type":"7dtd:player","lifecycle":{"event":"update"},"metadata":{},"origin":{"dimension":"7dtd:main","entity_id":"95183d29-9800-4375-a0d3-6030173478e0","game":"7dtd","world_id":"td-0d917a4eff776d999148769266591579674d2c42de6557026893a1902834f11f"},"position":{"space":"7dtd","x":-274.94924926757813,"y":61.079998016357422,"z":461.63272094726563},"rotation":{"pitch":-2.375,"roll":0,"yaw":14.749969482421875},"sequence":12,"source":"7dtd","stream_id":"aba657ef-52b0-48c5-8f0b-78d24fb0e668","type":"entity_state","version":2,"world_id":"td-0d917a4eff776d999148769266591579674d2c42de6557026893a1902834f11f"}
2026-10-04T19:35:06 87.438 INF [MC7DTD] 7DTD entity sent: {"authority":"7dtd","dimension":"7dtd:main","entity_id":"95183d29-9800-4375-a0d3-6030173478e0","entity_type":"7dtd:player","lifecycle":{"event":"update"},"metadata":{},"origin":{"dimension":"7dtd:main","entity_id":"95183d29-9800-4375-a0d3-6030173478e0","game":"7dtd","world_id":"td-0d917a4eff776d999148769266591579674d2c42de6557026893a1902834f11f"},"position":{"space":"7dtd","x":-274.94924926757813,"y":61.079998016357422,"z":461.63272094726563},"rotation":{"pitch":-2.375,"roll":0,"yaw":14.749969482421875},"sequence":13,"source":"7dtd","stream_id":"aba657ef-52b0-48c5-8f0b-78d24fb0e668","type":"entity_state","version":2,"world_id":"td-0d917a4eff776d999148769266591579674d2c42de6557026893a1902834f11f"}
2026-10-04T19:35:06 87.474 INF [MC7DTD] Minecraft player: x=-276.45760300032015 y=63 z=469.1174941200195
2026-10-04T19:35:06 87.477 INF [MC7DTD] Entity state: event=update id=bb103b68-bf1a-4765-967c-d5f8ac30702d type=minecraft:player source=minecraft world=mc-cf4dce40-2be1-372b-b914-917f5dcc644c dimension=minecraft:overworld stream=dcfa83f2-8df6-4a9e-a292-69a93d9e7639 sequence=2 x=-276.45760300032015 y=63 z=469.1174941200195 yaw=93.445182800292969 pitch=15.000041961669922 roll=0
2026-10-04T19:35:06 87.479 INF [MC7DTD] [Presentation] entity=bb103b68-bf1a-4765-967c-d5f8ac30702d renderer=humanoid model=player variant=default scale=1 removed=False
2026-10-04T19:35:06 87.480 INF [MC7DTD] Player proxy updated: id=bb103b68-bf1a-4765-967c-d5f8ac30702d count=1 x=-276.45760300032015 y=63 z=469.1174941200195 thread=1 yaw=93.445182800292969 pitch=15.000041961669922 roll=0
2026-10-04T19:35:06 87.795 INF 质朴且卑微- WeatherStatusTick  to default
2026-10-04T19:35:06 87.796 INF 质朴且卑微- WeatherBuffUpdate , indoors False
2026-10-04T19:35:07 87.878 INF [MC7DTD] 7DTD entity sent: {"authority":"7dtd","dimension":"7dtd:main","entity_id":"95183d29-9800-4375-a0d3-6030173478e0","entity_type":"7dtd:player","lifecycle":{"event":"update"},"metadata":{},"origin":{"dimension":"7dtd:main","entity_id":"95183d29-9800-4375-a0d3-6030173478e0","game":"7dtd","world_id":"td-0d917a4eff776d999148769266591579674d2c42de6557026893a1902834f11f"},"position":{"space":"7dtd","x":-274.94924926757813,"y":61.079998016357422,"z":461.63272094726563},"rotation":{"pitch":-2.375,"roll":0,"yaw":14.749969482421875},"sequence":14,"source":"7dtd","stream_id":"aba657ef-52b0-48c5-8f0b-78d24fb0e668","type":"entity_state","version":2,"world_id":"td-0d917a4eff776d999148769266591579674d2c42de6557026893a1902834f11f"}
2026-10-04T19:35:07 88.020 INF [MC7DTD] Minecraft player: x=-276.45760300032015 y=63 z=469.1174941200195
2026-10-04T19:35:07 88.022 INF [MC7DTD] Entity state: event=update id=bb103b68-bf1a-4765-967c-d5f8ac30702d type=minecraft:player source=minecraft world=mc-cf4dce40-2be1-372b-b914-917f5dcc644c dimension=minecraft:overworld stream=dcfa83f2-8df6-4a9e-a292-69a93d9e7639 sequence=3 x=-276.45760300032015 y=63 z=469.1174941200195 yaw=66.895172119140625 pitch=8.8500423431396484 roll=0
2026-10-04T19:35:07 88.027 INF [MC7DTD] [Presentation] entity=bb103b68-bf1a-4765-967c-d5f8ac30702d renderer=humanoid model=player variant=default scale=1 removed=False
2026-10-04T19:35:07 88.028 INF [MC7DTD] Player proxy updated: id=bb103b68-bf1a-4765-967c-d5f8ac30702d count=1 x=-276.45760300032015 y=63 z=469.1174941200195 thread=1 yaw=66.895172119140625 pitch=8.8500423431396484 roll=0
2026-10-04T19:35:07 88.424 INF [MC7DTD] 7DTD entity sent: {"authority":"7dtd","dimension":"7dtd:main","entity_id":"95183d29-9800-4375-a0d3-6030173478e0","entity_type":"7dtd:player","lifecycle":{"event":"update"},"metadata":{},"origin":{"dimension":"7dtd:main","entity_id":"95183d29-9800-4375-a0d3-6030173478e0","game":"7dtd","world_id":"td-0d917a4eff776d999148769266591579674d2c42de6557026893a1902834f11f"},"position":{"space":"7dtd","x":-274.94924926757813,"y":61.079998016357422,"z":461.63272094726563},"rotation":{"pitch":-2.375,"roll":0,"yaw":14.749969482421875},"sequence":15,"source":"7dtd","stream_id":"aba657ef-52b0-48c5-8f0b-78d24fb0e668","type":"entity_state","version":2,"world_id":"td-0d917a4eff776d999148769266591579674d2c42de6557026893a1902834f11f"}
2026-10-04T19:35:07 88.522 INF [MC7DTD] Minecraft player: x=-276.45760300032015 y=63 z=469.1174941200195
2026-10-04T19:35:07 88.524 INF [MC7DTD] Entity state: event=update id=bb103b68-bf1a-4765-967c-d5f8ac30702d type=minecraft:player source=minecraft world=mc-cf4dce40-2be1-372b-b914-917f5dcc644c dimension=minecraft:overworld stream=dcfa83f2-8df6-4a9e-a292-69a93d9e7639 sequence=4 x=-276.45760300032015 y=63 z=469.1174941200195 yaw=33.295185089111328 pitch=9.1500415802001953 roll=0
2026-10-04T19:35:07 88.527 INF [MC7DTD] [Presentation] entity=bb103b68-bf1a-4765-967c-d5f8ac30702d renderer=humanoid model=player variant=default scale=1 removed=False
2026-10-04T19:35:07 88.528 INF [MC7DTD] Player proxy updated: id=bb103b68-bf1a-4765-967c-d5f8ac30702d count=1 x=-276.45760300032015 y=63 z=469.1174941200195 thread=1 yaw=33.295185089111328 pitch=9.1500415802001953 roll=0
2026-10-04T19:35:08 88.925 INF [MC7DTD] 7DTD entity sent: {"authority":"7dtd","dimension":"7dtd:main","entity_id":"95183d29-9800-4375-a0d3-6030173478e0","entity_type":"7dtd:player","lifecycle":{"event":"update"},"metadata":{},"origin":{"dimension":"7dtd:main","entity_id":"95183d29-9800-4375-a0d3-6030173478e0","game":"7dtd","world_id":"td-0d917a4eff776d999148769266591579674d2c42de6557026893a1902834f11f"},"position":{"space":"7dtd","x":-274.94924926757813,"y":61.079998016357422,"z":461.63272094726563},"rotation":{"pitch":-2.375,"roll":0,"yaw":14.749969482421875},"sequence":16,"source":"7dtd","stream_id":"aba657ef-52b0-48c5-8f0b-78d24fb0e668","type":"entity_state","version":2,"world_id":"td-0d917a4eff776d999148769266591579674d2c42de6557026893a1902834f11f"}
2026-10-04T19:35:08 89.068 INF [MC7DTD] Minecraft player: x=-276.45760300032015 y=63 z=469.1174941200195
2026-10-04T19:35:08 89.070 INF [MC7DTD] Entity state: event=update id=bb103b68-bf1a-4765-967c-d5f8ac30702d type=minecraft:player source=minecraft world=mc-cf4dce40-2be1-372b-b914-917f5dcc644c dimension=minecraft:overworld stream=dcfa83f2-8df6-4a9e-a292-69a93d9e7639 sequence=5 x=-276.45760300032015 y=63 z=469.1174941200195 yaw=36.295192718505859 pitch=9.1500415802001953 roll=0
2026-10-04T19:35:08 89.073 INF [MC7DTD] [Presentation] entity=bb103b68-bf1a-4765-967c-d5f8ac30702d renderer=humanoid model=player variant=default scale=1 removed=False
2026-10-04T19:35:08 89.074 INF [MC7DTD] Player proxy updated: id=bb103b68-bf1a-4765-967c-d5f8ac30702d count=1 x=-276.45760300032015 y=63 z=469.1174941200195 thread=1 yaw=36.295192718505859 pitch=9.1500415802001953 roll=0
2026-10-04T19:35:08 89.372 INF [MC7DTD] 7DTD entity sent: {"authority":"7dtd","dimension":"7dtd:main","entity_id":"95183d29-9800-4375-a0d3-6030173478e0","entity_type":"7dtd:player","lifecycle":{"event":"update"},"metadata":{},"origin":{"dimension":"7dtd:main","entity_id":"95183d29-9800-4375-a0d3-6030173478e0","game":"7dtd","world_id":"td-0d917a4eff776d999148769266591579674d2c42de6557026893a1902834f11f"},"position":{"space":"7dtd","x":-274.94924926757813,"y":61.079998016357422,"z":461.63272094726563},"rotation":{"pitch":-2.375,"roll":0,"yaw":14.749969482421875},"sequence":17,"source":"7dtd","stream_id":"aba657ef-52b0-48c5-8f0b-78d24fb0e668","type":"entity_state","version":2,"world_id":"td-0d917a4eff776d999148769266591579674d2c42de6557026893a1902834f11f"}
2026-10-04T19:35:08 89.572 INF [MC7DTD] Minecraft player: x=-276.45760300032015 y=63 z=469.1174941200195
2026-10-04T19:35:08 89.574 INF [MC7DTD] Entity state: event=update id=bb103b68-bf1a-4765-967c-d5f8ac30702d type=minecraft:player source=minecraft world=mc-cf4dce40-2be1-372b-b914-917f5dcc644c dimension=minecraft:overworld stream=dcfa83f2-8df6-4a9e-a292-69a93d9e7639 sequence=6 x=-276.45760300032015 y=63 z=469.1174941200195 yaw=140.84519958496094 pitch=15.150033950805664 roll=0
2026-10-04T19:35:08 89.579 INF [MC7DTD] [Presentation] entity=bb103b68-bf1a-4765-967c-d5f8ac30702d renderer=humanoid model=player variant=default scale=1 removed=False
2026-10-04T19:35:08 89.580 INF [MC7DTD] Player proxy updated: id=bb103b68-bf1a-4765-967c-d5f8ac30702d count=1 x=-276.45760300032015 y=63 z=469.1174941200195 thread=1 yaw=140.84519958496094 pitch=15.150033950805664 roll=0
2026-10-04T19:35:09 89.875 INF [MC7DTD] 7DTD entity sent: {"authority":"7dtd","dimension":"7dtd:main","entity_id":"95183d29-9800-4375-a0d3-6030173478e0","entity_type":"7dtd:player","lifecycle":{"event":"update"},"metadata":{},"origin":{"dimension":"7dtd:main","entity_id":"95183d29-9800-4375-a0d3-6030173478e0","game":"7dtd","world_id":"td-0d917a4eff776d999148769266591579674d2c42de6557026893a1902834f11f"},"position":{"space":"7dtd","x":-274.94924926757813,"y":61.079998016357422,"z":461.63272094726563},"rotation":{"pitch":-2.375,"roll":0,"yaw":14.749969482421875},"sequence":18,"source":"7dtd","stream_id":"aba657ef-52b0-48c5-8f0b-78d24fb0e668","type":"entity_state","version":2,"world_id":"td-0d917a4eff776d999148769266591579674d2c42de6557026893a1902834f11f"}
2026-10-04T19:35:09 90.075 INF [MC7DTD] Minecraft player: x=-276.45760300032015 y=63 z=469.1174941200195
2026-10-04T19:35:09 90.077 INF [MC7DTD] Entity state: event=update id=bb103b68-bf1a-4765-967c-d5f8ac30702d type=minecraft:player source=minecraft world=mc-cf4dce40-2be1-372b-b914-917f5dcc644c dimension=minecraft:overworld stream=dcfa83f2-8df6-4a9e-a292-69a93d9e7639 sequence=7 x=-276.45760300032015 y=63 z=469.1174941200195 yaw=140.54519653320313 pitch=15.150033950805664 roll=0
2026-10-04T19:35:09 90.083 INF [MC7DTD] [Presentation] entity=bb103b68-bf1a-4765-967c-d5f8ac30702d renderer=humanoid model=player variant=default scale=1 removed=False
2026-10-04T19:35:09 90.084 INF [MC7DTD] Player proxy updated: id=bb103b68-bf1a-4765-967c-d5f8ac30702d count=1 x=-276.45760300032015 y=63 z=469.1174941200195 thread=1 yaw=140.54519653320313 pitch=15.150033950805664 roll=0
2026-10-04T19:35:09 90.379 INF [MC7DTD] 7DTD entity sent: {"authority":"7dtd","dimension":"7dtd:main","entity_id":"95183d29-9800-4375-a0d3-6030173478e0","entity_type":"7dtd:player","lifecycle":{"event":"update"},"metadata":{},"origin":{"dimension":"7dtd:main","entity_id":"95183d29-9800-4375-a0d3-6030173478e0","game":"7dtd","world_id":"td-0d917a4eff776d999148769266591579674d2c42de6557026893a1902834f11f"},"position":{"space":"7dtd","x":-274.94924926757813,"y":61.079998016357422,"z":461.63272094726563},"rotation":{"pitch":-2.375,"roll":0,"yaw":14.749969482421875},"sequence":19,"source":"7dtd","stream_id":"aba657ef-52b0-48c5-8f0b-78d24fb0e668","type":"entity_state","version":2,"world_id":"td-0d917a4eff776d999148769266591579674d2c42de6557026893a1902834f11f"}
2026-10-04T19:35:09 90.617 INF [MC7DTD] Minecraft player: x=-276.45760300032015 y=63 z=469.1174941200195
2026-10-04T19:35:09 90.619 INF [MC7DTD] Entity state: event=update id=bb103b68-bf1a-4765-967c-d5f8ac30702d type=minecraft:player source=minecraft world=mc-cf4dce40-2be1-372b-b914-917f5dcc644c dimension=minecraft:overworld stream=dcfa83f2-8df6-4a9e-a292-69a93d9e7639 sequence=8 x=-276.45760300032015 y=63 z=469.1174941200195 yaw=95.5451889038086 pitch=15.000034332275391 roll=0
2026-10-04T19:35:09 90.623 INF [MC7DTD] [Presentation] entity=bb103b68-bf1a-4765-967c-d5f8ac30702d renderer=humanoid model=player variant=default scale=1 removed=False
2026-10-04T19:35:09 90.624 INF [MC7DTD] Player proxy updated: id=bb103b68-bf1a-4765-967c-d5f8ac30702d count=1 x=-276.45760300032015 y=63 z=469.1174941200195 thread=1 yaw=95.5451889038086 pitch=15.000034332275391 roll=0
2026-10-04T19:35:10 90.920 INF [MC7DTD] 7DTD entity sent: {"authority":"7dtd","dimension":"7dtd:main","entity_id":"95183d29-9800-4375-a0d3-6030173478e0","entity_type":"7dtd:player","lifecycle":{"event":"update"},"metadata":{},"origin":{"dimension":"7dtd:main","entity_id":"95183d29-9800-4375-a0d3-6030173478e0","game":"7dtd","world_id":"td-0d917a4eff776d999148769266591579674d2c42de6557026893a1902834f11f"},"position":{"space":"7dtd","x":-274.94924926757813,"y":61.079998016357422,"z":461.63272094726563},"rotation":{"pitch":-2.375,"roll":0,"yaw":14.749969482421875},"sequence":20,"source":"7dtd","stream_id":"aba657ef-52b0-48c5-8f0b-78d24fb0e668","type":"entity_state","version":2,"world_id":"td-0d917a4eff776d999148769266591579674d2c42de6557026893a1902834f11f"}
2026-10-04T19:35:10 91.119 INF [MC7DTD] Minecraft player: x=-276.45760300032015 y=63 z=469.1174941200195
2026-10-04T19:35:10 91.121 INF [MC7DTD] Entity state: event=update id=bb103b68-bf1a-4765-967c-d5f8ac30702d type=minecraft:player source=minecraft world=mc-cf4dce40-2be1-372b-b914-917f5dcc644c dimension=minecraft:overworld stream=dcfa83f2-8df6-4a9e-a292-69a93d9e7639 sequence=9 x=-276.45760300032015 y=63 z=469.1174941200195 yaw=95.5451889038086 pitch=15.000034332275391 roll=0
2026-10-04T19:35:10 91.125 INF [MC7DTD] [Presentation] entity=bb103b68-bf1a-4765-967c-d5f8ac30702d renderer=humanoid model=player variant=default scale=1 removed=False
2026-10-04T19:35:10 91.126 INF [MC7DTD] Player proxy updated: id=bb103b68-bf1a-4765-967c-d5f8ac30702d count=1 x=-276.45760300032015 y=63 z=469.1174941200195 thread=1 yaw=95.5451889038086 pitch=15.000034332275391 roll=0
2026-10-04T19:35:10 91.423 INF [MC7DTD] 7DTD entity sent: {"authority":"7dtd","dimension":"7dtd:main","entity_id":"95183d29-9800-4375-a0d3-6030173478e0","entity_type":"7dtd:player","lifecycle":{"event":"update"},"metadata":{},"origin":{"dimension":"7dtd:main","entity_id":"95183d29-9800-4375-a0d3-6030173478e0","game":"7dtd","world_id":"td-0d917a4eff776d999148769266591579674d2c42de6557026893a1902834f11f"},"position":{"space":"7dtd","x":-274.94924926757813,"y":61.079998016357422,"z":461.63272094726563},"rotation":{"pitch":-2.375,"roll":0,"yaw":14.749969482421875},"sequence":21,"source":"7dtd","stream_id":"aba657ef-52b0-48c5-8f0b-78d24fb0e668","type":"entity_state","version":2,"world_id":"td-0d917a4eff776d999148769266591579674d2c42de6557026893a1902834f11f"}
2026-10-04T19:35:10 91.668 INF [MC7DTD] Minecraft player: x=-276.45760300032015 y=63.495200877005921 z=469.1174941200195
2026-10-04T19:35:10 91.669 INF [MC7DTD] Entity state: event=update id=bb103b68-bf1a-4765-967c-d5f8ac30702d type=minecraft:player source=minecraft world=mc-cf4dce40-2be1-372b-b914-917f5dcc644c dimension=minecraft:overworld stream=dcfa83f2-8df6-4a9e-a292-69a93d9e7639 sequence=10 x=-276.45760300032015 y=63.495200877005921 z=469.1174941200195 yaw=95.5451889038086 pitch=15.000034332275391 roll=0
2026-10-04T19:35:10 91.671 INF [MC7DTD] [Presentation] entity=bb103b68-bf1a-4765-967c-d5f8ac30702d renderer=humanoid model=player variant=default scale=1 removed=False
2026-10-04T19:35:10 91.672 INF [MC7DTD] Player proxy updated: id=bb103b68-bf1a-4765-967c-d5f8ac30702d count=1 x=-276.45760300032015 y=63.495200877005921 z=469.1174941200195 thread=1 yaw=95.5451889038086 pitch=15.000034332275391 roll=0
2026-10-04T19:35:11 91.871 INF [MC7DTD] 7DTD entity sent: {"authority":"7dtd","dimension":"7dtd:main","entity_id":"95183d29-9800-4375-a0d3-6030173478e0","entity_type":"7dtd:player","lifecycle":{"event":"update"},"metadata":{},"origin":{"dimension":"7dtd:main","entity_id":"95183d29-9800-4375-a0d3-6030173478e0","game":"7dtd","world_id":"td-0d917a4eff776d999148769266591579674d2c42de6557026893a1902834f11f"},"position":{"space":"7dtd","x":-274.94924926757813,"y":61.079998016357422,"z":461.63272094726563},"rotation":{"pitch":-2.375,"roll":0,"yaw":14.749969482421875},"sequence":22,"source":"7dtd","stream_id":"aba657ef-52b0-48c5-8f0b-78d24fb0e668","type":"entity_state","version":2,"world_id":"td-0d917a4eff776d999148769266591579674d2c42de6557026893a1902834f11f"}
2026-10-04T19:35:11 92.171 INF [MC7DTD] Minecraft player: x=-276.45760300032015 y=63 z=469.1174941200195
2026-10-04T19:35:11 92.173 INF [MC7DTD] Entity state: event=update id=bb103b68-bf1a-4765-967c-d5f8ac30702d type=minecraft:player source=minecraft world=mc-cf4dce40-2be1-372b-b914-917f5dcc644c dimension=minecraft:overworld stream=dcfa83f2-8df6-4a9e-a292-69a93d9e7639 sequence=11 x=-276.45760300032015 y=63 z=469.1174941200195 yaw=95.5451889038086 pitch=15.000034332275391 roll=0
2026-10-04T19:35:11 92.175 INF [MC7DTD] [Presentation] entity=bb103b68-bf1a-4765-967c-d5f8ac30702d renderer=humanoid model=player variant=default scale=1 removed=False
2026-10-04T19:35:11 92.176 INF [MC7DTD] Player proxy updated: id=bb103b68-bf1a-4765-967c-d5f8ac30702d count=1 x=-276.45760300032015 y=63 z=469.1174941200195 thread=1 yaw=95.5451889038086 pitch=15.000034332275391 roll=0
2026-10-04T19:35:11 92.374 INF [MC7DTD] 7DTD entity sent: {"authority":"7dtd","dimension":"7dtd:main","entity_id":"95183d29-9800-4375-a0d3-6030173478e0","entity_type":"7dtd:player","lifecycle":{"event":"update"},"metadata":{},"origin":{"dimension":"7dtd:main","entity_id":"95183d29-9800-4375-a0d3-6030173478e0","game":"7dtd","world_id":"td-0d917a4eff776d999148769266591579674d2c42de6557026893a1902834f11f"},"position":{"space":"7dtd","x":-274.94924926757813,"y":61.079998016357422,"z":461.63272094726563},"rotation":{"pitch":-2.375,"roll":0,"yaw":14.749969482421875},"sequence":23,"source":"7dtd","stream_id":"aba657ef-52b0-48c5-8f0b-78d24fb0e668","type":"entity_state","version":2,"world_id":"td-0d917a4eff776d999148769266591579674d2c42de6557026893a1902834f11f"}
2026-10-04T19:35:11 92.718 INF [MC7DTD] Minecraft player: x=-276.45760300032015 y=63 z=469.1174941200195
2026-10-04T19:35:11 92.719 INF [MC7DTD] Entity state: event=update id=bb103b68-bf1a-4765-967c-d5f8ac30702d type=minecraft:player source=minecraft world=mc-cf4dce40-2be1-372b-b914-917f5dcc644c dimension=minecraft:overworld stream=dcfa83f2-8df6-4a9e-a292-69a93d9e7639 sequence=12 x=-276.45760300032015 y=63 z=469.1174941200195 yaw=95.5451889038086 pitch=15.000034332275391 roll=0
2026-10-04T19:35:11 92.722 INF [MC7DTD] [Presentation] entity=bb103b68-bf1a-4765-967c-d5f8ac30702d renderer=humanoid model=player variant=default scale=1 removed=False
2026-10-04T19:35:11 92.723 INF [MC7DTD] Player proxy updated: id=bb103b68-bf1a-4765-967c-d5f8ac30702d count=1 x=-276.45760300032015 y=63 z=469.1174941200195 thread=1 yaw=95.5451889038086 pitch=15.000034332275391 roll=0
2026-10-04T19:35:12 92.921 INF [MC7DTD] 7DTD entity sent: {"authority":"7dtd","dimension":"7dtd:main","entity_id":"95183d29-9800-4375-a0d3-6030173478e0","entity_type":"7dtd:player","lifecycle":{"event":"update"},"metadata":{},"origin":{"dimension":"7dtd:main","entity_id":"95183d29-9800-4375-a0d3-6030173478e0","game":"7dtd","world_id":"td-0d917a4eff776d999148769266591579674d2c42de6557026893a1902834f11f"},"position":{"space":"7dtd","x":-274.94924926757813,"y":61.079998016357422,"z":461.63272094726563},"rotation":{"pitch":-2.375,"roll":0,"yaw":14.749969482421875},"sequence":24,"source":"7dtd","stream_id":"aba657ef-52b0-48c5-8f0b-78d24fb0e668","type":"entity_state","version":2,"world_id":"td-0d917a4eff776d999148769266591579674d2c42de6557026893a1902834f11f"}
2026-10-04T19:35:12 93.222 INF [MC7DTD] Minecraft player: x=-276.45760300032015 y=63.796735600668704 z=469.1174941200195
2026-10-04T19:35:12 93.223 INF [MC7DTD] Entity state: event=update id=bb103b68-bf1a-4765-967c-d5f8ac30702d type=minecraft:player source=minecraft world=mc-cf4dce40-2be1-372b-b914-917f5dcc644c dimension=minecraft:overworld stream=dcfa83f2-8df6-4a9e-a292-69a93d9e7639 sequence=13 x=-276.45760300032015 y=63.796735600668704 z=469.1174941200195 yaw=95.5451889038086 pitch=15.000034332275391 roll=0
2026-10-04T19:35:12 93.226 INF [MC7DTD] [Presentation] entity=bb103b68-bf1a-4765-967c-d5f8ac30702d renderer=humanoid model=player variant=default scale=1 removed=False
2026-10-04T19:35:12 93.227 INF [MC7DTD] Player proxy updated: id=bb103b68-bf1a-4765-967c-d5f8ac30702d count=1 x=-276.45760300032015 y=63.796735600668704 z=469.1174941200195 thread=1 yaw=95.5451889038086 pitch=15.000034332275391 roll=0
2026-10-04T19:35:12 93.424 INF [MC7DTD] 7DTD entity sent: {"authority":"7dtd","dimension":"7dtd:main","entity_id":"95183d29-9800-4375-a0d3-6030173478e0","entity_type":"7dtd:player","lifecycle":{"event":"update"},"metadata":{},"origin":{"dimension":"7dtd:main","entity_id":"95183d29-9800-4375-a0d3-6030173478e0","game":"7dtd","world_id":"td-0d917a4eff776d999148769266591579674d2c42de6557026893a1902834f11f"},"position":{"space":"7dtd","x":-274.94924926757813,"y":61.079998016357422,"z":461.63272094726563},"rotation":{"pitch":-2.375,"roll":0,"yaw":14.749969482421875},"sequence":25,"source":"7dtd","stream_id":"aba657ef-52b0-48c5-8f0b-78d24fb0e668","type":"entity_state","version":2,"world_id":"td-0d917a4eff776d999148769266591579674d2c42de6557026893a1902834f11f"}
2026-10-04T19:35:12 93.771 INF [MC7DTD] Minecraft player: x=-276.45760300032015 y=63 z=469.1174941200195
2026-10-04T19:35:12 93.774 INF [MC7DTD] Entity state: event=update id=bb103b68-bf1a-4765-967c-d5f8ac30702d type=minecraft:player source=minecraft world=mc-cf4dce40-2be1-372b-b914-917f5dcc644c dimension=minecraft:overworld stream=dcfa83f2-8df6-4a9e-a292-69a93d9e7639 sequence=14 x=-276.45760300032015 y=63 z=469.1174941200195 yaw=95.5451889038086 pitch=15.000034332275391 roll=0
2026-10-04T19:35:12 93.776 INF [MC7DTD] [Presentation] entity=bb103b68-bf1a-4765-967c-d5f8ac30702d renderer=humanoid model=player variant=default scale=1 removed=False
2026-10-04T19:35:12 93.776 INF [MC7DTD] Player proxy updated: id=bb103b68-bf1a-4765-967c-d5f8ac30702d count=1 x=-276.45760300032015 y=63 z=469.1174941200195 thread=1 yaw=95.5451889038086 pitch=15.000034332275391 roll=0
2026-10-04T19:35:13 93.875 INF [MC7DTD] 7DTD entity sent: {"authority":"7dtd","dimension":"7dtd:main","entity_id":"95183d29-9800-4375-a0d3-6030173478e0","entity_type":"7dtd:player","lifecycle":{"event":"update"},"metadata":{},"origin":{"dimension":"7dtd:main","entity_id":"95183d29-9800-4375-a0d3-6030173478e0","game":"7dtd","world_id":"td-0d917a4eff776d999148769266591579674d2c42de6557026893a1902834f11f"},"position":{"space":"7dtd","x":-274.94924926757813,"y":61.079998016357422,"z":461.63272094726563},"rotation":{"pitch":-2.375,"roll":0,"yaw":14.749969482421875},"sequence":26,"source":"7dtd","stream_id":"aba657ef-52b0-48c5-8f0b-78d24fb0e668","type":"entity_state","version":2,"world_id":"td-0d917a4eff776d999148769266591579674d2c42de6557026893a1902834f11f"}
2026-10-04T19:35:13 94.272 INF [MC7DTD] Minecraft player: x=-276.45760300032015 y=63 z=469.1174941200195
2026-10-04T19:35:13 94.273 INF [MC7DTD] Entity state: event=update id=bb103b68-bf1a-4765-967c-d5f8ac30702d type=minecraft:player source=minecraft world=mc-cf4dce40-2be1-372b-b914-917f5dcc644c dimension=minecraft:overworld stream=dcfa83f2-8df6-4a9e-a292-69a93d9e7639 sequence=15 x=-276.45760300032015 y=63 z=469.1174941200195 yaw=95.5451889038086 pitch=15.000034332275391 roll=0
2026-10-04T19:35:13 94.276 INF [MC7DTD] [Presentation] entity=bb103b68-bf1a-4765-967c-d5f8ac30702d renderer=humanoid model=player variant=default scale=1 removed=False
2026-10-04T19:35:13 94.276 INF [MC7DTD] Player proxy updated: id=bb103b68-bf1a-4765-967c-d5f8ac30702d count=1 x=-276.45760300032015 y=63 z=469.1174941200195 thread=1 yaw=95.5451889038086 pitch=15.000034332275391 roll=0
2026-10-04T19:35:13 94.374 INF [MC7DTD] 7DTD entity sent: {"authority":"7dtd","dimension":"7dtd:main","entity_id":"95183d29-9800-4375-a0d3-6030173478e0","entity_type":"7dtd:player","lifecycle":{"event":"update"},"metadata":{},"origin":{"dimension":"7dtd:main","entity_id":"95183d29-9800-4375-a0d3-6030173478e0","game":"7dtd","world_id":"td-0d917a4eff776d999148769266591579674d2c42de6557026893a1902834f11f"},"position":{"space":"7dtd","x":-274.94924926757813,"y":61.079998016357422,"z":461.63272094726563},"rotation":{"pitch":-2.375,"roll":0,"yaw":14.749969482421875},"sequence":27,"source":"7dtd","stream_id":"aba657ef-52b0-48c5-8f0b-78d24fb0e668","type":"entity_state","version":2,"world_id":"td-0d917a4eff776d999148769266591579674d2c42de6557026893a1902834f11f"}
2026-10-04T19:35:13 94.772 INF [MC7DTD] Minecraft player: x=-276.45760300032015 y=63.796735600668704 z=469.1174941200195
2026-10-04T19:35:13 94.774 INF [MC7DTD] Entity state: event=update id=bb103b68-bf1a-4765-967c-d5f8ac30702d type=minecraft:player source=minecraft world=mc-cf4dce40-2be1-372b-b914-917f5dcc644c dimension=minecraft:overworld stream=dcfa83f2-8df6-4a9e-a292-69a93d9e7639 sequence=16 x=-276.45760300032015 y=63.796735600668704 z=469.1174941200195 yaw=95.5451889038086 pitch=15.000034332275391 roll=0
2026-10-04T19:35:13 94.777 INF [MC7DTD] [Presentation] entity=bb103b68-bf1a-4765-967c-d5f8ac30702d renderer=humanoid model=player variant=default scale=1 removed=False
2026-10-04T19:35:13 94.778 INF [MC7DTD] Player proxy updated: id=bb103b68-bf1a-4765-967c-d5f8ac30702d count=1 x=-276.45760300032015 y=63.796735600668704 z=469.1174941200195 thread=1 yaw=95.5451889038086 pitch=15.000034332275391 roll=0
2026-10-04T19:35:14 94.875 INF [MC7DTD] 7DTD entity sent: {"authority":"7dtd","dimension":"7dtd:main","entity_id":"95183d29-9800-4375-a0d3-6030173478e0","entity_type":"7dtd:player","lifecycle":{"event":"update"},"metadata":{},"origin":{"dimension":"7dtd:main","entity_id":"95183d29-9800-4375-a0d3-6030173478e0","game":"7dtd","world_id":"td-0d917a4eff776d999148769266591579674d2c42de6557026893a1902834f11f"},"position":{"space":"7dtd","x":-274.94924926757813,"y":61.079998016357422,"z":461.63272094726563},"rotation":{"pitch":-2.375,"roll":0,"yaw":14.749969482421875},"sequence":28,"source":"7dtd","stream_id":"aba657ef-52b0-48c5-8f0b-78d24fb0e668","type":"entity_state","version":2,"world_id":"td-0d917a4eff776d999148769266591579674d2c42de6557026893a1902834f11f"}
2026-10-04T19:35:14 95.318 INF [MC7DTD] Minecraft player: x=-276.45760300032015 y=63 z=469.1174941200195
2026-10-04T19:35:14 95.320 INF [MC7DTD] Entity state: event=update id=bb103b68-bf1a-4765-967c-d5f8ac30702d type=minecraft:player source=minecraft world=mc-cf4dce40-2be1-372b-b914-917f5dcc644c dimension=minecraft:overworld stream=dcfa83f2-8df6-4a9e-a292-69a93d9e7639 sequence=17 x=-276.45760300032015 y=63 z=469.1174941200195 yaw=95.5451889038086 pitch=15.000034332275391 roll=0
2026-10-04T19:35:14 95.322 INF [MC7DTD] [Presentation] entity=bb103b68-bf1a-4765-967c-d5f8ac30702d renderer=humanoid model=player variant=default scale=1 removed=False
2026-10-04T19:35:14 95.323 INF [MC7DTD] Player proxy updated: id=bb103b68-bf1a-4765-967c-d5f8ac30702d count=1 x=-276.45760300032015 y=63 z=469.1174941200195 thread=1 yaw=95.5451889038086 pitch=15.000034332275391 roll=0
2026-10-04T19:35:14 95.421 INF [MC7DTD] 7DTD entity sent: {"authority":"7dtd","dimension":"7dtd:main","entity_id":"95183d29-9800-4375-a0d3-6030173478e0","entity_type":"7dtd:player","lifecycle":{"event":"update"},"metadata":{},"origin":{"dimension":"7dtd:main","entity_id":"95183d29-9800-4375-a0d3-6030173478e0","game":"7dtd","world_id":"td-0d917a4eff776d999148769266591579674d2c42de6557026893a1902834f11f"},"position":{"space":"7dtd","x":-274.94924926757813,"y":61.079998016357422,"z":461.63272094726563},"rotation":{"pitch":-2.375,"roll":0,"yaw":14.749969482421875},"sequence":29,"source":"7dtd","stream_id":"aba657ef-52b0-48c5-8f0b-78d24fb0e668","type":"entity_state","version":2,"world_id":"td-0d917a4eff776d999148769266591579674d2c42de6557026893a1902834f11f"}
2026-10-04T19:35:15 95.867 INF [MC7DTD] Minecraft player: x=-276.45760300032015 y=63 z=469.1174941200195
2026-10-04T19:35:15 95.868 INF [MC7DTD] Entity state: event=update id=bb103b68-bf1a-4765-967c-d5f8ac30702d type=minecraft:player source=minecraft world=mc-cf4dce40-2be1-372b-b914-917f5dcc644c dimension=minecraft:overworld stream=dcfa83f2-8df6-4a9e-a292-69a93d9e7639 sequence=18 x=-276.45760300032015 y=63 z=469.1174941200195 yaw=95.395187377929688 pitch=15.000034332275391 roll=0
2026-10-04T19:35:15 95.871 INF [MC7DTD] [Presentation] entity=bb103b68-bf1a-4765-967c-d5f8ac30702d renderer=humanoid model=player variant=default scale=1 removed=False
2026-10-04T19:35:15 95.872 INF [MC7DTD] Player proxy updated: id=bb103b68-bf1a-4765-967c-d5f8ac30702d count=1 x=-276.45760300032015 y=63 z=469.1174941200195 thread=1 yaw=95.395187377929688 pitch=15.000034332275391 roll=0
2026-10-04T19:35:15 95.970 INF [MC7DTD] 7DTD entity sent: {"authority":"7dtd","dimension":"7dtd:main","entity_id":"95183d29-9800-4375-a0d3-6030173478e0","entity_type":"7dtd:player","lifecycle":{"event":"update"},"metadata":{},"origin":{"dimension":"7dtd:main","entity_id":"95183d29-9800-4375-a0d3-6030173478e0","game":"7dtd","world_id":"td-0d917a4eff776d999148769266591579674d2c42de6557026893a1902834f11f"},"position":{"space":"7dtd","x":-274.94924926757813,"y":61.079998016357422,"z":461.63272094726563},"rotation":{"pitch":-2.375,"roll":0,"yaw":14.749969482421875},"sequence":30,"source":"7dtd","stream_id":"aba657ef-52b0-48c5-8f0b-78d24fb0e668","type":"entity_state","version":2,"world_id":"td-0d917a4eff776d999148769266591579674d2c42de6557026893a1902834f11f"}
2026-10-04T19:35:15 96.371 INF [MC7DTD] Minecraft player: x=-276.45760300032015 y=63 z=469.1174941200195
2026-10-04T19:35:15 96.372 INF [MC7DTD] Entity state: event=update id=bb103b68-bf1a-4765-967c-d5f8ac30702d type=minecraft:player source=minecraft world=mc-cf4dce40-2be1-372b-b914-917f5dcc644c dimension=minecraft:overworld stream=dcfa83f2-8df6-4a9e-a292-69a93d9e7639 sequence=19 x=-276.45760300032015 y=63 z=469.1174941200195 yaw=95.395187377929688 pitch=15.000034332275391 roll=0
2026-10-04T19:35:15 96.375 INF [MC7DTD] [Presentation] entity=bb103b68-bf1a-4765-967c-d5f8ac30702d renderer=humanoid model=player variant=default scale=1 removed=False
2026-10-04T19:35:15 96.376 INF [MC7DTD] Player proxy updated: id=bb103b68-bf1a-4765-967c-d5f8ac30702d count=1 x=-276.45760300032015 y=63 z=469.1174941200195 thread=1 yaw=95.395187377929688 pitch=15.000034332275391 roll=0
2026-10-04T19:35:15 96.473 INF [MC7DTD] 7DTD entity sent: {"authority":"7dtd","dimension":"7dtd:main","entity_id":"95183d29-9800-4375-a0d3-6030173478e0","entity_type":"7dtd:player","lifecycle":{"event":"update"},"metadata":{},"origin":{"dimension":"7dtd:main","entity_id":"95183d29-9800-4375-a0d3-6030173478e0","game":"7dtd","world_id":"td-0d917a4eff776d999148769266591579674d2c42de6557026893a1902834f11f"},"position":{"space":"7dtd","x":-274.94924926757813,"y":61.079998016357422,"z":461.63272094726563},"rotation":{"pitch":-2.375,"roll":0,"yaw":14.749969482421875},"sequence":31,"source":"7dtd","stream_id":"aba657ef-52b0-48c5-8f0b-78d24fb0e668","type":"entity_state","version":2,"world_id":"td-0d917a4eff776d999148769266591579674d2c42de6557026893a1902834f11f"}
2026-10-04T19:35:16 96.871 INF [MC7DTD] Minecraft player: x=-276.45760300032015 y=63 z=469.1174941200195
2026-10-04T19:35:16 96.873 INF [MC7DTD] Entity state: event=update id=bb103b68-bf1a-4765-967c-d5f8ac30702d type=minecraft:player source=minecraft world=mc-cf4dce40-2be1-372b-b914-917f5dcc644c dimension=minecraft:overworld stream=dcfa83f2-8df6-4a9e-a292-69a93d9e7639 sequence=20 x=-276.45760300032015 y=63 z=469.1174941200195 yaw=95.395187377929688 pitch=15.000034332275391 roll=0
2026-10-04T19:35:16 96.876 INF [MC7DTD] [Presentation] entity=bb103b68-bf1a-4765-967c-d5f8ac30702d renderer=humanoid model=player variant=default scale=1 removed=False
2026-10-04T19:35:16 96.877 INF [MC7DTD] Player proxy updated: id=bb103b68-bf1a-4765-967c-d5f8ac30702d count=1 x=-276.45760300032015 y=63 z=469.1174941200195 thread=1 yaw=95.395187377929688 pitch=15.000034332275391 roll=0
2026-10-04T19:35:16 96.974 INF [MC7DTD] 7DTD entity sent: {"authority":"7dtd","dimension":"7dtd:main","entity_id":"95183d29-9800-4375-a0d3-6030173478e0","entity_type":"7dtd:player","lifecycle":{"event":"update"},"metadata":{},"origin":{"dimension":"7dtd:main","entity_id":"95183d29-9800-4375-a0d3-6030173478e0","game":"7dtd","world_id":"td-0d917a4eff776d999148769266591579674d2c42de6557026893a1902834f11f"},"position":{"space":"7dtd","x":-274.94924926757813,"y":61.079998016357422,"z":461.63272094726563},"rotation":{"pitch":-2.375,"roll":0,"yaw":14.749969482421875},"sequence":32,"source":"7dtd","stream_id":"aba657ef-52b0-48c5-8f0b-78d24fb0e668","type":"entity_state","version":2,"world_id":"td-0d917a4eff776d999148769266591579674d2c42de6557026893a1902834f11f"}
2026-10-04T19:35:16 97.421 INF [MC7DTD] Minecraft player: x=-276.45760300032015 y=63 z=469.1174941200195
2026-10-04T19:35:16 97.423 INF [MC7DTD] 7DTD entity sent: {"authority":"7dtd","dimension":"7dtd:main","entity_id":"95183d29-9800-4375-a0d3-6030173478e0","entity_type":"7dtd:player","lifecycle":{"event":"update"},"metadata":{},"origin":{"dimension":"7dtd:main","entity_id":"95183d29-9800-4375-a0d3-6030173478e0","game":"7dtd","world_id":"td-0d917a4eff776d999148769266591579674d2c42de6557026893a1902834f11f"},"position":{"space":"7dtd","x":-274.94924926757813,"y":61.079998016357422,"z":461.63272094726563},"rotation":{"pitch":-2.375,"roll":0,"yaw":14.749969482421875},"sequence":33,"source":"7dtd","stream_id":"aba657ef-52b0-48c5-8f0b-78d24fb0e668","type":"entity_state","version":2,"world_id":"td-0d917a4eff776d999148769266591579674d2c42de6557026893a1902834f11f"}
2026-10-04T19:35:16 97.425 INF [MC7DTD] Entity state: event=update id=bb103b68-bf1a-4765-967c-d5f8ac30702d type=minecraft:player source=minecraft world=mc-cf4dce40-2be1-372b-b914-917f5dcc644c dimension=minecraft:overworld stream=dcfa83f2-8df6-4a9e-a292-69a93d9e7639 sequence=21 x=-276.45760300032015 y=63 z=469.1174941200195 yaw=95.245185852050781 pitch=15.000034332275391 roll=0
2026-10-04T19:35:16 97.428 INF [MC7DTD] [Presentation] entity=bb103b68-bf1a-4765-967c-d5f8ac30702d renderer=humanoid model=player variant=default scale=1 removed=False
2026-10-04T19:35:16 97.429 INF [MC7DTD] Player proxy updated: id=bb103b68-bf1a-4765-967c-d5f8ac30702d count=1 x=-276.45760300032015 y=63 z=469.1174941200195 thread=1 yaw=95.245185852050781 pitch=15.000034332275391 roll=0
2026-10-04T19:35:17 97.927 INF [MC7DTD] 7DTD entity sent: {"authority":"7dtd","dimension":"7dtd:main","entity_id":"95183d29-9800-4375-a0d3-6030173478e0","entity_type":"7dtd:player","lifecycle":{"event":"update"},"metadata":{},"origin":{"dimension":"7dtd:main","entity_id":"95183d29-9800-4375-a0d3-6030173478e0","game":"7dtd","world_id":"td-0d917a4eff776d999148769266591579674d2c42de6557026893a1902834f11f"},"position":{"space":"7dtd","x":-274.94924926757813,"y":61.079998016357422,"z":461.63272094726563},"rotation":{"pitch":-2.375,"roll":0,"yaw":14.749969482421875},"sequence":34,"source":"7dtd","stream_id":"aba657ef-52b0-48c5-8f0b-78d24fb0e668","type":"entity_state","version":2,"world_id":"td-0d917a4eff776d999148769266591579674d2c42de6557026893a1902834f11f"}
2026-10-04T19:35:17 97.971 INF [MC7DTD] Minecraft player: x=-276.45760300032015 y=63 z=469.1174941200195
2026-10-04T19:35:17 97.972 INF [MC7DTD] Entity state: event=update id=bb103b68-bf1a-4765-967c-d5f8ac30702d type=minecraft:player source=minecraft world=mc-cf4dce40-2be1-372b-b914-917f5dcc644c dimension=minecraft:overworld stream=dcfa83f2-8df6-4a9e-a292-69a93d9e7639 sequence=22 x=-276.45760300032015 y=63 z=469.1174941200195 yaw=95.095184326171875 pitch=15.000034332275391 roll=0
2026-10-04T19:35:17 97.977 INF [MC7DTD] [Presentation] entity=bb103b68-bf1a-4765-967c-d5f8ac30702d renderer=humanoid model=player variant=default scale=1 removed=False
2026-10-04T19:35:17 97.978 INF [MC7DTD] Player proxy updated: id=bb103b68-bf1a-4765-967c-d5f8ac30702d count=1 x=-276.45760300032015 y=63 z=469.1174941200195 thread=1 yaw=95.095184326171875 pitch=15.000034332275391 roll=0
2026-10-04T19:35:17 98.475 INF [MC7DTD] 7DTD entity sent: {"authority":"7dtd","dimension":"7dtd:main","entity_id":"95183d29-9800-4375-a0d3-6030173478e0","entity_type":"7dtd:player","lifecycle":{"event":"update"},"metadata":{},"origin":{"dimension":"7dtd:main","entity_id":"95183d29-9800-4375-a0d3-6030173478e0","game":"7dtd","world_id":"td-0d917a4eff776d999148769266591579674d2c42de6557026893a1902834f11f"},"position":{"space":"7dtd","x":-274.94924926757813,"y":61.079998016357422,"z":461.63272094726563},"rotation":{"pitch":-2.375,"roll":0,"yaw":14.749969482421875},"sequence":35,"source":"7dtd","stream_id":"aba657ef-52b0-48c5-8f0b-78d24fb0e668","type":"entity_state","version":2,"world_id":"td-0d917a4eff776d999148769266591579674d2c42de6557026893a1902834f11f"}
2026-10-04T19:35:17 98.521 INF [MC7DTD] Minecraft player: x=-278.34970614748522 y=63 z=468.94888927109969
2026-10-04T19:35:17 98.522 INF [MC7DTD] Entity state: event=update id=bb103b68-bf1a-4765-967c-d5f8ac30702d type=minecraft:player source=minecraft world=mc-cf4dce40-2be1-372b-b914-917f5dcc644c dimension=minecraft:overworld stream=dcfa83f2-8df6-4a9e-a292-69a93d9e7639 sequence=23 x=-278.34970614748522 y=63 z=468.94888927109969 yaw=95.095184326171875 pitch=15.000034332275391 roll=0
2026-10-04T19:35:17 98.526 INF [MC7DTD] [Presentation] entity=bb103b68-bf1a-4765-967c-d5f8ac30702d renderer=humanoid model=player variant=default scale=1 removed=False
2026-10-04T19:35:17 98.527 INF [MC7DTD] Player proxy updated: id=bb103b68-bf1a-4765-967c-d5f8ac30702d count=1 x=-278.34970614748522 y=63 z=468.94888927109969 thread=1 yaw=95.095184326171875 pitch=15.000034332275391 roll=0
2026-10-04T19:35:18 98.924 INF [MC7DTD] 7DTD entity sent: {"authority":"7dtd","dimension":"7dtd:main","entity_id":"95183d29-9800-4375-a0d3-6030173478e0","entity_type":"7dtd:player","lifecycle":{"event":"update"},"metadata":{},"origin":{"dimension":"7dtd:main","entity_id":"95183d29-9800-4375-a0d3-6030173478e0","game":"7dtd","world_id":"td-0d917a4eff776d999148769266591579674d2c42de6557026893a1902834f11f"},"position":{"space":"7dtd","x":-274.94924926757813,"y":61.079998016357422,"z":461.63272094726563},"rotation":{"pitch":-2.375,"roll":0,"yaw":14.749969482421875},"sequence":36,"source":"7dtd","stream_id":"aba657ef-52b0-48c5-8f0b-78d24fb0e668","type":"entity_state","version":2,"world_id":"td-0d917a4eff776d999148769266591579674d2c42de6557026893a1902834f11f"}
2026-10-04T19:35:18 99.070 INF [MC7DTD] Minecraft player: x=-279.4639628847894 y=63 z=468.84959812561829
2026-10-04T19:35:18 99.071 INF [MC7DTD] Entity state: event=update id=bb103b68-bf1a-4765-967c-d5f8ac30702d type=minecraft:player source=minecraft world=mc-cf4dce40-2be1-372b-b914-917f5dcc644c dimension=minecraft:overworld stream=dcfa83f2-8df6-4a9e-a292-69a93d9e7639 sequence=24 x=-279.4639628847894 y=63 z=468.84959812561829 yaw=95.095184326171875 pitch=15.000034332275391 roll=0
2026-10-04T19:35:18 99.076 INF [MC7DTD] [Presentation] entity=bb103b68-bf1a-4765-967c-d5f8ac30702d renderer=humanoid model=player variant=default scale=1 removed=False
2026-10-04T19:35:18 99.077 INF [MC7DTD] Player proxy updated: id=bb103b68-bf1a-4765-967c-d5f8ac30702d count=1 x=-279.4639628847894 y=63 z=468.84959812561829 thread=1 yaw=95.095184326171875 pitch=15.000034332275391 roll=0
2026-10-04T19:35:18 99.473 INF [MC7DTD] 7DTD entity sent: {"authority":"7dtd","dimension":"7dtd:main","entity_id":"95183d29-9800-4375-a0d3-6030173478e0","entity_type":"7dtd:player","lifecycle":{"event":"update"},"metadata":{},"origin":{"dimension":"7dtd:main","entity_id":"95183d29-9800-4375-a0d3-6030173478e0","game":"7dtd","world_id":"td-0d917a4eff776d999148769266591579674d2c42de6557026893a1902834f11f"},"position":{"space":"7dtd","x":-274.94924926757813,"y":61.079998016357422,"z":461.63272094726563},"rotation":{"pitch":-2.375,"roll":0,"yaw":14.749969482421875},"sequence":37,"source":"7dtd","stream_id":"aba657ef-52b0-48c5-8f0b-78d24fb0e668","type":"entity_state","version":2,"world_id":"td-0d917a4eff776d999148769266591579674d2c42de6557026893a1902834f11f"}
2026-10-04T19:35:18 99.618 INF [MC7DTD] Minecraft player: x=-277.57185973762432 y=63 z=469.0182029745381
2026-10-04T19:35:18 99.619 INF [MC7DTD] Entity state: event=update id=bb103b68-bf1a-4765-967c-d5f8ac30702d type=minecraft:player source=minecraft world=mc-cf4dce40-2be1-372b-b914-917f5dcc644c dimension=minecraft:overworld stream=dcfa83f2-8df6-4a9e-a292-69a93d9e7639 sequence=25 x=-277.57185973762432 y=63 z=469.0182029745381 yaw=95.095184326171875 pitch=15.000034332275391 roll=0
2026-10-04T19:35:18 99.622 INF [MC7DTD] [Presentation] entity=bb103b68-bf1a-4765-967c-d5f8ac30702d renderer=humanoid model=player variant=default scale=1 removed=False
2026-10-04T19:35:18 99.623 INF [MC7DTD] Player proxy updated: id=bb103b68-bf1a-4765-967c-d5f8ac30702d count=1 x=-277.57185973762432 y=63 z=469.0182029745381 thread=1 yaw=95.095184326171875 pitch=15.000034332275391 roll=0
2026-10-04T19:35:19 99.921 INF [MC7DTD] 7DTD entity sent: {"authority":"7dtd","dimension":"7dtd:main","entity_id":"95183d29-9800-4375-a0d3-6030173478e0","entity_type":"7dtd:player","lifecycle":{"event":"update"},"metadata":{},"origin":{"dimension":"7dtd:main","entity_id":"95183d29-9800-4375-a0d3-6030173478e0","game":"7dtd","world_id":"td-0d917a4eff776d999148769266591579674d2c42de6557026893a1902834f11f"},"position":{"space":"7dtd","x":-274.94924926757813,"y":61.079998016357422,"z":461.63272094726563},"rotation":{"pitch":-2.375,"roll":0,"yaw":14.749969482421875},"sequence":38,"source":"7dtd","stream_id":"aba657ef-52b0-48c5-8f0b-78d24fb0e668","type":"entity_state","version":2,"world_id":"td-0d917a4eff776d999148769266591579674d2c42de6557026893a1902834f11f"}
2026-10-04T19:35:19 100.119 INF [MC7DTD] Minecraft player: x=-275.4223959638536 y=63 z=469.20974116598296
2026-10-04T19:35:19 100.121 INF [MC7DTD] Entity state: event=update id=bb103b68-bf1a-4765-967c-d5f8ac30702d type=minecraft:player source=minecraft world=mc-cf4dce40-2be1-372b-b914-917f5dcc644c dimension=minecraft:overworld stream=dcfa83f2-8df6-4a9e-a292-69a93d9e7639 sequence=26 x=-275.4223959638536 y=63 z=469.20974116598296 yaw=95.095184326171875 pitch=15.000034332275391 roll=0
2026-10-04T19:35:19 100.123 INF [MC7DTD] [Presentation] entity=bb103b68-bf1a-4765-967c-d5f8ac30702d renderer=humanoid model=player variant=default scale=1 removed=False
2026-10-04T19:35:19 100.124 INF [MC7DTD] Player proxy updated: id=bb103b68-bf1a-4765-967c-d5f8ac30702d count=1 x=-275.4223959638536 y=63 z=469.20974116598296 thread=1 yaw=95.095184326171875 pitch=15.000034332275391 roll=0
2026-10-04T19:35:19 100.423 INF [MC7DTD] 7DTD entity sent: {"authority":"7dtd","dimension":"7dtd:main","entity_id":"95183d29-9800-4375-a0d3-6030173478e0","entity_type":"7dtd:player","lifecycle":{"event":"update"},"metadata":{},"origin":{"dimension":"7dtd:main","entity_id":"95183d29-9800-4375-a0d3-6030173478e0","game":"7dtd","world_id":"td-0d917a4eff776d999148769266591579674d2c42de6557026893a1902834f11f"},"position":{"space":"7dtd","x":-274.94924926757813,"y":61.079998016357422,"z":461.63272094726563},"rotation":{"pitch":-2.375,"roll":0,"yaw":14.749969482421875},"sequence":39,"source":"7dtd","stream_id":"aba657ef-52b0-48c5-8f0b-78d24fb0e668","type":"entity_state","version":2,"world_id":"td-0d917a4eff776d999148769266591579674d2c42de6557026893a1902834f11f"}
2026-10-04T19:35:19 100.619 INF [MC7DTD] Minecraft player: x=-275.26517426173109 y=63 z=469.22375115342635
2026-10-04T19:35:19 100.621 INF [MC7DTD] Entity state: event=update id=bb103b68-bf1a-4765-967c-d5f8ac30702d type=minecraft:player source=minecraft world=mc-cf4dce40-2be1-372b-b914-917f5dcc644c dimension=minecraft:overworld stream=dcfa83f2-8df6-4a9e-a292-69a93d9e7639 sequence=27 x=-275.26517426173109 y=63 z=469.22375115342635 yaw=95.095184326171875 pitch=15.000034332275391 roll=0
2026-10-04T19:35:19 100.624 INF [MC7DTD] [Presentation] entity=bb103b68-bf1a-4765-967c-d5f8ac30702d renderer=humanoid model=player variant=default scale=1 removed=False
2026-10-04T19:35:19 100.625 INF [MC7DTD] Player proxy updated: id=bb103b68-bf1a-4765-967c-d5f8ac30702d count=1 x=-275.26517426173109 y=63 z=469.22375115342635 thread=1 yaw=95.095184326171875 pitch=15.000034332275391 roll=0
2026-10-04T19:35:20 100.923 INF [MC7DTD] 7DTD entity sent: {"authority":"7dtd","dimension":"7dtd:main","entity_id":"95183d29-9800-4375-a0d3-6030173478e0","entity_type":"7dtd:player","lifecycle":{"event":"update"},"metadata":{},"origin":{"dimension":"7dtd:main","entity_id":"95183d29-9800-4375-a0d3-6030173478e0","game":"7dtd","world_id":"td-0d917a4eff776d999148769266591579674d2c42de6557026893a1902834f11f"},"position":{"space":"7dtd","x":-274.94924926757813,"y":61.079998016357422,"z":461.63272094726563},"rotation":{"pitch":-2.375,"roll":0,"yaw":14.749969482421875},"sequence":40,"source":"7dtd","stream_id":"aba657ef-52b0-48c5-8f0b-78d24fb0e668","type":"entity_state","version":2,"world_id":"td-0d917a4eff776d999148769266591579674d2c42de6557026893a1902834f11f"}
2026-10-04T19:35:20 101.122 INF [MC7DTD] Minecraft player: x=-277.91991363981458 y=63.7531999805212 z=468.98718797639572
2026-10-04T19:35:20 101.123 INF [MC7DTD] Entity state: event=update id=bb103b68-bf1a-4765-967c-d5f8ac30702d type=minecraft:player source=minecraft world=mc-cf4dce40-2be1-372b-b914-917f5dcc644c dimension=minecraft:overworld stream=dcfa83f2-8df6-4a9e-a292-69a93d9e7639 sequence=28 x=-277.91991363981458 y=63.7531999805212 z=468.98718797639572 yaw=95.095184326171875 pitch=15.000034332275391 roll=0
2026-10-04T19:35:20 101.128 INF [MC7DTD] [Presentation] entity=bb103b68-bf1a-4765-967c-d5f8ac30702d renderer=humanoid model=player variant=default scale=1 removed=False
2026-10-04T19:35:20 101.128 INF [MC7DTD] Player proxy updated: id=bb103b68-bf1a-4765-967c-d5f8ac30702d count=1 x=-277.91991363981458 y=63.7531999805212 z=468.98718797639572 thread=1 yaw=95.095184326171875 pitch=15.000034332275391 roll=0
2026-10-04T19:35:20 101.425 INF [MC7DTD] 7DTD entity sent: {"authority":"7dtd","dimension":"7dtd:main","entity_id":"95183d29-9800-4375-a0d3-6030173478e0","entity_type":"7dtd:player","lifecycle":{"event":"update"},"metadata":{},"origin":{"dimension":"7dtd:main","entity_id":"95183d29-9800-4375-a0d3-6030173478e0","game":"7dtd","world_id":"td-0d917a4eff776d999148769266591579674d2c42de6557026893a1902834f11f"},"position":{"space":"7dtd","x":-274.94924926757813,"y":61.079998016357422,"z":461.63272094726563},"rotation":{"pitch":-2.375,"roll":0,"yaw":14.749969482421875},"sequence":41,"source":"7dtd","stream_id":"aba657ef-52b0-48c5-8f0b-78d24fb0e668","type":"entity_state","version":2,"world_id":"td-0d917a4eff776d999148769266591579674d2c42de6557026893a1902834f11f"}
2026-10-04T19:35:20 101.623 INF [MC7DTD] Minecraft player: x=-280.62108258981328 y=63 z=468.74648747156147
2026-10-04T19:35:20 101.624 INF [MC7DTD] Entity state: event=update id=bb103b68-bf1a-4765-967c-d5f8ac30702d type=minecraft:player source=minecraft world=mc-cf4dce40-2be1-372b-b914-917f5dcc644c dimension=minecraft:overworld stream=dcfa83f2-8df6-4a9e-a292-69a93d9e7639 sequence=29 x=-280.62108258981328 y=63 z=468.74648747156147 yaw=95.095184326171875 pitch=15.000034332275391 roll=0
2026-10-04T19:35:20 101.631 INF [MC7DTD] [Presentation] entity=bb103b68-bf1a-4765-967c-d5f8ac30702d renderer=humanoid model=player variant=default scale=1 removed=False
2026-10-04T19:35:20 101.632 INF [MC7DTD] Player proxy updated: id=bb103b68-bf1a-4765-967c-d5f8ac30702d count=1 x=-280.62108258981328 y=63 z=468.74648747156147 thread=1 yaw=95.095184326171875 pitch=15.000034332275391 roll=0
2026-10-04T19:35:21 101.927 INF [MC7DTD] 7DTD entity sent: {"authority":"7dtd","dimension":"7dtd:main","entity_id":"95183d29-9800-4375-a0d3-6030173478e0","entity_type":"7dtd:player","lifecycle":{"event":"update"},"metadata":{},"origin":{"dimension":"7dtd:main","entity_id":"95183d29-9800-4375-a0d3-6030173478e0","game":"7dtd","world_id":"td-0d917a4eff776d999148769266591579674d2c42de6557026893a1902834f11f"},"position":{"space":"7dtd","x":-274.94924926757813,"y":61.079998016357422,"z":461.63272094726563},"rotation":{"pitch":-2.375,"roll":0,"yaw":14.749969482421875},"sequence":42,"source":"7dtd","stream_id":"aba657ef-52b0-48c5-8f0b-78d24fb0e668","type":"entity_state","version":2,"world_id":"td-0d917a4eff776d999148769266591579674d2c42de6557026893a1902834f11f"}
2026-10-04T19:35:21 102.166 INF [MC7DTD] Minecraft player: x=-280.04723710455181 y=63 z=468.78623627229172
2026-10-04T19:35:21 102.168 INF [MC7DTD] Entity state: event=update id=bb103b68-bf1a-4765-967c-d5f8ac30702d type=minecraft:player source=minecraft world=mc-cf4dce40-2be1-372b-b914-917f5dcc644c dimension=minecraft:overworld stream=dcfa83f2-8df6-4a9e-a292-69a93d9e7639 sequence=30 x=-280.04723710455181 y=63 z=468.78623627229172 yaw=53.995166778564453 pitch=16.650032043457031 roll=0
2026-10-04T19:35:21 102.172 INF [MC7DTD] [Presentation] entity=bb103b68-bf1a-4765-967c-d5f8ac30702d renderer=humanoid model=player variant=default scale=1 removed=False
2026-10-04T19:35:21 102.173 INF [MC7DTD] Player proxy updated: id=bb103b68-bf1a-4765-967c-d5f8ac30702d count=1 x=-280.04723710455181 y=63 z=468.78623627229172 thread=1 yaw=53.995166778564453 pitch=16.650032043457031 roll=0
2026-10-04T19:35:21 102.469 INF [MC7DTD] 7DTD entity sent: {"authority":"7dtd","dimension":"7dtd:main","entity_id":"95183d29-9800-4375-a0d3-6030173478e0","entity_type":"7dtd:player","lifecycle":{"event":"update"},"metadata":{},"origin":{"dimension":"7dtd:main","entity_id":"95183d29-9800-4375-a0d3-6030173478e0","game":"7dtd","world_id":"td-0d917a4eff776d999148769266591579674d2c42de6557026893a1902834f11f"},"position":{"space":"7dtd","x":-274.94924926757813,"y":61.079998016357422,"z":461.63272094726563},"rotation":{"pitch":-2.375,"roll":0,"yaw":14.749969482421875},"sequence":43,"source":"7dtd","stream_id":"aba657ef-52b0-48c5-8f0b-78d24fb0e668","type":"entity_state","version":2,"world_id":"td-0d917a4eff776d999148769266591579674d2c42de6557026893a1902834f11f"}
2026-10-04T19:35:21 102.670 INF [MC7DTD] Minecraft player: x=-279.980797299648 y=63 z=468.79013973244577
2026-10-04T19:35:21 102.672 INF [MC7DTD] Entity state: event=update id=bb103b68-bf1a-4765-967c-d5f8ac30702d type=minecraft:player source=minecraft world=mc-cf4dce40-2be1-372b-b914-917f5dcc644c dimension=minecraft:overworld stream=dcfa83f2-8df6-4a9e-a292-69a93d9e7639 sequence=31 x=-279.980797299648 y=63 z=468.79013973244577 yaw=297.14515686035156 pitch=15.600034713745117 roll=0
2026-10-04T19:35:21 102.677 INF [MC7DTD] [Presentation] entity=bb103b68-bf1a-4765-967c-d5f8ac30702d renderer=humanoid model=player variant=default scale=1 removed=False
2026-10-04T19:35:21 102.678 INF [MC7DTD] Player proxy updated: id=bb103b68-bf1a-4765-967c-d5f8ac30702d count=1 x=-279.980797299648 y=63 z=468.79013973244577 thread=1 yaw=297.14515686035156 pitch=15.600034713745117 roll=0
2026-10-04T19:35:22 102.974 INF [MC7DTD] 7DTD entity sent: {"authority":"7dtd","dimension":"7dtd:main","entity_id":"95183d29-9800-4375-a0d3-6030173478e0","entity_type":"7dtd:player","lifecycle":{"event":"update"},"metadata":{},"origin":{"dimension":"7dtd:main","entity_id":"95183d29-9800-4375-a0d3-6030173478e0","game":"7dtd","world_id":"td-0d917a4eff776d999148769266591579674d2c42de6557026893a1902834f11f"},"position":{"space":"7dtd","x":-274.94924926757813,"y":61.079998016357422,"z":461.63272094726563},"rotation":{"pitch":-2.375,"roll":0,"yaw":14.749969482421875},"sequence":44,"source":"7dtd","stream_id":"aba657ef-52b0-48c5-8f0b-78d24fb0e668","type":"entity_state","version":2,"world_id":"td-0d917a4eff776d999148769266591579674d2c42de6557026893a1902834f11f"}
2026-10-04T19:35:22 103.220 INF [MC7DTD] Minecraft player: x=-279.56028335207026 y=63 z=468.69925543678107
2026-10-04T19:35:22 103.222 INF [MC7DTD] Entity state: event=update id=bb103b68-bf1a-4765-967c-d5f8ac30702d type=minecraft:player source=minecraft world=mc-cf4dce40-2be1-372b-b914-917f5dcc644c dimension=minecraft:overworld stream=dcfa83f2-8df6-4a9e-a292-69a93d9e7639 sequence=32 x=-279.56028335207026 y=63 z=468.69925543678107 yaw=258.44515991210938 pitch=11.550042152404785 roll=0
2026-10-04T19:35:22 103.226 INF [MC7DTD] [Presentation] entity=bb103b68-bf1a-4765-967c-d5f8ac30702d renderer=humanoid model=player variant=default scale=1 removed=False
2026-10-04T19:35:22 103.227 INF [MC7DTD] Player proxy updated: id=bb103b68-bf1a-4765-967c-d5f8ac30702d count=1 x=-279.56028335207026 y=63 z=468.69925543678107 thread=1 yaw=258.44515991210938 pitch=11.550042152404785 roll=0
2026-10-04T19:35:22 103.423 INF [MC7DTD] 7DTD entity sent: {"authority":"7dtd","dimension":"7dtd:main","entity_id":"95183d29-9800-4375-a0d3-6030173478e0","entity_type":"7dtd:player","lifecycle":{"event":"update"},"metadata":{},"origin":{"dimension":"7dtd:main","entity_id":"95183d29-9800-4375-a0d3-6030173478e0","game":"7dtd","world_id":"td-0d917a4eff776d999148769266591579674d2c42de6557026893a1902834f11f"},"position":{"space":"7dtd","x":-274.94924926757813,"y":61.079998016357422,"z":461.63272094726563},"rotation":{"pitch":-2.375,"roll":0,"yaw":14.749969482421875},"sequence":45,"source":"7dtd","stream_id":"aba657ef-52b0-48c5-8f0b-78d24fb0e668","type":"entity_state","version":2,"world_id":"td-0d917a4eff776d999148769266591579674d2c42de6557026893a1902834f11f"}
2026-10-04T19:35:22 103.721 INF [MC7DTD] Minecraft player: x=-277.89086815016958 y=64.024424088213692 z=468.45138253090704
2026-10-04T19:35:22 103.722 INF [MC7DTD] Entity state: event=update id=bb103b68-bf1a-4765-967c-d5f8ac30702d type=minecraft:player source=minecraft world=mc-cf4dce40-2be1-372b-b914-917f5dcc644c dimension=minecraft:overworld stream=dcfa83f2-8df6-4a9e-a292-69a93d9e7639 sequence=33 x=-277.89086815016958 y=64.024424088213692 z=468.45138253090704 yaw=264.14520263671875 pitch=11.550042152404785 roll=0
2026-10-04T19:35:22 103.725 INF [MC7DTD] [Presentation] entity=bb103b68-bf1a-4765-967c-d5f8ac30702d renderer=humanoid model=player variant=default scale=1 removed=False
2026-10-04T19:35:22 103.726 INF [MC7DTD] Player proxy updated: id=bb103b68-bf1a-4765-967c-d5f8ac30702d count=1 x=-277.89086815016958 y=64.024424088213692 z=468.45138253090704 thread=1 yaw=264.14520263671875 pitch=11.550042152404785 roll=0
2026-10-04T19:35:23 103.924 INF [MC7DTD] 7DTD entity sent: {"authority":"7dtd","dimension":"7dtd:main","entity_id":"95183d29-9800-4375-a0d3-6030173478e0","entity_type":"7dtd:player","lifecycle":{"event":"update"},"metadata":{},"origin":{"dimension":"7dtd:main","entity_id":"95183d29-9800-4375-a0d3-6030173478e0","game":"7dtd","world_id":"td-0d917a4eff776d999148769266591579674d2c42de6557026893a1902834f11f"},"position":{"space":"7dtd","x":-274.94924926757813,"y":61.079998016357422,"z":461.63272094726563},"rotation":{"pitch":-2.375,"roll":0,"yaw":14.749969482421875},"sequence":46,"source":"7dtd","stream_id":"aba657ef-52b0-48c5-8f0b-78d24fb0e668","type":"entity_state","version":2,"world_id":"td-0d917a4eff776d999148769266591579674d2c42de6557026893a1902834f11f"}
2026-10-04T19:35:23 104.269 INF [MC7DTD] Minecraft player: x=-276.1867924835264 y=63 z=468.26390910899
2026-10-04T19:35:23 104.270 INF [MC7DTD] Entity state: event=update id=bb103b68-bf1a-4765-967c-d5f8ac30702d type=minecraft:player source=minecraft world=mc-cf4dce40-2be1-372b-b914-917f5dcc644c dimension=minecraft:overworld stream=dcfa83f2-8df6-4a9e-a292-69a93d9e7639 sequence=34 x=-276.1867924835264 y=63 z=468.26390910899 yaw=265.79521942138672 pitch=11.550042152404785 roll=0
2026-10-04T19:35:23 104.275 INF [MC7DTD] [Presentation] entity=bb103b68-bf1a-4765-967c-d5f8ac30702d renderer=humanoid model=player variant=default scale=1 removed=False
2026-10-04T19:35:23 104.276 INF [MC7DTD] Player proxy updated: id=bb103b68-bf1a-4765-967c-d5f8ac30702d count=1 x=-276.1867924835264 y=63 z=468.26390910899 thread=1 yaw=265.79521942138672 pitch=11.550042152404785 roll=0
2026-10-04T19:35:23 104.471 INF [MC7DTD] 7DTD entity sent: {"authority":"7dtd","dimension":"7dtd:main","entity_id":"95183d29-9800-4375-a0d3-6030173478e0","entity_type":"7dtd:player","lifecycle":{"event":"update"},"metadata":{},"origin":{"dimension":"7dtd:main","entity_id":"95183d29-9800-4375-a0d3-6030173478e0","game":"7dtd","world_id":"td-0d917a4eff776d999148769266591579674d2c42de6557026893a1902834f11f"},"position":{"space":"7dtd","x":-274.94924926757813,"y":61.079998016357422,"z":461.63272094726563},"rotation":{"pitch":-2.375,"roll":0,"yaw":14.749969482421875},"sequence":47,"source":"7dtd","stream_id":"aba657ef-52b0-48c5-8f0b-78d24fb0e668","type":"entity_state","version":2,"world_id":"td-0d917a4eff776d999148769266591579674d2c42de6557026893a1902834f11f"}
2026-10-04T19:35:23 104.771 INF [MC7DTD] Minecraft player: x=-274.98201133465489 y=64.249187078744683 z=468.2095886244374
2026-10-04T19:35:23 104.772 INF [MC7DTD] Entity state: event=update id=bb103b68-bf1a-4765-967c-d5f8ac30702d type=minecraft:player source=minecraft world=mc-cf4dce40-2be1-372b-b914-917f5dcc644c dimension=minecraft:overworld stream=dcfa83f2-8df6-4a9e-a292-69a93d9e7639 sequence=35 x=-274.98201133465489 y=64.249187078744683 z=468.2095886244374 yaw=268.34524536132813 pitch=12.000041007995605 roll=0
2026-10-04T19:35:23 104.777 INF [MC7DTD] [Presentation] entity=bb103b68-bf1a-4765-967c-d5f8ac30702d renderer=humanoid model=player variant=default scale=1 removed=False
2026-10-04T19:35:23 104.778 INF [MC7DTD] Player proxy updated: id=bb103b68-bf1a-4765-967c-d5f8ac30702d count=1 x=-274.98201133465489 y=64.249187078744683 z=468.2095886244374 thread=1 yaw=268.34524536132813 pitch=12.000041007995605 roll=0
2026-10-04T19:35:24 104.974 INF [MC7DTD] 7DTD entity sent: {"authority":"7dtd","dimension":"7dtd:main","entity_id":"95183d29-9800-4375-a0d3-6030173478e0","entity_type":"7dtd:player","lifecycle":{"event":"update"},"metadata":{},"origin":{"dimension":"7dtd:main","entity_id":"95183d29-9800-4375-a0d3-6030173478e0","game":"7dtd","world_id":"td-0d917a4eff776d999148769266591579674d2c42de6557026893a1902834f11f"},"position":{"space":"7dtd","x":-274.94924926757813,"y":61.079998016357422,"z":461.63272094726563},"rotation":{"pitch":-2.375,"roll":0,"yaw":14.749969482421875},"sequence":48,"source":"7dtd","stream_id":"aba657ef-52b0-48c5-8f0b-78d24fb0e668","type":"entity_state","version":2,"world_id":"td-0d917a4eff776d999148769266591579674d2c42de6557026893a1902834f11f"}
2026-10-04T19:35:24 105.322 INF [MC7DTD] Minecraft player: x=-273.82261011472048 y=63 z=468.65763401843429
2026-10-04T19:35:24 105.324 INF [MC7DTD] Entity state: event=update id=bb103b68-bf1a-4765-967c-d5f8ac30702d type=minecraft:player source=minecraft world=mc-cf4dce40-2be1-372b-b914-917f5dcc644c dimension=minecraft:overworld stream=dcfa83f2-8df6-4a9e-a292-69a93d9e7639 sequence=36 x=-273.82261011472048 y=63 z=468.65763401843429 yaw=88.195266723632813 pitch=28.650035858154297 roll=0
2026-10-04T19:35:24 105.326 INF [MC7DTD] [Presentation] entity=bb103b68-bf1a-4765-967c-d5f8ac30702d renderer=humanoid model=player variant=default scale=1 removed=False
2026-10-04T19:35:24 105.327 INF [MC7DTD] Player proxy updated: id=bb103b68-bf1a-4765-967c-d5f8ac30702d count=1 x=-273.82261011472048 y=63 z=468.65763401843429 thread=1 yaw=88.195266723632813 pitch=28.650035858154297 roll=0
2026-10-04T19:35:24 105.525 INF [MC7DTD] 7DTD entity sent: {"authority":"7dtd","dimension":"7dtd:main","entity_id":"95183d29-9800-4375-a0d3-6030173478e0","entity_type":"7dtd:player","lifecycle":{"event":"update"},"metadata":{},"origin":{"dimension":"7dtd:main","entity_id":"95183d29-9800-4375-a0d3-6030173478e0","game":"7dtd","world_id":"td-0d917a4eff776d999148769266591579674d2c42de6557026893a1902834f11f"},"position":{"space":"7dtd","x":-274.94924926757813,"y":61.079998016357422,"z":461.63272094726563},"rotation":{"pitch":-2.375,"roll":0,"yaw":14.749969482421875},"sequence":49,"source":"7dtd","stream_id":"aba657ef-52b0-48c5-8f0b-78d24fb0e668","type":"entity_state","version":2,"world_id":"td-0d917a4eff776d999148769266591579674d2c42de6557026893a1902834f11f"}
2026-10-04T19:35:25 105.870 INF [MC7DTD] Minecraft player: x=-273.83402417955193 y=63.796735600668704 z=468.70269181694596
2026-10-04T19:35:25 105.872 INF [MC7DTD] Entity state: event=update id=bb103b68-bf1a-4765-967c-d5f8ac30702d type=minecraft:player source=minecraft world=mc-cf4dce40-2be1-372b-b914-917f5dcc644c dimension=minecraft:overworld stream=dcfa83f2-8df6-4a9e-a292-69a93d9e7639 sequence=37 x=-273.83402417955193 y=63.796735600668704 z=468.70269181694596 yaw=88.195266723632813 pitch=25.350044250488281 roll=0
2026-10-04T19:35:25 105.873 INF [MC7DTD] [Presentation] entity=bb103b68-bf1a-4765-967c-d5f8ac30702d renderer=humanoid model=player variant=default scale=1 removed=False
2026-10-04T19:35:25 105.873 INF [MC7DTD] Player proxy updated: id=bb103b68-bf1a-4765-967c-d5f8ac30702d count=1 x=-273.83402417955193 y=63.796735600668704 z=468.70269181694596 thread=1 yaw=88.195266723632813 pitch=25.350044250488281 roll=0
2026-10-04T19:35:25 105.973 INF [MC7DTD] 7DTD entity sent: {"authority":"7dtd","dimension":"7dtd:main","entity_id":"95183d29-9800-4375-a0d3-6030173478e0","entity_type":"7dtd:player","lifecycle":{"event":"update"},"metadata":{},"origin":{"dimension":"7dtd:main","entity_id":"95183d29-9800-4375-a0d3-6030173478e0","game":"7dtd","world_id":"td-0d917a4eff776d999148769266591579674d2c42de6557026893a1902834f11f"},"position":{"space":"7dtd","x":-274.94924926757813,"y":61.079998016357422,"z":461.63272094726563},"rotation":{"pitch":-2.375,"roll":0,"yaw":14.749969482421875},"sequence":50,"source":"7dtd","stream_id":"aba657ef-52b0-48c5-8f0b-78d24fb0e668","type":"entity_state","version":2,"world_id":"td-0d917a4eff776d999148769266591579674d2c42de6557026893a1902834f11f"}
2026-10-04T19:35:25 106.417 INF [MC7DTD] Minecraft player: x=-273.83402417955193 y=64.166109260938214 z=468.70269181694596
2026-10-04T19:35:25 106.419 INF [MC7DTD] Entity state: event=update id=bb103b68-bf1a-4765-967c-d5f8ac30702d type=minecraft:player source=minecraft world=mc-cf4dce40-2be1-372b-b914-917f5dcc644c dimension=minecraft:overworld stream=dcfa83f2-8df6-4a9e-a292-69a93d9e7639 sequence=38 x=-273.83402417955193 y=64.166109260938214 z=468.70269181694596 yaw=72.895271301269531 pitch=21.450054168701172 roll=0
2026-10-04T19:35:25 106.422 INF [MC7DTD] [Presentation] entity=bb103b68-bf1a-4765-967c-d5f8ac30702d renderer=humanoid model=player variant=default scale=1 removed=False
2026-10-04T19:35:25 106.423 INF [MC7DTD] Player proxy updated: id=bb103b68-bf1a-4765-967c-d5f8ac30702d count=1 x=-273.83402417955193 y=64.166109260938214 z=468.70269181694596 thread=1 yaw=72.895271301269531 pitch=21.450054168701172 roll=0
2026-10-04T19:35:25 106.520 INF [MC7DTD] 7DTD entity sent: {"authority":"7dtd","dimension":"7dtd:main","entity_id":"95183d29-9800-4375-a0d3-6030173478e0","entity_type":"7dtd:player","lifecycle":{"event":"update"},"metadata":{},"origin":{"dimension":"7dtd:main","entity_id":"95183d29-9800-4375-a0d3-6030173478e0","game":"7dtd","world_id":"td-0d917a4eff776d999148769266591579674d2c42de6557026893a1902834f11f"},"position":{"space":"7dtd","x":-274.94924926757813,"y":61.079998016357422,"z":461.63272094726563},"rotation":{"pitch":-2.375,"roll":0,"yaw":14.749969482421875},"sequence":51,"source":"7dtd","stream_id":"aba657ef-52b0-48c5-8f0b-78d24fb0e668","type":"entity_state","version":2,"world_id":"td-0d917a4eff776d999148769266591579674d2c42de6557026893a1902834f11f"}
2026-10-04T19:35:26 106.922 INF [MC7DTD] Minecraft player: x=-273.83402417955193 y=63.7531999805212 z=468.70269181694596
2026-10-04T19:35:26 106.926 INF [MC7DTD] Entity state: event=update id=bb103b68-bf1a-4765-967c-d5f8ac30702d type=minecraft:player source=minecraft world=mc-cf4dce40-2be1-372b-b914-917f5dcc644c dimension=minecraft:overworld stream=dcfa83f2-8df6-4a9e-a292-69a93d9e7639 sequence=39 x=-273.83402417955193 y=63.7531999805212 z=468.70269181694596 yaw=72.2952651977539 pitch=21.3000545501709 roll=0
2026-10-04T19:35:26 106.932 INF [MC7DTD] [Presentation] entity=bb103b68-bf1a-4765-967c-d5f8ac30702d renderer=humanoid model=player variant=default scale=1 removed=False
2026-10-04T19:35:26 106.933 INF [MC7DTD] Player proxy updated: id=bb103b68-bf1a-4765-967c-d5f8ac30702d count=1 x=-273.83402417955193 y=63.7531999805212 z=468.70269181694596 thread=1 yaw=72.2952651977539 pitch=21.3000545501709 roll=0
2026-10-04T19:35:26 107.027 INF [MC7DTD] 7DTD entity sent: {"authority":"7dtd","dimension":"7dtd:main","entity_id":"95183d29-9800-4375-a0d3-6030173478e0","entity_type":"7dtd:player","lifecycle":{"event":"update"},"metadata":{},"origin":{"dimension":"7dtd:main","entity_id":"95183d29-9800-4375-a0d3-6030173478e0","game":"7dtd","world_id":"td-0d917a4eff776d999148769266591579674d2c42de6557026893a1902834f11f"},"position":{"space":"7dtd","x":-274.94924926757813,"y":61.079998016357422,"z":461.63272094726563},"rotation":{"pitch":-2.375,"roll":0,"yaw":14.749969482421875},"sequence":52,"source":"7dtd","stream_id":"aba657ef-52b0-48c5-8f0b-78d24fb0e668","type":"entity_state","version":2,"world_id":"td-0d917a4eff776d999148769266591579674d2c42de6557026893a1902834f11f"}
2026-10-04T19:35:26 107.472 INF [MC7DTD] Minecraft player: x=-273.83402417955193 y=63.419999986886978 z=468.70269181694596
2026-10-04T19:35:26 107.473 INF [MC7DTD] 7DTD entity sent: {"authority":"7dtd","dimension":"7dtd:main","entity_id":"95183d29-9800-4375-a0d3-6030173478e0","entity_type":"7dtd:player","lifecycle":{"event":"update"},"metadata":{},"origin":{"dimension":"7dtd:main","entity_id":"95183d29-9800-4375-a0d3-6030173478e0","game":"7dtd","world_id":"td-0d917a4eff776d999148769266591579674d2c42de6557026893a1902834f11f"},"position":{"space":"7dtd","x":-274.94924926757813,"y":61.079998016357422,"z":461.63272094726563},"rotation":{"pitch":-2.375,"roll":0,"yaw":14.749969482421875},"sequence":53,"source":"7dtd","stream_id":"aba657ef-52b0-48c5-8f0b-78d24fb0e668","type":"entity_state","version":2,"world_id":"td-0d917a4eff776d999148769266591579674d2c42de6557026893a1902834f11f"}
2026-10-04T19:35:26 107.475 INF [MC7DTD] Entity state: event=update id=bb103b68-bf1a-4765-967c-d5f8ac30702d type=minecraft:player source=minecraft world=mc-cf4dce40-2be1-372b-b914-917f5dcc644c dimension=minecraft:overworld stream=dcfa83f2-8df6-4a9e-a292-69a93d9e7639 sequence=40 x=-273.83402417955193 y=63.419999986886978 z=468.70269181694596 yaw=67.945220947265625 pitch=20.250057220458984 roll=0
2026-10-04T19:35:26 107.476 INF [MC7DTD] [Presentation] entity=bb103b68-bf1a-4765-967c-d5f8ac30702d renderer=humanoid model=player variant=default scale=1 removed=False
2026-10-04T19:35:26 107.477 INF [MC7DTD] Player proxy updated: id=bb103b68-bf1a-4765-967c-d5f8ac30702d count=1 x=-273.83402417955193 y=63.419999986886978 z=468.70269181694596 thread=1 yaw=67.945220947265625 pitch=20.250057220458984 roll=0
2026-10-04T19:35:27 107.976 INF [MC7DTD] 7DTD entity sent: {"authority":"7dtd","dimension":"7dtd:main","entity_id":"95183d29-9800-4375-a0d3-6030173478e0","entity_type":"7dtd:player","lifecycle":{"event":"update"},"metadata":{},"origin":{"dimension":"7dtd:main","entity_id":"95183d29-9800-4375-a0d3-6030173478e0","game":"7dtd","world_id":"td-0d917a4eff776d999148769266591579674d2c42de6557026893a1902834f11f"},"position":{"space":"7dtd","x":-274.94924926757813,"y":61.079998016357422,"z":461.63272094726563},"rotation":{"pitch":-2.375,"roll":0,"yaw":14.749969482421875},"sequence":54,"source":"7dtd","stream_id":"aba657ef-52b0-48c5-8f0b-78d24fb0e668","type":"entity_state","version":2,"world_id":"td-0d917a4eff776d999148769266591579674d2c42de6557026893a1902834f11f"}
2026-10-04T19:35:27 108.022 INF [MC7DTD] Minecraft player: x=-273.83402417955193 y=63 z=468.70269181694596
2026-10-04T19:35:27 108.023 INF [MC7DTD] Entity state: event=update id=bb103b68-bf1a-4765-967c-d5f8ac30702d type=minecraft:player source=minecraft world=mc-cf4dce40-2be1-372b-b914-917f5dcc644c dimension=minecraft:overworld stream=dcfa83f2-8df6-4a9e-a292-69a93d9e7639 sequence=41 x=-273.83402417955193 y=63 z=468.70269181694596 yaw=60.445156097412109 pitch=17.250064849853516 roll=0
2026-10-04T19:35:27 108.028 INF [MC7DTD] [Presentation] entity=bb103b68-bf1a-4765-967c-d5f8ac30702d renderer=humanoid model=player variant=default scale=1 removed=False
2026-10-04T19:35:27 108.029 INF [MC7DTD] Player proxy updated: id=bb103b68-bf1a-4765-967c-d5f8ac30702d count=1 x=-273.83402417955193 y=63 z=468.70269181694596 thread=1 yaw=60.445156097412109 pitch=17.250064849853516 roll=0
2026-10-04T19:35:27 108.522 INF [MC7DTD] Minecraft player: x=-273.83402417955193 y=63.495200877005921 z=468.70269181694596
2026-10-04T19:35:27 108.523 INF [MC7DTD] 7DTD entity sent: {"authority":"7dtd","dimension":"7dtd:main","entity_id":"95183d29-9800-4375-a0d3-6030173478e0","entity_type":"7dtd:player","lifecycle":{"event":"update"},"metadata":{},"origin":{"dimension":"7dtd:main","entity_id":"95183d29-9800-4375-a0d3-6030173478e0","game":"7dtd","world_id":"td-0d917a4eff776d999148769266591579674d2c42de6557026893a1902834f11f"},"position":{"space":"7dtd","x":-274.94924926757813,"y":61.079998016357422,"z":461.63272094726563},"rotation":{"pitch":-2.375,"roll":0,"yaw":14.749969482421875},"sequence":55,"source":"7dtd","stream_id":"aba657ef-52b0-48c5-8f0b-78d24fb0e668","type":"entity_state","version":2,"world_id":"td-0d917a4eff776d999148769266591579674d2c42de6557026893a1902834f11f"}
2026-10-04T19:35:27 108.525 INF [MC7DTD] Entity state: event=update id=bb103b68-bf1a-4765-967c-d5f8ac30702d type=minecraft:player source=minecraft world=mc-cf4dce40-2be1-372b-b914-917f5dcc644c dimension=minecraft:overworld stream=dcfa83f2-8df6-4a9e-a292-69a93d9e7639 sequence=42 x=-273.83402417955193 y=63.495200877005921 z=468.70269181694596 yaw=60.445156097412109 pitch=17.250064849853516 roll=0
2026-10-04T19:35:27 108.531 INF [MC7DTD] [Presentation] entity=bb103b68-bf1a-4765-967c-d5f8ac30702d renderer=humanoid model=player variant=default scale=1 removed=False
2026-10-04T19:35:27 108.532 INF [MC7DTD] Player proxy updated: id=bb103b68-bf1a-4765-967c-d5f8ac30702d count=1 x=-273.83402417955193 y=63.495200877005921 z=468.70269181694596 thread=1 yaw=60.445156097412109 pitch=17.250064849853516 roll=0
2026-10-04T19:35:28 109.024 INF [MC7DTD] Minecraft player: x=-273.83402417955193 y=64.024424088213692 z=468.70269181694596
2026-10-04T19:35:28 109.026 INF [MC7DTD] 7DTD entity sent: {"authority":"7dtd","dimension":"7dtd:main","entity_id":"95183d29-9800-4375-a0d3-6030173478e0","entity_type":"7dtd:player","lifecycle":{"event":"update"},"metadata":{},"origin":{"dimension":"7dtd:main","entity_id":"95183d29-9800-4375-a0d3-6030173478e0","game":"7dtd","world_id":"td-0d917a4eff776d999148769266591579674d2c42de6557026893a1902834f11f"},"position":{"space":"7dtd","x":-274.94924926757813,"y":61.079998016357422,"z":461.63272094726563},"rotation":{"pitch":-2.375,"roll":0,"yaw":14.749969482421875},"sequence":56,"source":"7dtd","stream_id":"aba657ef-52b0-48c5-8f0b-78d24fb0e668","type":"entity_state","version":2,"world_id":"td-0d917a4eff776d999148769266591579674d2c42de6557026893a1902834f11f"}
2026-10-04T19:35:28 109.028 INF [MC7DTD] Entity state: event=update id=bb103b68-bf1a-4765-967c-d5f8ac30702d type=minecraft:player source=minecraft world=mc-cf4dce40-2be1-372b-b914-917f5dcc644c dimension=minecraft:overworld stream=dcfa83f2-8df6-4a9e-a292-69a93d9e7639 sequence=43 x=-273.83402417955193 y=64.024424088213692 z=468.70269181694596 yaw=60.445156097412109 pitch=17.250064849853516 roll=0
2026-10-04T19:35:28 109.033 INF [MC7DTD] [Presentation] entity=bb103b68-bf1a-4765-967c-d5f8ac30702d renderer=humanoid model=player variant=default scale=1 removed=False
2026-10-04T19:35:28 109.034 INF [MC7DTD] Player proxy updated: id=bb103b68-bf1a-4765-967c-d5f8ac30702d count=1 x=-273.83402417955193 y=64.024424088213692 z=468.70269181694596 thread=1 yaw=60.445156097412109 pitch=17.250064849853516 roll=0
2026-10-04T19:35:28 109.529 INF [MC7DTD] 7DTD entity sent: {"authority":"7dtd","dimension":"7dtd:main","entity_id":"95183d29-9800-4375-a0d3-6030173478e0","entity_type":"7dtd:player","lifecycle":{"event":"update"},"metadata":{},"origin":{"dimension":"7dtd:main","entity_id":"95183d29-9800-4375-a0d3-6030173478e0","game":"7dtd","world_id":"td-0d917a4eff776d999148769266591579674d2c42de6557026893a1902834f11f"},"position":{"space":"7dtd","x":-274.94924926757813,"y":61.079998016357422,"z":461.63272094726563},"rotation":{"pitch":-2.375,"roll":0,"yaw":14.749969482421875},"sequence":57,"source":"7dtd","stream_id":"aba657ef-52b0-48c5-8f0b-78d24fb0e668","type":"entity_state","version":2,"world_id":"td-0d917a4eff776d999148769266591579674d2c42de6557026893a1902834f11f"}
2026-10-04T19:35:28 109.570 INF [MC7DTD] Minecraft player: x=-273.83402417955193 y=64.176759275064242 z=468.70269181694596
2026-10-04T19:35:28 109.572 INF [MC7DTD] Entity state: event=update id=bb103b68-bf1a-4765-967c-d5f8ac30702d type=minecraft:player source=minecraft world=mc-cf4dce40-2be1-372b-b914-917f5dcc644c dimension=minecraft:overworld stream=dcfa83f2-8df6-4a9e-a292-69a93d9e7639 sequence=44 x=-273.83402417955193 y=64.176759275064242 z=468.70269181694596 yaw=60.595157623291016 pitch=17.250064849853516 roll=0
2026-10-04T19:35:28 109.573 INF [MC7DTD] [Presentation] entity=bb103b68-bf1a-4765-967c-d5f8ac30702d renderer=humanoid model=player variant=default scale=1 removed=False
2026-10-04T19:35:28 109.574 INF [MC7DTD] Player proxy updated: id=bb103b68-bf1a-4765-967c-d5f8ac30702d count=1 x=-273.83402417955193 y=64.176759275064242 z=468.70269181694596 thread=1 yaw=60.595157623291016 pitch=17.250064849853516 roll=0
2026-10-04T19:35:29 109.973 INF [MC7DTD] 7DTD entity sent: {"authority":"7dtd","dimension":"7dtd:main","entity_id":"95183d29-9800-4375-a0d3-6030173478e0","entity_type":"7dtd:player","lifecycle":{"event":"update"},"metadata":{},"origin":{"dimension":"7dtd:main","entity_id":"95183d29-9800-4375-a0d3-6030173478e0","game":"7dtd","world_id":"td-0d917a4eff776d999148769266591579674d2c42de6557026893a1902834f11f"},"position":{"space":"7dtd","x":-274.94924926757813,"y":61.079998016357422,"z":461.63272094726563},"rotation":{"pitch":-2.375,"roll":0,"yaw":14.749969482421875},"sequence":58,"source":"7dtd","stream_id":"aba657ef-52b0-48c5-8f0b-78d24fb0e668","type":"entity_state","version":2,"world_id":"td-0d917a4eff776d999148769266591579674d2c42de6557026893a1902834f11f"}
2026-10-04T19:35:29 110.071 INF [MC7DTD] Minecraft player: x=-273.83402417955193 y=63 z=468.70269181694596
2026-10-04T19:35:29 110.072 INF [MC7DTD] Entity state: event=update id=bb103b68-bf1a-4765-967c-d5f8ac30702d type=minecraft:player source=minecraft world=mc-cf4dce40-2be1-372b-b914-917f5dcc644c dimension=minecraft:overworld stream=dcfa83f2-8df6-4a9e-a292-69a93d9e7639 sequence=45 x=-273.83402417955193 y=63 z=468.70269181694596 yaw=88.49517822265625 pitch=19.650058746337891 roll=0
2026-10-04T19:35:29 110.073 INF [MC7DTD] [Presentation] entity=bb103b68-bf1a-4765-967c-d5f8ac30702d renderer=humanoid model=player variant=default scale=1 removed=False
2026-10-04T19:35:29 110.074 INF [MC7DTD] Player proxy updated: id=bb103b68-bf1a-4765-967c-d5f8ac30702d count=1 x=-273.83402417955193 y=63 z=468.70269181694596 thread=1 yaw=88.49517822265625 pitch=19.650058746337891 roll=0
2026-10-04T19:35:29 110.474 INF [MC7DTD] 7DTD entity sent: {"authority":"7dtd","dimension":"7dtd:main","entity_id":"95183d29-9800-4375-a0d3-6030173478e0","entity_type":"7dtd:player","lifecycle":{"event":"update"},"metadata":{},"origin":{"dimension":"7dtd:main","entity_id":"95183d29-9800-4375-a0d3-6030173478e0","game":"7dtd","world_id":"td-0d917a4eff776d999148769266591579674d2c42de6557026893a1902834f11f"},"position":{"space":"7dtd","x":-274.94924926757813,"y":61.079998016357422,"z":461.63272094726563},"rotation":{"pitch":-2.375,"roll":0,"yaw":14.749969482421875},"sequence":59,"source":"7dtd","stream_id":"aba657ef-52b0-48c5-8f0b-78d24fb0e668","type":"entity_state","version":2,"world_id":"td-0d917a4eff776d999148769266591579674d2c42de6557026893a1902834f11f"}
2026-10-04T19:35:29 110.571 INF [MC7DTD] Minecraft player: x=-274.64892653056762 y=63 z=468.7122085978628
2026-10-04T19:35:29 110.573 INF [MC7DTD] Entity state: event=update id=bb103b68-bf1a-4765-967c-d5f8ac30702d type=minecraft:player source=minecraft world=mc-cf4dce40-2be1-372b-b914-917f5dcc644c dimension=minecraft:overworld stream=dcfa83f2-8df6-4a9e-a292-69a93d9e7639 sequence=46 x=-274.64892653056762 y=63 z=468.7122085978628 yaw=89.995193481445313 pitch=19.050060272216797 roll=0
2026-10-04T19:35:29 110.575 INF [MC7DTD] [Presentation] entity=bb103b68-bf1a-4765-967c-d5f8ac30702d renderer=humanoid model=player variant=default scale=1 removed=False
2026-10-04T19:35:29 110.576 INF [MC7DTD] Player proxy updated: id=bb103b68-bf1a-4765-967c-d5f8ac30702d count=1 x=-274.64892653056762 y=63 z=468.7122085978628 thread=1 yaw=89.995193481445313 pitch=19.050060272216797 roll=0
2026-10-04T19:35:30 110.975 INF [MC7DTD] 7DTD entity sent: {"authority":"7dtd","dimension":"7dtd:main","entity_id":"95183d29-9800-4375-a0d3-6030173478e0","entity_type":"7dtd:player","lifecycle":{"event":"update"},"metadata":{},"origin":{"dimension":"7dtd:main","entity_id":"95183d29-9800-4375-a0d3-6030173478e0","game":"7dtd","world_id":"td-0d917a4eff776d999148769266591579674d2c42de6557026893a1902834f11f"},"position":{"space":"7dtd","x":-274.94924926757813,"y":61.079998016357422,"z":461.63272094726563},"rotation":{"pitch":-2.375,"roll":0,"yaw":14.749969482421875},"sequence":60,"source":"7dtd","stream_id":"aba657ef-52b0-48c5-8f0b-78d24fb0e668","type":"entity_state","version":2,"world_id":"td-0d917a4eff776d999148769266591579674d2c42de6557026893a1902834f11f"}
2026-10-04T19:35:30 111.163 INF Time: 1.63m FPS: 205.46 Heap: 2097.6MB Max: 2097.6MB Chunks: 298 CGO: 205 Ply: 1 Zom: 0 Ent: 2 (2) Items: 0 CO: 1 RSS: 4510.3MB
2026-10-04T19:35:30 111.164 INF [MC7DTD] Minecraft player: x=-277.87151675100534 y=63.796735600668704 z=468.7145763964287
2026-10-04T19:35:30 111.166 INF [MC7DTD] Entity state: event=update id=bb103b68-bf1a-4765-967c-d5f8ac30702d type=minecraft:player source=minecraft world=mc-cf4dce40-2be1-372b-b914-917f5dcc644c dimension=minecraft:overworld stream=dcfa83f2-8df6-4a9e-a292-69a93d9e7639 sequence=47 x=-277.87151675100534 y=63.796735600668704 z=468.7145763964287 yaw=89.5451889038086 pitch=18.900060653686523 roll=0
2026-10-04T19:35:30 111.172 INF [MC7DTD] [Presentation] entity=bb103b68-bf1a-4765-967c-d5f8ac30702d renderer=humanoid model=player variant=default scale=1 removed=False
2026-10-04T19:35:30 111.173 INF [MC7DTD] Player proxy updated: id=bb103b68-bf1a-4765-967c-d5f8ac30702d count=1 x=-277.87151675100534 y=63.796735600668704 z=468.7145763964287 thread=1 yaw=89.5451889038086 pitch=18.900060653686523 roll=0
2026-10-04T19:35:30 111.468 INF [MC7DTD] 7DTD entity sent: {"authority":"7dtd","dimension":"7dtd:main","entity_id":"95183d29-9800-4375-a0d3-6030173478e0","entity_type":"7dtd:player","lifecycle":{"event":"update"},"metadata":{},"origin":{"dimension":"7dtd:main","entity_id":"95183d29-9800-4375-a0d3-6030173478e0","game":"7dtd","world_id":"td-0d917a4eff776d999148769266591579674d2c42de6557026893a1902834f11f"},"position":{"space":"7dtd","x":-274.94924926757813,"y":61.079998016357422,"z":461.63272094726563},"rotation":{"pitch":-2.375,"roll":0,"yaw":14.749969482421875},"sequence":61,"source":"7dtd","stream_id":"aba657ef-52b0-48c5-8f0b-78d24fb0e668","type":"entity_state","version":2,"world_id":"td-0d917a4eff776d999148769266591579674d2c42de6557026893a1902834f11f"}
2026-10-04T19:35:30 111.668 INF [MC7DTD] Minecraft player: x=-278.80995446127895 y=63 z=468.71491235055066
2026-10-04T19:35:30 111.669 INF [MC7DTD] Entity state: event=update id=bb103b68-bf1a-4765-967c-d5f8ac30702d type=minecraft:player source=minecraft world=mc-cf4dce40-2be1-372b-b914-917f5dcc644c dimension=minecraft:overworld stream=dcfa83f2-8df6-4a9e-a292-69a93d9e7639 sequence=48 x=-278.80995446127895 y=63 z=468.71491235055066 yaw=353.5451831817627 pitch=22.200052261352539 roll=0
2026-10-04T19:35:30 111.673 INF [MC7DTD] [Presentation] entity=bb103b68-bf1a-4765-967c-d5f8ac30702d renderer=humanoid model=player variant=default scale=1 removed=False
2026-10-04T19:35:30 111.674 INF [MC7DTD] Player proxy updated: id=bb103b68-bf1a-4765-967c-d5f8ac30702d count=1 x=-278.80995446127895 y=63 z=468.71491235055066 thread=1 yaw=353.5451831817627 pitch=22.200052261352539 roll=0
2026-10-04T19:35:31 111.971 INF [MC7DTD] 7DTD entity sent: {"authority":"7dtd","dimension":"7dtd:main","entity_id":"95183d29-9800-4375-a0d3-6030173478e0","entity_type":"7dtd:player","lifecycle":{"event":"update"},"metadata":{},"origin":{"dimension":"7dtd:main","entity_id":"95183d29-9800-4375-a0d3-6030173478e0","game":"7dtd","world_id":"td-0d917a4eff776d999148769266591579674d2c42de6557026893a1902834f11f"},"position":{"space":"7dtd","x":-274.94924926757813,"y":61.079998016357422,"z":461.63272094726563},"rotation":{"pitch":-2.375,"roll":0,"yaw":14.749969482421875},"sequence":62,"source":"7dtd","stream_id":"aba657ef-52b0-48c5-8f0b-78d24fb0e668","type":"entity_state","version":2,"world_id":"td-0d917a4eff776d999148769266591579674d2c42de6557026893a1902834f11f"}
2026-10-04T19:35:31 112.172 INF [MC7DTD] Minecraft player: x=-278.80995446127895 y=63 z=468.71491235055066
2026-10-04T19:35:31 112.174 INF [MC7DTD] Entity state: event=update id=bb103b68-bf1a-4765-967c-d5f8ac30702d type=minecraft:player source=minecraft world=mc-cf4dce40-2be1-372b-b914-917f5dcc644c dimension=minecraft:overworld stream=dcfa83f2-8df6-4a9e-a292-69a93d9e7639 sequence=49 x=-278.80995446127895 y=63 z=468.71491235055066 yaw=299.84519195556641 pitch=23.250049591064453 roll=0
2026-10-04T19:35:31 112.175 INF [MC7DTD] [Presentation] entity=bb103b68-bf1a-4765-967c-d5f8ac30702d renderer=humanoid model=player variant=default scale=1 removed=False
2026-10-04T19:35:31 112.176 INF [MC7DTD] Player proxy updated: id=bb103b68-bf1a-4765-967c-d5f8ac30702d count=1 x=-278.80995446127895 y=63 z=468.71491235055066 thread=1 yaw=299.84519195556641 pitch=23.250049591064453 roll=0
2026-10-04T19:35:31 112.475 INF [MC7DTD] 7DTD entity sent: {"authority":"7dtd","dimension":"7dtd:main","entity_id":"95183d29-9800-4375-a0d3-6030173478e0","entity_type":"7dtd:player","lifecycle":{"event":"update"},"metadata":{},"origin":{"dimension":"7dtd:main","entity_id":"95183d29-9800-4375-a0d3-6030173478e0","game":"7dtd","world_id":"td-0d917a4eff776d999148769266591579674d2c42de6557026893a1902834f11f"},"position":{"space":"7dtd","x":-274.94924926757813,"y":61.079998016357422,"z":461.63272094726563},"rotation":{"pitch":-2.375,"roll":0,"yaw":14.749969482421875},"sequence":63,"source":"7dtd","stream_id":"aba657ef-52b0-48c5-8f0b-78d24fb0e668","type":"entity_state","version":2,"world_id":"td-0d917a4eff776d999148769266591579674d2c42de6557026893a1902834f11f"}
2026-10-04T19:35:31 112.719 INF [MC7DTD] Minecraft player: x=-278.38349537972863 y=63 z=468.658162365291
2026-10-04T19:35:31 112.721 INF [MC7DTD] Entity state: event=update id=bb103b68-bf1a-4765-967c-d5f8ac30702d type=minecraft:player source=minecraft world=mc-cf4dce40-2be1-372b-b914-917f5dcc644c dimension=minecraft:overworld stream=dcfa83f2-8df6-4a9e-a292-69a93d9e7639 sequence=50 x=-278.38349537972863 y=63 z=468.658162365291 yaw=262.79520416259766 pitch=18.000055313110352 roll=0
2026-10-04T19:35:31 112.723 INF [MC7DTD] [Presentation] entity=bb103b68-bf1a-4765-967c-d5f8ac30702d renderer=humanoid model=player variant=default scale=1 removed=False
2026-10-04T19:35:31 112.724 INF [MC7DTD] Player proxy updated: id=bb103b68-bf1a-4765-967c-d5f8ac30702d count=1 x=-278.38349537972863 y=63 z=468.658162365291 thread=1 yaw=262.79520416259766 pitch=18.000055313110352 roll=0
2026-10-04T19:35:32 113.023 INF [MC7DTD] 7DTD entity sent: {"authority":"7dtd","dimension":"7dtd:main","entity_id":"95183d29-9800-4375-a0d3-6030173478e0","entity_type":"7dtd:player","lifecycle":{"event":"update"},"metadata":{},"origin":{"dimension":"7dtd:main","entity_id":"95183d29-9800-4375-a0d3-6030173478e0","game":"7dtd","world_id":"td-0d917a4eff776d999148769266591579674d2c42de6557026893a1902834f11f"},"position":{"space":"7dtd","x":-274.94924926757813,"y":61.079998016357422,"z":461.63272094726563},"rotation":{"pitch":-2.375,"roll":0,"yaw":14.749969482421875},"sequence":64,"source":"7dtd","stream_id":"aba657ef-52b0-48c5-8f0b-78d24fb0e668","type":"entity_state","version":2,"world_id":"td-0d917a4eff776d999148769266591579674d2c42de6557026893a1902834f11f"}
2026-10-04T19:35:32 113.222 INF [MC7DTD] Minecraft player: x=-276.53195615478052 y=63 z=467.89193333893371
2026-10-04T19:35:32 113.225 INF [MC7DTD] Entity state: event=update id=bb103b68-bf1a-4765-967c-d5f8ac30702d type=minecraft:player source=minecraft world=mc-cf4dce40-2be1-372b-b914-917f5dcc644c dimension=minecraft:overworld stream=dcfa83f2-8df6-4a9e-a292-69a93d9e7639 sequence=51 x=-276.53195615478052 y=63 z=467.89193333893371 yaw=340.64522933959961 pitch=19.200052261352539 roll=0
2026-10-04T19:35:32 113.226 INF [MC7DTD] [Presentation] entity=bb103b68-bf1a-4765-967c-d5f8ac30702d renderer=humanoid model=player variant=default scale=1 removed=False
2026-10-04T19:35:32 113.227 INF [MC7DTD] Player proxy updated: id=bb103b68-bf1a-4765-967c-d5f8ac30702d count=1 x=-276.53195615478052 y=63 z=467.89193333893371 thread=1 yaw=340.64522933959961 pitch=19.200052261352539 roll=0
2026-10-04T19:35:32 113.527 INF [MC7DTD] 7DTD entity sent: {"authority":"7dtd","dimension":"7dtd:main","entity_id":"95183d29-9800-4375-a0d3-6030173478e0","entity_type":"7dtd:player","lifecycle":{"event":"update"},"metadata":{},"origin":{"dimension":"7dtd:main","entity_id":"95183d29-9800-4375-a0d3-6030173478e0","game":"7dtd","world_id":"td-0d917a4eff776d999148769266591579674d2c42de6557026893a1902834f11f"},"position":{"space":"7dtd","x":-274.94924926757813,"y":61.079998016357422,"z":461.63272094726563},"rotation":{"pitch":-2.375,"roll":0,"yaw":14.749969482421875},"sequence":65,"source":"7dtd","stream_id":"aba657ef-52b0-48c5-8f0b-78d24fb0e668","type":"entity_state","version":2,"world_id":"td-0d917a4eff776d999148769266591579674d2c42de6557026893a1902834f11f"}
2026-10-04T19:35:32 113.772 INF [MC7DTD] Minecraft player: x=-275.87179547028836 y=63 z=467.73466346000345
2026-10-04T19:35:32 113.773 INF [MC7DTD] Entity state: event=update id=bb103b68-bf1a-4765-967c-d5f8ac30702d type=minecraft:player source=minecraft world=mc-cf4dce40-2be1-372b-b914-917f5dcc644c dimension=minecraft:overworld stream=dcfa83f2-8df6-4a9e-a292-69a93d9e7639 sequence=52 x=-275.87179547028836 y=63 z=467.73466346000345 yaw=350.99522304534912 pitch=15.75006103515625 roll=0
2026-10-04T19:35:32 113.775 INF [MC7DTD] [Presentation] entity=bb103b68-bf1a-4765-967c-d5f8ac30702d renderer=humanoid model=player variant=default scale=1 removed=False
2026-10-04T19:35:32 113.776 INF [MC7DTD] Player proxy updated: id=bb103b68-bf1a-4765-967c-d5f8ac30702d count=1 x=-275.87179547028836 y=63 z=467.73466346000345 thread=1 yaw=350.99522304534912 pitch=15.75006103515625 roll=0
2026-10-04T19:35:33 113.975 INF [MC7DTD] 7DTD entity sent: {"authority":"7dtd","dimension":"7dtd:main","entity_id":"95183d29-9800-4375-a0d3-6030173478e0","entity_type":"7dtd:player","lifecycle":{"event":"update"},"metadata":{},"origin":{"dimension":"7dtd:main","entity_id":"95183d29-9800-4375-a0d3-6030173478e0","game":"7dtd","world_id":"td-0d917a4eff776d999148769266591579674d2c42de6557026893a1902834f11f"},"position":{"space":"7dtd","x":-274.94924926757813,"y":61.079998016357422,"z":461.63272094726563},"rotation":{"pitch":-2.375,"roll":0,"yaw":14.749969482421875},"sequence":66,"source":"7dtd","stream_id":"aba657ef-52b0-48c5-8f0b-78d24fb0e668","type":"entity_state","version":2,"world_id":"td-0d917a4eff776d999148769266591579674d2c42de6557026893a1902834f11f"}
2026-10-04T19:35:33 114.274 INF [MC7DTD] Minecraft player: x=-275.87179547028836 y=63 z=467.73466346000345
2026-10-04T19:35:33 114.276 INF [MC7DTD] Entity state: event=update id=bb103b68-bf1a-4765-967c-d5f8ac30702d type=minecraft:player source=minecraft world=mc-cf4dce40-2be1-372b-b914-917f5dcc644c dimension=minecraft:overworld stream=dcfa83f2-8df6-4a9e-a292-69a93d9e7639 sequence=53 x=-275.87179547028836 y=63 z=467.73466346000345 yaw=350.69522094726563 pitch=9.3000640869140625 roll=0
2026-10-04T19:35:33 114.282 INF [MC7DTD] [Presentation] entity=bb103b68-bf1a-4765-967c-d5f8ac30702d renderer=humanoid model=player variant=default scale=1 removed=False
2026-10-04T19:35:33 114.283 INF [MC7DTD] Player proxy updated: id=bb103b68-bf1a-4765-967c-d5f8ac30702d count=1 x=-275.87179547028836 y=63 z=467.73466346000345 thread=1 yaw=350.69522094726563 pitch=9.3000640869140625 roll=0
2026-10-04T19:35:33 114.477 INF [MC7DTD] 7DTD entity sent: {"authority":"7dtd","dimension":"7dtd:main","entity_id":"95183d29-9800-4375-a0d3-6030173478e0","entity_type":"7dtd:player","lifecycle":{"event":"update"},"metadata":{},"origin":{"dimension":"7dtd:main","entity_id":"95183d29-9800-4375-a0d3-6030173478e0","game":"7dtd","world_id":"td-0d917a4eff776d999148769266591579674d2c42de6557026893a1902834f11f"},"position":{"space":"7dtd","x":-274.94924926757813,"y":61.079998016357422,"z":461.63272094726563},"rotation":{"pitch":-2.375,"roll":0,"yaw":14.749969482421875},"sequence":67,"source":"7dtd","stream_id":"aba657ef-52b0-48c5-8f0b-78d24fb0e668","type":"entity_state","version":2,"world_id":"td-0d917a4eff776d999148769266591579674d2c42de6557026893a1902834f11f"}
2026-10-04T19:35:33 114.821 INF [MC7DTD] Minecraft player: x=-275.87179547028836 y=63 z=467.73466346000345
2026-10-04T19:35:33 114.823 INF [MC7DTD] Entity state: event=update id=bb103b68-bf1a-4765-967c-d5f8ac30702d type=minecraft:player source=minecraft world=mc-cf4dce40-2be1-372b-b914-917f5dcc644c dimension=minecraft:overworld stream=dcfa83f2-8df6-4a9e-a292-69a93d9e7639 sequence=54 x=-275.87179547028836 y=63 z=467.73466346000345 yaw=280.94521331787109 pitch=8.4000644683837891 roll=0
2026-10-04T19:35:33 114.825 INF [MC7DTD] [Presentation] entity=bb103b68-bf1a-4765-967c-d5f8ac30702d renderer=humanoid model=player variant=default scale=1 removed=False
2026-10-04T19:35:33 114.826 INF [MC7DTD] Player proxy updated: id=bb103b68-bf1a-4765-967c-d5f8ac30702d count=1 x=-275.87179547028836 y=63 z=467.73466346000345 thread=1 yaw=280.94521331787109 pitch=8.4000644683837891 roll=0
2026-10-04T19:35:34 115.025 INF [MC7DTD] 7DTD entity sent: {"authority":"7dtd","dimension":"7dtd:main","entity_id":"95183d29-9800-4375-a0d3-6030173478e0","entity_type":"7dtd:player","lifecycle":{"event":"update"},"metadata":{},"origin":{"dimension":"7dtd:main","entity_id":"95183d29-9800-4375-a0d3-6030173478e0","game":"7dtd","world_id":"td-0d917a4eff776d999148769266591579674d2c42de6557026893a1902834f11f"},"position":{"space":"7dtd","x":-274.94924926757813,"y":61.079998016357422,"z":461.63272094726563},"rotation":{"pitch":-2.375,"roll":0,"yaw":14.749969482421875},"sequence":68,"source":"7dtd","stream_id":"aba657ef-52b0-48c5-8f0b-78d24fb0e668","type":"entity_state","version":2,"world_id":"td-0d917a4eff776d999148769266591579674d2c42de6557026893a1902834f11f"}
2026-10-04T19:35:34 115.323 INF [MC7DTD] Minecraft player: x=-275.87179547028836 y=63 z=467.73466346000345
2026-10-04T19:35:34 115.325 INF [MC7DTD] Entity state: event=update id=bb103b68-bf1a-4765-967c-d5f8ac30702d type=minecraft:player source=minecraft world=mc-cf4dce40-2be1-372b-b914-917f5dcc644c dimension=minecraft:overworld stream=dcfa83f2-8df6-4a9e-a292-69a93d9e7639 sequence=55 x=-275.87179547028836 y=63 z=467.73466346000345 yaw=280.94521331787109 pitch=8.4000644683837891 roll=0
2026-10-04T19:35:34 115.330 INF [MC7DTD] [Presentation] entity=bb103b68-bf1a-4765-967c-d5f8ac30702d renderer=humanoid model=player variant=default scale=1 removed=False
2026-10-04T19:35:34 115.331 INF [MC7DTD] Player proxy updated: id=bb103b68-bf1a-4765-967c-d5f8ac30702d count=1 x=-275.87179547028836 y=63 z=467.73466346000345 thread=1 yaw=280.94521331787109 pitch=8.4000644683837891 roll=0
2026-10-04T19:35:34 115.527 INF [MC7DTD] 7DTD entity sent: {"authority":"7dtd","dimension":"7dtd:main","entity_id":"95183d29-9800-4375-a0d3-6030173478e0","entity_type":"7dtd:player","lifecycle":{"event":"update"},"metadata":{},"origin":{"dimension":"7dtd:main","entity_id":"95183d29-9800-4375-a0d3-6030173478e0","game":"7dtd","world_id":"td-0d917a4eff776d999148769266591579674d2c42de6557026893a1902834f11f"},"position":{"space":"7dtd","x":-274.94924926757813,"y":61.079998016357422,"z":461.63272094726563},"rotation":{"pitch":-2.375,"roll":0,"yaw":14.749969482421875},"sequence":69,"source":"7dtd","stream_id":"aba657ef-52b0-48c5-8f0b-78d24fb0e668","type":"entity_state","version":2,"world_id":"td-0d917a4eff776d999148769266591579674d2c42de6557026893a1902834f11f"}
2026-10-04T19:35:35 115.865 INF [MC7DTD] Minecraft player: x=-275.87179547028836 y=63 z=467.73466346000345
2026-10-04T19:35:35 115.866 INF [MC7DTD] Entity state: event=update id=bb103b68-bf1a-4765-967c-d5f8ac30702d type=minecraft:player source=minecraft world=mc-cf4dce40-2be1-372b-b914-917f5dcc644c dimension=minecraft:overworld stream=dcfa83f2-8df6-4a9e-a292-69a93d9e7639 sequence=56 x=-275.87179547028836 y=63 z=467.73466346000345 yaw=283.4952392578125 pitch=10.95006275177002 roll=0
2026-10-04T19:35:35 115.868 INF [MC7DTD] [Presentation] entity=bb103b68-bf1a-4765-967c-d5f8ac30702d renderer=humanoid model=player variant=default scale=1 removed=False
2026-10-04T19:35:35 115.869 INF [MC7DTD] Player proxy updated: id=bb103b68-bf1a-4765-967c-d5f8ac30702d count=1 x=-275.87179547028836 y=63 z=467.73466346000345 thread=1 yaw=283.4952392578125 pitch=10.95006275177002 roll=0
2026-10-04T19:35:35 116.068 INF [MC7DTD] 7DTD entity sent: {"authority":"7dtd","dimension":"7dtd:main","entity_id":"95183d29-9800-4375-a0d3-6030173478e0","entity_type":"7dtd:player","lifecycle":{"event":"update"},"metadata":{},"origin":{"dimension":"7dtd:main","entity_id":"95183d29-9800-4375-a0d3-6030173478e0","game":"7dtd","world_id":"td-0d917a4eff776d999148769266591579674d2c42de6557026893a1902834f11f"},"position":{"space":"7dtd","x":-274.94924926757813,"y":61.079998016357422,"z":461.63272094726563},"rotation":{"pitch":-2.375,"roll":0,"yaw":14.749969482421875},"sequence":70,"source":"7dtd","stream_id":"aba657ef-52b0-48c5-8f0b-78d24fb0e668","type":"entity_state","version":2,"world_id":"td-0d917a4eff776d999148769266591579674d2c42de6557026893a1902834f11f"}
2026-10-04T19:35:35 116.369 INF [MC7DTD] Minecraft player: x=-275.87179547028836 y=63 z=467.73466346000345
2026-10-04T19:35:35 116.371 INF [MC7DTD] Entity state: event=update id=bb103b68-bf1a-4765-967c-d5f8ac30702d type=minecraft:player source=minecraft world=mc-cf4dce40-2be1-372b-b914-917f5dcc644c dimension=minecraft:overworld stream=dcfa83f2-8df6-4a9e-a292-69a93d9e7639 sequence=57 x=-275.87179547028836 y=63 z=467.73466346000345 yaw=293.24518585205078 pitch=12.750065803527832 roll=0
2026-10-04T19:35:35 116.375 INF [MC7DTD] [Presentation] entity=bb103b68-bf1a-4765-967c-d5f8ac30702d renderer=humanoid model=player variant=default scale=1 removed=False
2026-10-04T19:35:35 116.376 INF [MC7DTD] Player proxy updated: id=bb103b68-bf1a-4765-967c-d5f8ac30702d count=1 x=-275.87179547028836 y=63 z=467.73466346000345 thread=1 yaw=293.24518585205078 pitch=12.750065803527832 roll=0
2026-10-04T19:35:35 116.572 INF [MC7DTD] 7DTD entity sent: {"authority":"7dtd","dimension":"7dtd:main","entity_id":"95183d29-9800-4375-a0d3-6030173478e0","entity_type":"7dtd:player","lifecycle":{"event":"update"},"metadata":{},"origin":{"dimension":"7dtd:main","entity_id":"95183d29-9800-4375-a0d3-6030173478e0","game":"7dtd","world_id":"td-0d917a4eff776d999148769266591579674d2c42de6557026893a1902834f11f"},"position":{"space":"7dtd","x":-274.94924926757813,"y":61.079998016357422,"z":461.63272094726563},"rotation":{"pitch":-2.375,"roll":0,"yaw":14.749969482421875},"sequence":71,"source":"7dtd","stream_id":"aba657ef-52b0-48c5-8f0b-78d24fb0e668","type":"entity_state","version":2,"world_id":"td-0d917a4eff776d999148769266591579674d2c42de6557026893a1902834f11f"}
2026-10-04T19:35:36 116.873 INF [MC7DTD] Minecraft player: x=-275.87179547028836 y=63 z=467.73466346000345
2026-10-04T19:35:36 116.874 INF [MC7DTD] Entity state: event=update id=bb103b68-bf1a-4765-967c-d5f8ac30702d type=minecraft:player source=minecraft world=mc-cf4dce40-2be1-372b-b914-917f5dcc644c dimension=minecraft:overworld stream=dcfa83f2-8df6-4a9e-a292-69a93d9e7639 sequence=58 x=-275.87179547028836 y=63 z=467.73466346000345 yaw=293.24518585205078 pitch=12.300066947937012 roll=0
2026-10-04T19:35:36 116.879 INF [MC7DTD] [Presentation] entity=bb103b68-bf1a-4765-967c-d5f8ac30702d renderer=humanoid model=player variant=default scale=1 removed=False
2026-10-04T19:35:36 116.880 INF [MC7DTD] Player proxy updated: id=bb103b68-bf1a-4765-967c-d5f8ac30702d count=1 x=-275.87179547028836 y=63 z=467.73466346000345 thread=1 yaw=293.24518585205078 pitch=12.300066947937012 roll=0
2026-10-04T19:35:36 117.075 INF [MC7DTD] 7DTD entity sent: {"authority":"7dtd","dimension":"7dtd:main","entity_id":"95183d29-9800-4375-a0d3-6030173478e0","entity_type":"7dtd:player","lifecycle":{"event":"update"},"metadata":{},"origin":{"dimension":"7dtd:main","entity_id":"95183d29-9800-4375-a0d3-6030173478e0","game":"7dtd","world_id":"td-0d917a4eff776d999148769266591579674d2c42de6557026893a1902834f11f"},"position":{"space":"7dtd","x":-274.94924926757813,"y":61.079998016357422,"z":461.63272094726563},"rotation":{"pitch":-2.375,"roll":0,"yaw":14.749969482421875},"sequence":72,"source":"7dtd","stream_id":"aba657ef-52b0-48c5-8f0b-78d24fb0e668","type":"entity_state","version":2,"world_id":"td-0d917a4eff776d999148769266591579674d2c42de6557026893a1902834f11f"}
2026-10-04T19:35:36 117.377 INF [MC7DTD] Minecraft player: x=-275.87179547028836 y=63 z=467.73466346000345
2026-10-04T19:35:36 117.379 INF [MC7DTD] Entity state: event=update id=bb103b68-bf1a-4765-967c-d5f8ac30702d type=minecraft:player source=minecraft world=mc-cf4dce40-2be1-372b-b914-917f5dcc644c dimension=minecraft:overworld stream=dcfa83f2-8df6-4a9e-a292-69a93d9e7639 sequence=59 x=-275.87179547028836 y=63 z=467.73466346000345 yaw=293.24518585205078 pitch=12.150067329406738 roll=0
2026-10-04T19:35:36 117.381 INF [MC7DTD] [Presentation] entity=bb103b68-bf1a-4765-967c-d5f8ac30702d renderer=humanoid model=player variant=default scale=1 removed=False
2026-10-04T19:35:36 117.382 INF [MC7DTD] Player proxy updated: id=bb103b68-bf1a-4765-967c-d5f8ac30702d count=1 x=-275.87179547028836 y=63 z=467.73466346000345 thread=1 yaw=293.24518585205078 pitch=12.150067329406738 roll=0
2026-10-04T19:35:36 117.580 INF [MC7DTD] 7DTD entity sent: {"authority":"7dtd","dimension":"7dtd:main","entity_id":"95183d29-9800-4375-a0d3-6030173478e0","entity_type":"7dtd:player","lifecycle":{"event":"update"},"metadata":{},"origin":{"dimension":"7dtd:main","entity_id":"95183d29-9800-4375-a0d3-6030173478e0","game":"7dtd","world_id":"td-0d917a4eff776d999148769266591579674d2c42de6557026893a1902834f11f"},"position":{"space":"7dtd","x":-274.94924926757813,"y":61.079998016357422,"z":461.63272094726563},"rotation":{"pitch":-2.375,"roll":0,"yaw":14.749969482421875},"sequence":73,"source":"7dtd","stream_id":"aba657ef-52b0-48c5-8f0b-78d24fb0e668","type":"entity_state","version":2,"world_id":"td-0d917a4eff776d999148769266591579674d2c42de6557026893a1902834f11f"}
2026-10-04T19:35:37 117.921 INF [MC7DTD] Minecraft player: x=-275.87179547028836 y=63 z=467.73466346000345
2026-10-04T19:35:37 117.922 INF [MC7DTD] Entity state: event=update id=bb103b68-bf1a-4765-967c-d5f8ac30702d type=minecraft:player source=minecraft world=mc-cf4dce40-2be1-372b-b914-917f5dcc644c dimension=minecraft:overworld stream=dcfa83f2-8df6-4a9e-a292-69a93d9e7639 sequence=60 x=-275.87179547028836 y=63 z=467.73466346000345 yaw=293.24518585205078 pitch=12.150067329406738 roll=0
2026-10-04T19:35:37 117.926 INF [MC7DTD] [Presentation] entity=bb103b68-bf1a-4765-967c-d5f8ac30702d renderer=humanoid model=player variant=default scale=1 removed=False
2026-10-04T19:35:37 117.927 INF [MC7DTD] Player proxy updated: id=bb103b68-bf1a-4765-967c-d5f8ac30702d count=1 x=-275.87179547028836 y=63 z=467.73466346000345 thread=1 yaw=293.24518585205078 pitch=12.150067329406738 roll=0
2026-10-04T19:35:37 118.024 INF [MC7DTD] 7DTD entity sent: {"authority":"7dtd","dimension":"7dtd:main","entity_id":"95183d29-9800-4375-a0d3-6030173478e0","entity_type":"7dtd:player","lifecycle":{"event":"update"},"metadata":{},"origin":{"dimension":"7dtd:main","entity_id":"95183d29-9800-4375-a0d3-6030173478e0","game":"7dtd","world_id":"td-0d917a4eff776d999148769266591579674d2c42de6557026893a1902834f11f"},"position":{"space":"7dtd","x":-274.94924926757813,"y":61.079998016357422,"z":461.63272094726563},"rotation":{"pitch":-2.375,"roll":0,"yaw":14.749969482421875},"sequence":74,"source":"7dtd","stream_id":"aba657ef-52b0-48c5-8f0b-78d24fb0e668","type":"entity_state","version":2,"world_id":"td-0d917a4eff776d999148769266591579674d2c42de6557026893a1902834f11f"}
2026-10-04T19:35:37 118.469 INF [MC7DTD] Minecraft player: x=-275.87179547028836 y=63 z=467.73466346000345
2026-10-04T19:35:37 118.471 INF [MC7DTD] Entity state: event=update id=bb103b68-bf1a-4765-967c-d5f8ac30702d type=minecraft:player source=minecraft world=mc-cf4dce40-2be1-372b-b914-917f5dcc644c dimension=minecraft:overworld stream=dcfa83f2-8df6-4a9e-a292-69a93d9e7639 sequence=61 x=-275.87179547028836 y=63 z=467.73466346000345 yaw=293.24518585205078 pitch=12.150067329406738 roll=0
2026-10-04T19:35:37 118.476 INF [MC7DTD] [Presentation] entity=bb103b68-bf1a-4765-967c-d5f8ac30702d renderer=humanoid model=player variant=default scale=1 removed=False
2026-10-04T19:35:37 118.477 INF [MC7DTD] Player proxy updated: id=bb103b68-bf1a-4765-967c-d5f8ac30702d count=1 x=-275.87179547028836 y=63 z=467.73466346000345 thread=1 yaw=293.24518585205078 pitch=12.150067329406738 roll=0
2026-10-04T19:35:37 118.573 INF [MC7DTD] 7DTD entity sent: {"authority":"7dtd","dimension":"7dtd:main","entity_id":"95183d29-9800-4375-a0d3-6030173478e0","entity_type":"7dtd:player","lifecycle":{"event":"update"},"metadata":{},"origin":{"dimension":"7dtd:main","entity_id":"95183d29-9800-4375-a0d3-6030173478e0","game":"7dtd","world_id":"td-0d917a4eff776d999148769266591579674d2c42de6557026893a1902834f11f"},"position":{"space":"7dtd","x":-274.94924926757813,"y":61.079998016357422,"z":461.63272094726563},"rotation":{"pitch":-2.375,"roll":0,"yaw":14.749969482421875},"sequence":75,"source":"7dtd","stream_id":"aba657ef-52b0-48c5-8f0b-78d24fb0e668","type":"entity_state","version":2,"world_id":"td-0d917a4eff776d999148769266591579674d2c42de6557026893a1902834f11f"}
2026-10-04T19:35:38 118.971 INF [MC7DTD] Minecraft player: x=-275.87179547028836 y=63 z=467.73466346000345
2026-10-04T19:35:38 118.973 INF [MC7DTD] Entity state: event=update id=bb103b68-bf1a-4765-967c-d5f8ac30702d type=minecraft:player source=minecraft world=mc-cf4dce40-2be1-372b-b914-917f5dcc644c dimension=minecraft:overworld stream=dcfa83f2-8df6-4a9e-a292-69a93d9e7639 sequence=62 x=-275.87179547028836 y=63 z=467.73466346000345 yaw=293.24518585205078 pitch=12.150067329406738 roll=0
2026-10-04T19:35:38 118.977 INF [MC7DTD] [Presentation] entity=bb103b68-bf1a-4765-967c-d5f8ac30702d renderer=humanoid model=player variant=default scale=1 removed=False
2026-10-04T19:35:38 118.977 INF [MC7DTD] Player proxy updated: id=bb103b68-bf1a-4765-967c-d5f8ac30702d count=1 x=-275.87179547028836 y=63 z=467.73466346000345 thread=1 yaw=293.24518585205078 pitch=12.150067329406738 roll=0
2026-10-04T19:35:38 119.074 INF [MC7DTD] 7DTD entity sent: {"authority":"7dtd","dimension":"7dtd:main","entity_id":"95183d29-9800-4375-a0d3-6030173478e0","entity_type":"7dtd:player","lifecycle":{"event":"update"},"metadata":{},"origin":{"dimension":"7dtd:main","entity_id":"95183d29-9800-4375-a0d3-6030173478e0","game":"7dtd","world_id":"td-0d917a4eff776d999148769266591579674d2c42de6557026893a1902834f11f"},"position":{"space":"7dtd","x":-274.94924926757813,"y":61.079998016357422,"z":461.63272094726563},"rotation":{"pitch":-2.375,"roll":0,"yaw":14.749969482421875},"sequence":76,"source":"7dtd","stream_id":"aba657ef-52b0-48c5-8f0b-78d24fb0e668","type":"entity_state","version":2,"world_id":"td-0d917a4eff776d999148769266591579674d2c42de6557026893a1902834f11f"}
2026-10-04T19:35:38 119.518 INF [MC7DTD] Minecraft player: x=-275.87179547028836 y=63 z=467.73466346000345
2026-10-04T19:35:38 119.519 INF [MC7DTD] 7DTD entity sent: {"authority":"7dtd","dimension":"7dtd:main","entity_id":"95183d29-9800-4375-a0d3-6030173478e0","entity_type":"7dtd:player","lifecycle":{"event":"update"},"metadata":{},"origin":{"dimension":"7dtd:main","entity_id":"95183d29-9800-4375-a0d3-6030173478e0","game":"7dtd","world_id":"td-0d917a4eff776d999148769266591579674d2c42de6557026893a1902834f11f"},"position":{"space":"7dtd","x":-274.94924926757813,"y":61.079998016357422,"z":461.63272094726563},"rotation":{"pitch":-2.375,"roll":0,"yaw":14.749969482421875},"sequence":77,"source":"7dtd","stream_id":"aba657ef-52b0-48c5-8f0b-78d24fb0e668","type":"entity_state","version":2,"world_id":"td-0d917a4eff776d999148769266591579674d2c42de6557026893a1902834f11f"}
2026-10-04T19:35:38 119.520 INF [MC7DTD] Entity state: event=update id=bb103b68-bf1a-4765-967c-d5f8ac30702d type=minecraft:player source=minecraft world=mc-cf4dce40-2be1-372b-b914-917f5dcc644c dimension=minecraft:overworld stream=dcfa83f2-8df6-4a9e-a292-69a93d9e7639 sequence=63 x=-275.87179547028836 y=63 z=467.73466346000345 yaw=293.24518585205078 pitch=12.150067329406738 roll=0
2026-10-04T19:35:38 119.523 INF [MC7DTD] [Presentation] entity=bb103b68-bf1a-4765-967c-d5f8ac30702d renderer=humanoid model=player variant=default scale=1 removed=False
2026-10-04T19:35:38 119.523 INF [MC7DTD] Player proxy updated: id=bb103b68-bf1a-4765-967c-d5f8ac30702d count=1 x=-275.87179547028836 y=63 z=467.73466346000345 thread=1 yaw=293.24518585205078 pitch=12.150067329406738 roll=0
2026-10-04T19:35:39 120.023 INF [MC7DTD] 7DTD entity sent: {"authority":"7dtd","dimension":"7dtd:main","entity_id":"95183d29-9800-4375-a0d3-6030173478e0","entity_type":"7dtd:player","lifecycle":{"event":"update"},"metadata":{},"origin":{"dimension":"7dtd:main","entity_id":"95183d29-9800-4375-a0d3-6030173478e0","game":"7dtd","world_id":"td-0d917a4eff776d999148769266591579674d2c42de6557026893a1902834f11f"},"position":{"space":"7dtd","x":-274.94924926757813,"y":61.079998016357422,"z":461.63272094726563},"rotation":{"pitch":-2.375,"roll":0,"yaw":14.749969482421875},"sequence":78,"source":"7dtd","stream_id":"aba657ef-52b0-48c5-8f0b-78d24fb0e668","type":"entity_state","version":2,"world_id":"td-0d917a4eff776d999148769266591579674d2c42de6557026893a1902834f11f"}
2026-10-04T19:35:39 120.069 INF [MC7DTD] Minecraft player: x=-275.87179547028836 y=63 z=467.73466346000345
2026-10-04T19:35:39 120.071 INF [MC7DTD] Entity state: event=update id=bb103b68-bf1a-4765-967c-d5f8ac30702d type=minecraft:player source=minecraft world=mc-cf4dce40-2be1-372b-b914-917f5dcc644c dimension=minecraft:overworld stream=dcfa83f2-8df6-4a9e-a292-69a93d9e7639 sequence=64 x=-275.87179547028836 y=63 z=467.73466346000345 yaw=293.24518585205078 pitch=12.150067329406738 roll=0
2026-10-04T19:35:39 120.071 INF [MC7DTD] [Presentation] entity=bb103b68-bf1a-4765-967c-d5f8ac30702d renderer=humanoid model=player variant=default scale=1 removed=False
2026-10-04T19:35:39 120.072 INF [MC7DTD] Player proxy updated: id=bb103b68-bf1a-4765-967c-d5f8ac30702d count=1 x=-275.87179547028836 y=63 z=467.73466346000345 thread=1 yaw=293.24518585205078 pitch=12.150067329406738 roll=0
2026-10-04T19:35:39 120.574 INF [MC7DTD] 7DTD entity sent: {"authority":"7dtd","dimension":"7dtd:main","entity_id":"95183d29-9800-4375-a0d3-6030173478e0","entity_type":"7dtd:player","lifecycle":{"event":"update"},"metadata":{},"origin":{"dimension":"7dtd:main","entity_id":"95183d29-9800-4375-a0d3-6030173478e0","game":"7dtd","world_id":"td-0d917a4eff776d999148769266591579674d2c42de6557026893a1902834f11f"},"position":{"space":"7dtd","x":-274.94924926757813,"y":61.079998016357422,"z":461.63272094726563},"rotation":{"pitch":-2.375,"roll":0,"yaw":14.749969482421875},"sequence":79,"source":"7dtd","stream_id":"aba657ef-52b0-48c5-8f0b-78d24fb0e668","type":"entity_state","version":2,"world_id":"td-0d917a4eff776d999148769266591579674d2c42de6557026893a1902834f11f"}
2026-10-04T19:35:39 120.618 INF [MC7DTD] Minecraft player: x=-275.87179547028836 y=63 z=467.73466346000345
2026-10-04T19:35:39 120.619 INF [MC7DTD] Entity state: event=update id=bb103b68-bf1a-4765-967c-d5f8ac30702d type=minecraft:player source=minecraft world=mc-cf4dce40-2be1-372b-b914-917f5dcc644c dimension=minecraft:overworld stream=dcfa83f2-8df6-4a9e-a292-69a93d9e7639 sequence=65 x=-275.87179547028836 y=63 z=467.73466346000345 yaw=293.24518585205078 pitch=12.150067329406738 roll=0
2026-10-04T19:35:39 120.620 INF [MC7DTD] [Presentation] entity=bb103b68-bf1a-4765-967c-d5f8ac30702d renderer=humanoid model=player variant=default scale=1 removed=False
2026-10-04T19:35:39 120.621 INF [MC7DTD] Player proxy updated: id=bb103b68-bf1a-4765-967c-d5f8ac30702d count=1 x=-275.87179547028836 y=63 z=467.73466346000345 thread=1 yaw=293.24518585205078 pitch=12.150067329406738 roll=0
2026-10-04T19:35:40 121.021 INF [MC7DTD] 7DTD entity sent: {"authority":"7dtd","dimension":"7dtd:main","entity_id":"95183d29-9800-4375-a0d3-6030173478e0","entity_type":"7dtd:player","lifecycle":{"event":"update"},"metadata":{},"origin":{"dimension":"7dtd:main","entity_id":"95183d29-9800-4375-a0d3-6030173478e0","game":"7dtd","world_id":"td-0d917a4eff776d999148769266591579674d2c42de6557026893a1902834f11f"},"position":{"space":"7dtd","x":-274.94924926757813,"y":61.079998016357422,"z":461.63272094726563},"rotation":{"pitch":-2.375,"roll":0,"yaw":14.749969482421875},"sequence":80,"source":"7dtd","stream_id":"aba657ef-52b0-48c5-8f0b-78d24fb0e668","type":"entity_state","version":2,"world_id":"td-0d917a4eff776d999148769266591579674d2c42de6557026893a1902834f11f"}
2026-10-04T19:35:40 121.121 INF [MC7DTD] Minecraft player: x=-275.87179547028836 y=63 z=467.73466346000345
2026-10-04T19:35:40 121.123 INF [MC7DTD] Entity state: event=update id=bb103b68-bf1a-4765-967c-d5f8ac30702d type=minecraft:player source=minecraft world=mc-cf4dce40-2be1-372b-b914-917f5dcc644c dimension=minecraft:overworld stream=dcfa83f2-8df6-4a9e-a292-69a93d9e7639 sequence=66 x=-275.87179547028836 y=63 z=467.73466346000345 yaw=293.24518585205078 pitch=12.150067329406738 roll=0
2026-10-04T19:35:40 121.127 INF [MC7DTD] [Presentation] entity=bb103b68-bf1a-4765-967c-d5f8ac30702d renderer=humanoid model=player variant=default scale=1 removed=False
2026-10-04T19:35:40 121.128 INF [MC7DTD] Player proxy updated: id=bb103b68-bf1a-4765-967c-d5f8ac30702d count=1 x=-275.87179547028836 y=63 z=467.73466346000345 thread=1 yaw=293.24518585205078 pitch=12.150067329406738 roll=0
2026-10-04T19:35:40 121.524 INF [MC7DTD] 7DTD entity sent: {"authority":"7dtd","dimension":"7dtd:main","entity_id":"95183d29-9800-4375-a0d3-6030173478e0","entity_type":"7dtd:player","lifecycle":{"event":"update"},"metadata":{},"origin":{"dimension":"7dtd:main","entity_id":"95183d29-9800-4375-a0d3-6030173478e0","game":"7dtd","world_id":"td-0d917a4eff776d999148769266591579674d2c42de6557026893a1902834f11f"},"position":{"space":"7dtd","x":-274.94924926757813,"y":61.079998016357422,"z":461.63272094726563},"rotation":{"pitch":-2.375,"roll":0,"yaw":14.749969482421875},"sequence":81,"source":"7dtd","stream_id":"aba657ef-52b0-48c5-8f0b-78d24fb0e668","type":"entity_state","version":2,"world_id":"td-0d917a4eff776d999148769266591579674d2c42de6557026893a1902834f11f"}
2026-10-04T19:35:40 121.672 INF [MC7DTD] Minecraft player: x=-275.87179547028836 y=63 z=467.73466346000345
2026-10-04T19:35:40 121.675 INF [MC7DTD] Entity state: event=update id=bb103b68-bf1a-4765-967c-d5f8ac30702d type=minecraft:player source=minecraft world=mc-cf4dce40-2be1-372b-b914-917f5dcc644c dimension=minecraft:overworld stream=dcfa83f2-8df6-4a9e-a292-69a93d9e7639 sequence=67 x=-275.87179547028836 y=63 z=467.73466346000345 yaw=293.24518585205078 pitch=12.150067329406738 roll=0
2026-10-04T19:35:40 121.679 INF [MC7DTD] [Presentation] entity=bb103b68-bf1a-4765-967c-d5f8ac30702d renderer=humanoid model=player variant=default scale=1 removed=False
2026-10-04T19:35:40 121.680 INF [MC7DTD] Player proxy updated: id=bb103b68-bf1a-4765-967c-d5f8ac30702d count=1 x=-275.87179547028836 y=63 z=467.73466346000345 thread=1 yaw=293.24518585205078 pitch=12.150067329406738 roll=0
2026-10-04T19:35:41 122.076 INF [MC7DTD] 7DTD entity sent: {"authority":"7dtd","dimension":"7dtd:main","entity_id":"95183d29-9800-4375-a0d3-6030173478e0","entity_type":"7dtd:player","lifecycle":{"event":"update"},"metadata":{},"origin":{"dimension":"7dtd:main","entity_id":"95183d29-9800-4375-a0d3-6030173478e0","game":"7dtd","world_id":"td-0d917a4eff776d999148769266591579674d2c42de6557026893a1902834f11f"},"position":{"space":"7dtd","x":-274.94924926757813,"y":61.079998016357422,"z":461.63272094726563},"rotation":{"pitch":-2.375,"roll":0,"yaw":14.749969482421875},"sequence":82,"source":"7dtd","stream_id":"aba657ef-52b0-48c5-8f0b-78d24fb0e668","type":"entity_state","version":2,"world_id":"td-0d917a4eff776d999148769266591579674d2c42de6557026893a1902834f11f"}
2026-10-04T19:35:41 122.222 INF [MC7DTD] Minecraft player: x=-275.87179547028836 y=63 z=467.73466346000345
2026-10-04T19:35:41 122.223 INF [MC7DTD] Entity state: event=update id=bb103b68-bf1a-4765-967c-d5f8ac30702d type=minecraft:player source=minecraft world=mc-cf4dce40-2be1-372b-b914-917f5dcc644c dimension=minecraft:overworld stream=dcfa83f2-8df6-4a9e-a292-69a93d9e7639 sequence=68 x=-275.87179547028836 y=63 z=467.73466346000345 yaw=293.24518585205078 pitch=12.150067329406738 roll=0
2026-10-04T19:35:41 122.225 INF [MC7DTD] [Presentation] entity=bb103b68-bf1a-4765-967c-d5f8ac30702d renderer=humanoid model=player variant=default scale=1 removed=False
2026-10-04T19:35:41 122.225 INF [MC7DTD] Player proxy updated: id=bb103b68-bf1a-4765-967c-d5f8ac30702d count=1 x=-275.87179547028836 y=63 z=467.73466346000345 thread=1 yaw=293.24518585205078 pitch=12.150067329406738 roll=0
2026-10-04T19:35:41 122.525 INF [MC7DTD] 7DTD entity sent: {"authority":"7dtd","dimension":"7dtd:main","entity_id":"95183d29-9800-4375-a0d3-6030173478e0","entity_type":"7dtd:player","lifecycle":{"event":"update"},"metadata":{},"origin":{"dimension":"7dtd:main","entity_id":"95183d29-9800-4375-a0d3-6030173478e0","game":"7dtd","world_id":"td-0d917a4eff776d999148769266591579674d2c42de6557026893a1902834f11f"},"position":{"space":"7dtd","x":-274.94924926757813,"y":61.079998016357422,"z":461.63272094726563},"rotation":{"pitch":-2.375,"roll":0,"yaw":14.749969482421875},"sequence":83,"source":"7dtd","stream_id":"aba657ef-52b0-48c5-8f0b-78d24fb0e668","type":"entity_state","version":2,"world_id":"td-0d917a4eff776d999148769266591579674d2c42de6557026893a1902834f11f"}
2026-10-04T19:35:41 122.771 INF [MC7DTD] Minecraft player: x=-275.87179547028836 y=63 z=467.73466346000345
2026-10-04T19:35:41 122.774 INF [MC7DTD] Entity state: event=update id=bb103b68-bf1a-4765-967c-d5f8ac30702d type=minecraft:player source=minecraft world=mc-cf4dce40-2be1-372b-b914-917f5dcc644c dimension=minecraft:overworld stream=dcfa83f2-8df6-4a9e-a292-69a93d9e7639 sequence=69 x=-275.87179547028836 y=63 z=467.73466346000345 yaw=293.24518585205078 pitch=12.150067329406738 roll=0
2026-10-04T19:35:41 122.780 INF [MC7DTD] [Presentation] entity=bb103b68-bf1a-4765-967c-d5f8ac30702d renderer=humanoid model=player variant=default scale=1 removed=False
2026-10-04T19:35:41 122.781 INF [MC7DTD] Player proxy updated: id=bb103b68-bf1a-4765-967c-d5f8ac30702d count=1 x=-275.87179547028836 y=63 z=467.73466346000345 thread=1 yaw=293.24518585205078 pitch=12.150067329406738 roll=0
2026-10-04T19:35:42 123.076 INF [MC7DTD] 7DTD entity sent: {"authority":"7dtd","dimension":"7dtd:main","entity_id":"95183d29-9800-4375-a0d3-6030173478e0","entity_type":"7dtd:player","lifecycle":{"event":"update"},"metadata":{},"origin":{"dimension":"7dtd:main","entity_id":"95183d29-9800-4375-a0d3-6030173478e0","game":"7dtd","world_id":"td-0d917a4eff776d999148769266591579674d2c42de6557026893a1902834f11f"},"position":{"space":"7dtd","x":-274.94924926757813,"y":61.079998016357422,"z":461.63272094726563},"rotation":{"pitch":-2.375,"roll":0,"yaw":14.749969482421875},"sequence":84,"source":"7dtd","stream_id":"aba657ef-52b0-48c5-8f0b-78d24fb0e668","type":"entity_state","version":2,"world_id":"td-0d917a4eff776d999148769266591579674d2c42de6557026893a1902834f11f"}
2026-10-04T19:35:42 123.320 INF [MC7DTD] Minecraft player: x=-275.87179547028836 y=63 z=467.73466346000345
2026-10-04T19:35:42 123.322 INF [MC7DTD] Entity state: event=update id=bb103b68-bf1a-4765-967c-d5f8ac30702d type=minecraft:player source=minecraft world=mc-cf4dce40-2be1-372b-b914-917f5dcc644c dimension=minecraft:overworld stream=dcfa83f2-8df6-4a9e-a292-69a93d9e7639 sequence=70 x=-275.87179547028836 y=63 z=467.73466346000345 yaw=293.24518585205078 pitch=12.150067329406738 roll=0
2026-10-04T19:35:42 123.325 INF [MC7DTD] [Presentation] entity=bb103b68-bf1a-4765-967c-d5f8ac30702d renderer=humanoid model=player variant=default scale=1 removed=False
2026-10-04T19:35:42 123.326 INF [MC7DTD] Player proxy updated: id=bb103b68-bf1a-4765-967c-d5f8ac30702d count=1 x=-275.87179547028836 y=63 z=467.73466346000345 thread=1 yaw=293.24518585205078 pitch=12.150067329406738 roll=0
2026-10-04T19:35:42 123.524 INF [MC7DTD] 7DTD entity sent: {"authority":"7dtd","dimension":"7dtd:main","entity_id":"95183d29-9800-4375-a0d3-6030173478e0","entity_type":"7dtd:player","lifecycle":{"event":"update"},"metadata":{},"origin":{"dimension":"7dtd:main","entity_id":"95183d29-9800-4375-a0d3-6030173478e0","game":"7dtd","world_id":"td-0d917a4eff776d999148769266591579674d2c42de6557026893a1902834f11f"},"position":{"space":"7dtd","x":-274.94924926757813,"y":61.079998016357422,"z":461.63272094726563},"rotation":{"pitch":-2.375,"roll":0,"yaw":14.749969482421875},"sequence":85,"source":"7dtd","stream_id":"aba657ef-52b0-48c5-8f0b-78d24fb0e668","type":"entity_state","version":2,"world_id":"td-0d917a4eff776d999148769266591579674d2c42de6557026893a1902834f11f"}
2026-10-04T19:35:43 123.870 INF [MC7DTD] Minecraft player: x=-275.87179547028836 y=63 z=467.73466346000345
2026-10-04T19:35:43 123.871 INF [MC7DTD] Entity state: event=update id=bb103b68-bf1a-4765-967c-d5f8ac30702d type=minecraft:player source=minecraft world=mc-cf4dce40-2be1-372b-b914-917f5dcc644c dimension=minecraft:overworld stream=dcfa83f2-8df6-4a9e-a292-69a93d9e7639 sequence=71 x=-275.87179547028836 y=63 z=467.73466346000345 yaw=293.24518585205078 pitch=12.150067329406738 roll=0
2026-10-04T19:35:43 123.873 INF [MC7DTD] [Presentation] entity=bb103b68-bf1a-4765-967c-d5f8ac30702d renderer=humanoid model=player variant=default scale=1 removed=False
2026-10-04T19:35:43 123.874 INF [MC7DTD] Player proxy updated: id=bb103b68-bf1a-4765-967c-d5f8ac30702d count=1 x=-275.87179547028836 y=63 z=467.73466346000345 thread=1 yaw=293.24518585205078 pitch=12.150067329406738 roll=0
2026-10-04T19:35:43 124.073 INF [MC7DTD] 7DTD entity sent: {"authority":"7dtd","dimension":"7dtd:main","entity_id":"95183d29-9800-4375-a0d3-6030173478e0","entity_type":"7dtd:player","lifecycle":{"event":"update"},"metadata":{},"origin":{"dimension":"7dtd:main","entity_id":"95183d29-9800-4375-a0d3-6030173478e0","game":"7dtd","world_id":"td-0d917a4eff776d999148769266591579674d2c42de6557026893a1902834f11f"},"position":{"space":"7dtd","x":-274.94924926757813,"y":61.079998016357422,"z":461.63272094726563},"rotation":{"pitch":-2.375,"roll":0,"yaw":14.749969482421875},"sequence":86,"source":"7dtd","stream_id":"aba657ef-52b0-48c5-8f0b-78d24fb0e668","type":"entity_state","version":2,"world_id":"td-0d917a4eff776d999148769266591579674d2c42de6557026893a1902834f11f"}
2026-10-04T19:35:43 124.420 INF [MC7DTD] Minecraft player: x=-275.87179547028836 y=63 z=467.73466346000345
2026-10-04T19:35:43 124.422 INF [MC7DTD] Entity state: event=update id=bb103b68-bf1a-4765-967c-d5f8ac30702d type=minecraft:player source=minecraft world=mc-cf4dce40-2be1-372b-b914-917f5dcc644c dimension=minecraft:overworld stream=dcfa83f2-8df6-4a9e-a292-69a93d9e7639 sequence=72 x=-275.87179547028836 y=63 z=467.73466346000345 yaw=293.24518585205078 pitch=12.150067329406738 roll=0
2026-10-04T19:35:43 124.424 INF [MC7DTD] [Presentation] entity=bb103b68-bf1a-4765-967c-d5f8ac30702d renderer=humanoid model=player variant=default scale=1 removed=False
2026-10-04T19:35:43 124.425 INF [MC7DTD] Player proxy updated: id=bb103b68-bf1a-4765-967c-d5f8ac30702d count=1 x=-275.87179547028836 y=63 z=467.73466346000345 thread=1 yaw=293.24518585205078 pitch=12.150067329406738 roll=0
2026-10-04T19:35:43 124.523 INF [MC7DTD] 7DTD entity sent: {"authority":"7dtd","dimension":"7dtd:main","entity_id":"95183d29-9800-4375-a0d3-6030173478e0","entity_type":"7dtd:player","lifecycle":{"event":"update"},"metadata":{},"origin":{"dimension":"7dtd:main","entity_id":"95183d29-9800-4375-a0d3-6030173478e0","game":"7dtd","world_id":"td-0d917a4eff776d999148769266591579674d2c42de6557026893a1902834f11f"},"position":{"space":"7dtd","x":-274.94924926757813,"y":61.079998016357422,"z":461.63272094726563},"rotation":{"pitch":-2.375,"roll":0,"yaw":14.749969482421875},"sequence":87,"source":"7dtd","stream_id":"aba657ef-52b0-48c5-8f0b-78d24fb0e668","type":"entity_state","version":2,"world_id":"td-0d917a4eff776d999148769266591579674d2c42de6557026893a1902834f11f"}
2026-10-04T19:35:44 124.922 INF [MC7DTD] Minecraft player: x=-275.87179547028836 y=63 z=467.73466346000345
2026-10-04T19:35:44 124.924 INF [MC7DTD] Entity state: event=update id=bb103b68-bf1a-4765-967c-d5f8ac30702d type=minecraft:player source=minecraft world=mc-cf4dce40-2be1-372b-b914-917f5dcc644c dimension=minecraft:overworld stream=dcfa83f2-8df6-4a9e-a292-69a93d9e7639 sequence=73 x=-275.87179547028836 y=63 z=467.73466346000345 yaw=293.24518585205078 pitch=12.150067329406738 roll=0
2026-10-04T19:35:44 124.927 INF [MC7DTD] [Presentation] entity=bb103b68-bf1a-4765-967c-d5f8ac30702d renderer=humanoid model=player variant=default scale=1 removed=False
2026-10-04T19:35:44 124.927 INF [MC7DTD] Player proxy updated: id=bb103b68-bf1a-4765-967c-d5f8ac30702d count=1 x=-275.87179547028836 y=63 z=467.73466346000345 thread=1 yaw=293.24518585205078 pitch=12.150067329406738 roll=0
2026-10-04T19:35:44 125.025 INF [MC7DTD] 7DTD entity sent: {"authority":"7dtd","dimension":"7dtd:main","entity_id":"95183d29-9800-4375-a0d3-6030173478e0","entity_type":"7dtd:player","lifecycle":{"event":"update"},"metadata":{},"origin":{"dimension":"7dtd:main","entity_id":"95183d29-9800-4375-a0d3-6030173478e0","game":"7dtd","world_id":"td-0d917a4eff776d999148769266591579674d2c42de6557026893a1902834f11f"},"position":{"space":"7dtd","x":-274.94924926757813,"y":61.079998016357422,"z":461.63272094726563},"rotation":{"pitch":-2.375,"roll":0,"yaw":14.749969482421875},"sequence":88,"source":"7dtd","stream_id":"aba657ef-52b0-48c5-8f0b-78d24fb0e668","type":"entity_state","version":2,"world_id":"td-0d917a4eff776d999148769266591579674d2c42de6557026893a1902834f11f"}
2026-10-04T19:35:44 125.423 INF [MC7DTD] Minecraft player: x=-275.87179547028836 y=63 z=467.73466346000345
2026-10-04T19:35:44 125.424 INF [MC7DTD] Entity state: event=update id=bb103b68-bf1a-4765-967c-d5f8ac30702d type=minecraft:player source=minecraft world=mc-cf4dce40-2be1-372b-b914-917f5dcc644c dimension=minecraft:overworld stream=dcfa83f2-8df6-4a9e-a292-69a93d9e7639 sequence=74 x=-275.87179547028836 y=63 z=467.73466346000345 yaw=293.24518585205078 pitch=12.150067329406738 roll=0
2026-10-04T19:35:44 125.428 INF [MC7DTD] [Presentation] entity=bb103b68-bf1a-4765-967c-d5f8ac30702d renderer=humanoid model=player variant=default scale=1 removed=False
2026-10-04T19:35:44 125.428 INF [MC7DTD] Player proxy updated: id=bb103b68-bf1a-4765-967c-d5f8ac30702d count=1 x=-275.87179547028836 y=63 z=467.73466346000345 thread=1 yaw=293.24518585205078 pitch=12.150067329406738 roll=0
2026-10-04T19:35:44 125.526 INF [MC7DTD] 7DTD entity sent: {"authority":"7dtd","dimension":"7dtd:main","entity_id":"95183d29-9800-4375-a0d3-6030173478e0","entity_type":"7dtd:player","lifecycle":{"event":"update"},"metadata":{},"origin":{"dimension":"7dtd:main","entity_id":"95183d29-9800-4375-a0d3-6030173478e0","game":"7dtd","world_id":"td-0d917a4eff776d999148769266591579674d2c42de6557026893a1902834f11f"},"position":{"space":"7dtd","x":-274.94924926757813,"y":61.079998016357422,"z":461.63272094726563},"rotation":{"pitch":-2.375,"roll":0,"yaw":14.749969482421875},"sequence":89,"source":"7dtd","stream_id":"aba657ef-52b0-48c5-8f0b-78d24fb0e668","type":"entity_state","version":2,"world_id":"td-0d917a4eff776d999148769266591579674d2c42de6557026893a1902834f11f"}
2026-10-04T19:35:45 125.971 INF [MC7DTD] Minecraft player: x=-275.87179547028836 y=63 z=467.73466346000345
2026-10-04T19:35:45 125.972 INF [MC7DTD] Entity state: event=update id=bb103b68-bf1a-4765-967c-d5f8ac30702d type=minecraft:player source=minecraft world=mc-cf4dce40-2be1-372b-b914-917f5dcc644c dimension=minecraft:overworld stream=dcfa83f2-8df6-4a9e-a292-69a93d9e7639 sequence=75 x=-275.87179547028836 y=63 z=467.73466346000345 yaw=293.24518585205078 pitch=12.150067329406738 roll=0
2026-10-04T19:35:45 125.974 INF [MC7DTD] [Presentation] entity=bb103b68-bf1a-4765-967c-d5f8ac30702d renderer=humanoid model=player variant=default scale=1 removed=False
2026-10-04T19:35:45 125.975 INF [MC7DTD] Player proxy updated: id=bb103b68-bf1a-4765-967c-d5f8ac30702d count=1 x=-275.87179547028836 y=63 z=467.73466346000345 thread=1 yaw=293.24518585205078 pitch=12.150067329406738 roll=0
2026-10-04T19:35:45 126.073 INF [MC7DTD] 7DTD entity sent: {"authority":"7dtd","dimension":"7dtd:main","entity_id":"95183d29-9800-4375-a0d3-6030173478e0","entity_type":"7dtd:player","lifecycle":{"event":"update"},"metadata":{},"origin":{"dimension":"7dtd:main","entity_id":"95183d29-9800-4375-a0d3-6030173478e0","game":"7dtd","world_id":"td-0d917a4eff776d999148769266591579674d2c42de6557026893a1902834f11f"},"position":{"space":"7dtd","x":-274.94924926757813,"y":61.079998016357422,"z":461.63272094726563},"rotation":{"pitch":-2.375,"roll":0,"yaw":14.749969482421875},"sequence":90,"source":"7dtd","stream_id":"aba657ef-52b0-48c5-8f0b-78d24fb0e668","type":"entity_state","version":2,"world_id":"td-0d917a4eff776d999148769266591579674d2c42de6557026893a1902834f11f"}
2026-10-04T19:35:45 126.473 INF [MC7DTD] Minecraft player: x=-275.87179547028836 y=63 z=467.73466346000345
2026-10-04T19:35:45 126.474 INF [MC7DTD] Entity state: event=update id=bb103b68-bf1a-4765-967c-d5f8ac30702d type=minecraft:player source=minecraft world=mc-cf4dce40-2be1-372b-b914-917f5dcc644c dimension=minecraft:overworld stream=dcfa83f2-8df6-4a9e-a292-69a93d9e7639 sequence=76 x=-275.87179547028836 y=63 z=467.73466346000345 yaw=293.24518585205078 pitch=12.150067329406738 roll=0
2026-10-04T19:35:45 126.478 INF [MC7DTD] [Presentation] entity=bb103b68-bf1a-4765-967c-d5f8ac30702d renderer=humanoid model=player variant=default scale=1 removed=False
2026-10-04T19:35:45 126.479 INF [MC7DTD] Player proxy updated: id=bb103b68-bf1a-4765-967c-d5f8ac30702d count=1 x=-275.87179547028836 y=63 z=467.73466346000345 thread=1 yaw=293.24518585205078 pitch=12.150067329406738 roll=0
2026-10-04T19:35:45 126.575 INF [MC7DTD] 7DTD entity sent: {"authority":"7dtd","dimension":"7dtd:main","entity_id":"95183d29-9800-4375-a0d3-6030173478e0","entity_type":"7dtd:player","lifecycle":{"event":"update"},"metadata":{},"origin":{"dimension":"7dtd:main","entity_id":"95183d29-9800-4375-a0d3-6030173478e0","game":"7dtd","world_id":"td-0d917a4eff776d999148769266591579674d2c42de6557026893a1902834f11f"},"position":{"space":"7dtd","x":-274.94924926757813,"y":61.079998016357422,"z":461.63272094726563},"rotation":{"pitch":-2.375,"roll":0,"yaw":14.749969482421875},"sequence":91,"source":"7dtd","stream_id":"aba657ef-52b0-48c5-8f0b-78d24fb0e668","type":"entity_state","version":2,"world_id":"td-0d917a4eff776d999148769266591579674d2c42de6557026893a1902834f11f"}
2026-10-04T19:35:46 127.019 INF [MC7DTD] Minecraft player: x=-275.87179547028836 y=63 z=467.73466346000345
2026-10-04T19:35:46 127.021 INF [MC7DTD] 7DTD entity sent: {"authority":"7dtd","dimension":"7dtd:main","entity_id":"95183d29-9800-4375-a0d3-6030173478e0","entity_type":"7dtd:player","lifecycle":{"event":"update"},"metadata":{},"origin":{"dimension":"7dtd:main","entity_id":"95183d29-9800-4375-a0d3-6030173478e0","game":"7dtd","world_id":"td-0d917a4eff776d999148769266591579674d2c42de6557026893a1902834f11f"},"position":{"space":"7dtd","x":-274.94924926757813,"y":61.079998016357422,"z":461.63272094726563},"rotation":{"pitch":-2.375,"roll":0,"yaw":14.749969482421875},"sequence":92,"source":"7dtd","stream_id":"aba657ef-52b0-48c5-8f0b-78d24fb0e668","type":"entity_state","version":2,"world_id":"td-0d917a4eff776d999148769266591579674d2c42de6557026893a1902834f11f"}
2026-10-04T19:35:46 127.023 INF [MC7DTD] Entity state: event=update id=bb103b68-bf1a-4765-967c-d5f8ac30702d type=minecraft:player source=minecraft world=mc-cf4dce40-2be1-372b-b914-917f5dcc644c dimension=minecraft:overworld stream=dcfa83f2-8df6-4a9e-a292-69a93d9e7639 sequence=77 x=-275.87179547028836 y=63 z=467.73466346000345 yaw=293.24518585205078 pitch=12.150067329406738 roll=0
2026-10-04T19:35:46 127.024 INF [MC7DTD] [Presentation] entity=bb103b68-bf1a-4765-967c-d5f8ac30702d renderer=humanoid model=player variant=default scale=1 removed=False
2026-10-04T19:35:46 127.024 INF [MC7DTD] Player proxy updated: id=bb103b68-bf1a-4765-967c-d5f8ac30702d count=1 x=-275.87179547028836 y=63 z=467.73466346000345 thread=1 yaw=293.24518585205078 pitch=12.150067329406738 roll=0
2026-10-04T19:35:46 127.520 INF [MC7DTD] Minecraft player: x=-275.87179547028836 y=63 z=467.73466346000345
2026-10-04T19:35:46 127.521 INF [MC7DTD] 7DTD entity sent: {"authority":"7dtd","dimension":"7dtd:main","entity_id":"95183d29-9800-4375-a0d3-6030173478e0","entity_type":"7dtd:player","lifecycle":{"event":"update"},"metadata":{},"origin":{"dimension":"7dtd:main","entity_id":"95183d29-9800-4375-a0d3-6030173478e0","game":"7dtd","world_id":"td-0d917a4eff776d999148769266591579674d2c42de6557026893a1902834f11f"},"position":{"space":"7dtd","x":-274.94924926757813,"y":61.079998016357422,"z":461.63272094726563},"rotation":{"pitch":-2.375,"roll":0,"yaw":14.749969482421875},"sequence":93,"source":"7dtd","stream_id":"aba657ef-52b0-48c5-8f0b-78d24fb0e668","type":"entity_state","version":2,"world_id":"td-0d917a4eff776d999148769266591579674d2c42de6557026893a1902834f11f"}
2026-10-04T19:35:46 127.522 INF [MC7DTD] Entity state: event=update id=bb103b68-bf1a-4765-967c-d5f8ac30702d type=minecraft:player source=minecraft world=mc-cf4dce40-2be1-372b-b914-917f5dcc644c dimension=minecraft:overworld stream=dcfa83f2-8df6-4a9e-a292-69a93d9e7639 sequence=78 x=-275.87179547028836 y=63 z=467.73466346000345 yaw=293.24518585205078 pitch=12.150067329406738 roll=0
2026-10-04T19:35:46 127.525 INF [MC7DTD] [Presentation] entity=bb103b68-bf1a-4765-967c-d5f8ac30702d renderer=humanoid model=player variant=default scale=1 removed=False
2026-10-04T19:35:46 127.526 INF [MC7DTD] Player proxy updated: id=bb103b68-bf1a-4765-967c-d5f8ac30702d count=1 x=-275.87179547028836 y=63 z=467.73466346000345 thread=1 yaw=293.24518585205078 pitch=12.150067329406738 roll=0
2026-10-04T19:35:47 128.024 INF [MC7DTD] 7DTD entity sent: {"authority":"7dtd","dimension":"7dtd:main","entity_id":"95183d29-9800-4375-a0d3-6030173478e0","entity_type":"7dtd:player","lifecycle":{"event":"update"},"metadata":{},"origin":{"dimension":"7dtd:main","entity_id":"95183d29-9800-4375-a0d3-6030173478e0","game":"7dtd","world_id":"td-0d917a4eff776d999148769266591579674d2c42de6557026893a1902834f11f"},"position":{"space":"7dtd","x":-274.94924926757813,"y":61.079998016357422,"z":461.63272094726563},"rotation":{"pitch":-2.375,"roll":0,"yaw":14.749969482421875},"sequence":94,"source":"7dtd","stream_id":"aba657ef-52b0-48c5-8f0b-78d24fb0e668","type":"entity_state","version":2,"world_id":"td-0d917a4eff776d999148769266591579674d2c42de6557026893a1902834f11f"}
2026-10-04T19:35:47 128.026 INF [MC7DTD] Minecraft player: x=-275.87179547028836 y=63 z=467.73466346000345
2026-10-04T19:35:47 128.028 INF [MC7DTD] Entity state: event=update id=bb103b68-bf1a-4765-967c-d5f8ac30702d type=minecraft:player source=minecraft world=mc-cf4dce40-2be1-372b-b914-917f5dcc644c dimension=minecraft:overworld stream=dcfa83f2-8df6-4a9e-a292-69a93d9e7639 sequence=79 x=-275.87179547028836 y=63 z=467.73466346000345 yaw=293.24518585205078 pitch=12.150067329406738 roll=0
2026-10-04T19:35:47 128.033 INF [MC7DTD] [Presentation] entity=bb103b68-bf1a-4765-967c-d5f8ac30702d renderer=humanoid model=player variant=default scale=1 removed=False
2026-10-04T19:35:47 128.034 INF [MC7DTD] Player proxy updated: id=bb103b68-bf1a-4765-967c-d5f8ac30702d count=1 x=-275.87179547028836 y=63 z=467.73466346000345 thread=1 yaw=293.24518585205078 pitch=12.150067329406738 roll=0
2026-10-04T19:35:47 128.531 INF [MC7DTD] 7DTD entity sent: {"authority":"7dtd","dimension":"7dtd:main","entity_id":"95183d29-9800-4375-a0d3-6030173478e0","entity_type":"7dtd:player","lifecycle":{"event":"update"},"metadata":{},"origin":{"dimension":"7dtd:main","entity_id":"95183d29-9800-4375-a0d3-6030173478e0","game":"7dtd","world_id":"td-0d917a4eff776d999148769266591579674d2c42de6557026893a1902834f11f"},"position":{"space":"7dtd","x":-274.94924926757813,"y":61.079998016357422,"z":461.63272094726563},"rotation":{"pitch":-2.375,"roll":0,"yaw":14.749969482421875},"sequence":95,"source":"7dtd","stream_id":"aba657ef-52b0-48c5-8f0b-78d24fb0e668","type":"entity_state","version":2,"world_id":"td-0d917a4eff776d999148769266591579674d2c42de6557026893a1902834f11f"}
2026-10-04T19:35:47 128.573 INF [MC7DTD] Minecraft player: x=-275.87179547028836 y=63 z=467.73466346000345
2026-10-04T19:35:47 128.574 INF [MC7DTD] Entity state: event=update id=bb103b68-bf1a-4765-967c-d5f8ac30702d type=minecraft:player source=minecraft world=mc-cf4dce40-2be1-372b-b914-917f5dcc644c dimension=minecraft:overworld stream=dcfa83f2-8df6-4a9e-a292-69a93d9e7639 sequence=80 x=-275.87179547028836 y=63 z=467.73466346000345 yaw=293.24518585205078 pitch=12.150067329406738 roll=0
2026-10-04T19:35:47 128.579 INF [MC7DTD] [Presentation] entity=bb103b68-bf1a-4765-967c-d5f8ac30702d renderer=humanoid model=player variant=default scale=1 removed=False
2026-10-04T19:35:47 128.580 INF [MC7DTD] Player proxy updated: id=bb103b68-bf1a-4765-967c-d5f8ac30702d count=1 x=-275.87179547028836 y=63 z=467.73466346000345 thread=1 yaw=293.24518585205078 pitch=12.150067329406738 roll=0
2026-10-04T19:35:48 129.077 INF [MC7DTD] 7DTD entity sent: {"authority":"7dtd","dimension":"7dtd:main","entity_id":"95183d29-9800-4375-a0d3-6030173478e0","entity_type":"7dtd:player","lifecycle":{"event":"update"},"metadata":{},"origin":{"dimension":"7dtd:main","entity_id":"95183d29-9800-4375-a0d3-6030173478e0","game":"7dtd","world_id":"td-0d917a4eff776d999148769266591579674d2c42de6557026893a1902834f11f"},"position":{"space":"7dtd","x":-274.94924926757813,"y":61.079998016357422,"z":461.63272094726563},"rotation":{"pitch":-2.375,"roll":0,"yaw":14.749969482421875},"sequence":96,"source":"7dtd","stream_id":"aba657ef-52b0-48c5-8f0b-78d24fb0e668","type":"entity_state","version":2,"world_id":"td-0d917a4eff776d999148769266591579674d2c42de6557026893a1902834f11f"}
2026-10-04T19:35:48 129.124 INF [MC7DTD] Minecraft player: x=-275.87179547028836 y=63 z=467.73466346000345
2026-10-04T19:35:48 129.125 INF [MC7DTD] Entity state: event=update id=bb103b68-bf1a-4765-967c-d5f8ac30702d type=minecraft:player source=minecraft world=mc-cf4dce40-2be1-372b-b914-917f5dcc644c dimension=minecraft:overworld stream=dcfa83f2-8df6-4a9e-a292-69a93d9e7639 sequence=81 x=-275.87179547028836 y=63 z=467.73466346000345 yaw=293.24518585205078 pitch=12.150067329406738 roll=0
2026-10-04T19:35:48 129.129 INF [MC7DTD] [Presentation] entity=bb103b68-bf1a-4765-967c-d5f8ac30702d renderer=humanoid model=player variant=default scale=1 removed=False
2026-10-04T19:35:48 129.129 INF [MC7DTD] Player proxy updated: id=bb103b68-bf1a-4765-967c-d5f8ac30702d count=1 x=-275.87179547028836 y=63 z=467.73466346000345 thread=1 yaw=293.24518585205078 pitch=12.150067329406738 roll=0
2026-10-04T19:35:48 129.527 INF [MC7DTD] 7DTD entity sent: {"authority":"7dtd","dimension":"7dtd:main","entity_id":"95183d29-9800-4375-a0d3-6030173478e0","entity_type":"7dtd:player","lifecycle":{"event":"update"},"metadata":{},"origin":{"dimension":"7dtd:main","entity_id":"95183d29-9800-4375-a0d3-6030173478e0","game":"7dtd","world_id":"td-0d917a4eff776d999148769266591579674d2c42de6557026893a1902834f11f"},"position":{"space":"7dtd","x":-274.94924926757813,"y":61.079998016357422,"z":461.63272094726563},"rotation":{"pitch":-2.375,"roll":0,"yaw":14.749969482421875},"sequence":97,"source":"7dtd","stream_id":"aba657ef-52b0-48c5-8f0b-78d24fb0e668","type":"entity_state","version":2,"world_id":"td-0d917a4eff776d999148769266591579674d2c42de6557026893a1902834f11f"}
2026-10-04T19:35:48 129.670 INF [MC7DTD] Minecraft player: x=-275.87179547028836 y=63 z=467.73466346000345
2026-10-04T19:35:48 129.672 INF [MC7DTD] Entity state: event=update id=bb103b68-bf1a-4765-967c-d5f8ac30702d type=minecraft:player source=minecraft world=mc-cf4dce40-2be1-372b-b914-917f5dcc644c dimension=minecraft:overworld stream=dcfa83f2-8df6-4a9e-a292-69a93d9e7639 sequence=82 x=-275.87179547028836 y=63 z=467.73466346000345 yaw=293.24518585205078 pitch=12.150067329406738 roll=0
2026-10-04T19:35:48 129.675 INF [MC7DTD] [Presentation] entity=bb103b68-bf1a-4765-967c-d5f8ac30702d renderer=humanoid model=player variant=default scale=1 removed=False
2026-10-04T19:35:48 129.676 INF [MC7DTD] Player proxy updated: id=bb103b68-bf1a-4765-967c-d5f8ac30702d count=1 x=-275.87179547028836 y=63 z=467.73466346000345 thread=1 yaw=293.24518585205078 pitch=12.150067329406738 roll=0
2026-10-04T19:35:49 130.075 INF [MC7DTD] 7DTD entity sent: {"authority":"7dtd","dimension":"7dtd:main","entity_id":"95183d29-9800-4375-a0d3-6030173478e0","entity_type":"7dtd:player","lifecycle":{"event":"update"},"metadata":{},"origin":{"dimension":"7dtd:main","entity_id":"95183d29-9800-4375-a0d3-6030173478e0","game":"7dtd","world_id":"td-0d917a4eff776d999148769266591579674d2c42de6557026893a1902834f11f"},"position":{"space":"7dtd","x":-274.94924926757813,"y":61.079998016357422,"z":461.63272094726563},"rotation":{"pitch":-2.375,"roll":0,"yaw":14.749969482421875},"sequence":98,"source":"7dtd","stream_id":"aba657ef-52b0-48c5-8f0b-78d24fb0e668","type":"entity_state","version":2,"world_id":"td-0d917a4eff776d999148769266591579674d2c42de6557026893a1902834f11f"}
2026-10-04T19:35:49 130.219 INF [MC7DTD] Minecraft player: x=-275.87179547028836 y=63 z=467.73466346000345
2026-10-04T19:35:49 130.220 INF [MC7DTD] Entity state: event=update id=bb103b68-bf1a-4765-967c-d5f8ac30702d type=minecraft:player source=minecraft world=mc-cf4dce40-2be1-372b-b914-917f5dcc644c dimension=minecraft:overworld stream=dcfa83f2-8df6-4a9e-a292-69a93d9e7639 sequence=83 x=-275.87179547028836 y=63 z=467.73466346000345 yaw=293.24518585205078 pitch=12.150067329406738 roll=0
2026-10-04T19:35:49 130.223 INF [MC7DTD] [Presentation] entity=bb103b68-bf1a-4765-967c-d5f8ac30702d renderer=humanoid model=player variant=default scale=1 removed=False
2026-10-04T19:35:49 130.223 INF [MC7DTD] Player proxy updated: id=bb103b68-bf1a-4765-967c-d5f8ac30702d count=1 x=-275.87179547028836 y=63 z=467.73466346000345 thread=1 yaw=293.24518585205078 pitch=12.150067329406738 roll=0
2026-10-04T19:35:49 130.622 INF [MC7DTD] 7DTD entity sent: {"authority":"7dtd","dimension":"7dtd:main","entity_id":"95183d29-9800-4375-a0d3-6030173478e0","entity_type":"7dtd:player","lifecycle":{"event":"update"},"metadata":{},"origin":{"dimension":"7dtd:main","entity_id":"95183d29-9800-4375-a0d3-6030173478e0","game":"7dtd","world_id":"td-0d917a4eff776d999148769266591579674d2c42de6557026893a1902834f11f"},"position":{"space":"7dtd","x":-274.94924926757813,"y":61.079998016357422,"z":461.63272094726563},"rotation":{"pitch":-2.375,"roll":0,"yaw":14.749969482421875},"sequence":99,"source":"7dtd","stream_id":"aba657ef-52b0-48c5-8f0b-78d24fb0e668","type":"entity_state","version":2,"world_id":"td-0d917a4eff776d999148769266591579674d2c42de6557026893a1902834f11f"}
2026-10-04T19:35:49 130.766 INF [MC7DTD] Minecraft player: x=-275.87179547028836 y=63 z=467.73466346000345
2026-10-04T19:35:49 130.768 INF Saving 63 of chunks took 82ms
2026-10-04T19:35:49 130.768 INF [MC7DTD] Entity state: event=update id=bb103b68-bf1a-4765-967c-d5f8ac30702d type=minecraft:player source=minecraft world=mc-cf4dce40-2be1-372b-b914-917f5dcc644c dimension=minecraft:overworld stream=dcfa83f2-8df6-4a9e-a292-69a93d9e7639 sequence=84 x=-275.87179547028836 y=63 z=467.73466346000345 yaw=293.24518585205078 pitch=12.150067329406738 roll=0
2026-10-04T19:35:49 130.772 INF [MC7DTD] [Presentation] entity=bb103b68-bf1a-4765-967c-d5f8ac30702d renderer=humanoid model=player variant=default scale=1 removed=False
2026-10-04T19:35:49 130.773 INF [MC7DTD] Player proxy updated: id=bb103b68-bf1a-4765-967c-d5f8ac30702d count=1 x=-275.87179547028836 y=63 z=467.73466346000345 thread=1 yaw=293.24518585205078 pitch=12.150067329406738 roll=0
2026-10-04T19:35:50 131.070 INF [MC7DTD] 7DTD entity sent: {"authority":"7dtd","dimension":"7dtd:main","entity_id":"95183d29-9800-4375-a0d3-6030173478e0","entity_type":"7dtd:player","lifecycle":{"event":"update"},"metadata":{},"origin":{"dimension":"7dtd:main","entity_id":"95183d29-9800-4375-a0d3-6030173478e0","game":"7dtd","world_id":"td-0d917a4eff776d999148769266591579674d2c42de6557026893a1902834f11f"},"position":{"space":"7dtd","x":-274.94924926757813,"y":61.079998016357422,"z":461.63272094726563},"rotation":{"pitch":-2.375,"roll":0,"yaw":14.749969482421875},"sequence":100,"source":"7dtd","stream_id":"aba657ef-52b0-48c5-8f0b-78d24fb0e668","type":"entity_state","version":2,"world_id":"td-0d917a4eff776d999148769266591579674d2c42de6557026893a1902834f11f"}
2026-10-04T19:35:50 131.267 INF [MC7DTD] Minecraft player: x=-275.87179547028836 y=63 z=467.73466346000345
2026-10-04T19:35:50 131.269 INF [MC7DTD] Entity state: event=update id=bb103b68-bf1a-4765-967c-d5f8ac30702d type=minecraft:player source=minecraft world=mc-cf4dce40-2be1-372b-b914-917f5dcc644c dimension=minecraft:overworld stream=dcfa83f2-8df6-4a9e-a292-69a93d9e7639 sequence=85 x=-275.87179547028836 y=63 z=467.73466346000345 yaw=293.24518585205078 pitch=12.150067329406738 roll=0
2026-10-04T19:35:50 131.270 INF [MC7DTD] [Presentation] entity=bb103b68-bf1a-4765-967c-d5f8ac30702d renderer=humanoid model=player variant=default scale=1 removed=False
2026-10-04T19:35:50 131.271 INF [MC7DTD] Player proxy updated: id=bb103b68-bf1a-4765-967c-d5f8ac30702d count=1 x=-275.87179547028836 y=63 z=467.73466346000345 thread=1 yaw=293.24518585205078 pitch=12.150067329406738 roll=0
2026-10-04T19:35:50 131.570 INF [MC7DTD] 7DTD entity sent: {"authority":"7dtd","dimension":"7dtd:main","entity_id":"95183d29-9800-4375-a0d3-6030173478e0","entity_type":"7dtd:player","lifecycle":{"event":"update"},"metadata":{},"origin":{"dimension":"7dtd:main","entity_id":"95183d29-9800-4375-a0d3-6030173478e0","game":"7dtd","world_id":"td-0d917a4eff776d999148769266591579674d2c42de6557026893a1902834f11f"},"position":{"space":"7dtd","x":-274.94924926757813,"y":61.079998016357422,"z":461.63272094726563},"rotation":{"pitch":-2.375,"roll":0,"yaw":14.749969482421875},"sequence":101,"source":"7dtd","stream_id":"aba657ef-52b0-48c5-8f0b-78d24fb0e668","type":"entity_state","version":2,"world_id":"td-0d917a4eff776d999148769266591579674d2c42de6557026893a1902834f11f"}
2026-10-04T19:35:50 131.771 INF [MC7DTD] Minecraft player: x=-275.87179547028836 y=63 z=467.73466346000345
2026-10-04T19:35:50 131.773 INF [MC7DTD] Entity state: event=update id=bb103b68-bf1a-4765-967c-d5f8ac30702d type=minecraft:player source=minecraft world=mc-cf4dce40-2be1-372b-b914-917f5dcc644c dimension=minecraft:overworld stream=dcfa83f2-8df6-4a9e-a292-69a93d9e7639 sequence=86 x=-275.87179547028836 y=63 z=467.73466346000345 yaw=293.24518585205078 pitch=12.150067329406738 roll=0
2026-10-04T19:35:50 131.776 INF [MC7DTD] [Presentation] entity=bb103b68-bf1a-4765-967c-d5f8ac30702d renderer=humanoid model=player variant=default scale=1 removed=False
2026-10-04T19:35:50 131.776 INF [MC7DTD] Player proxy updated: id=bb103b68-bf1a-4765-967c-d5f8ac30702d count=1 x=-275.87179547028836 y=63 z=467.73466346000345 thread=1 yaw=293.24518585205078 pitch=12.150067329406738 roll=0
2026-10-04T19:35:51 132.075 INF [MC7DTD] 7DTD entity sent: {"authority":"7dtd","dimension":"7dtd:main","entity_id":"95183d29-9800-4375-a0d3-6030173478e0","entity_type":"7dtd:player","lifecycle":{"event":"update"},"metadata":{},"origin":{"dimension":"7dtd:main","entity_id":"95183d29-9800-4375-a0d3-6030173478e0","game":"7dtd","world_id":"td-0d917a4eff776d999148769266591579674d2c42de6557026893a1902834f11f"},"position":{"space":"7dtd","x":-274.94924926757813,"y":61.079998016357422,"z":461.63272094726563},"rotation":{"pitch":-2.375,"roll":0,"yaw":14.749969482421875},"sequence":102,"source":"7dtd","stream_id":"aba657ef-52b0-48c5-8f0b-78d24fb0e668","type":"entity_state","version":2,"world_id":"td-0d917a4eff776d999148769266591579674d2c42de6557026893a1902834f11f"}
2026-10-04T19:35:51 132.320 INF [MC7DTD] Minecraft player: x=-275.87179547028836 y=63 z=467.73466346000345
2026-10-04T19:35:51 132.321 INF [MC7DTD] Entity state: event=update id=bb103b68-bf1a-4765-967c-d5f8ac30702d type=minecraft:player source=minecraft world=mc-cf4dce40-2be1-372b-b914-917f5dcc644c dimension=minecraft:overworld stream=dcfa83f2-8df6-4a9e-a292-69a93d9e7639 sequence=87 x=-275.87179547028836 y=63 z=467.73466346000345 yaw=293.24518585205078 pitch=12.150067329406738 roll=0
2026-10-04T19:35:51 132.323 INF [MC7DTD] [Presentation] entity=bb103b68-bf1a-4765-967c-d5f8ac30702d renderer=humanoid model=player variant=default scale=1 removed=False
2026-10-04T19:35:51 132.324 INF [MC7DTD] Player proxy updated: id=bb103b68-bf1a-4765-967c-d5f8ac30702d count=1 x=-275.87179547028836 y=63 z=467.73466346000345 thread=1 yaw=293.24518585205078 pitch=12.150067329406738 roll=0
2026-10-04T19:35:51 132.624 INF [MC7DTD] 7DTD entity sent: {"authority":"7dtd","dimension":"7dtd:main","entity_id":"95183d29-9800-4375-a0d3-6030173478e0","entity_type":"7dtd:player","lifecycle":{"event":"update"},"metadata":{},"origin":{"dimension":"7dtd:main","entity_id":"95183d29-9800-4375-a0d3-6030173478e0","game":"7dtd","world_id":"td-0d917a4eff776d999148769266591579674d2c42de6557026893a1902834f11f"},"position":{"space":"7dtd","x":-274.94924926757813,"y":61.079998016357422,"z":461.63272094726563},"rotation":{"pitch":-2.375,"roll":0,"yaw":14.749969482421875},"sequence":103,"source":"7dtd","stream_id":"aba657ef-52b0-48c5-8f0b-78d24fb0e668","type":"entity_state","version":2,"world_id":"td-0d917a4eff776d999148769266591579674d2c42de6557026893a1902834f11f"}
2026-10-04T19:35:52 132.869 INF [MC7DTD] Minecraft player: x=-275.87179547028836 y=63 z=467.73466346000345
2026-10-04T19:35:52 132.871 INF [MC7DTD] Entity state: event=update id=bb103b68-bf1a-4765-967c-d5f8ac30702d type=minecraft:player source=minecraft world=mc-cf4dce40-2be1-372b-b914-917f5dcc644c dimension=minecraft:overworld stream=dcfa83f2-8df6-4a9e-a292-69a93d9e7639 sequence=88 x=-275.87179547028836 y=63 z=467.73466346000345 yaw=293.24518585205078 pitch=12.150067329406738 roll=0
2026-10-04T19:35:52 132.875 INF [MC7DTD] [Presentation] entity=bb103b68-bf1a-4765-967c-d5f8ac30702d renderer=humanoid model=player variant=default scale=1 removed=False
2026-10-04T19:35:52 132.875 INF [MC7DTD] Player proxy updated: id=bb103b68-bf1a-4765-967c-d5f8ac30702d count=1 x=-275.87179547028836 y=63 z=467.73466346000345 thread=1 yaw=293.24518585205078 pitch=12.150067329406738 roll=0
2026-10-04T19:35:52 133.072 INF [MC7DTD] 7DTD entity sent: {"authority":"7dtd","dimension":"7dtd:main","entity_id":"95183d29-9800-4375-a0d3-6030173478e0","entity_type":"7dtd:player","lifecycle":{"event":"update"},"metadata":{},"origin":{"dimension":"7dtd:main","entity_id":"95183d29-9800-4375-a0d3-6030173478e0","game":"7dtd","world_id":"td-0d917a4eff776d999148769266591579674d2c42de6557026893a1902834f11f"},"position":{"space":"7dtd","x":-274.94924926757813,"y":61.079998016357422,"z":461.63272094726563},"rotation":{"pitch":-2.375,"roll":0,"yaw":14.749969482421875},"sequence":104,"source":"7dtd","stream_id":"aba657ef-52b0-48c5-8f0b-78d24fb0e668","type":"entity_state","version":2,"world_id":"td-0d917a4eff776d999148769266591579674d2c42de6557026893a1902834f11f"}
2026-10-04T19:35:52 133.370 INF [MC7DTD] Minecraft player: x=-275.87179547028836 y=63 z=467.73466346000345
2026-10-04T19:35:52 133.371 INF [MC7DTD] Entity state: event=update id=bb103b68-bf1a-4765-967c-d5f8ac30702d type=minecraft:player source=minecraft world=mc-cf4dce40-2be1-372b-b914-917f5dcc644c dimension=minecraft:overworld stream=dcfa83f2-8df6-4a9e-a292-69a93d9e7639 sequence=89 x=-275.87179547028836 y=63 z=467.73466346000345 yaw=293.24518585205078 pitch=12.150067329406738 roll=0
2026-10-04T19:35:52 133.374 INF [MC7DTD] [Presentation] entity=bb103b68-bf1a-4765-967c-d5f8ac30702d renderer=humanoid model=player variant=default scale=1 removed=False
2026-10-04T19:35:52 133.374 INF [MC7DTD] Player proxy updated: id=bb103b68-bf1a-4765-967c-d5f8ac30702d count=1 x=-275.87179547028836 y=63 z=467.73466346000345 thread=1 yaw=293.24518585205078 pitch=12.150067329406738 roll=0
2026-10-04T19:35:52 133.572 INF [MC7DTD] 7DTD entity sent: {"authority":"7dtd","dimension":"7dtd:main","entity_id":"95183d29-9800-4375-a0d3-6030173478e0","entity_type":"7dtd:player","lifecycle":{"event":"update"},"metadata":{},"origin":{"dimension":"7dtd:main","entity_id":"95183d29-9800-4375-a0d3-6030173478e0","game":"7dtd","world_id":"td-0d917a4eff776d999148769266591579674d2c42de6557026893a1902834f11f"},"position":{"space":"7dtd","x":-274.94924926757813,"y":61.079998016357422,"z":461.63272094726563},"rotation":{"pitch":-2.375,"roll":0,"yaw":14.749969482421875},"sequence":105,"source":"7dtd","stream_id":"aba657ef-52b0-48c5-8f0b-78d24fb0e668","type":"entity_state","version":2,"world_id":"td-0d917a4eff776d999148769266591579674d2c42de6557026893a1902834f11f"}
2026-10-04T19:35:53 134.075 INF [MC7DTD] 7DTD entity sent: {"authority":"7dtd","dimension":"7dtd:main","entity_id":"95183d29-9800-4375-a0d3-6030173478e0","entity_type":"7dtd:player","lifecycle":{"event":"update"},"metadata":{},"origin":{"dimension":"7dtd:main","entity_id":"95183d29-9800-4375-a0d3-6030173478e0","game":"7dtd","world_id":"td-0d917a4eff776d999148769266591579674d2c42de6557026893a1902834f11f"},"position":{"space":"7dtd","x":-274.94924926757813,"y":61.079998016357422,"z":461.63272094726563},"rotation":{"pitch":-2.375,"roll":0,"yaw":14.749969482421875},"sequence":106,"source":"7dtd","stream_id":"aba657ef-52b0-48c5-8f0b-78d24fb0e668","type":"entity_state","version":2,"world_id":"td-0d917a4eff776d999148769266591579674d2c42de6557026893a1902834f11f"}
2026-10-04T19:35:53 134.577 INF [MC7DTD] 7DTD entity sent: {"authority":"7dtd","dimension":"7dtd:main","entity_id":"95183d29-9800-4375-a0d3-6030173478e0","entity_type":"7dtd:player","lifecycle":{"event":"update"},"metadata":{},"origin":{"dimension":"7dtd:main","entity_id":"95183d29-9800-4375-a0d3-6030173478e0","game":"7dtd","world_id":"td-0d917a4eff776d999148769266591579674d2c42de6557026893a1902834f11f"},"position":{"space":"7dtd","x":-274.94924926757813,"y":61.079998016357422,"z":461.63272094726563},"rotation":{"pitch":-2.375,"roll":0,"yaw":14.749969482421875},"sequence":107,"source":"7dtd","stream_id":"aba657ef-52b0-48c5-8f0b-78d24fb0e668","type":"entity_state","version":2,"world_id":"td-0d917a4eff776d999148769266591579674d2c42de6557026893a1902834f11f"}
2026-10-04T19:35:54 135.078 INF [MC7DTD] 7DTD entity sent: {"authority":"7dtd","dimension":"7dtd:main","entity_id":"95183d29-9800-4375-a0d3-6030173478e0","entity_type":"7dtd:player","lifecycle":{"event":"update"},"metadata":{},"origin":{"dimension":"7dtd:main","entity_id":"95183d29-9800-4375-a0d3-6030173478e0","game":"7dtd","world_id":"td-0d917a4eff776d999148769266591579674d2c42de6557026893a1902834f11f"},"position":{"space":"7dtd","x":-274.94924926757813,"y":61.079998016357422,"z":461.63272094726563},"rotation":{"pitch":-2.375,"roll":0,"yaw":14.749969482421875},"sequence":108,"source":"7dtd","stream_id":"aba657ef-52b0-48c5-8f0b-78d24fb0e668","type":"entity_state","version":2,"world_id":"td-0d917a4eff776d999148769266591579674d2c42de6557026893a1902834f11f"}
2026-10-04T19:35:54 135.580 INF [MC7DTD] 7DTD entity sent: {"authority":"7dtd","dimension":"7dtd:main","entity_id":"95183d29-9800-4375-a0d3-6030173478e0","entity_type":"7dtd:player","lifecycle":{"event":"update"},"metadata":{},"origin":{"dimension":"7dtd:main","entity_id":"95183d29-9800-4375-a0d3-6030173478e0","game":"7dtd","world_id":"td-0d917a4eff776d999148769266591579674d2c42de6557026893a1902834f11f"},"position":{"space":"7dtd","x":-274.94924926757813,"y":61.079998016357422,"z":461.63272094726563},"rotation":{"pitch":-2.375,"roll":0,"yaw":14.749969482421875},"sequence":109,"source":"7dtd","stream_id":"aba657ef-52b0-48c5-8f0b-78d24fb0e668","type":"entity_state","version":2,"world_id":"td-0d917a4eff776d999148769266591579674d2c42de6557026893a1902834f11f"}
2026-10-04T19:35:55 136.082 INF [MC7DTD] 7DTD entity sent: {"authority":"7dtd","dimension":"7dtd:main","entity_id":"95183d29-9800-4375-a0d3-6030173478e0","entity_type":"7dtd:player","lifecycle":{"event":"update"},"metadata":{},"origin":{"dimension":"7dtd:main","entity_id":"95183d29-9800-4375-a0d3-6030173478e0","game":"7dtd","world_id":"td-0d917a4eff776d999148769266591579674d2c42de6557026893a1902834f11f"},"position":{"space":"7dtd","x":-274.94924926757813,"y":61.079998016357422,"z":461.63272094726563},"rotation":{"pitch":-2.375,"roll":0,"yaw":14.749969482421875},"sequence":110,"source":"7dtd","stream_id":"aba657ef-52b0-48c5-8f0b-78d24fb0e668","type":"entity_state","version":2,"world_id":"td-0d917a4eff776d999148769266591579674d2c42de6557026893a1902834f11f"}
2026-10-04T19:35:55 136.583 INF [MC7DTD] 7DTD entity sent: {"authority":"7dtd","dimension":"7dtd:main","entity_id":"95183d29-9800-4375-a0d3-6030173478e0","entity_type":"7dtd:player","lifecycle":{"event":"update"},"metadata":{},"origin":{"dimension":"7dtd:main","entity_id":"95183d29-9800-4375-a0d3-6030173478e0","game":"7dtd","world_id":"td-0d917a4eff776d999148769266591579674d2c42de6557026893a1902834f11f"},"position":{"space":"7dtd","x":-274.94924926757813,"y":61.079998016357422,"z":461.63272094726563},"rotation":{"pitch":-2.375,"roll":0,"yaw":14.749969482421875},"sequence":111,"source":"7dtd","stream_id":"aba657ef-52b0-48c5-8f0b-78d24fb0e668","type":"entity_state","version":2,"world_id":"td-0d917a4eff776d999148769266591579674d2c42de6557026893a1902834f11f"}
2026-10-04T19:35:56 137.085 INF [MC7DTD] 7DTD entity sent: {"authority":"7dtd","dimension":"7dtd:main","entity_id":"95183d29-9800-4375-a0d3-6030173478e0","entity_type":"7dtd:player","lifecycle":{"event":"update"},"metadata":{},"origin":{"dimension":"7dtd:main","entity_id":"95183d29-9800-4375-a0d3-6030173478e0","game":"7dtd","world_id":"td-0d917a4eff776d999148769266591579674d2c42de6557026893a1902834f11f"},"position":{"space":"7dtd","x":-274.94924926757813,"y":61.079998016357422,"z":461.63272094726563},"rotation":{"pitch":-2.375,"roll":0,"yaw":14.749969482421875},"sequence":112,"source":"7dtd","stream_id":"aba657ef-52b0-48c5-8f0b-78d24fb0e668","type":"entity_state","version":2,"world_id":"td-0d917a4eff776d999148769266591579674d2c42de6557026893a1902834f11f"}
2026-10-04T19:35:56 137.588 INF [MC7DTD] 7DTD entity sent: {"authority":"7dtd","dimension":"7dtd:main","entity_id":"95183d29-9800-4375-a0d3-6030173478e0","entity_type":"7dtd:player","lifecycle":{"event":"update"},"metadata":{},"origin":{"dimension":"7dtd:main","entity_id":"95183d29-9800-4375-a0d3-6030173478e0","game":"7dtd","world_id":"td-0d917a4eff776d999148769266591579674d2c42de6557026893a1902834f11f"},"position":{"space":"7dtd","x":-274.94924926757813,"y":61.079998016357422,"z":461.63272094726563},"rotation":{"pitch":-2.375,"roll":0,"yaw":14.749969482421875},"sequence":113,"source":"7dtd","stream_id":"aba657ef-52b0-48c5-8f0b-78d24fb0e668","type":"entity_state","version":2,"world_id":"td-0d917a4eff776d999148769266591579674d2c42de6557026893a1902834f11f"}
2026-10-04T19:35:57 138.090 INF [MC7DTD] 7DTD entity sent: {"authority":"7dtd","dimension":"7dtd:main","entity_id":"95183d29-9800-4375-a0d3-6030173478e0","entity_type":"7dtd:player","lifecycle":{"event":"update"},"metadata":{},"origin":{"dimension":"7dtd:main","entity_id":"95183d29-9800-4375-a0d3-6030173478e0","game":"7dtd","world_id":"td-0d917a4eff776d999148769266591579674d2c42de6557026893a1902834f11f"},"position":{"space":"7dtd","x":-274.94924926757813,"y":61.079998016357422,"z":461.63272094726563},"rotation":{"pitch":-2.375,"roll":0,"yaw":14.749969482421875},"sequence":114,"source":"7dtd","stream_id":"aba657ef-52b0-48c5-8f0b-78d24fb0e668","type":"entity_state","version":2,"world_id":"td-0d917a4eff776d999148769266591579674d2c42de6557026893a1902834f11f"}
2026-10-04T19:35:57 138.594 INF [MC7DTD] 7DTD entity sent: {"authority":"7dtd","dimension":"7dtd:main","entity_id":"95183d29-9800-4375-a0d3-6030173478e0","entity_type":"7dtd:player","lifecycle":{"event":"update"},"metadata":{},"origin":{"dimension":"7dtd:main","entity_id":"95183d29-9800-4375-a0d3-6030173478e0","game":"7dtd","world_id":"td-0d917a4eff776d999148769266591579674d2c42de6557026893a1902834f11f"},"position":{"space":"7dtd","x":-274.94924926757813,"y":61.079998016357422,"z":461.63272094726563},"rotation":{"pitch":-2.375,"roll":0,"yaw":14.749969482421875},"sequence":115,"source":"7dtd","stream_id":"aba657ef-52b0-48c5-8f0b-78d24fb0e668","type":"entity_state","version":2,"world_id":"td-0d917a4eff776d999148769266591579674d2c42de6557026893a1902834f11f"}
2026-10-04T19:35:58 139.096 INF [MC7DTD] 7DTD entity sent: {"authority":"7dtd","dimension":"7dtd:main","entity_id":"95183d29-9800-4375-a0d3-6030173478e0","entity_type":"7dtd:player","lifecycle":{"event":"update"},"metadata":{},"origin":{"dimension":"7dtd:main","entity_id":"95183d29-9800-4375-a0d3-6030173478e0","game":"7dtd","world_id":"td-0d917a4eff776d999148769266591579674d2c42de6557026893a1902834f11f"},"position":{"space":"7dtd","x":-274.94924926757813,"y":61.079998016357422,"z":461.63272094726563},"rotation":{"pitch":-2.375,"roll":0,"yaw":14.749969482421875},"sequence":116,"source":"7dtd","stream_id":"aba657ef-52b0-48c5-8f0b-78d24fb0e668","type":"entity_state","version":2,"world_id":"td-0d917a4eff776d999148769266591579674d2c42de6557026893a1902834f11f"}
2026-10-04T19:35:58 139.598 INF [MC7DTD] 7DTD entity sent: {"authority":"7dtd","dimension":"7dtd:main","entity_id":"95183d29-9800-4375-a0d3-6030173478e0","entity_type":"7dtd:player","lifecycle":{"event":"update"},"metadata":{},"origin":{"dimension":"7dtd:main","entity_id":"95183d29-9800-4375-a0d3-6030173478e0","game":"7dtd","world_id":"td-0d917a4eff776d999148769266591579674d2c42de6557026893a1902834f11f"},"position":{"space":"7dtd","x":-274.94924926757813,"y":61.079998016357422,"z":461.63272094726563},"rotation":{"pitch":-2.375,"roll":0,"yaw":14.749969482421875},"sequence":117,"source":"7dtd","stream_id":"aba657ef-52b0-48c5-8f0b-78d24fb0e668","type":"entity_state","version":2,"world_id":"td-0d917a4eff776d999148769266591579674d2c42de6557026893a1902834f11f"}
2026-10-04T19:35:59 140.102 INF [MC7DTD] 7DTD entity sent: {"authority":"7dtd","dimension":"7dtd:main","entity_id":"95183d29-9800-4375-a0d3-6030173478e0","entity_type":"7dtd:player","lifecycle":{"event":"update"},"metadata":{},"origin":{"dimension":"7dtd:main","entity_id":"95183d29-9800-4375-a0d3-6030173478e0","game":"7dtd","world_id":"td-0d917a4eff776d999148769266591579674d2c42de6557026893a1902834f11f"},"position":{"space":"7dtd","x":-274.94924926757813,"y":61.079998016357422,"z":461.63272094726563},"rotation":{"pitch":-2.375,"roll":0,"yaw":14.749969482421875},"sequence":118,"source":"7dtd","stream_id":"aba657ef-52b0-48c5-8f0b-78d24fb0e668","type":"entity_state","version":2,"world_id":"td-0d917a4eff776d999148769266591579674d2c42de6557026893a1902834f11f"}
2026-10-04T19:35:59 140.604 INF [MC7DTD] 7DTD entity sent: {"authority":"7dtd","dimension":"7dtd:main","entity_id":"95183d29-9800-4375-a0d3-6030173478e0","entity_type":"7dtd:player","lifecycle":{"event":"update"},"metadata":{},"origin":{"dimension":"7dtd:main","entity_id":"95183d29-9800-4375-a0d3-6030173478e0","game":"7dtd","world_id":"td-0d917a4eff776d999148769266591579674d2c42de6557026893a1902834f11f"},"position":{"space":"7dtd","x":-274.94924926757813,"y":61.079998016357422,"z":461.63272094726563},"rotation":{"pitch":-2.375,"roll":0,"yaw":14.749969482421875},"sequence":119,"source":"7dtd","stream_id":"aba657ef-52b0-48c5-8f0b-78d24fb0e668","type":"entity_state","version":2,"world_id":"td-0d917a4eff776d999148769266591579674d2c42de6557026893a1902834f11f"}
2026-10-04T19:36:00 141.105 INF [MC7DTD] 7DTD entity sent: {"authority":"7dtd","dimension":"7dtd:main","entity_id":"95183d29-9800-4375-a0d3-6030173478e0","entity_type":"7dtd:player","lifecycle":{"event":"update"},"metadata":{},"origin":{"dimension":"7dtd:main","entity_id":"95183d29-9800-4375-a0d3-6030173478e0","game":"7dtd","world_id":"td-0d917a4eff776d999148769266591579674d2c42de6557026893a1902834f11f"},"position":{"space":"7dtd","x":-274.94924926757813,"y":61.079998016357422,"z":461.63272094726563},"rotation":{"pitch":-2.375,"roll":0,"yaw":14.749969482421875},"sequence":120,"source":"7dtd","stream_id":"aba657ef-52b0-48c5-8f0b-78d24fb0e668","type":"entity_state","version":2,"world_id":"td-0d917a4eff776d999148769266591579674d2c42de6557026893a1902834f11f"}
2026-10-04T19:36:00 141.607 INF [MC7DTD] 7DTD entity sent: {"authority":"7dtd","dimension":"7dtd:main","entity_id":"95183d29-9800-4375-a0d3-6030173478e0","entity_type":"7dtd:player","lifecycle":{"event":"update"},"metadata":{},"origin":{"dimension":"7dtd:main","entity_id":"95183d29-9800-4375-a0d3-6030173478e0","game":"7dtd","world_id":"td-0d917a4eff776d999148769266591579674d2c42de6557026893a1902834f11f"},"position":{"space":"7dtd","x":-274.94924926757813,"y":61.079998016357422,"z":461.63272094726563},"rotation":{"pitch":-2.375,"roll":0,"yaw":14.749969482421875},"sequence":121,"source":"7dtd","stream_id":"aba657ef-52b0-48c5-8f0b-78d24fb0e668","type":"entity_state","version":2,"world_id":"td-0d917a4eff776d999148769266591579674d2c42de6557026893a1902834f11f"}
2026-10-04T19:36:01 142.109 INF [MC7DTD] 7DTD entity sent: {"authority":"7dtd","dimension":"7dtd:main","entity_id":"95183d29-9800-4375-a0d3-6030173478e0","entity_type":"7dtd:player","lifecycle":{"event":"update"},"metadata":{},"origin":{"dimension":"7dtd:main","entity_id":"95183d29-9800-4375-a0d3-6030173478e0","game":"7dtd","world_id":"td-0d917a4eff776d999148769266591579674d2c42de6557026893a1902834f11f"},"position":{"space":"7dtd","x":-274.94924926757813,"y":61.079998016357422,"z":461.63272094726563},"rotation":{"pitch":-2.375,"roll":0,"yaw":14.749969482421875},"sequence":122,"source":"7dtd","stream_id":"aba657ef-52b0-48c5-8f0b-78d24fb0e668","type":"entity_state","version":2,"world_id":"td-0d917a4eff776d999148769266591579674d2c42de6557026893a1902834f11f"}
2026-10-04T19:36:01 142.612 INF [MC7DTD] 7DTD entity sent: {"authority":"7dtd","dimension":"7dtd:main","entity_id":"95183d29-9800-4375-a0d3-6030173478e0","entity_type":"7dtd:player","lifecycle":{"event":"update"},"metadata":{},"origin":{"dimension":"7dtd:main","entity_id":"95183d29-9800-4375-a0d3-6030173478e0","game":"7dtd","world_id":"td-0d917a4eff776d999148769266591579674d2c42de6557026893a1902834f11f"},"position":{"space":"7dtd","x":-274.94924926757813,"y":61.079998016357422,"z":461.63272094726563},"rotation":{"pitch":-2.375,"roll":0,"yaw":14.749969482421875},"sequence":123,"source":"7dtd","stream_id":"aba657ef-52b0-48c5-8f0b-78d24fb0e668","type":"entity_state","version":2,"world_id":"td-0d917a4eff776d999148769266591579674d2c42de6557026893a1902834f11f"}
2026-10-04T19:36:02 143.115 INF [MC7DTD] 7DTD entity sent: {"authority":"7dtd","dimension":"7dtd:main","entity_id":"95183d29-9800-4375-a0d3-6030173478e0","entity_type":"7dtd:player","lifecycle":{"event":"update"},"metadata":{},"origin":{"dimension":"7dtd:main","entity_id":"95183d29-9800-4375-a0d3-6030173478e0","game":"7dtd","world_id":"td-0d917a4eff776d999148769266591579674d2c42de6557026893a1902834f11f"},"position":{"space":"7dtd","x":-274.94924926757813,"y":61.079998016357422,"z":461.63272094726563},"rotation":{"pitch":-2.375,"roll":0,"yaw":14.749969482421875},"sequence":124,"source":"7dtd","stream_id":"aba657ef-52b0-48c5-8f0b-78d24fb0e668","type":"entity_state","version":2,"world_id":"td-0d917a4eff776d999148769266591579674d2c42de6557026893a1902834f11f"}
2026-10-04T19:36:02 143.616 INF [MC7DTD] 7DTD entity sent: {"authority":"7dtd","dimension":"7dtd:main","entity_id":"95183d29-9800-4375-a0d3-6030173478e0","entity_type":"7dtd:player","lifecycle":{"event":"update"},"metadata":{},"origin":{"dimension":"7dtd:main","entity_id":"95183d29-9800-4375-a0d3-6030173478e0","game":"7dtd","world_id":"td-0d917a4eff776d999148769266591579674d2c42de6557026893a1902834f11f"},"position":{"space":"7dtd","x":-274.94924926757813,"y":61.079998016357422,"z":461.63272094726563},"rotation":{"pitch":-2.375,"roll":0,"yaw":14.749969482421875},"sequence":125,"source":"7dtd","stream_id":"aba657ef-52b0-48c5-8f0b-78d24fb0e668","type":"entity_state","version":2,"world_id":"td-0d917a4eff776d999148769266591579674d2c42de6557026893a1902834f11f"}
2026-10-04T19:36:03 144.119 INF [MC7DTD] 7DTD entity sent: {"authority":"7dtd","dimension":"7dtd:main","entity_id":"95183d29-9800-4375-a0d3-6030173478e0","entity_type":"7dtd:player","lifecycle":{"event":"update"},"metadata":{},"origin":{"dimension":"7dtd:main","entity_id":"95183d29-9800-4375-a0d3-6030173478e0","game":"7dtd","world_id":"td-0d917a4eff776d999148769266591579674d2c42de6557026893a1902834f11f"},"position":{"space":"7dtd","x":-274.94924926757813,"y":61.079998016357422,"z":461.63272094726563},"rotation":{"pitch":-2.375,"roll":0,"yaw":14.749969482421875},"sequence":126,"source":"7dtd","stream_id":"aba657ef-52b0-48c5-8f0b-78d24fb0e668","type":"entity_state","version":2,"world_id":"td-0d917a4eff776d999148769266591579674d2c42de6557026893a1902834f11f"}
2026-10-04T19:36:03 144.622 INF [MC7DTD] 7DTD entity sent: {"authority":"7dtd","dimension":"7dtd:main","entity_id":"95183d29-9800-4375-a0d3-6030173478e0","entity_type":"7dtd:player","lifecycle":{"event":"update"},"metadata":{},"origin":{"dimension":"7dtd:main","entity_id":"95183d29-9800-4375-a0d3-6030173478e0","game":"7dtd","world_id":"td-0d917a4eff776d999148769266591579674d2c42de6557026893a1902834f11f"},"position":{"space":"7dtd","x":-274.94924926757813,"y":61.079998016357422,"z":461.63272094726563},"rotation":{"pitch":-2.375,"roll":0,"yaw":14.749969482421875},"sequence":127,"source":"7dtd","stream_id":"aba657ef-52b0-48c5-8f0b-78d24fb0e668","type":"entity_state","version":2,"world_id":"td-0d917a4eff776d999148769266591579674d2c42de6557026893a1902834f11f"}
2026-10-04T19:36:04 145.125 INF [MC7DTD] 7DTD entity sent: {"authority":"7dtd","dimension":"7dtd:main","entity_id":"95183d29-9800-4375-a0d3-6030173478e0","entity_type":"7dtd:player","lifecycle":{"event":"update"},"metadata":{},"origin":{"dimension":"7dtd:main","entity_id":"95183d29-9800-4375-a0d3-6030173478e0","game":"7dtd","world_id":"td-0d917a4eff776d999148769266591579674d2c42de6557026893a1902834f11f"},"position":{"space":"7dtd","x":-274.94924926757813,"y":61.079998016357422,"z":461.63272094726563},"rotation":{"pitch":-2.375,"roll":0,"yaw":14.749969482421875},"sequence":128,"source":"7dtd","stream_id":"aba657ef-52b0-48c5-8f0b-78d24fb0e668","type":"entity_state","version":2,"world_id":"td-0d917a4eff776d999148769266591579674d2c42de6557026893a1902834f11f"}
2026-10-04T19:36:04 145.626 INF [MC7DTD] 7DTD entity sent: {"authority":"7dtd","dimension":"7dtd:main","entity_id":"95183d29-9800-4375-a0d3-6030173478e0","entity_type":"7dtd:player","lifecycle":{"event":"update"},"metadata":{},"origin":{"dimension":"7dtd:main","entity_id":"95183d29-9800-4375-a0d3-6030173478e0","game":"7dtd","world_id":"td-0d917a4eff776d999148769266591579674d2c42de6557026893a1902834f11f"},"position":{"space":"7dtd","x":-274.94924926757813,"y":61.079998016357422,"z":461.63272094726563},"rotation":{"pitch":-2.375,"roll":0,"yaw":14.749969482421875},"sequence":129,"source":"7dtd","stream_id":"aba657ef-52b0-48c5-8f0b-78d24fb0e668","type":"entity_state","version":2,"world_id":"td-0d917a4eff776d999148769266591579674d2c42de6557026893a1902834f11f"}
2026-10-04T19:36:05 146.128 INF [MC7DTD] 7DTD entity sent: {"authority":"7dtd","dimension":"7dtd:main","entity_id":"95183d29-9800-4375-a0d3-6030173478e0","entity_type":"7dtd:player","lifecycle":{"event":"update"},"metadata":{},"origin":{"dimension":"7dtd:main","entity_id":"95183d29-9800-4375-a0d3-6030173478e0","game":"7dtd","world_id":"td-0d917a4eff776d999148769266591579674d2c42de6557026893a1902834f11f"},"position":{"space":"7dtd","x":-274.94924926757813,"y":61.079998016357422,"z":461.63272094726563},"rotation":{"pitch":-2.375,"roll":0,"yaw":14.749969482421875},"sequence":130,"source":"7dtd","stream_id":"aba657ef-52b0-48c5-8f0b-78d24fb0e668","type":"entity_state","version":2,"world_id":"td-0d917a4eff776d999148769266591579674d2c42de6557026893a1902834f11f"}
2026-10-04T19:36:05 146.630 INF [MC7DTD] 7DTD entity sent: {"authority":"7dtd","dimension":"7dtd:main","entity_id":"95183d29-9800-4375-a0d3-6030173478e0","entity_type":"7dtd:player","lifecycle":{"event":"update"},"metadata":{},"origin":{"dimension":"7dtd:main","entity_id":"95183d29-9800-4375-a0d3-6030173478e0","game":"7dtd","world_id":"td-0d917a4eff776d999148769266591579674d2c42de6557026893a1902834f11f"},"position":{"space":"7dtd","x":-274.94924926757813,"y":61.079998016357422,"z":461.63272094726563},"rotation":{"pitch":-2.375,"roll":0,"yaw":14.749969482421875},"sequence":131,"source":"7dtd","stream_id":"aba657ef-52b0-48c5-8f0b-78d24fb0e668","type":"entity_state","version":2,"world_id":"td-0d917a4eff776d999148769266591579674d2c42de6557026893a1902834f11f"}
2026-10-04T19:36:06 147.132 INF [MC7DTD] 7DTD entity sent: {"authority":"7dtd","dimension":"7dtd:main","entity_id":"95183d29-9800-4375-a0d3-6030173478e0","entity_type":"7dtd:player","lifecycle":{"event":"update"},"metadata":{},"origin":{"dimension":"7dtd:main","entity_id":"95183d29-9800-4375-a0d3-6030173478e0","game":"7dtd","world_id":"td-0d917a4eff776d999148769266591579674d2c42de6557026893a1902834f11f"},"position":{"space":"7dtd","x":-274.94924926757813,"y":61.079998016357422,"z":461.63272094726563},"rotation":{"pitch":-2.375,"roll":0,"yaw":14.749969482421875},"sequence":132,"source":"7dtd","stream_id":"aba657ef-52b0-48c5-8f0b-78d24fb0e668","type":"entity_state","version":2,"world_id":"td-0d917a4eff776d999148769266591579674d2c42de6557026893a1902834f11f"}
2026-10-04T19:36:06 147.634 INF [MC7DTD] 7DTD entity sent: {"authority":"7dtd","dimension":"7dtd:main","entity_id":"95183d29-9800-4375-a0d3-6030173478e0","entity_type":"7dtd:player","lifecycle":{"event":"update"},"metadata":{},"origin":{"dimension":"7dtd:main","entity_id":"95183d29-9800-4375-a0d3-6030173478e0","game":"7dtd","world_id":"td-0d917a4eff776d999148769266591579674d2c42de6557026893a1902834f11f"},"position":{"space":"7dtd","x":-274.94924926757813,"y":61.079998016357422,"z":461.63272094726563},"rotation":{"pitch":-2.375,"roll":0,"yaw":14.749969482421875},"sequence":133,"source":"7dtd","stream_id":"aba657ef-52b0-48c5-8f0b-78d24fb0e668","type":"entity_state","version":2,"world_id":"td-0d917a4eff776d999148769266591579674d2c42de6557026893a1902834f11f"}
2026-10-04T19:36:07 148.135 INF [MC7DTD] 7DTD entity sent: {"authority":"7dtd","dimension":"7dtd:main","entity_id":"95183d29-9800-4375-a0d3-6030173478e0","entity_type":"7dtd:player","lifecycle":{"event":"update"},"metadata":{},"origin":{"dimension":"7dtd:main","entity_id":"95183d29-9800-4375-a0d3-6030173478e0","game":"7dtd","world_id":"td-0d917a4eff776d999148769266591579674d2c42de6557026893a1902834f11f"},"position":{"space":"7dtd","x":-274.94924926757813,"y":61.079998016357422,"z":461.63272094726563},"rotation":{"pitch":-2.375,"roll":0,"yaw":14.749969482421875},"sequence":134,"source":"7dtd","stream_id":"aba657ef-52b0-48c5-8f0b-78d24fb0e668","type":"entity_state","version":2,"world_id":"td-0d917a4eff776d999148769266591579674d2c42de6557026893a1902834f11f"}
2026-10-04T19:36:07 148.637 INF [MC7DTD] 7DTD entity sent: {"authority":"7dtd","dimension":"7dtd:main","entity_id":"95183d29-9800-4375-a0d3-6030173478e0","entity_type":"7dtd:player","lifecycle":{"event":"update"},"metadata":{},"origin":{"dimension":"7dtd:main","entity_id":"95183d29-9800-4375-a0d3-6030173478e0","game":"7dtd","world_id":"td-0d917a4eff776d999148769266591579674d2c42de6557026893a1902834f11f"},"position":{"space":"7dtd","x":-274.94924926757813,"y":61.079998016357422,"z":461.63272094726563},"rotation":{"pitch":-2.375,"roll":0,"yaw":14.749969482421875},"sequence":135,"source":"7dtd","stream_id":"aba657ef-52b0-48c5-8f0b-78d24fb0e668","type":"entity_state","version":2,"world_id":"td-0d917a4eff776d999148769266591579674d2c42de6557026893a1902834f11f"}
2026-10-04T19:36:08 149.139 INF [MC7DTD] 7DTD entity sent: {"authority":"7dtd","dimension":"7dtd:main","entity_id":"95183d29-9800-4375-a0d3-6030173478e0","entity_type":"7dtd:player","lifecycle":{"event":"update"},"metadata":{},"origin":{"dimension":"7dtd:main","entity_id":"95183d29-9800-4375-a0d3-6030173478e0","game":"7dtd","world_id":"td-0d917a4eff776d999148769266591579674d2c42de6557026893a1902834f11f"},"position":{"space":"7dtd","x":-274.94924926757813,"y":61.079998016357422,"z":461.63272094726563},"rotation":{"pitch":-2.375,"roll":0,"yaw":14.749969482421875},"sequence":136,"source":"7dtd","stream_id":"aba657ef-52b0-48c5-8f0b-78d24fb0e668","type":"entity_state","version":2,"world_id":"td-0d917a4eff776d999148769266591579674d2c42de6557026893a1902834f11f"}
2026-10-04T19:36:08 149.641 INF [MC7DTD] 7DTD entity sent: {"authority":"7dtd","dimension":"7dtd:main","entity_id":"95183d29-9800-4375-a0d3-6030173478e0","entity_type":"7dtd:player","lifecycle":{"event":"update"},"metadata":{},"origin":{"dimension":"7dtd:main","entity_id":"95183d29-9800-4375-a0d3-6030173478e0","game":"7dtd","world_id":"td-0d917a4eff776d999148769266591579674d2c42de6557026893a1902834f11f"},"position":{"space":"7dtd","x":-274.94924926757813,"y":61.079998016357422,"z":461.63272094726563},"rotation":{"pitch":-2.375,"roll":0,"yaw":14.749969482421875},"sequence":137,"source":"7dtd","stream_id":"aba657ef-52b0-48c5-8f0b-78d24fb0e668","type":"entity_state","version":2,"world_id":"td-0d917a4eff776d999148769266591579674d2c42de6557026893a1902834f11f"}
2026-10-04T19:36:09 150.144 INF [MC7DTD] 7DTD entity sent: {"authority":"7dtd","dimension":"7dtd:main","entity_id":"95183d29-9800-4375-a0d3-6030173478e0","entity_type":"7dtd:player","lifecycle":{"event":"update"},"metadata":{},"origin":{"dimension":"7dtd:main","entity_id":"95183d29-9800-4375-a0d3-6030173478e0","game":"7dtd","world_id":"td-0d917a4eff776d999148769266591579674d2c42de6557026893a1902834f11f"},"position":{"space":"7dtd","x":-274.94924926757813,"y":61.079998016357422,"z":461.63272094726563},"rotation":{"pitch":-2.375,"roll":0,"yaw":14.749969482421875},"sequence":138,"source":"7dtd","stream_id":"aba657ef-52b0-48c5-8f0b-78d24fb0e668","type":"entity_state","version":2,"world_id":"td-0d917a4eff776d999148769266591579674d2c42de6557026893a1902834f11f"}
2026-10-04T19:36:09 150.646 INF [MC7DTD] 7DTD entity sent: {"authority":"7dtd","dimension":"7dtd:main","entity_id":"95183d29-9800-4375-a0d3-6030173478e0","entity_type":"7dtd:player","lifecycle":{"event":"update"},"metadata":{},"origin":{"dimension":"7dtd:main","entity_id":"95183d29-9800-4375-a0d3-6030173478e0","game":"7dtd","world_id":"td-0d917a4eff776d999148769266591579674d2c42de6557026893a1902834f11f"},"position":{"space":"7dtd","x":-274.94924926757813,"y":61.079998016357422,"z":461.63272094726563},"rotation":{"pitch":-2.375,"roll":0,"yaw":14.749969482421875},"sequence":139,"source":"7dtd","stream_id":"aba657ef-52b0-48c5-8f0b-78d24fb0e668","type":"entity_state","version":2,"world_id":"td-0d917a4eff776d999148769266591579674d2c42de6557026893a1902834f11f"}
2026-10-04T19:36:10 151.149 INF [MC7DTD] 7DTD entity sent: {"authority":"7dtd","dimension":"7dtd:main","entity_id":"95183d29-9800-4375-a0d3-6030173478e0","entity_type":"7dtd:player","lifecycle":{"event":"update"},"metadata":{},"origin":{"dimension":"7dtd:main","entity_id":"95183d29-9800-4375-a0d3-6030173478e0","game":"7dtd","world_id":"td-0d917a4eff776d999148769266591579674d2c42de6557026893a1902834f11f"},"position":{"space":"7dtd","x":-274.94924926757813,"y":61.079998016357422,"z":461.63272094726563},"rotation":{"pitch":-2.375,"roll":0,"yaw":14.749969482421875},"sequence":140,"source":"7dtd","stream_id":"aba657ef-52b0-48c5-8f0b-78d24fb0e668","type":"entity_state","version":2,"world_id":"td-0d917a4eff776d999148769266591579674d2c42de6557026893a1902834f11f"}
2026-10-04T19:36:10 151.651 INF [MC7DTD] 7DTD entity sent: {"authority":"7dtd","dimension":"7dtd:main","entity_id":"95183d29-9800-4375-a0d3-6030173478e0","entity_type":"7dtd:player","lifecycle":{"event":"update"},"metadata":{},"origin":{"dimension":"7dtd:main","entity_id":"95183d29-9800-4375-a0d3-6030173478e0","game":"7dtd","world_id":"td-0d917a4eff776d999148769266591579674d2c42de6557026893a1902834f11f"},"position":{"space":"7dtd","x":-274.94924926757813,"y":61.079998016357422,"z":461.63272094726563},"rotation":{"pitch":-2.375,"roll":0,"yaw":14.749969482421875},"sequence":141,"source":"7dtd","stream_id":"aba657ef-52b0-48c5-8f0b-78d24fb0e668","type":"entity_state","version":2,"world_id":"td-0d917a4eff776d999148769266591579674d2c42de6557026893a1902834f11f"}
2026-10-04T19:36:11 152.153 INF [MC7DTD] 7DTD entity sent: {"authority":"7dtd","dimension":"7dtd:main","entity_id":"95183d29-9800-4375-a0d3-6030173478e0","entity_type":"7dtd:player","lifecycle":{"event":"update"},"metadata":{},"origin":{"dimension":"7dtd:main","entity_id":"95183d29-9800-4375-a0d3-6030173478e0","game":"7dtd","world_id":"td-0d917a4eff776d999148769266591579674d2c42de6557026893a1902834f11f"},"position":{"space":"7dtd","x":-274.94924926757813,"y":61.079998016357422,"z":461.63272094726563},"rotation":{"pitch":-2.375,"roll":0,"yaw":14.749969482421875},"sequence":142,"source":"7dtd","stream_id":"aba657ef-52b0-48c5-8f0b-78d24fb0e668","type":"entity_state","version":2,"world_id":"td-0d917a4eff776d999148769266591579674d2c42de6557026893a1902834f11f"}
2026-10-04T19:36:11 152.655 INF [MC7DTD] 7DTD entity sent: {"authority":"7dtd","dimension":"7dtd:main","entity_id":"95183d29-9800-4375-a0d3-6030173478e0","entity_type":"7dtd:player","lifecycle":{"event":"update"},"metadata":{},"origin":{"dimension":"7dtd:main","entity_id":"95183d29-9800-4375-a0d3-6030173478e0","game":"7dtd","world_id":"td-0d917a4eff776d999148769266591579674d2c42de6557026893a1902834f11f"},"position":{"space":"7dtd","x":-274.94924926757813,"y":61.079998016357422,"z":461.63272094726563},"rotation":{"pitch":-2.375,"roll":0,"yaw":14.749969482421875},"sequence":143,"source":"7dtd","stream_id":"aba657ef-52b0-48c5-8f0b-78d24fb0e668","type":"entity_state","version":2,"world_id":"td-0d917a4eff776d999148769266591579674d2c42de6557026893a1902834f11f"}
2026-10-04T19:36:12 153.158 INF [MC7DTD] 7DTD entity sent: {"authority":"7dtd","dimension":"7dtd:main","entity_id":"95183d29-9800-4375-a0d3-6030173478e0","entity_type":"7dtd:player","lifecycle":{"event":"update"},"metadata":{},"origin":{"dimension":"7dtd:main","entity_id":"95183d29-9800-4375-a0d3-6030173478e0","game":"7dtd","world_id":"td-0d917a4eff776d999148769266591579674d2c42de6557026893a1902834f11f"},"position":{"space":"7dtd","x":-274.94924926757813,"y":61.079998016357422,"z":461.63272094726563},"rotation":{"pitch":-2.375,"roll":0,"yaw":14.749969482421875},"sequence":144,"source":"7dtd","stream_id":"aba657ef-52b0-48c5-8f0b-78d24fb0e668","type":"entity_state","version":2,"world_id":"td-0d917a4eff776d999148769266591579674d2c42de6557026893a1902834f11f"}
2026-10-04T19:36:12 153.660 INF [MC7DTD] 7DTD entity sent: {"authority":"7dtd","dimension":"7dtd:main","entity_id":"95183d29-9800-4375-a0d3-6030173478e0","entity_type":"7dtd:player","lifecycle":{"event":"update"},"metadata":{},"origin":{"dimension":"7dtd:main","entity_id":"95183d29-9800-4375-a0d3-6030173478e0","game":"7dtd","world_id":"td-0d917a4eff776d999148769266591579674d2c42de6557026893a1902834f11f"},"position":{"space":"7dtd","x":-274.94924926757813,"y":61.079998016357422,"z":461.63272094726563},"rotation":{"pitch":-2.375,"roll":0,"yaw":14.749969482421875},"sequence":145,"source":"7dtd","stream_id":"aba657ef-52b0-48c5-8f0b-78d24fb0e668","type":"entity_state","version":2,"world_id":"td-0d917a4eff776d999148769266591579674d2c42de6557026893a1902834f11f"}
2026-10-04T19:36:13 154.163 INF [MC7DTD] 7DTD entity sent: {"authority":"7dtd","dimension":"7dtd:main","entity_id":"95183d29-9800-4375-a0d3-6030173478e0","entity_type":"7dtd:player","lifecycle":{"event":"update"},"metadata":{},"origin":{"dimension":"7dtd:main","entity_id":"95183d29-9800-4375-a0d3-6030173478e0","game":"7dtd","world_id":"td-0d917a4eff776d999148769266591579674d2c42de6557026893a1902834f11f"},"position":{"space":"7dtd","x":-274.94924926757813,"y":61.079998016357422,"z":461.63272094726563},"rotation":{"pitch":-2.375,"roll":0,"yaw":14.749969482421875},"sequence":146,"source":"7dtd","stream_id":"aba657ef-52b0-48c5-8f0b-78d24fb0e668","type":"entity_state","version":2,"world_id":"td-0d917a4eff776d999148769266591579674d2c42de6557026893a1902834f11f"}
2026-10-04T19:36:13 154.665 INF [MC7DTD] 7DTD entity sent: {"authority":"7dtd","dimension":"7dtd:main","entity_id":"95183d29-9800-4375-a0d3-6030173478e0","entity_type":"7dtd:player","lifecycle":{"event":"update"},"metadata":{},"origin":{"dimension":"7dtd:main","entity_id":"95183d29-9800-4375-a0d3-6030173478e0","game":"7dtd","world_id":"td-0d917a4eff776d999148769266591579674d2c42de6557026893a1902834f11f"},"position":{"space":"7dtd","x":-274.94924926757813,"y":61.079998016357422,"z":461.63272094726563},"rotation":{"pitch":-2.375,"roll":0,"yaw":14.749969482421875},"sequence":147,"source":"7dtd","stream_id":"aba657ef-52b0-48c5-8f0b-78d24fb0e668","type":"entity_state","version":2,"world_id":"td-0d917a4eff776d999148769266591579674d2c42de6557026893a1902834f11f"}
2026-10-04T19:36:14 155.168 INF [MC7DTD] 7DTD entity sent: {"authority":"7dtd","dimension":"7dtd:main","entity_id":"95183d29-9800-4375-a0d3-6030173478e0","entity_type":"7dtd:player","lifecycle":{"event":"update"},"metadata":{},"origin":{"dimension":"7dtd:main","entity_id":"95183d29-9800-4375-a0d3-6030173478e0","game":"7dtd","world_id":"td-0d917a4eff776d999148769266591579674d2c42de6557026893a1902834f11f"},"position":{"space":"7dtd","x":-274.94924926757813,"y":61.079998016357422,"z":461.63272094726563},"rotation":{"pitch":-2.375,"roll":0,"yaw":14.749969482421875},"sequence":148,"source":"7dtd","stream_id":"aba657ef-52b0-48c5-8f0b-78d24fb0e668","type":"entity_state","version":2,"world_id":"td-0d917a4eff776d999148769266591579674d2c42de6557026893a1902834f11f"}
2026-10-04T19:36:14 155.669 INF [MC7DTD] 7DTD entity sent: {"authority":"7dtd","dimension":"7dtd:main","entity_id":"95183d29-9800-4375-a0d3-6030173478e0","entity_type":"7dtd:player","lifecycle":{"event":"update"},"metadata":{},"origin":{"dimension":"7dtd:main","entity_id":"95183d29-9800-4375-a0d3-6030173478e0","game":"7dtd","world_id":"td-0d917a4eff776d999148769266591579674d2c42de6557026893a1902834f11f"},"position":{"space":"7dtd","x":-274.94924926757813,"y":61.079998016357422,"z":461.63272094726563},"rotation":{"pitch":-2.375,"roll":0,"yaw":14.749969482421875},"sequence":149,"source":"7dtd","stream_id":"aba657ef-52b0-48c5-8f0b-78d24fb0e668","type":"entity_state","version":2,"world_id":"td-0d917a4eff776d999148769266591579674d2c42de6557026893a1902834f11f"}
2026-10-04T19:36:15 156.171 INF [MC7DTD] 7DTD entity sent: {"authority":"7dtd","dimension":"7dtd:main","entity_id":"95183d29-9800-4375-a0d3-6030173478e0","entity_type":"7dtd:player","lifecycle":{"event":"update"},"metadata":{},"origin":{"dimension":"7dtd:main","entity_id":"95183d29-9800-4375-a0d3-6030173478e0","game":"7dtd","world_id":"td-0d917a4eff776d999148769266591579674d2c42de6557026893a1902834f11f"},"position":{"space":"7dtd","x":-274.94924926757813,"y":61.079998016357422,"z":461.63272094726563},"rotation":{"pitch":-2.375,"roll":0,"yaw":14.749969482421875},"sequence":150,"source":"7dtd","stream_id":"aba657ef-52b0-48c5-8f0b-78d24fb0e668","type":"entity_state","version":2,"world_id":"td-0d917a4eff776d999148769266591579674d2c42de6557026893a1902834f11f"}
2026-10-04T19:36:15 156.672 INF [MC7DTD] 7DTD entity sent: {"authority":"7dtd","dimension":"7dtd:main","entity_id":"95183d29-9800-4375-a0d3-6030173478e0","entity_type":"7dtd:player","lifecycle":{"event":"update"},"metadata":{},"origin":{"dimension":"7dtd:main","entity_id":"95183d29-9800-4375-a0d3-6030173478e0","game":"7dtd","world_id":"td-0d917a4eff776d999148769266591579674d2c42de6557026893a1902834f11f"},"position":{"space":"7dtd","x":-274.94924926757813,"y":61.079998016357422,"z":461.63272094726563},"rotation":{"pitch":-2.375,"roll":0,"yaw":14.749969482421875},"sequence":151,"source":"7dtd","stream_id":"aba657ef-52b0-48c5-8f0b-78d24fb0e668","type":"entity_state","version":2,"world_id":"td-0d917a4eff776d999148769266591579674d2c42de6557026893a1902834f11f"}
2026-10-04T19:36:16 157.174 INF [MC7DTD] 7DTD entity sent: {"authority":"7dtd","dimension":"7dtd:main","entity_id":"95183d29-9800-4375-a0d3-6030173478e0","entity_type":"7dtd:player","lifecycle":{"event":"update"},"metadata":{},"origin":{"dimension":"7dtd:main","entity_id":"95183d29-9800-4375-a0d3-6030173478e0","game":"7dtd","world_id":"td-0d917a4eff776d999148769266591579674d2c42de6557026893a1902834f11f"},"position":{"space":"7dtd","x":-274.94924926757813,"y":61.079998016357422,"z":461.63272094726563},"rotation":{"pitch":-2.375,"roll":0,"yaw":14.749969482421875},"sequence":152,"source":"7dtd","stream_id":"aba657ef-52b0-48c5-8f0b-78d24fb0e668","type":"entity_state","version":2,"world_id":"td-0d917a4eff776d999148769266591579674d2c42de6557026893a1902834f11f"}
2026-10-04T19:36:16 157.675 INF [MC7DTD] 7DTD entity sent: {"authority":"7dtd","dimension":"7dtd:main","entity_id":"95183d29-9800-4375-a0d3-6030173478e0","entity_type":"7dtd:player","lifecycle":{"event":"update"},"metadata":{},"origin":{"dimension":"7dtd:main","entity_id":"95183d29-9800-4375-a0d3-6030173478e0","game":"7dtd","world_id":"td-0d917a4eff776d999148769266591579674d2c42de6557026893a1902834f11f"},"position":{"space":"7dtd","x":-274.94924926757813,"y":61.079998016357422,"z":461.63272094726563},"rotation":{"pitch":-2.375,"roll":0,"yaw":14.749969482421875},"sequence":153,"source":"7dtd","stream_id":"aba657ef-52b0-48c5-8f0b-78d24fb0e668","type":"entity_state","version":2,"world_id":"td-0d917a4eff776d999148769266591579674d2c42de6557026893a1902834f11f"}
2026-10-04T19:36:17 158.177 INF [MC7DTD] 7DTD entity sent: {"authority":"7dtd","dimension":"7dtd:main","entity_id":"95183d29-9800-4375-a0d3-6030173478e0","entity_type":"7dtd:player","lifecycle":{"event":"update"},"metadata":{},"origin":{"dimension":"7dtd:main","entity_id":"95183d29-9800-4375-a0d3-6030173478e0","game":"7dtd","world_id":"td-0d917a4eff776d999148769266591579674d2c42de6557026893a1902834f11f"},"position":{"space":"7dtd","x":-274.94924926757813,"y":61.079998016357422,"z":461.63272094726563},"rotation":{"pitch":-2.375,"roll":0,"yaw":14.749969482421875},"sequence":154,"source":"7dtd","stream_id":"aba657ef-52b0-48c5-8f0b-78d24fb0e668","type":"entity_state","version":2,"world_id":"td-0d917a4eff776d999148769266591579674d2c42de6557026893a1902834f11f"}
2026-10-04T19:36:17 158.679 INF [MC7DTD] 7DTD entity sent: {"authority":"7dtd","dimension":"7dtd:main","entity_id":"95183d29-9800-4375-a0d3-6030173478e0","entity_type":"7dtd:player","lifecycle":{"event":"update"},"metadata":{},"origin":{"dimension":"7dtd:main","entity_id":"95183d29-9800-4375-a0d3-6030173478e0","game":"7dtd","world_id":"td-0d917a4eff776d999148769266591579674d2c42de6557026893a1902834f11f"},"position":{"space":"7dtd","x":-274.94924926757813,"y":61.079998016357422,"z":461.63272094726563},"rotation":{"pitch":-2.375,"roll":0,"yaw":14.749969482421875},"sequence":155,"source":"7dtd","stream_id":"aba657ef-52b0-48c5-8f0b-78d24fb0e668","type":"entity_state","version":2,"world_id":"td-0d917a4eff776d999148769266591579674d2c42de6557026893a1902834f11f"}
2026-10-04T19:36:18 159.181 INF [MC7DTD] 7DTD entity sent: {"authority":"7dtd","dimension":"7dtd:main","entity_id":"95183d29-9800-4375-a0d3-6030173478e0","entity_type":"7dtd:player","lifecycle":{"event":"update"},"metadata":{},"origin":{"dimension":"7dtd:main","entity_id":"95183d29-9800-4375-a0d3-6030173478e0","game":"7dtd","world_id":"td-0d917a4eff776d999148769266591579674d2c42de6557026893a1902834f11f"},"position":{"space":"7dtd","x":-274.94924926757813,"y":61.079998016357422,"z":461.63272094726563},"rotation":{"pitch":-2.375,"roll":0,"yaw":14.749969482421875},"sequence":156,"source":"7dtd","stream_id":"aba657ef-52b0-48c5-8f0b-78d24fb0e668","type":"entity_state","version":2,"world_id":"td-0d917a4eff776d999148769266591579674d2c42de6557026893a1902834f11f"}
2026-10-04T19:36:18 159.683 INF [MC7DTD] 7DTD entity sent: {"authority":"7dtd","dimension":"7dtd:main","entity_id":"95183d29-9800-4375-a0d3-6030173478e0","entity_type":"7dtd:player","lifecycle":{"event":"update"},"metadata":{},"origin":{"dimension":"7dtd:main","entity_id":"95183d29-9800-4375-a0d3-6030173478e0","game":"7dtd","world_id":"td-0d917a4eff776d999148769266591579674d2c42de6557026893a1902834f11f"},"position":{"space":"7dtd","x":-274.94924926757813,"y":61.079998016357422,"z":461.63272094726563},"rotation":{"pitch":-2.375,"roll":0,"yaw":14.749969482421875},"sequence":157,"source":"7dtd","stream_id":"aba657ef-52b0-48c5-8f0b-78d24fb0e668","type":"entity_state","version":2,"world_id":"td-0d917a4eff776d999148769266591579674d2c42de6557026893a1902834f11f"}
2026-10-04T19:36:19 160.185 INF [MC7DTD] 7DTD entity sent: {"authority":"7dtd","dimension":"7dtd:main","entity_id":"95183d29-9800-4375-a0d3-6030173478e0","entity_type":"7dtd:player","lifecycle":{"event":"update"},"metadata":{},"origin":{"dimension":"7dtd:main","entity_id":"95183d29-9800-4375-a0d3-6030173478e0","game":"7dtd","world_id":"td-0d917a4eff776d999148769266591579674d2c42de6557026893a1902834f11f"},"position":{"space":"7dtd","x":-274.94924926757813,"y":61.079998016357422,"z":461.63272094726563},"rotation":{"pitch":-2.375,"roll":0,"yaw":14.749969482421875},"sequence":158,"source":"7dtd","stream_id":"aba657ef-52b0-48c5-8f0b-78d24fb0e668","type":"entity_state","version":2,"world_id":"td-0d917a4eff776d999148769266591579674d2c42de6557026893a1902834f11f"}
2026-10-04T19:36:19 160.688 INF [MC7DTD] 7DTD entity sent: {"authority":"7dtd","dimension":"7dtd:main","entity_id":"95183d29-9800-4375-a0d3-6030173478e0","entity_type":"7dtd:player","lifecycle":{"event":"update"},"metadata":{},"origin":{"dimension":"7dtd:main","entity_id":"95183d29-9800-4375-a0d3-6030173478e0","game":"7dtd","world_id":"td-0d917a4eff776d999148769266591579674d2c42de6557026893a1902834f11f"},"position":{"space":"7dtd","x":-274.94924926757813,"y":61.079998016357422,"z":461.63272094726563},"rotation":{"pitch":-2.375,"roll":0,"yaw":14.749969482421875},"sequence":159,"source":"7dtd","stream_id":"aba657ef-52b0-48c5-8f0b-78d24fb0e668","type":"entity_state","version":2,"world_id":"td-0d917a4eff776d999148769266591579674d2c42de6557026893a1902834f11f"}
2026-10-04T19:36:20 161.190 INF [MC7DTD] 7DTD entity sent: {"authority":"7dtd","dimension":"7dtd:main","entity_id":"95183d29-9800-4375-a0d3-6030173478e0","entity_type":"7dtd:player","lifecycle":{"event":"update"},"metadata":{},"origin":{"dimension":"7dtd:main","entity_id":"95183d29-9800-4375-a0d3-6030173478e0","game":"7dtd","world_id":"td-0d917a4eff776d999148769266591579674d2c42de6557026893a1902834f11f"},"position":{"space":"7dtd","x":-274.94924926757813,"y":61.079998016357422,"z":461.63272094726563},"rotation":{"pitch":-2.375,"roll":0,"yaw":14.749969482421875},"sequence":160,"source":"7dtd","stream_id":"aba657ef-52b0-48c5-8f0b-78d24fb0e668","type":"entity_state","version":2,"world_id":"td-0d917a4eff776d999148769266591579674d2c42de6557026893a1902834f11f"}
2026-10-04T19:36:20 161.691 INF [MC7DTD] 7DTD entity sent: {"authority":"7dtd","dimension":"7dtd:main","entity_id":"95183d29-9800-4375-a0d3-6030173478e0","entity_type":"7dtd:player","lifecycle":{"event":"update"},"metadata":{},"origin":{"dimension":"7dtd:main","entity_id":"95183d29-9800-4375-a0d3-6030173478e0","game":"7dtd","world_id":"td-0d917a4eff776d999148769266591579674d2c42de6557026893a1902834f11f"},"position":{"space":"7dtd","x":-274.94924926757813,"y":61.079998016357422,"z":461.63272094726563},"rotation":{"pitch":-2.375,"roll":0,"yaw":14.749969482421875},"sequence":161,"source":"7dtd","stream_id":"aba657ef-52b0-48c5-8f0b-78d24fb0e668","type":"entity_state","version":2,"world_id":"td-0d917a4eff776d999148769266591579674d2c42de6557026893a1902834f11f"}
2026-10-04T19:36:21 162.193 INF [MC7DTD] 7DTD entity sent: {"authority":"7dtd","dimension":"7dtd:main","entity_id":"95183d29-9800-4375-a0d3-6030173478e0","entity_type":"7dtd:player","lifecycle":{"event":"update"},"metadata":{},"origin":{"dimension":"7dtd:main","entity_id":"95183d29-9800-4375-a0d3-6030173478e0","game":"7dtd","world_id":"td-0d917a4eff776d999148769266591579674d2c42de6557026893a1902834f11f"},"position":{"space":"7dtd","x":-274.94924926757813,"y":61.079998016357422,"z":461.63272094726563},"rotation":{"pitch":-2.375,"roll":0,"yaw":14.749969482421875},"sequence":162,"source":"7dtd","stream_id":"aba657ef-52b0-48c5-8f0b-78d24fb0e668","type":"entity_state","version":2,"world_id":"td-0d917a4eff776d999148769266591579674d2c42de6557026893a1902834f11f"}
2026-10-04T19:36:21 162.695 INF [MC7DTD] 7DTD entity sent: {"authority":"7dtd","dimension":"7dtd:main","entity_id":"95183d29-9800-4375-a0d3-6030173478e0","entity_type":"7dtd:player","lifecycle":{"event":"update"},"metadata":{},"origin":{"dimension":"7dtd:main","entity_id":"95183d29-9800-4375-a0d3-6030173478e0","game":"7dtd","world_id":"td-0d917a4eff776d999148769266591579674d2c42de6557026893a1902834f11f"},"position":{"space":"7dtd","x":-274.94924926757813,"y":61.079998016357422,"z":461.63272094726563},"rotation":{"pitch":-2.375,"roll":0,"yaw":14.749969482421875},"sequence":163,"source":"7dtd","stream_id":"aba657ef-52b0-48c5-8f0b-78d24fb0e668","type":"entity_state","version":2,"world_id":"td-0d917a4eff776d999148769266591579674d2c42de6557026893a1902834f11f"}
2026-10-04T19:36:22 163.197 INF [MC7DTD] 7DTD entity sent: {"authority":"7dtd","dimension":"7dtd:main","entity_id":"95183d29-9800-4375-a0d3-6030173478e0","entity_type":"7dtd:player","lifecycle":{"event":"update"},"metadata":{},"origin":{"dimension":"7dtd:main","entity_id":"95183d29-9800-4375-a0d3-6030173478e0","game":"7dtd","world_id":"td-0d917a4eff776d999148769266591579674d2c42de6557026893a1902834f11f"},"position":{"space":"7dtd","x":-274.94924926757813,"y":61.079998016357422,"z":461.63272094726563},"rotation":{"pitch":-2.375,"roll":0,"yaw":14.749969482421875},"sequence":164,"source":"7dtd","stream_id":"aba657ef-52b0-48c5-8f0b-78d24fb0e668","type":"entity_state","version":2,"world_id":"td-0d917a4eff776d999148769266591579674d2c42de6557026893a1902834f11f"}
2026-10-04T19:36:22 163.699 INF [MC7DTD] 7DTD entity sent: {"authority":"7dtd","dimension":"7dtd:main","entity_id":"95183d29-9800-4375-a0d3-6030173478e0","entity_type":"7dtd:player","lifecycle":{"event":"update"},"metadata":{},"origin":{"dimension":"7dtd:main","entity_id":"95183d29-9800-4375-a0d3-6030173478e0","game":"7dtd","world_id":"td-0d917a4eff776d999148769266591579674d2c42de6557026893a1902834f11f"},"position":{"space":"7dtd","x":-274.94924926757813,"y":61.079998016357422,"z":461.63272094726563},"rotation":{"pitch":-2.375,"roll":0,"yaw":14.749969482421875},"sequence":165,"source":"7dtd","stream_id":"aba657ef-52b0-48c5-8f0b-78d24fb0e668","type":"entity_state","version":2,"world_id":"td-0d917a4eff776d999148769266591579674d2c42de6557026893a1902834f11f"}
2026-10-04T19:36:23 164.201 INF [MC7DTD] 7DTD entity sent: {"authority":"7dtd","dimension":"7dtd:main","entity_id":"95183d29-9800-4375-a0d3-6030173478e0","entity_type":"7dtd:player","lifecycle":{"event":"update"},"metadata":{},"origin":{"dimension":"7dtd:main","entity_id":"95183d29-9800-4375-a0d3-6030173478e0","game":"7dtd","world_id":"td-0d917a4eff776d999148769266591579674d2c42de6557026893a1902834f11f"},"position":{"space":"7dtd","x":-274.94924926757813,"y":61.079998016357422,"z":461.63272094726563},"rotation":{"pitch":-2.375,"roll":0,"yaw":14.749969482421875},"sequence":166,"source":"7dtd","stream_id":"aba657ef-52b0-48c5-8f0b-78d24fb0e668","type":"entity_state","version":2,"world_id":"td-0d917a4eff776d999148769266591579674d2c42de6557026893a1902834f11f"}
2026-10-04T19:36:23 164.704 INF [MC7DTD] 7DTD entity sent: {"authority":"7dtd","dimension":"7dtd:main","entity_id":"95183d29-9800-4375-a0d3-6030173478e0","entity_type":"7dtd:player","lifecycle":{"event":"update"},"metadata":{},"origin":{"dimension":"7dtd:main","entity_id":"95183d29-9800-4375-a0d3-6030173478e0","game":"7dtd","world_id":"td-0d917a4eff776d999148769266591579674d2c42de6557026893a1902834f11f"},"position":{"space":"7dtd","x":-274.94924926757813,"y":61.079998016357422,"z":461.63272094726563},"rotation":{"pitch":-2.375,"roll":0,"yaw":14.749969482421875},"sequence":167,"source":"7dtd","stream_id":"aba657ef-52b0-48c5-8f0b-78d24fb0e668","type":"entity_state","version":2,"world_id":"td-0d917a4eff776d999148769266591579674d2c42de6557026893a1902834f11f"}
2026-10-04T19:36:24 165.205 INF [MC7DTD] 7DTD entity sent: {"authority":"7dtd","dimension":"7dtd:main","entity_id":"95183d29-9800-4375-a0d3-6030173478e0","entity_type":"7dtd:player","lifecycle":{"event":"update"},"metadata":{},"origin":{"dimension":"7dtd:main","entity_id":"95183d29-9800-4375-a0d3-6030173478e0","game":"7dtd","world_id":"td-0d917a4eff776d999148769266591579674d2c42de6557026893a1902834f11f"},"position":{"space":"7dtd","x":-274.94924926757813,"y":61.079998016357422,"z":461.63272094726563},"rotation":{"pitch":-2.375,"roll":0,"yaw":14.749969482421875},"sequence":168,"source":"7dtd","stream_id":"aba657ef-52b0-48c5-8f0b-78d24fb0e668","type":"entity_state","version":2,"world_id":"td-0d917a4eff776d999148769266591579674d2c42de6557026893a1902834f11f"}
2026-10-04T19:36:24 165.707 INF [MC7DTD] 7DTD entity sent: {"authority":"7dtd","dimension":"7dtd:main","entity_id":"95183d29-9800-4375-a0d3-6030173478e0","entity_type":"7dtd:player","lifecycle":{"event":"update"},"metadata":{},"origin":{"dimension":"7dtd:main","entity_id":"95183d29-9800-4375-a0d3-6030173478e0","game":"7dtd","world_id":"td-0d917a4eff776d999148769266591579674d2c42de6557026893a1902834f11f"},"position":{"space":"7dtd","x":-274.94924926757813,"y":61.079998016357422,"z":461.63272094726563},"rotation":{"pitch":-2.375,"roll":0,"yaw":14.749969482421875},"sequence":169,"source":"7dtd","stream_id":"aba657ef-52b0-48c5-8f0b-78d24fb0e668","type":"entity_state","version":2,"world_id":"td-0d917a4eff776d999148769266591579674d2c42de6557026893a1902834f11f"}
2026-10-04T19:36:25 166.209 INF [MC7DTD] 7DTD entity sent: {"authority":"7dtd","dimension":"7dtd:main","entity_id":"95183d29-9800-4375-a0d3-6030173478e0","entity_type":"7dtd:player","lifecycle":{"event":"update"},"metadata":{},"origin":{"dimension":"7dtd:main","entity_id":"95183d29-9800-4375-a0d3-6030173478e0","game":"7dtd","world_id":"td-0d917a4eff776d999148769266591579674d2c42de6557026893a1902834f11f"},"position":{"space":"7dtd","x":-274.94924926757813,"y":61.079998016357422,"z":461.63272094726563},"rotation":{"pitch":-2.375,"roll":0,"yaw":14.749969482421875},"sequence":170,"source":"7dtd","stream_id":"aba657ef-52b0-48c5-8f0b-78d24fb0e668","type":"entity_state","version":2,"world_id":"td-0d917a4eff776d999148769266591579674d2c42de6557026893a1902834f11f"}
2026-10-04T19:36:25 166.711 INF [MC7DTD] 7DTD entity sent: {"authority":"7dtd","dimension":"7dtd:main","entity_id":"95183d29-9800-4375-a0d3-6030173478e0","entity_type":"7dtd:player","lifecycle":{"event":"update"},"metadata":{},"origin":{"dimension":"7dtd:main","entity_id":"95183d29-9800-4375-a0d3-6030173478e0","game":"7dtd","world_id":"td-0d917a4eff776d999148769266591579674d2c42de6557026893a1902834f11f"},"position":{"space":"7dtd","x":-274.94924926757813,"y":61.079998016357422,"z":461.63272094726563},"rotation":{"pitch":-2.375,"roll":0,"yaw":14.749969482421875},"sequence":171,"source":"7dtd","stream_id":"aba657ef-52b0-48c5-8f0b-78d24fb0e668","type":"entity_state","version":2,"world_id":"td-0d917a4eff776d999148769266591579674d2c42de6557026893a1902834f11f"}
2026-10-04T19:36:26 167.213 INF [MC7DTD] 7DTD entity sent: {"authority":"7dtd","dimension":"7dtd:main","entity_id":"95183d29-9800-4375-a0d3-6030173478e0","entity_type":"7dtd:player","lifecycle":{"event":"update"},"metadata":{},"origin":{"dimension":"7dtd:main","entity_id":"95183d29-9800-4375-a0d3-6030173478e0","game":"7dtd","world_id":"td-0d917a4eff776d999148769266591579674d2c42de6557026893a1902834f11f"},"position":{"space":"7dtd","x":-274.94924926757813,"y":61.079998016357422,"z":461.63272094726563},"rotation":{"pitch":-2.375,"roll":0,"yaw":14.749969482421875},"sequence":172,"source":"7dtd","stream_id":"aba657ef-52b0-48c5-8f0b-78d24fb0e668","type":"entity_state","version":2,"world_id":"td-0d917a4eff776d999148769266591579674d2c42de6557026893a1902834f11f"}
2026-10-04T19:36:26 167.714 INF [MC7DTD] 7DTD entity sent: {"authority":"7dtd","dimension":"7dtd:main","entity_id":"95183d29-9800-4375-a0d3-6030173478e0","entity_type":"7dtd:player","lifecycle":{"event":"update"},"metadata":{},"origin":{"dimension":"7dtd:main","entity_id":"95183d29-9800-4375-a0d3-6030173478e0","game":"7dtd","world_id":"td-0d917a4eff776d999148769266591579674d2c42de6557026893a1902834f11f"},"position":{"space":"7dtd","x":-274.94924926757813,"y":61.079998016357422,"z":461.63272094726563},"rotation":{"pitch":-2.375,"roll":0,"yaw":14.749969482421875},"sequence":173,"source":"7dtd","stream_id":"aba657ef-52b0-48c5-8f0b-78d24fb0e668","type":"entity_state","version":2,"world_id":"td-0d917a4eff776d999148769266591579674d2c42de6557026893a1902834f11f"}
2026-10-04T19:36:27 168.215 INF [MC7DTD] 7DTD entity sent: {"authority":"7dtd","dimension":"7dtd:main","entity_id":"95183d29-9800-4375-a0d3-6030173478e0","entity_type":"7dtd:player","lifecycle":{"event":"update"},"metadata":{},"origin":{"dimension":"7dtd:main","entity_id":"95183d29-9800-4375-a0d3-6030173478e0","game":"7dtd","world_id":"td-0d917a4eff776d999148769266591579674d2c42de6557026893a1902834f11f"},"position":{"space":"7dtd","x":-274.94924926757813,"y":61.079998016357422,"z":461.63272094726563},"rotation":{"pitch":-2.375,"roll":0,"yaw":14.749969482421875},"sequence":174,"source":"7dtd","stream_id":"aba657ef-52b0-48c5-8f0b-78d24fb0e668","type":"entity_state","version":2,"world_id":"td-0d917a4eff776d999148769266591579674d2c42de6557026893a1902834f11f"}
2026-10-04T19:36:27 168.719 INF [MC7DTD] 7DTD entity sent: {"authority":"7dtd","dimension":"7dtd:main","entity_id":"95183d29-9800-4375-a0d3-6030173478e0","entity_type":"7dtd:player","lifecycle":{"event":"update"},"metadata":{},"origin":{"dimension":"7dtd:main","entity_id":"95183d29-9800-4375-a0d3-6030173478e0","game":"7dtd","world_id":"td-0d917a4eff776d999148769266591579674d2c42de6557026893a1902834f11f"},"position":{"space":"7dtd","x":-274.94924926757813,"y":61.079998016357422,"z":461.63272094726563},"rotation":{"pitch":-2.375,"roll":0,"yaw":14.749969482421875},"sequence":175,"source":"7dtd","stream_id":"aba657ef-52b0-48c5-8f0b-78d24fb0e668","type":"entity_state","version":2,"world_id":"td-0d917a4eff776d999148769266591579674d2c42de6557026893a1902834f11f"}
2026-10-04T19:36:28 169.222 INF [MC7DTD] 7DTD entity sent: {"authority":"7dtd","dimension":"7dtd:main","entity_id":"95183d29-9800-4375-a0d3-6030173478e0","entity_type":"7dtd:player","lifecycle":{"event":"update"},"metadata":{},"origin":{"dimension":"7dtd:main","entity_id":"95183d29-9800-4375-a0d3-6030173478e0","game":"7dtd","world_id":"td-0d917a4eff776d999148769266591579674d2c42de6557026893a1902834f11f"},"position":{"space":"7dtd","x":-274.94924926757813,"y":61.079998016357422,"z":461.63272094726563},"rotation":{"pitch":-2.375,"roll":0,"yaw":14.749969482421875},"sequence":176,"source":"7dtd","stream_id":"aba657ef-52b0-48c5-8f0b-78d24fb0e668","type":"entity_state","version":2,"world_id":"td-0d917a4eff776d999148769266591579674d2c42de6557026893a1902834f11f"}
2026-10-04T19:36:28 169.723 INF [MC7DTD] 7DTD entity sent: {"authority":"7dtd","dimension":"7dtd:main","entity_id":"95183d29-9800-4375-a0d3-6030173478e0","entity_type":"7dtd:player","lifecycle":{"event":"update"},"metadata":{},"origin":{"dimension":"7dtd:main","entity_id":"95183d29-9800-4375-a0d3-6030173478e0","game":"7dtd","world_id":"td-0d917a4eff776d999148769266591579674d2c42de6557026893a1902834f11f"},"position":{"space":"7dtd","x":-274.94924926757813,"y":61.079998016357422,"z":461.63272094726563},"rotation":{"pitch":-2.375,"roll":0,"yaw":14.749969482421875},"sequence":177,"source":"7dtd","stream_id":"aba657ef-52b0-48c5-8f0b-78d24fb0e668","type":"entity_state","version":2,"world_id":"td-0d917a4eff776d999148769266591579674d2c42de6557026893a1902834f11f"}
2026-10-04T19:36:29 170.225 INF [MC7DTD] 7DTD entity sent: {"authority":"7dtd","dimension":"7dtd:main","entity_id":"95183d29-9800-4375-a0d3-6030173478e0","entity_type":"7dtd:player","lifecycle":{"event":"update"},"metadata":{},"origin":{"dimension":"7dtd:main","entity_id":"95183d29-9800-4375-a0d3-6030173478e0","game":"7dtd","world_id":"td-0d917a4eff776d999148769266591579674d2c42de6557026893a1902834f11f"},"position":{"space":"7dtd","x":-274.94924926757813,"y":61.079998016357422,"z":461.63272094726563},"rotation":{"pitch":-2.375,"roll":0,"yaw":14.749969482421875},"sequence":178,"source":"7dtd","stream_id":"aba657ef-52b0-48c5-8f0b-78d24fb0e668","type":"entity_state","version":2,"world_id":"td-0d917a4eff776d999148769266591579674d2c42de6557026893a1902834f11f"}
2026-10-04T19:36:29 170.727 INF [MC7DTD] 7DTD entity sent: {"authority":"7dtd","dimension":"7dtd:main","entity_id":"95183d29-9800-4375-a0d3-6030173478e0","entity_type":"7dtd:player","lifecycle":{"event":"update"},"metadata":{},"origin":{"dimension":"7dtd:main","entity_id":"95183d29-9800-4375-a0d3-6030173478e0","game":"7dtd","world_id":"td-0d917a4eff776d999148769266591579674d2c42de6557026893a1902834f11f"},"position":{"space":"7dtd","x":-274.94924926757813,"y":61.079998016357422,"z":461.63272094726563},"rotation":{"pitch":-2.375,"roll":0,"yaw":14.749969482421875},"sequence":179,"source":"7dtd","stream_id":"aba657ef-52b0-48c5-8f0b-78d24fb0e668","type":"entity_state","version":2,"world_id":"td-0d917a4eff776d999148769266591579674d2c42de6557026893a1902834f11f"}
2026-10-04T19:36:30 171.228 INF [MC7DTD] 7DTD entity sent: {"authority":"7dtd","dimension":"7dtd:main","entity_id":"95183d29-9800-4375-a0d3-6030173478e0","entity_type":"7dtd:player","lifecycle":{"event":"update"},"metadata":{},"origin":{"dimension":"7dtd:main","entity_id":"95183d29-9800-4375-a0d3-6030173478e0","game":"7dtd","world_id":"td-0d917a4eff776d999148769266591579674d2c42de6557026893a1902834f11f"},"position":{"space":"7dtd","x":-274.94924926757813,"y":61.079998016357422,"z":461.63272094726563},"rotation":{"pitch":-2.375,"roll":0,"yaw":14.749969482421875},"sequence":180,"source":"7dtd","stream_id":"aba657ef-52b0-48c5-8f0b-78d24fb0e668","type":"entity_state","version":2,"world_id":"td-0d917a4eff776d999148769266591579674d2c42de6557026893a1902834f11f"}
2026-10-04T19:36:30 171.730 INF [MC7DTD] 7DTD entity sent: {"authority":"7dtd","dimension":"7dtd:main","entity_id":"95183d29-9800-4375-a0d3-6030173478e0","entity_type":"7dtd:player","lifecycle":{"event":"update"},"metadata":{},"origin":{"dimension":"7dtd:main","entity_id":"95183d29-9800-4375-a0d3-6030173478e0","game":"7dtd","world_id":"td-0d917a4eff776d999148769266591579674d2c42de6557026893a1902834f11f"},"position":{"space":"7dtd","x":-274.94924926757813,"y":61.079998016357422,"z":461.63272094726563},"rotation":{"pitch":-2.375,"roll":0,"yaw":14.749969482421875},"sequence":181,"source":"7dtd","stream_id":"aba657ef-52b0-48c5-8f0b-78d24fb0e668","type":"entity_state","version":2,"world_id":"td-0d917a4eff776d999148769266591579674d2c42de6557026893a1902834f11f"}
2026-10-04T19:36:31 172.232 INF [MC7DTD] 7DTD entity sent: {"authority":"7dtd","dimension":"7dtd:main","entity_id":"95183d29-9800-4375-a0d3-6030173478e0","entity_type":"7dtd:player","lifecycle":{"event":"update"},"metadata":{},"origin":{"dimension":"7dtd:main","entity_id":"95183d29-9800-4375-a0d3-6030173478e0","game":"7dtd","world_id":"td-0d917a4eff776d999148769266591579674d2c42de6557026893a1902834f11f"},"position":{"space":"7dtd","x":-274.94924926757813,"y":61.079998016357422,"z":461.63272094726563},"rotation":{"pitch":-2.375,"roll":0,"yaw":14.749969482421875},"sequence":182,"source":"7dtd","stream_id":"aba657ef-52b0-48c5-8f0b-78d24fb0e668","type":"entity_state","version":2,"world_id":"td-0d917a4eff776d999148769266591579674d2c42de6557026893a1902834f11f"}
2026-10-04T19:36:31 172.734 INF [MC7DTD] 7DTD entity sent: {"authority":"7dtd","dimension":"7dtd:main","entity_id":"95183d29-9800-4375-a0d3-6030173478e0","entity_type":"7dtd:player","lifecycle":{"event":"update"},"metadata":{},"origin":{"dimension":"7dtd:main","entity_id":"95183d29-9800-4375-a0d3-6030173478e0","game":"7dtd","world_id":"td-0d917a4eff776d999148769266591579674d2c42de6557026893a1902834f11f"},"position":{"space":"7dtd","x":-274.94924926757813,"y":61.079998016357422,"z":461.63272094726563},"rotation":{"pitch":-2.375,"roll":0,"yaw":14.749969482421875},"sequence":183,"source":"7dtd","stream_id":"aba657ef-52b0-48c5-8f0b-78d24fb0e668","type":"entity_state","version":2,"world_id":"td-0d917a4eff776d999148769266591579674d2c42de6557026893a1902834f11f"}
2026-10-04T19:36:32 173.235 INF [MC7DTD] 7DTD entity sent: {"authority":"7dtd","dimension":"7dtd:main","entity_id":"95183d29-9800-4375-a0d3-6030173478e0","entity_type":"7dtd:player","lifecycle":{"event":"update"},"metadata":{},"origin":{"dimension":"7dtd:main","entity_id":"95183d29-9800-4375-a0d3-6030173478e0","game":"7dtd","world_id":"td-0d917a4eff776d999148769266591579674d2c42de6557026893a1902834f11f"},"position":{"space":"7dtd","x":-274.94924926757813,"y":61.079998016357422,"z":461.63272094726563},"rotation":{"pitch":-2.375,"roll":0,"yaw":14.749969482421875},"sequence":184,"source":"7dtd","stream_id":"aba657ef-52b0-48c5-8f0b-78d24fb0e668","type":"entity_state","version":2,"world_id":"td-0d917a4eff776d999148769266591579674d2c42de6557026893a1902834f11f"}
2026-10-04T19:36:32 173.738 INF [MC7DTD] 7DTD entity sent: {"authority":"7dtd","dimension":"7dtd:main","entity_id":"95183d29-9800-4375-a0d3-6030173478e0","entity_type":"7dtd:player","lifecycle":{"event":"update"},"metadata":{},"origin":{"dimension":"7dtd:main","entity_id":"95183d29-9800-4375-a0d3-6030173478e0","game":"7dtd","world_id":"td-0d917a4eff776d999148769266591579674d2c42de6557026893a1902834f11f"},"position":{"space":"7dtd","x":-274.94924926757813,"y":61.079998016357422,"z":461.63272094726563},"rotation":{"pitch":-2.375,"roll":0,"yaw":14.749969482421875},"sequence":185,"source":"7dtd","stream_id":"aba657ef-52b0-48c5-8f0b-78d24fb0e668","type":"entity_state","version":2,"world_id":"td-0d917a4eff776d999148769266591579674d2c42de6557026893a1902834f11f"}
2026-10-04T19:36:33 174.241 INF [MC7DTD] 7DTD entity sent: {"authority":"7dtd","dimension":"7dtd:main","entity_id":"95183d29-9800-4375-a0d3-6030173478e0","entity_type":"7dtd:player","lifecycle":{"event":"update"},"metadata":{},"origin":{"dimension":"7dtd:main","entity_id":"95183d29-9800-4375-a0d3-6030173478e0","game":"7dtd","world_id":"td-0d917a4eff776d999148769266591579674d2c42de6557026893a1902834f11f"},"position":{"space":"7dtd","x":-274.94924926757813,"y":61.079998016357422,"z":461.63272094726563},"rotation":{"pitch":-2.375,"roll":0,"yaw":14.749969482421875},"sequence":186,"source":"7dtd","stream_id":"aba657ef-52b0-48c5-8f0b-78d24fb0e668","type":"entity_state","version":2,"world_id":"td-0d917a4eff776d999148769266591579674d2c42de6557026893a1902834f11f"}
2026-10-04T19:36:33 174.744 INF [MC7DTD] 7DTD entity sent: {"authority":"7dtd","dimension":"7dtd:main","entity_id":"95183d29-9800-4375-a0d3-6030173478e0","entity_type":"7dtd:player","lifecycle":{"event":"update"},"metadata":{},"origin":{"dimension":"7dtd:main","entity_id":"95183d29-9800-4375-a0d3-6030173478e0","game":"7dtd","world_id":"td-0d917a4eff776d999148769266591579674d2c42de6557026893a1902834f11f"},"position":{"space":"7dtd","x":-274.94924926757813,"y":61.079998016357422,"z":461.63272094726563},"rotation":{"pitch":-2.375,"roll":0,"yaw":14.749969482421875},"sequence":187,"source":"7dtd","stream_id":"aba657ef-52b0-48c5-8f0b-78d24fb0e668","type":"entity_state","version":2,"world_id":"td-0d917a4eff776d999148769266591579674d2c42de6557026893a1902834f11f"}
2026-10-04T19:36:34 175.245 INF [MC7DTD] 7DTD entity sent: {"authority":"7dtd","dimension":"7dtd:main","entity_id":"95183d29-9800-4375-a0d3-6030173478e0","entity_type":"7dtd:player","lifecycle":{"event":"update"},"metadata":{},"origin":{"dimension":"7dtd:main","entity_id":"95183d29-9800-4375-a0d3-6030173478e0","game":"7dtd","world_id":"td-0d917a4eff776d999148769266591579674d2c42de6557026893a1902834f11f"},"position":{"space":"7dtd","x":-274.94924926757813,"y":61.079998016357422,"z":461.63272094726563},"rotation":{"pitch":-2.375,"roll":0,"yaw":14.749969482421875},"sequence":188,"source":"7dtd","stream_id":"aba657ef-52b0-48c5-8f0b-78d24fb0e668","type":"entity_state","version":2,"world_id":"td-0d917a4eff776d999148769266591579674d2c42de6557026893a1902834f11f"}
2026-10-04T19:36:34 175.748 INF [MC7DTD] 7DTD entity sent: {"authority":"7dtd","dimension":"7dtd:main","entity_id":"95183d29-9800-4375-a0d3-6030173478e0","entity_type":"7dtd:player","lifecycle":{"event":"update"},"metadata":{},"origin":{"dimension":"7dtd:main","entity_id":"95183d29-9800-4375-a0d3-6030173478e0","game":"7dtd","world_id":"td-0d917a4eff776d999148769266591579674d2c42de6557026893a1902834f11f"},"position":{"space":"7dtd","x":-274.94924926757813,"y":61.079998016357422,"z":461.63272094726563},"rotation":{"pitch":-2.375,"roll":0,"yaw":14.749969482421875},"sequence":189,"source":"7dtd","stream_id":"aba657ef-52b0-48c5-8f0b-78d24fb0e668","type":"entity_state","version":2,"world_id":"td-0d917a4eff776d999148769266591579674d2c42de6557026893a1902834f11f"}
2026-10-04T19:36:35 176.250 INF [MC7DTD] 7DTD entity sent: {"authority":"7dtd","dimension":"7dtd:main","entity_id":"95183d29-9800-4375-a0d3-6030173478e0","entity_type":"7dtd:player","lifecycle":{"event":"update"},"metadata":{},"origin":{"dimension":"7dtd:main","entity_id":"95183d29-9800-4375-a0d3-6030173478e0","game":"7dtd","world_id":"td-0d917a4eff776d999148769266591579674d2c42de6557026893a1902834f11f"},"position":{"space":"7dtd","x":-274.94924926757813,"y":61.079998016357422,"z":461.63272094726563},"rotation":{"pitch":-2.375,"roll":0,"yaw":14.749969482421875},"sequence":190,"source":"7dtd","stream_id":"aba657ef-52b0-48c5-8f0b-78d24fb0e668","type":"entity_state","version":2,"world_id":"td-0d917a4eff776d999148769266591579674d2c42de6557026893a1902834f11f"}
2026-10-04T19:36:35 176.751 INF [MC7DTD] 7DTD entity sent: {"authority":"7dtd","dimension":"7dtd:main","entity_id":"95183d29-9800-4375-a0d3-6030173478e0","entity_type":"7dtd:player","lifecycle":{"event":"update"},"metadata":{},"origin":{"dimension":"7dtd:main","entity_id":"95183d29-9800-4375-a0d3-6030173478e0","game":"7dtd","world_id":"td-0d917a4eff776d999148769266591579674d2c42de6557026893a1902834f11f"},"position":{"space":"7dtd","x":-274.94924926757813,"y":61.079998016357422,"z":461.63272094726563},"rotation":{"pitch":-2.375,"roll":0,"yaw":14.749969482421875},"sequence":191,"source":"7dtd","stream_id":"aba657ef-52b0-48c5-8f0b-78d24fb0e668","type":"entity_state","version":2,"world_id":"td-0d917a4eff776d999148769266591579674d2c42de6557026893a1902834f11f"}
2026-10-04T19:36:36 177.253 INF [MC7DTD] 7DTD entity sent: {"authority":"7dtd","dimension":"7dtd:main","entity_id":"95183d29-9800-4375-a0d3-6030173478e0","entity_type":"7dtd:player","lifecycle":{"event":"update"},"metadata":{},"origin":{"dimension":"7dtd:main","entity_id":"95183d29-9800-4375-a0d3-6030173478e0","game":"7dtd","world_id":"td-0d917a4eff776d999148769266591579674d2c42de6557026893a1902834f11f"},"position":{"space":"7dtd","x":-274.94924926757813,"y":61.079998016357422,"z":461.63272094726563},"rotation":{"pitch":-2.375,"roll":0,"yaw":14.749969482421875},"sequence":192,"source":"7dtd","stream_id":"aba657ef-52b0-48c5-8f0b-78d24fb0e668","type":"entity_state","version":2,"world_id":"td-0d917a4eff776d999148769266591579674d2c42de6557026893a1902834f11f"}
2026-10-04T19:36:36 177.754 INF [MC7DTD] 7DTD entity sent: {"authority":"7dtd","dimension":"7dtd:main","entity_id":"95183d29-9800-4375-a0d3-6030173478e0","entity_type":"7dtd:player","lifecycle":{"event":"update"},"metadata":{},"origin":{"dimension":"7dtd:main","entity_id":"95183d29-9800-4375-a0d3-6030173478e0","game":"7dtd","world_id":"td-0d917a4eff776d999148769266591579674d2c42de6557026893a1902834f11f"},"position":{"space":"7dtd","x":-274.94924926757813,"y":61.079998016357422,"z":461.63272094726563},"rotation":{"pitch":-2.375,"roll":0,"yaw":14.749969482421875},"sequence":193,"source":"7dtd","stream_id":"aba657ef-52b0-48c5-8f0b-78d24fb0e668","type":"entity_state","version":2,"world_id":"td-0d917a4eff776d999148769266591579674d2c42de6557026893a1902834f11f"}
2026-10-04T19:36:37 178.256 INF [MC7DTD] 7DTD entity sent: {"authority":"7dtd","dimension":"7dtd:main","entity_id":"95183d29-9800-4375-a0d3-6030173478e0","entity_type":"7dtd:player","lifecycle":{"event":"update"},"metadata":{},"origin":{"dimension":"7dtd:main","entity_id":"95183d29-9800-4375-a0d3-6030173478e0","game":"7dtd","world_id":"td-0d917a4eff776d999148769266591579674d2c42de6557026893a1902834f11f"},"position":{"space":"7dtd","x":-274.94924926757813,"y":61.079998016357422,"z":461.63272094726563},"rotation":{"pitch":-2.375,"roll":0,"yaw":14.749969482421875},"sequence":194,"source":"7dtd","stream_id":"aba657ef-52b0-48c5-8f0b-78d24fb0e668","type":"entity_state","version":2,"world_id":"td-0d917a4eff776d999148769266591579674d2c42de6557026893a1902834f11f"}
2026-10-04T19:36:37 178.771 INF [MC7DTD] 7DTD entity sent: {"authority":"7dtd","dimension":"7dtd:main","entity_id":"95183d29-9800-4375-a0d3-6030173478e0","entity_type":"7dtd:player","lifecycle":{"event":"update"},"metadata":{},"origin":{"dimension":"7dtd:main","entity_id":"95183d29-9800-4375-a0d3-6030173478e0","game":"7dtd","world_id":"td-0d917a4eff776d999148769266591579674d2c42de6557026893a1902834f11f"},"position":{"space":"7dtd","x":-274.94924926757813,"y":61.079998016357422,"z":461.63272094726563},"rotation":{"pitch":-2.375,"roll":0,"yaw":14.749969482421875},"sequence":195,"source":"7dtd","stream_id":"aba657ef-52b0-48c5-8f0b-78d24fb0e668","type":"entity_state","version":2,"world_id":"td-0d917a4eff776d999148769266591579674d2c42de6557026893a1902834f11f"}
2026-10-04T19:36:38 179.274 INF [MC7DTD] 7DTD entity sent: {"authority":"7dtd","dimension":"7dtd:main","entity_id":"95183d29-9800-4375-a0d3-6030173478e0","entity_type":"7dtd:player","lifecycle":{"event":"update"},"metadata":{},"origin":{"dimension":"7dtd:main","entity_id":"95183d29-9800-4375-a0d3-6030173478e0","game":"7dtd","world_id":"td-0d917a4eff776d999148769266591579674d2c42de6557026893a1902834f11f"},"position":{"space":"7dtd","x":-274.94924926757813,"y":61.079998016357422,"z":461.63272094726563},"rotation":{"pitch":-2.375,"roll":0,"yaw":14.749969482421875},"sequence":196,"source":"7dtd","stream_id":"aba657ef-52b0-48c5-8f0b-78d24fb0e668","type":"entity_state","version":2,"world_id":"td-0d917a4eff776d999148769266591579674d2c42de6557026893a1902834f11f"}
2026-10-04T19:36:38 179.775 INF [MC7DTD] 7DTD entity sent: {"authority":"7dtd","dimension":"7dtd:main","entity_id":"95183d29-9800-4375-a0d3-6030173478e0","entity_type":"7dtd:player","lifecycle":{"event":"update"},"metadata":{},"origin":{"dimension":"7dtd:main","entity_id":"95183d29-9800-4375-a0d3-6030173478e0","game":"7dtd","world_id":"td-0d917a4eff776d999148769266591579674d2c42de6557026893a1902834f11f"},"position":{"space":"7dtd","x":-274.94924926757813,"y":61.079998016357422,"z":461.63272094726563},"rotation":{"pitch":-2.375,"roll":0,"yaw":14.749969482421875},"sequence":197,"source":"7dtd","stream_id":"aba657ef-52b0-48c5-8f0b-78d24fb0e668","type":"entity_state","version":2,"world_id":"td-0d917a4eff776d999148769266591579674d2c42de6557026893a1902834f11f"}
2026-10-04T19:36:39 180.277 INF [MC7DTD] 7DTD entity sent: {"authority":"7dtd","dimension":"7dtd:main","entity_id":"95183d29-9800-4375-a0d3-6030173478e0","entity_type":"7dtd:player","lifecycle":{"event":"update"},"metadata":{},"origin":{"dimension":"7dtd:main","entity_id":"95183d29-9800-4375-a0d3-6030173478e0","game":"7dtd","world_id":"td-0d917a4eff776d999148769266591579674d2c42de6557026893a1902834f11f"},"position":{"space":"7dtd","x":-274.94924926757813,"y":61.079998016357422,"z":461.63272094726563},"rotation":{"pitch":-2.375,"roll":0,"yaw":14.749969482421875},"sequence":198,"source":"7dtd","stream_id":"aba657ef-52b0-48c5-8f0b-78d24fb0e668","type":"entity_state","version":2,"world_id":"td-0d917a4eff776d999148769266591579674d2c42de6557026893a1902834f11f"}
2026-10-04T19:36:39 180.778 INF [MC7DTD] 7DTD entity sent: {"authority":"7dtd","dimension":"7dtd:main","entity_id":"95183d29-9800-4375-a0d3-6030173478e0","entity_type":"7dtd:player","lifecycle":{"event":"update"},"metadata":{},"origin":{"dimension":"7dtd:main","entity_id":"95183d29-9800-4375-a0d3-6030173478e0","game":"7dtd","world_id":"td-0d917a4eff776d999148769266591579674d2c42de6557026893a1902834f11f"},"position":{"space":"7dtd","x":-274.94924926757813,"y":61.079998016357422,"z":461.63272094726563},"rotation":{"pitch":-2.375,"roll":0,"yaw":14.749969482421875},"sequence":199,"source":"7dtd","stream_id":"aba657ef-52b0-48c5-8f0b-78d24fb0e668","type":"entity_state","version":2,"world_id":"td-0d917a4eff776d999148769266591579674d2c42de6557026893a1902834f11f"}
2026-10-04T19:36:40 181.280 INF [MC7DTD] 7DTD entity sent: {"authority":"7dtd","dimension":"7dtd:main","entity_id":"95183d29-9800-4375-a0d3-6030173478e0","entity_type":"7dtd:player","lifecycle":{"event":"update"},"metadata":{},"origin":{"dimension":"7dtd:main","entity_id":"95183d29-9800-4375-a0d3-6030173478e0","game":"7dtd","world_id":"td-0d917a4eff776d999148769266591579674d2c42de6557026893a1902834f11f"},"position":{"space":"7dtd","x":-274.94924926757813,"y":61.079998016357422,"z":461.63272094726563},"rotation":{"pitch":-2.375,"roll":0,"yaw":14.749969482421875},"sequence":200,"source":"7dtd","stream_id":"aba657ef-52b0-48c5-8f0b-78d24fb0e668","type":"entity_state","version":2,"world_id":"td-0d917a4eff776d999148769266591579674d2c42de6557026893a1902834f11f"}
2026-10-04T19:36:40 181.782 INF [MC7DTD] 7DTD entity sent: {"authority":"7dtd","dimension":"7dtd:main","entity_id":"95183d29-9800-4375-a0d3-6030173478e0","entity_type":"7dtd:player","lifecycle":{"event":"update"},"metadata":{},"origin":{"dimension":"7dtd:main","entity_id":"95183d29-9800-4375-a0d3-6030173478e0","game":"7dtd","world_id":"td-0d917a4eff776d999148769266591579674d2c42de6557026893a1902834f11f"},"position":{"space":"7dtd","x":-274.94924926757813,"y":61.079998016357422,"z":461.63272094726563},"rotation":{"pitch":-2.375,"roll":0,"yaw":14.749969482421875},"sequence":201,"source":"7dtd","stream_id":"aba657ef-52b0-48c5-8f0b-78d24fb0e668","type":"entity_state","version":2,"world_id":"td-0d917a4eff776d999148769266591579674d2c42de6557026893a1902834f11f"}
2026-10-04T19:36:41 182.284 INF [MC7DTD] 7DTD entity sent: {"authority":"7dtd","dimension":"7dtd:main","entity_id":"95183d29-9800-4375-a0d3-6030173478e0","entity_type":"7dtd:player","lifecycle":{"event":"update"},"metadata":{},"origin":{"dimension":"7dtd:main","entity_id":"95183d29-9800-4375-a0d3-6030173478e0","game":"7dtd","world_id":"td-0d917a4eff776d999148769266591579674d2c42de6557026893a1902834f11f"},"position":{"space":"7dtd","x":-274.94924926757813,"y":61.079998016357422,"z":461.63272094726563},"rotation":{"pitch":-2.375,"roll":0,"yaw":14.749969482421875},"sequence":202,"source":"7dtd","stream_id":"aba657ef-52b0-48c5-8f0b-78d24fb0e668","type":"entity_state","version":2,"world_id":"td-0d917a4eff776d999148769266591579674d2c42de6557026893a1902834f11f"}
2026-10-04T19:36:41 182.785 INF [MC7DTD] 7DTD entity sent: {"authority":"7dtd","dimension":"7dtd:main","entity_id":"95183d29-9800-4375-a0d3-6030173478e0","entity_type":"7dtd:player","lifecycle":{"event":"update"},"metadata":{},"origin":{"dimension":"7dtd:main","entity_id":"95183d29-9800-4375-a0d3-6030173478e0","game":"7dtd","world_id":"td-0d917a4eff776d999148769266591579674d2c42de6557026893a1902834f11f"},"position":{"space":"7dtd","x":-274.94924926757813,"y":61.079998016357422,"z":461.63272094726563},"rotation":{"pitch":-2.375,"roll":0,"yaw":14.749969482421875},"sequence":203,"source":"7dtd","stream_id":"aba657ef-52b0-48c5-8f0b-78d24fb0e668","type":"entity_state","version":2,"world_id":"td-0d917a4eff776d999148769266591579674d2c42de6557026893a1902834f11f"}
2026-10-04T19:36:42 183.287 INF [MC7DTD] 7DTD entity sent: {"authority":"7dtd","dimension":"7dtd:main","entity_id":"95183d29-9800-4375-a0d3-6030173478e0","entity_type":"7dtd:player","lifecycle":{"event":"update"},"metadata":{},"origin":{"dimension":"7dtd:main","entity_id":"95183d29-9800-4375-a0d3-6030173478e0","game":"7dtd","world_id":"td-0d917a4eff776d999148769266591579674d2c42de6557026893a1902834f11f"},"position":{"space":"7dtd","x":-274.94924926757813,"y":61.079998016357422,"z":461.63272094726563},"rotation":{"pitch":-2.375,"roll":0,"yaw":14.749969482421875},"sequence":204,"source":"7dtd","stream_id":"aba657ef-52b0-48c5-8f0b-78d24fb0e668","type":"entity_state","version":2,"world_id":"td-0d917a4eff776d999148769266591579674d2c42de6557026893a1902834f11f"}
2026-10-04T19:36:42 183.790 INF [MC7DTD] 7DTD entity sent: {"authority":"7dtd","dimension":"7dtd:main","entity_id":"95183d29-9800-4375-a0d3-6030173478e0","entity_type":"7dtd:player","lifecycle":{"event":"update"},"metadata":{},"origin":{"dimension":"7dtd:main","entity_id":"95183d29-9800-4375-a0d3-6030173478e0","game":"7dtd","world_id":"td-0d917a4eff776d999148769266591579674d2c42de6557026893a1902834f11f"},"position":{"space":"7dtd","x":-274.94924926757813,"y":61.079998016357422,"z":461.63272094726563},"rotation":{"pitch":-2.375,"roll":0,"yaw":14.749969482421875},"sequence":205,"source":"7dtd","stream_id":"aba657ef-52b0-48c5-8f0b-78d24fb0e668","type":"entity_state","version":2,"world_id":"td-0d917a4eff776d999148769266591579674d2c42de6557026893a1902834f11f"}
2026-10-04T19:36:43 184.292 INF [MC7DTD] 7DTD entity sent: {"authority":"7dtd","dimension":"7dtd:main","entity_id":"95183d29-9800-4375-a0d3-6030173478e0","entity_type":"7dtd:player","lifecycle":{"event":"update"},"metadata":{},"origin":{"dimension":"7dtd:main","entity_id":"95183d29-9800-4375-a0d3-6030173478e0","game":"7dtd","world_id":"td-0d917a4eff776d999148769266591579674d2c42de6557026893a1902834f11f"},"position":{"space":"7dtd","x":-274.94924926757813,"y":61.079998016357422,"z":461.63272094726563},"rotation":{"pitch":-2.375,"roll":0,"yaw":14.749969482421875},"sequence":206,"source":"7dtd","stream_id":"aba657ef-52b0-48c5-8f0b-78d24fb0e668","type":"entity_state","version":2,"world_id":"td-0d917a4eff776d999148769266591579674d2c42de6557026893a1902834f11f"}
2026-10-04T19:36:43 184.793 INF [MC7DTD] 7DTD entity sent: {"authority":"7dtd","dimension":"7dtd:main","entity_id":"95183d29-9800-4375-a0d3-6030173478e0","entity_type":"7dtd:player","lifecycle":{"event":"update"},"metadata":{},"origin":{"dimension":"7dtd:main","entity_id":"95183d29-9800-4375-a0d3-6030173478e0","game":"7dtd","world_id":"td-0d917a4eff776d999148769266591579674d2c42de6557026893a1902834f11f"},"position":{"space":"7dtd","x":-274.94924926757813,"y":61.079998016357422,"z":461.63272094726563},"rotation":{"pitch":-2.375,"roll":0,"yaw":14.749969482421875},"sequence":207,"source":"7dtd","stream_id":"aba657ef-52b0-48c5-8f0b-78d24fb0e668","type":"entity_state","version":2,"world_id":"td-0d917a4eff776d999148769266591579674d2c42de6557026893a1902834f11f"}
2026-10-04T19:36:44 185.295 INF [MC7DTD] 7DTD entity sent: {"authority":"7dtd","dimension":"7dtd:main","entity_id":"95183d29-9800-4375-a0d3-6030173478e0","entity_type":"7dtd:player","lifecycle":{"event":"update"},"metadata":{},"origin":{"dimension":"7dtd:main","entity_id":"95183d29-9800-4375-a0d3-6030173478e0","game":"7dtd","world_id":"td-0d917a4eff776d999148769266591579674d2c42de6557026893a1902834f11f"},"position":{"space":"7dtd","x":-274.94924926757813,"y":61.079998016357422,"z":461.63272094726563},"rotation":{"pitch":-2.375,"roll":0,"yaw":14.749969482421875},"sequence":208,"source":"7dtd","stream_id":"aba657ef-52b0-48c5-8f0b-78d24fb0e668","type":"entity_state","version":2,"world_id":"td-0d917a4eff776d999148769266591579674d2c42de6557026893a1902834f11f"}
2026-10-04T19:36:44 185.797 INF [MC7DTD] 7DTD entity sent: {"authority":"7dtd","dimension":"7dtd:main","entity_id":"95183d29-9800-4375-a0d3-6030173478e0","entity_type":"7dtd:player","lifecycle":{"event":"update"},"metadata":{},"origin":{"dimension":"7dtd:main","entity_id":"95183d29-9800-4375-a0d3-6030173478e0","game":"7dtd","world_id":"td-0d917a4eff776d999148769266591579674d2c42de6557026893a1902834f11f"},"position":{"space":"7dtd","x":-274.94924926757813,"y":61.079998016357422,"z":461.63272094726563},"rotation":{"pitch":-2.375,"roll":0,"yaw":14.749969482421875},"sequence":209,"source":"7dtd","stream_id":"aba657ef-52b0-48c5-8f0b-78d24fb0e668","type":"entity_state","version":2,"world_id":"td-0d917a4eff776d999148769266591579674d2c42de6557026893a1902834f11f"}
2026-10-04T19:36:45 186.300 INF [MC7DTD] 7DTD entity sent: {"authority":"7dtd","dimension":"7dtd:main","entity_id":"95183d29-9800-4375-a0d3-6030173478e0","entity_type":"7dtd:player","lifecycle":{"event":"update"},"metadata":{},"origin":{"dimension":"7dtd:main","entity_id":"95183d29-9800-4375-a0d3-6030173478e0","game":"7dtd","world_id":"td-0d917a4eff776d999148769266591579674d2c42de6557026893a1902834f11f"},"position":{"space":"7dtd","x":-274.94924926757813,"y":61.079998016357422,"z":461.63272094726563},"rotation":{"pitch":-2.375,"roll":0,"yaw":14.749969482421875},"sequence":210,"source":"7dtd","stream_id":"aba657ef-52b0-48c5-8f0b-78d24fb0e668","type":"entity_state","version":2,"world_id":"td-0d917a4eff776d999148769266591579674d2c42de6557026893a1902834f11f"}
2026-10-04T19:36:45 186.801 INF [MC7DTD] 7DTD entity sent: {"authority":"7dtd","dimension":"7dtd:main","entity_id":"95183d29-9800-4375-a0d3-6030173478e0","entity_type":"7dtd:player","lifecycle":{"event":"update"},"metadata":{},"origin":{"dimension":"7dtd:main","entity_id":"95183d29-9800-4375-a0d3-6030173478e0","game":"7dtd","world_id":"td-0d917a4eff776d999148769266591579674d2c42de6557026893a1902834f11f"},"position":{"space":"7dtd","x":-274.94924926757813,"y":61.079998016357422,"z":461.63272094726563},"rotation":{"pitch":-2.375,"roll":0,"yaw":14.749969482421875},"sequence":211,"source":"7dtd","stream_id":"aba657ef-52b0-48c5-8f0b-78d24fb0e668","type":"entity_state","version":2,"world_id":"td-0d917a4eff776d999148769266591579674d2c42de6557026893a1902834f11f"}
2026-10-04T19:36:46 187.304 INF [MC7DTD] 7DTD entity sent: {"authority":"7dtd","dimension":"7dtd:main","entity_id":"95183d29-9800-4375-a0d3-6030173478e0","entity_type":"7dtd:player","lifecycle":{"event":"update"},"metadata":{},"origin":{"dimension":"7dtd:main","entity_id":"95183d29-9800-4375-a0d3-6030173478e0","game":"7dtd","world_id":"td-0d917a4eff776d999148769266591579674d2c42de6557026893a1902834f11f"},"position":{"space":"7dtd","x":-274.94924926757813,"y":61.079998016357422,"z":461.63272094726563},"rotation":{"pitch":-2.375,"roll":0,"yaw":14.749969482421875},"sequence":212,"source":"7dtd","stream_id":"aba657ef-52b0-48c5-8f0b-78d24fb0e668","type":"entity_state","version":2,"world_id":"td-0d917a4eff776d999148769266591579674d2c42de6557026893a1902834f11f"}
2026-10-04T19:36:46 187.805 INF [MC7DTD] 7DTD entity sent: {"authority":"7dtd","dimension":"7dtd:main","entity_id":"95183d29-9800-4375-a0d3-6030173478e0","entity_type":"7dtd:player","lifecycle":{"event":"update"},"metadata":{},"origin":{"dimension":"7dtd:main","entity_id":"95183d29-9800-4375-a0d3-6030173478e0","game":"7dtd","world_id":"td-0d917a4eff776d999148769266591579674d2c42de6557026893a1902834f11f"},"position":{"space":"7dtd","x":-274.94924926757813,"y":61.079998016357422,"z":461.63272094726563},"rotation":{"pitch":-2.375,"roll":0,"yaw":14.749969482421875},"sequence":213,"source":"7dtd","stream_id":"aba657ef-52b0-48c5-8f0b-78d24fb0e668","type":"entity_state","version":2,"world_id":"td-0d917a4eff776d999148769266591579674d2c42de6557026893a1902834f11f"}
2026-10-04T19:36:47 188.307 INF [MC7DTD] 7DTD entity sent: {"authority":"7dtd","dimension":"7dtd:main","entity_id":"95183d29-9800-4375-a0d3-6030173478e0","entity_type":"7dtd:player","lifecycle":{"event":"update"},"metadata":{},"origin":{"dimension":"7dtd:main","entity_id":"95183d29-9800-4375-a0d3-6030173478e0","game":"7dtd","world_id":"td-0d917a4eff776d999148769266591579674d2c42de6557026893a1902834f11f"},"position":{"space":"7dtd","x":-274.94924926757813,"y":61.079998016357422,"z":461.63272094726563},"rotation":{"pitch":-2.375,"roll":0,"yaw":14.749969482421875},"sequence":214,"source":"7dtd","stream_id":"aba657ef-52b0-48c5-8f0b-78d24fb0e668","type":"entity_state","version":2,"world_id":"td-0d917a4eff776d999148769266591579674d2c42de6557026893a1902834f11f"}
2026-10-04T19:36:47 188.810 INF [MC7DTD] 7DTD entity sent: {"authority":"7dtd","dimension":"7dtd:main","entity_id":"95183d29-9800-4375-a0d3-6030173478e0","entity_type":"7dtd:player","lifecycle":{"event":"update"},"metadata":{},"origin":{"dimension":"7dtd:main","entity_id":"95183d29-9800-4375-a0d3-6030173478e0","game":"7dtd","world_id":"td-0d917a4eff776d999148769266591579674d2c42de6557026893a1902834f11f"},"position":{"space":"7dtd","x":-274.94924926757813,"y":61.079998016357422,"z":461.63272094726563},"rotation":{"pitch":-2.375,"roll":0,"yaw":14.749969482421875},"sequence":215,"source":"7dtd","stream_id":"aba657ef-52b0-48c5-8f0b-78d24fb0e668","type":"entity_state","version":2,"world_id":"td-0d917a4eff776d999148769266591579674d2c42de6557026893a1902834f11f"}
2026-10-04T19:36:48 189.311 INF [MC7DTD] 7DTD entity sent: {"authority":"7dtd","dimension":"7dtd:main","entity_id":"95183d29-9800-4375-a0d3-6030173478e0","entity_type":"7dtd:player","lifecycle":{"event":"update"},"metadata":{},"origin":{"dimension":"7dtd:main","entity_id":"95183d29-9800-4375-a0d3-6030173478e0","game":"7dtd","world_id":"td-0d917a4eff776d999148769266591579674d2c42de6557026893a1902834f11f"},"position":{"space":"7dtd","x":-274.94924926757813,"y":61.079998016357422,"z":461.63272094726563},"rotation":{"pitch":-2.375,"roll":0,"yaw":14.749969482421875},"sequence":216,"source":"7dtd","stream_id":"aba657ef-52b0-48c5-8f0b-78d24fb0e668","type":"entity_state","version":2,"world_id":"td-0d917a4eff776d999148769266591579674d2c42de6557026893a1902834f11f"}
2026-10-04T19:36:48 189.814 INF [MC7DTD] 7DTD entity sent: {"authority":"7dtd","dimension":"7dtd:main","entity_id":"95183d29-9800-4375-a0d3-6030173478e0","entity_type":"7dtd:player","lifecycle":{"event":"update"},"metadata":{},"origin":{"dimension":"7dtd:main","entity_id":"95183d29-9800-4375-a0d3-6030173478e0","game":"7dtd","world_id":"td-0d917a4eff776d999148769266591579674d2c42de6557026893a1902834f11f"},"position":{"space":"7dtd","x":-274.94924926757813,"y":61.079998016357422,"z":461.63272094726563},"rotation":{"pitch":-2.375,"roll":0,"yaw":14.749969482421875},"sequence":217,"source":"7dtd","stream_id":"aba657ef-52b0-48c5-8f0b-78d24fb0e668","type":"entity_state","version":2,"world_id":"td-0d917a4eff776d999148769266591579674d2c42de6557026893a1902834f11f"}
2026-10-04T19:36:49 190.315 INF [MC7DTD] 7DTD entity sent: {"authority":"7dtd","dimension":"7dtd:main","entity_id":"95183d29-9800-4375-a0d3-6030173478e0","entity_type":"7dtd:player","lifecycle":{"event":"update"},"metadata":{},"origin":{"dimension":"7dtd:main","entity_id":"95183d29-9800-4375-a0d3-6030173478e0","game":"7dtd","world_id":"td-0d917a4eff776d999148769266591579674d2c42de6557026893a1902834f11f"},"position":{"space":"7dtd","x":-274.94924926757813,"y":61.079998016357422,"z":461.63272094726563},"rotation":{"pitch":-2.375,"roll":0,"yaw":14.749969482421875},"sequence":218,"source":"7dtd","stream_id":"aba657ef-52b0-48c5-8f0b-78d24fb0e668","type":"entity_state","version":2,"world_id":"td-0d917a4eff776d999148769266591579674d2c42de6557026893a1902834f11f"}
2026-10-04T19:36:49 190.819 INF [MC7DTD] 7DTD entity sent: {"authority":"7dtd","dimension":"7dtd:main","entity_id":"95183d29-9800-4375-a0d3-6030173478e0","entity_type":"7dtd:player","lifecycle":{"event":"update"},"metadata":{},"origin":{"dimension":"7dtd:main","entity_id":"95183d29-9800-4375-a0d3-6030173478e0","game":"7dtd","world_id":"td-0d917a4eff776d999148769266591579674d2c42de6557026893a1902834f11f"},"position":{"space":"7dtd","x":-274.94924926757813,"y":61.079998016357422,"z":461.63272094726563},"rotation":{"pitch":-2.375,"roll":0,"yaw":14.749969482421875},"sequence":219,"source":"7dtd","stream_id":"aba657ef-52b0-48c5-8f0b-78d24fb0e668","type":"entity_state","version":2,"world_id":"td-0d917a4eff776d999148769266591579674d2c42de6557026893a1902834f11f"}
2026-10-04T19:36:50 191.322 INF [MC7DTD] 7DTD entity sent: {"authority":"7dtd","dimension":"7dtd:main","entity_id":"95183d29-9800-4375-a0d3-6030173478e0","entity_type":"7dtd:player","lifecycle":{"event":"update"},"metadata":{},"origin":{"dimension":"7dtd:main","entity_id":"95183d29-9800-4375-a0d3-6030173478e0","game":"7dtd","world_id":"td-0d917a4eff776d999148769266591579674d2c42de6557026893a1902834f11f"},"position":{"space":"7dtd","x":-274.94924926757813,"y":61.079998016357422,"z":461.63272094726563},"rotation":{"pitch":-2.375,"roll":0,"yaw":14.749969482421875},"sequence":220,"source":"7dtd","stream_id":"aba657ef-52b0-48c5-8f0b-78d24fb0e668","type":"entity_state","version":2,"world_id":"td-0d917a4eff776d999148769266591579674d2c42de6557026893a1902834f11f"}
2026-10-04T19:36:50 191.824 INF [MC7DTD] 7DTD entity sent: {"authority":"7dtd","dimension":"7dtd:main","entity_id":"95183d29-9800-4375-a0d3-6030173478e0","entity_type":"7dtd:player","lifecycle":{"event":"update"},"metadata":{},"origin":{"dimension":"7dtd:main","entity_id":"95183d29-9800-4375-a0d3-6030173478e0","game":"7dtd","world_id":"td-0d917a4eff776d999148769266591579674d2c42de6557026893a1902834f11f"},"position":{"space":"7dtd","x":-274.94924926757813,"y":61.079998016357422,"z":461.63272094726563},"rotation":{"pitch":-2.375,"roll":0,"yaw":14.749969482421875},"sequence":221,"source":"7dtd","stream_id":"aba657ef-52b0-48c5-8f0b-78d24fb0e668","type":"entity_state","version":2,"world_id":"td-0d917a4eff776d999148769266591579674d2c42de6557026893a1902834f11f"}
2026-10-04T19:36:51 192.325 INF [MC7DTD] 7DTD entity sent: {"authority":"7dtd","dimension":"7dtd:main","entity_id":"95183d29-9800-4375-a0d3-6030173478e0","entity_type":"7dtd:player","lifecycle":{"event":"update"},"metadata":{},"origin":{"dimension":"7dtd:main","entity_id":"95183d29-9800-4375-a0d3-6030173478e0","game":"7dtd","world_id":"td-0d917a4eff776d999148769266591579674d2c42de6557026893a1902834f11f"},"position":{"space":"7dtd","x":-274.94924926757813,"y":61.079998016357422,"z":461.63272094726563},"rotation":{"pitch":-2.375,"roll":0,"yaw":14.749969482421875},"sequence":222,"source":"7dtd","stream_id":"aba657ef-52b0-48c5-8f0b-78d24fb0e668","type":"entity_state","version":2,"world_id":"td-0d917a4eff776d999148769266591579674d2c42de6557026893a1902834f11f"}
2026-10-04T19:36:51 192.827 INF [MC7DTD] 7DTD entity sent: {"authority":"7dtd","dimension":"7dtd:main","entity_id":"95183d29-9800-4375-a0d3-6030173478e0","entity_type":"7dtd:player","lifecycle":{"event":"update"},"metadata":{},"origin":{"dimension":"7dtd:main","entity_id":"95183d29-9800-4375-a0d3-6030173478e0","game":"7dtd","world_id":"td-0d917a4eff776d999148769266591579674d2c42de6557026893a1902834f11f"},"position":{"space":"7dtd","x":-274.94924926757813,"y":61.079998016357422,"z":461.63272094726563},"rotation":{"pitch":-2.375,"roll":0,"yaw":14.749969482421875},"sequence":223,"source":"7dtd","stream_id":"aba657ef-52b0-48c5-8f0b-78d24fb0e668","type":"entity_state","version":2,"world_id":"td-0d917a4eff776d999148769266591579674d2c42de6557026893a1902834f11f"}
2026-10-04T19:36:52 193.329 INF [MC7DTD] 7DTD entity sent: {"authority":"7dtd","dimension":"7dtd:main","entity_id":"95183d29-9800-4375-a0d3-6030173478e0","entity_type":"7dtd:player","lifecycle":{"event":"update"},"metadata":{},"origin":{"dimension":"7dtd:main","entity_id":"95183d29-9800-4375-a0d3-6030173478e0","game":"7dtd","world_id":"td-0d917a4eff776d999148769266591579674d2c42de6557026893a1902834f11f"},"position":{"space":"7dtd","x":-274.94924926757813,"y":61.079998016357422,"z":461.63272094726563},"rotation":{"pitch":-2.375,"roll":0,"yaw":14.749969482421875},"sequence":224,"source":"7dtd","stream_id":"aba657ef-52b0-48c5-8f0b-78d24fb0e668","type":"entity_state","version":2,"world_id":"td-0d917a4eff776d999148769266591579674d2c42de6557026893a1902834f11f"}
2026-10-04T19:36:52 193.832 INF [MC7DTD] 7DTD entity sent: {"authority":"7dtd","dimension":"7dtd:main","entity_id":"95183d29-9800-4375-a0d3-6030173478e0","entity_type":"7dtd:player","lifecycle":{"event":"update"},"metadata":{},"origin":{"dimension":"7dtd:main","entity_id":"95183d29-9800-4375-a0d3-6030173478e0","game":"7dtd","world_id":"td-0d917a4eff776d999148769266591579674d2c42de6557026893a1902834f11f"},"position":{"space":"7dtd","x":-274.94924926757813,"y":61.079998016357422,"z":461.63272094726563},"rotation":{"pitch":-2.375,"roll":0,"yaw":14.749969482421875},"sequence":225,"source":"7dtd","stream_id":"aba657ef-52b0-48c5-8f0b-78d24fb0e668","type":"entity_state","version":2,"world_id":"td-0d917a4eff776d999148769266591579674d2c42de6557026893a1902834f11f"}
2026-10-04T19:36:53 194.334 INF [MC7DTD] 7DTD entity sent: {"authority":"7dtd","dimension":"7dtd:main","entity_id":"95183d29-9800-4375-a0d3-6030173478e0","entity_type":"7dtd:player","lifecycle":{"event":"update"},"metadata":{},"origin":{"dimension":"7dtd:main","entity_id":"95183d29-9800-4375-a0d3-6030173478e0","game":"7dtd","world_id":"td-0d917a4eff776d999148769266591579674d2c42de6557026893a1902834f11f"},"position":{"space":"7dtd","x":-274.94924926757813,"y":61.079998016357422,"z":461.63272094726563},"rotation":{"pitch":-2.375,"roll":0,"yaw":14.749969482421875},"sequence":226,"source":"7dtd","stream_id":"aba657ef-52b0-48c5-8f0b-78d24fb0e668","type":"entity_state","version":2,"world_id":"td-0d917a4eff776d999148769266591579674d2c42de6557026893a1902834f11f"}
2026-10-04T19:36:53 194.835 INF [MC7DTD] 7DTD entity sent: {"authority":"7dtd","dimension":"7dtd:main","entity_id":"95183d29-9800-4375-a0d3-6030173478e0","entity_type":"7dtd:player","lifecycle":{"event":"update"},"metadata":{},"origin":{"dimension":"7dtd:main","entity_id":"95183d29-9800-4375-a0d3-6030173478e0","game":"7dtd","world_id":"td-0d917a4eff776d999148769266591579674d2c42de6557026893a1902834f11f"},"position":{"space":"7dtd","x":-274.94924926757813,"y":61.079998016357422,"z":461.63272094726563},"rotation":{"pitch":-2.375,"roll":0,"yaw":14.749969482421875},"sequence":227,"source":"7dtd","stream_id":"aba657ef-52b0-48c5-8f0b-78d24fb0e668","type":"entity_state","version":2,"world_id":"td-0d917a4eff776d999148769266591579674d2c42de6557026893a1902834f11f"}
2026-10-04T19:36:54 195.337 INF [MC7DTD] 7DTD entity sent: {"authority":"7dtd","dimension":"7dtd:main","entity_id":"95183d29-9800-4375-a0d3-6030173478e0","entity_type":"7dtd:player","lifecycle":{"event":"update"},"metadata":{},"origin":{"dimension":"7dtd:main","entity_id":"95183d29-9800-4375-a0d3-6030173478e0","game":"7dtd","world_id":"td-0d917a4eff776d999148769266591579674d2c42de6557026893a1902834f11f"},"position":{"space":"7dtd","x":-274.94924926757813,"y":61.079998016357422,"z":461.63272094726563},"rotation":{"pitch":-2.375,"roll":0,"yaw":14.749969482421875},"sequence":228,"source":"7dtd","stream_id":"aba657ef-52b0-48c5-8f0b-78d24fb0e668","type":"entity_state","version":2,"world_id":"td-0d917a4eff776d999148769266591579674d2c42de6557026893a1902834f11f"}
2026-10-04T19:36:54 195.838 INF [MC7DTD] 7DTD entity sent: {"authority":"7dtd","dimension":"7dtd:main","entity_id":"95183d29-9800-4375-a0d3-6030173478e0","entity_type":"7dtd:player","lifecycle":{"event":"update"},"metadata":{},"origin":{"dimension":"7dtd:main","entity_id":"95183d29-9800-4375-a0d3-6030173478e0","game":"7dtd","world_id":"td-0d917a4eff776d999148769266591579674d2c42de6557026893a1902834f11f"},"position":{"space":"7dtd","x":-274.94924926757813,"y":61.079998016357422,"z":461.63272094726563},"rotation":{"pitch":-2.375,"roll":0,"yaw":14.749969482421875},"sequence":229,"source":"7dtd","stream_id":"aba657ef-52b0-48c5-8f0b-78d24fb0e668","type":"entity_state","version":2,"world_id":"td-0d917a4eff776d999148769266591579674d2c42de6557026893a1902834f11f"}
2026-10-04T19:36:55 196.340 INF [MC7DTD] 7DTD entity sent: {"authority":"7dtd","dimension":"7dtd:main","entity_id":"95183d29-9800-4375-a0d3-6030173478e0","entity_type":"7dtd:player","lifecycle":{"event":"update"},"metadata":{},"origin":{"dimension":"7dtd:main","entity_id":"95183d29-9800-4375-a0d3-6030173478e0","game":"7dtd","world_id":"td-0d917a4eff776d999148769266591579674d2c42de6557026893a1902834f11f"},"position":{"space":"7dtd","x":-274.94924926757813,"y":61.079998016357422,"z":461.63272094726563},"rotation":{"pitch":-2.375,"roll":0,"yaw":14.749969482421875},"sequence":230,"source":"7dtd","stream_id":"aba657ef-52b0-48c5-8f0b-78d24fb0e668","type":"entity_state","version":2,"world_id":"td-0d917a4eff776d999148769266591579674d2c42de6557026893a1902834f11f"}
2026-10-04T19:36:55 196.841 INF [MC7DTD] 7DTD entity sent: {"authority":"7dtd","dimension":"7dtd:main","entity_id":"95183d29-9800-4375-a0d3-6030173478e0","entity_type":"7dtd:player","lifecycle":{"event":"update"},"metadata":{},"origin":{"dimension":"7dtd:main","entity_id":"95183d29-9800-4375-a0d3-6030173478e0","game":"7dtd","world_id":"td-0d917a4eff776d999148769266591579674d2c42de6557026893a1902834f11f"},"position":{"space":"7dtd","x":-274.94924926757813,"y":61.079998016357422,"z":461.63272094726563},"rotation":{"pitch":-2.375,"roll":0,"yaw":14.749969482421875},"sequence":231,"source":"7dtd","stream_id":"aba657ef-52b0-48c5-8f0b-78d24fb0e668","type":"entity_state","version":2,"world_id":"td-0d917a4eff776d999148769266591579674d2c42de6557026893a1902834f11f"}
2026-10-04T19:36:56 197.343 INF [MC7DTD] 7DTD entity sent: {"authority":"7dtd","dimension":"7dtd:main","entity_id":"95183d29-9800-4375-a0d3-6030173478e0","entity_type":"7dtd:player","lifecycle":{"event":"update"},"metadata":{},"origin":{"dimension":"7dtd:main","entity_id":"95183d29-9800-4375-a0d3-6030173478e0","game":"7dtd","world_id":"td-0d917a4eff776d999148769266591579674d2c42de6557026893a1902834f11f"},"position":{"space":"7dtd","x":-274.94924926757813,"y":61.079998016357422,"z":461.63272094726563},"rotation":{"pitch":-2.375,"roll":0,"yaw":14.749969482421875},"sequence":232,"source":"7dtd","stream_id":"aba657ef-52b0-48c5-8f0b-78d24fb0e668","type":"entity_state","version":2,"world_id":"td-0d917a4eff776d999148769266591579674d2c42de6557026893a1902834f11f"}
2026-10-04T19:36:56 197.845 INF [MC7DTD] 7DTD entity sent: {"authority":"7dtd","dimension":"7dtd:main","entity_id":"95183d29-9800-4375-a0d3-6030173478e0","entity_type":"7dtd:player","lifecycle":{"event":"update"},"metadata":{},"origin":{"dimension":"7dtd:main","entity_id":"95183d29-9800-4375-a0d3-6030173478e0","game":"7dtd","world_id":"td-0d917a4eff776d999148769266591579674d2c42de6557026893a1902834f11f"},"position":{"space":"7dtd","x":-274.94924926757813,"y":61.079998016357422,"z":461.63272094726563},"rotation":{"pitch":-2.375,"roll":0,"yaw":14.749969482421875},"sequence":233,"source":"7dtd","stream_id":"aba657ef-52b0-48c5-8f0b-78d24fb0e668","type":"entity_state","version":2,"world_id":"td-0d917a4eff776d999148769266591579674d2c42de6557026893a1902834f11f"}
2026-10-04T19:36:57 198.347 INF [MC7DTD] 7DTD entity sent: {"authority":"7dtd","dimension":"7dtd:main","entity_id":"95183d29-9800-4375-a0d3-6030173478e0","entity_type":"7dtd:player","lifecycle":{"event":"update"},"metadata":{},"origin":{"dimension":"7dtd:main","entity_id":"95183d29-9800-4375-a0d3-6030173478e0","game":"7dtd","world_id":"td-0d917a4eff776d999148769266591579674d2c42de6557026893a1902834f11f"},"position":{"space":"7dtd","x":-274.94924926757813,"y":61.079998016357422,"z":461.63272094726563},"rotation":{"pitch":-2.375,"roll":0,"yaw":14.749969482421875},"sequence":234,"source":"7dtd","stream_id":"aba657ef-52b0-48c5-8f0b-78d24fb0e668","type":"entity_state","version":2,"world_id":"td-0d917a4eff776d999148769266591579674d2c42de6557026893a1902834f11f"}
2026-10-04T19:36:57 198.849 INF [MC7DTD] 7DTD entity sent: {"authority":"7dtd","dimension":"7dtd:main","entity_id":"95183d29-9800-4375-a0d3-6030173478e0","entity_type":"7dtd:player","lifecycle":{"event":"update"},"metadata":{},"origin":{"dimension":"7dtd:main","entity_id":"95183d29-9800-4375-a0d3-6030173478e0","game":"7dtd","world_id":"td-0d917a4eff776d999148769266591579674d2c42de6557026893a1902834f11f"},"position":{"space":"7dtd","x":-274.94924926757813,"y":61.079998016357422,"z":461.63272094726563},"rotation":{"pitch":-2.375,"roll":0,"yaw":14.749969482421875},"sequence":235,"source":"7dtd","stream_id":"aba657ef-52b0-48c5-8f0b-78d24fb0e668","type":"entity_state","version":2,"world_id":"td-0d917a4eff776d999148769266591579674d2c42de6557026893a1902834f11f"}
2026-10-04T19:36:58 199.351 INF [MC7DTD] 7DTD entity sent: {"authority":"7dtd","dimension":"7dtd:main","entity_id":"95183d29-9800-4375-a0d3-6030173478e0","entity_type":"7dtd:player","lifecycle":{"event":"update"},"metadata":{},"origin":{"dimension":"7dtd:main","entity_id":"95183d29-9800-4375-a0d3-6030173478e0","game":"7dtd","world_id":"td-0d917a4eff776d999148769266591579674d2c42de6557026893a1902834f11f"},"position":{"space":"7dtd","x":-274.94924926757813,"y":61.079998016357422,"z":461.63272094726563},"rotation":{"pitch":-2.375,"roll":0,"yaw":14.749969482421875},"sequence":236,"source":"7dtd","stream_id":"aba657ef-52b0-48c5-8f0b-78d24fb0e668","type":"entity_state","version":2,"world_id":"td-0d917a4eff776d999148769266591579674d2c42de6557026893a1902834f11f"}
2026-10-04T19:36:58 199.853 INF [MC7DTD] 7DTD entity sent: {"authority":"7dtd","dimension":"7dtd:main","entity_id":"95183d29-9800-4375-a0d3-6030173478e0","entity_type":"7dtd:player","lifecycle":{"event":"update"},"metadata":{},"origin":{"dimension":"7dtd:main","entity_id":"95183d29-9800-4375-a0d3-6030173478e0","game":"7dtd","world_id":"td-0d917a4eff776d999148769266591579674d2c42de6557026893a1902834f11f"},"position":{"space":"7dtd","x":-274.94924926757813,"y":61.079998016357422,"z":461.63272094726563},"rotation":{"pitch":-2.375,"roll":0,"yaw":14.749969482421875},"sequence":237,"source":"7dtd","stream_id":"aba657ef-52b0-48c5-8f0b-78d24fb0e668","type":"entity_state","version":2,"world_id":"td-0d917a4eff776d999148769266591579674d2c42de6557026893a1902834f11f"}
2026-10-04T19:36:59 200.354 INF [MC7DTD] 7DTD entity sent: {"authority":"7dtd","dimension":"7dtd:main","entity_id":"95183d29-9800-4375-a0d3-6030173478e0","entity_type":"7dtd:player","lifecycle":{"event":"update"},"metadata":{},"origin":{"dimension":"7dtd:main","entity_id":"95183d29-9800-4375-a0d3-6030173478e0","game":"7dtd","world_id":"td-0d917a4eff776d999148769266591579674d2c42de6557026893a1902834f11f"},"position":{"space":"7dtd","x":-274.94924926757813,"y":61.079998016357422,"z":461.63272094726563},"rotation":{"pitch":-2.375,"roll":0,"yaw":14.749969482421875},"sequence":238,"source":"7dtd","stream_id":"aba657ef-52b0-48c5-8f0b-78d24fb0e668","type":"entity_state","version":2,"world_id":"td-0d917a4eff776d999148769266591579674d2c42de6557026893a1902834f11f"}
2026-10-04T19:37:00 200.856 INF [MC7DTD] 7DTD entity sent: {"authority":"7dtd","dimension":"7dtd:main","entity_id":"95183d29-9800-4375-a0d3-6030173478e0","entity_type":"7dtd:player","lifecycle":{"event":"update"},"metadata":{},"origin":{"dimension":"7dtd:main","entity_id":"95183d29-9800-4375-a0d3-6030173478e0","game":"7dtd","world_id":"td-0d917a4eff776d999148769266591579674d2c42de6557026893a1902834f11f"},"position":{"space":"7dtd","x":-274.94924926757813,"y":61.079998016357422,"z":461.63272094726563},"rotation":{"pitch":-2.375,"roll":0,"yaw":14.749969482421875},"sequence":239,"source":"7dtd","stream_id":"aba657ef-52b0-48c5-8f0b-78d24fb0e668","type":"entity_state","version":2,"world_id":"td-0d917a4eff776d999148769266591579674d2c42de6557026893a1902834f11f"}
2026-10-04T19:37:00 201.358 INF [MC7DTD] 7DTD entity sent: {"authority":"7dtd","dimension":"7dtd:main","entity_id":"95183d29-9800-4375-a0d3-6030173478e0","entity_type":"7dtd:player","lifecycle":{"event":"update"},"metadata":{},"origin":{"dimension":"7dtd:main","entity_id":"95183d29-9800-4375-a0d3-6030173478e0","game":"7dtd","world_id":"td-0d917a4eff776d999148769266591579674d2c42de6557026893a1902834f11f"},"position":{"space":"7dtd","x":-274.94924926757813,"y":61.079998016357422,"z":461.63272094726563},"rotation":{"pitch":-2.375,"roll":0,"yaw":14.749969482421875},"sequence":240,"source":"7dtd","stream_id":"aba657ef-52b0-48c5-8f0b-78d24fb0e668","type":"entity_state","version":2,"world_id":"td-0d917a4eff776d999148769266591579674d2c42de6557026893a1902834f11f"}
2026-10-04T19:37:01 201.860 INF [MC7DTD] 7DTD entity sent: {"authority":"7dtd","dimension":"7dtd:main","entity_id":"95183d29-9800-4375-a0d3-6030173478e0","entity_type":"7dtd:player","lifecycle":{"event":"update"},"metadata":{},"origin":{"dimension":"7dtd:main","entity_id":"95183d29-9800-4375-a0d3-6030173478e0","game":"7dtd","world_id":"td-0d917a4eff776d999148769266591579674d2c42de6557026893a1902834f11f"},"position":{"space":"7dtd","x":-274.94924926757813,"y":61.079998016357422,"z":461.63272094726563},"rotation":{"pitch":-2.375,"roll":0,"yaw":14.749969482421875},"sequence":241,"source":"7dtd","stream_id":"aba657ef-52b0-48c5-8f0b-78d24fb0e668","type":"entity_state","version":2,"world_id":"td-0d917a4eff776d999148769266591579674d2c42de6557026893a1902834f11f"}
2026-10-04T19:37:01 202.361 INF [MC7DTD] 7DTD entity sent: {"authority":"7dtd","dimension":"7dtd:main","entity_id":"95183d29-9800-4375-a0d3-6030173478e0","entity_type":"7dtd:player","lifecycle":{"event":"update"},"metadata":{},"origin":{"dimension":"7dtd:main","entity_id":"95183d29-9800-4375-a0d3-6030173478e0","game":"7dtd","world_id":"td-0d917a4eff776d999148769266591579674d2c42de6557026893a1902834f11f"},"position":{"space":"7dtd","x":-274.94924926757813,"y":61.079998016357422,"z":461.63272094726563},"rotation":{"pitch":-2.375,"roll":0,"yaw":14.749969482421875},"sequence":242,"source":"7dtd","stream_id":"aba657ef-52b0-48c5-8f0b-78d24fb0e668","type":"entity_state","version":2,"world_id":"td-0d917a4eff776d999148769266591579674d2c42de6557026893a1902834f11f"}
2026-10-04T19:37:02 202.864 INF [MC7DTD] 7DTD entity sent: {"authority":"7dtd","dimension":"7dtd:main","entity_id":"95183d29-9800-4375-a0d3-6030173478e0","entity_type":"7dtd:player","lifecycle":{"event":"update"},"metadata":{},"origin":{"dimension":"7dtd:main","entity_id":"95183d29-9800-4375-a0d3-6030173478e0","game":"7dtd","world_id":"td-0d917a4eff776d999148769266591579674d2c42de6557026893a1902834f11f"},"position":{"space":"7dtd","x":-274.94924926757813,"y":61.079998016357422,"z":461.63272094726563},"rotation":{"pitch":-2.375,"roll":0,"yaw":14.749969482421875},"sequence":243,"source":"7dtd","stream_id":"aba657ef-52b0-48c5-8f0b-78d24fb0e668","type":"entity_state","version":2,"world_id":"td-0d917a4eff776d999148769266591579674d2c42de6557026893a1902834f11f"}
2026-10-04T19:37:02 203.366 INF [MC7DTD] 7DTD entity sent: {"authority":"7dtd","dimension":"7dtd:main","entity_id":"95183d29-9800-4375-a0d3-6030173478e0","entity_type":"7dtd:player","lifecycle":{"event":"update"},"metadata":{},"origin":{"dimension":"7dtd:main","entity_id":"95183d29-9800-4375-a0d3-6030173478e0","game":"7dtd","world_id":"td-0d917a4eff776d999148769266591579674d2c42de6557026893a1902834f11f"},"position":{"space":"7dtd","x":-274.94924926757813,"y":61.079998016357422,"z":461.63272094726563},"rotation":{"pitch":-2.375,"roll":0,"yaw":14.749969482421875},"sequence":244,"source":"7dtd","stream_id":"aba657ef-52b0-48c5-8f0b-78d24fb0e668","type":"entity_state","version":2,"world_id":"td-0d917a4eff776d999148769266591579674d2c42de6557026893a1902834f11f"}
2026-10-04T19:37:03 203.867 INF [MC7DTD] 7DTD entity sent: {"authority":"7dtd","dimension":"7dtd:main","entity_id":"95183d29-9800-4375-a0d3-6030173478e0","entity_type":"7dtd:player","lifecycle":{"event":"update"},"metadata":{},"origin":{"dimension":"7dtd:main","entity_id":"95183d29-9800-4375-a0d3-6030173478e0","game":"7dtd","world_id":"td-0d917a4eff776d999148769266591579674d2c42de6557026893a1902834f11f"},"position":{"space":"7dtd","x":-274.94924926757813,"y":61.079998016357422,"z":461.63272094726563},"rotation":{"pitch":-2.375,"roll":0,"yaw":14.749969482421875},"sequence":245,"source":"7dtd","stream_id":"aba657ef-52b0-48c5-8f0b-78d24fb0e668","type":"entity_state","version":2,"world_id":"td-0d917a4eff776d999148769266591579674d2c42de6557026893a1902834f11f"}
2026-10-04T19:37:03 204.369 INF [MC7DTD] 7DTD entity sent: {"authority":"7dtd","dimension":"7dtd:main","entity_id":"95183d29-9800-4375-a0d3-6030173478e0","entity_type":"7dtd:player","lifecycle":{"event":"update"},"metadata":{},"origin":{"dimension":"7dtd:main","entity_id":"95183d29-9800-4375-a0d3-6030173478e0","game":"7dtd","world_id":"td-0d917a4eff776d999148769266591579674d2c42de6557026893a1902834f11f"},"position":{"space":"7dtd","x":-274.94924926757813,"y":61.079998016357422,"z":461.63272094726563},"rotation":{"pitch":-2.375,"roll":0,"yaw":14.749969482421875},"sequence":246,"source":"7dtd","stream_id":"aba657ef-52b0-48c5-8f0b-78d24fb0e668","type":"entity_state","version":2,"world_id":"td-0d917a4eff776d999148769266591579674d2c42de6557026893a1902834f11f"}
2026-10-04T19:37:04 204.871 INF [MC7DTD] 7DTD entity sent: {"authority":"7dtd","dimension":"7dtd:main","entity_id":"95183d29-9800-4375-a0d3-6030173478e0","entity_type":"7dtd:player","lifecycle":{"event":"update"},"metadata":{},"origin":{"dimension":"7dtd:main","entity_id":"95183d29-9800-4375-a0d3-6030173478e0","game":"7dtd","world_id":"td-0d917a4eff776d999148769266591579674d2c42de6557026893a1902834f11f"},"position":{"space":"7dtd","x":-274.94924926757813,"y":61.079998016357422,"z":461.63272094726563},"rotation":{"pitch":-2.375,"roll":0,"yaw":14.749969482421875},"sequence":247,"source":"7dtd","stream_id":"aba657ef-52b0-48c5-8f0b-78d24fb0e668","type":"entity_state","version":2,"world_id":"td-0d917a4eff776d999148769266591579674d2c42de6557026893a1902834f11f"}
2026-10-04T19:37:04 205.373 INF [MC7DTD] 7DTD entity sent: {"authority":"7dtd","dimension":"7dtd:main","entity_id":"95183d29-9800-4375-a0d3-6030173478e0","entity_type":"7dtd:player","lifecycle":{"event":"update"},"metadata":{},"origin":{"dimension":"7dtd:main","entity_id":"95183d29-9800-4375-a0d3-6030173478e0","game":"7dtd","world_id":"td-0d917a4eff776d999148769266591579674d2c42de6557026893a1902834f11f"},"position":{"space":"7dtd","x":-274.94924926757813,"y":61.079998016357422,"z":461.63272094726563},"rotation":{"pitch":-2.375,"roll":0,"yaw":14.749969482421875},"sequence":248,"source":"7dtd","stream_id":"aba657ef-52b0-48c5-8f0b-78d24fb0e668","type":"entity_state","version":2,"world_id":"td-0d917a4eff776d999148769266591579674d2c42de6557026893a1902834f11f"}
2026-10-04T19:37:05 205.875 INF [MC7DTD] 7DTD entity sent: {"authority":"7dtd","dimension":"7dtd:main","entity_id":"95183d29-9800-4375-a0d3-6030173478e0","entity_type":"7dtd:player","lifecycle":{"event":"update"},"metadata":{},"origin":{"dimension":"7dtd:main","entity_id":"95183d29-9800-4375-a0d3-6030173478e0","game":"7dtd","world_id":"td-0d917a4eff776d999148769266591579674d2c42de6557026893a1902834f11f"},"position":{"space":"7dtd","x":-274.94924926757813,"y":61.079998016357422,"z":461.63272094726563},"rotation":{"pitch":-2.375,"roll":0,"yaw":14.749969482421875},"sequence":249,"source":"7dtd","stream_id":"aba657ef-52b0-48c5-8f0b-78d24fb0e668","type":"entity_state","version":2,"world_id":"td-0d917a4eff776d999148769266591579674d2c42de6557026893a1902834f11f"}
2026-10-04T19:37:05 206.378 INF [MC7DTD] 7DTD entity sent: {"authority":"7dtd","dimension":"7dtd:main","entity_id":"95183d29-9800-4375-a0d3-6030173478e0","entity_type":"7dtd:player","lifecycle":{"event":"update"},"metadata":{},"origin":{"dimension":"7dtd:main","entity_id":"95183d29-9800-4375-a0d3-6030173478e0","game":"7dtd","world_id":"td-0d917a4eff776d999148769266591579674d2c42de6557026893a1902834f11f"},"position":{"space":"7dtd","x":-274.94924926757813,"y":61.079998016357422,"z":461.63272094726563},"rotation":{"pitch":-2.375,"roll":0,"yaw":14.749969482421875},"sequence":250,"source":"7dtd","stream_id":"aba657ef-52b0-48c5-8f0b-78d24fb0e668","type":"entity_state","version":2,"world_id":"td-0d917a4eff776d999148769266591579674d2c42de6557026893a1902834f11f"}
2026-10-04T19:37:05 206.781 INF [MC7DTD] 7DTD entity sent: {"authority":"7dtd","dimension":"7dtd:main","entity_id":"95183d29-9800-4375-a0d3-6030173478e0","entity_type":"7dtd:player","lifecycle":{"event":"update"},"metadata":{},"origin":{"dimension":"7dtd:main","entity_id":"95183d29-9800-4375-a0d3-6030173478e0","game":"7dtd","world_id":"td-0d917a4eff776d999148769266591579674d2c42de6557026893a1902834f11f"},"position":{"space":"7dtd","x":-274.94924926757813,"y":61.079998016357422,"z":461.63272094726563},"rotation":{"pitch":-2.375,"roll":0,"yaw":14.749969482421875},"sequence":251,"source":"7dtd","stream_id":"aba657ef-52b0-48c5-8f0b-78d24fb0e668","type":"entity_state","version":2,"world_id":"td-0d917a4eff776d999148769266591579674d2c42de6557026893a1902834f11f"}
2026-10-04T19:37:06 207.284 INF [MC7DTD] 7DTD entity sent: {"authority":"7dtd","dimension":"7dtd:main","entity_id":"95183d29-9800-4375-a0d3-6030173478e0","entity_type":"7dtd:player","lifecycle":{"event":"update"},"metadata":{},"origin":{"dimension":"7dtd:main","entity_id":"95183d29-9800-4375-a0d3-6030173478e0","game":"7dtd","world_id":"td-0d917a4eff776d999148769266591579674d2c42de6557026893a1902834f11f"},"position":{"space":"7dtd","x":-274.94924926757813,"y":61.079998016357422,"z":461.63272094726563},"rotation":{"pitch":-2.375,"roll":0,"yaw":14.749969482421875},"sequence":252,"source":"7dtd","stream_id":"aba657ef-52b0-48c5-8f0b-78d24fb0e668","type":"entity_state","version":2,"world_id":"td-0d917a4eff776d999148769266591579674d2c42de6557026893a1902834f11f"}
2026-10-04T19:37:06 207.785 INF [MC7DTD] 7DTD entity sent: {"authority":"7dtd","dimension":"7dtd:main","entity_id":"95183d29-9800-4375-a0d3-6030173478e0","entity_type":"7dtd:player","lifecycle":{"event":"update"},"metadata":{},"origin":{"dimension":"7dtd:main","entity_id":"95183d29-9800-4375-a0d3-6030173478e0","game":"7dtd","world_id":"td-0d917a4eff776d999148769266591579674d2c42de6557026893a1902834f11f"},"position":{"space":"7dtd","x":-274.94924926757813,"y":61.079998016357422,"z":461.63272094726563},"rotation":{"pitch":-2.375,"roll":0,"yaw":14.749969482421875},"sequence":253,"source":"7dtd","stream_id":"aba657ef-52b0-48c5-8f0b-78d24fb0e668","type":"entity_state","version":2,"world_id":"td-0d917a4eff776d999148769266591579674d2c42de6557026893a1902834f11f"}
2026-10-04T19:37:07 208.288 INF [MC7DTD] 7DTD entity sent: {"authority":"7dtd","dimension":"7dtd:main","entity_id":"95183d29-9800-4375-a0d3-6030173478e0","entity_type":"7dtd:player","lifecycle":{"event":"update"},"metadata":{},"origin":{"dimension":"7dtd:main","entity_id":"95183d29-9800-4375-a0d3-6030173478e0","game":"7dtd","world_id":"td-0d917a4eff776d999148769266591579674d2c42de6557026893a1902834f11f"},"position":{"space":"7dtd","x":-274.94924926757813,"y":61.079998016357422,"z":461.63272094726563},"rotation":{"pitch":-2.375,"roll":0,"yaw":14.749969482421875},"sequence":254,"source":"7dtd","stream_id":"aba657ef-52b0-48c5-8f0b-78d24fb0e668","type":"entity_state","version":2,"world_id":"td-0d917a4eff776d999148769266591579674d2c42de6557026893a1902834f11f"}
2026-10-04T19:37:07 208.789 INF [MC7DTD] 7DTD entity sent: {"authority":"7dtd","dimension":"7dtd:main","entity_id":"95183d29-9800-4375-a0d3-6030173478e0","entity_type":"7dtd:player","lifecycle":{"event":"update"},"metadata":{},"origin":{"dimension":"7dtd:main","entity_id":"95183d29-9800-4375-a0d3-6030173478e0","game":"7dtd","world_id":"td-0d917a4eff776d999148769266591579674d2c42de6557026893a1902834f11f"},"position":{"space":"7dtd","x":-274.94924926757813,"y":61.079998016357422,"z":461.63272094726563},"rotation":{"pitch":-2.375,"roll":0,"yaw":14.749969482421875},"sequence":255,"source":"7dtd","stream_id":"aba657ef-52b0-48c5-8f0b-78d24fb0e668","type":"entity_state","version":2,"world_id":"td-0d917a4eff776d999148769266591579674d2c42de6557026893a1902834f11f"}
2026-10-04T19:37:08 209.291 INF [MC7DTD] 7DTD entity sent: {"authority":"7dtd","dimension":"7dtd:main","entity_id":"95183d29-9800-4375-a0d3-6030173478e0","entity_type":"7dtd:player","lifecycle":{"event":"update"},"metadata":{},"origin":{"dimension":"7dtd:main","entity_id":"95183d29-9800-4375-a0d3-6030173478e0","game":"7dtd","world_id":"td-0d917a4eff776d999148769266591579674d2c42de6557026893a1902834f11f"},"position":{"space":"7dtd","x":-274.94924926757813,"y":61.079998016357422,"z":461.63272094726563},"rotation":{"pitch":-2.375,"roll":0,"yaw":14.749969482421875},"sequence":256,"source":"7dtd","stream_id":"aba657ef-52b0-48c5-8f0b-78d24fb0e668","type":"entity_state","version":2,"world_id":"td-0d917a4eff776d999148769266591579674d2c42de6557026893a1902834f11f"}
2026-10-04T19:37:08 209.794 INF [MC7DTD] 7DTD entity sent: {"authority":"7dtd","dimension":"7dtd:main","entity_id":"95183d29-9800-4375-a0d3-6030173478e0","entity_type":"7dtd:player","lifecycle":{"event":"update"},"metadata":{},"origin":{"dimension":"7dtd:main","entity_id":"95183d29-9800-4375-a0d3-6030173478e0","game":"7dtd","world_id":"td-0d917a4eff776d999148769266591579674d2c42de6557026893a1902834f11f"},"position":{"space":"7dtd","x":-274.94924926757813,"y":61.079998016357422,"z":461.63272094726563},"rotation":{"pitch":-2.375,"roll":0,"yaw":14.749969482421875},"sequence":257,"source":"7dtd","stream_id":"aba657ef-52b0-48c5-8f0b-78d24fb0e668","type":"entity_state","version":2,"world_id":"td-0d917a4eff776d999148769266591579674d2c42de6557026893a1902834f11f"}
2026-10-04T19:37:09 210.295 INF [MC7DTD] 7DTD entity sent: {"authority":"7dtd","dimension":"7dtd:main","entity_id":"95183d29-9800-4375-a0d3-6030173478e0","entity_type":"7dtd:player","lifecycle":{"event":"update"},"metadata":{},"origin":{"dimension":"7dtd:main","entity_id":"95183d29-9800-4375-a0d3-6030173478e0","game":"7dtd","world_id":"td-0d917a4eff776d999148769266591579674d2c42de6557026893a1902834f11f"},"position":{"space":"7dtd","x":-274.94924926757813,"y":61.079998016357422,"z":461.63272094726563},"rotation":{"pitch":-2.375,"roll":0,"yaw":14.749969482421875},"sequence":258,"source":"7dtd","stream_id":"aba657ef-52b0-48c5-8f0b-78d24fb0e668","type":"entity_state","version":2,"world_id":"td-0d917a4eff776d999148769266591579674d2c42de6557026893a1902834f11f"}
2026-10-04T19:37:09 210.798 INF [MC7DTD] 7DTD entity sent: {"authority":"7dtd","dimension":"7dtd:main","entity_id":"95183d29-9800-4375-a0d3-6030173478e0","entity_type":"7dtd:player","lifecycle":{"event":"update"},"metadata":{},"origin":{"dimension":"7dtd:main","entity_id":"95183d29-9800-4375-a0d3-6030173478e0","game":"7dtd","world_id":"td-0d917a4eff776d999148769266591579674d2c42de6557026893a1902834f11f"},"position":{"space":"7dtd","x":-274.94924926757813,"y":61.079998016357422,"z":461.63272094726563},"rotation":{"pitch":-2.375,"roll":0,"yaw":14.749969482421875},"sequence":259,"source":"7dtd","stream_id":"aba657ef-52b0-48c5-8f0b-78d24fb0e668","type":"entity_state","version":2,"world_id":"td-0d917a4eff776d999148769266591579674d2c42de6557026893a1902834f11f"}
2026-10-04T19:37:10 211.300 INF [MC7DTD] 7DTD entity sent: {"authority":"7dtd","dimension":"7dtd:main","entity_id":"95183d29-9800-4375-a0d3-6030173478e0","entity_type":"7dtd:player","lifecycle":{"event":"update"},"metadata":{},"origin":{"dimension":"7dtd:main","entity_id":"95183d29-9800-4375-a0d3-6030173478e0","game":"7dtd","world_id":"td-0d917a4eff776d999148769266591579674d2c42de6557026893a1902834f11f"},"position":{"space":"7dtd","x":-274.94924926757813,"y":61.079998016357422,"z":461.63272094726563},"rotation":{"pitch":-2.375,"roll":0,"yaw":14.749969482421875},"sequence":260,"source":"7dtd","stream_id":"aba657ef-52b0-48c5-8f0b-78d24fb0e668","type":"entity_state","version":2,"world_id":"td-0d917a4eff776d999148769266591579674d2c42de6557026893a1902834f11f"}
2026-10-04T19:37:10 211.802 INF [MC7DTD] 7DTD entity sent: {"authority":"7dtd","dimension":"7dtd:main","entity_id":"95183d29-9800-4375-a0d3-6030173478e0","entity_type":"7dtd:player","lifecycle":{"event":"update"},"metadata":{},"origin":{"dimension":"7dtd:main","entity_id":"95183d29-9800-4375-a0d3-6030173478e0","game":"7dtd","world_id":"td-0d917a4eff776d999148769266591579674d2c42de6557026893a1902834f11f"},"position":{"space":"7dtd","x":-274.94924926757813,"y":61.079998016357422,"z":461.63272094726563},"rotation":{"pitch":-2.375,"roll":0,"yaw":14.749969482421875},"sequence":261,"source":"7dtd","stream_id":"aba657ef-52b0-48c5-8f0b-78d24fb0e668","type":"entity_state","version":2,"world_id":"td-0d917a4eff776d999148769266591579674d2c42de6557026893a1902834f11f"}
2026-10-04T19:37:11 212.303 INF [MC7DTD] 7DTD entity sent: {"authority":"7dtd","dimension":"7dtd:main","entity_id":"95183d29-9800-4375-a0d3-6030173478e0","entity_type":"7dtd:player","lifecycle":{"event":"update"},"metadata":{},"origin":{"dimension":"7dtd:main","entity_id":"95183d29-9800-4375-a0d3-6030173478e0","game":"7dtd","world_id":"td-0d917a4eff776d999148769266591579674d2c42de6557026893a1902834f11f"},"position":{"space":"7dtd","x":-274.94924926757813,"y":61.079998016357422,"z":461.63272094726563},"rotation":{"pitch":-2.375,"roll":0,"yaw":14.749969482421875},"sequence":262,"source":"7dtd","stream_id":"aba657ef-52b0-48c5-8f0b-78d24fb0e668","type":"entity_state","version":2,"world_id":"td-0d917a4eff776d999148769266591579674d2c42de6557026893a1902834f11f"}
2026-10-04T19:37:11 212.805 INF [MC7DTD] 7DTD entity sent: {"authority":"7dtd","dimension":"7dtd:main","entity_id":"95183d29-9800-4375-a0d3-6030173478e0","entity_type":"7dtd:player","lifecycle":{"event":"update"},"metadata":{},"origin":{"dimension":"7dtd:main","entity_id":"95183d29-9800-4375-a0d3-6030173478e0","game":"7dtd","world_id":"td-0d917a4eff776d999148769266591579674d2c42de6557026893a1902834f11f"},"position":{"space":"7dtd","x":-274.94924926757813,"y":61.079998016357422,"z":461.63272094726563},"rotation":{"pitch":-2.375,"roll":0,"yaw":14.749969482421875},"sequence":263,"source":"7dtd","stream_id":"aba657ef-52b0-48c5-8f0b-78d24fb0e668","type":"entity_state","version":2,"world_id":"td-0d917a4eff776d999148769266591579674d2c42de6557026893a1902834f11f"}
2026-10-04T19:37:12 213.309 INF [MC7DTD] 7DTD entity sent: {"authority":"7dtd","dimension":"7dtd:main","entity_id":"95183d29-9800-4375-a0d3-6030173478e0","entity_type":"7dtd:player","lifecycle":{"event":"update"},"metadata":{},"origin":{"dimension":"7dtd:main","entity_id":"95183d29-9800-4375-a0d3-6030173478e0","game":"7dtd","world_id":"td-0d917a4eff776d999148769266591579674d2c42de6557026893a1902834f11f"},"position":{"space":"7dtd","x":-274.94924926757813,"y":61.079998016357422,"z":461.63272094726563},"rotation":{"pitch":-2.375,"roll":0,"yaw":14.749969482421875},"sequence":264,"source":"7dtd","stream_id":"aba657ef-52b0-48c5-8f0b-78d24fb0e668","type":"entity_state","version":2,"world_id":"td-0d917a4eff776d999148769266591579674d2c42de6557026893a1902834f11f"}
2026-10-04T19:37:12 213.811 INF [MC7DTD] 7DTD entity sent: {"authority":"7dtd","dimension":"7dtd:main","entity_id":"95183d29-9800-4375-a0d3-6030173478e0","entity_type":"7dtd:player","lifecycle":{"event":"update"},"metadata":{},"origin":{"dimension":"7dtd:main","entity_id":"95183d29-9800-4375-a0d3-6030173478e0","game":"7dtd","world_id":"td-0d917a4eff776d999148769266591579674d2c42de6557026893a1902834f11f"},"position":{"space":"7dtd","x":-274.94924926757813,"y":61.079998016357422,"z":461.63272094726563},"rotation":{"pitch":-2.375,"roll":0,"yaw":14.749969482421875},"sequence":265,"source":"7dtd","stream_id":"aba657ef-52b0-48c5-8f0b-78d24fb0e668","type":"entity_state","version":2,"world_id":"td-0d917a4eff776d999148769266591579674d2c42de6557026893a1902834f11f"}
2026-10-04T19:37:13 214.312 INF [MC7DTD] 7DTD entity sent: {"authority":"7dtd","dimension":"7dtd:main","entity_id":"95183d29-9800-4375-a0d3-6030173478e0","entity_type":"7dtd:player","lifecycle":{"event":"update"},"metadata":{},"origin":{"dimension":"7dtd:main","entity_id":"95183d29-9800-4375-a0d3-6030173478e0","game":"7dtd","world_id":"td-0d917a4eff776d999148769266591579674d2c42de6557026893a1902834f11f"},"position":{"space":"7dtd","x":-274.94924926757813,"y":61.079998016357422,"z":461.63272094726563},"rotation":{"pitch":-2.375,"roll":0,"yaw":14.749969482421875},"sequence":266,"source":"7dtd","stream_id":"aba657ef-52b0-48c5-8f0b-78d24fb0e668","type":"entity_state","version":2,"world_id":"td-0d917a4eff776d999148769266591579674d2c42de6557026893a1902834f11f"}
2026-10-04T19:37:13 214.814 INF [MC7DTD] 7DTD entity sent: {"authority":"7dtd","dimension":"7dtd:main","entity_id":"95183d29-9800-4375-a0d3-6030173478e0","entity_type":"7dtd:player","lifecycle":{"event":"update"},"metadata":{},"origin":{"dimension":"7dtd:main","entity_id":"95183d29-9800-4375-a0d3-6030173478e0","game":"7dtd","world_id":"td-0d917a4eff776d999148769266591579674d2c42de6557026893a1902834f11f"},"position":{"space":"7dtd","x":-274.94924926757813,"y":61.079998016357422,"z":461.63272094726563},"rotation":{"pitch":-2.375,"roll":0,"yaw":14.749969482421875},"sequence":267,"source":"7dtd","stream_id":"aba657ef-52b0-48c5-8f0b-78d24fb0e668","type":"entity_state","version":2,"world_id":"td-0d917a4eff776d999148769266591579674d2c42de6557026893a1902834f11f"}
2026-10-04T19:37:14 215.317 INF [MC7DTD] 7DTD entity sent: {"authority":"7dtd","dimension":"7dtd:main","entity_id":"95183d29-9800-4375-a0d3-6030173478e0","entity_type":"7dtd:player","lifecycle":{"event":"update"},"metadata":{},"origin":{"dimension":"7dtd:main","entity_id":"95183d29-9800-4375-a0d3-6030173478e0","game":"7dtd","world_id":"td-0d917a4eff776d999148769266591579674d2c42de6557026893a1902834f11f"},"position":{"space":"7dtd","x":-274.94924926757813,"y":61.079998016357422,"z":461.63272094726563},"rotation":{"pitch":-2.375,"roll":0,"yaw":14.749969482421875},"sequence":268,"source":"7dtd","stream_id":"aba657ef-52b0-48c5-8f0b-78d24fb0e668","type":"entity_state","version":2,"world_id":"td-0d917a4eff776d999148769266591579674d2c42de6557026893a1902834f11f"}
2026-10-04T19:37:14 215.819 INF [MC7DTD] 7DTD entity sent: {"authority":"7dtd","dimension":"7dtd:main","entity_id":"95183d29-9800-4375-a0d3-6030173478e0","entity_type":"7dtd:player","lifecycle":{"event":"update"},"metadata":{},"origin":{"dimension":"7dtd:main","entity_id":"95183d29-9800-4375-a0d3-6030173478e0","game":"7dtd","world_id":"td-0d917a4eff776d999148769266591579674d2c42de6557026893a1902834f11f"},"position":{"space":"7dtd","x":-274.94924926757813,"y":61.079998016357422,"z":461.63272094726563},"rotation":{"pitch":-2.375,"roll":0,"yaw":14.749969482421875},"sequence":269,"source":"7dtd","stream_id":"aba657ef-52b0-48c5-8f0b-78d24fb0e668","type":"entity_state","version":2,"world_id":"td-0d917a4eff776d999148769266591579674d2c42de6557026893a1902834f11f"}
2026-10-04T19:37:15 216.321 INF [MC7DTD] 7DTD entity sent: {"authority":"7dtd","dimension":"7dtd:main","entity_id":"95183d29-9800-4375-a0d3-6030173478e0","entity_type":"7dtd:player","lifecycle":{"event":"update"},"metadata":{},"origin":{"dimension":"7dtd:main","entity_id":"95183d29-9800-4375-a0d3-6030173478e0","game":"7dtd","world_id":"td-0d917a4eff776d999148769266591579674d2c42de6557026893a1902834f11f"},"position":{"space":"7dtd","x":-274.94924926757813,"y":61.079998016357422,"z":461.63272094726563},"rotation":{"pitch":-2.375,"roll":0,"yaw":14.749969482421875},"sequence":270,"source":"7dtd","stream_id":"aba657ef-52b0-48c5-8f0b-78d24fb0e668","type":"entity_state","version":2,"world_id":"td-0d917a4eff776d999148769266591579674d2c42de6557026893a1902834f11f"}
2026-10-04T19:37:15 216.824 INF [MC7DTD] 7DTD entity sent: {"authority":"7dtd","dimension":"7dtd:main","entity_id":"95183d29-9800-4375-a0d3-6030173478e0","entity_type":"7dtd:player","lifecycle":{"event":"update"},"metadata":{},"origin":{"dimension":"7dtd:main","entity_id":"95183d29-9800-4375-a0d3-6030173478e0","game":"7dtd","world_id":"td-0d917a4eff776d999148769266591579674d2c42de6557026893a1902834f11f"},"position":{"space":"7dtd","x":-274.94924926757813,"y":61.079998016357422,"z":461.63272094726563},"rotation":{"pitch":-2.375,"roll":0,"yaw":14.749969482421875},"sequence":271,"source":"7dtd","stream_id":"aba657ef-52b0-48c5-8f0b-78d24fb0e668","type":"entity_state","version":2,"world_id":"td-0d917a4eff776d999148769266591579674d2c42de6557026893a1902834f11f"}
2026-10-04T19:37:16 217.325 INF [MC7DTD] 7DTD entity sent: {"authority":"7dtd","dimension":"7dtd:main","entity_id":"95183d29-9800-4375-a0d3-6030173478e0","entity_type":"7dtd:player","lifecycle":{"event":"update"},"metadata":{},"origin":{"dimension":"7dtd:main","entity_id":"95183d29-9800-4375-a0d3-6030173478e0","game":"7dtd","world_id":"td-0d917a4eff776d999148769266591579674d2c42de6557026893a1902834f11f"},"position":{"space":"7dtd","x":-274.94924926757813,"y":61.079998016357422,"z":461.63272094726563},"rotation":{"pitch":-2.375,"roll":0,"yaw":14.749969482421875},"sequence":272,"source":"7dtd","stream_id":"aba657ef-52b0-48c5-8f0b-78d24fb0e668","type":"entity_state","version":2,"world_id":"td-0d917a4eff776d999148769266591579674d2c42de6557026893a1902834f11f"}
2026-10-04T19:37:16 217.827 INF [MC7DTD] 7DTD entity sent: {"authority":"7dtd","dimension":"7dtd:main","entity_id":"95183d29-9800-4375-a0d3-6030173478e0","entity_type":"7dtd:player","lifecycle":{"event":"update"},"metadata":{},"origin":{"dimension":"7dtd:main","entity_id":"95183d29-9800-4375-a0d3-6030173478e0","game":"7dtd","world_id":"td-0d917a4eff776d999148769266591579674d2c42de6557026893a1902834f11f"},"position":{"space":"7dtd","x":-274.94924926757813,"y":61.079998016357422,"z":461.63272094726563},"rotation":{"pitch":-2.375,"roll":0,"yaw":14.749969482421875},"sequence":273,"source":"7dtd","stream_id":"aba657ef-52b0-48c5-8f0b-78d24fb0e668","type":"entity_state","version":2,"world_id":"td-0d917a4eff776d999148769266591579674d2c42de6557026893a1902834f11f"}
2026-10-04T19:37:17 218.329 INF [MC7DTD] 7DTD entity sent: {"authority":"7dtd","dimension":"7dtd:main","entity_id":"95183d29-9800-4375-a0d3-6030173478e0","entity_type":"7dtd:player","lifecycle":{"event":"update"},"metadata":{},"origin":{"dimension":"7dtd:main","entity_id":"95183d29-9800-4375-a0d3-6030173478e0","game":"7dtd","world_id":"td-0d917a4eff776d999148769266591579674d2c42de6557026893a1902834f11f"},"position":{"space":"7dtd","x":-274.94924926757813,"y":61.079998016357422,"z":461.63272094726563},"rotation":{"pitch":-2.375,"roll":0,"yaw":14.749969482421875},"sequence":274,"source":"7dtd","stream_id":"aba657ef-52b0-48c5-8f0b-78d24fb0e668","type":"entity_state","version":2,"world_id":"td-0d917a4eff776d999148769266591579674d2c42de6557026893a1902834f11f"}
2026-10-04T19:37:17 218.831 INF [MC7DTD] 7DTD entity sent: {"authority":"7dtd","dimension":"7dtd:main","entity_id":"95183d29-9800-4375-a0d3-6030173478e0","entity_type":"7dtd:player","lifecycle":{"event":"update"},"metadata":{},"origin":{"dimension":"7dtd:main","entity_id":"95183d29-9800-4375-a0d3-6030173478e0","game":"7dtd","world_id":"td-0d917a4eff776d999148769266591579674d2c42de6557026893a1902834f11f"},"position":{"space":"7dtd","x":-274.94924926757813,"y":61.079998016357422,"z":461.63272094726563},"rotation":{"pitch":-2.375,"roll":0,"yaw":14.749969482421875},"sequence":275,"source":"7dtd","stream_id":"aba657ef-52b0-48c5-8f0b-78d24fb0e668","type":"entity_state","version":2,"world_id":"td-0d917a4eff776d999148769266591579674d2c42de6557026893a1902834f11f"}
2026-10-04T19:37:18 219.333 INF [MC7DTD] 7DTD entity sent: {"authority":"7dtd","dimension":"7dtd:main","entity_id":"95183d29-9800-4375-a0d3-6030173478e0","entity_type":"7dtd:player","lifecycle":{"event":"update"},"metadata":{},"origin":{"dimension":"7dtd:main","entity_id":"95183d29-9800-4375-a0d3-6030173478e0","game":"7dtd","world_id":"td-0d917a4eff776d999148769266591579674d2c42de6557026893a1902834f11f"},"position":{"space":"7dtd","x":-274.94924926757813,"y":61.079998016357422,"z":461.63272094726563},"rotation":{"pitch":-2.375,"roll":0,"yaw":14.749969482421875},"sequence":276,"source":"7dtd","stream_id":"aba657ef-52b0-48c5-8f0b-78d24fb0e668","type":"entity_state","version":2,"world_id":"td-0d917a4eff776d999148769266591579674d2c42de6557026893a1902834f11f"}
2026-10-04T19:37:18 219.835 INF [MC7DTD] 7DTD entity sent: {"authority":"7dtd","dimension":"7dtd:main","entity_id":"95183d29-9800-4375-a0d3-6030173478e0","entity_type":"7dtd:player","lifecycle":{"event":"update"},"metadata":{},"origin":{"dimension":"7dtd:main","entity_id":"95183d29-9800-4375-a0d3-6030173478e0","game":"7dtd","world_id":"td-0d917a4eff776d999148769266591579674d2c42de6557026893a1902834f11f"},"position":{"space":"7dtd","x":-274.94924926757813,"y":61.079998016357422,"z":461.63272094726563},"rotation":{"pitch":-2.375,"roll":0,"yaw":14.749969482421875},"sequence":277,"source":"7dtd","stream_id":"aba657ef-52b0-48c5-8f0b-78d24fb0e668","type":"entity_state","version":2,"world_id":"td-0d917a4eff776d999148769266591579674d2c42de6557026893a1902834f11f"}
2026-10-04T19:37:19 220.338 INF [MC7DTD] 7DTD entity sent: {"authority":"7dtd","dimension":"7dtd:main","entity_id":"95183d29-9800-4375-a0d3-6030173478e0","entity_type":"7dtd:player","lifecycle":{"event":"update"},"metadata":{},"origin":{"dimension":"7dtd:main","entity_id":"95183d29-9800-4375-a0d3-6030173478e0","game":"7dtd","world_id":"td-0d917a4eff776d999148769266591579674d2c42de6557026893a1902834f11f"},"position":{"space":"7dtd","x":-274.94924926757813,"y":61.079998016357422,"z":461.63272094726563},"rotation":{"pitch":-2.375,"roll":0,"yaw":14.749969482421875},"sequence":278,"source":"7dtd","stream_id":"aba657ef-52b0-48c5-8f0b-78d24fb0e668","type":"entity_state","version":2,"world_id":"td-0d917a4eff776d999148769266591579674d2c42de6557026893a1902834f11f"}
2026-10-04T19:37:19 220.840 INF [MC7DTD] 7DTD entity sent: {"authority":"7dtd","dimension":"7dtd:main","entity_id":"95183d29-9800-4375-a0d3-6030173478e0","entity_type":"7dtd:player","lifecycle":{"event":"update"},"metadata":{},"origin":{"dimension":"7dtd:main","entity_id":"95183d29-9800-4375-a0d3-6030173478e0","game":"7dtd","world_id":"td-0d917a4eff776d999148769266591579674d2c42de6557026893a1902834f11f"},"position":{"space":"7dtd","x":-274.94924926757813,"y":61.079998016357422,"z":461.63272094726563},"rotation":{"pitch":-2.375,"roll":0,"yaw":14.749969482421875},"sequence":279,"source":"7dtd","stream_id":"aba657ef-52b0-48c5-8f0b-78d24fb0e668","type":"entity_state","version":2,"world_id":"td-0d917a4eff776d999148769266591579674d2c42de6557026893a1902834f11f"}
2026-10-04T19:37:20 221.342 INF [MC7DTD] 7DTD entity sent: {"authority":"7dtd","dimension":"7dtd:main","entity_id":"95183d29-9800-4375-a0d3-6030173478e0","entity_type":"7dtd:player","lifecycle":{"event":"update"},"metadata":{},"origin":{"dimension":"7dtd:main","entity_id":"95183d29-9800-4375-a0d3-6030173478e0","game":"7dtd","world_id":"td-0d917a4eff776d999148769266591579674d2c42de6557026893a1902834f11f"},"position":{"space":"7dtd","x":-274.94924926757813,"y":61.079998016357422,"z":461.63272094726563},"rotation":{"pitch":-2.375,"roll":0,"yaw":14.749969482421875},"sequence":280,"source":"7dtd","stream_id":"aba657ef-52b0-48c5-8f0b-78d24fb0e668","type":"entity_state","version":2,"world_id":"td-0d917a4eff776d999148769266591579674d2c42de6557026893a1902834f11f"}
2026-10-04T19:37:20 221.844 INF [MC7DTD] 7DTD entity sent: {"authority":"7dtd","dimension":"7dtd:main","entity_id":"95183d29-9800-4375-a0d3-6030173478e0","entity_type":"7dtd:player","lifecycle":{"event":"update"},"metadata":{},"origin":{"dimension":"7dtd:main","entity_id":"95183d29-9800-4375-a0d3-6030173478e0","game":"7dtd","world_id":"td-0d917a4eff776d999148769266591579674d2c42de6557026893a1902834f11f"},"position":{"space":"7dtd","x":-274.94924926757813,"y":61.079998016357422,"z":461.63272094726563},"rotation":{"pitch":-2.375,"roll":0,"yaw":14.749969482421875},"sequence":281,"source":"7dtd","stream_id":"aba657ef-52b0-48c5-8f0b-78d24fb0e668","type":"entity_state","version":2,"world_id":"td-0d917a4eff776d999148769266591579674d2c42de6557026893a1902834f11f"}
2026-10-04T19:37:21 222.346 INF [MC7DTD] 7DTD entity sent: {"authority":"7dtd","dimension":"7dtd:main","entity_id":"95183d29-9800-4375-a0d3-6030173478e0","entity_type":"7dtd:player","lifecycle":{"event":"update"},"metadata":{},"origin":{"dimension":"7dtd:main","entity_id":"95183d29-9800-4375-a0d3-6030173478e0","game":"7dtd","world_id":"td-0d917a4eff776d999148769266591579674d2c42de6557026893a1902834f11f"},"position":{"space":"7dtd","x":-274.94924926757813,"y":61.079998016357422,"z":461.63272094726563},"rotation":{"pitch":-2.375,"roll":0,"yaw":14.749969482421875},"sequence":282,"source":"7dtd","stream_id":"aba657ef-52b0-48c5-8f0b-78d24fb0e668","type":"entity_state","version":2,"world_id":"td-0d917a4eff776d999148769266591579674d2c42de6557026893a1902834f11f"}
2026-10-04T19:37:21 222.847 INF [MC7DTD] 7DTD entity sent: {"authority":"7dtd","dimension":"7dtd:main","entity_id":"95183d29-9800-4375-a0d3-6030173478e0","entity_type":"7dtd:player","lifecycle":{"event":"update"},"metadata":{},"origin":{"dimension":"7dtd:main","entity_id":"95183d29-9800-4375-a0d3-6030173478e0","game":"7dtd","world_id":"td-0d917a4eff776d999148769266591579674d2c42de6557026893a1902834f11f"},"position":{"space":"7dtd","x":-274.94924926757813,"y":61.079998016357422,"z":461.63272094726563},"rotation":{"pitch":-2.375,"roll":0,"yaw":14.749969482421875},"sequence":283,"source":"7dtd","stream_id":"aba657ef-52b0-48c5-8f0b-78d24fb0e668","type":"entity_state","version":2,"world_id":"td-0d917a4eff776d999148769266591579674d2c42de6557026893a1902834f11f"}
2026-10-04T19:37:22 223.350 INF [MC7DTD] 7DTD entity sent: {"authority":"7dtd","dimension":"7dtd:main","entity_id":"95183d29-9800-4375-a0d3-6030173478e0","entity_type":"7dtd:player","lifecycle":{"event":"update"},"metadata":{},"origin":{"dimension":"7dtd:main","entity_id":"95183d29-9800-4375-a0d3-6030173478e0","game":"7dtd","world_id":"td-0d917a4eff776d999148769266591579674d2c42de6557026893a1902834f11f"},"position":{"space":"7dtd","x":-274.94924926757813,"y":61.079998016357422,"z":461.63272094726563},"rotation":{"pitch":-2.375,"roll":0,"yaw":14.749969482421875},"sequence":284,"source":"7dtd","stream_id":"aba657ef-52b0-48c5-8f0b-78d24fb0e668","type":"entity_state","version":2,"world_id":"td-0d917a4eff776d999148769266591579674d2c42de6557026893a1902834f11f"}
2026-10-04T19:37:22 223.852 INF [MC7DTD] 7DTD entity sent: {"authority":"7dtd","dimension":"7dtd:main","entity_id":"95183d29-9800-4375-a0d3-6030173478e0","entity_type":"7dtd:player","lifecycle":{"event":"update"},"metadata":{},"origin":{"dimension":"7dtd:main","entity_id":"95183d29-9800-4375-a0d3-6030173478e0","game":"7dtd","world_id":"td-0d917a4eff776d999148769266591579674d2c42de6557026893a1902834f11f"},"position":{"space":"7dtd","x":-274.94924926757813,"y":61.079998016357422,"z":461.63272094726563},"rotation":{"pitch":-2.375,"roll":0,"yaw":14.749969482421875},"sequence":285,"source":"7dtd","stream_id":"aba657ef-52b0-48c5-8f0b-78d24fb0e668","type":"entity_state","version":2,"world_id":"td-0d917a4eff776d999148769266591579674d2c42de6557026893a1902834f11f"}
2026-10-04T19:37:23 224.353 INF [MC7DTD] 7DTD entity sent: {"authority":"7dtd","dimension":"7dtd:main","entity_id":"95183d29-9800-4375-a0d3-6030173478e0","entity_type":"7dtd:player","lifecycle":{"event":"update"},"metadata":{},"origin":{"dimension":"7dtd:main","entity_id":"95183d29-9800-4375-a0d3-6030173478e0","game":"7dtd","world_id":"td-0d917a4eff776d999148769266591579674d2c42de6557026893a1902834f11f"},"position":{"space":"7dtd","x":-274.94924926757813,"y":61.079998016357422,"z":461.63272094726563},"rotation":{"pitch":-2.375,"roll":0,"yaw":14.749969482421875},"sequence":286,"source":"7dtd","stream_id":"aba657ef-52b0-48c5-8f0b-78d24fb0e668","type":"entity_state","version":2,"world_id":"td-0d917a4eff776d999148769266591579674d2c42de6557026893a1902834f11f"}
2026-10-04T19:37:23 224.854 INF [MC7DTD] 7DTD entity sent: {"authority":"7dtd","dimension":"7dtd:main","entity_id":"95183d29-9800-4375-a0d3-6030173478e0","entity_type":"7dtd:player","lifecycle":{"event":"update"},"metadata":{},"origin":{"dimension":"7dtd:main","entity_id":"95183d29-9800-4375-a0d3-6030173478e0","game":"7dtd","world_id":"td-0d917a4eff776d999148769266591579674d2c42de6557026893a1902834f11f"},"position":{"space":"7dtd","x":-274.94924926757813,"y":61.079998016357422,"z":461.63272094726563},"rotation":{"pitch":-2.375,"roll":0,"yaw":14.749969482421875},"sequence":287,"source":"7dtd","stream_id":"aba657ef-52b0-48c5-8f0b-78d24fb0e668","type":"entity_state","version":2,"world_id":"td-0d917a4eff776d999148769266591579674d2c42de6557026893a1902834f11f"}
2026-10-04T19:37:24 225.357 INF [MC7DTD] 7DTD entity sent: {"authority":"7dtd","dimension":"7dtd:main","entity_id":"95183d29-9800-4375-a0d3-6030173478e0","entity_type":"7dtd:player","lifecycle":{"event":"update"},"metadata":{},"origin":{"dimension":"7dtd:main","entity_id":"95183d29-9800-4375-a0d3-6030173478e0","game":"7dtd","world_id":"td-0d917a4eff776d999148769266591579674d2c42de6557026893a1902834f11f"},"position":{"space":"7dtd","x":-274.94924926757813,"y":61.079998016357422,"z":461.63272094726563},"rotation":{"pitch":-2.375,"roll":0,"yaw":14.749969482421875},"sequence":288,"source":"7dtd","stream_id":"aba657ef-52b0-48c5-8f0b-78d24fb0e668","type":"entity_state","version":2,"world_id":"td-0d917a4eff776d999148769266591579674d2c42de6557026893a1902834f11f"}
2026-10-04T19:37:25 225.859 INF [MC7DTD] 7DTD entity sent: {"authority":"7dtd","dimension":"7dtd:main","entity_id":"95183d29-9800-4375-a0d3-6030173478e0","entity_type":"7dtd:player","lifecycle":{"event":"update"},"metadata":{},"origin":{"dimension":"7dtd:main","entity_id":"95183d29-9800-4375-a0d3-6030173478e0","game":"7dtd","world_id":"td-0d917a4eff776d999148769266591579674d2c42de6557026893a1902834f11f"},"position":{"space":"7dtd","x":-274.94924926757813,"y":61.079998016357422,"z":461.63272094726563},"rotation":{"pitch":-2.375,"roll":0,"yaw":14.749969482421875},"sequence":289,"source":"7dtd","stream_id":"aba657ef-52b0-48c5-8f0b-78d24fb0e668","type":"entity_state","version":2,"world_id":"td-0d917a4eff776d999148769266591579674d2c42de6557026893a1902834f11f"}
2026-10-04T19:37:25 226.361 INF [MC7DTD] 7DTD entity sent: {"authority":"7dtd","dimension":"7dtd:main","entity_id":"95183d29-9800-4375-a0d3-6030173478e0","entity_type":"7dtd:player","lifecycle":{"event":"update"},"metadata":{},"origin":{"dimension":"7dtd:main","entity_id":"95183d29-9800-4375-a0d3-6030173478e0","game":"7dtd","world_id":"td-0d917a4eff776d999148769266591579674d2c42de6557026893a1902834f11f"},"position":{"space":"7dtd","x":-274.94924926757813,"y":61.079998016357422,"z":461.63272094726563},"rotation":{"pitch":-2.375,"roll":0,"yaw":14.749969482421875},"sequence":290,"source":"7dtd","stream_id":"aba657ef-52b0-48c5-8f0b-78d24fb0e668","type":"entity_state","version":2,"world_id":"td-0d917a4eff776d999148769266591579674d2c42de6557026893a1902834f11f"}
2026-10-04T19:37:26 226.865 INF [MC7DTD] 7DTD entity sent: {"authority":"7dtd","dimension":"7dtd:main","entity_id":"95183d29-9800-4375-a0d3-6030173478e0","entity_type":"7dtd:player","lifecycle":{"event":"update"},"metadata":{},"origin":{"dimension":"7dtd:main","entity_id":"95183d29-9800-4375-a0d3-6030173478e0","game":"7dtd","world_id":"td-0d917a4eff776d999148769266591579674d2c42de6557026893a1902834f11f"},"position":{"space":"7dtd","x":-274.94924926757813,"y":61.079998016357422,"z":461.63272094726563},"rotation":{"pitch":-2.375,"roll":0,"yaw":14.749969482421875},"sequence":291,"source":"7dtd","stream_id":"aba657ef-52b0-48c5-8f0b-78d24fb0e668","type":"entity_state","version":2,"world_id":"td-0d917a4eff776d999148769266591579674d2c42de6557026893a1902834f11f"}
2026-10-04T19:37:26 227.368 INF [MC7DTD] 7DTD entity sent: {"authority":"7dtd","dimension":"7dtd:main","entity_id":"95183d29-9800-4375-a0d3-6030173478e0","entity_type":"7dtd:player","lifecycle":{"event":"update"},"metadata":{},"origin":{"dimension":"7dtd:main","entity_id":"95183d29-9800-4375-a0d3-6030173478e0","game":"7dtd","world_id":"td-0d917a4eff776d999148769266591579674d2c42de6557026893a1902834f11f"},"position":{"space":"7dtd","x":-274.94924926757813,"y":61.079998016357422,"z":461.63272094726563},"rotation":{"pitch":-2.375,"roll":0,"yaw":14.749969482421875},"sequence":292,"source":"7dtd","stream_id":"aba657ef-52b0-48c5-8f0b-78d24fb0e668","type":"entity_state","version":2,"world_id":"td-0d917a4eff776d999148769266591579674d2c42de6557026893a1902834f11f"}
2026-10-04T19:37:27 227.871 INF [MC7DTD] 7DTD entity sent: {"authority":"7dtd","dimension":"7dtd:main","entity_id":"95183d29-9800-4375-a0d3-6030173478e0","entity_type":"7dtd:player","lifecycle":{"event":"update"},"metadata":{},"origin":{"dimension":"7dtd:main","entity_id":"95183d29-9800-4375-a0d3-6030173478e0","game":"7dtd","world_id":"td-0d917a4eff776d999148769266591579674d2c42de6557026893a1902834f11f"},"position":{"space":"7dtd","x":-274.94924926757813,"y":61.079998016357422,"z":461.63272094726563},"rotation":{"pitch":-2.375,"roll":0,"yaw":14.749969482421875},"sequence":293,"source":"7dtd","stream_id":"aba657ef-52b0-48c5-8f0b-78d24fb0e668","type":"entity_state","version":2,"world_id":"td-0d917a4eff776d999148769266591579674d2c42de6557026893a1902834f11f"}
2026-10-04T19:37:27 228.374 INF [MC7DTD] 7DTD entity sent: {"authority":"7dtd","dimension":"7dtd:main","entity_id":"95183d29-9800-4375-a0d3-6030173478e0","entity_type":"7dtd:player","lifecycle":{"event":"update"},"metadata":{},"origin":{"dimension":"7dtd:main","entity_id":"95183d29-9800-4375-a0d3-6030173478e0","game":"7dtd","world_id":"td-0d917a4eff776d999148769266591579674d2c42de6557026893a1902834f11f"},"position":{"space":"7dtd","x":-274.94924926757813,"y":61.079998016357422,"z":461.63272094726563},"rotation":{"pitch":-2.375,"roll":0,"yaw":14.749969482421875},"sequence":294,"source":"7dtd","stream_id":"aba657ef-52b0-48c5-8f0b-78d24fb0e668","type":"entity_state","version":2,"world_id":"td-0d917a4eff776d999148769266591579674d2c42de6557026893a1902834f11f"}
2026-10-04T19:37:28 228.876 INF [MC7DTD] 7DTD entity sent: {"authority":"7dtd","dimension":"7dtd:main","entity_id":"95183d29-9800-4375-a0d3-6030173478e0","entity_type":"7dtd:player","lifecycle":{"event":"update"},"metadata":{},"origin":{"dimension":"7dtd:main","entity_id":"95183d29-9800-4375-a0d3-6030173478e0","game":"7dtd","world_id":"td-0d917a4eff776d999148769266591579674d2c42de6557026893a1902834f11f"},"position":{"space":"7dtd","x":-274.94924926757813,"y":61.079998016357422,"z":461.63272094726563},"rotation":{"pitch":-2.375,"roll":0,"yaw":14.749969482421875},"sequence":295,"source":"7dtd","stream_id":"aba657ef-52b0-48c5-8f0b-78d24fb0e668","type":"entity_state","version":2,"world_id":"td-0d917a4eff776d999148769266591579674d2c42de6557026893a1902834f11f"}
2026-10-04T19:37:28 229.377 INF [MC7DTD] 7DTD entity sent: {"authority":"7dtd","dimension":"7dtd:main","entity_id":"95183d29-9800-4375-a0d3-6030173478e0","entity_type":"7dtd:player","lifecycle":{"event":"update"},"metadata":{},"origin":{"dimension":"7dtd:main","entity_id":"95183d29-9800-4375-a0d3-6030173478e0","game":"7dtd","world_id":"td-0d917a4eff776d999148769266591579674d2c42de6557026893a1902834f11f"},"position":{"space":"7dtd","x":-274.94924926757813,"y":61.079998016357422,"z":461.63272094726563},"rotation":{"pitch":-2.375,"roll":0,"yaw":14.749969482421875},"sequence":296,"source":"7dtd","stream_id":"aba657ef-52b0-48c5-8f0b-78d24fb0e668","type":"entity_state","version":2,"world_id":"td-0d917a4eff776d999148769266591579674d2c42de6557026893a1902834f11f"}
2026-10-04T19:37:29 229.879 INF [MC7DTD] 7DTD entity sent: {"authority":"7dtd","dimension":"7dtd:main","entity_id":"95183d29-9800-4375-a0d3-6030173478e0","entity_type":"7dtd:player","lifecycle":{"event":"update"},"metadata":{},"origin":{"dimension":"7dtd:main","entity_id":"95183d29-9800-4375-a0d3-6030173478e0","game":"7dtd","world_id":"td-0d917a4eff776d999148769266591579674d2c42de6557026893a1902834f11f"},"position":{"space":"7dtd","x":-274.94924926757813,"y":61.079998016357422,"z":461.63272094726563},"rotation":{"pitch":-2.375,"roll":0,"yaw":14.749969482421875},"sequence":297,"source":"7dtd","stream_id":"aba657ef-52b0-48c5-8f0b-78d24fb0e668","type":"entity_state","version":2,"world_id":"td-0d917a4eff776d999148769266591579674d2c42de6557026893a1902834f11f"}
2026-10-04T19:37:29 230.381 INF [MC7DTD] 7DTD entity sent: {"authority":"7dtd","dimension":"7dtd:main","entity_id":"95183d29-9800-4375-a0d3-6030173478e0","entity_type":"7dtd:player","lifecycle":{"event":"update"},"metadata":{},"origin":{"dimension":"7dtd:main","entity_id":"95183d29-9800-4375-a0d3-6030173478e0","game":"7dtd","world_id":"td-0d917a4eff776d999148769266591579674d2c42de6557026893a1902834f11f"},"position":{"space":"7dtd","x":-274.94924926757813,"y":61.079998016357422,"z":461.63272094726563},"rotation":{"pitch":-2.375,"roll":0,"yaw":14.749969482421875},"sequence":298,"source":"7dtd","stream_id":"aba657ef-52b0-48c5-8f0b-78d24fb0e668","type":"entity_state","version":2,"world_id":"td-0d917a4eff776d999148769266591579674d2c42de6557026893a1902834f11f"}
2026-10-04T19:37:30 230.884 INF [MC7DTD] 7DTD entity sent: {"authority":"7dtd","dimension":"7dtd:main","entity_id":"95183d29-9800-4375-a0d3-6030173478e0","entity_type":"7dtd:player","lifecycle":{"event":"update"},"metadata":{},"origin":{"dimension":"7dtd:main","entity_id":"95183d29-9800-4375-a0d3-6030173478e0","game":"7dtd","world_id":"td-0d917a4eff776d999148769266591579674d2c42de6557026893a1902834f11f"},"position":{"space":"7dtd","x":-274.94924926757813,"y":61.079998016357422,"z":461.63272094726563},"rotation":{"pitch":-2.375,"roll":0,"yaw":14.749969482421875},"sequence":299,"source":"7dtd","stream_id":"aba657ef-52b0-48c5-8f0b-78d24fb0e668","type":"entity_state","version":2,"world_id":"td-0d917a4eff776d999148769266591579674d2c42de6557026893a1902834f11f"}
2026-10-04T19:37:30 231.385 INF [MC7DTD] 7DTD entity sent: {"authority":"7dtd","dimension":"7dtd:main","entity_id":"95183d29-9800-4375-a0d3-6030173478e0","entity_type":"7dtd:player","lifecycle":{"event":"update"},"metadata":{},"origin":{"dimension":"7dtd:main","entity_id":"95183d29-9800-4375-a0d3-6030173478e0","game":"7dtd","world_id":"td-0d917a4eff776d999148769266591579674d2c42de6557026893a1902834f11f"},"position":{"space":"7dtd","x":-274.94924926757813,"y":61.079998016357422,"z":461.63272094726563},"rotation":{"pitch":-2.375,"roll":0,"yaw":14.749969482421875},"sequence":300,"source":"7dtd","stream_id":"aba657ef-52b0-48c5-8f0b-78d24fb0e668","type":"entity_state","version":2,"world_id":"td-0d917a4eff776d999148769266591579674d2c42de6557026893a1902834f11f"}
2026-10-04T19:37:31 231.887 INF [MC7DTD] 7DTD entity sent: {"authority":"7dtd","dimension":"7dtd:main","entity_id":"95183d29-9800-4375-a0d3-6030173478e0","entity_type":"7dtd:player","lifecycle":{"event":"update"},"metadata":{},"origin":{"dimension":"7dtd:main","entity_id":"95183d29-9800-4375-a0d3-6030173478e0","game":"7dtd","world_id":"td-0d917a4eff776d999148769266591579674d2c42de6557026893a1902834f11f"},"position":{"space":"7dtd","x":-274.94924926757813,"y":61.079998016357422,"z":461.63272094726563},"rotation":{"pitch":-2.375,"roll":0,"yaw":14.749969482421875},"sequence":301,"source":"7dtd","stream_id":"aba657ef-52b0-48c5-8f0b-78d24fb0e668","type":"entity_state","version":2,"world_id":"td-0d917a4eff776d999148769266591579674d2c42de6557026893a1902834f11f"}
2026-10-04T19:37:31 232.389 INF [MC7DTD] 7DTD entity sent: {"authority":"7dtd","dimension":"7dtd:main","entity_id":"95183d29-9800-4375-a0d3-6030173478e0","entity_type":"7dtd:player","lifecycle":{"event":"update"},"metadata":{},"origin":{"dimension":"7dtd:main","entity_id":"95183d29-9800-4375-a0d3-6030173478e0","game":"7dtd","world_id":"td-0d917a4eff776d999148769266591579674d2c42de6557026893a1902834f11f"},"position":{"space":"7dtd","x":-274.94924926757813,"y":61.079998016357422,"z":461.63272094726563},"rotation":{"pitch":-2.375,"roll":0,"yaw":14.749969482421875},"sequence":302,"source":"7dtd","stream_id":"aba657ef-52b0-48c5-8f0b-78d24fb0e668","type":"entity_state","version":2,"world_id":"td-0d917a4eff776d999148769266591579674d2c42de6557026893a1902834f11f"}
2026-10-04T19:37:32 232.891 INF [MC7DTD] 7DTD entity sent: {"authority":"7dtd","dimension":"7dtd:main","entity_id":"95183d29-9800-4375-a0d3-6030173478e0","entity_type":"7dtd:player","lifecycle":{"event":"update"},"metadata":{},"origin":{"dimension":"7dtd:main","entity_id":"95183d29-9800-4375-a0d3-6030173478e0","game":"7dtd","world_id":"td-0d917a4eff776d999148769266591579674d2c42de6557026893a1902834f11f"},"position":{"space":"7dtd","x":-274.94924926757813,"y":61.079998016357422,"z":461.63272094726563},"rotation":{"pitch":-2.375,"roll":0,"yaw":14.749969482421875},"sequence":303,"source":"7dtd","stream_id":"aba657ef-52b0-48c5-8f0b-78d24fb0e668","type":"entity_state","version":2,"world_id":"td-0d917a4eff776d999148769266591579674d2c42de6557026893a1902834f11f"}
2026-10-04T19:37:32 233.394 INF [MC7DTD] 7DTD entity sent: {"authority":"7dtd","dimension":"7dtd:main","entity_id":"95183d29-9800-4375-a0d3-6030173478e0","entity_type":"7dtd:player","lifecycle":{"event":"update"},"metadata":{},"origin":{"dimension":"7dtd:main","entity_id":"95183d29-9800-4375-a0d3-6030173478e0","game":"7dtd","world_id":"td-0d917a4eff776d999148769266591579674d2c42de6557026893a1902834f11f"},"position":{"space":"7dtd","x":-274.94924926757813,"y":61.079998016357422,"z":461.63272094726563},"rotation":{"pitch":-2.375,"roll":0,"yaw":14.749969482421875},"sequence":304,"source":"7dtd","stream_id":"aba657ef-52b0-48c5-8f0b-78d24fb0e668","type":"entity_state","version":2,"world_id":"td-0d917a4eff776d999148769266591579674d2c42de6557026893a1902834f11f"}
2026-10-04T19:37:33 233.896 INF [MC7DTD] 7DTD entity sent: {"authority":"7dtd","dimension":"7dtd:main","entity_id":"95183d29-9800-4375-a0d3-6030173478e0","entity_type":"7dtd:player","lifecycle":{"event":"update"},"metadata":{},"origin":{"dimension":"7dtd:main","entity_id":"95183d29-9800-4375-a0d3-6030173478e0","game":"7dtd","world_id":"td-0d917a4eff776d999148769266591579674d2c42de6557026893a1902834f11f"},"position":{"space":"7dtd","x":-274.94924926757813,"y":61.079998016357422,"z":461.63272094726563},"rotation":{"pitch":-2.375,"roll":0,"yaw":14.749969482421875},"sequence":305,"source":"7dtd","stream_id":"aba657ef-52b0-48c5-8f0b-78d24fb0e668","type":"entity_state","version":2,"world_id":"td-0d917a4eff776d999148769266591579674d2c42de6557026893a1902834f11f"}
2026-10-04T19:37:33 234.397 INF [MC7DTD] 7DTD entity sent: {"authority":"7dtd","dimension":"7dtd:main","entity_id":"95183d29-9800-4375-a0d3-6030173478e0","entity_type":"7dtd:player","lifecycle":{"event":"update"},"metadata":{},"origin":{"dimension":"7dtd:main","entity_id":"95183d29-9800-4375-a0d3-6030173478e0","game":"7dtd","world_id":"td-0d917a4eff776d999148769266591579674d2c42de6557026893a1902834f11f"},"position":{"space":"7dtd","x":-274.94924926757813,"y":61.079998016357422,"z":461.63272094726563},"rotation":{"pitch":-2.375,"roll":0,"yaw":14.749969482421875},"sequence":306,"source":"7dtd","stream_id":"aba657ef-52b0-48c5-8f0b-78d24fb0e668","type":"entity_state","version":2,"world_id":"td-0d917a4eff776d999148769266591579674d2c42de6557026893a1902834f11f"}
2026-10-04T19:37:34 234.899 INF [MC7DTD] 7DTD entity sent: {"authority":"7dtd","dimension":"7dtd:main","entity_id":"95183d29-9800-4375-a0d3-6030173478e0","entity_type":"7dtd:player","lifecycle":{"event":"update"},"metadata":{},"origin":{"dimension":"7dtd:main","entity_id":"95183d29-9800-4375-a0d3-6030173478e0","game":"7dtd","world_id":"td-0d917a4eff776d999148769266591579674d2c42de6557026893a1902834f11f"},"position":{"space":"7dtd","x":-274.94924926757813,"y":61.079998016357422,"z":461.63272094726563},"rotation":{"pitch":-2.375,"roll":0,"yaw":14.749969482421875},"sequence":307,"source":"7dtd","stream_id":"aba657ef-52b0-48c5-8f0b-78d24fb0e668","type":"entity_state","version":2,"world_id":"td-0d917a4eff776d999148769266591579674d2c42de6557026893a1902834f11f"}
2026-10-04T19:37:34 235.401 INF [MC7DTD] 7DTD entity sent: {"authority":"7dtd","dimension":"7dtd:main","entity_id":"95183d29-9800-4375-a0d3-6030173478e0","entity_type":"7dtd:player","lifecycle":{"event":"update"},"metadata":{},"origin":{"dimension":"7dtd:main","entity_id":"95183d29-9800-4375-a0d3-6030173478e0","game":"7dtd","world_id":"td-0d917a4eff776d999148769266591579674d2c42de6557026893a1902834f11f"},"position":{"space":"7dtd","x":-274.94924926757813,"y":61.079998016357422,"z":461.63272094726563},"rotation":{"pitch":-2.375,"roll":0,"yaw":14.749969482421875},"sequence":308,"source":"7dtd","stream_id":"aba657ef-52b0-48c5-8f0b-78d24fb0e668","type":"entity_state","version":2,"world_id":"td-0d917a4eff776d999148769266591579674d2c42de6557026893a1902834f11f"}
2026-10-04T19:37:35 235.902 INF [MC7DTD] 7DTD entity sent: {"authority":"7dtd","dimension":"7dtd:main","entity_id":"95183d29-9800-4375-a0d3-6030173478e0","entity_type":"7dtd:player","lifecycle":{"event":"update"},"metadata":{},"origin":{"dimension":"7dtd:main","entity_id":"95183d29-9800-4375-a0d3-6030173478e0","game":"7dtd","world_id":"td-0d917a4eff776d999148769266591579674d2c42de6557026893a1902834f11f"},"position":{"space":"7dtd","x":-274.94924926757813,"y":61.079998016357422,"z":461.63272094726563},"rotation":{"pitch":-2.375,"roll":0,"yaw":14.749969482421875},"sequence":309,"source":"7dtd","stream_id":"aba657ef-52b0-48c5-8f0b-78d24fb0e668","type":"entity_state","version":2,"world_id":"td-0d917a4eff776d999148769266591579674d2c42de6557026893a1902834f11f"}
2026-10-04T19:37:35 236.404 INF [MC7DTD] 7DTD entity sent: {"authority":"7dtd","dimension":"7dtd:main","entity_id":"95183d29-9800-4375-a0d3-6030173478e0","entity_type":"7dtd:player","lifecycle":{"event":"update"},"metadata":{},"origin":{"dimension":"7dtd:main","entity_id":"95183d29-9800-4375-a0d3-6030173478e0","game":"7dtd","world_id":"td-0d917a4eff776d999148769266591579674d2c42de6557026893a1902834f11f"},"position":{"space":"7dtd","x":-274.94924926757813,"y":61.079998016357422,"z":461.63272094726563},"rotation":{"pitch":-2.375,"roll":0,"yaw":14.749969482421875},"sequence":310,"source":"7dtd","stream_id":"aba657ef-52b0-48c5-8f0b-78d24fb0e668","type":"entity_state","version":2,"world_id":"td-0d917a4eff776d999148769266591579674d2c42de6557026893a1902834f11f"}
2026-10-04T19:37:36 236.906 INF [MC7DTD] 7DTD entity sent: {"authority":"7dtd","dimension":"7dtd:main","entity_id":"95183d29-9800-4375-a0d3-6030173478e0","entity_type":"7dtd:player","lifecycle":{"event":"update"},"metadata":{},"origin":{"dimension":"7dtd:main","entity_id":"95183d29-9800-4375-a0d3-6030173478e0","game":"7dtd","world_id":"td-0d917a4eff776d999148769266591579674d2c42de6557026893a1902834f11f"},"position":{"space":"7dtd","x":-274.94924926757813,"y":61.079998016357422,"z":461.63272094726563},"rotation":{"pitch":-2.375,"roll":0,"yaw":14.749969482421875},"sequence":311,"source":"7dtd","stream_id":"aba657ef-52b0-48c5-8f0b-78d24fb0e668","type":"entity_state","version":2,"world_id":"td-0d917a4eff776d999148769266591579674d2c42de6557026893a1902834f11f"}
2026-10-04T19:37:36 237.407 INF [MC7DTD] 7DTD entity sent: {"authority":"7dtd","dimension":"7dtd:main","entity_id":"95183d29-9800-4375-a0d3-6030173478e0","entity_type":"7dtd:player","lifecycle":{"event":"update"},"metadata":{},"origin":{"dimension":"7dtd:main","entity_id":"95183d29-9800-4375-a0d3-6030173478e0","game":"7dtd","world_id":"td-0d917a4eff776d999148769266591579674d2c42de6557026893a1902834f11f"},"position":{"space":"7dtd","x":-274.94924926757813,"y":61.079998016357422,"z":461.63272094726563},"rotation":{"pitch":-2.375,"roll":0,"yaw":14.749969482421875},"sequence":312,"source":"7dtd","stream_id":"aba657ef-52b0-48c5-8f0b-78d24fb0e668","type":"entity_state","version":2,"world_id":"td-0d917a4eff776d999148769266591579674d2c42de6557026893a1902834f11f"}
2026-10-04T19:37:37 237.909 INF [MC7DTD] 7DTD entity sent: {"authority":"7dtd","dimension":"7dtd:main","entity_id":"95183d29-9800-4375-a0d3-6030173478e0","entity_type":"7dtd:player","lifecycle":{"event":"update"},"metadata":{},"origin":{"dimension":"7dtd:main","entity_id":"95183d29-9800-4375-a0d3-6030173478e0","game":"7dtd","world_id":"td-0d917a4eff776d999148769266591579674d2c42de6557026893a1902834f11f"},"position":{"space":"7dtd","x":-274.94924926757813,"y":61.079998016357422,"z":461.63272094726563},"rotation":{"pitch":-2.375,"roll":0,"yaw":14.749969482421875},"sequence":313,"source":"7dtd","stream_id":"aba657ef-52b0-48c5-8f0b-78d24fb0e668","type":"entity_state","version":2,"world_id":"td-0d917a4eff776d999148769266591579674d2c42de6557026893a1902834f11f"}
2026-10-04T19:37:37 238.411 INF [MC7DTD] 7DTD entity sent: {"authority":"7dtd","dimension":"7dtd:main","entity_id":"95183d29-9800-4375-a0d3-6030173478e0","entity_type":"7dtd:player","lifecycle":{"event":"update"},"metadata":{},"origin":{"dimension":"7dtd:main","entity_id":"95183d29-9800-4375-a0d3-6030173478e0","game":"7dtd","world_id":"td-0d917a4eff776d999148769266591579674d2c42de6557026893a1902834f11f"},"position":{"space":"7dtd","x":-274.94924926757813,"y":61.079998016357422,"z":461.63272094726563},"rotation":{"pitch":-2.375,"roll":0,"yaw":14.749969482421875},"sequence":314,"source":"7dtd","stream_id":"aba657ef-52b0-48c5-8f0b-78d24fb0e668","type":"entity_state","version":2,"world_id":"td-0d917a4eff776d999148769266591579674d2c42de6557026893a1902834f11f"}
2026-10-04T19:37:38 238.914 INF [MC7DTD] 7DTD entity sent: {"authority":"7dtd","dimension":"7dtd:main","entity_id":"95183d29-9800-4375-a0d3-6030173478e0","entity_type":"7dtd:player","lifecycle":{"event":"update"},"metadata":{},"origin":{"dimension":"7dtd:main","entity_id":"95183d29-9800-4375-a0d3-6030173478e0","game":"7dtd","world_id":"td-0d917a4eff776d999148769266591579674d2c42de6557026893a1902834f11f"},"position":{"space":"7dtd","x":-274.94924926757813,"y":61.079998016357422,"z":461.63272094726563},"rotation":{"pitch":-2.375,"roll":0,"yaw":14.749969482421875},"sequence":315,"source":"7dtd","stream_id":"aba657ef-52b0-48c5-8f0b-78d24fb0e668","type":"entity_state","version":2,"world_id":"td-0d917a4eff776d999148769266591579674d2c42de6557026893a1902834f11f"}
2026-10-04T19:37:38 239.415 INF [MC7DTD] 7DTD entity sent: {"authority":"7dtd","dimension":"7dtd:main","entity_id":"95183d29-9800-4375-a0d3-6030173478e0","entity_type":"7dtd:player","lifecycle":{"event":"update"},"metadata":{},"origin":{"dimension":"7dtd:main","entity_id":"95183d29-9800-4375-a0d3-6030173478e0","game":"7dtd","world_id":"td-0d917a4eff776d999148769266591579674d2c42de6557026893a1902834f11f"},"position":{"space":"7dtd","x":-274.94924926757813,"y":61.079998016357422,"z":461.63272094726563},"rotation":{"pitch":-2.375,"roll":0,"yaw":14.749969482421875},"sequence":316,"source":"7dtd","stream_id":"aba657ef-52b0-48c5-8f0b-78d24fb0e668","type":"entity_state","version":2,"world_id":"td-0d917a4eff776d999148769266591579674d2c42de6557026893a1902834f11f"}
2026-10-04T19:37:39 239.918 INF [MC7DTD] 7DTD entity sent: {"authority":"7dtd","dimension":"7dtd:main","entity_id":"95183d29-9800-4375-a0d3-6030173478e0","entity_type":"7dtd:player","lifecycle":{"event":"update"},"metadata":{},"origin":{"dimension":"7dtd:main","entity_id":"95183d29-9800-4375-a0d3-6030173478e0","game":"7dtd","world_id":"td-0d917a4eff776d999148769266591579674d2c42de6557026893a1902834f11f"},"position":{"space":"7dtd","x":-274.94924926757813,"y":61.079998016357422,"z":461.63272094726563},"rotation":{"pitch":-2.375,"roll":0,"yaw":14.749969482421875},"sequence":317,"source":"7dtd","stream_id":"aba657ef-52b0-48c5-8f0b-78d24fb0e668","type":"entity_state","version":2,"world_id":"td-0d917a4eff776d999148769266591579674d2c42de6557026893a1902834f11f"}
2026-10-04T19:37:39 240.419 INF [MC7DTD] 7DTD entity sent: {"authority":"7dtd","dimension":"7dtd:main","entity_id":"95183d29-9800-4375-a0d3-6030173478e0","entity_type":"7dtd:player","lifecycle":{"event":"update"},"metadata":{},"origin":{"dimension":"7dtd:main","entity_id":"95183d29-9800-4375-a0d3-6030173478e0","game":"7dtd","world_id":"td-0d917a4eff776d999148769266591579674d2c42de6557026893a1902834f11f"},"position":{"space":"7dtd","x":-274.94924926757813,"y":61.079998016357422,"z":461.63272094726563},"rotation":{"pitch":-2.375,"roll":0,"yaw":14.749969482421875},"sequence":318,"source":"7dtd","stream_id":"aba657ef-52b0-48c5-8f0b-78d24fb0e668","type":"entity_state","version":2,"world_id":"td-0d917a4eff776d999148769266591579674d2c42de6557026893a1902834f11f"}
2026-10-04T19:37:40 240.922 INF [MC7DTD] 7DTD entity sent: {"authority":"7dtd","dimension":"7dtd:main","entity_id":"95183d29-9800-4375-a0d3-6030173478e0","entity_type":"7dtd:player","lifecycle":{"event":"update"},"metadata":{},"origin":{"dimension":"7dtd:main","entity_id":"95183d29-9800-4375-a0d3-6030173478e0","game":"7dtd","world_id":"td-0d917a4eff776d999148769266591579674d2c42de6557026893a1902834f11f"},"position":{"space":"7dtd","x":-274.94924926757813,"y":61.079998016357422,"z":461.63272094726563},"rotation":{"pitch":-2.375,"roll":0,"yaw":14.749969482421875},"sequence":319,"source":"7dtd","stream_id":"aba657ef-52b0-48c5-8f0b-78d24fb0e668","type":"entity_state","version":2,"world_id":"td-0d917a4eff776d999148769266591579674d2c42de6557026893a1902834f11f"}
2026-10-04T19:37:40 241.424 INF [MC7DTD] 7DTD entity sent: {"authority":"7dtd","dimension":"7dtd:main","entity_id":"95183d29-9800-4375-a0d3-6030173478e0","entity_type":"7dtd:player","lifecycle":{"event":"update"},"metadata":{},"origin":{"dimension":"7dtd:main","entity_id":"95183d29-9800-4375-a0d3-6030173478e0","game":"7dtd","world_id":"td-0d917a4eff776d999148769266591579674d2c42de6557026893a1902834f11f"},"position":{"space":"7dtd","x":-274.94924926757813,"y":61.079998016357422,"z":461.63272094726563},"rotation":{"pitch":-2.375,"roll":0,"yaw":14.749969482421875},"sequence":320,"source":"7dtd","stream_id":"aba657ef-52b0-48c5-8f0b-78d24fb0e668","type":"entity_state","version":2,"world_id":"td-0d917a4eff776d999148769266591579674d2c42de6557026893a1902834f11f"}
2026-10-04T19:37:41 241.925 INF [MC7DTD] 7DTD entity sent: {"authority":"7dtd","dimension":"7dtd:main","entity_id":"95183d29-9800-4375-a0d3-6030173478e0","entity_type":"7dtd:player","lifecycle":{"event":"update"},"metadata":{},"origin":{"dimension":"7dtd:main","entity_id":"95183d29-9800-4375-a0d3-6030173478e0","game":"7dtd","world_id":"td-0d917a4eff776d999148769266591579674d2c42de6557026893a1902834f11f"},"position":{"space":"7dtd","x":-274.94924926757813,"y":61.079998016357422,"z":461.63272094726563},"rotation":{"pitch":-2.375,"roll":0,"yaw":14.749969482421875},"sequence":321,"source":"7dtd","stream_id":"aba657ef-52b0-48c5-8f0b-78d24fb0e668","type":"entity_state","version":2,"world_id":"td-0d917a4eff776d999148769266591579674d2c42de6557026893a1902834f11f"}
2026-10-04T19:37:41 242.427 INF [MC7DTD] 7DTD entity sent: {"authority":"7dtd","dimension":"7dtd:main","entity_id":"95183d29-9800-4375-a0d3-6030173478e0","entity_type":"7dtd:player","lifecycle":{"event":"update"},"metadata":{},"origin":{"dimension":"7dtd:main","entity_id":"95183d29-9800-4375-a0d3-6030173478e0","game":"7dtd","world_id":"td-0d917a4eff776d999148769266591579674d2c42de6557026893a1902834f11f"},"position":{"space":"7dtd","x":-274.94924926757813,"y":61.079998016357422,"z":461.63272094726563},"rotation":{"pitch":-2.375,"roll":0,"yaw":14.749969482421875},"sequence":322,"source":"7dtd","stream_id":"aba657ef-52b0-48c5-8f0b-78d24fb0e668","type":"entity_state","version":2,"world_id":"td-0d917a4eff776d999148769266591579674d2c42de6557026893a1902834f11f"}
2026-10-04T19:37:42 242.930 INF [MC7DTD] 7DTD entity sent: {"authority":"7dtd","dimension":"7dtd:main","entity_id":"95183d29-9800-4375-a0d3-6030173478e0","entity_type":"7dtd:player","lifecycle":{"event":"update"},"metadata":{},"origin":{"dimension":"7dtd:main","entity_id":"95183d29-9800-4375-a0d3-6030173478e0","game":"7dtd","world_id":"td-0d917a4eff776d999148769266591579674d2c42de6557026893a1902834f11f"},"position":{"space":"7dtd","x":-274.94924926757813,"y":61.079998016357422,"z":461.63272094726563},"rotation":{"pitch":-2.375,"roll":0,"yaw":14.749969482421875},"sequence":323,"source":"7dtd","stream_id":"aba657ef-52b0-48c5-8f0b-78d24fb0e668","type":"entity_state","version":2,"world_id":"td-0d917a4eff776d999148769266591579674d2c42de6557026893a1902834f11f"}
2026-10-04T19:37:42 243.431 INF [MC7DTD] 7DTD entity sent: {"authority":"7dtd","dimension":"7dtd:main","entity_id":"95183d29-9800-4375-a0d3-6030173478e0","entity_type":"7dtd:player","lifecycle":{"event":"update"},"metadata":{},"origin":{"dimension":"7dtd:main","entity_id":"95183d29-9800-4375-a0d3-6030173478e0","game":"7dtd","world_id":"td-0d917a4eff776d999148769266591579674d2c42de6557026893a1902834f11f"},"position":{"space":"7dtd","x":-274.94924926757813,"y":61.079998016357422,"z":461.63272094726563},"rotation":{"pitch":-2.375,"roll":0,"yaw":14.749969482421875},"sequence":324,"source":"7dtd","stream_id":"aba657ef-52b0-48c5-8f0b-78d24fb0e668","type":"entity_state","version":2,"world_id":"td-0d917a4eff776d999148769266591579674d2c42de6557026893a1902834f11f"}
2026-10-04T19:37:43 243.933 INF [MC7DTD] 7DTD entity sent: {"authority":"7dtd","dimension":"7dtd:main","entity_id":"95183d29-9800-4375-a0d3-6030173478e0","entity_type":"7dtd:player","lifecycle":{"event":"update"},"metadata":{},"origin":{"dimension":"7dtd:main","entity_id":"95183d29-9800-4375-a0d3-6030173478e0","game":"7dtd","world_id":"td-0d917a4eff776d999148769266591579674d2c42de6557026893a1902834f11f"},"position":{"space":"7dtd","x":-274.94924926757813,"y":61.079998016357422,"z":461.63272094726563},"rotation":{"pitch":-2.375,"roll":0,"yaw":14.749969482421875},"sequence":325,"source":"7dtd","stream_id":"aba657ef-52b0-48c5-8f0b-78d24fb0e668","type":"entity_state","version":2,"world_id":"td-0d917a4eff776d999148769266591579674d2c42de6557026893a1902834f11f"}
2026-10-04T19:37:43 244.434 INF [MC7DTD] 7DTD entity sent: {"authority":"7dtd","dimension":"7dtd:main","entity_id":"95183d29-9800-4375-a0d3-6030173478e0","entity_type":"7dtd:player","lifecycle":{"event":"update"},"metadata":{},"origin":{"dimension":"7dtd:main","entity_id":"95183d29-9800-4375-a0d3-6030173478e0","game":"7dtd","world_id":"td-0d917a4eff776d999148769266591579674d2c42de6557026893a1902834f11f"},"position":{"space":"7dtd","x":-274.94924926757813,"y":61.079998016357422,"z":461.63272094726563},"rotation":{"pitch":-2.375,"roll":0,"yaw":14.749969482421875},"sequence":326,"source":"7dtd","stream_id":"aba657ef-52b0-48c5-8f0b-78d24fb0e668","type":"entity_state","version":2,"world_id":"td-0d917a4eff776d999148769266591579674d2c42de6557026893a1902834f11f"}
2026-10-04T19:37:44 244.937 INF [MC7DTD] 7DTD entity sent: {"authority":"7dtd","dimension":"7dtd:main","entity_id":"95183d29-9800-4375-a0d3-6030173478e0","entity_type":"7dtd:player","lifecycle":{"event":"update"},"metadata":{},"origin":{"dimension":"7dtd:main","entity_id":"95183d29-9800-4375-a0d3-6030173478e0","game":"7dtd","world_id":"td-0d917a4eff776d999148769266591579674d2c42de6557026893a1902834f11f"},"position":{"space":"7dtd","x":-274.94924926757813,"y":61.079998016357422,"z":461.63272094726563},"rotation":{"pitch":-2.375,"roll":0,"yaw":14.749969482421875},"sequence":327,"source":"7dtd","stream_id":"aba657ef-52b0-48c5-8f0b-78d24fb0e668","type":"entity_state","version":2,"world_id":"td-0d917a4eff776d999148769266591579674d2c42de6557026893a1902834f11f"}
2026-10-04T19:37:44 245.438 INF [MC7DTD] 7DTD entity sent: {"authority":"7dtd","dimension":"7dtd:main","entity_id":"95183d29-9800-4375-a0d3-6030173478e0","entity_type":"7dtd:player","lifecycle":{"event":"update"},"metadata":{},"origin":{"dimension":"7dtd:main","entity_id":"95183d29-9800-4375-a0d3-6030173478e0","game":"7dtd","world_id":"td-0d917a4eff776d999148769266591579674d2c42de6557026893a1902834f11f"},"position":{"space":"7dtd","x":-274.94924926757813,"y":61.079998016357422,"z":461.63272094726563},"rotation":{"pitch":-2.375,"roll":0,"yaw":14.749969482421875},"sequence":328,"source":"7dtd","stream_id":"aba657ef-52b0-48c5-8f0b-78d24fb0e668","type":"entity_state","version":2,"world_id":"td-0d917a4eff776d999148769266591579674d2c42de6557026893a1902834f11f"}
2026-10-04T19:37:45 245.940 INF [MC7DTD] 7DTD entity sent: {"authority":"7dtd","dimension":"7dtd:main","entity_id":"95183d29-9800-4375-a0d3-6030173478e0","entity_type":"7dtd:player","lifecycle":{"event":"update"},"metadata":{},"origin":{"dimension":"7dtd:main","entity_id":"95183d29-9800-4375-a0d3-6030173478e0","game":"7dtd","world_id":"td-0d917a4eff776d999148769266591579674d2c42de6557026893a1902834f11f"},"position":{"space":"7dtd","x":-274.94924926757813,"y":61.079998016357422,"z":461.63272094726563},"rotation":{"pitch":-2.375,"roll":0,"yaw":14.749969482421875},"sequence":329,"source":"7dtd","stream_id":"aba657ef-52b0-48c5-8f0b-78d24fb0e668","type":"entity_state","version":2,"world_id":"td-0d917a4eff776d999148769266591579674d2c42de6557026893a1902834f11f"}
2026-10-04T19:37:45 246.441 INF [MC7DTD] 7DTD entity sent: {"authority":"7dtd","dimension":"7dtd:main","entity_id":"95183d29-9800-4375-a0d3-6030173478e0","entity_type":"7dtd:player","lifecycle":{"event":"update"},"metadata":{},"origin":{"dimension":"7dtd:main","entity_id":"95183d29-9800-4375-a0d3-6030173478e0","game":"7dtd","world_id":"td-0d917a4eff776d999148769266591579674d2c42de6557026893a1902834f11f"},"position":{"space":"7dtd","x":-274.94924926757813,"y":61.079998016357422,"z":461.63272094726563},"rotation":{"pitch":-2.375,"roll":0,"yaw":14.749969482421875},"sequence":330,"source":"7dtd","stream_id":"aba657ef-52b0-48c5-8f0b-78d24fb0e668","type":"entity_state","version":2,"world_id":"td-0d917a4eff776d999148769266591579674d2c42de6557026893a1902834f11f"}
2026-10-04T19:37:46 246.944 INF [MC7DTD] 7DTD entity sent: {"authority":"7dtd","dimension":"7dtd:main","entity_id":"95183d29-9800-4375-a0d3-6030173478e0","entity_type":"7dtd:player","lifecycle":{"event":"update"},"metadata":{},"origin":{"dimension":"7dtd:main","entity_id":"95183d29-9800-4375-a0d3-6030173478e0","game":"7dtd","world_id":"td-0d917a4eff776d999148769266591579674d2c42de6557026893a1902834f11f"},"position":{"space":"7dtd","x":-274.94924926757813,"y":61.079998016357422,"z":461.63272094726563},"rotation":{"pitch":-2.375,"roll":0,"yaw":14.749969482421875},"sequence":331,"source":"7dtd","stream_id":"aba657ef-52b0-48c5-8f0b-78d24fb0e668","type":"entity_state","version":2,"world_id":"td-0d917a4eff776d999148769266591579674d2c42de6557026893a1902834f11f"}
2026-10-04T19:37:46 247.445 INF [MC7DTD] 7DTD entity sent: {"authority":"7dtd","dimension":"7dtd:main","entity_id":"95183d29-9800-4375-a0d3-6030173478e0","entity_type":"7dtd:player","lifecycle":{"event":"update"},"metadata":{},"origin":{"dimension":"7dtd:main","entity_id":"95183d29-9800-4375-a0d3-6030173478e0","game":"7dtd","world_id":"td-0d917a4eff776d999148769266591579674d2c42de6557026893a1902834f11f"},"position":{"space":"7dtd","x":-274.94924926757813,"y":61.079998016357422,"z":461.63272094726563},"rotation":{"pitch":-2.375,"roll":0,"yaw":14.749969482421875},"sequence":332,"source":"7dtd","stream_id":"aba657ef-52b0-48c5-8f0b-78d24fb0e668","type":"entity_state","version":2,"world_id":"td-0d917a4eff776d999148769266591579674d2c42de6557026893a1902834f11f"}
2026-10-04T19:37:47 247.947 INF [MC7DTD] 7DTD entity sent: {"authority":"7dtd","dimension":"7dtd:main","entity_id":"95183d29-9800-4375-a0d3-6030173478e0","entity_type":"7dtd:player","lifecycle":{"event":"update"},"metadata":{},"origin":{"dimension":"7dtd:main","entity_id":"95183d29-9800-4375-a0d3-6030173478e0","game":"7dtd","world_id":"td-0d917a4eff776d999148769266591579674d2c42de6557026893a1902834f11f"},"position":{"space":"7dtd","x":-274.94924926757813,"y":61.079998016357422,"z":461.63272094726563},"rotation":{"pitch":-2.375,"roll":0,"yaw":14.749969482421875},"sequence":333,"source":"7dtd","stream_id":"aba657ef-52b0-48c5-8f0b-78d24fb0e668","type":"entity_state","version":2,"world_id":"td-0d917a4eff776d999148769266591579674d2c42de6557026893a1902834f11f"}
2026-10-04T19:37:47 248.449 INF [MC7DTD] 7DTD entity sent: {"authority":"7dtd","dimension":"7dtd:main","entity_id":"95183d29-9800-4375-a0d3-6030173478e0","entity_type":"7dtd:player","lifecycle":{"event":"update"},"metadata":{},"origin":{"dimension":"7dtd:main","entity_id":"95183d29-9800-4375-a0d3-6030173478e0","game":"7dtd","world_id":"td-0d917a4eff776d999148769266591579674d2c42de6557026893a1902834f11f"},"position":{"space":"7dtd","x":-274.94924926757813,"y":61.079998016357422,"z":461.63272094726563},"rotation":{"pitch":-2.375,"roll":0,"yaw":14.749969482421875},"sequence":334,"source":"7dtd","stream_id":"aba657ef-52b0-48c5-8f0b-78d24fb0e668","type":"entity_state","version":2,"world_id":"td-0d917a4eff776d999148769266591579674d2c42de6557026893a1902834f11f"}
2026-10-04T19:37:48 248.951 INF [MC7DTD] 7DTD entity sent: {"authority":"7dtd","dimension":"7dtd:main","entity_id":"95183d29-9800-4375-a0d3-6030173478e0","entity_type":"7dtd:player","lifecycle":{"event":"update"},"metadata":{},"origin":{"dimension":"7dtd:main","entity_id":"95183d29-9800-4375-a0d3-6030173478e0","game":"7dtd","world_id":"td-0d917a4eff776d999148769266591579674d2c42de6557026893a1902834f11f"},"position":{"space":"7dtd","x":-274.94924926757813,"y":61.079998016357422,"z":461.63272094726563},"rotation":{"pitch":-2.375,"roll":0,"yaw":14.749969482421875},"sequence":335,"source":"7dtd","stream_id":"aba657ef-52b0-48c5-8f0b-78d24fb0e668","type":"entity_state","version":2,"world_id":"td-0d917a4eff776d999148769266591579674d2c42de6557026893a1902834f11f"}
2026-10-04T19:37:48 249.455 INF [MC7DTD] 7DTD entity sent: {"authority":"7dtd","dimension":"7dtd:main","entity_id":"95183d29-9800-4375-a0d3-6030173478e0","entity_type":"7dtd:player","lifecycle":{"event":"update"},"metadata":{},"origin":{"dimension":"7dtd:main","entity_id":"95183d29-9800-4375-a0d3-6030173478e0","game":"7dtd","world_id":"td-0d917a4eff776d999148769266591579674d2c42de6557026893a1902834f11f"},"position":{"space":"7dtd","x":-274.94924926757813,"y":61.079998016357422,"z":461.63272094726563},"rotation":{"pitch":-2.375,"roll":0,"yaw":14.749969482421875},"sequence":336,"source":"7dtd","stream_id":"aba657ef-52b0-48c5-8f0b-78d24fb0e668","type":"entity_state","version":2,"world_id":"td-0d917a4eff776d999148769266591579674d2c42de6557026893a1902834f11f"}
2026-10-04T19:37:49 249.957 INF [MC7DTD] 7DTD entity sent: {"authority":"7dtd","dimension":"7dtd:main","entity_id":"95183d29-9800-4375-a0d3-6030173478e0","entity_type":"7dtd:player","lifecycle":{"event":"update"},"metadata":{},"origin":{"dimension":"7dtd:main","entity_id":"95183d29-9800-4375-a0d3-6030173478e0","game":"7dtd","world_id":"td-0d917a4eff776d999148769266591579674d2c42de6557026893a1902834f11f"},"position":{"space":"7dtd","x":-274.94924926757813,"y":61.079998016357422,"z":461.63272094726563},"rotation":{"pitch":-2.375,"roll":0,"yaw":14.749969482421875},"sequence":337,"source":"7dtd","stream_id":"aba657ef-52b0-48c5-8f0b-78d24fb0e668","type":"entity_state","version":2,"world_id":"td-0d917a4eff776d999148769266591579674d2c42de6557026893a1902834f11f"}
2026-10-04T19:37:49 250.459 INF [MC7DTD] 7DTD entity sent: {"authority":"7dtd","dimension":"7dtd:main","entity_id":"95183d29-9800-4375-a0d3-6030173478e0","entity_type":"7dtd:player","lifecycle":{"event":"update"},"metadata":{},"origin":{"dimension":"7dtd:main","entity_id":"95183d29-9800-4375-a0d3-6030173478e0","game":"7dtd","world_id":"td-0d917a4eff776d999148769266591579674d2c42de6557026893a1902834f11f"},"position":{"space":"7dtd","x":-274.94924926757813,"y":61.079998016357422,"z":461.63272094726563},"rotation":{"pitch":-2.375,"roll":0,"yaw":14.749969482421875},"sequence":338,"source":"7dtd","stream_id":"aba657ef-52b0-48c5-8f0b-78d24fb0e668","type":"entity_state","version":2,"world_id":"td-0d917a4eff776d999148769266591579674d2c42de6557026893a1902834f11f"}
2026-10-04T19:37:50 250.962 INF [MC7DTD] 7DTD entity sent: {"authority":"7dtd","dimension":"7dtd:main","entity_id":"95183d29-9800-4375-a0d3-6030173478e0","entity_type":"7dtd:player","lifecycle":{"event":"update"},"metadata":{},"origin":{"dimension":"7dtd:main","entity_id":"95183d29-9800-4375-a0d3-6030173478e0","game":"7dtd","world_id":"td-0d917a4eff776d999148769266591579674d2c42de6557026893a1902834f11f"},"position":{"space":"7dtd","x":-274.94924926757813,"y":61.079998016357422,"z":461.63272094726563},"rotation":{"pitch":-2.375,"roll":0,"yaw":14.749969482421875},"sequence":339,"source":"7dtd","stream_id":"aba657ef-52b0-48c5-8f0b-78d24fb0e668","type":"entity_state","version":2,"world_id":"td-0d917a4eff776d999148769266591579674d2c42de6557026893a1902834f11f"}
2026-10-04T19:37:50 251.464 INF [MC7DTD] 7DTD entity sent: {"authority":"7dtd","dimension":"7dtd:main","entity_id":"95183d29-9800-4375-a0d3-6030173478e0","entity_type":"7dtd:player","lifecycle":{"event":"update"},"metadata":{},"origin":{"dimension":"7dtd:main","entity_id":"95183d29-9800-4375-a0d3-6030173478e0","game":"7dtd","world_id":"td-0d917a4eff776d999148769266591579674d2c42de6557026893a1902834f11f"},"position":{"space":"7dtd","x":-274.94924926757813,"y":61.079998016357422,"z":461.63272094726563},"rotation":{"pitch":-2.375,"roll":0,"yaw":14.749969482421875},"sequence":340,"source":"7dtd","stream_id":"aba657ef-52b0-48c5-8f0b-78d24fb0e668","type":"entity_state","version":2,"world_id":"td-0d917a4eff776d999148769266591579674d2c42de6557026893a1902834f11f"}
2026-10-04T19:37:51 251.966 INF [MC7DTD] 7DTD entity sent: {"authority":"7dtd","dimension":"7dtd:main","entity_id":"95183d29-9800-4375-a0d3-6030173478e0","entity_type":"7dtd:player","lifecycle":{"event":"update"},"metadata":{},"origin":{"dimension":"7dtd:main","entity_id":"95183d29-9800-4375-a0d3-6030173478e0","game":"7dtd","world_id":"td-0d917a4eff776d999148769266591579674d2c42de6557026893a1902834f11f"},"position":{"space":"7dtd","x":-274.94924926757813,"y":61.079998016357422,"z":461.63272094726563},"rotation":{"pitch":-2.375,"roll":0,"yaw":14.749969482421875},"sequence":341,"source":"7dtd","stream_id":"aba657ef-52b0-48c5-8f0b-78d24fb0e668","type":"entity_state","version":2,"world_id":"td-0d917a4eff776d999148769266591579674d2c42de6557026893a1902834f11f"}
2026-10-04T19:37:51 252.468 INF [MC7DTD] 7DTD entity sent: {"authority":"7dtd","dimension":"7dtd:main","entity_id":"95183d29-9800-4375-a0d3-6030173478e0","entity_type":"7dtd:player","lifecycle":{"event":"update"},"metadata":{},"origin":{"dimension":"7dtd:main","entity_id":"95183d29-9800-4375-a0d3-6030173478e0","game":"7dtd","world_id":"td-0d917a4eff776d999148769266591579674d2c42de6557026893a1902834f11f"},"position":{"space":"7dtd","x":-274.94924926757813,"y":61.079998016357422,"z":461.63272094726563},"rotation":{"pitch":-2.375,"roll":0,"yaw":14.749969482421875},"sequence":342,"source":"7dtd","stream_id":"aba657ef-52b0-48c5-8f0b-78d24fb0e668","type":"entity_state","version":2,"world_id":"td-0d917a4eff776d999148769266591579674d2c42de6557026893a1902834f11f"}
2026-10-04T19:37:52 252.971 INF [MC7DTD] 7DTD entity sent: {"authority":"7dtd","dimension":"7dtd:main","entity_id":"95183d29-9800-4375-a0d3-6030173478e0","entity_type":"7dtd:player","lifecycle":{"event":"update"},"metadata":{},"origin":{"dimension":"7dtd:main","entity_id":"95183d29-9800-4375-a0d3-6030173478e0","game":"7dtd","world_id":"td-0d917a4eff776d999148769266591579674d2c42de6557026893a1902834f11f"},"position":{"space":"7dtd","x":-274.94924926757813,"y":61.079998016357422,"z":461.63272094726563},"rotation":{"pitch":-2.375,"roll":0,"yaw":14.749969482421875},"sequence":343,"source":"7dtd","stream_id":"aba657ef-52b0-48c5-8f0b-78d24fb0e668","type":"entity_state","version":2,"world_id":"td-0d917a4eff776d999148769266591579674d2c42de6557026893a1902834f11f"}
2026-10-04T19:37:52 253.474 INF [MC7DTD] 7DTD entity sent: {"authority":"7dtd","dimension":"7dtd:main","entity_id":"95183d29-9800-4375-a0d3-6030173478e0","entity_type":"7dtd:player","lifecycle":{"event":"update"},"metadata":{},"origin":{"dimension":"7dtd:main","entity_id":"95183d29-9800-4375-a0d3-6030173478e0","game":"7dtd","world_id":"td-0d917a4eff776d999148769266591579674d2c42de6557026893a1902834f11f"},"position":{"space":"7dtd","x":-274.94924926757813,"y":61.079998016357422,"z":461.63272094726563},"rotation":{"pitch":-2.375,"roll":0,"yaw":14.749969482421875},"sequence":344,"source":"7dtd","stream_id":"aba657ef-52b0-48c5-8f0b-78d24fb0e668","type":"entity_state","version":2,"world_id":"td-0d917a4eff776d999148769266591579674d2c42de6557026893a1902834f11f"}
2026-10-04T19:37:53 253.975 INF [MC7DTD] 7DTD entity sent: {"authority":"7dtd","dimension":"7dtd:main","entity_id":"95183d29-9800-4375-a0d3-6030173478e0","entity_type":"7dtd:player","lifecycle":{"event":"update"},"metadata":{},"origin":{"dimension":"7dtd:main","entity_id":"95183d29-9800-4375-a0d3-6030173478e0","game":"7dtd","world_id":"td-0d917a4eff776d999148769266591579674d2c42de6557026893a1902834f11f"},"position":{"space":"7dtd","x":-274.94924926757813,"y":61.079998016357422,"z":461.63272094726563},"rotation":{"pitch":-2.375,"roll":0,"yaw":14.749969482421875},"sequence":345,"source":"7dtd","stream_id":"aba657ef-52b0-48c5-8f0b-78d24fb0e668","type":"entity_state","version":2,"world_id":"td-0d917a4eff776d999148769266591579674d2c42de6557026893a1902834f11f"}
2026-10-04T19:37:53 254.479 INF [MC7DTD] 7DTD entity sent: {"authority":"7dtd","dimension":"7dtd:main","entity_id":"95183d29-9800-4375-a0d3-6030173478e0","entity_type":"7dtd:player","lifecycle":{"event":"update"},"metadata":{},"origin":{"dimension":"7dtd:main","entity_id":"95183d29-9800-4375-a0d3-6030173478e0","game":"7dtd","world_id":"td-0d917a4eff776d999148769266591579674d2c42de6557026893a1902834f11f"},"position":{"space":"7dtd","x":-274.94924926757813,"y":61.079998016357422,"z":461.63272094726563},"rotation":{"pitch":-2.375,"roll":0,"yaw":14.749969482421875},"sequence":346,"source":"7dtd","stream_id":"aba657ef-52b0-48c5-8f0b-78d24fb0e668","type":"entity_state","version":2,"world_id":"td-0d917a4eff776d999148769266591579674d2c42de6557026893a1902834f11f"}
2026-10-04T19:37:54 254.980 INF [MC7DTD] 7DTD entity sent: {"authority":"7dtd","dimension":"7dtd:main","entity_id":"95183d29-9800-4375-a0d3-6030173478e0","entity_type":"7dtd:player","lifecycle":{"event":"update"},"metadata":{},"origin":{"dimension":"7dtd:main","entity_id":"95183d29-9800-4375-a0d3-6030173478e0","game":"7dtd","world_id":"td-0d917a4eff776d999148769266591579674d2c42de6557026893a1902834f11f"},"position":{"space":"7dtd","x":-274.94924926757813,"y":61.079998016357422,"z":461.63272094726563},"rotation":{"pitch":-2.375,"roll":0,"yaw":14.749969482421875},"sequence":347,"source":"7dtd","stream_id":"aba657ef-52b0-48c5-8f0b-78d24fb0e668","type":"entity_state","version":2,"world_id":"td-0d917a4eff776d999148769266591579674d2c42de6557026893a1902834f11f"}
2026-10-04T19:37:54 255.482 INF [MC7DTD] 7DTD entity sent: {"authority":"7dtd","dimension":"7dtd:main","entity_id":"95183d29-9800-4375-a0d3-6030173478e0","entity_type":"7dtd:player","lifecycle":{"event":"update"},"metadata":{},"origin":{"dimension":"7dtd:main","entity_id":"95183d29-9800-4375-a0d3-6030173478e0","game":"7dtd","world_id":"td-0d917a4eff776d999148769266591579674d2c42de6557026893a1902834f11f"},"position":{"space":"7dtd","x":-274.94924926757813,"y":61.079998016357422,"z":461.63272094726563},"rotation":{"pitch":-2.375,"roll":0,"yaw":14.749969482421875},"sequence":348,"source":"7dtd","stream_id":"aba657ef-52b0-48c5-8f0b-78d24fb0e668","type":"entity_state","version":2,"world_id":"td-0d917a4eff776d999148769266591579674d2c42de6557026893a1902834f11f"}
2026-10-04T19:37:55 255.985 INF [MC7DTD] 7DTD entity sent: {"authority":"7dtd","dimension":"7dtd:main","entity_id":"95183d29-9800-4375-a0d3-6030173478e0","entity_type":"7dtd:player","lifecycle":{"event":"update"},"metadata":{},"origin":{"dimension":"7dtd:main","entity_id":"95183d29-9800-4375-a0d3-6030173478e0","game":"7dtd","world_id":"td-0d917a4eff776d999148769266591579674d2c42de6557026893a1902834f11f"},"position":{"space":"7dtd","x":-274.94924926757813,"y":61.079998016357422,"z":461.63272094726563},"rotation":{"pitch":-2.375,"roll":0,"yaw":14.749969482421875},"sequence":349,"source":"7dtd","stream_id":"aba657ef-52b0-48c5-8f0b-78d24fb0e668","type":"entity_state","version":2,"world_id":"td-0d917a4eff776d999148769266591579674d2c42de6557026893a1902834f11f"}
2026-10-04T19:37:55 256.488 INF [MC7DTD] 7DTD entity sent: {"authority":"7dtd","dimension":"7dtd:main","entity_id":"95183d29-9800-4375-a0d3-6030173478e0","entity_type":"7dtd:player","lifecycle":{"event":"update"},"metadata":{},"origin":{"dimension":"7dtd:main","entity_id":"95183d29-9800-4375-a0d3-6030173478e0","game":"7dtd","world_id":"td-0d917a4eff776d999148769266591579674d2c42de6557026893a1902834f11f"},"position":{"space":"7dtd","x":-274.94924926757813,"y":61.079998016357422,"z":461.63272094726563},"rotation":{"pitch":-2.375,"roll":0,"yaw":14.749969482421875},"sequence":350,"source":"7dtd","stream_id":"aba657ef-52b0-48c5-8f0b-78d24fb0e668","type":"entity_state","version":2,"world_id":"td-0d917a4eff776d999148769266591579674d2c42de6557026893a1902834f11f"}
2026-10-04T19:37:56 256.991 INF [MC7DTD] 7DTD entity sent: {"authority":"7dtd","dimension":"7dtd:main","entity_id":"95183d29-9800-4375-a0d3-6030173478e0","entity_type":"7dtd:player","lifecycle":{"event":"update"},"metadata":{},"origin":{"dimension":"7dtd:main","entity_id":"95183d29-9800-4375-a0d3-6030173478e0","game":"7dtd","world_id":"td-0d917a4eff776d999148769266591579674d2c42de6557026893a1902834f11f"},"position":{"space":"7dtd","x":-274.94924926757813,"y":61.079998016357422,"z":461.63272094726563},"rotation":{"pitch":-2.375,"roll":0,"yaw":14.749969482421875},"sequence":351,"source":"7dtd","stream_id":"aba657ef-52b0-48c5-8f0b-78d24fb0e668","type":"entity_state","version":2,"world_id":"td-0d917a4eff776d999148769266591579674d2c42de6557026893a1902834f11f"}
2026-10-04T19:37:56 257.493 INF [MC7DTD] 7DTD entity sent: {"authority":"7dtd","dimension":"7dtd:main","entity_id":"95183d29-9800-4375-a0d3-6030173478e0","entity_type":"7dtd:player","lifecycle":{"event":"update"},"metadata":{},"origin":{"dimension":"7dtd:main","entity_id":"95183d29-9800-4375-a0d3-6030173478e0","game":"7dtd","world_id":"td-0d917a4eff776d999148769266591579674d2c42de6557026893a1902834f11f"},"position":{"space":"7dtd","x":-274.94924926757813,"y":61.079998016357422,"z":461.63272094726563},"rotation":{"pitch":-2.375,"roll":0,"yaw":14.749969482421875},"sequence":352,"source":"7dtd","stream_id":"aba657ef-52b0-48c5-8f0b-78d24fb0e668","type":"entity_state","version":2,"world_id":"td-0d917a4eff776d999148769266591579674d2c42de6557026893a1902834f11f"}
2026-10-04T19:37:57 257.994 INF [MC7DTD] 7DTD entity sent: {"authority":"7dtd","dimension":"7dtd:main","entity_id":"95183d29-9800-4375-a0d3-6030173478e0","entity_type":"7dtd:player","lifecycle":{"event":"update"},"metadata":{},"origin":{"dimension":"7dtd:main","entity_id":"95183d29-9800-4375-a0d3-6030173478e0","game":"7dtd","world_id":"td-0d917a4eff776d999148769266591579674d2c42de6557026893a1902834f11f"},"position":{"space":"7dtd","x":-274.94924926757813,"y":61.079998016357422,"z":461.63272094726563},"rotation":{"pitch":-2.375,"roll":0,"yaw":14.749969482421875},"sequence":353,"source":"7dtd","stream_id":"aba657ef-52b0-48c5-8f0b-78d24fb0e668","type":"entity_state","version":2,"world_id":"td-0d917a4eff776d999148769266591579674d2c42de6557026893a1902834f11f"}
2026-10-04T19:37:57 258.496 INF [MC7DTD] 7DTD entity sent: {"authority":"7dtd","dimension":"7dtd:main","entity_id":"95183d29-9800-4375-a0d3-6030173478e0","entity_type":"7dtd:player","lifecycle":{"event":"update"},"metadata":{},"origin":{"dimension":"7dtd:main","entity_id":"95183d29-9800-4375-a0d3-6030173478e0","game":"7dtd","world_id":"td-0d917a4eff776d999148769266591579674d2c42de6557026893a1902834f11f"},"position":{"space":"7dtd","x":-274.94924926757813,"y":61.079998016357422,"z":461.63272094726563},"rotation":{"pitch":-2.375,"roll":0,"yaw":14.749969482421875},"sequence":354,"source":"7dtd","stream_id":"aba657ef-52b0-48c5-8f0b-78d24fb0e668","type":"entity_state","version":2,"world_id":"td-0d917a4eff776d999148769266591579674d2c42de6557026893a1902834f11f"}
2026-10-04T19:37:58 258.998 INF [MC7DTD] 7DTD entity sent: {"authority":"7dtd","dimension":"7dtd:main","entity_id":"95183d29-9800-4375-a0d3-6030173478e0","entity_type":"7dtd:player","lifecycle":{"event":"update"},"metadata":{},"origin":{"dimension":"7dtd:main","entity_id":"95183d29-9800-4375-a0d3-6030173478e0","game":"7dtd","world_id":"td-0d917a4eff776d999148769266591579674d2c42de6557026893a1902834f11f"},"position":{"space":"7dtd","x":-274.94924926757813,"y":61.079998016357422,"z":461.63272094726563},"rotation":{"pitch":-2.375,"roll":0,"yaw":14.749969482421875},"sequence":355,"source":"7dtd","stream_id":"aba657ef-52b0-48c5-8f0b-78d24fb0e668","type":"entity_state","version":2,"world_id":"td-0d917a4eff776d999148769266591579674d2c42de6557026893a1902834f11f"}
2026-10-04T19:37:58 259.500 INF [MC7DTD] 7DTD entity sent: {"authority":"7dtd","dimension":"7dtd:main","entity_id":"95183d29-9800-4375-a0d3-6030173478e0","entity_type":"7dtd:player","lifecycle":{"event":"update"},"metadata":{},"origin":{"dimension":"7dtd:main","entity_id":"95183d29-9800-4375-a0d3-6030173478e0","game":"7dtd","world_id":"td-0d917a4eff776d999148769266591579674d2c42de6557026893a1902834f11f"},"position":{"space":"7dtd","x":-274.94924926757813,"y":61.079998016357422,"z":461.63272094726563},"rotation":{"pitch":-2.375,"roll":0,"yaw":14.749969482421875},"sequence":356,"source":"7dtd","stream_id":"aba657ef-52b0-48c5-8f0b-78d24fb0e668","type":"entity_state","version":2,"world_id":"td-0d917a4eff776d999148769266591579674d2c42de6557026893a1902834f11f"}
2026-10-04T19:37:59 260.003 INF [MC7DTD] 7DTD entity sent: {"authority":"7dtd","dimension":"7dtd:main","entity_id":"95183d29-9800-4375-a0d3-6030173478e0","entity_type":"7dtd:player","lifecycle":{"event":"update"},"metadata":{},"origin":{"dimension":"7dtd:main","entity_id":"95183d29-9800-4375-a0d3-6030173478e0","game":"7dtd","world_id":"td-0d917a4eff776d999148769266591579674d2c42de6557026893a1902834f11f"},"position":{"space":"7dtd","x":-274.94924926757813,"y":61.079998016357422,"z":461.63272094726563},"rotation":{"pitch":-2.375,"roll":0,"yaw":14.749969482421875},"sequence":357,"source":"7dtd","stream_id":"aba657ef-52b0-48c5-8f0b-78d24fb0e668","type":"entity_state","version":2,"world_id":"td-0d917a4eff776d999148769266591579674d2c42de6557026893a1902834f11f"}
2026-10-04T19:37:59 260.505 INF [MC7DTD] 7DTD entity sent: {"authority":"7dtd","dimension":"7dtd:main","entity_id":"95183d29-9800-4375-a0d3-6030173478e0","entity_type":"7dtd:player","lifecycle":{"event":"update"},"metadata":{},"origin":{"dimension":"7dtd:main","entity_id":"95183d29-9800-4375-a0d3-6030173478e0","game":"7dtd","world_id":"td-0d917a4eff776d999148769266591579674d2c42de6557026893a1902834f11f"},"position":{"space":"7dtd","x":-274.94924926757813,"y":61.079998016357422,"z":461.63272094726563},"rotation":{"pitch":-2.375,"roll":0,"yaw":14.749969482421875},"sequence":358,"source":"7dtd","stream_id":"aba657ef-52b0-48c5-8f0b-78d24fb0e668","type":"entity_state","version":2,"world_id":"td-0d917a4eff776d999148769266591579674d2c42de6557026893a1902834f11f"}
2026-10-04T19:38:00 261.006 INF [MC7DTD] 7DTD entity sent: {"authority":"7dtd","dimension":"7dtd:main","entity_id":"95183d29-9800-4375-a0d3-6030173478e0","entity_type":"7dtd:player","lifecycle":{"event":"update"},"metadata":{},"origin":{"dimension":"7dtd:main","entity_id":"95183d29-9800-4375-a0d3-6030173478e0","game":"7dtd","world_id":"td-0d917a4eff776d999148769266591579674d2c42de6557026893a1902834f11f"},"position":{"space":"7dtd","x":-274.94924926757813,"y":61.079998016357422,"z":461.63272094726563},"rotation":{"pitch":-2.375,"roll":0,"yaw":14.749969482421875},"sequence":359,"source":"7dtd","stream_id":"aba657ef-52b0-48c5-8f0b-78d24fb0e668","type":"entity_state","version":2,"world_id":"td-0d917a4eff776d999148769266591579674d2c42de6557026893a1902834f11f"}
2026-10-04T19:38:00 261.510 INF [MC7DTD] 7DTD entity sent: {"authority":"7dtd","dimension":"7dtd:main","entity_id":"95183d29-9800-4375-a0d3-6030173478e0","entity_type":"7dtd:player","lifecycle":{"event":"update"},"metadata":{},"origin":{"dimension":"7dtd:main","entity_id":"95183d29-9800-4375-a0d3-6030173478e0","game":"7dtd","world_id":"td-0d917a4eff776d999148769266591579674d2c42de6557026893a1902834f11f"},"position":{"space":"7dtd","x":-274.94924926757813,"y":61.079998016357422,"z":461.63272094726563},"rotation":{"pitch":-2.375,"roll":0,"yaw":14.749969482421875},"sequence":360,"source":"7dtd","stream_id":"aba657ef-52b0-48c5-8f0b-78d24fb0e668","type":"entity_state","version":2,"world_id":"td-0d917a4eff776d999148769266591579674d2c42de6557026893a1902834f11f"}
2026-10-04T19:38:01 262.013 INF [MC7DTD] 7DTD entity sent: {"authority":"7dtd","dimension":"7dtd:main","entity_id":"95183d29-9800-4375-a0d3-6030173478e0","entity_type":"7dtd:player","lifecycle":{"event":"update"},"metadata":{},"origin":{"dimension":"7dtd:main","entity_id":"95183d29-9800-4375-a0d3-6030173478e0","game":"7dtd","world_id":"td-0d917a4eff776d999148769266591579674d2c42de6557026893a1902834f11f"},"position":{"space":"7dtd","x":-274.94924926757813,"y":61.079998016357422,"z":461.63272094726563},"rotation":{"pitch":-2.375,"roll":0,"yaw":14.749969482421875},"sequence":361,"source":"7dtd","stream_id":"aba657ef-52b0-48c5-8f0b-78d24fb0e668","type":"entity_state","version":2,"world_id":"td-0d917a4eff776d999148769266591579674d2c42de6557026893a1902834f11f"}
2026-10-04T19:38:01 262.516 INF [MC7DTD] 7DTD entity sent: {"authority":"7dtd","dimension":"7dtd:main","entity_id":"95183d29-9800-4375-a0d3-6030173478e0","entity_type":"7dtd:player","lifecycle":{"event":"update"},"metadata":{},"origin":{"dimension":"7dtd:main","entity_id":"95183d29-9800-4375-a0d3-6030173478e0","game":"7dtd","world_id":"td-0d917a4eff776d999148769266591579674d2c42de6557026893a1902834f11f"},"position":{"space":"7dtd","x":-274.94924926757813,"y":61.079998016357422,"z":461.63272094726563},"rotation":{"pitch":-2.375,"roll":0,"yaw":14.749969482421875},"sequence":362,"source":"7dtd","stream_id":"aba657ef-52b0-48c5-8f0b-78d24fb0e668","type":"entity_state","version":2,"world_id":"td-0d917a4eff776d999148769266591579674d2c42de6557026893a1902834f11f"}
2026-10-04T19:38:02 263.018 INF [MC7DTD] 7DTD entity sent: {"authority":"7dtd","dimension":"7dtd:main","entity_id":"95183d29-9800-4375-a0d3-6030173478e0","entity_type":"7dtd:player","lifecycle":{"event":"update"},"metadata":{},"origin":{"dimension":"7dtd:main","entity_id":"95183d29-9800-4375-a0d3-6030173478e0","game":"7dtd","world_id":"td-0d917a4eff776d999148769266591579674d2c42de6557026893a1902834f11f"},"position":{"space":"7dtd","x":-274.94924926757813,"y":61.079998016357422,"z":461.63272094726563},"rotation":{"pitch":-2.375,"roll":0,"yaw":14.749969482421875},"sequence":363,"source":"7dtd","stream_id":"aba657ef-52b0-48c5-8f0b-78d24fb0e668","type":"entity_state","version":2,"world_id":"td-0d917a4eff776d999148769266591579674d2c42de6557026893a1902834f11f"}
2026-10-04T19:38:02 263.519 INF [MC7DTD] 7DTD entity sent: {"authority":"7dtd","dimension":"7dtd:main","entity_id":"95183d29-9800-4375-a0d3-6030173478e0","entity_type":"7dtd:player","lifecycle":{"event":"update"},"metadata":{},"origin":{"dimension":"7dtd:main","entity_id":"95183d29-9800-4375-a0d3-6030173478e0","game":"7dtd","world_id":"td-0d917a4eff776d999148769266591579674d2c42de6557026893a1902834f11f"},"position":{"space":"7dtd","x":-274.94924926757813,"y":61.079998016357422,"z":461.63272094726563},"rotation":{"pitch":-2.375,"roll":0,"yaw":14.749969482421875},"sequence":364,"source":"7dtd","stream_id":"aba657ef-52b0-48c5-8f0b-78d24fb0e668","type":"entity_state","version":2,"world_id":"td-0d917a4eff776d999148769266591579674d2c42de6557026893a1902834f11f"}
2026-10-04T19:38:03 264.021 INF [MC7DTD] 7DTD entity sent: {"authority":"7dtd","dimension":"7dtd:main","entity_id":"95183d29-9800-4375-a0d3-6030173478e0","entity_type":"7dtd:player","lifecycle":{"event":"update"},"metadata":{},"origin":{"dimension":"7dtd:main","entity_id":"95183d29-9800-4375-a0d3-6030173478e0","game":"7dtd","world_id":"td-0d917a4eff776d999148769266591579674d2c42de6557026893a1902834f11f"},"position":{"space":"7dtd","x":-274.94924926757813,"y":61.079998016357422,"z":461.63272094726563},"rotation":{"pitch":-2.375,"roll":0,"yaw":14.749969482421875},"sequence":365,"source":"7dtd","stream_id":"aba657ef-52b0-48c5-8f0b-78d24fb0e668","type":"entity_state","version":2,"world_id":"td-0d917a4eff776d999148769266591579674d2c42de6557026893a1902834f11f"}
2026-10-04T19:38:03 264.522 INF [MC7DTD] 7DTD entity sent: {"authority":"7dtd","dimension":"7dtd:main","entity_id":"95183d29-9800-4375-a0d3-6030173478e0","entity_type":"7dtd:player","lifecycle":{"event":"update"},"metadata":{},"origin":{"dimension":"7dtd:main","entity_id":"95183d29-9800-4375-a0d3-6030173478e0","game":"7dtd","world_id":"td-0d917a4eff776d999148769266591579674d2c42de6557026893a1902834f11f"},"position":{"space":"7dtd","x":-274.94924926757813,"y":61.079998016357422,"z":461.63272094726563},"rotation":{"pitch":-2.375,"roll":0,"yaw":14.749969482421875},"sequence":366,"source":"7dtd","stream_id":"aba657ef-52b0-48c5-8f0b-78d24fb0e668","type":"entity_state","version":2,"world_id":"td-0d917a4eff776d999148769266591579674d2c42de6557026893a1902834f11f"}
2026-10-04T19:38:04 265.024 INF [MC7DTD] 7DTD entity sent: {"authority":"7dtd","dimension":"7dtd:main","entity_id":"95183d29-9800-4375-a0d3-6030173478e0","entity_type":"7dtd:player","lifecycle":{"event":"update"},"metadata":{},"origin":{"dimension":"7dtd:main","entity_id":"95183d29-9800-4375-a0d3-6030173478e0","game":"7dtd","world_id":"td-0d917a4eff776d999148769266591579674d2c42de6557026893a1902834f11f"},"position":{"space":"7dtd","x":-274.94924926757813,"y":61.079998016357422,"z":461.63272094726563},"rotation":{"pitch":-2.375,"roll":0,"yaw":14.749969482421875},"sequence":367,"source":"7dtd","stream_id":"aba657ef-52b0-48c5-8f0b-78d24fb0e668","type":"entity_state","version":2,"world_id":"td-0d917a4eff776d999148769266591579674d2c42de6557026893a1902834f11f"}
2026-10-04T19:38:04 265.526 INF [MC7DTD] 7DTD entity sent: {"authority":"7dtd","dimension":"7dtd:main","entity_id":"95183d29-9800-4375-a0d3-6030173478e0","entity_type":"7dtd:player","lifecycle":{"event":"update"},"metadata":{},"origin":{"dimension":"7dtd:main","entity_id":"95183d29-9800-4375-a0d3-6030173478e0","game":"7dtd","world_id":"td-0d917a4eff776d999148769266591579674d2c42de6557026893a1902834f11f"},"position":{"space":"7dtd","x":-274.94924926757813,"y":61.079998016357422,"z":461.63272094726563},"rotation":{"pitch":-2.375,"roll":0,"yaw":14.749969482421875},"sequence":368,"source":"7dtd","stream_id":"aba657ef-52b0-48c5-8f0b-78d24fb0e668","type":"entity_state","version":2,"world_id":"td-0d917a4eff776d999148769266591579674d2c42de6557026893a1902834f11f"}
2026-10-04T19:38:05 266.028 INF [MC7DTD] 7DTD entity sent: {"authority":"7dtd","dimension":"7dtd:main","entity_id":"95183d29-9800-4375-a0d3-6030173478e0","entity_type":"7dtd:player","lifecycle":{"event":"update"},"metadata":{},"origin":{"dimension":"7dtd:main","entity_id":"95183d29-9800-4375-a0d3-6030173478e0","game":"7dtd","world_id":"td-0d917a4eff776d999148769266591579674d2c42de6557026893a1902834f11f"},"position":{"space":"7dtd","x":-274.94924926757813,"y":61.079998016357422,"z":461.63272094726563},"rotation":{"pitch":-2.375,"roll":0,"yaw":14.749969482421875},"sequence":369,"source":"7dtd","stream_id":"aba657ef-52b0-48c5-8f0b-78d24fb0e668","type":"entity_state","version":2,"world_id":"td-0d917a4eff776d999148769266591579674d2c42de6557026893a1902834f11f"}
2026-10-04T19:38:05 266.530 INF [MC7DTD] 7DTD entity sent: {"authority":"7dtd","dimension":"7dtd:main","entity_id":"95183d29-9800-4375-a0d3-6030173478e0","entity_type":"7dtd:player","lifecycle":{"event":"update"},"metadata":{},"origin":{"dimension":"7dtd:main","entity_id":"95183d29-9800-4375-a0d3-6030173478e0","game":"7dtd","world_id":"td-0d917a4eff776d999148769266591579674d2c42de6557026893a1902834f11f"},"position":{"space":"7dtd","x":-274.94924926757813,"y":61.079998016357422,"z":461.63272094726563},"rotation":{"pitch":-2.375,"roll":0,"yaw":14.749969482421875},"sequence":370,"source":"7dtd","stream_id":"aba657ef-52b0-48c5-8f0b-78d24fb0e668","type":"entity_state","version":2,"world_id":"td-0d917a4eff776d999148769266591579674d2c42de6557026893a1902834f11f"}
2026-10-04T19:38:06 267.034 INF [MC7DTD] 7DTD entity sent: {"authority":"7dtd","dimension":"7dtd:main","entity_id":"95183d29-9800-4375-a0d3-6030173478e0","entity_type":"7dtd:player","lifecycle":{"event":"update"},"metadata":{},"origin":{"dimension":"7dtd:main","entity_id":"95183d29-9800-4375-a0d3-6030173478e0","game":"7dtd","world_id":"td-0d917a4eff776d999148769266591579674d2c42de6557026893a1902834f11f"},"position":{"space":"7dtd","x":-274.94924926757813,"y":61.079998016357422,"z":461.63272094726563},"rotation":{"pitch":-2.375,"roll":0,"yaw":14.749969482421875},"sequence":371,"source":"7dtd","stream_id":"aba657ef-52b0-48c5-8f0b-78d24fb0e668","type":"entity_state","version":2,"world_id":"td-0d917a4eff776d999148769266591579674d2c42de6557026893a1902834f11f"}
2026-10-04T19:38:06 267.535 INF [MC7DTD] 7DTD entity sent: {"authority":"7dtd","dimension":"7dtd:main","entity_id":"95183d29-9800-4375-a0d3-6030173478e0","entity_type":"7dtd:player","lifecycle":{"event":"update"},"metadata":{},"origin":{"dimension":"7dtd:main","entity_id":"95183d29-9800-4375-a0d3-6030173478e0","game":"7dtd","world_id":"td-0d917a4eff776d999148769266591579674d2c42de6557026893a1902834f11f"},"position":{"space":"7dtd","x":-274.94924926757813,"y":61.079998016357422,"z":461.63272094726563},"rotation":{"pitch":-2.375,"roll":0,"yaw":14.749969482421875},"sequence":372,"source":"7dtd","stream_id":"aba657ef-52b0-48c5-8f0b-78d24fb0e668","type":"entity_state","version":2,"world_id":"td-0d917a4eff776d999148769266591579674d2c42de6557026893a1902834f11f"}
2026-10-04T19:38:07 268.038 INF [MC7DTD] 7DTD entity sent: {"authority":"7dtd","dimension":"7dtd:main","entity_id":"95183d29-9800-4375-a0d3-6030173478e0","entity_type":"7dtd:player","lifecycle":{"event":"update"},"metadata":{},"origin":{"dimension":"7dtd:main","entity_id":"95183d29-9800-4375-a0d3-6030173478e0","game":"7dtd","world_id":"td-0d917a4eff776d999148769266591579674d2c42de6557026893a1902834f11f"},"position":{"space":"7dtd","x":-274.94924926757813,"y":61.079998016357422,"z":461.63272094726563},"rotation":{"pitch":-2.375,"roll":0,"yaw":14.749969482421875},"sequence":373,"source":"7dtd","stream_id":"aba657ef-52b0-48c5-8f0b-78d24fb0e668","type":"entity_state","version":2,"world_id":"td-0d917a4eff776d999148769266591579674d2c42de6557026893a1902834f11f"}
2026-10-04T19:38:07 268.540 INF [MC7DTD] 7DTD entity sent: {"authority":"7dtd","dimension":"7dtd:main","entity_id":"95183d29-9800-4375-a0d3-6030173478e0","entity_type":"7dtd:player","lifecycle":{"event":"update"},"metadata":{},"origin":{"dimension":"7dtd:main","entity_id":"95183d29-9800-4375-a0d3-6030173478e0","game":"7dtd","world_id":"td-0d917a4eff776d999148769266591579674d2c42de6557026893a1902834f11f"},"position":{"space":"7dtd","x":-274.94924926757813,"y":61.079998016357422,"z":461.63272094726563},"rotation":{"pitch":-2.375,"roll":0,"yaw":14.749969482421875},"sequence":374,"source":"7dtd","stream_id":"aba657ef-52b0-48c5-8f0b-78d24fb0e668","type":"entity_state","version":2,"world_id":"td-0d917a4eff776d999148769266591579674d2c42de6557026893a1902834f11f"}
2026-10-04T19:38:08 269.042 INF [MC7DTD] 7DTD entity sent: {"authority":"7dtd","dimension":"7dtd:main","entity_id":"95183d29-9800-4375-a0d3-6030173478e0","entity_type":"7dtd:player","lifecycle":{"event":"update"},"metadata":{},"origin":{"dimension":"7dtd:main","entity_id":"95183d29-9800-4375-a0d3-6030173478e0","game":"7dtd","world_id":"td-0d917a4eff776d999148769266591579674d2c42de6557026893a1902834f11f"},"position":{"space":"7dtd","x":-274.94924926757813,"y":61.079998016357422,"z":461.63272094726563},"rotation":{"pitch":-2.375,"roll":0,"yaw":14.749969482421875},"sequence":375,"source":"7dtd","stream_id":"aba657ef-52b0-48c5-8f0b-78d24fb0e668","type":"entity_state","version":2,"world_id":"td-0d917a4eff776d999148769266591579674d2c42de6557026893a1902834f11f"}
2026-10-04T19:38:08 269.544 INF [MC7DTD] 7DTD entity sent: {"authority":"7dtd","dimension":"7dtd:main","entity_id":"95183d29-9800-4375-a0d3-6030173478e0","entity_type":"7dtd:player","lifecycle":{"event":"update"},"metadata":{},"origin":{"dimension":"7dtd:main","entity_id":"95183d29-9800-4375-a0d3-6030173478e0","game":"7dtd","world_id":"td-0d917a4eff776d999148769266591579674d2c42de6557026893a1902834f11f"},"position":{"space":"7dtd","x":-274.94924926757813,"y":61.079998016357422,"z":461.63272094726563},"rotation":{"pitch":-2.375,"roll":0,"yaw":14.749969482421875},"sequence":376,"source":"7dtd","stream_id":"aba657ef-52b0-48c5-8f0b-78d24fb0e668","type":"entity_state","version":2,"world_id":"td-0d917a4eff776d999148769266591579674d2c42de6557026893a1902834f11f"}
2026-10-04T19:38:09 270.045 INF [MC7DTD] 7DTD entity sent: {"authority":"7dtd","dimension":"7dtd:main","entity_id":"95183d29-9800-4375-a0d3-6030173478e0","entity_type":"7dtd:player","lifecycle":{"event":"update"},"metadata":{},"origin":{"dimension":"7dtd:main","entity_id":"95183d29-9800-4375-a0d3-6030173478e0","game":"7dtd","world_id":"td-0d917a4eff776d999148769266591579674d2c42de6557026893a1902834f11f"},"position":{"space":"7dtd","x":-274.94924926757813,"y":61.079998016357422,"z":461.63272094726563},"rotation":{"pitch":-2.375,"roll":0,"yaw":14.749969482421875},"sequence":377,"source":"7dtd","stream_id":"aba657ef-52b0-48c5-8f0b-78d24fb0e668","type":"entity_state","version":2,"world_id":"td-0d917a4eff776d999148769266591579674d2c42de6557026893a1902834f11f"}
2026-10-04T19:38:09 270.548 INF [MC7DTD] 7DTD entity sent: {"authority":"7dtd","dimension":"7dtd:main","entity_id":"95183d29-9800-4375-a0d3-6030173478e0","entity_type":"7dtd:player","lifecycle":{"event":"update"},"metadata":{},"origin":{"dimension":"7dtd:main","entity_id":"95183d29-9800-4375-a0d3-6030173478e0","game":"7dtd","world_id":"td-0d917a4eff776d999148769266591579674d2c42de6557026893a1902834f11f"},"position":{"space":"7dtd","x":-274.94924926757813,"y":61.079998016357422,"z":461.63272094726563},"rotation":{"pitch":-2.375,"roll":0,"yaw":14.749969482421875},"sequence":378,"source":"7dtd","stream_id":"aba657ef-52b0-48c5-8f0b-78d24fb0e668","type":"entity_state","version":2,"world_id":"td-0d917a4eff776d999148769266591579674d2c42de6557026893a1902834f11f"}
2026-10-04T19:38:10 271.049 INF [MC7DTD] 7DTD entity sent: {"authority":"7dtd","dimension":"7dtd:main","entity_id":"95183d29-9800-4375-a0d3-6030173478e0","entity_type":"7dtd:player","lifecycle":{"event":"update"},"metadata":{},"origin":{"dimension":"7dtd:main","entity_id":"95183d29-9800-4375-a0d3-6030173478e0","game":"7dtd","world_id":"td-0d917a4eff776d999148769266591579674d2c42de6557026893a1902834f11f"},"position":{"space":"7dtd","x":-274.94924926757813,"y":61.079998016357422,"z":461.63272094726563},"rotation":{"pitch":-2.375,"roll":0,"yaw":14.749969482421875},"sequence":379,"source":"7dtd","stream_id":"aba657ef-52b0-48c5-8f0b-78d24fb0e668","type":"entity_state","version":2,"world_id":"td-0d917a4eff776d999148769266591579674d2c42de6557026893a1902834f11f"}
2026-10-04T19:38:10 271.552 INF [MC7DTD] 7DTD entity sent: {"authority":"7dtd","dimension":"7dtd:main","entity_id":"95183d29-9800-4375-a0d3-6030173478e0","entity_type":"7dtd:player","lifecycle":{"event":"update"},"metadata":{},"origin":{"dimension":"7dtd:main","entity_id":"95183d29-9800-4375-a0d3-6030173478e0","game":"7dtd","world_id":"td-0d917a4eff776d999148769266591579674d2c42de6557026893a1902834f11f"},"position":{"space":"7dtd","x":-274.94924926757813,"y":61.079998016357422,"z":461.63272094726563},"rotation":{"pitch":-2.375,"roll":0,"yaw":14.749969482421875},"sequence":380,"source":"7dtd","stream_id":"aba657ef-52b0-48c5-8f0b-78d24fb0e668","type":"entity_state","version":2,"world_id":"td-0d917a4eff776d999148769266591579674d2c42de6557026893a1902834f11f"}
2026-10-04T19:38:11 272.054 INF [MC7DTD] 7DTD entity sent: {"authority":"7dtd","dimension":"7dtd:main","entity_id":"95183d29-9800-4375-a0d3-6030173478e0","entity_type":"7dtd:player","lifecycle":{"event":"update"},"metadata":{},"origin":{"dimension":"7dtd:main","entity_id":"95183d29-9800-4375-a0d3-6030173478e0","game":"7dtd","world_id":"td-0d917a4eff776d999148769266591579674d2c42de6557026893a1902834f11f"},"position":{"space":"7dtd","x":-274.94924926757813,"y":61.079998016357422,"z":461.63272094726563},"rotation":{"pitch":-2.375,"roll":0,"yaw":14.749969482421875},"sequence":381,"source":"7dtd","stream_id":"aba657ef-52b0-48c5-8f0b-78d24fb0e668","type":"entity_state","version":2,"world_id":"td-0d917a4eff776d999148769266591579674d2c42de6557026893a1902834f11f"}
2026-10-04T19:38:11 272.555 INF [MC7DTD] 7DTD entity sent: {"authority":"7dtd","dimension":"7dtd:main","entity_id":"95183d29-9800-4375-a0d3-6030173478e0","entity_type":"7dtd:player","lifecycle":{"event":"update"},"metadata":{},"origin":{"dimension":"7dtd:main","entity_id":"95183d29-9800-4375-a0d3-6030173478e0","game":"7dtd","world_id":"td-0d917a4eff776d999148769266591579674d2c42de6557026893a1902834f11f"},"position":{"space":"7dtd","x":-274.94924926757813,"y":61.079998016357422,"z":461.63272094726563},"rotation":{"pitch":-2.375,"roll":0,"yaw":14.749969482421875},"sequence":382,"source":"7dtd","stream_id":"aba657ef-52b0-48c5-8f0b-78d24fb0e668","type":"entity_state","version":2,"world_id":"td-0d917a4eff776d999148769266591579674d2c42de6557026893a1902834f11f"}
2026-10-04T19:38:12 273.056 INF [MC7DTD] 7DTD entity sent: {"authority":"7dtd","dimension":"7dtd:main","entity_id":"95183d29-9800-4375-a0d3-6030173478e0","entity_type":"7dtd:player","lifecycle":{"event":"update"},"metadata":{},"origin":{"dimension":"7dtd:main","entity_id":"95183d29-9800-4375-a0d3-6030173478e0","game":"7dtd","world_id":"td-0d917a4eff776d999148769266591579674d2c42de6557026893a1902834f11f"},"position":{"space":"7dtd","x":-274.94924926757813,"y":61.079998016357422,"z":461.63272094726563},"rotation":{"pitch":-2.375,"roll":0,"yaw":14.749969482421875},"sequence":383,"source":"7dtd","stream_id":"aba657ef-52b0-48c5-8f0b-78d24fb0e668","type":"entity_state","version":2,"world_id":"td-0d917a4eff776d999148769266591579674d2c42de6557026893a1902834f11f"}
2026-10-04T19:38:12 273.558 INF [MC7DTD] 7DTD entity sent: {"authority":"7dtd","dimension":"7dtd:main","entity_id":"95183d29-9800-4375-a0d3-6030173478e0","entity_type":"7dtd:player","lifecycle":{"event":"update"},"metadata":{},"origin":{"dimension":"7dtd:main","entity_id":"95183d29-9800-4375-a0d3-6030173478e0","game":"7dtd","world_id":"td-0d917a4eff776d999148769266591579674d2c42de6557026893a1902834f11f"},"position":{"space":"7dtd","x":-274.94924926757813,"y":61.079998016357422,"z":461.63272094726563},"rotation":{"pitch":-2.375,"roll":0,"yaw":14.749969482421875},"sequence":384,"source":"7dtd","stream_id":"aba657ef-52b0-48c5-8f0b-78d24fb0e668","type":"entity_state","version":2,"world_id":"td-0d917a4eff776d999148769266591579674d2c42de6557026893a1902834f11f"}
2026-10-04T19:38:13 274.060 INF [MC7DTD] 7DTD entity sent: {"authority":"7dtd","dimension":"7dtd:main","entity_id":"95183d29-9800-4375-a0d3-6030173478e0","entity_type":"7dtd:player","lifecycle":{"event":"update"},"metadata":{},"origin":{"dimension":"7dtd:main","entity_id":"95183d29-9800-4375-a0d3-6030173478e0","game":"7dtd","world_id":"td-0d917a4eff776d999148769266591579674d2c42de6557026893a1902834f11f"},"position":{"space":"7dtd","x":-274.94924926757813,"y":61.079998016357422,"z":461.63272094726563},"rotation":{"pitch":-2.375,"roll":0,"yaw":14.749969482421875},"sequence":385,"source":"7dtd","stream_id":"aba657ef-52b0-48c5-8f0b-78d24fb0e668","type":"entity_state","version":2,"world_id":"td-0d917a4eff776d999148769266591579674d2c42de6557026893a1902834f11f"}
2026-10-04T19:38:13 274.562 INF [MC7DTD] 7DTD entity sent: {"authority":"7dtd","dimension":"7dtd:main","entity_id":"95183d29-9800-4375-a0d3-6030173478e0","entity_type":"7dtd:player","lifecycle":{"event":"update"},"metadata":{},"origin":{"dimension":"7dtd:main","entity_id":"95183d29-9800-4375-a0d3-6030173478e0","game":"7dtd","world_id":"td-0d917a4eff776d999148769266591579674d2c42de6557026893a1902834f11f"},"position":{"space":"7dtd","x":-274.94924926757813,"y":61.079998016357422,"z":461.63272094726563},"rotation":{"pitch":-2.375,"roll":0,"yaw":14.749969482421875},"sequence":386,"source":"7dtd","stream_id":"aba657ef-52b0-48c5-8f0b-78d24fb0e668","type":"entity_state","version":2,"world_id":"td-0d917a4eff776d999148769266591579674d2c42de6557026893a1902834f11f"}
2026-10-04T19:38:14 275.063 INF [MC7DTD] 7DTD entity sent: {"authority":"7dtd","dimension":"7dtd:main","entity_id":"95183d29-9800-4375-a0d3-6030173478e0","entity_type":"7dtd:player","lifecycle":{"event":"update"},"metadata":{},"origin":{"dimension":"7dtd:main","entity_id":"95183d29-9800-4375-a0d3-6030173478e0","game":"7dtd","world_id":"td-0d917a4eff776d999148769266591579674d2c42de6557026893a1902834f11f"},"position":{"space":"7dtd","x":-274.94924926757813,"y":61.079998016357422,"z":461.63272094726563},"rotation":{"pitch":-2.375,"roll":0,"yaw":14.749969482421875},"sequence":387,"source":"7dtd","stream_id":"aba657ef-52b0-48c5-8f0b-78d24fb0e668","type":"entity_state","version":2,"world_id":"td-0d917a4eff776d999148769266591579674d2c42de6557026893a1902834f11f"}
2026-10-04T19:38:14 275.565 INF [MC7DTD] 7DTD entity sent: {"authority":"7dtd","dimension":"7dtd:main","entity_id":"95183d29-9800-4375-a0d3-6030173478e0","entity_type":"7dtd:player","lifecycle":{"event":"update"},"metadata":{},"origin":{"dimension":"7dtd:main","entity_id":"95183d29-9800-4375-a0d3-6030173478e0","game":"7dtd","world_id":"td-0d917a4eff776d999148769266591579674d2c42de6557026893a1902834f11f"},"position":{"space":"7dtd","x":-274.94924926757813,"y":61.079998016357422,"z":461.63272094726563},"rotation":{"pitch":-2.375,"roll":0,"yaw":14.749969482421875},"sequence":388,"source":"7dtd","stream_id":"aba657ef-52b0-48c5-8f0b-78d24fb0e668","type":"entity_state","version":2,"world_id":"td-0d917a4eff776d999148769266591579674d2c42de6557026893a1902834f11f"}
2026-10-04T19:38:15 276.067 INF [MC7DTD] 7DTD entity sent: {"authority":"7dtd","dimension":"7dtd:main","entity_id":"95183d29-9800-4375-a0d3-6030173478e0","entity_type":"7dtd:player","lifecycle":{"event":"update"},"metadata":{},"origin":{"dimension":"7dtd:main","entity_id":"95183d29-9800-4375-a0d3-6030173478e0","game":"7dtd","world_id":"td-0d917a4eff776d999148769266591579674d2c42de6557026893a1902834f11f"},"position":{"space":"7dtd","x":-274.94924926757813,"y":61.079998016357422,"z":461.63272094726563},"rotation":{"pitch":-2.375,"roll":0,"yaw":14.749969482421875},"sequence":389,"source":"7dtd","stream_id":"aba657ef-52b0-48c5-8f0b-78d24fb0e668","type":"entity_state","version":2,"world_id":"td-0d917a4eff776d999148769266591579674d2c42de6557026893a1902834f11f"}
2026-10-04T19:38:15 276.568 INF [MC7DTD] 7DTD entity sent: {"authority":"7dtd","dimension":"7dtd:main","entity_id":"95183d29-9800-4375-a0d3-6030173478e0","entity_type":"7dtd:player","lifecycle":{"event":"update"},"metadata":{},"origin":{"dimension":"7dtd:main","entity_id":"95183d29-9800-4375-a0d3-6030173478e0","game":"7dtd","world_id":"td-0d917a4eff776d999148769266591579674d2c42de6557026893a1902834f11f"},"position":{"space":"7dtd","x":-274.94924926757813,"y":61.079998016357422,"z":461.63272094726563},"rotation":{"pitch":-2.375,"roll":0,"yaw":14.749969482421875},"sequence":390,"source":"7dtd","stream_id":"aba657ef-52b0-48c5-8f0b-78d24fb0e668","type":"entity_state","version":2,"world_id":"td-0d917a4eff776d999148769266591579674d2c42de6557026893a1902834f11f"}
2026-10-04T19:38:16 277.070 INF [MC7DTD] 7DTD entity sent: {"authority":"7dtd","dimension":"7dtd:main","entity_id":"95183d29-9800-4375-a0d3-6030173478e0","entity_type":"7dtd:player","lifecycle":{"event":"update"},"metadata":{},"origin":{"dimension":"7dtd:main","entity_id":"95183d29-9800-4375-a0d3-6030173478e0","game":"7dtd","world_id":"td-0d917a4eff776d999148769266591579674d2c42de6557026893a1902834f11f"},"position":{"space":"7dtd","x":-274.94924926757813,"y":61.079998016357422,"z":461.63272094726563},"rotation":{"pitch":-2.375,"roll":0,"yaw":14.749969482421875},"sequence":391,"source":"7dtd","stream_id":"aba657ef-52b0-48c5-8f0b-78d24fb0e668","type":"entity_state","version":2,"world_id":"td-0d917a4eff776d999148769266591579674d2c42de6557026893a1902834f11f"}
2026-10-04T19:38:16 277.571 INF [MC7DTD] 7DTD entity sent: {"authority":"7dtd","dimension":"7dtd:main","entity_id":"95183d29-9800-4375-a0d3-6030173478e0","entity_type":"7dtd:player","lifecycle":{"event":"update"},"metadata":{},"origin":{"dimension":"7dtd:main","entity_id":"95183d29-9800-4375-a0d3-6030173478e0","game":"7dtd","world_id":"td-0d917a4eff776d999148769266591579674d2c42de6557026893a1902834f11f"},"position":{"space":"7dtd","x":-274.94924926757813,"y":61.079998016357422,"z":461.63272094726563},"rotation":{"pitch":-2.375,"roll":0,"yaw":14.749969482421875},"sequence":392,"source":"7dtd","stream_id":"aba657ef-52b0-48c5-8f0b-78d24fb0e668","type":"entity_state","version":2,"world_id":"td-0d917a4eff776d999148769266591579674d2c42de6557026893a1902834f11f"}
2026-10-04T19:38:17 278.074 INF [MC7DTD] 7DTD entity sent: {"authority":"7dtd","dimension":"7dtd:main","entity_id":"95183d29-9800-4375-a0d3-6030173478e0","entity_type":"7dtd:player","lifecycle":{"event":"update"},"metadata":{},"origin":{"dimension":"7dtd:main","entity_id":"95183d29-9800-4375-a0d3-6030173478e0","game":"7dtd","world_id":"td-0d917a4eff776d999148769266591579674d2c42de6557026893a1902834f11f"},"position":{"space":"7dtd","x":-274.94924926757813,"y":61.079998016357422,"z":461.63272094726563},"rotation":{"pitch":-2.375,"roll":0,"yaw":14.749969482421875},"sequence":393,"source":"7dtd","stream_id":"aba657ef-52b0-48c5-8f0b-78d24fb0e668","type":"entity_state","version":2,"world_id":"td-0d917a4eff776d999148769266591579674d2c42de6557026893a1902834f11f"}
2026-10-04T19:38:17 278.576 INF [MC7DTD] 7DTD entity sent: {"authority":"7dtd","dimension":"7dtd:main","entity_id":"95183d29-9800-4375-a0d3-6030173478e0","entity_type":"7dtd:player","lifecycle":{"event":"update"},"metadata":{},"origin":{"dimension":"7dtd:main","entity_id":"95183d29-9800-4375-a0d3-6030173478e0","game":"7dtd","world_id":"td-0d917a4eff776d999148769266591579674d2c42de6557026893a1902834f11f"},"position":{"space":"7dtd","x":-274.94924926757813,"y":61.079998016357422,"z":461.63272094726563},"rotation":{"pitch":-2.375,"roll":0,"yaw":14.749969482421875},"sequence":394,"source":"7dtd","stream_id":"aba657ef-52b0-48c5-8f0b-78d24fb0e668","type":"entity_state","version":2,"world_id":"td-0d917a4eff776d999148769266591579674d2c42de6557026893a1902834f11f"}
2026-10-04T19:38:18 278.947 INF [MC7DTD] Entity state: event=despawn id=bb103b68-bf1a-4765-967c-d5f8ac30702d type=minecraft:player source=minecraft world=mc-cf4dce40-2be1-372b-b914-917f5dcc644c dimension=minecraft:overworld stream=dcfa83f2-8df6-4a9e-a292-69a93d9e7639 sequence=90 reason=world_unloaded
2026-10-04T19:38:18 278.952 INF [MC7DTD] Player proxy despawned: id=bb103b68-bf1a-4765-967c-d5f8ac30702d count=0 x=0 y=0 z=0 thread=1 yaw=0 pitch=0 roll=0
2026-10-04T19:38:18 279.048 INF [MC7DTD] 7DTD entity sent: {"authority":"7dtd","dimension":"7dtd:main","entity_id":"95183d29-9800-4375-a0d3-6030173478e0","entity_type":"7dtd:player","lifecycle":{"event":"update"},"metadata":{},"origin":{"dimension":"7dtd:main","entity_id":"95183d29-9800-4375-a0d3-6030173478e0","game":"7dtd","world_id":"td-0d917a4eff776d999148769266591579674d2c42de6557026893a1902834f11f"},"position":{"space":"7dtd","x":-274.94924926757813,"y":61.079998016357422,"z":461.63272094726563},"rotation":{"pitch":-2.375,"roll":0,"yaw":14.749969482421875},"sequence":395,"source":"7dtd","stream_id":"aba657ef-52b0-48c5-8f0b-78d24fb0e668","type":"entity_state","version":2,"world_id":"td-0d917a4eff776d999148769266591579674d2c42de6557026893a1902834f11f"}
2026-10-04T19:38:18 279.550 INF [MC7DTD] 7DTD entity sent: {"authority":"7dtd","dimension":"7dtd:main","entity_id":"95183d29-9800-4375-a0d3-6030173478e0","entity_type":"7dtd:player","lifecycle":{"event":"update"},"metadata":{},"origin":{"dimension":"7dtd:main","entity_id":"95183d29-9800-4375-a0d3-6030173478e0","game":"7dtd","world_id":"td-0d917a4eff776d999148769266591579674d2c42de6557026893a1902834f11f"},"position":{"space":"7dtd","x":-274.94924926757813,"y":61.079998016357422,"z":461.63272094726563},"rotation":{"pitch":-2.375,"roll":0,"yaw":14.749969482421875},"sequence":396,"source":"7dtd","stream_id":"aba657ef-52b0-48c5-8f0b-78d24fb0e668","type":"entity_state","version":2,"world_id":"td-0d917a4eff776d999148769266591579674d2c42de6557026893a1902834f11f"}
2026-10-04T19:38:19 280.051 INF [MC7DTD] 7DTD entity sent: {"authority":"7dtd","dimension":"7dtd:main","entity_id":"95183d29-9800-4375-a0d3-6030173478e0","entity_type":"7dtd:player","lifecycle":{"event":"update"},"metadata":{},"origin":{"dimension":"7dtd:main","entity_id":"95183d29-9800-4375-a0d3-6030173478e0","game":"7dtd","world_id":"td-0d917a4eff776d999148769266591579674d2c42de6557026893a1902834f11f"},"position":{"space":"7dtd","x":-274.94924926757813,"y":61.079998016357422,"z":461.63272094726563},"rotation":{"pitch":-2.375,"roll":0,"yaw":14.749969482421875},"sequence":397,"source":"7dtd","stream_id":"aba657ef-52b0-48c5-8f0b-78d24fb0e668","type":"entity_state","version":2,"world_id":"td-0d917a4eff776d999148769266591579674d2c42de6557026893a1902834f11f"}
2026-10-04T19:38:19 280.554 INF [MC7DTD] 7DTD entity sent: {"authority":"7dtd","dimension":"7dtd:main","entity_id":"95183d29-9800-4375-a0d3-6030173478e0","entity_type":"7dtd:player","lifecycle":{"event":"update"},"metadata":{},"origin":{"dimension":"7dtd:main","entity_id":"95183d29-9800-4375-a0d3-6030173478e0","game":"7dtd","world_id":"td-0d917a4eff776d999148769266591579674d2c42de6557026893a1902834f11f"},"position":{"space":"7dtd","x":-274.94924926757813,"y":61.079998016357422,"z":461.63272094726563},"rotation":{"pitch":-2.375,"roll":0,"yaw":14.749969482421875},"sequence":398,"source":"7dtd","stream_id":"aba657ef-52b0-48c5-8f0b-78d24fb0e668","type":"entity_state","version":2,"world_id":"td-0d917a4eff776d999148769266591579674d2c42de6557026893a1902834f11f"}
2026-10-04T19:38:20 281.055 INF [MC7DTD] 7DTD entity sent: {"authority":"7dtd","dimension":"7dtd:main","entity_id":"95183d29-9800-4375-a0d3-6030173478e0","entity_type":"7dtd:player","lifecycle":{"event":"update"},"metadata":{},"origin":{"dimension":"7dtd:main","entity_id":"95183d29-9800-4375-a0d3-6030173478e0","game":"7dtd","world_id":"td-0d917a4eff776d999148769266591579674d2c42de6557026893a1902834f11f"},"position":{"space":"7dtd","x":-274.94924926757813,"y":61.079998016357422,"z":461.63272094726563},"rotation":{"pitch":-2.375,"roll":0,"yaw":14.749969482421875},"sequence":399,"source":"7dtd","stream_id":"aba657ef-52b0-48c5-8f0b-78d24fb0e668","type":"entity_state","version":2,"world_id":"td-0d917a4eff776d999148769266591579674d2c42de6557026893a1902834f11f"}
2026-10-04T19:38:20 281.557 INF [MC7DTD] 7DTD entity sent: {"authority":"7dtd","dimension":"7dtd:main","entity_id":"95183d29-9800-4375-a0d3-6030173478e0","entity_type":"7dtd:player","lifecycle":{"event":"update"},"metadata":{},"origin":{"dimension":"7dtd:main","entity_id":"95183d29-9800-4375-a0d3-6030173478e0","game":"7dtd","world_id":"td-0d917a4eff776d999148769266591579674d2c42de6557026893a1902834f11f"},"position":{"space":"7dtd","x":-274.94924926757813,"y":61.079998016357422,"z":461.63272094726563},"rotation":{"pitch":-2.375,"roll":0,"yaw":14.749969482421875},"sequence":400,"source":"7dtd","stream_id":"aba657ef-52b0-48c5-8f0b-78d24fb0e668","type":"entity_state","version":2,"world_id":"td-0d917a4eff776d999148769266591579674d2c42de6557026893a1902834f11f"}
2026-10-04T19:38:21 282.059 INF [MC7DTD] 7DTD entity sent: {"authority":"7dtd","dimension":"7dtd:main","entity_id":"95183d29-9800-4375-a0d3-6030173478e0","entity_type":"7dtd:player","lifecycle":{"event":"update"},"metadata":{},"origin":{"dimension":"7dtd:main","entity_id":"95183d29-9800-4375-a0d3-6030173478e0","game":"7dtd","world_id":"td-0d917a4eff776d999148769266591579674d2c42de6557026893a1902834f11f"},"position":{"space":"7dtd","x":-274.94924926757813,"y":61.079998016357422,"z":461.63272094726563},"rotation":{"pitch":-2.375,"roll":0,"yaw":14.749969482421875},"sequence":401,"source":"7dtd","stream_id":"aba657ef-52b0-48c5-8f0b-78d24fb0e668","type":"entity_state","version":2,"world_id":"td-0d917a4eff776d999148769266591579674d2c42de6557026893a1902834f11f"}
2026-10-04T19:38:21 282.562 INF [MC7DTD] 7DTD entity sent: {"authority":"7dtd","dimension":"7dtd:main","entity_id":"95183d29-9800-4375-a0d3-6030173478e0","entity_type":"7dtd:player","lifecycle":{"event":"update"},"metadata":{},"origin":{"dimension":"7dtd:main","entity_id":"95183d29-9800-4375-a0d3-6030173478e0","game":"7dtd","world_id":"td-0d917a4eff776d999148769266591579674d2c42de6557026893a1902834f11f"},"position":{"space":"7dtd","x":-274.94924926757813,"y":61.079998016357422,"z":461.63272094726563},"rotation":{"pitch":-2.375,"roll":0,"yaw":14.749969482421875},"sequence":402,"source":"7dtd","stream_id":"aba657ef-52b0-48c5-8f0b-78d24fb0e668","type":"entity_state","version":2,"world_id":"td-0d917a4eff776d999148769266591579674d2c42de6557026893a1902834f11f"}
2026-10-04T19:38:22 283.064 INF [MC7DTD] 7DTD entity sent: {"authority":"7dtd","dimension":"7dtd:main","entity_id":"95183d29-9800-4375-a0d3-6030173478e0","entity_type":"7dtd:player","lifecycle":{"event":"update"},"metadata":{},"origin":{"dimension":"7dtd:main","entity_id":"95183d29-9800-4375-a0d3-6030173478e0","game":"7dtd","world_id":"td-0d917a4eff776d999148769266591579674d2c42de6557026893a1902834f11f"},"position":{"space":"7dtd","x":-274.94924926757813,"y":61.079998016357422,"z":461.63272094726563},"rotation":{"pitch":-2.375,"roll":0,"yaw":14.749969482421875},"sequence":403,"source":"7dtd","stream_id":"aba657ef-52b0-48c5-8f0b-78d24fb0e668","type":"entity_state","version":2,"world_id":"td-0d917a4eff776d999148769266591579674d2c42de6557026893a1902834f11f"}
2026-10-04T19:38:22 283.565 INF [MC7DTD] 7DTD entity sent: {"authority":"7dtd","dimension":"7dtd:main","entity_id":"95183d29-9800-4375-a0d3-6030173478e0","entity_type":"7dtd:player","lifecycle":{"event":"update"},"metadata":{},"origin":{"dimension":"7dtd:main","entity_id":"95183d29-9800-4375-a0d3-6030173478e0","game":"7dtd","world_id":"td-0d917a4eff776d999148769266591579674d2c42de6557026893a1902834f11f"},"position":{"space":"7dtd","x":-274.94924926757813,"y":61.079998016357422,"z":461.63272094726563},"rotation":{"pitch":-2.375,"roll":0,"yaw":14.749969482421875},"sequence":404,"source":"7dtd","stream_id":"aba657ef-52b0-48c5-8f0b-78d24fb0e668","type":"entity_state","version":2,"world_id":"td-0d917a4eff776d999148769266591579674d2c42de6557026893a1902834f11f"}
2026-10-04T19:38:23 284.067 INF [MC7DTD] 7DTD entity sent: {"authority":"7dtd","dimension":"7dtd:main","entity_id":"95183d29-9800-4375-a0d3-6030173478e0","entity_type":"7dtd:player","lifecycle":{"event":"update"},"metadata":{},"origin":{"dimension":"7dtd:main","entity_id":"95183d29-9800-4375-a0d3-6030173478e0","game":"7dtd","world_id":"td-0d917a4eff776d999148769266591579674d2c42de6557026893a1902834f11f"},"position":{"space":"7dtd","x":-274.94924926757813,"y":61.079998016357422,"z":461.63272094726563},"rotation":{"pitch":-2.375,"roll":0,"yaw":14.749969482421875},"sequence":405,"source":"7dtd","stream_id":"aba657ef-52b0-48c5-8f0b-78d24fb0e668","type":"entity_state","version":2,"world_id":"td-0d917a4eff776d999148769266591579674d2c42de6557026893a1902834f11f"}
2026-10-04T19:38:23 284.570 INF [MC7DTD] 7DTD entity sent: {"authority":"7dtd","dimension":"7dtd:main","entity_id":"95183d29-9800-4375-a0d3-6030173478e0","entity_type":"7dtd:player","lifecycle":{"event":"update"},"metadata":{},"origin":{"dimension":"7dtd:main","entity_id":"95183d29-9800-4375-a0d3-6030173478e0","game":"7dtd","world_id":"td-0d917a4eff776d999148769266591579674d2c42de6557026893a1902834f11f"},"position":{"space":"7dtd","x":-274.94924926757813,"y":61.079998016357422,"z":461.63272094726563},"rotation":{"pitch":-2.375,"roll":0,"yaw":14.749969482421875},"sequence":406,"source":"7dtd","stream_id":"aba657ef-52b0-48c5-8f0b-78d24fb0e668","type":"entity_state","version":2,"world_id":"td-0d917a4eff776d999148769266591579674d2c42de6557026893a1902834f11f"}
2026-10-04T19:38:23 284.677 INF Disconnect
2026-10-04T19:38:23 284.687 INF [NET] ServerShutdown
2026-10-04T19:38:23 284.688 INF NET: Stopping server protocols
2026-10-04T19:38:23 284.691 INF SaveAndCleanupWorld
2026-10-04T19:38:23 284.771 INF [MC7DTD] 7DTD entity sent: {"authority":"7dtd","base_revision":1,"components":{"health":null,"name":null,"custom_metadata":null,"equipment":null},"dimension":"7dtd:main","entity_id":"95183d29-9800-4375-a0d3-6030173478e0","entity_sequence":406,"entity_state_version":2,"entity_type":"7dtd:player","mode":"patch","origin":{"dimension":"7dtd:main","entity_id":"95183d29-9800-4375-a0d3-6030173478e0","game":"7dtd","world_id":"td-0d917a4eff776d999148769266591579674d2c42de6557026893a1902834f11f"},"revision":2,"source":"7dtd","stream_id":"aba657ef-52b0-48c5-8f0b-78d24fb0e668","type":"entity_components","version":1,"world_id":"td-0d917a4eff776d999148769266591579674d2c42de6557026893a1902834f11f"}
2026-10-04T19:38:23 284.772 INF [MC7DTD] 7DTD entity sent: {"authority":"7dtd","dimension":"7dtd:main","entity_id":"95183d29-9800-4375-a0d3-6030173478e0","entity_type":"7dtd:player","lifecycle":{"event":"despawn","reason":"world_unloaded"},"metadata":{},"origin":{"dimension":"7dtd:main","entity_id":"95183d29-9800-4375-a0d3-6030173478e0","game":"7dtd","world_id":"td-0d917a4eff776d999148769266591579674d2c42de6557026893a1902834f11f"},"position":null,"rotation":null,"sequence":407,"source":"7dtd","stream_id":"aba657ef-52b0-48c5-8f0b-78d24fb0e668","type":"entity_state","version":2,"world_id":"td-0d917a4eff776d999148769266591579674d2c42de6557026893a1902834f11f"}
2026-10-04T19:38:23 284.785 INF Saving 64 of chunks took 81ms
2026-10-04T19:38:23 284.791 INF [Steamworks.NET] Exiting Lobby
2026-10-04T19:38:23 284.793 INF [Steamworks.NET] Stopping server
2026-10-04T19:38:23 284.795 INF [PlayerInteractions] Shutdown, record disconnect for all currently connected players
2026-10-04T19:38:23 284.796 INF [PartyQuests] Player unregistered
2026-10-04T19:38:24 285.227 INF [EOS] Created RFS Request: NewsFeatured.xml
2026-10-04T19:38:24 285.228 INF [EOS] Created RFS Request: News.xml
2026-10-04T19:38:24 285.230 INF [EOS] Created RFS Request: eula_schinese
2026-10-04T19:38:24 285.232 INF [TitleStorageOverridesManager] Using cached last success.
2026-10-04T19:38:24 285.234 INF AstarManager Cleanup
2026-10-04T19:38:24 285.443 INF Clearing queues.
2026-10-04T19:38:24 285.444 INF Cleared queues.
2026-10-04T19:38:25 286.239 INF Clearing queues.
2026-10-04T19:38:25 286.240 INF Cleared queues.
2026-10-04T19:38:25 286.246 INF World.Unload
2026-10-04T19:38:25 286.254 INF Exited thread GenerateChunks
2026-10-04T19:38:25 286.325 INF Exited thread SaveChunks D:\wenjian\minecraft\7-M\runtime\7dtd\Saves\Navezgane\MC7DTD-Phase3-3\Region
2026-10-04T19:38:25 286.373 INF World.Cleanup
2026-10-04T19:38:25 286.376 INF Exited thread ChunkRegeneration
2026-10-04T19:38:25 286.383 INF Exited thread ChunkCalc
2026-10-04T19:38:25 286.384 INF Exited thread ChunkMeshBake
2026-10-04T19:38:25 286.394 INF Exited thread WaterSimulationApplyChanges
2026-10-04T19:38:25 286.399 INF VehicleManager saving 0 (0 + 0)
2026-10-04T19:38:25 286.401 INF VehicleManager saved 9 bytes
2026-10-04T19:38:25 286.402 INF DroneManager saving 0 (0 + 0)
2026-10-04T19:38:25 286.405 INF DroneManager saved 9 bytes
2026-10-04T19:38:25 286.406 INF TurretTracker saving 0 (0 + 0)
2026-10-04T19:38:25 286.409 INF TurretTracker saved 9 bytes
2026-10-04T19:38:25 286.439 INF Persistent GamePrefs saved
2026-10-04T19:38:25 286.513 INF [EOS] Read (BlockedPlayerList) completed: Success, received 8 bytes
2026-10-04T19:38:26 286.888 INF [EOS] Read (NewsFeatured.xml) completed: Success, received 1821 bytes
2026-10-04T19:38:26 286.890 INF [EOS] Created RFS Request: news_featured_2026_dlc_08.jpg
2026-10-04T19:38:26 286.890 INF [EOS] Created RFS Request: news_featured_2026_dlc_07.jpg
2026-10-04T19:38:26 286.891 INF [EOS] Created RFS Request: news_featured_2026_dlc_06.jpg
2026-10-04T19:38:26 287.279 INF [EOS] Read (news_featured_2026_dlc_08.jpg) completed: Success, received 774214 bytes
2026-10-04T19:38:26 287.280 INF [EOS] Created RFS Request: news_featured_2026_merger.jpg
2026-10-04T19:38:26 287.673 INF [EOS] Read (eula_schinese) completed: Success, received 29413 bytes
2026-10-04T19:38:26 287.675 INF [EOS] Created RFS Request: backtraceconfig.xml
2026-10-04T19:38:26 287.680 INF [EOS] Read (News.xml) completed: Success, received 4600 bytes
2026-10-04T19:38:26 287.681 INF [EOS] Created RFS Request: news_game_3.3_exp.jpg
2026-10-04T19:38:26 287.682 INF [EOS] Created RFS Request: news_game_3.2.0_stable.jpg
2026-10-04T19:38:26 287.683 INF [EOS] Created RFS Request: news_game_2026_7_blank.jpg
2026-10-04T19:38:26 287.695 INF [EOS] Read (news_featured_2026_merger.jpg) completed: Success, received 154308 bytes
2026-10-04T19:38:26 287.697 INF [EOS] Created RFS Request: news_featured_ytz2.1.jpg
2026-10-04T19:38:27 288.040 INF [EOS] Read (backtraceconfig.xml) completed: Success, received 2615 bytes
2026-10-04T19:38:27 288.042 INF [BACKTRACE] Bug reporting Enabled with save uploading: Disabled
2026-10-04T19:38:27 288.042 INF [BACKTRACE] Save Attaching Feature: Disabled
2026-10-04T19:38:27 288.043 INF [BACKTRACE] Entire World Attaching Feature: Disabled
2026-10-04T19:38:27 288.044 INF [BACKTRACE] Disabling Error Report Message Types: fellthroughworld
2026-10-04T19:38:27 288.044 INF [BACKTRACE] Bug reporting Disabled with save uploading: Disabled
2026-10-04T19:38:27 288.046 INF [BACKTRACE] Platform ID set to: "EOS-0002a27c262e4f8d9c40beda1e4fa220"
2026-10-04T19:38:27 288.047 INF [BACKTRACE] Configuration refreshed from XML: Enabled True
2026-10-04T19:38:27 288.047 INF [BACKTRACE] Bug reporting: Disabled
2026-10-04T19:38:27 288.048 INF [BACKTRACE] Bug reporting attach save feature: Disabled
2026-10-04T19:38:27 288.049 INF [BACKTRACE] Bug reporting attach entire world feature: Disabled
2026-10-04T19:38:27 288.055 INF [EOS] Read (news_game_3.2.0_stable.jpg) completed: Success, received 101488 bytes
2026-10-04T19:38:27 288.057 INF [EOS] Created RFS Request: news_game_3.1.0_stable.jpg
2026-10-04T19:38:27 288.077 INF [EOS] Read (news_featured_2026_dlc_06.jpg) completed: Success, received 149863 bytes
2026-10-04T19:38:27 288.078 INF [EOS] Created RFS Request: news_featured_tfpmerch.jpg
2026-10-04T19:38:27 288.103 INF [EOS] Read (news_game_3.3_exp.jpg) completed: Success, received 106006 bytes
2026-10-04T19:38:27 288.104 INF [EOS] Created RFS Request: news_game_3.0.1_stable.jpg
2026-10-04T19:38:27 288.144 INF [EOS] Read (news_featured_2026_dlc_07.jpg) completed: Success, received 925495 bytes
2026-10-04T19:38:27 288.145 INF [EOS] Created RFS Request: news_featured_soundtrack.jpg
2026-10-04T19:38:27 288.466 INF [EOS] Read (news_game_3.1.0_stable.jpg) completed: Success, received 585941 bytes
2026-10-04T19:38:27 288.468 INF [EOS] Created RFS Request: news_game_3.0_stable.jpg
2026-10-04T19:38:27 288.490 INF [EOS] Read (news_featured_tfpmerch.jpg) completed: Success, received 78916 bytes
2026-10-04T19:38:27 288.514 INF [EOS] Read (news_game_3.0.1_stable.jpg) completed: Success, received 154912 bytes
2026-10-04T19:38:27 288.515 INF [EOS] Created RFS Request: news_game_2026_2.6_stable.jpg
2026-10-04T19:38:27 288.541 INF [EOS] Read (news_featured_soundtrack.jpg) completed: Success, received 235045 bytes
2026-10-04T19:38:27 288.829 INF [EOS] Read (news_game_2026_7_blank.jpg) completed: Success, received 70434 bytes
2026-10-04T19:38:28 288.871 INF [EOS] Read (news_game_3.0_stable.jpg) completed: Success, received 275348 bytes
2026-10-04T19:38:28 288.908 INF [EOS] Read (news_game_2026_2.6_stable.jpg) completed: Success, received 97562 bytes
2026-10-04T19:38:28 288.929 INF [EOS] Read (news_featured_ytz2.1.jpg) completed: Success, received 123752 bytes
2026-10-04T19:38:28 289.458 INF Preparing quit
2026-10-04T19:38:28 289.474 INF Persistent GamePrefs saved
2026-10-04T19:38:28 289.475 INF Cleanup
2026-10-04T19:38:28 289.477 INF [Discord] Saving settings with DiscordDisabled=True
2026-10-04T19:38:28 289.487 INF Persistent GamePrefs saved
2026-10-04T19:38:28 289.500 ERR [HResult] FAILED (0x89235208 = E_XBL_NOT_INITIALIZED) Uninitialize Xbox Live.
2026-10-04T19:38:28 289.502 INF [HResult] SUCCEEDED (0x00000000 = S_OK) Uninitialize Gaming Runtime.
2026-10-04T19:38:28 289.503 INF [XBL] API Destroyed.
2026-10-04T19:38:29 290.234 INF AchievementManager.Cleanup
2026-10-04T19:38:29 290.561 INF Terminating threads
2026-10-04T19:38:29 290.563 INF OnApplicationQuit
2026-10-04T19:38:29 290.570 INF Terminating threads
2026-10-04T19:38:29 290.571 INF OnApplicationQuit
Input System module state changed to: ShutdownInProgress.
Input System polling thread exited.
Input System module state changed to: Shutdown.
GarbageCollector disposing of ComputeBuffer. Please use ComputeBuffer.Release() or .Dispose() to manually release the buffer.
2026-10-04T19:38:30 291.440 INF VoxelMeshLayer 5 finalized without being cleaned up.
Memory Statistics:
[ALLOC_TEMP_TLS] TLS Allocator
  StackAllocators : 
    [ALLOC_TEMP_MAIN]
      Peak usage frame count: [0-1.0 KB]: 31627 frames, [1.0 KB-2.0 KB]: 65 frames, [2.0 KB-4.0 KB]: 23 frames, [4.0 KB-8.0 KB]: 122 frames, [8.0 KB-16.0 KB]: 4208 frames, [16.0 KB-32.0 KB]: 57273 frames, [32.0 KB-64.0 KB]: 65 frames, [64.0 KB-128.0 KB]: 10 frames, [128.0 KB-256.0 KB]: 50 frames, [256.0 KB-0.5 MB]: 47 frames, [0.5 MB-1.0 MB]: 29 frames, [1.0 MB-2.0 MB]: 53 frames, [2.0 MB-4.0 MB]: 17 frames, [4.0 MB-8.0 MB]: 7 frames
      Initial Block Size 4.0 MB
      Current Block Size 8.0 MB
      Peak Allocated Bytes 8.0 MB
      Overflow Count 25724
    [ALLOC_TEMP_Job.Worker 18]
      Initial Block Size 256.0 KB
      Current Block Size 256.0 KB
      Peak Allocated Bytes 11.0 KB
      Overflow Count 0
    [ALLOC_TEMP_Loading.PreloadManager]
      Initial Block Size 256.0 KB
      Current Block Size 0.5 MB
      Peak Allocated Bytes 511.2 KB
      Overflow Count 4147
    [ALLOC_TEMP_Background Job.Worker 8]
      Initial Block Size 32.0 KB
      Current Block Size 32.0 KB
      Peak Allocated Bytes 23.5 KB
      Overflow Count 0
    [ALLOC_TEMP_Background Job.Worker 10]
      Initial Block Size 32.0 KB
      Current Block Size 32.0 KB
      Peak Allocated Bytes 8.0 KB
      Overflow Count 0
    [ALLOC_TEMP_Job.Worker 16]
      Initial Block Size 256.0 KB
      Current Block Size 256.0 KB
      Peak Allocated Bytes 11.0 KB
      Overflow Count 0
    [ALLOC_TEMP_Background Job.Worker 6]
      Initial Block Size 32.0 KB
      Current Block Size 32.0 KB
      Peak Allocated Bytes 24.7 KB
      Overflow Count 1
    [ALLOC_TEMP_Job.Worker 4]
      Initial Block Size 256.0 KB
      Current Block Size 256.0 KB
      Peak Allocated Bytes 29.2 KB
      Overflow Count 0
    [ALLOC_TEMP_Job.Worker 14]
      Initial Block Size 256.0 KB
      Current Block Size 256.0 KB
      Peak Allocated Bytes 11.0 KB
      Overflow Count 0
    [ALLOC_TEMP_Job.Worker 17]
      Initial Block Size 256.0 KB
      Current Block Size 256.0 KB
      Peak Allocated Bytes 11.0 KB
      Overflow Count 0
    [ALLOC_TEMP_Job.Worker 3]
      Initial Block Size 256.0 KB
      Current Block Size 256.0 KB
      Peak Allocated Bytes 94.9 KB
      Overflow Count 0
    [ALLOC_TEMP_Background Job.Worker 12]
      Initial Block Size 32.0 KB
      Current Block Size 48.0 KB
      Peak Allocated Bytes 45.9 KB
      Overflow Count 0
    [ALLOC_TEMP_Background Job.Worker 1]
      Initial Block Size 32.0 KB
      Current Block Size 64.0 KB
      Peak Allocated Bytes 63.0 KB
      Overflow Count 2
    [ALLOC_TEMP_AssetGarbageCollectorHelper] x 23
      Initial Block Size 64.0 KB
      Current Block Size 64.0 KB
      Peak Allocated Bytes 138 B
      Overflow Count 0
    [ALLOC_TEMP_Background Job.Worker 5]
      Initial Block Size 32.0 KB
      Current Block Size 56.0 KB
      Peak Allocated Bytes 53.7 KB
      Overflow Count 0
    [ALLOC_TEMP_Background Job.Worker 13]
      Initial Block Size 32.0 KB
      Current Block Size 40.0 KB
      Peak Allocated Bytes 38.2 KB
      Overflow Count 0
    [ALLOC_TEMP_Background Job.Worker 11]
      Initial Block Size 32.0 KB
      Current Block Size 32.0 KB
      Peak Allocated Bytes 435 B
      Overflow Count 0
    [ALLOC_TEMP_Job.Worker 2]
      Initial Block Size 256.0 KB
      Current Block Size 340.0 KB
      Peak Allocated Bytes 285.1 KB
      Overflow Count 0
    [ALLOC_TEMP_Background Job.Worker 3]
      Initial Block Size 32.0 KB
      Current Block Size 32.0 KB
      Peak Allocated Bytes 20.7 KB
      Overflow Count 0
    [ALLOC_TEMP_Background Job.Worker 0]
      Initial Block Size 32.0 KB
      Current Block Size 32.0 KB
      Peak Allocated Bytes 10.4 KB
      Overflow Count 0
    [ALLOC_TEMP_Job.Worker 20]
      Initial Block Size 256.0 KB
      Current Block Size 256.0 KB
      Peak Allocated Bytes 11.0 KB
      Overflow Count 0
    [ALLOC_TEMP_Job.Worker 11]
      Initial Block Size 256.0 KB
      Current Block Size 256.0 KB
      Peak Allocated Bytes 11.0 KB
      Overflow Count 0
    [ALLOC_TEMP_Background Job.Worker 4]
      Initial Block Size 32.0 KB
      Current Block Size 32.0 KB
      Peak Allocated Bytes 16.7 KB
      Overflow Count 0
    [ALLOC_TEMP_BatchDeleteObjects]
      Initial Block Size 64.0 KB
      Current Block Size 64.0 KB
      Peak Allocated Bytes 54 B
      Overflow Count 0
    [ALLOC_TEMP_Job.Worker 6]
      Initial Block Size 256.0 KB
      Current Block Size 256.0 KB
      Peak Allocated Bytes 17.9 KB
      Overflow Count 0
    [ALLOC_TEMP_Job.Worker 0]
      Initial Block Size 256.0 KB
      Current Block Size 256.0 KB
      Peak Allocated Bytes 11.0 KB
      Overflow Count 0
    [ALLOC_TEMP_Job.Worker 21]
      Initial Block Size 256.0 KB
      Current Block Size 256.0 KB
      Peak Allocated Bytes 11.0 KB
      Overflow Count 0
    [ALLOC_TEMP_Job.Worker 5]
      Initial Block Size 256.0 KB
      Current Block Size 256.0 KB
      Peak Allocated Bytes 17.3 KB
      Overflow Count 0
    [ALLOC_TEMP_Background Job.Worker 9]
      Initial Block Size 32.0 KB
      Current Block Size 52.0 KB
      Peak Allocated Bytes 49.8 KB
      Overflow Count 0
    [ALLOC_TEMP_Background Job.Worker 14]
      Initial Block Size 32.0 KB
      Current Block Size 48.0 KB
      Peak Allocated Bytes 44.0 KB
      Overflow Count 0
    [ALLOC_TEMP_ReadCacheIndex]
      Initial Block Size 64.0 KB
      Current Block Size 64.0 KB
      Peak Allocated Bytes 0.6 KB
      Overflow Count 0
    [ALLOC_TEMP_Job.Worker 13]
      Initial Block Size 256.0 KB
      Current Block Size 256.0 KB
      Peak Allocated Bytes 11.0 KB
      Overflow Count 0
    [ALLOC_TEMP_EnlightenWorker] x 12
      Initial Block Size 64.0 KB
      Current Block Size 64.0 KB
      Peak Allocated Bytes 54 B
      Overflow Count 0
    [ALLOC_TEMP_Background Job.Worker 15]
      Initial Block Size 32.0 KB
      Current Block Size 32.0 KB
      Peak Allocated Bytes 22.0 KB
      Overflow Count 1
    [ALLOC_TEMP_Background Job.Worker 2]
      Initial Block Size 32.0 KB
      Current Block Size 40.0 KB
      Peak Allocated Bytes 35.9 KB
      Overflow Count 2
    [ALLOC_TEMP_Background Job.Worker 7]
      Initial Block Size 32.0 KB
      Current Block Size 32.0 KB
      Peak Allocated Bytes 23.7 KB
      Overflow Count 0
    [ALLOC_TEMP_Job.Worker 22]
      Initial Block Size 256.0 KB
      Current Block Size 256.0 KB
      Peak Allocated Bytes 11.0 KB
      Overflow Count 0
    [ALLOC_TEMP_UnityGfxDeviceWorker]
      Initial Block Size 256.0 KB
      Current Block Size 428.0 KB
      Peak Allocated Bytes 426.7 KB
      Overflow Count 1
    [ALLOC_TEMP_Job.Worker 9]
      Initial Block Size 256.0 KB
      Current Block Size 256.0 KB
      Peak Allocated Bytes 11.0 KB
      Overflow Count 0
    [ALLOC_TEMP_Job.Worker 8]
      Initial Block Size 256.0 KB
      Current Block Size 256.0 KB
      Peak Allocated Bytes 13.3 KB
      Overflow Count 0
    [ALLOC_TEMP_Job.Worker 7]
      Initial Block Size 256.0 KB
      Current Block Size 256.0 KB
      Peak Allocated Bytes 11.0 KB
      Overflow Count 0
    [ALLOC_TEMP_Job.Worker 1]
      Initial Block Size 256.0 KB
      Current Block Size 256.0 KB
      Peak Allocated Bytes 36.1 KB
      Overflow Count 0
    [ALLOC_TEMP_Job.Worker 10]
      Initial Block Size 256.0 KB
      Current Block Size 256.0 KB
      Peak Allocated Bytes 11.0 KB
      Overflow Count 0
    [ALLOC_TEMP_Job.Worker 15]
      Initial Block Size 256.0 KB
      Current Block Size 256.0 KB
      Peak Allocated Bytes 11.0 KB
      Overflow Count 0
    [ALLOC_TEMP_Job.Worker 19]
      Initial Block Size 256.0 KB
      Current Block Size 256.0 KB
      Peak Allocated Bytes 11.0 KB
      Overflow Count 0
    [ALLOC_TEMP_Job.Worker 12]
      Initial Block Size 256.0 KB
      Current Block Size 256.0 KB
      Peak Allocated Bytes 11.0 KB
      Overflow Count 0
    [ALLOC_TEMP_Loading.AsyncRead]
      Initial Block Size 64.0 KB
      Current Block Size 128.0 KB
      Peak Allocated Bytes 128.0 KB
      Overflow Count 0
[ALLOC_DEFAULT] Dual Thread Allocator
  Peak main deferred allocation count 232089
    [ALLOC_BUCKET]
      Large Block size 4.0 MB
      Used Block count 1
      Peak Allocated bytes 4.0 MB
      Failed Allocations. Bucket layout:
        16B: 4 Subsections = 4096 buckets. Failed count: 4418033
        32B: 37 Subsections = 18944 buckets. Failed count: 1885702
        48B: 30 Subsections = 10240 buckets. Failed count: 1132053
        64B: 26 Subsections = 6656 buckets. Failed count: 778688
        80B: 67 Subsections = 13721 buckets. Failed count: 167290
        96B: 71 Subsections = 12117 buckets. Failed count: 188348
        112B: 12 Subsections = 1755 buckets. Failed count: 663486
        128B: 9 Subsections = 1152 buckets. Failed count: 292076
    [ALLOC_DEFAULT_MAIN]
      Peak usage frame count: [16.0 MB-32.0 MB]: 1794 frames, [32.0 MB-64.0 MB]: 18 frames, [64.0 MB-128.0 MB]: 28943 frames, [128.0 MB-256.0 MB]: 5648 frames, [256.0 MB-0.50 GB]: 57193 frames
      Requested Block Size 16.0 MB
      Peak Block count 16
      Peak Allocated memory 455.1 MB
      Peak Large allocation bytes 320.0 MB
    [ALLOC_DEFAULT_THREAD]
      Peak usage frame count: [8.0 MB-16.0 MB]: 12 frames, [16.0 MB-32.0 MB]: 8749 frames, [32.0 MB-64.0 MB]: 2015 frames, [64.0 MB-128.0 MB]: 19119 frames, [128.0 MB-256.0 MB]: 63701 frames
      Requested Block Size 16.0 MB
      Peak Block count 21
      Peak Allocated memory 230.5 MB
      Peak Large allocation bytes 135.7 MB
[ALLOC_TEMP_JOB_1_FRAME]
  Initial Block Size 2.0 MB
  Used Block Count 0
  Overflow Count (too large) 0
  Overflow Count (full) 0
[ALLOC_TEMP_JOB_2_FRAMES]
  Initial Block Size 2.0 MB
  Used Block Count 0
  Overflow Count (too large) 0
  Overflow Count (full) 0
[ALLOC_TEMP_JOB_4_FRAMES (JobTemp)]
  Initial Block Size 2.0 MB
  Used Block Count 1
  Overflow Count (too large) 6
  Overflow Count (full) 0
[ALLOC_TEMP_JOB_ASYNC (Background)]
  Initial Block Size 1.0 MB
  Used Block Count 1
  Overflow Count (too large) 3
  Overflow Count (full) 0
[ALLOC_GFX] Dual Thread Allocator
  Peak main deferred allocation count 24
    [ALLOC_BUCKET]
      Large Block size 4.0 MB
      Used Block count 1
      Peak Allocated bytes 4.0 MB
      Failed Allocations. Bucket layout:
        16B: 4 Subsections = 4096 buckets. Failed count: 4418033
        32B: 37 Subsections = 18944 buckets. Failed count: 1885702
        48B: 30 Subsections = 10240 buckets. Failed count: 1132053
        64B: 26 Subsections = 6656 buckets. Failed count: 778688
        80B: 67 Subsections = 13721 buckets. Failed count: 167290
        96B: 71 Subsections = 12117 buckets. Failed count: 188348
        112B: 12 Subsections = 1755 buckets. Failed count: 663486
        128B: 9 Subsections = 1152 buckets. Failed count: 292076
    [ALLOC_GFX_MAIN]
      Peak usage frame count: [32.0 KB-64.0 KB]: 21 frames, [64.0 KB-128.0 KB]: 1770 frames, [128.0 KB-256.0 KB]: 3 frames, [256.0 KB-0.5 MB]: 103 frames, [0.5 MB-1.0 MB]: 59 frames, [1.0 MB-2.0 MB]: 28109 frames, [2.0 MB-4.0 MB]: 8 frames, [4.0 MB-8.0 MB]: 135 frames, [16.0 MB-32.0 MB]: 2 frames, [32.0 MB-64.0 MB]: 4752 frames, [64.0 MB-128.0 MB]: 1212 frames, [128.0 MB-256.0 MB]: 57405 frames, [256.0 MB-0.50 GB]: 17 frames
      Requested Block Size 16.0 MB
      Peak Block count 4
      Peak Allocated memory 415.4 MB
      Peak Large allocation bytes 376.0 MB
    [ALLOC_GFX_THREAD]
      Peak usage frame count: [0-1.0 KB]: 4 frames, [128.0 KB-256.0 KB]: 61 frames, [256.0 KB-0.5 MB]: 1712 frames, [0.5 MB-1.0 MB]: 1 frames, [4.0 MB-8.0 MB]: 83 frames, [8.0 MB-16.0 MB]: 573 frames, [16.0 MB-32.0 MB]: 27684 frames, [32.0 MB-64.0 MB]: 28 frames, [64.0 MB-128.0 MB]: 6278 frames, [128.0 MB-256.0 MB]: 57172 frames
      Requested Block Size 16.0 MB
      Peak Block count 10
      Peak Allocated memory 155.0 MB
      Peak Large allocation bytes 0 B
[ALLOC_CACHEOBJECTS] Dual Thread Allocator
  Peak main deferred allocation count 11385
    [ALLOC_BUCKET]
      Large Block size 4.0 MB
      Used Block count 1
      Peak Allocated bytes 4.0 MB
      Failed Allocations. Bucket layout:
        16B: 4 Subsections = 4096 buckets. Failed count: 4418033
        32B: 37 Subsections = 18944 buckets. Failed count: 1885702
        48B: 30 Subsections = 10240 buckets. Failed count: 1132053
        64B: 26 Subsections = 6656 buckets. Failed count: 778688
        80B: 67 Subsections = 13721 buckets. Failed count: 167290
        96B: 71 Subsections = 12117 buckets. Failed count: 188348
        112B: 12 Subsections = 1755 buckets. Failed count: 663486
        128B: 9 Subsections = 1152 buckets. Failed count: 292076
    [ALLOC_CACHEOBJECTS_MAIN]
      Peak usage frame count: [4.0 MB-8.0 MB]: 1776 frames, [8.0 MB-16.0 MB]: 28303 frames, [32.0 MB-64.0 MB]: 126 frames, [64.0 MB-128.0 MB]: 63391 frames
      Requested Block Size 4.0 MB
      Peak Block count 29
      Peak Allocated memory 124.8 MB
      Peak Large allocation bytes 43.6 MB
    [ALLOC_CACHEOBJECTS_THREAD]
      Peak usage frame count: [64.0 KB-128.0 KB]: 3 frames, [128.0 KB-256.0 KB]: 1 frames, [8.0 MB-16.0 MB]: 1761 frames, [16.0 MB-32.0 MB]: 7 frames, [32.0 MB-64.0 MB]: 2 frames, [64.0 MB-128.0 MB]: 3 frames, [128.0 MB-256.0 MB]: 28096 frames, [256.0 MB-0.50 GB]: 63722 frames, [0.50 GB-1.00 GB]: 1 frames
      Requested Block Size 4.0 MB
      Peak Block count 113
      Peak Allocated memory 0.52 GB
      Peak Large allocation bytes 128.5 MB
[ALLOC_TYPETREE] Dual Thread Allocator
  Peak main deferred allocation count 1
    [ALLOC_BUCKET]
      Large Block size 4.0 MB
      Used Block count 1
      Peak Allocated bytes 4.0 MB
      Failed Allocations. Bucket layout:
        16B: 4 Subsections = 4096 buckets. Failed count: 4418033
        32B: 37 Subsections = 18944 buckets. Failed count: 1885702
        48B: 30 Subsections = 10240 buckets. Failed count: 1132053
        64B: 26 Subsections = 6656 buckets. Failed count: 778688
        80B: 67 Subsections = 13721 buckets. Failed count: 167290
        96B: 71 Subsections = 12117 buckets. Failed count: 188348
        112B: 12 Subsections = 1755 buckets. Failed count: 663486
        128B: 9 Subsections = 1152 buckets. Failed count: 292076
    [ALLOC_TYPETREE_MAIN]
      Peak usage frame count: [4.0 KB-8.0 KB]: 1766 frames, [8.0 KB-16.0 KB]: 28313 frames, [128.0 KB-256.0 KB]: 8016 frames, [256.0 KB-0.5 MB]: 55501 frames
      Requested Block Size 2.0 MB
      Peak Block count 1
      Peak Allocated memory 372.4 KB
      Peak Large allocation bytes 0 B
    [ALLOC_TYPETREE_THREAD]
      Peak usage frame count: [0-1.0 KB]: 4 frames, [2.0 KB-4.0 KB]: 1762 frames, [256.0 KB-0.5 MB]: 2 frames, [0.5 MB-1.0 MB]: 4 frames, [2.0 MB-4.0 MB]: 3 frames, [4.0 MB-8.0 MB]: 28335 frames, [8.0 MB-16.0 MB]: 63486 frames
      Requested Block Size 2.0 MB
      Peak Block count 6
      Peak Allocated memory 9.9 MB
      Peak Large allocation bytes 0 B
