[08:15:48] [main/INFO]: Loading Minecraft 1.21.11 with Fabric Loader 0.18.4
[08:15:48] [main/INFO]: Loading 49 mods:
	- fabric-api 0.140.2+1.21.11
	   |-- fabric-api-base 1.0.5+4ebb5c083e
	   |-- fabric-api-lookup-api-v1 1.6.113+1fb1cde93e
	   |-- fabric-biome-api-v1 17.1.1+4fc5413f3e
	   |-- fabric-block-api-v1 1.1.10+4ebb5c083e
	   |-- fabric-block-view-api-v2 1.0.39+4ebb5c083e
	   |-- fabric-command-api-v2 2.4.7+6b42a6003e
	   |-- fabric-content-registries-v0 10.2.14+4fc5413f3e
	   |-- fabric-convention-tags-v1 2.1.55+7f945d5b3e
	   |-- fabric-convention-tags-v2 2.17.3+8ef948ba3e
	   |-- fabric-crash-report-info-v1 0.3.23+4ebb5c083e
	   |-- fabric-data-attachment-api-v1 1.8.44+1fb1cde93e
	   |-- fabric-data-generation-api-v1 23.4.0+69974c4e3e
	   |-- fabric-dimensions-v1 4.0.28+4fc5413f3e
	   |-- fabric-entity-events-v1 3.0.5+4ebb5c083e
	   |-- fabric-events-interaction-v0 4.0.44+1fb1cde93e
	   |-- fabric-game-rule-api-v1 2.0.3+4fc5413f3e
	   |-- fabric-item-api-v1 11.5.20+d0c46b9e3e
	   |-- fabric-item-group-api-v1 4.2.36+4fc5413f3e
	   |-- fabric-key-binding-api-v1 1.1.7+4fc5413f3e
	   |-- fabric-lifecycle-events-v1 2.6.15+4ebb5c083e
	   |-- fabric-loot-api-v2 3.0.73+3f89f5a53e
	   |-- fabric-loot-api-v3 2.0.20+78c8b4663e
	   |-- fabric-message-api-v1 6.1.12+4ebb5c083e
	   |-- fabric-model-loading-api-v1 6.0.13+4fc5413f3e
	   |-- fabric-networking-api-v1 5.1.5+ae1e07683e
	   |-- fabric-object-builder-api-v1 21.1.39+4fc5413f3e
	   |-- fabric-particles-v1 4.2.11+4fc5413f3e
	   |-- fabric-recipe-api-v1 8.2.3+4ebb5c083e
	   |-- fabric-registry-sync-v0 6.2.5+1718722b3e
	   |-- fabric-renderer-api-v1 8.0.1+f4ffd2e53e
	   |-- fabric-renderer-indigo 5.0.1+f4ffd2e53e
	   |-- fabric-rendering-fluids-v1 3.1.43+4ebb5c083e
	   |-- fabric-rendering-v1 16.2.8+f4ffd2e53e
	   |-- fabric-resource-conditions-api-v1 5.0.35+4fc5413f3e
	   |-- fabric-resource-loader-v0 3.3.4+4fc5413f3e
	   |-- fabric-resource-loader-v1 1.0.10+78c8b4663e
	   |-- fabric-screen-api-v1 3.1.7+4ebb5c083e
	   |-- fabric-screen-handler-api-v1 1.3.161+4fc5413f3e
	   |-- fabric-serialization-api-v1 1.0.5+4ebb5c083e
	   |-- fabric-sound-api-v1 1.0.51+4fc5413f3e
	   |-- fabric-tag-api-v1 1.2.20+4fc5413f3e
	   |-- fabric-transfer-api-v1 6.0.24+4fc5413f3e
	   \-- fabric-transitive-access-wideners-v1 7.1.0+014c8cec3e
	- fabricloader 0.18.4
	   \-- mixinextras 0.5.0
	- java 21
	- mc7dtd_bridge 0.1.0
	- minecraft 1.21.11
[08:15:48] [main/INFO]: SpongePowered MIXIN Subsystem Version=0.8.7 Source=file:/D:/wenjian/minecraft/.minecraft/libraries/net/fabricmc/sponge-mixin/0.17.0+mixin.0.8.7/sponge-mixin-0.17.0+mixin.0.8.7.jar Service=Knot/Fabric Env=CLIENT
[08:15:48] [main/INFO]: Compatibility level set to JAVA_21
[08:15:49] [main/INFO]: Initializing MixinExtras via com.llamalad7.mixinextras.service.MixinExtrasServiceImpl(version=0.5.0).
[08:15:50] [Datafixer Bootstrap/INFO]: 287 Datafixer optimizations took 359 milliseconds
[08:15:54] [main/INFO]: Completely ignored arguments: []
[08:15:54] [Render thread/INFO]: Environment: Environment[sessionHost=https://sessionserver.mojang.com, servicesHost=https://api.minecraftservices.com, profilesHost=https://api.mojang.com, name=PROD]
[08:15:54] [Render thread/INFO]: Setting user: MC7DTD-Test
[08:15:54] [Render thread/INFO]: [Indigo] Registering Indigo renderer!
[08:15:55] [Render thread/INFO]: Manual entity acceptance commands enabled; no automatic lifecycle tracking
[08:15:55] [MC7DTD-websocket/INFO]: Bridge connected
[08:15:55] [MC7DTD-websocket/INFO]: Minecraft connected
[08:15:55] [Render thread/INFO]: Backend library: LWJGL version 3.3.3-snapshot
[08:15:55] [Render thread/INFO]: Using optional rendering extensions: GL_ARB_buffer_storage, GL_KHR_debug, GL_ARB_vertex_attrib_binding, GL_ARB_direct_state_access, GL_EXT_texture_filter_anisotropic
[08:15:56] [Download-2/ERROR]: Failed to fetch user properties
com.mojang.authlib.exceptions.InvalidCredentialsException: Status: 401
	at knot//com.mojang.authlib.exceptions.MinecraftClientHttpException.toAuthenticationException(MinecraftClientHttpException.java:59)
	at knot//com.mojang.authlib.yggdrasil.YggdrasilUserApiService.fetchProperties(YggdrasilUserApiService.java:150)
	at knot//net.minecraft.class_310.method_55608(class_310.java:457)
	at java.base/java.util.concurrent.CompletableFuture$AsyncSupply.run(CompletableFuture.java:1768)
	at java.base/java.util.concurrent.ThreadPoolExecutor.runWorker(ThreadPoolExecutor.java:1144)
	at java.base/java.util.concurrent.ThreadPoolExecutor$Worker.run(ThreadPoolExecutor.java:642)
	at java.base/java.lang.Thread.run(Thread.java:1583)
Caused by: com.mojang.authlib.exceptions.MinecraftClientHttpException: Status: 401
	at knot//com.mojang.authlib.minecraft.client.MinecraftClient.readInputStream(MinecraftClient.java:103)
	at knot//com.mojang.authlib.minecraft.client.MinecraftClient.get(MinecraftClient.java:56)
	at knot//com.mojang.authlib.yggdrasil.YggdrasilUserApiService.fetchProperties(YggdrasilUserApiService.java:121)
	... 5 more
[08:15:56] [Render thread/INFO]: Reloading ResourceManager: vanilla, fabric-api, fabric-api-base, fabric-api-lookup-api-v1, fabric-biome-api-v1, fabric-block-api-v1, fabric-block-view-api-v2, fabric-command-api-v2, fabric-content-registries-v0, fabric-convention-tags-v1, fabric-convention-tags-v2, fabric-crash-report-info-v1, fabric-data-attachment-api-v1, fabric-data-generation-api-v1, fabric-dimensions-v1, fabric-entity-events-v1, fabric-events-interaction-v0, fabric-game-rule-api-v1, fabric-item-api-v1, fabric-item-group-api-v1, fabric-key-binding-api-v1, fabric-lifecycle-events-v1, fabric-loot-api-v2, fabric-loot-api-v3, fabric-message-api-v1, fabric-model-loading-api-v1, fabric-networking-api-v1, fabric-object-builder-api-v1, fabric-particles-v1, fabric-recipe-api-v1, fabric-registry-sync-v0, fabric-renderer-api-v1, fabric-renderer-indigo, fabric-rendering-fluids-v1, fabric-rendering-v1, fabric-resource-conditions-api-v1, fabric-resource-loader-v0, fabric-resource-loader-v1, fabric-screen-api-v1, fabric-screen-handler-api-v1, fabric-serialization-api-v1, fabric-sound-api-v1, fabric-tag-api-v1, fabric-transfer-api-v1, fabric-transitive-access-wideners-v1, fabricloader
[08:15:56] [Render thread/INFO]: 7DTD proxy reset: connection=true worldReady=false
[08:15:56] [Worker-Main-8/INFO]: Found unifont_all_no_pua-17.0.01.hex, loading
[08:15:56] [Worker-Main-19/INFO]: Found unifont_pua-17.0.01.hex, loading
[08:15:56] [Worker-Main-4/INFO]: Found unifont_jp_patch-17.0.01.hex, loading
[08:15:57] [Download-1/INFO]: Could not authorize you against Realms server: java.lang.RuntimeException: Failed to parse into SignedJWT: 0
[08:15:57] [Download-1/ERROR]: Failed to fetch Realms feature flags
net.minecraft.class_4355: Realms authentication error with message 'java.lang.RuntimeException: Failed to parse into SignedJWT: 0'
	at knot//net.minecraft.class_4341.method_20998(class_4341.java:526)
	at knot//net.minecraft.class_4341.method_68466(class_4341.java:186)
	at java.base/java.util.concurrent.CompletableFuture$AsyncSupply.run(CompletableFuture.java:1768)
	at java.base/java.util.concurrent.ThreadPoolExecutor.runWorker(ThreadPoolExecutor.java:1144)
	at java.base/java.util.concurrent.ThreadPoolExecutor$Worker.run(ThreadPoolExecutor.java:642)
	at java.base/java.lang.Thread.run(Thread.java:1583)
[08:15:58] [Render thread/INFO]: OpenAL initialized on device OpenAL Soft on 扬声器 (Realtek(R) Audio)
[08:15:58] [Render thread/INFO]: Sound engine started
[08:15:58] [Render thread/INFO]: Created: 512x256x0 minecraft:textures/atlas/particles.png-atlas
[08:15:58] [Render thread/INFO]: Created: 128x128x0 minecraft:textures/atlas/decorated_pot.png-atlas
[08:15:58] [Render thread/INFO]: Created: 2048x1024x0 minecraft:textures/atlas/armor_trims.png-atlas
[08:15:58] [Render thread/INFO]: Created: 512x256x0 minecraft:textures/atlas/paintings.png-atlas
[08:15:58] [Render thread/INFO]: Created: 1024x512x0 minecraft:textures/atlas/shield_patterns.png-atlas
[08:15:58] [Render thread/INFO]: Created: 2048x2048x4 minecraft:textures/atlas/blocks.png-atlas
[08:15:58] [Render thread/INFO]: Created: 512x512x0 minecraft:textures/atlas/chest.png-atlas
[08:15:58] [Render thread/INFO]: Created: 256x128x0 minecraft:textures/atlas/celestials.png-atlas
[08:15:58] [Render thread/INFO]: Created: 1024x512x0 minecraft:textures/atlas/banner_patterns.png-atlas
[08:15:58] [Render thread/INFO]: Created: 512x512x0 minecraft:textures/atlas/beds.png-atlas
[08:15:58] [Render thread/INFO]: Created: 1024x512x0 minecraft:textures/atlas/items.png-atlas
[08:15:58] [Render thread/INFO]: Created: 1024x1024x0 minecraft:textures/atlas/gui.png-atlas
[08:15:58] [Render thread/INFO]: Created: 128x64x0 minecraft:textures/atlas/map_decorations.png-atlas
[08:15:58] [Render thread/INFO]: Created: 512x256x0 minecraft:textures/atlas/signs.png-atlas
[08:15:58] [Render thread/INFO]: Created: 512x512x0 minecraft:textures/atlas/shulker_boxes.png-atlas
[08:15:59] [IO-Worker-1/INFO]: Could not authorize you against Realms server: java.lang.RuntimeException: Failed to parse into SignedJWT: 0
[08:15:59] [IO-Worker-1/ERROR]: Couldn't connect to realms
net.minecraft.class_4355: Realms authentication error with message 'java.lang.RuntimeException: Failed to parse into SignedJWT: 0'
	at knot//net.minecraft.class_4341.method_20998(class_4341.java:526)
	at knot//net.minecraft.class_4341.method_21027(class_4341.java:307)
	at knot//net.minecraft.class_8647.method_52627(class_8647.java:48)
	at java.base/java.util.concurrent.CompletableFuture$AsyncSupply.run(CompletableFuture.java:1768)
	at java.base/java.util.concurrent.ThreadPoolExecutor.runWorker(ThreadPoolExecutor.java:1144)
	at java.base/java.util.concurrent.ThreadPoolExecutor$Worker.run(ThreadPoolExecutor.java:642)
	at java.base/java.lang.Thread.run(Thread.java:1583)
[08:16:06] [MC7DTD-websocket/INFO]: Test received from 7dtd: Hello from 7DTD
[08:16:06] [Render thread/INFO]: 7DTD proxy reset: connection=true worldReady=false
[08:16:22] [Render thread/INFO]: Loaded 1470 recipes
[08:16:22] [Render thread/INFO]: Loaded 1584 advancements
[08:16:22] [Render thread/INFO]: Applied 0 biome modifications to 0 of 65 new biomes in 911.7 μs
[08:16:22] [Server thread/INFO]: Starting integrated minecraft server version 1.21.11
[08:16:22] [Server thread/INFO]: Generating keypair
[08:16:23] [Server thread/INFO]: Loading 0 persistent chunks...
[08:16:23] [Server thread/INFO]: 准备生成区域中：16%
[08:16:23] [Server thread/INFO]: Loading 49 chunks for player spawn...
[08:16:23] [Server thread/INFO]: 准备生成区域中：16%
[08:16:23] [Server thread/INFO]: Time elapsed: 892 ms
[08:16:24] [Server thread/INFO]: MC7DTD-Test[local:E:a8214f1f] logged in with entity id 82 at (-47.582858151634014, 71.0, 72.96406756812999)
[08:16:24] [Server thread/INFO]: MC7DTD-Test加入了游戏
[08:16:24] [Server thread/INFO]: Changing view distance to 16, from 10
[08:16:24] [Server thread/INFO]: Changing simulation distance to 12, from 0
[08:16:24] [Render thread/INFO]: 7DTD proxy reset: connection=false worldReady=true
[08:16:24] [MC7DTD-entity-test-send/INFO]: Player proxy sent: {"type":"entity_state","version":1,"source":"minecraft","entity_type":"minecraft:player","entity_id":"6530a521-3cf8-49a2-9856-e43e248a5f31","stream_id":"2e2cf294-b571-4943-9dbf-a09b25860734","world_id":"mc-cf4dce40-2be1-372b-b914-917f5dcc644c","dimension":"minecraft:overworld","sequence":1,"lifecycle":{"event":"spawn"},"metadata":{},"position":{"x":-47.582858151634014,"y":71.0,"z":72.96406756812999,"space":"minecraft"},"rotation":{"yaw":296.8501167297363,"pitch":8.69998836517334,"roll":0}}
[08:16:24] [Render thread/INFO]: Resizing Dynamic Transforms UBO, capacity limit of 2 reached during a single frame. New capacity will be 4.
[08:16:24] [Render thread/INFO]: Loaded 90 advancements
[08:16:24] [Render thread/INFO]: Resizing Dynamic Transforms UBO, capacity limit of 4 reached during a single frame. New capacity will be 8.
[08:16:24] [Render thread/INFO]: Resizing Chunk Sections UBO, capacity limit of 2 reached during a single frame. New capacity will be 4.
[08:16:24] [MC7DTD-entity-test-send/INFO]: Player proxy sent: {"type":"entity_state","version":1,"source":"minecraft","entity_type":"minecraft:player","entity_id":"6530a521-3cf8-49a2-9856-e43e248a5f31","stream_id":"2e2cf294-b571-4943-9dbf-a09b25860734","world_id":"mc-cf4dce40-2be1-372b-b914-917f5dcc644c","dimension":"minecraft:overworld","sequence":2,"lifecycle":{"event":"update"},"metadata":{},"position":{"x":-47.582858151634014,"y":71.0,"z":72.96406756812999,"space":"minecraft"},"rotation":{"yaw":296.8501167297363,"pitch":8.69998836517334,"roll":0}}
[08:16:24] [Render thread/INFO]: Resizing Chunk Sections UBO, capacity limit of 4 reached during a single frame. New capacity will be 8.
[08:16:24] [Render thread/INFO]: Resizing Chunk Sections UBO, capacity limit of 8 reached during a single frame. New capacity will be 16.
[08:16:24] [Render thread/INFO]: Resizing Chunk Sections UBO, capacity limit of 16 reached during a single frame. New capacity will be 32.
[08:16:25] [Render thread/INFO]: Resizing Chunk Sections UBO, capacity limit of 32 reached during a single frame. New capacity will be 64.
[08:16:25] [Server thread/INFO]: Saving and pausing game...
[08:16:25] [Render thread/INFO]: Resizing Chunk Sections UBO, capacity limit of 64 reached during a single frame. New capacity will be 128.
[08:16:25] [Server thread/INFO]: Saving chunks for level 'ServerLevel[Demo World]'/minecraft:overworld
[08:16:25] [Server thread/INFO]: Saving chunks for level 'ServerLevel[Demo World]'/minecraft:the_nether
[08:16:25] [Server thread/INFO]: Saving chunks for level 'ServerLevel[Demo World]'/minecraft:the_end
[08:16:25] [MC7DTD-entity-test-send/INFO]: Player proxy sent: {"type":"entity_state","version":1,"source":"minecraft","entity_type":"minecraft:player","entity_id":"6530a521-3cf8-49a2-9856-e43e248a5f31","stream_id":"2e2cf294-b571-4943-9dbf-a09b25860734","world_id":"mc-cf4dce40-2be1-372b-b914-917f5dcc644c","dimension":"minecraft:overworld","sequence":3,"lifecycle":{"event":"update"},"metadata":{},"position":{"x":-47.582858151634014,"y":71.0,"z":72.96406756812999,"space":"minecraft"},"rotation":{"yaw":296.8501167297363,"pitch":8.69998836517334,"roll":0}}
[08:16:26] [Render thread/INFO]: Resizing Chunk Sections UBO, capacity limit of 128 reached during a single frame. New capacity will be 256.
[08:16:26] [MC7DTD-entity-test-send/INFO]: Player proxy sent: {"type":"entity_state","version":1,"source":"minecraft","entity_type":"minecraft:player","entity_id":"6530a521-3cf8-49a2-9856-e43e248a5f31","stream_id":"2e2cf294-b571-4943-9dbf-a09b25860734","world_id":"mc-cf4dce40-2be1-372b-b914-917f5dcc644c","dimension":"minecraft:overworld","sequence":4,"lifecycle":{"event":"update"},"metadata":{},"position":{"x":-47.582858151634014,"y":71.0,"z":72.96406756812999,"space":"minecraft"},"rotation":{"yaw":300.90011978149414,"pitch":10.649988174438477,"roll":0}}
[08:16:26] [Render thread/INFO]: Resizing Chunk Sections UBO, capacity limit of 256 reached during a single frame. New capacity will be 512.
[08:16:26] [MC7DTD-entity-test-send/INFO]: Player proxy sent: {"type":"entity_state","version":1,"source":"minecraft","entity_type":"minecraft:player","entity_id":"6530a521-3cf8-49a2-9856-e43e248a5f31","stream_id":"2e2cf294-b571-4943-9dbf-a09b25860734","world_id":"mc-cf4dce40-2be1-372b-b914-917f5dcc644c","dimension":"minecraft:overworld","sequence":5,"lifecycle":{"event":"update"},"metadata":{},"position":{"x":-47.582858151634014,"y":71.0,"z":72.96406756812999,"space":"minecraft"},"rotation":{"yaw":65.25012969970703,"pitch":22.799983978271484,"roll":0}}
[08:16:27] [MC7DTD-entity-test-send/INFO]: Player proxy sent: {"type":"entity_state","version":1,"source":"minecraft","entity_type":"minecraft:player","entity_id":"6530a521-3cf8-49a2-9856-e43e248a5f31","stream_id":"2e2cf294-b571-4943-9dbf-a09b25860734","world_id":"mc-cf4dce40-2be1-372b-b914-917f5dcc644c","dimension":"minecraft:overworld","sequence":6,"lifecycle":{"event":"update"},"metadata":{},"position":{"x":-47.582858151634014,"y":71.0,"z":72.96406756812999,"space":"minecraft"},"rotation":{"yaw":152.70010375976562,"pitch":20.099987030029297,"roll":0}}
[08:16:27] [Render thread/INFO]: Resizing Chunk Sections UBO, capacity limit of 512 reached during a single frame. New capacity will be 1024.
[08:16:27] [MC7DTD-entity-test-send/INFO]: Player proxy sent: {"type":"entity_state","version":1,"source":"minecraft","entity_type":"minecraft:player","entity_id":"6530a521-3cf8-49a2-9856-e43e248a5f31","stream_id":"2e2cf294-b571-4943-9dbf-a09b25860734","world_id":"mc-cf4dce40-2be1-372b-b914-917f5dcc644c","dimension":"minecraft:overworld","sequence":7,"lifecycle":{"event":"update"},"metadata":{},"position":{"x":-47.582858151634014,"y":71.0,"z":72.96406756812999,"space":"minecraft"},"rotation":{"yaw":202.95010375976562,"pitch":27.299985885620117,"roll":0}}
[08:16:28] [MC7DTD-entity-test-send/INFO]: Player proxy sent: {"type":"entity_state","version":1,"source":"minecraft","entity_type":"minecraft:player","entity_id":"6530a521-3cf8-49a2-9856-e43e248a5f31","stream_id":"2e2cf294-b571-4943-9dbf-a09b25860734","world_id":"mc-cf4dce40-2be1-372b-b914-917f5dcc644c","dimension":"minecraft:overworld","sequence":8,"lifecycle":{"event":"update"},"metadata":{},"position":{"x":-47.582858151634014,"y":71.0,"z":72.96406756812999,"space":"minecraft"},"rotation":{"yaw":348.90009117126465,"pitch":24.29998207092285,"roll":0}}
[08:16:29] [MC7DTD-entity-test-send/INFO]: Player proxy sent: {"type":"entity_state","version":1,"source":"minecraft","entity_type":"minecraft:player","entity_id":"6530a521-3cf8-49a2-9856-e43e248a5f31","stream_id":"2e2cf294-b571-4943-9dbf-a09b25860734","world_id":"mc-cf4dce40-2be1-372b-b914-917f5dcc644c","dimension":"minecraft:overworld","sequence":9,"lifecycle":{"event":"update"},"metadata":{},"position":{"x":-47.582858151634014,"y":71.0,"z":72.96406756812999,"space":"minecraft"},"rotation":{"yaw":321.150089263916,"pitch":22.199987411499023,"roll":0}}
[08:16:29] [Server thread/INFO]: Saving and pausing game...
[08:16:29] [Server thread/INFO]: Saving chunks for level 'ServerLevel[Demo World]'/minecraft:overworld
[08:16:29] [Server thread/INFO]: Saving chunks for level 'ServerLevel[Demo World]'/minecraft:the_nether
[08:16:29] [Server thread/INFO]: Saving chunks for level 'ServerLevel[Demo World]'/minecraft:the_end
[08:16:56] [MC7DTD-websocket/INFO]: Test received from 7dtd: MC7DTD player proxy resync
[08:16:56] [MC7DTD-entity-test-send/INFO]: Player proxy sent: {"type":"entity_state","version":1,"source":"minecraft","entity_type":"minecraft:player","entity_id":"6530a521-3cf8-49a2-9856-e43e248a5f31","stream_id":"2e2cf294-b571-4943-9dbf-a09b25860734","world_id":"mc-cf4dce40-2be1-372b-b914-917f5dcc644c","dimension":"minecraft:overworld","sequence":10,"lifecycle":{"event":"despawn","reason":"out_of_scope"},"metadata":{},"position":null,"rotation":null}
[08:16:56] [MC7DTD-entity-test-send/INFO]: Player proxy sent: {"type":"entity_state","version":1,"source":"minecraft","entity_type":"minecraft:player","entity_id":"2b5d33df-ba0f-4e79-993a-835569712da3","stream_id":"713531ef-e23c-4b5f-a07f-bfff2b852dd0","world_id":"mc-cf4dce40-2be1-372b-b914-917f5dcc644c","dimension":"minecraft:overworld","sequence":1,"lifecycle":{"event":"spawn"},"metadata":{},"position":{"x":-47.582858151634014,"y":71.0,"z":72.96406756812999,"space":"minecraft"},"rotation":{"yaw":321.150089263916,"pitch":22.199987411499023,"roll":0}}
[08:16:56] [MC7DTD-websocket/INFO]: 7DTD entity received: {"authority":"7dtd","dimension":"7dtd:main","entity_id":"1844a553-9729-44e9-a434-c9a33a617d07","entity_type":"7dtd:player","lifecycle":{"event":"spawn"},"metadata":{},"origin":{"dimension":"7dtd:main","entity_id":"1844a553-9729-44e9-a434-c9a33a617d07","game":"7dtd","world_id":"td-0d917a4eff776d999148769266591579674d2c42de6557026893a1902834f11f"},"position":{"x":-273.03436279296875,"y":61.07999801635742,"z":446.87322998046875,"space":"minecraft"},"rotation":{"pitch":-5.5,"roll":0,"yaw":94.28790283203125},"sequence":1,"source":"7dtd","stream_id":"d7a4bfe8-e239-44a6-b23b-2ec527b4cf7e","type":"entity_state","version":2,"world_id":"td-0d917a4eff776d999148769266591579674d2c42de6557026893a1902834f11f","components":{"presentation":{"renderer":"humanoid","model":"survivor","scale":1.0,"variant":"default"}}}
[08:16:56] [MC7DTD-websocket/INFO]: [Presentation] entity=1844a553-9729-44e9-a434-c9a33a617d07 renderer=humanoid model=survivor variant=default scale=1.0
[08:16:56] [MC7DTD-websocket/INFO]: 7DTD health received: id=1844a553-9729-44e9-a434-c9a33a617d07 revision=1 mode=snapshot current=97.0 max=100.0
[08:16:56] [MC7DTD-websocket/INFO]: 7DTD identity received: id=1844a553-9729-44e9-a434-c9a33a617d07 revision=1 mode=snapshot identity={"health":{"current":97,"max":100},"name":{"display_name":"质朴且卑微-","text":"质朴且卑微-"},"custom_metadata":{"tag.source":"7dtd","tag.kind":"player","tag.label":"bridge"}} removed=false
[08:16:56] [Render thread/INFO]: 7DTD proxy display created: id=1844a553-9729-44e9-a434-c9a33a617d07 body=-1000000 nose=-1000001 thread=Render thread
[08:16:56] [Render thread/INFO]: 7DTD proxy spawned: id=1844a553-9729-44e9-a434-c9a33a617d07 sequence=1 count=1
[08:16:56] [MC7DTD-websocket/INFO]: 7DTD entity received: {"authority":"7dtd","dimension":"7dtd:main","entity_id":"1844a553-9729-44e9-a434-c9a33a617d07","entity_type":"7dtd:player","lifecycle":{"event":"update"},"metadata":{},"origin":{"dimension":"7dtd:main","entity_id":"1844a553-9729-44e9-a434-c9a33a617d07","game":"7dtd","world_id":"td-0d917a4eff776d999148769266591579674d2c42de6557026893a1902834f11f"},"position":{"x":-273.03436279296875,"y":61.07999801635742,"z":446.87322998046875,"space":"minecraft"},"rotation":{"pitch":-5.5,"roll":0,"yaw":94.28790283203125},"sequence":2,"source":"7dtd","stream_id":"d7a4bfe8-e239-44a6-b23b-2ec527b4cf7e","type":"entity_state","version":2,"world_id":"td-0d917a4eff776d999148769266591579674d2c42de6557026893a1902834f11f","components":{"presentation":{"renderer":"humanoid","model":"survivor","scale":1.0,"variant":"default"}}}
[08:16:56] [MC7DTD-websocket/INFO]: [Presentation] entity=1844a553-9729-44e9-a434-c9a33a617d07 renderer=humanoid model=survivor variant=default scale=1.0
[08:16:56] [Render thread/INFO]: 7DTD proxy updated: id=1844a553-9729-44e9-a434-c9a33a617d07 sequence=2 x=-273.03436279296875 y=61.07999801635742 z=446.87322998046875 yaw=94.28790283203125 pitch=-5.5 roll=0.0
[08:16:58] [MC7DTD-websocket/INFO]: 7DTD entity received: {"authority":"7dtd","dimension":"7dtd:main","entity_id":"1844a553-9729-44e9-a434-c9a33a617d07","entity_type":"7dtd:player","lifecycle":{"event":"update"},"metadata":{},"origin":{"dimension":"7dtd:main","entity_id":"1844a553-9729-44e9-a434-c9a33a617d07","game":"7dtd","world_id":"td-0d917a4eff776d999148769266591579674d2c42de6557026893a1902834f11f"},"position":{"x":-273.03436279296875,"y":61.07999801635742,"z":446.87322998046875,"space":"minecraft"},"rotation":{"pitch":0,"roll":0,"yaw":94.28790283203125},"sequence":3,"source":"7dtd","stream_id":"d7a4bfe8-e239-44a6-b23b-2ec527b4cf7e","type":"entity_state","version":2,"world_id":"td-0d917a4eff776d999148769266591579674d2c42de6557026893a1902834f11f","components":{"presentation":{"renderer":"humanoid","model":"survivor","scale":1.0,"variant":"default"}}}
[08:16:58] [MC7DTD-websocket/INFO]: [Presentation] entity=1844a553-9729-44e9-a434-c9a33a617d07 renderer=humanoid model=survivor variant=default scale=1.0
[08:16:58] [Render thread/INFO]: 7DTD proxy updated: id=1844a553-9729-44e9-a434-c9a33a617d07 sequence=3 x=-273.03436279296875 y=61.07999801635742 z=446.87322998046875 yaw=94.28790283203125 pitch=0.0 roll=0.0
[08:16:58] [MC7DTD-websocket/INFO]: 7DTD entity received: {"authority":"7dtd","dimension":"7dtd:main","entity_id":"1844a553-9729-44e9-a434-c9a33a617d07","entity_type":"7dtd:player","lifecycle":{"event":"update"},"metadata":{},"origin":{"dimension":"7dtd:main","entity_id":"1844a553-9729-44e9-a434-c9a33a617d07","game":"7dtd","world_id":"td-0d917a4eff776d999148769266591579674d2c42de6557026893a1902834f11f"},"position":{"x":-273.03436279296875,"y":61.07999801635742,"z":446.87322998046875,"space":"minecraft"},"rotation":{"pitch":0,"roll":0,"yaw":94.28790283203125},"sequence":4,"source":"7dtd","stream_id":"d7a4bfe8-e239-44a6-b23b-2ec527b4cf7e","type":"entity_state","version":2,"world_id":"td-0d917a4eff776d999148769266591579674d2c42de6557026893a1902834f11f","components":{"presentation":{"renderer":"humanoid","model":"survivor","scale":1.0,"variant":"default"}}}
[08:16:58] [MC7DTD-websocket/INFO]: [Presentation] entity=1844a553-9729-44e9-a434-c9a33a617d07 renderer=humanoid model=survivor variant=default scale=1.0
[08:16:58] [Render thread/INFO]: 7DTD proxy updated: id=1844a553-9729-44e9-a434-c9a33a617d07 sequence=4 x=-273.03436279296875 y=61.07999801635742 z=446.87322998046875 yaw=94.28790283203125 pitch=0.0 roll=0.0
[08:16:59] [MC7DTD-websocket/INFO]: 7DTD entity received: {"authority":"7dtd","dimension":"7dtd:main","entity_id":"1844a553-9729-44e9-a434-c9a33a617d07","entity_type":"7dtd:player","lifecycle":{"event":"update"},"metadata":{},"origin":{"dimension":"7dtd:main","entity_id":"1844a553-9729-44e9-a434-c9a33a617d07","game":"7dtd","world_id":"td-0d917a4eff776d999148769266591579674d2c42de6557026893a1902834f11f"},"position":{"x":-273.03436279296875,"y":61.07999801635742,"z":446.87322998046875,"space":"minecraft"},"rotation":{"pitch":-2.25,"roll":0,"yaw":103.10040283203125},"sequence":5,"source":"7dtd","stream_id":"d7a4bfe8-e239-44a6-b23b-2ec527b4cf7e","type":"entity_state","version":2,"world_id":"td-0d917a4eff776d999148769266591579674d2c42de6557026893a1902834f11f","components":{"presentation":{"renderer":"humanoid","model":"survivor","scale":1.0,"variant":"default"}}}
[08:16:59] [MC7DTD-websocket/INFO]: [Presentation] entity=1844a553-9729-44e9-a434-c9a33a617d07 renderer=humanoid model=survivor variant=default scale=1.0
[08:16:59] [Render thread/INFO]: 7DTD proxy updated: id=1844a553-9729-44e9-a434-c9a33a617d07 sequence=5 x=-273.03436279296875 y=61.07999801635742 z=446.87322998046875 yaw=103.10040283203125 pitch=-2.25 roll=0.0
[08:16:59] [MC7DTD-websocket/INFO]: 7DTD entity received: {"authority":"7dtd","dimension":"7dtd:main","entity_id":"1844a553-9729-44e9-a434-c9a33a617d07","entity_type":"7dtd:player","lifecycle":{"event":"update"},"metadata":{},"origin":{"dimension":"7dtd:main","entity_id":"1844a553-9729-44e9-a434-c9a33a617d07","game":"7dtd","world_id":"td-0d917a4eff776d999148769266591579674d2c42de6557026893a1902834f11f"},"position":{"x":-273.03436279296875,"y":61.07999801635742,"z":446.87322998046875,"space":"minecraft"},"rotation":{"pitch":-2.875,"roll":0,"yaw":128.28790283203125},"sequence":6,"source":"7dtd","stream_id":"d7a4bfe8-e239-44a6-b23b-2ec527b4cf7e","type":"entity_state","version":2,"world_id":"td-0d917a4eff776d999148769266591579674d2c42de6557026893a1902834f11f","components":{"presentation":{"renderer":"humanoid","model":"survivor","scale":1.0,"variant":"default"}}}
[08:16:59] [MC7DTD-websocket/INFO]: [Presentation] entity=1844a553-9729-44e9-a434-c9a33a617d07 renderer=humanoid model=survivor variant=default scale=1.0
[08:16:59] [Render thread/INFO]: 7DTD proxy updated: id=1844a553-9729-44e9-a434-c9a33a617d07 sequence=6 x=-273.03436279296875 y=61.07999801635742 z=446.87322998046875 yaw=128.28790283203125 pitch=-2.875 roll=0.0
[08:17:00] [MC7DTD-websocket/INFO]: 7DTD entity received: {"authority":"7dtd","dimension":"7dtd:main","entity_id":"1844a553-9729-44e9-a434-c9a33a617d07","entity_type":"7dtd:player","lifecycle":{"event":"update"},"metadata":{},"origin":{"dimension":"7dtd:main","entity_id":"1844a553-9729-44e9-a434-c9a33a617d07","game":"7dtd","world_id":"td-0d917a4eff776d999148769266591579674d2c42de6557026893a1902834f11f"},"position":{"x":-273.03436279296875,"y":61.07999801635742,"z":446.87322998046875,"space":"minecraft"},"rotation":{"pitch":-5.375,"roll":0,"yaw":108.47538757324219},"sequence":7,"source":"7dtd","stream_id":"d7a4bfe8-e239-44a6-b23b-2ec527b4cf7e","type":"entity_state","version":2,"world_id":"td-0d917a4eff776d999148769266591579674d2c42de6557026893a1902834f11f","components":{"presentation":{"renderer":"humanoid","model":"survivor","scale":1.0,"variant":"default"}}}
[08:17:00] [MC7DTD-websocket/INFO]: [Presentation] entity=1844a553-9729-44e9-a434-c9a33a617d07 renderer=humanoid model=survivor variant=default scale=1.0
[08:17:00] [Render thread/INFO]: 7DTD proxy updated: id=1844a553-9729-44e9-a434-c9a33a617d07 sequence=7 x=-273.03436279296875 y=61.07999801635742 z=446.87322998046875 yaw=108.47538757324219 pitch=-5.375 roll=0.0
[08:17:00] [MC7DTD-websocket/INFO]: 7DTD entity received: {"authority":"7dtd","dimension":"7dtd:main","entity_id":"1844a553-9729-44e9-a434-c9a33a617d07","entity_type":"7dtd:player","lifecycle":{"event":"update"},"metadata":{},"origin":{"dimension":"7dtd:main","entity_id":"1844a553-9729-44e9-a434-c9a33a617d07","game":"7dtd","world_id":"td-0d917a4eff776d999148769266591579674d2c42de6557026893a1902834f11f"},"position":{"x":-273.03436279296875,"y":61.07999801635742,"z":446.87322998046875,"space":"minecraft"},"rotation":{"pitch":-5.25,"roll":0,"yaw":109.03790283203125},"sequence":8,"source":"7dtd","stream_id":"d7a4bfe8-e239-44a6-b23b-2ec527b4cf7e","type":"entity_state","version":2,"world_id":"td-0d917a4eff776d999148769266591579674d2c42de6557026893a1902834f11f","components":{"presentation":{"renderer":"humanoid","model":"survivor","scale":1.0,"variant":"default"}}}
[08:17:00] [MC7DTD-websocket/INFO]: [Presentation] entity=1844a553-9729-44e9-a434-c9a33a617d07 renderer=humanoid model=survivor variant=default scale=1.0
[08:17:00] [Render thread/INFO]: 7DTD proxy updated: id=1844a553-9729-44e9-a434-c9a33a617d07 sequence=8 x=-273.03436279296875 y=61.07999801635742 z=446.87322998046875 yaw=109.03790283203125 pitch=-5.25 roll=0.0
[08:17:01] [MC7DTD-websocket/INFO]: 7DTD entity received: {"authority":"7dtd","dimension":"7dtd:main","entity_id":"1844a553-9729-44e9-a434-c9a33a617d07","entity_type":"7dtd:player","lifecycle":{"event":"update"},"metadata":{},"origin":{"dimension":"7dtd:main","entity_id":"1844a553-9729-44e9-a434-c9a33a617d07","game":"7dtd","world_id":"td-0d917a4eff776d999148769266591579674d2c42de6557026893a1902834f11f"},"position":{"x":-273.03436279296875,"y":61.07999801635742,"z":446.87322998046875,"space":"minecraft"},"rotation":{"pitch":-5.25,"roll":0,"yaw":109.03790283203125},"sequence":9,"source":"7dtd","stream_id":"d7a4bfe8-e239-44a6-b23b-2ec527b4cf7e","type":"entity_state","version":2,"world_id":"td-0d917a4eff776d999148769266591579674d2c42de6557026893a1902834f11f","components":{"presentation":{"renderer":"humanoid","model":"survivor","scale":1.0,"variant":"default"}}}
[08:17:01] [MC7DTD-websocket/INFO]: [Presentation] entity=1844a553-9729-44e9-a434-c9a33a617d07 renderer=humanoid model=survivor variant=default scale=1.0
[08:17:01] [Render thread/INFO]: 7DTD proxy updated: id=1844a553-9729-44e9-a434-c9a33a617d07 sequence=9 x=-273.03436279296875 y=61.07999801635742 z=446.87322998046875 yaw=109.03790283203125 pitch=-5.25 roll=0.0
[08:17:01] [MC7DTD-entity-test-send/INFO]: Player proxy sent: {"type":"entity_state","version":1,"source":"minecraft","entity_type":"minecraft:player","entity_id":"2b5d33df-ba0f-4e79-993a-835569712da3","stream_id":"713531ef-e23c-4b5f-a07f-bfff2b852dd0","world_id":"mc-cf4dce40-2be1-372b-b914-917f5dcc644c","dimension":"minecraft:overworld","sequence":2,"lifecycle":{"event":"update"},"metadata":{},"position":{"x":-47.582858151634014,"y":71.0,"z":72.96406756812999,"space":"minecraft"},"rotation":{"yaw":321.150089263916,"pitch":22.199987411499023,"roll":0}}
[08:17:01] [MC7DTD-websocket/INFO]: 7DTD entity received: {"authority":"7dtd","dimension":"7dtd:main","entity_id":"1844a553-9729-44e9-a434-c9a33a617d07","entity_type":"7dtd:player","lifecycle":{"event":"update"},"metadata":{},"origin":{"dimension":"7dtd:main","entity_id":"1844a553-9729-44e9-a434-c9a33a617d07","game":"7dtd","world_id":"td-0d917a4eff776d999148769266591579674d2c42de6557026893a1902834f11f"},"position":{"x":-273.03436279296875,"y":61.07999801635742,"z":446.87322998046875,"space":"minecraft"},"rotation":{"pitch":-5.25,"roll":0,"yaw":109.03790283203125},"sequence":10,"source":"7dtd","stream_id":"d7a4bfe8-e239-44a6-b23b-2ec527b4cf7e","type":"entity_state","version":2,"world_id":"td-0d917a4eff776d999148769266591579674d2c42de6557026893a1902834f11f","components":{"presentation":{"renderer":"humanoid","model":"survivor","scale":1.0,"variant":"default"}}}
[08:17:01] [MC7DTD-websocket/INFO]: [Presentation] entity=1844a553-9729-44e9-a434-c9a33a617d07 renderer=humanoid model=survivor variant=default scale=1.0
[08:17:01] [Render thread/INFO]: 7DTD proxy updated: id=1844a553-9729-44e9-a434-c9a33a617d07 sequence=10 x=-273.03436279296875 y=61.07999801635742 z=446.87322998046875 yaw=109.03790283203125 pitch=-5.25 roll=0.0
[08:17:01] [MC7DTD-entity-test-send/INFO]: Player proxy sent: {"type":"entity_state","version":1,"source":"minecraft","entity_type":"minecraft:player","entity_id":"2b5d33df-ba0f-4e79-993a-835569712da3","stream_id":"713531ef-e23c-4b5f-a07f-bfff2b852dd0","world_id":"mc-cf4dce40-2be1-372b-b914-917f5dcc644c","dimension":"minecraft:overworld","sequence":3,"lifecycle":{"event":"update"},"metadata":{},"position":{"x":-47.582858151634014,"y":71.0,"z":72.96406756812999,"space":"minecraft"},"rotation":{"yaw":309.45008850097656,"pitch":14.99998664855957,"roll":0}}
[08:17:02] [MC7DTD-websocket/INFO]: 7DTD entity received: {"authority":"7dtd","dimension":"7dtd:main","entity_id":"1844a553-9729-44e9-a434-c9a33a617d07","entity_type":"7dtd:player","lifecycle":{"event":"update"},"metadata":{},"origin":{"dimension":"7dtd:main","entity_id":"1844a553-9729-44e9-a434-c9a33a617d07","game":"7dtd","world_id":"td-0d917a4eff776d999148769266591579674d2c42de6557026893a1902834f11f"},"position":{"x":-273.03436279296875,"y":61.07999801635742,"z":446.87322998046875,"space":"minecraft"},"rotation":{"pitch":-5.25,"roll":0,"yaw":109.03790283203125},"sequence":11,"source":"7dtd","stream_id":"d7a4bfe8-e239-44a6-b23b-2ec527b4cf7e","type":"entity_state","version":2,"world_id":"td-0d917a4eff776d999148769266591579674d2c42de6557026893a1902834f11f","components":{"presentation":{"renderer":"humanoid","model":"survivor","scale":1.0,"variant":"default"}}}
[08:17:02] [MC7DTD-websocket/INFO]: [Presentation] entity=1844a553-9729-44e9-a434-c9a33a617d07 renderer=humanoid model=survivor variant=default scale=1.0
[08:17:02] [Render thread/INFO]: 7DTD proxy updated: id=1844a553-9729-44e9-a434-c9a33a617d07 sequence=11 x=-273.03436279296875 y=61.07999801635742 z=446.87322998046875 yaw=109.03790283203125 pitch=-5.25 roll=0.0
[08:17:02] [MC7DTD-entity-test-send/INFO]: Player proxy sent: {"type":"entity_state","version":1,"source":"minecraft","entity_type":"minecraft:player","entity_id":"2b5d33df-ba0f-4e79-993a-835569712da3","stream_id":"713531ef-e23c-4b5f-a07f-bfff2b852dd0","world_id":"mc-cf4dce40-2be1-372b-b914-917f5dcc644c","dimension":"minecraft:overworld","sequence":4,"lifecycle":{"event":"update"},"metadata":{},"position":{"x":-47.582858151634014,"y":71.0,"z":72.96406756812999,"space":"minecraft"},"rotation":{"yaw":312.7500877380371,"pitch":11.999991416931152,"roll":0}}
[08:17:02] [MC7DTD-websocket/INFO]: 7DTD entity received: {"authority":"7dtd","dimension":"7dtd:main","entity_id":"1844a553-9729-44e9-a434-c9a33a617d07","entity_type":"7dtd:player","lifecycle":{"event":"update"},"metadata":{},"origin":{"dimension":"7dtd:main","entity_id":"1844a553-9729-44e9-a434-c9a33a617d07","game":"7dtd","world_id":"td-0d917a4eff776d999148769266591579674d2c42de6557026893a1902834f11f"},"position":{"x":-273.03436279296875,"y":61.07999801635742,"z":446.87322998046875,"space":"minecraft"},"rotation":{"pitch":-5.25,"roll":0,"yaw":109.03790283203125},"sequence":12,"source":"7dtd","stream_id":"d7a4bfe8-e239-44a6-b23b-2ec527b4cf7e","type":"entity_state","version":2,"world_id":"td-0d917a4eff776d999148769266591579674d2c42de6557026893a1902834f11f","components":{"presentation":{"renderer":"humanoid","model":"survivor","scale":1.0,"variant":"default"}}}
[08:17:02] [MC7DTD-websocket/INFO]: [Presentation] entity=1844a553-9729-44e9-a434-c9a33a617d07 renderer=humanoid model=survivor variant=default scale=1.0
[08:17:02] [Render thread/INFO]: 7DTD proxy updated: id=1844a553-9729-44e9-a434-c9a33a617d07 sequence=12 x=-273.03436279296875 y=61.07999801635742 z=446.87322998046875 yaw=109.03790283203125 pitch=-5.25 roll=0.0
[08:17:03] [MC7DTD-entity-test-send/INFO]: Player proxy sent: {"type":"entity_state","version":1,"source":"minecraft","entity_type":"minecraft:player","entity_id":"2b5d33df-ba0f-4e79-993a-835569712da3","stream_id":"713531ef-e23c-4b5f-a07f-bfff2b852dd0","world_id":"mc-cf4dce40-2be1-372b-b914-917f5dcc644c","dimension":"minecraft:overworld","sequence":5,"lifecycle":{"event":"update"},"metadata":{},"position":{"x":-47.582858151634014,"y":71.0,"z":72.96406756812999,"space":"minecraft"},"rotation":{"yaw":312.7500877380371,"pitch":11.999991416931152,"roll":0}}
[08:17:03] [MC7DTD-websocket/INFO]: 7DTD entity received: {"authority":"7dtd","dimension":"7dtd:main","entity_id":"1844a553-9729-44e9-a434-c9a33a617d07","entity_type":"7dtd:player","lifecycle":{"event":"update"},"metadata":{},"origin":{"dimension":"7dtd:main","entity_id":"1844a553-9729-44e9-a434-c9a33a617d07","game":"7dtd","world_id":"td-0d917a4eff776d999148769266591579674d2c42de6557026893a1902834f11f"},"position":{"x":-273.03436279296875,"y":61.07999801635742,"z":446.87322998046875,"space":"minecraft"},"rotation":{"pitch":-5.25,"roll":0,"yaw":109.03790283203125},"sequence":13,"source":"7dtd","stream_id":"d7a4bfe8-e239-44a6-b23b-2ec527b4cf7e","type":"entity_state","version":2,"world_id":"td-0d917a4eff776d999148769266591579674d2c42de6557026893a1902834f11f","components":{"presentation":{"renderer":"humanoid","model":"survivor","scale":1.0,"variant":"default"}}}
[08:17:03] [MC7DTD-websocket/INFO]: [Presentation] entity=1844a553-9729-44e9-a434-c9a33a617d07 renderer=humanoid model=survivor variant=default scale=1.0
[08:17:03] [Render thread/INFO]: 7DTD proxy updated: id=1844a553-9729-44e9-a434-c9a33a617d07 sequence=13 x=-273.03436279296875 y=61.07999801635742 z=446.87322998046875 yaw=109.03790283203125 pitch=-5.25 roll=0.0
[08:17:03] [MC7DTD-entity-test-send/INFO]: Player proxy sent: {"type":"entity_state","version":1,"source":"minecraft","entity_type":"minecraft:player","entity_id":"2b5d33df-ba0f-4e79-993a-835569712da3","stream_id":"713531ef-e23c-4b5f-a07f-bfff2b852dd0","world_id":"mc-cf4dce40-2be1-372b-b914-917f5dcc644c","dimension":"minecraft:overworld","sequence":6,"lifecycle":{"event":"update"},"metadata":{},"position":{"x":-47.582858151634014,"y":71.0,"z":72.96406756812999,"space":"minecraft"},"rotation":{"yaw":312.7500877380371,"pitch":11.999991416931152,"roll":0}}
[08:17:03] [MC7DTD-websocket/INFO]: 7DTD entity received: {"authority":"7dtd","dimension":"7dtd:main","entity_id":"1844a553-9729-44e9-a434-c9a33a617d07","entity_type":"7dtd:player","lifecycle":{"event":"update"},"metadata":{},"origin":{"dimension":"7dtd:main","entity_id":"1844a553-9729-44e9-a434-c9a33a617d07","game":"7dtd","world_id":"td-0d917a4eff776d999148769266591579674d2c42de6557026893a1902834f11f"},"position":{"x":-273.03436279296875,"y":61.07999801635742,"z":446.87322998046875,"space":"minecraft"},"rotation":{"pitch":-5.25,"roll":0,"yaw":109.03790283203125},"sequence":14,"source":"7dtd","stream_id":"d7a4bfe8-e239-44a6-b23b-2ec527b4cf7e","type":"entity_state","version":2,"world_id":"td-0d917a4eff776d999148769266591579674d2c42de6557026893a1902834f11f","components":{"presentation":{"renderer":"humanoid","model":"survivor","scale":1.0,"variant":"default"}}}
[08:17:03] [MC7DTD-websocket/INFO]: [Presentation] entity=1844a553-9729-44e9-a434-c9a33a617d07 renderer=humanoid model=survivor variant=default scale=1.0
[08:17:03] [Render thread/INFO]: 7DTD proxy updated: id=1844a553-9729-44e9-a434-c9a33a617d07 sequence=14 x=-273.03436279296875 y=61.07999801635742 z=446.87322998046875 yaw=109.03790283203125 pitch=-5.25 roll=0.0
[08:17:04] [MC7DTD-entity-test-send/INFO]: Player proxy sent: {"type":"entity_state","version":1,"source":"minecraft","entity_type":"minecraft:player","entity_id":"2b5d33df-ba0f-4e79-993a-835569712da3","stream_id":"713531ef-e23c-4b5f-a07f-bfff2b852dd0","world_id":"mc-cf4dce40-2be1-372b-b914-917f5dcc644c","dimension":"minecraft:overworld","sequence":7,"lifecycle":{"event":"update"},"metadata":{},"position":{"x":-47.582858151634014,"y":71.0,"z":72.96406756812999,"space":"minecraft"},"rotation":{"yaw":312.7500877380371,"pitch":11.999991416931152,"roll":0}}
[08:17:04] [MC7DTD-websocket/INFO]: 7DTD entity received: {"authority":"7dtd","dimension":"7dtd:main","entity_id":"1844a553-9729-44e9-a434-c9a33a617d07","entity_type":"7dtd:player","lifecycle":{"event":"update"},"metadata":{},"origin":{"dimension":"7dtd:main","entity_id":"1844a553-9729-44e9-a434-c9a33a617d07","game":"7dtd","world_id":"td-0d917a4eff776d999148769266591579674d2c42de6557026893a1902834f11f"},"position":{"x":-273.03436279296875,"y":61.07999801635742,"z":446.87322998046875,"space":"minecraft"},"rotation":{"pitch":-5.25,"roll":0,"yaw":109.03790283203125},"sequence":15,"source":"7dtd","stream_id":"d7a4bfe8-e239-44a6-b23b-2ec527b4cf7e","type":"entity_state","version":2,"world_id":"td-0d917a4eff776d999148769266591579674d2c42de6557026893a1902834f11f","components":{"presentation":{"renderer":"humanoid","model":"survivor","scale":1.0,"variant":"default"}}}
[08:17:04] [MC7DTD-websocket/INFO]: [Presentation] entity=1844a553-9729-44e9-a434-c9a33a617d07 renderer=humanoid model=survivor variant=default scale=1.0
[08:17:04] [Render thread/INFO]: 7DTD proxy updated: id=1844a553-9729-44e9-a434-c9a33a617d07 sequence=15 x=-273.03436279296875 y=61.07999801635742 z=446.87322998046875 yaw=109.03790283203125 pitch=-5.25 roll=0.0
[08:17:04] [MC7DTD-websocket/INFO]: 7DTD entity received: {"authority":"7dtd","dimension":"7dtd:main","entity_id":"1844a553-9729-44e9-a434-c9a33a617d07","entity_type":"7dtd:player","lifecycle":{"event":"update"},"metadata":{},"origin":{"dimension":"7dtd:main","entity_id":"1844a553-9729-44e9-a434-c9a33a617d07","game":"7dtd","world_id":"td-0d917a4eff776d999148769266591579674d2c42de6557026893a1902834f11f"},"position":{"x":-273.03436279296875,"y":61.07999801635742,"z":446.87322998046875,"space":"minecraft"},"rotation":{"pitch":-5.25,"roll":0,"yaw":109.03790283203125},"sequence":16,"source":"7dtd","stream_id":"d7a4bfe8-e239-44a6-b23b-2ec527b4cf7e","type":"entity_state","version":2,"world_id":"td-0d917a4eff776d999148769266591579674d2c42de6557026893a1902834f11f","components":{"presentation":{"renderer":"humanoid","model":"survivor","scale":1.0,"variant":"default"}}}
[08:17:04] [MC7DTD-websocket/INFO]: [Presentation] entity=1844a553-9729-44e9-a434-c9a33a617d07 renderer=humanoid model=survivor variant=default scale=1.0
[08:17:04] [Render thread/INFO]: 7DTD proxy updated: id=1844a553-9729-44e9-a434-c9a33a617d07 sequence=16 x=-273.03436279296875 y=61.07999801635742 z=446.87322998046875 yaw=109.03790283203125 pitch=-5.25 roll=0.0
[08:17:04] [MC7DTD-entity-test-send/INFO]: Player proxy sent: {"type":"entity_state","version":1,"source":"minecraft","entity_type":"minecraft:player","entity_id":"2b5d33df-ba0f-4e79-993a-835569712da3","stream_id":"713531ef-e23c-4b5f-a07f-bfff2b852dd0","world_id":"mc-cf4dce40-2be1-372b-b914-917f5dcc644c","dimension":"minecraft:overworld","sequence":8,"lifecycle":{"event":"update"},"metadata":{},"position":{"x":-47.582858151634014,"y":71.0,"z":72.96406756812999,"space":"minecraft"},"rotation":{"yaw":312.7500877380371,"pitch":11.999991416931152,"roll":0}}
[08:17:05] [MC7DTD-websocket/INFO]: 7DTD entity received: {"authority":"7dtd","dimension":"7dtd:main","entity_id":"1844a553-9729-44e9-a434-c9a33a617d07","entity_type":"7dtd:player","lifecycle":{"event":"update"},"metadata":{},"origin":{"dimension":"7dtd:main","entity_id":"1844a553-9729-44e9-a434-c9a33a617d07","game":"7dtd","world_id":"td-0d917a4eff776d999148769266591579674d2c42de6557026893a1902834f11f"},"position":{"x":-273.03436279296875,"y":61.07999801635742,"z":446.87322998046875,"space":"minecraft"},"rotation":{"pitch":-5.25,"roll":0,"yaw":109.03790283203125},"sequence":17,"source":"7dtd","stream_id":"d7a4bfe8-e239-44a6-b23b-2ec527b4cf7e","type":"entity_state","version":2,"world_id":"td-0d917a4eff776d999148769266591579674d2c42de6557026893a1902834f11f","components":{"presentation":{"renderer":"humanoid","model":"survivor","scale":1.0,"variant":"default"}}}
[08:17:05] [MC7DTD-websocket/INFO]: [Presentation] entity=1844a553-9729-44e9-a434-c9a33a617d07 renderer=humanoid model=survivor variant=default scale=1.0
[08:17:05] [Render thread/INFO]: 7DTD proxy updated: id=1844a553-9729-44e9-a434-c9a33a617d07 sequence=17 x=-273.03436279296875 y=61.07999801635742 z=446.87322998046875 yaw=109.03790283203125 pitch=-5.25 roll=0.0
[08:17:05] [MC7DTD-entity-test-send/INFO]: Player proxy sent: {"type":"entity_state","version":1,"source":"minecraft","entity_type":"minecraft:player","entity_id":"2b5d33df-ba0f-4e79-993a-835569712da3","stream_id":"713531ef-e23c-4b5f-a07f-bfff2b852dd0","world_id":"mc-cf4dce40-2be1-372b-b914-917f5dcc644c","dimension":"minecraft:overworld","sequence":9,"lifecycle":{"event":"update"},"metadata":{},"position":{"x":-47.582858151634014,"y":71.0,"z":72.96406756812999,"space":"minecraft"},"rotation":{"yaw":312.7500877380371,"pitch":11.999991416931152,"roll":0}}
[08:17:05] [MC7DTD-websocket/INFO]: 7DTD entity received: {"authority":"7dtd","dimension":"7dtd:main","entity_id":"1844a553-9729-44e9-a434-c9a33a617d07","entity_type":"7dtd:player","lifecycle":{"event":"update"},"metadata":{},"origin":{"dimension":"7dtd:main","entity_id":"1844a553-9729-44e9-a434-c9a33a617d07","game":"7dtd","world_id":"td-0d917a4eff776d999148769266591579674d2c42de6557026893a1902834f11f"},"position":{"x":-273.03436279296875,"y":61.07999801635742,"z":446.87322998046875,"space":"minecraft"},"rotation":{"pitch":-5.25,"roll":0,"yaw":109.03790283203125},"sequence":18,"source":"7dtd","stream_id":"d7a4bfe8-e239-44a6-b23b-2ec527b4cf7e","type":"entity_state","version":2,"world_id":"td-0d917a4eff776d999148769266591579674d2c42de6557026893a1902834f11f","components":{"presentation":{"renderer":"humanoid","model":"survivor","scale":1.0,"variant":"default"}}}
[08:17:05] [MC7DTD-websocket/INFO]: [Presentation] entity=1844a553-9729-44e9-a434-c9a33a617d07 renderer=humanoid model=survivor variant=default scale=1.0
[08:17:05] [Render thread/INFO]: 7DTD proxy updated: id=1844a553-9729-44e9-a434-c9a33a617d07 sequence=18 x=-273.03436279296875 y=61.07999801635742 z=446.87322998046875 yaw=109.03790283203125 pitch=-5.25 roll=0.0
[08:17:05] [MC7DTD-entity-test-send/INFO]: Player proxy sent: {"type":"entity_state","version":1,"source":"minecraft","entity_type":"minecraft:player","entity_id":"2b5d33df-ba0f-4e79-993a-835569712da3","stream_id":"713531ef-e23c-4b5f-a07f-bfff2b852dd0","world_id":"mc-cf4dce40-2be1-372b-b914-917f5dcc644c","dimension":"minecraft:overworld","sequence":10,"lifecycle":{"event":"update"},"metadata":{},"position":{"x":-47.582858151634014,"y":71.0,"z":72.96406756812999,"space":"minecraft"},"rotation":{"yaw":312.7500877380371,"pitch":11.999991416931152,"roll":0}}
[08:17:06] [MC7DTD-websocket/INFO]: 7DTD entity received: {"authority":"7dtd","dimension":"7dtd:main","entity_id":"1844a553-9729-44e9-a434-c9a33a617d07","entity_type":"7dtd:player","lifecycle":{"event":"update"},"metadata":{},"origin":{"dimension":"7dtd:main","entity_id":"1844a553-9729-44e9-a434-c9a33a617d07","game":"7dtd","world_id":"td-0d917a4eff776d999148769266591579674d2c42de6557026893a1902834f11f"},"position":{"x":-273.03436279296875,"y":61.07999801635742,"z":446.87322998046875,"space":"minecraft"},"rotation":{"pitch":-5.25,"roll":0,"yaw":109.03790283203125},"sequence":19,"source":"7dtd","stream_id":"d7a4bfe8-e239-44a6-b23b-2ec527b4cf7e","type":"entity_state","version":2,"world_id":"td-0d917a4eff776d999148769266591579674d2c42de6557026893a1902834f11f","components":{"presentation":{"renderer":"humanoid","model":"survivor","scale":1.0,"variant":"default"}}}
[08:17:06] [MC7DTD-websocket/INFO]: [Presentation] entity=1844a553-9729-44e9-a434-c9a33a617d07 renderer=humanoid model=survivor variant=default scale=1.0
[08:17:06] [Render thread/INFO]: 7DTD proxy updated: id=1844a553-9729-44e9-a434-c9a33a617d07 sequence=19 x=-273.03436279296875 y=61.07999801635742 z=446.87322998046875 yaw=109.03790283203125 pitch=-5.25 roll=0.0
[08:17:06] [MC7DTD-entity-test-send/INFO]: Player proxy sent: {"type":"entity_state","version":1,"source":"minecraft","entity_type":"minecraft:player","entity_id":"2b5d33df-ba0f-4e79-993a-835569712da3","stream_id":"713531ef-e23c-4b5f-a07f-bfff2b852dd0","world_id":"mc-cf4dce40-2be1-372b-b914-917f5dcc644c","dimension":"minecraft:overworld","sequence":11,"lifecycle":{"event":"update"},"metadata":{},"position":{"x":-47.582858151634014,"y":71.0,"z":72.96406756812999,"space":"minecraft"},"rotation":{"yaw":315.0000877380371,"pitch":11.699992179870605,"roll":0}}
[08:17:06] [MC7DTD-websocket/INFO]: 7DTD entity received: {"authority":"7dtd","dimension":"7dtd:main","entity_id":"1844a553-9729-44e9-a434-c9a33a617d07","entity_type":"7dtd:player","lifecycle":{"event":"update"},"metadata":{},"origin":{"dimension":"7dtd:main","entity_id":"1844a553-9729-44e9-a434-c9a33a617d07","game":"7dtd","world_id":"td-0d917a4eff776d999148769266591579674d2c42de6557026893a1902834f11f"},"position":{"x":-273.03436279296875,"y":61.07999801635742,"z":446.87322998046875,"space":"minecraft"},"rotation":{"pitch":-5.25,"roll":0,"yaw":109.03790283203125},"sequence":20,"source":"7dtd","stream_id":"d7a4bfe8-e239-44a6-b23b-2ec527b4cf7e","type":"entity_state","version":2,"world_id":"td-0d917a4eff776d999148769266591579674d2c42de6557026893a1902834f11f","components":{"presentation":{"renderer":"humanoid","model":"survivor","scale":1.0,"variant":"default"}}}
[08:17:06] [MC7DTD-websocket/INFO]: [Presentation] entity=1844a553-9729-44e9-a434-c9a33a617d07 renderer=humanoid model=survivor variant=default scale=1.0
[08:17:06] [Render thread/INFO]: 7DTD proxy updated: id=1844a553-9729-44e9-a434-c9a33a617d07 sequence=20 x=-273.03436279296875 y=61.07999801635742 z=446.87322998046875 yaw=109.03790283203125 pitch=-5.25 roll=0.0
[08:17:06] [MC7DTD-entity-test-send/INFO]: Player proxy sent: {"type":"entity_state","version":1,"source":"minecraft","entity_type":"minecraft:player","entity_id":"2b5d33df-ba0f-4e79-993a-835569712da3","stream_id":"713531ef-e23c-4b5f-a07f-bfff2b852dd0","world_id":"mc-cf4dce40-2be1-372b-b914-917f5dcc644c","dimension":"minecraft:overworld","sequence":12,"lifecycle":{"event":"update"},"metadata":{},"position":{"x":-47.582858151634014,"y":71.0,"z":72.96406756812999,"space":"minecraft"},"rotation":{"yaw":318.900089263916,"pitch":11.849991798400879,"roll":0}}
[08:17:07] [MC7DTD-websocket/INFO]: 7DTD entity received: {"authority":"7dtd","dimension":"7dtd:main","entity_id":"1844a553-9729-44e9-a434-c9a33a617d07","entity_type":"7dtd:player","lifecycle":{"event":"update"},"metadata":{},"origin":{"dimension":"7dtd:main","entity_id":"1844a553-9729-44e9-a434-c9a33a617d07","game":"7dtd","world_id":"td-0d917a4eff776d999148769266591579674d2c42de6557026893a1902834f11f"},"position":{"x":-273.03436279296875,"y":61.07999801635742,"z":446.87322998046875,"space":"minecraft"},"rotation":{"pitch":-5.25,"roll":0,"yaw":109.03790283203125},"sequence":21,"source":"7dtd","stream_id":"d7a4bfe8-e239-44a6-b23b-2ec527b4cf7e","type":"entity_state","version":2,"world_id":"td-0d917a4eff776d999148769266591579674d2c42de6557026893a1902834f11f","components":{"presentation":{"renderer":"humanoid","model":"survivor","scale":1.0,"variant":"default"}}}
[08:17:07] [MC7DTD-websocket/INFO]: [Presentation] entity=1844a553-9729-44e9-a434-c9a33a617d07 renderer=humanoid model=survivor variant=default scale=1.0
[08:17:07] [Render thread/INFO]: 7DTD proxy updated: id=1844a553-9729-44e9-a434-c9a33a617d07 sequence=21 x=-273.03436279296875 y=61.07999801635742 z=446.87322998046875 yaw=109.03790283203125 pitch=-5.25 roll=0.0
[08:17:07] [MC7DTD-entity-test-send/INFO]: Player proxy sent: {"type":"entity_state","version":1,"source":"minecraft","entity_type":"minecraft:player","entity_id":"2b5d33df-ba0f-4e79-993a-835569712da3","stream_id":"713531ef-e23c-4b5f-a07f-bfff2b852dd0","world_id":"mc-cf4dce40-2be1-372b-b914-917f5dcc644c","dimension":"minecraft:overworld","sequence":13,"lifecycle":{"event":"update"},"metadata":{},"position":{"x":-47.582858151634014,"y":71.0,"z":72.96406756812999,"space":"minecraft"},"rotation":{"yaw":317.40007400512695,"pitch":11.249993324279785,"roll":0}}
[08:17:07] [MC7DTD-websocket/INFO]: 7DTD entity received: {"authority":"7dtd","dimension":"7dtd:main","entity_id":"1844a553-9729-44e9-a434-c9a33a617d07","entity_type":"7dtd:player","lifecycle":{"event":"update"},"metadata":{},"origin":{"dimension":"7dtd:main","entity_id":"1844a553-9729-44e9-a434-c9a33a617d07","game":"7dtd","world_id":"td-0d917a4eff776d999148769266591579674d2c42de6557026893a1902834f11f"},"position":{"x":-273.03436279296875,"y":61.07999801635742,"z":446.87322998046875,"space":"minecraft"},"rotation":{"pitch":-5.25,"roll":0,"yaw":109.03790283203125},"sequence":22,"source":"7dtd","stream_id":"d7a4bfe8-e239-44a6-b23b-2ec527b4cf7e","type":"entity_state","version":2,"world_id":"td-0d917a4eff776d999148769266591579674d2c42de6557026893a1902834f11f","components":{"presentation":{"renderer":"humanoid","model":"survivor","scale":1.0,"variant":"default"}}}
[08:17:07] [MC7DTD-websocket/INFO]: [Presentation] entity=1844a553-9729-44e9-a434-c9a33a617d07 renderer=humanoid model=survivor variant=default scale=1.0
[08:17:07] [Render thread/INFO]: 7DTD proxy updated: id=1844a553-9729-44e9-a434-c9a33a617d07 sequence=22 x=-273.03436279296875 y=61.07999801635742 z=446.87322998046875 yaw=109.03790283203125 pitch=-5.25 roll=0.0
[08:17:07] [MC7DTD-entity-test-send/INFO]: Player proxy sent: {"type":"entity_state","version":1,"source":"minecraft","entity_type":"minecraft:player","entity_id":"2b5d33df-ba0f-4e79-993a-835569712da3","stream_id":"713531ef-e23c-4b5f-a07f-bfff2b852dd0","world_id":"mc-cf4dce40-2be1-372b-b914-917f5dcc644c","dimension":"minecraft:overworld","sequence":14,"lifecycle":{"event":"update"},"metadata":{},"position":{"x":-47.582858151634014,"y":71.0,"z":72.96406756812999,"space":"minecraft"},"rotation":{"yaw":317.40007400512695,"pitch":11.249993324279785,"roll":0}}
[08:17:08] [MC7DTD-websocket/INFO]: 7DTD entity received: {"authority":"7dtd","dimension":"7dtd:main","entity_id":"1844a553-9729-44e9-a434-c9a33a617d07","entity_type":"7dtd:player","lifecycle":{"event":"update"},"metadata":{},"origin":{"dimension":"7dtd:main","entity_id":"1844a553-9729-44e9-a434-c9a33a617d07","game":"7dtd","world_id":"td-0d917a4eff776d999148769266591579674d2c42de6557026893a1902834f11f"},"position":{"x":-273.03436279296875,"y":61.07999801635742,"z":446.87322998046875,"space":"minecraft"},"rotation":{"pitch":-5.25,"roll":0,"yaw":109.03790283203125},"sequence":23,"source":"7dtd","stream_id":"d7a4bfe8-e239-44a6-b23b-2ec527b4cf7e","type":"entity_state","version":2,"world_id":"td-0d917a4eff776d999148769266591579674d2c42de6557026893a1902834f11f","components":{"presentation":{"renderer":"humanoid","model":"survivor","scale":1.0,"variant":"default"}}}
[08:17:08] [MC7DTD-websocket/INFO]: [Presentation] entity=1844a553-9729-44e9-a434-c9a33a617d07 renderer=humanoid model=survivor variant=default scale=1.0
[08:17:08] [Render thread/INFO]: 7DTD proxy updated: id=1844a553-9729-44e9-a434-c9a33a617d07 sequence=23 x=-273.03436279296875 y=61.07999801635742 z=446.87322998046875 yaw=109.03790283203125 pitch=-5.25 roll=0.0
[08:17:08] [MC7DTD-entity-test-send/INFO]: Player proxy sent: {"type":"entity_state","version":1,"source":"minecraft","entity_type":"minecraft:player","entity_id":"2b5d33df-ba0f-4e79-993a-835569712da3","stream_id":"713531ef-e23c-4b5f-a07f-bfff2b852dd0","world_id":"mc-cf4dce40-2be1-372b-b914-917f5dcc644c","dimension":"minecraft:overworld","sequence":15,"lifecycle":{"event":"update"},"metadata":{},"position":{"x":-47.582858151634014,"y":71.0,"z":72.96406756812999,"space":"minecraft"},"rotation":{"yaw":317.40007400512695,"pitch":11.249993324279785,"roll":0}}
[08:17:08] [MC7DTD-websocket/INFO]: 7DTD entity received: {"authority":"7dtd","dimension":"7dtd:main","entity_id":"1844a553-9729-44e9-a434-c9a33a617d07","entity_type":"7dtd:player","lifecycle":{"event":"update"},"metadata":{},"origin":{"dimension":"7dtd:main","entity_id":"1844a553-9729-44e9-a434-c9a33a617d07","game":"7dtd","world_id":"td-0d917a4eff776d999148769266591579674d2c42de6557026893a1902834f11f"},"position":{"x":-273.03436279296875,"y":61.07999801635742,"z":446.87322998046875,"space":"minecraft"},"rotation":{"pitch":-5.25,"roll":0,"yaw":109.03790283203125},"sequence":24,"source":"7dtd","stream_id":"d7a4bfe8-e239-44a6-b23b-2ec527b4cf7e","type":"entity_state","version":2,"world_id":"td-0d917a4eff776d999148769266591579674d2c42de6557026893a1902834f11f","components":{"presentation":{"renderer":"humanoid","model":"survivor","scale":1.0,"variant":"default"}}}
[08:17:08] [MC7DTD-websocket/INFO]: [Presentation] entity=1844a553-9729-44e9-a434-c9a33a617d07 renderer=humanoid model=survivor variant=default scale=1.0
[08:17:08] [Render thread/INFO]: 7DTD proxy updated: id=1844a553-9729-44e9-a434-c9a33a617d07 sequence=24 x=-273.03436279296875 y=61.07999801635742 z=446.87322998046875 yaw=109.03790283203125 pitch=-5.25 roll=0.0
[08:17:08] [MC7DTD-entity-test-send/INFO]: Player proxy sent: {"type":"entity_state","version":1,"source":"minecraft","entity_type":"minecraft:player","entity_id":"2b5d33df-ba0f-4e79-993a-835569712da3","stream_id":"713531ef-e23c-4b5f-a07f-bfff2b852dd0","world_id":"mc-cf4dce40-2be1-372b-b914-917f5dcc644c","dimension":"minecraft:overworld","sequence":16,"lifecycle":{"event":"update"},"metadata":{},"position":{"x":-47.582858151634014,"y":71.0,"z":72.96406756812999,"space":"minecraft"},"rotation":{"yaw":317.40007400512695,"pitch":11.249993324279785,"roll":0}}
[08:17:09] [MC7DTD-websocket/INFO]: 7DTD entity received: {"authority":"7dtd","dimension":"7dtd:main","entity_id":"1844a553-9729-44e9-a434-c9a33a617d07","entity_type":"7dtd:player","lifecycle":{"event":"update"},"metadata":{},"origin":{"dimension":"7dtd:main","entity_id":"1844a553-9729-44e9-a434-c9a33a617d07","game":"7dtd","world_id":"td-0d917a4eff776d999148769266591579674d2c42de6557026893a1902834f11f"},"position":{"x":-273.03436279296875,"y":61.07999801635742,"z":446.87322998046875,"space":"minecraft"},"rotation":{"pitch":-5.25,"roll":0,"yaw":109.03790283203125},"sequence":25,"source":"7dtd","stream_id":"d7a4bfe8-e239-44a6-b23b-2ec527b4cf7e","type":"entity_state","version":2,"world_id":"td-0d917a4eff776d999148769266591579674d2c42de6557026893a1902834f11f","components":{"presentation":{"renderer":"humanoid","model":"survivor","scale":1.0,"variant":"default"}}}
[08:17:09] [MC7DTD-websocket/INFO]: [Presentation] entity=1844a553-9729-44e9-a434-c9a33a617d07 renderer=humanoid model=survivor variant=default scale=1.0
[08:17:09] [Render thread/INFO]: 7DTD proxy updated: id=1844a553-9729-44e9-a434-c9a33a617d07 sequence=25 x=-273.03436279296875 y=61.07999801635742 z=446.87322998046875 yaw=109.03790283203125 pitch=-5.25 roll=0.0
[08:17:09] [MC7DTD-entity-test-send/INFO]: Player proxy sent: {"type":"entity_state","version":1,"source":"minecraft","entity_type":"minecraft:player","entity_id":"2b5d33df-ba0f-4e79-993a-835569712da3","stream_id":"713531ef-e23c-4b5f-a07f-bfff2b852dd0","world_id":"mc-cf4dce40-2be1-372b-b914-917f5dcc644c","dimension":"minecraft:overworld","sequence":17,"lifecycle":{"event":"update"},"metadata":{},"position":{"x":-47.582858151634014,"y":71.0,"z":72.96406756812999,"space":"minecraft"},"rotation":{"yaw":317.40007400512695,"pitch":11.249993324279785,"roll":0}}
[08:17:09] [MC7DTD-websocket/INFO]: 7DTD entity received: {"authority":"7dtd","dimension":"7dtd:main","entity_id":"1844a553-9729-44e9-a434-c9a33a617d07","entity_type":"7dtd:player","lifecycle":{"event":"update"},"metadata":{},"origin":{"dimension":"7dtd:main","entity_id":"1844a553-9729-44e9-a434-c9a33a617d07","game":"7dtd","world_id":"td-0d917a4eff776d999148769266591579674d2c42de6557026893a1902834f11f"},"position":{"x":-273.03436279296875,"y":61.07999801635742,"z":446.87322998046875,"space":"minecraft"},"rotation":{"pitch":-5.25,"roll":0,"yaw":109.03790283203125},"sequence":26,"source":"7dtd","stream_id":"d7a4bfe8-e239-44a6-b23b-2ec527b4cf7e","type":"entity_state","version":2,"world_id":"td-0d917a4eff776d999148769266591579674d2c42de6557026893a1902834f11f","components":{"presentation":{"renderer":"humanoid","model":"survivor","scale":1.0,"variant":"default"}}}
[08:17:09] [MC7DTD-websocket/INFO]: [Presentation] entity=1844a553-9729-44e9-a434-c9a33a617d07 renderer=humanoid model=survivor variant=default scale=1.0
[08:17:09] [Render thread/INFO]: 7DTD proxy updated: id=1844a553-9729-44e9-a434-c9a33a617d07 sequence=26 x=-273.03436279296875 y=61.07999801635742 z=446.87322998046875 yaw=109.03790283203125 pitch=-5.25 roll=0.0
[08:17:10] [MC7DTD-entity-test-send/INFO]: Player proxy sent: {"type":"entity_state","version":1,"source":"minecraft","entity_type":"minecraft:player","entity_id":"2b5d33df-ba0f-4e79-993a-835569712da3","stream_id":"713531ef-e23c-4b5f-a07f-bfff2b852dd0","world_id":"mc-cf4dce40-2be1-372b-b914-917f5dcc644c","dimension":"minecraft:overworld","sequence":18,"lifecycle":{"event":"update"},"metadata":{},"position":{"x":-47.582858151634014,"y":71.0,"z":72.96406756812999,"space":"minecraft"},"rotation":{"yaw":317.40007400512695,"pitch":11.249993324279785,"roll":0}}
[08:17:10] [MC7DTD-websocket/INFO]: 7DTD entity received: {"authority":"7dtd","dimension":"7dtd:main","entity_id":"1844a553-9729-44e9-a434-c9a33a617d07","entity_type":"7dtd:player","lifecycle":{"event":"update"},"metadata":{},"origin":{"dimension":"7dtd:main","entity_id":"1844a553-9729-44e9-a434-c9a33a617d07","game":"7dtd","world_id":"td-0d917a4eff776d999148769266591579674d2c42de6557026893a1902834f11f"},"position":{"x":-273.03436279296875,"y":61.07999801635742,"z":446.87322998046875,"space":"minecraft"},"rotation":{"pitch":-5.25,"roll":0,"yaw":109.03790283203125},"sequence":27,"source":"7dtd","stream_id":"d7a4bfe8-e239-44a6-b23b-2ec527b4cf7e","type":"entity_state","version":2,"world_id":"td-0d917a4eff776d999148769266591579674d2c42de6557026893a1902834f11f","components":{"presentation":{"renderer":"humanoid","model":"survivor","scale":1.0,"variant":"default"}}}
[08:17:10] [MC7DTD-websocket/INFO]: [Presentation] entity=1844a553-9729-44e9-a434-c9a33a617d07 renderer=humanoid model=survivor variant=default scale=1.0
[08:17:10] [Render thread/INFO]: 7DTD proxy updated: id=1844a553-9729-44e9-a434-c9a33a617d07 sequence=27 x=-273.03436279296875 y=61.07999801635742 z=446.87322998046875 yaw=109.03790283203125 pitch=-5.25 roll=0.0
[08:17:10] [MC7DTD-entity-test-send/INFO]: Player proxy sent: {"type":"entity_state","version":1,"source":"minecraft","entity_type":"minecraft:player","entity_id":"2b5d33df-ba0f-4e79-993a-835569712da3","stream_id":"713531ef-e23c-4b5f-a07f-bfff2b852dd0","world_id":"mc-cf4dce40-2be1-372b-b914-917f5dcc644c","dimension":"minecraft:overworld","sequence":19,"lifecycle":{"event":"update"},"metadata":{},"position":{"x":-47.582858151634014,"y":71.0,"z":72.96406756812999,"space":"minecraft"},"rotation":{"yaw":317.40007400512695,"pitch":11.249993324279785,"roll":0}}
[08:17:10] [MC7DTD-websocket/INFO]: 7DTD entity received: {"authority":"7dtd","dimension":"7dtd:main","entity_id":"1844a553-9729-44e9-a434-c9a33a617d07","entity_type":"7dtd:player","lifecycle":{"event":"update"},"metadata":{},"origin":{"dimension":"7dtd:main","entity_id":"1844a553-9729-44e9-a434-c9a33a617d07","game":"7dtd","world_id":"td-0d917a4eff776d999148769266591579674d2c42de6557026893a1902834f11f"},"position":{"x":-273.03436279296875,"y":61.07999801635742,"z":446.87322998046875,"space":"minecraft"},"rotation":{"pitch":-5.25,"roll":0,"yaw":109.03790283203125},"sequence":28,"source":"7dtd","stream_id":"d7a4bfe8-e239-44a6-b23b-2ec527b4cf7e","type":"entity_state","version":2,"world_id":"td-0d917a4eff776d999148769266591579674d2c42de6557026893a1902834f11f","components":{"presentation":{"renderer":"humanoid","model":"survivor","scale":1.0,"variant":"default"}}}
[08:17:10] [MC7DTD-websocket/INFO]: [Presentation] entity=1844a553-9729-44e9-a434-c9a33a617d07 renderer=humanoid model=survivor variant=default scale=1.0
[08:17:10] [Render thread/INFO]: 7DTD proxy updated: id=1844a553-9729-44e9-a434-c9a33a617d07 sequence=28 x=-273.03436279296875 y=61.07999801635742 z=446.87322998046875 yaw=109.03790283203125 pitch=-5.25 roll=0.0
[08:17:11] [MC7DTD-entity-test-send/INFO]: Player proxy sent: {"type":"entity_state","version":1,"source":"minecraft","entity_type":"minecraft:player","entity_id":"2b5d33df-ba0f-4e79-993a-835569712da3","stream_id":"713531ef-e23c-4b5f-a07f-bfff2b852dd0","world_id":"mc-cf4dce40-2be1-372b-b914-917f5dcc644c","dimension":"minecraft:overworld","sequence":20,"lifecycle":{"event":"update"},"metadata":{},"position":{"x":-47.582858151634014,"y":71.0,"z":72.96406756812999,"space":"minecraft"},"rotation":{"yaw":317.40007400512695,"pitch":11.249993324279785,"roll":0}}
[08:17:11] [MC7DTD-websocket/INFO]: 7DTD entity received: {"authority":"7dtd","dimension":"7dtd:main","entity_id":"1844a553-9729-44e9-a434-c9a33a617d07","entity_type":"7dtd:player","lifecycle":{"event":"update"},"metadata":{},"origin":{"dimension":"7dtd:main","entity_id":"1844a553-9729-44e9-a434-c9a33a617d07","game":"7dtd","world_id":"td-0d917a4eff776d999148769266591579674d2c42de6557026893a1902834f11f"},"position":{"x":-273.03436279296875,"y":61.07999801635742,"z":446.87322998046875,"space":"minecraft"},"rotation":{"pitch":-5.25,"roll":0,"yaw":109.03790283203125},"sequence":29,"source":"7dtd","stream_id":"d7a4bfe8-e239-44a6-b23b-2ec527b4cf7e","type":"entity_state","version":2,"world_id":"td-0d917a4eff776d999148769266591579674d2c42de6557026893a1902834f11f","components":{"presentation":{"renderer":"humanoid","model":"survivor","scale":1.0,"variant":"default"}}}
[08:17:11] [MC7DTD-websocket/INFO]: [Presentation] entity=1844a553-9729-44e9-a434-c9a33a617d07 renderer=humanoid model=survivor variant=default scale=1.0
[08:17:11] [Render thread/INFO]: 7DTD proxy updated: id=1844a553-9729-44e9-a434-c9a33a617d07 sequence=29 x=-273.03436279296875 y=61.07999801635742 z=446.87322998046875 yaw=109.03790283203125 pitch=-5.25 roll=0.0
[08:17:11] [MC7DTD-entity-test-send/INFO]: Player proxy sent: {"type":"entity_state","version":1,"source":"minecraft","entity_type":"minecraft:player","entity_id":"2b5d33df-ba0f-4e79-993a-835569712da3","stream_id":"713531ef-e23c-4b5f-a07f-bfff2b852dd0","world_id":"mc-cf4dce40-2be1-372b-b914-917f5dcc644c","dimension":"minecraft:overworld","sequence":21,"lifecycle":{"event":"update"},"metadata":{},"position":{"x":-47.582858151634014,"y":71.0,"z":72.96406756812999,"space":"minecraft"},"rotation":{"yaw":317.40007400512695,"pitch":11.249993324279785,"roll":0}}
[08:17:11] [MC7DTD-websocket/INFO]: 7DTD entity received: {"authority":"7dtd","dimension":"7dtd:main","entity_id":"1844a553-9729-44e9-a434-c9a33a617d07","entity_type":"7dtd:player","lifecycle":{"event":"update"},"metadata":{},"origin":{"dimension":"7dtd:main","entity_id":"1844a553-9729-44e9-a434-c9a33a617d07","game":"7dtd","world_id":"td-0d917a4eff776d999148769266591579674d2c42de6557026893a1902834f11f"},"position":{"x":-273.03436279296875,"y":61.07999801635742,"z":446.87322998046875,"space":"minecraft"},"rotation":{"pitch":-5.25,"roll":0,"yaw":109.03790283203125},"sequence":30,"source":"7dtd","stream_id":"d7a4bfe8-e239-44a6-b23b-2ec527b4cf7e","type":"entity_state","version":2,"world_id":"td-0d917a4eff776d999148769266591579674d2c42de6557026893a1902834f11f","components":{"presentation":{"renderer":"humanoid","model":"survivor","scale":1.0,"variant":"default"}}}
[08:17:11] [MC7DTD-websocket/INFO]: [Presentation] entity=1844a553-9729-44e9-a434-c9a33a617d07 renderer=humanoid model=survivor variant=default scale=1.0
[08:17:11] [Render thread/INFO]: 7DTD proxy updated: id=1844a553-9729-44e9-a434-c9a33a617d07 sequence=30 x=-273.03436279296875 y=61.07999801635742 z=446.87322998046875 yaw=109.03790283203125 pitch=-5.25 roll=0.0
[08:17:12] [MC7DTD-entity-test-send/INFO]: Player proxy sent: {"type":"entity_state","version":1,"source":"minecraft","entity_type":"minecraft:player","entity_id":"2b5d33df-ba0f-4e79-993a-835569712da3","stream_id":"713531ef-e23c-4b5f-a07f-bfff2b852dd0","world_id":"mc-cf4dce40-2be1-372b-b914-917f5dcc644c","dimension":"minecraft:overworld","sequence":22,"lifecycle":{"event":"update"},"metadata":{},"position":{"x":-47.582858151634014,"y":71.0,"z":72.96406756812999,"space":"minecraft"},"rotation":{"yaw":317.40007400512695,"pitch":11.249993324279785,"roll":0}}
[08:17:12] [MC7DTD-websocket/INFO]: 7DTD entity received: {"authority":"7dtd","dimension":"7dtd:main","entity_id":"1844a553-9729-44e9-a434-c9a33a617d07","entity_type":"7dtd:player","lifecycle":{"event":"update"},"metadata":{},"origin":{"dimension":"7dtd:main","entity_id":"1844a553-9729-44e9-a434-c9a33a617d07","game":"7dtd","world_id":"td-0d917a4eff776d999148769266591579674d2c42de6557026893a1902834f11f"},"position":{"x":-273.03436279296875,"y":61.07999801635742,"z":446.87322998046875,"space":"minecraft"},"rotation":{"pitch":-5.25,"roll":0,"yaw":109.03790283203125},"sequence":31,"source":"7dtd","stream_id":"d7a4bfe8-e239-44a6-b23b-2ec527b4cf7e","type":"entity_state","version":2,"world_id":"td-0d917a4eff776d999148769266591579674d2c42de6557026893a1902834f11f","components":{"presentation":{"renderer":"humanoid","model":"survivor","scale":1.0,"variant":"default"}}}
[08:17:12] [MC7DTD-websocket/INFO]: [Presentation] entity=1844a553-9729-44e9-a434-c9a33a617d07 renderer=humanoid model=survivor variant=default scale=1.0
[08:17:12] [Render thread/INFO]: 7DTD proxy updated: id=1844a553-9729-44e9-a434-c9a33a617d07 sequence=31 x=-273.03436279296875 y=61.07999801635742 z=446.87322998046875 yaw=109.03790283203125 pitch=-5.25 roll=0.0
[08:17:12] [MC7DTD-entity-test-send/INFO]: Player proxy sent: {"type":"entity_state","version":1,"source":"minecraft","entity_type":"minecraft:player","entity_id":"2b5d33df-ba0f-4e79-993a-835569712da3","stream_id":"713531ef-e23c-4b5f-a07f-bfff2b852dd0","world_id":"mc-cf4dce40-2be1-372b-b914-917f5dcc644c","dimension":"minecraft:overworld","sequence":23,"lifecycle":{"event":"update"},"metadata":{},"position":{"x":-47.582858151634014,"y":71.0,"z":72.96406756812999,"space":"minecraft"},"rotation":{"yaw":317.40007400512695,"pitch":11.249993324279785,"roll":0}}
[08:17:12] [MC7DTD-websocket/INFO]: 7DTD entity received: {"authority":"7dtd","dimension":"7dtd:main","entity_id":"1844a553-9729-44e9-a434-c9a33a617d07","entity_type":"7dtd:player","lifecycle":{"event":"update"},"metadata":{},"origin":{"dimension":"7dtd:main","entity_id":"1844a553-9729-44e9-a434-c9a33a617d07","game":"7dtd","world_id":"td-0d917a4eff776d999148769266591579674d2c42de6557026893a1902834f11f"},"position":{"x":-273.03436279296875,"y":61.07999801635742,"z":446.87322998046875,"space":"minecraft"},"rotation":{"pitch":-5.25,"roll":0,"yaw":109.03790283203125},"sequence":32,"source":"7dtd","stream_id":"d7a4bfe8-e239-44a6-b23b-2ec527b4cf7e","type":"entity_state","version":2,"world_id":"td-0d917a4eff776d999148769266591579674d2c42de6557026893a1902834f11f","components":{"presentation":{"renderer":"humanoid","model":"survivor","scale":1.0,"variant":"default"}}}
[08:17:12] [MC7DTD-websocket/INFO]: [Presentation] entity=1844a553-9729-44e9-a434-c9a33a617d07 renderer=humanoid model=survivor variant=default scale=1.0
[08:17:12] [Render thread/INFO]: 7DTD proxy updated: id=1844a553-9729-44e9-a434-c9a33a617d07 sequence=32 x=-273.03436279296875 y=61.07999801635742 z=446.87322998046875 yaw=109.03790283203125 pitch=-5.25 roll=0.0
[08:17:13] [MC7DTD-websocket/INFO]: 7DTD entity received: {"authority":"7dtd","dimension":"7dtd:main","entity_id":"1844a553-9729-44e9-a434-c9a33a617d07","entity_type":"7dtd:player","lifecycle":{"event":"update"},"metadata":{},"origin":{"dimension":"7dtd:main","entity_id":"1844a553-9729-44e9-a434-c9a33a617d07","game":"7dtd","world_id":"td-0d917a4eff776d999148769266591579674d2c42de6557026893a1902834f11f"},"position":{"x":-273.03436279296875,"y":61.07999801635742,"z":446.87322998046875,"space":"minecraft"},"rotation":{"pitch":-5.25,"roll":0,"yaw":109.03790283203125},"sequence":33,"source":"7dtd","stream_id":"d7a4bfe8-e239-44a6-b23b-2ec527b4cf7e","type":"entity_state","version":2,"world_id":"td-0d917a4eff776d999148769266591579674d2c42de6557026893a1902834f11f","components":{"presentation":{"renderer":"humanoid","model":"survivor","scale":1.0,"variant":"default"}}}
[08:17:13] [MC7DTD-websocket/INFO]: [Presentation] entity=1844a553-9729-44e9-a434-c9a33a617d07 renderer=humanoid model=survivor variant=default scale=1.0
[08:17:13] [Render thread/INFO]: 7DTD proxy updated: id=1844a553-9729-44e9-a434-c9a33a617d07 sequence=33 x=-273.03436279296875 y=61.07999801635742 z=446.87322998046875 yaw=109.03790283203125 pitch=-5.25 roll=0.0
[08:17:13] [MC7DTD-entity-test-send/INFO]: Player proxy sent: {"type":"entity_state","version":1,"source":"minecraft","entity_type":"minecraft:player","entity_id":"2b5d33df-ba0f-4e79-993a-835569712da3","stream_id":"713531ef-e23c-4b5f-a07f-bfff2b852dd0","world_id":"mc-cf4dce40-2be1-372b-b914-917f5dcc644c","dimension":"minecraft:overworld","sequence":24,"lifecycle":{"event":"update"},"metadata":{},"position":{"x":-47.582858151634014,"y":71.0,"z":72.96406756812999,"space":"minecraft"},"rotation":{"yaw":317.40007400512695,"pitch":11.249993324279785,"roll":0}}
[08:17:13] [MC7DTD-entity-test-send/INFO]: Player proxy sent: {"type":"entity_state","version":1,"source":"minecraft","entity_type":"minecraft:player","entity_id":"2b5d33df-ba0f-4e79-993a-835569712da3","stream_id":"713531ef-e23c-4b5f-a07f-bfff2b852dd0","world_id":"mc-cf4dce40-2be1-372b-b914-917f5dcc644c","dimension":"minecraft:overworld","sequence":25,"lifecycle":{"event":"update"},"metadata":{},"position":{"x":-47.582858151634014,"y":71.0,"z":72.96406756812999,"space":"minecraft"},"rotation":{"yaw":317.40007400512695,"pitch":11.249993324279785,"roll":0}}
[08:17:13] [MC7DTD-websocket/INFO]: 7DTD entity received: {"authority":"7dtd","dimension":"7dtd:main","entity_id":"1844a553-9729-44e9-a434-c9a33a617d07","entity_type":"7dtd:player","lifecycle":{"event":"update"},"metadata":{},"origin":{"dimension":"7dtd:main","entity_id":"1844a553-9729-44e9-a434-c9a33a617d07","game":"7dtd","world_id":"td-0d917a4eff776d999148769266591579674d2c42de6557026893a1902834f11f"},"position":{"x":-273.03436279296875,"y":61.07999801635742,"z":446.87322998046875,"space":"minecraft"},"rotation":{"pitch":-5.25,"roll":0,"yaw":109.03790283203125},"sequence":34,"source":"7dtd","stream_id":"d7a4bfe8-e239-44a6-b23b-2ec527b4cf7e","type":"entity_state","version":2,"world_id":"td-0d917a4eff776d999148769266591579674d2c42de6557026893a1902834f11f","components":{"presentation":{"renderer":"humanoid","model":"survivor","scale":1.0,"variant":"default"}}}
[08:17:13] [MC7DTD-websocket/INFO]: [Presentation] entity=1844a553-9729-44e9-a434-c9a33a617d07 renderer=humanoid model=survivor variant=default scale=1.0
[08:17:13] [Render thread/INFO]: 7DTD proxy updated: id=1844a553-9729-44e9-a434-c9a33a617d07 sequence=34 x=-273.03436279296875 y=61.07999801635742 z=446.87322998046875 yaw=109.03790283203125 pitch=-5.25 roll=0.0
[08:17:14] [MC7DTD-entity-test-send/INFO]: Player proxy sent: {"type":"entity_state","version":1,"source":"minecraft","entity_type":"minecraft:player","entity_id":"2b5d33df-ba0f-4e79-993a-835569712da3","stream_id":"713531ef-e23c-4b5f-a07f-bfff2b852dd0","world_id":"mc-cf4dce40-2be1-372b-b914-917f5dcc644c","dimension":"minecraft:overworld","sequence":26,"lifecycle":{"event":"update"},"metadata":{},"position":{"x":-47.582858151634014,"y":71.0,"z":72.96406756812999,"space":"minecraft"},"rotation":{"yaw":317.40007400512695,"pitch":11.249993324279785,"roll":0}}
[08:17:14] [MC7DTD-websocket/INFO]: 7DTD entity received: {"authority":"7dtd","dimension":"7dtd:main","entity_id":"1844a553-9729-44e9-a434-c9a33a617d07","entity_type":"7dtd:player","lifecycle":{"event":"update"},"metadata":{},"origin":{"dimension":"7dtd:main","entity_id":"1844a553-9729-44e9-a434-c9a33a617d07","game":"7dtd","world_id":"td-0d917a4eff776d999148769266591579674d2c42de6557026893a1902834f11f"},"position":{"x":-273.03436279296875,"y":61.07999801635742,"z":446.87322998046875,"space":"minecraft"},"rotation":{"pitch":-5.25,"roll":0,"yaw":109.03790283203125},"sequence":35,"source":"7dtd","stream_id":"d7a4bfe8-e239-44a6-b23b-2ec527b4cf7e","type":"entity_state","version":2,"world_id":"td-0d917a4eff776d999148769266591579674d2c42de6557026893a1902834f11f","components":{"presentation":{"renderer":"humanoid","model":"survivor","scale":1.0,"variant":"default"}}}
[08:17:14] [MC7DTD-websocket/INFO]: [Presentation] entity=1844a553-9729-44e9-a434-c9a33a617d07 renderer=humanoid model=survivor variant=default scale=1.0
[08:17:14] [Render thread/INFO]: 7DTD proxy updated: id=1844a553-9729-44e9-a434-c9a33a617d07 sequence=35 x=-273.03436279296875 y=61.07999801635742 z=446.87322998046875 yaw=109.03790283203125 pitch=-5.25 roll=0.0
[08:17:14] [MC7DTD-websocket/INFO]: 7DTD entity received: {"authority":"7dtd","dimension":"7dtd:main","entity_id":"1844a553-9729-44e9-a434-c9a33a617d07","entity_type":"7dtd:player","lifecycle":{"event":"update"},"metadata":{},"origin":{"dimension":"7dtd:main","entity_id":"1844a553-9729-44e9-a434-c9a33a617d07","game":"7dtd","world_id":"td-0d917a4eff776d999148769266591579674d2c42de6557026893a1902834f11f"},"position":{"x":-273.03436279296875,"y":61.07999801635742,"z":446.87322998046875,"space":"minecraft"},"rotation":{"pitch":-5.25,"roll":0,"yaw":109.03790283203125},"sequence":36,"source":"7dtd","stream_id":"d7a4bfe8-e239-44a6-b23b-2ec527b4cf7e","type":"entity_state","version":2,"world_id":"td-0d917a4eff776d999148769266591579674d2c42de6557026893a1902834f11f","components":{"presentation":{"renderer":"humanoid","model":"survivor","scale":1.0,"variant":"default"}}}
[08:17:14] [MC7DTD-websocket/INFO]: [Presentation] entity=1844a553-9729-44e9-a434-c9a33a617d07 renderer=humanoid model=survivor variant=default scale=1.0
[08:17:14] [Render thread/INFO]: 7DTD proxy updated: id=1844a553-9729-44e9-a434-c9a33a617d07 sequence=36 x=-273.03436279296875 y=61.07999801635742 z=446.87322998046875 yaw=109.03790283203125 pitch=-5.25 roll=0.0
[08:17:14] [MC7DTD-entity-test-send/INFO]: Player proxy sent: {"type":"entity_state","version":1,"source":"minecraft","entity_type":"minecraft:player","entity_id":"2b5d33df-ba0f-4e79-993a-835569712da3","stream_id":"713531ef-e23c-4b5f-a07f-bfff2b852dd0","world_id":"mc-cf4dce40-2be1-372b-b914-917f5dcc644c","dimension":"minecraft:overworld","sequence":27,"lifecycle":{"event":"update"},"metadata":{},"position":{"x":-47.582858151634014,"y":71.0,"z":72.96406756812999,"space":"minecraft"},"rotation":{"yaw":317.40007400512695,"pitch":11.249993324279785,"roll":0}}
[08:17:15] [MC7DTD-websocket/INFO]: 7DTD entity received: {"authority":"7dtd","dimension":"7dtd:main","entity_id":"1844a553-9729-44e9-a434-c9a33a617d07","entity_type":"7dtd:player","lifecycle":{"event":"update"},"metadata":{},"origin":{"dimension":"7dtd:main","entity_id":"1844a553-9729-44e9-a434-c9a33a617d07","game":"7dtd","world_id":"td-0d917a4eff776d999148769266591579674d2c42de6557026893a1902834f11f"},"position":{"x":-273.03436279296875,"y":61.07999801635742,"z":446.87322998046875,"space":"minecraft"},"rotation":{"pitch":-5.25,"roll":0,"yaw":109.03790283203125},"sequence":37,"source":"7dtd","stream_id":"d7a4bfe8-e239-44a6-b23b-2ec527b4cf7e","type":"entity_state","version":2,"world_id":"td-0d917a4eff776d999148769266591579674d2c42de6557026893a1902834f11f","components":{"presentation":{"renderer":"humanoid","model":"survivor","scale":1.0,"variant":"default"}}}
[08:17:15] [MC7DTD-websocket/INFO]: [Presentation] entity=1844a553-9729-44e9-a434-c9a33a617d07 renderer=humanoid model=survivor variant=default scale=1.0
[08:17:15] [Render thread/INFO]: 7DTD proxy updated: id=1844a553-9729-44e9-a434-c9a33a617d07 sequence=37 x=-273.03436279296875 y=61.07999801635742 z=446.87322998046875 yaw=109.03790283203125 pitch=-5.25 roll=0.0
[08:17:15] [MC7DTD-entity-test-send/INFO]: Player proxy sent: {"type":"entity_state","version":1,"source":"minecraft","entity_type":"minecraft:player","entity_id":"2b5d33df-ba0f-4e79-993a-835569712da3","stream_id":"713531ef-e23c-4b5f-a07f-bfff2b852dd0","world_id":"mc-cf4dce40-2be1-372b-b914-917f5dcc644c","dimension":"minecraft:overworld","sequence":28,"lifecycle":{"event":"update"},"metadata":{},"position":{"x":-47.582858151634014,"y":71.0,"z":72.96406756812999,"space":"minecraft"},"rotation":{"yaw":317.40007400512695,"pitch":11.249993324279785,"roll":0}}
[08:17:15] [MC7DTD-websocket/INFO]: 7DTD entity received: {"authority":"7dtd","dimension":"7dtd:main","entity_id":"1844a553-9729-44e9-a434-c9a33a617d07","entity_type":"7dtd:player","lifecycle":{"event":"update"},"metadata":{},"origin":{"dimension":"7dtd:main","entity_id":"1844a553-9729-44e9-a434-c9a33a617d07","game":"7dtd","world_id":"td-0d917a4eff776d999148769266591579674d2c42de6557026893a1902834f11f"},"position":{"x":-273.03436279296875,"y":61.07999801635742,"z":446.87322998046875,"space":"minecraft"},"rotation":{"pitch":-5.25,"roll":0,"yaw":109.03790283203125},"sequence":38,"source":"7dtd","stream_id":"d7a4bfe8-e239-44a6-b23b-2ec527b4cf7e","type":"entity_state","version":2,"world_id":"td-0d917a4eff776d999148769266591579674d2c42de6557026893a1902834f11f","components":{"presentation":{"renderer":"humanoid","model":"survivor","scale":1.0,"variant":"default"}}}
[08:17:15] [MC7DTD-websocket/INFO]: [Presentation] entity=1844a553-9729-44e9-a434-c9a33a617d07 renderer=humanoid model=survivor variant=default scale=1.0
[08:17:15] [Render thread/INFO]: 7DTD proxy updated: id=1844a553-9729-44e9-a434-c9a33a617d07 sequence=38 x=-273.03436279296875 y=61.07999801635742 z=446.87322998046875 yaw=109.03790283203125 pitch=-5.25 roll=0.0
[08:17:15] [MC7DTD-entity-test-send/INFO]: Player proxy sent: {"type":"entity_state","version":1,"source":"minecraft","entity_type":"minecraft:player","entity_id":"2b5d33df-ba0f-4e79-993a-835569712da3","stream_id":"713531ef-e23c-4b5f-a07f-bfff2b852dd0","world_id":"mc-cf4dce40-2be1-372b-b914-917f5dcc644c","dimension":"minecraft:overworld","sequence":29,"lifecycle":{"event":"update"},"metadata":{},"position":{"x":-47.582858151634014,"y":71.0,"z":72.96406756812999,"space":"minecraft"},"rotation":{"yaw":317.40007400512695,"pitch":11.249993324279785,"roll":0}}
[08:17:16] [MC7DTD-websocket/INFO]: 7DTD entity received: {"authority":"7dtd","dimension":"7dtd:main","entity_id":"1844a553-9729-44e9-a434-c9a33a617d07","entity_type":"7dtd:player","lifecycle":{"event":"update"},"metadata":{},"origin":{"dimension":"7dtd:main","entity_id":"1844a553-9729-44e9-a434-c9a33a617d07","game":"7dtd","world_id":"td-0d917a4eff776d999148769266591579674d2c42de6557026893a1902834f11f"},"position":{"x":-273.03436279296875,"y":61.07999801635742,"z":446.87322998046875,"space":"minecraft"},"rotation":{"pitch":-5.25,"roll":0,"yaw":109.03790283203125},"sequence":39,"source":"7dtd","stream_id":"d7a4bfe8-e239-44a6-b23b-2ec527b4cf7e","type":"entity_state","version":2,"world_id":"td-0d917a4eff776d999148769266591579674d2c42de6557026893a1902834f11f","components":{"presentation":{"renderer":"humanoid","model":"survivor","scale":1.0,"variant":"default"}}}
[08:17:16] [MC7DTD-websocket/INFO]: [Presentation] entity=1844a553-9729-44e9-a434-c9a33a617d07 renderer=humanoid model=survivor variant=default scale=1.0
[08:17:16] [Render thread/INFO]: 7DTD proxy updated: id=1844a553-9729-44e9-a434-c9a33a617d07 sequence=39 x=-273.03436279296875 y=61.07999801635742 z=446.87322998046875 yaw=109.03790283203125 pitch=-5.25 roll=0.0
[08:17:16] [MC7DTD-entity-test-send/INFO]: Player proxy sent: {"type":"entity_state","version":1,"source":"minecraft","entity_type":"minecraft:player","entity_id":"2b5d33df-ba0f-4e79-993a-835569712da3","stream_id":"713531ef-e23c-4b5f-a07f-bfff2b852dd0","world_id":"mc-cf4dce40-2be1-372b-b914-917f5dcc644c","dimension":"minecraft:overworld","sequence":30,"lifecycle":{"event":"update"},"metadata":{},"position":{"x":-47.582858151634014,"y":71.0,"z":72.96406756812999,"space":"minecraft"},"rotation":{"yaw":317.40007400512695,"pitch":11.249993324279785,"roll":0}}
[08:17:16] [MC7DTD-websocket/INFO]: 7DTD entity received: {"authority":"7dtd","dimension":"7dtd:main","entity_id":"1844a553-9729-44e9-a434-c9a33a617d07","entity_type":"7dtd:player","lifecycle":{"event":"update"},"metadata":{},"origin":{"dimension":"7dtd:main","entity_id":"1844a553-9729-44e9-a434-c9a33a617d07","game":"7dtd","world_id":"td-0d917a4eff776d999148769266591579674d2c42de6557026893a1902834f11f"},"position":{"x":-273.03436279296875,"y":61.07999801635742,"z":446.87322998046875,"space":"minecraft"},"rotation":{"pitch":-5.25,"roll":0,"yaw":109.03790283203125},"sequence":40,"source":"7dtd","stream_id":"d7a4bfe8-e239-44a6-b23b-2ec527b4cf7e","type":"entity_state","version":2,"world_id":"td-0d917a4eff776d999148769266591579674d2c42de6557026893a1902834f11f","components":{"presentation":{"renderer":"humanoid","model":"survivor","scale":1.0,"variant":"default"}}}
[08:17:16] [MC7DTD-websocket/INFO]: [Presentation] entity=1844a553-9729-44e9-a434-c9a33a617d07 renderer=humanoid model=survivor variant=default scale=1.0
[08:17:16] [Render thread/INFO]: 7DTD proxy updated: id=1844a553-9729-44e9-a434-c9a33a617d07 sequence=40 x=-273.03436279296875 y=61.07999801635742 z=446.87322998046875 yaw=109.03790283203125 pitch=-5.25 roll=0.0
[08:17:16] [MC7DTD-entity-test-send/INFO]: Player proxy sent: {"type":"entity_state","version":1,"source":"minecraft","entity_type":"minecraft:player","entity_id":"2b5d33df-ba0f-4e79-993a-835569712da3","stream_id":"713531ef-e23c-4b5f-a07f-bfff2b852dd0","world_id":"mc-cf4dce40-2be1-372b-b914-917f5dcc644c","dimension":"minecraft:overworld","sequence":31,"lifecycle":{"event":"update"},"metadata":{},"position":{"x":-47.582858151634014,"y":71.0,"z":72.96406756812999,"space":"minecraft"},"rotation":{"yaw":317.40007400512695,"pitch":11.249993324279785,"roll":0}}
[08:17:17] [MC7DTD-websocket/INFO]: 7DTD entity received: {"authority":"7dtd","dimension":"7dtd:main","entity_id":"1844a553-9729-44e9-a434-c9a33a617d07","entity_type":"7dtd:player","lifecycle":{"event":"update"},"metadata":{},"origin":{"dimension":"7dtd:main","entity_id":"1844a553-9729-44e9-a434-c9a33a617d07","game":"7dtd","world_id":"td-0d917a4eff776d999148769266591579674d2c42de6557026893a1902834f11f"},"position":{"x":-273.03436279296875,"y":61.07999801635742,"z":446.87322998046875,"space":"minecraft"},"rotation":{"pitch":-5.25,"roll":0,"yaw":109.03790283203125},"sequence":41,"source":"7dtd","stream_id":"d7a4bfe8-e239-44a6-b23b-2ec527b4cf7e","type":"entity_state","version":2,"world_id":"td-0d917a4eff776d999148769266591579674d2c42de6557026893a1902834f11f","components":{"presentation":{"renderer":"humanoid","model":"survivor","scale":1.0,"variant":"default"}}}
[08:17:17] [MC7DTD-websocket/INFO]: [Presentation] entity=1844a553-9729-44e9-a434-c9a33a617d07 renderer=humanoid model=survivor variant=default scale=1.0
[08:17:17] [Render thread/INFO]: 7DTD proxy updated: id=1844a553-9729-44e9-a434-c9a33a617d07 sequence=41 x=-273.03436279296875 y=61.07999801635742 z=446.87322998046875 yaw=109.03790283203125 pitch=-5.25 roll=0.0
[08:17:17] [MC7DTD-entity-test-send/INFO]: Player proxy sent: {"type":"entity_state","version":1,"source":"minecraft","entity_type":"minecraft:player","entity_id":"2b5d33df-ba0f-4e79-993a-835569712da3","stream_id":"713531ef-e23c-4b5f-a07f-bfff2b852dd0","world_id":"mc-cf4dce40-2be1-372b-b914-917f5dcc644c","dimension":"minecraft:overworld","sequence":32,"lifecycle":{"event":"update"},"metadata":{},"position":{"x":-47.582858151634014,"y":71.0,"z":72.96406756812999,"space":"minecraft"},"rotation":{"yaw":317.40007400512695,"pitch":11.249993324279785,"roll":0}}
[08:17:17] [MC7DTD-websocket/INFO]: 7DTD entity received: {"authority":"7dtd","dimension":"7dtd:main","entity_id":"1844a553-9729-44e9-a434-c9a33a617d07","entity_type":"7dtd:player","lifecycle":{"event":"update"},"metadata":{},"origin":{"dimension":"7dtd:main","entity_id":"1844a553-9729-44e9-a434-c9a33a617d07","game":"7dtd","world_id":"td-0d917a4eff776d999148769266591579674d2c42de6557026893a1902834f11f"},"position":{"x":-273.03436279296875,"y":61.07999801635742,"z":446.87322998046875,"space":"minecraft"},"rotation":{"pitch":-5.25,"roll":0,"yaw":109.03790283203125},"sequence":42,"source":"7dtd","stream_id":"d7a4bfe8-e239-44a6-b23b-2ec527b4cf7e","type":"entity_state","version":2,"world_id":"td-0d917a4eff776d999148769266591579674d2c42de6557026893a1902834f11f","components":{"presentation":{"renderer":"humanoid","model":"survivor","scale":1.0,"variant":"default"}}}
[08:17:17] [MC7DTD-websocket/INFO]: [Presentation] entity=1844a553-9729-44e9-a434-c9a33a617d07 renderer=humanoid model=survivor variant=default scale=1.0
[08:17:17] [Render thread/INFO]: 7DTD proxy updated: id=1844a553-9729-44e9-a434-c9a33a617d07 sequence=42 x=-273.03436279296875 y=61.07999801635742 z=446.87322998046875 yaw=109.03790283203125 pitch=-5.25 roll=0.0
[08:17:17] [MC7DTD-entity-test-send/INFO]: Player proxy sent: {"type":"entity_state","version":1,"source":"minecraft","entity_type":"minecraft:player","entity_id":"2b5d33df-ba0f-4e79-993a-835569712da3","stream_id":"713531ef-e23c-4b5f-a07f-bfff2b852dd0","world_id":"mc-cf4dce40-2be1-372b-b914-917f5dcc644c","dimension":"minecraft:overworld","sequence":33,"lifecycle":{"event":"update"},"metadata":{},"position":{"x":-47.582858151634014,"y":71.0,"z":72.96406756812999,"space":"minecraft"},"rotation":{"yaw":317.40007400512695,"pitch":11.249993324279785,"roll":0}}
[08:17:18] [MC7DTD-websocket/INFO]: 7DTD entity received: {"authority":"7dtd","dimension":"7dtd:main","entity_id":"1844a553-9729-44e9-a434-c9a33a617d07","entity_type":"7dtd:player","lifecycle":{"event":"update"},"metadata":{},"origin":{"dimension":"7dtd:main","entity_id":"1844a553-9729-44e9-a434-c9a33a617d07","game":"7dtd","world_id":"td-0d917a4eff776d999148769266591579674d2c42de6557026893a1902834f11f"},"position":{"x":-273.03436279296875,"y":61.07999801635742,"z":446.87322998046875,"space":"minecraft"},"rotation":{"pitch":-5.25,"roll":0,"yaw":109.03790283203125},"sequence":43,"source":"7dtd","stream_id":"d7a4bfe8-e239-44a6-b23b-2ec527b4cf7e","type":"entity_state","version":2,"world_id":"td-0d917a4eff776d999148769266591579674d2c42de6557026893a1902834f11f","components":{"presentation":{"renderer":"humanoid","model":"survivor","scale":1.0,"variant":"default"}}}
[08:17:18] [MC7DTD-websocket/INFO]: [Presentation] entity=1844a553-9729-44e9-a434-c9a33a617d07 renderer=humanoid model=survivor variant=default scale=1.0
[08:17:18] [Render thread/INFO]: 7DTD proxy updated: id=1844a553-9729-44e9-a434-c9a33a617d07 sequence=43 x=-273.03436279296875 y=61.07999801635742 z=446.87322998046875 yaw=109.03790283203125 pitch=-5.25 roll=0.0
[08:17:18] [MC7DTD-entity-test-send/INFO]: Player proxy sent: {"type":"entity_state","version":1,"source":"minecraft","entity_type":"minecraft:player","entity_id":"2b5d33df-ba0f-4e79-993a-835569712da3","stream_id":"713531ef-e23c-4b5f-a07f-bfff2b852dd0","world_id":"mc-cf4dce40-2be1-372b-b914-917f5dcc644c","dimension":"minecraft:overworld","sequence":34,"lifecycle":{"event":"update"},"metadata":{},"position":{"x":-47.582858151634014,"y":71.0,"z":72.96406756812999,"space":"minecraft"},"rotation":{"yaw":317.40007400512695,"pitch":11.249993324279785,"roll":0}}
[08:17:18] [MC7DTD-websocket/INFO]: 7DTD entity received: {"authority":"7dtd","dimension":"7dtd:main","entity_id":"1844a553-9729-44e9-a434-c9a33a617d07","entity_type":"7dtd:player","lifecycle":{"event":"update"},"metadata":{},"origin":{"dimension":"7dtd:main","entity_id":"1844a553-9729-44e9-a434-c9a33a617d07","game":"7dtd","world_id":"td-0d917a4eff776d999148769266591579674d2c42de6557026893a1902834f11f"},"position":{"x":-273.03436279296875,"y":61.07999801635742,"z":446.87322998046875,"space":"minecraft"},"rotation":{"pitch":-5.25,"roll":0,"yaw":109.03790283203125},"sequence":44,"source":"7dtd","stream_id":"d7a4bfe8-e239-44a6-b23b-2ec527b4cf7e","type":"entity_state","version":2,"world_id":"td-0d917a4eff776d999148769266591579674d2c42de6557026893a1902834f11f","components":{"presentation":{"renderer":"humanoid","model":"survivor","scale":1.0,"variant":"default"}}}
[08:17:18] [MC7DTD-websocket/INFO]: [Presentation] entity=1844a553-9729-44e9-a434-c9a33a617d07 renderer=humanoid model=survivor variant=default scale=1.0
[08:17:18] [Render thread/INFO]: 7DTD proxy updated: id=1844a553-9729-44e9-a434-c9a33a617d07 sequence=44 x=-273.03436279296875 y=61.07999801635742 z=446.87322998046875 yaw=109.03790283203125 pitch=-5.25 roll=0.0
[08:17:19] [MC7DTD-entity-test-send/INFO]: Player proxy sent: {"type":"entity_state","version":1,"source":"minecraft","entity_type":"minecraft:player","entity_id":"2b5d33df-ba0f-4e79-993a-835569712da3","stream_id":"713531ef-e23c-4b5f-a07f-bfff2b852dd0","world_id":"mc-cf4dce40-2be1-372b-b914-917f5dcc644c","dimension":"minecraft:overworld","sequence":35,"lifecycle":{"event":"update"},"metadata":{},"position":{"x":-47.582858151634014,"y":71.0,"z":72.96406756812999,"space":"minecraft"},"rotation":{"yaw":317.40007400512695,"pitch":11.249993324279785,"roll":0}}
[08:17:19] [MC7DTD-websocket/INFO]: 7DTD entity received: {"authority":"7dtd","dimension":"7dtd:main","entity_id":"1844a553-9729-44e9-a434-c9a33a617d07","entity_type":"7dtd:player","lifecycle":{"event":"update"},"metadata":{},"origin":{"dimension":"7dtd:main","entity_id":"1844a553-9729-44e9-a434-c9a33a617d07","game":"7dtd","world_id":"td-0d917a4eff776d999148769266591579674d2c42de6557026893a1902834f11f"},"position":{"x":-273.03436279296875,"y":61.07999801635742,"z":446.87322998046875,"space":"minecraft"},"rotation":{"pitch":-5.25,"roll":0,"yaw":109.03790283203125},"sequence":45,"source":"7dtd","stream_id":"d7a4bfe8-e239-44a6-b23b-2ec527b4cf7e","type":"entity_state","version":2,"world_id":"td-0d917a4eff776d999148769266591579674d2c42de6557026893a1902834f11f","components":{"presentation":{"renderer":"humanoid","model":"survivor","scale":1.0,"variant":"default"}}}
[08:17:19] [MC7DTD-websocket/INFO]: [Presentation] entity=1844a553-9729-44e9-a434-c9a33a617d07 renderer=humanoid model=survivor variant=default scale=1.0
[08:17:19] [Render thread/INFO]: 7DTD proxy updated: id=1844a553-9729-44e9-a434-c9a33a617d07 sequence=45 x=-273.03436279296875 y=61.07999801635742 z=446.87322998046875 yaw=109.03790283203125 pitch=-5.25 roll=0.0
[08:17:19] [MC7DTD-entity-test-send/INFO]: Entity test sent: {"type":"entity_state","version":1,"source":"minecraft","stream_id":"f78bcc0e-64a0-470d-a4d4-142fa20678be","entity_id":"92d5fc0a-2865-4267-9f17-eb661dbae119","entity_type":"minecraft:marker","world_id":"runtime-acceptance","dimension":"minecraft:overworld","sequence":1,"position":{"x":-47.582858151634014,"y":71.0,"z":72.96406756812999,"space":"minecraft"},"rotation":{"yaw":317.4001,"pitch":11.249993,"roll":0},"lifecycle":{"event":"spawn"},"metadata":{},"components":{"presentation":{"renderer":"humanoid","model":"survivor","variant":"test","scale":1.0}}}
[08:17:19] [Render thread/INFO]: [System] [CHAT] Presentation test queued: spawn (check Bridge and 7DTD logs)
[08:17:19] [MC7DTD-entity-test-send/INFO]: Player proxy sent: {"type":"entity_state","version":1,"source":"minecraft","entity_type":"minecraft:player","entity_id":"2b5d33df-ba0f-4e79-993a-835569712da3","stream_id":"713531ef-e23c-4b5f-a07f-bfff2b852dd0","world_id":"mc-cf4dce40-2be1-372b-b914-917f5dcc644c","dimension":"minecraft:overworld","sequence":36,"lifecycle":{"event":"update"},"metadata":{},"position":{"x":-47.582858151634014,"y":71.0,"z":72.96406756812999,"space":"minecraft"},"rotation":{"yaw":317.40007400512695,"pitch":11.249993324279785,"roll":0}}
[08:17:19] [MC7DTD-websocket/INFO]: 7DTD entity received: {"authority":"7dtd","dimension":"7dtd:main","entity_id":"1844a553-9729-44e9-a434-c9a33a617d07","entity_type":"7dtd:player","lifecycle":{"event":"update"},"metadata":{},"origin":{"dimension":"7dtd:main","entity_id":"1844a553-9729-44e9-a434-c9a33a617d07","game":"7dtd","world_id":"td-0d917a4eff776d999148769266591579674d2c42de6557026893a1902834f11f"},"position":{"x":-273.03436279296875,"y":61.07999801635742,"z":446.87322998046875,"space":"minecraft"},"rotation":{"pitch":-5.25,"roll":0,"yaw":109.03790283203125},"sequence":46,"source":"7dtd","stream_id":"d7a4bfe8-e239-44a6-b23b-2ec527b4cf7e","type":"entity_state","version":2,"world_id":"td-0d917a4eff776d999148769266591579674d2c42de6557026893a1902834f11f","components":{"presentation":{"renderer":"humanoid","model":"survivor","scale":1.0,"variant":"default"}}}
[08:17:19] [MC7DTD-websocket/INFO]: [Presentation] entity=1844a553-9729-44e9-a434-c9a33a617d07 renderer=humanoid model=survivor variant=default scale=1.0
[08:17:19] [Render thread/INFO]: 7DTD proxy updated: id=1844a553-9729-44e9-a434-c9a33a617d07 sequence=46 x=-273.03436279296875 y=61.07999801635742 z=446.87322998046875 yaw=109.03790283203125 pitch=-5.25 roll=0.0
[08:17:20] [MC7DTD-entity-test-send/INFO]: Player proxy sent: {"type":"entity_state","version":1,"source":"minecraft","entity_type":"minecraft:player","entity_id":"2b5d33df-ba0f-4e79-993a-835569712da3","stream_id":"713531ef-e23c-4b5f-a07f-bfff2b852dd0","world_id":"mc-cf4dce40-2be1-372b-b914-917f5dcc644c","dimension":"minecraft:overworld","sequence":37,"lifecycle":{"event":"update"},"metadata":{},"position":{"x":-47.582858151634014,"y":71.0,"z":72.96406756812999,"space":"minecraft"},"rotation":{"yaw":317.40007400512695,"pitch":11.249993324279785,"roll":0}}
[08:17:20] [MC7DTD-websocket/INFO]: 7DTD entity received: {"authority":"7dtd","dimension":"7dtd:main","entity_id":"1844a553-9729-44e9-a434-c9a33a617d07","entity_type":"7dtd:player","lifecycle":{"event":"update"},"metadata":{},"origin":{"dimension":"7dtd:main","entity_id":"1844a553-9729-44e9-a434-c9a33a617d07","game":"7dtd","world_id":"td-0d917a4eff776d999148769266591579674d2c42de6557026893a1902834f11f"},"position":{"x":-273.03436279296875,"y":61.07999801635742,"z":446.87322998046875,"space":"minecraft"},"rotation":{"pitch":-5.25,"roll":0,"yaw":109.03790283203125},"sequence":47,"source":"7dtd","stream_id":"d7a4bfe8-e239-44a6-b23b-2ec527b4cf7e","type":"entity_state","version":2,"world_id":"td-0d917a4eff776d999148769266591579674d2c42de6557026893a1902834f11f","components":{"presentation":{"renderer":"humanoid","model":"survivor","scale":1.0,"variant":"default"}}}
[08:17:20] [MC7DTD-websocket/INFO]: [Presentation] entity=1844a553-9729-44e9-a434-c9a33a617d07 renderer=humanoid model=survivor variant=default scale=1.0
[08:17:20] [Render thread/INFO]: 7DTD proxy updated: id=1844a553-9729-44e9-a434-c9a33a617d07 sequence=47 x=-273.03436279296875 y=61.07999801635742 z=446.87322998046875 yaw=109.03790283203125 pitch=-5.25 roll=0.0
[08:17:20] [MC7DTD-entity-test-send/INFO]: Player proxy sent: {"type":"entity_state","version":1,"source":"minecraft","entity_type":"minecraft:player","entity_id":"2b5d33df-ba0f-4e79-993a-835569712da3","stream_id":"713531ef-e23c-4b5f-a07f-bfff2b852dd0","world_id":"mc-cf4dce40-2be1-372b-b914-917f5dcc644c","dimension":"minecraft:overworld","sequence":38,"lifecycle":{"event":"update"},"metadata":{},"position":{"x":-47.582858151634014,"y":71.0,"z":72.96406756812999,"space":"minecraft"},"rotation":{"yaw":321.60009384155273,"pitch":10.949994087219238,"roll":0}}
[08:17:20] [MC7DTD-websocket/INFO]: 7DTD entity received: {"authority":"7dtd","dimension":"7dtd:main","entity_id":"1844a553-9729-44e9-a434-c9a33a617d07","entity_type":"7dtd:player","lifecycle":{"event":"update"},"metadata":{},"origin":{"dimension":"7dtd:main","entity_id":"1844a553-9729-44e9-a434-c9a33a617d07","game":"7dtd","world_id":"td-0d917a4eff776d999148769266591579674d2c42de6557026893a1902834f11f"},"position":{"x":-273.03436279296875,"y":61.07999801635742,"z":446.87322998046875,"space":"minecraft"},"rotation":{"pitch":-5.25,"roll":0,"yaw":109.03790283203125},"sequence":48,"source":"7dtd","stream_id":"d7a4bfe8-e239-44a6-b23b-2ec527b4cf7e","type":"entity_state","version":2,"world_id":"td-0d917a4eff776d999148769266591579674d2c42de6557026893a1902834f11f","components":{"presentation":{"renderer":"humanoid","model":"survivor","scale":1.0,"variant":"default"}}}
[08:17:20] [MC7DTD-websocket/INFO]: [Presentation] entity=1844a553-9729-44e9-a434-c9a33a617d07 renderer=humanoid model=survivor variant=default scale=1.0
[08:17:20] [Render thread/INFO]: 7DTD proxy updated: id=1844a553-9729-44e9-a434-c9a33a617d07 sequence=48 x=-273.03436279296875 y=61.07999801635742 z=446.87322998046875 yaw=109.03790283203125 pitch=-5.25 roll=0.0
[08:17:21] [MC7DTD-entity-test-send/INFO]: Player proxy sent: {"type":"entity_state","version":1,"source":"minecraft","entity_type":"minecraft:player","entity_id":"2b5d33df-ba0f-4e79-993a-835569712da3","stream_id":"713531ef-e23c-4b5f-a07f-bfff2b852dd0","world_id":"mc-cf4dce40-2be1-372b-b914-917f5dcc644c","dimension":"minecraft:overworld","sequence":39,"lifecycle":{"event":"update"},"metadata":{},"position":{"x":-47.582858151634014,"y":71.0,"z":72.96406756812999,"space":"minecraft"},"rotation":{"yaw":321.150089263916,"pitch":9.899996757507324,"roll":0}}
[08:17:21] [MC7DTD-websocket/INFO]: 7DTD entity received: {"authority":"7dtd","dimension":"7dtd:main","entity_id":"1844a553-9729-44e9-a434-c9a33a617d07","entity_type":"7dtd:player","lifecycle":{"event":"update"},"metadata":{},"origin":{"dimension":"7dtd:main","entity_id":"1844a553-9729-44e9-a434-c9a33a617d07","game":"7dtd","world_id":"td-0d917a4eff776d999148769266591579674d2c42de6557026893a1902834f11f"},"position":{"x":-273.03436279296875,"y":61.07999801635742,"z":446.87322998046875,"space":"minecraft"},"rotation":{"pitch":-5.25,"roll":0,"yaw":109.03790283203125},"sequence":49,"source":"7dtd","stream_id":"d7a4bfe8-e239-44a6-b23b-2ec527b4cf7e","type":"entity_state","version":2,"world_id":"td-0d917a4eff776d999148769266591579674d2c42de6557026893a1902834f11f","components":{"presentation":{"renderer":"humanoid","model":"survivor","scale":1.0,"variant":"default"}}}
[08:17:21] [MC7DTD-websocket/INFO]: [Presentation] entity=1844a553-9729-44e9-a434-c9a33a617d07 renderer=humanoid model=survivor variant=default scale=1.0
[08:17:21] [Render thread/INFO]: 7DTD proxy updated: id=1844a553-9729-44e9-a434-c9a33a617d07 sequence=49 x=-273.03436279296875 y=61.07999801635742 z=446.87322998046875 yaw=109.03790283203125 pitch=-5.25 roll=0.0
[08:17:21] [MC7DTD-entity-test-send/INFO]: Player proxy sent: {"type":"entity_state","version":1,"source":"minecraft","entity_type":"minecraft:player","entity_id":"2b5d33df-ba0f-4e79-993a-835569712da3","stream_id":"713531ef-e23c-4b5f-a07f-bfff2b852dd0","world_id":"mc-cf4dce40-2be1-372b-b914-917f5dcc644c","dimension":"minecraft:overworld","sequence":40,"lifecycle":{"event":"update"},"metadata":{},"position":{"x":-47.582858151634014,"y":71.0,"z":72.96406756812999,"space":"minecraft"},"rotation":{"yaw":322.0500907897949,"pitch":10.199995994567871,"roll":0}}
[08:17:21] [MC7DTD-websocket/INFO]: 7DTD entity received: {"authority":"7dtd","dimension":"7dtd:main","entity_id":"1844a553-9729-44e9-a434-c9a33a617d07","entity_type":"7dtd:player","lifecycle":{"event":"update"},"metadata":{},"origin":{"dimension":"7dtd:main","entity_id":"1844a553-9729-44e9-a434-c9a33a617d07","game":"7dtd","world_id":"td-0d917a4eff776d999148769266591579674d2c42de6557026893a1902834f11f"},"position":{"x":-273.03436279296875,"y":61.07999801635742,"z":446.87322998046875,"space":"minecraft"},"rotation":{"pitch":-5.25,"roll":0,"yaw":109.03790283203125},"sequence":50,"source":"7dtd","stream_id":"d7a4bfe8-e239-44a6-b23b-2ec527b4cf7e","type":"entity_state","version":2,"world_id":"td-0d917a4eff776d999148769266591579674d2c42de6557026893a1902834f11f","components":{"presentation":{"renderer":"humanoid","model":"survivor","scale":1.0,"variant":"default"}}}
[08:17:21] [MC7DTD-websocket/INFO]: [Presentation] entity=1844a553-9729-44e9-a434-c9a33a617d07 renderer=humanoid model=survivor variant=default scale=1.0
[08:17:21] [Render thread/INFO]: 7DTD proxy updated: id=1844a553-9729-44e9-a434-c9a33a617d07 sequence=50 x=-273.03436279296875 y=61.07999801635742 z=446.87322998046875 yaw=109.03790283203125 pitch=-5.25 roll=0.0
[08:17:22] [MC7DTD-websocket/INFO]: 7DTD entity received: {"authority":"7dtd","dimension":"7dtd:main","entity_id":"1844a553-9729-44e9-a434-c9a33a617d07","entity_type":"7dtd:player","lifecycle":{"event":"update"},"metadata":{},"origin":{"dimension":"7dtd:main","entity_id":"1844a553-9729-44e9-a434-c9a33a617d07","game":"7dtd","world_id":"td-0d917a4eff776d999148769266591579674d2c42de6557026893a1902834f11f"},"position":{"x":-273.03436279296875,"y":61.07999801635742,"z":446.87322998046875,"space":"minecraft"},"rotation":{"pitch":-5.25,"roll":0,"yaw":109.03790283203125},"sequence":51,"source":"7dtd","stream_id":"d7a4bfe8-e239-44a6-b23b-2ec527b4cf7e","type":"entity_state","version":2,"world_id":"td-0d917a4eff776d999148769266591579674d2c42de6557026893a1902834f11f","components":{"presentation":{"renderer":"humanoid","model":"survivor","scale":1.0,"variant":"default"}}}
[08:17:22] [MC7DTD-websocket/INFO]: [Presentation] entity=1844a553-9729-44e9-a434-c9a33a617d07 renderer=humanoid model=survivor variant=default scale=1.0
[08:17:22] [Render thread/INFO]: 7DTD proxy updated: id=1844a553-9729-44e9-a434-c9a33a617d07 sequence=51 x=-273.03436279296875 y=61.07999801635742 z=446.87322998046875 yaw=109.03790283203125 pitch=-5.25 roll=0.0
[08:17:22] [MC7DTD-entity-test-send/INFO]: Player proxy sent: {"type":"entity_state","version":1,"source":"minecraft","entity_type":"minecraft:player","entity_id":"2b5d33df-ba0f-4e79-993a-835569712da3","stream_id":"713531ef-e23c-4b5f-a07f-bfff2b852dd0","world_id":"mc-cf4dce40-2be1-372b-b914-917f5dcc644c","dimension":"minecraft:overworld","sequence":41,"lifecycle":{"event":"update"},"metadata":{},"position":{"x":-47.582858151634014,"y":71.0,"z":72.96406756812999,"space":"minecraft"},"rotation":{"yaw":322.0500907897949,"pitch":10.199995994567871,"roll":0}}
[08:17:22] [MC7DTD-websocket/INFO]: 7DTD entity received: {"authority":"7dtd","dimension":"7dtd:main","entity_id":"1844a553-9729-44e9-a434-c9a33a617d07","entity_type":"7dtd:player","lifecycle":{"event":"update"},"metadata":{},"origin":{"dimension":"7dtd:main","entity_id":"1844a553-9729-44e9-a434-c9a33a617d07","game":"7dtd","world_id":"td-0d917a4eff776d999148769266591579674d2c42de6557026893a1902834f11f"},"position":{"x":-273.03436279296875,"y":61.07999801635742,"z":446.87322998046875,"space":"minecraft"},"rotation":{"pitch":-5.25,"roll":0,"yaw":109.03790283203125},"sequence":52,"source":"7dtd","stream_id":"d7a4bfe8-e239-44a6-b23b-2ec527b4cf7e","type":"entity_state","version":2,"world_id":"td-0d917a4eff776d999148769266591579674d2c42de6557026893a1902834f11f","components":{"presentation":{"renderer":"humanoid","model":"survivor","scale":1.0,"variant":"default"}}}
[08:17:22] [MC7DTD-websocket/INFO]: [Presentation] entity=1844a553-9729-44e9-a434-c9a33a617d07 renderer=humanoid model=survivor variant=default scale=1.0
[08:17:22] [Render thread/INFO]: 7DTD proxy updated: id=1844a553-9729-44e9-a434-c9a33a617d07 sequence=52 x=-273.03436279296875 y=61.07999801635742 z=446.87322998046875 yaw=109.03790283203125 pitch=-5.25 roll=0.0
[08:17:22] [MC7DTD-entity-test-send/INFO]: Player proxy sent: {"type":"entity_state","version":1,"source":"minecraft","entity_type":"minecraft:player","entity_id":"2b5d33df-ba0f-4e79-993a-835569712da3","stream_id":"713531ef-e23c-4b5f-a07f-bfff2b852dd0","world_id":"mc-cf4dce40-2be1-372b-b914-917f5dcc644c","dimension":"minecraft:overworld","sequence":42,"lifecycle":{"event":"update"},"metadata":{},"position":{"x":-47.582858151634014,"y":71.0,"z":72.96406756812999,"space":"minecraft"},"rotation":{"yaw":322.0500907897949,"pitch":10.199995994567871,"roll":0}}
[08:17:23] [MC7DTD-websocket/INFO]: 7DTD entity received: {"authority":"7dtd","dimension":"7dtd:main","entity_id":"1844a553-9729-44e9-a434-c9a33a617d07","entity_type":"7dtd:player","lifecycle":{"event":"update"},"metadata":{},"origin":{"dimension":"7dtd:main","entity_id":"1844a553-9729-44e9-a434-c9a33a617d07","game":"7dtd","world_id":"td-0d917a4eff776d999148769266591579674d2c42de6557026893a1902834f11f"},"position":{"x":-273.03436279296875,"y":61.07999801635742,"z":446.87322998046875,"space":"minecraft"},"rotation":{"pitch":-5.25,"roll":0,"yaw":109.03790283203125},"sequence":53,"source":"7dtd","stream_id":"d7a4bfe8-e239-44a6-b23b-2ec527b4cf7e","type":"entity_state","version":2,"world_id":"td-0d917a4eff776d999148769266591579674d2c42de6557026893a1902834f11f","components":{"presentation":{"renderer":"humanoid","model":"survivor","scale":1.0,"variant":"default"}}}
[08:17:23] [MC7DTD-websocket/INFO]: [Presentation] entity=1844a553-9729-44e9-a434-c9a33a617d07 renderer=humanoid model=survivor variant=default scale=1.0
[08:17:23] [Render thread/INFO]: 7DTD proxy updated: id=1844a553-9729-44e9-a434-c9a33a617d07 sequence=53 x=-273.03436279296875 y=61.07999801635742 z=446.87322998046875 yaw=109.03790283203125 pitch=-5.25 roll=0.0
[08:17:23] [MC7DTD-entity-test-send/INFO]: Player proxy sent: {"type":"entity_state","version":1,"source":"minecraft","entity_type":"minecraft:player","entity_id":"2b5d33df-ba0f-4e79-993a-835569712da3","stream_id":"713531ef-e23c-4b5f-a07f-bfff2b852dd0","world_id":"mc-cf4dce40-2be1-372b-b914-917f5dcc644c","dimension":"minecraft:overworld","sequence":43,"lifecycle":{"event":"update"},"metadata":{},"position":{"x":-47.582858151634014,"y":71.0,"z":72.96406756812999,"space":"minecraft"},"rotation":{"yaw":322.0500907897949,"pitch":10.199995994567871,"roll":0}}
[08:17:23] [MC7DTD-websocket/INFO]: 7DTD entity received: {"authority":"7dtd","dimension":"7dtd:main","entity_id":"1844a553-9729-44e9-a434-c9a33a617d07","entity_type":"7dtd:player","lifecycle":{"event":"update"},"metadata":{},"origin":{"dimension":"7dtd:main","entity_id":"1844a553-9729-44e9-a434-c9a33a617d07","game":"7dtd","world_id":"td-0d917a4eff776d999148769266591579674d2c42de6557026893a1902834f11f"},"position":{"x":-273.03436279296875,"y":61.07999801635742,"z":446.87322998046875,"space":"minecraft"},"rotation":{"pitch":-5.25,"roll":0,"yaw":109.03790283203125},"sequence":54,"source":"7dtd","stream_id":"d7a4bfe8-e239-44a6-b23b-2ec527b4cf7e","type":"entity_state","version":2,"world_id":"td-0d917a4eff776d999148769266591579674d2c42de6557026893a1902834f11f","components":{"presentation":{"renderer":"humanoid","model":"survivor","scale":1.0,"variant":"default"}}}
[08:17:23] [MC7DTD-websocket/INFO]: [Presentation] entity=1844a553-9729-44e9-a434-c9a33a617d07 renderer=humanoid model=survivor variant=default scale=1.0
[08:17:23] [Render thread/INFO]: 7DTD proxy updated: id=1844a553-9729-44e9-a434-c9a33a617d07 sequence=54 x=-273.03436279296875 y=61.07999801635742 z=446.87322998046875 yaw=109.03790283203125 pitch=-5.25 roll=0.0
[08:17:23] [MC7DTD-entity-test-send/INFO]: Player proxy sent: {"type":"entity_state","version":1,"source":"minecraft","entity_type":"minecraft:player","entity_id":"2b5d33df-ba0f-4e79-993a-835569712da3","stream_id":"713531ef-e23c-4b5f-a07f-bfff2b852dd0","world_id":"mc-cf4dce40-2be1-372b-b914-917f5dcc644c","dimension":"minecraft:overworld","sequence":44,"lifecycle":{"event":"update"},"metadata":{},"position":{"x":-47.582858151634014,"y":71.0,"z":72.96406756812999,"space":"minecraft"},"rotation":{"yaw":322.0500907897949,"pitch":10.199995994567871,"roll":0}}
[08:17:24] [MC7DTD-websocket/INFO]: 7DTD entity received: {"authority":"7dtd","dimension":"7dtd:main","entity_id":"1844a553-9729-44e9-a434-c9a33a617d07","entity_type":"7dtd:player","lifecycle":{"event":"update"},"metadata":{},"origin":{"dimension":"7dtd:main","entity_id":"1844a553-9729-44e9-a434-c9a33a617d07","game":"7dtd","world_id":"td-0d917a4eff776d999148769266591579674d2c42de6557026893a1902834f11f"},"position":{"x":-273.03436279296875,"y":61.07999801635742,"z":446.87322998046875,"space":"minecraft"},"rotation":{"pitch":-5.25,"roll":0,"yaw":109.03790283203125},"sequence":55,"source":"7dtd","stream_id":"d7a4bfe8-e239-44a6-b23b-2ec527b4cf7e","type":"entity_state","version":2,"world_id":"td-0d917a4eff776d999148769266591579674d2c42de6557026893a1902834f11f","components":{"presentation":{"renderer":"humanoid","model":"survivor","scale":1.0,"variant":"default"}}}
[08:17:24] [MC7DTD-websocket/INFO]: [Presentation] entity=1844a553-9729-44e9-a434-c9a33a617d07 renderer=humanoid model=survivor variant=default scale=1.0
[08:17:24] [Render thread/INFO]: 7DTD proxy updated: id=1844a553-9729-44e9-a434-c9a33a617d07 sequence=55 x=-273.03436279296875 y=61.07999801635742 z=446.87322998046875 yaw=109.03790283203125 pitch=-5.25 roll=0.0
[08:17:24] [MC7DTD-entity-test-send/INFO]: Player proxy sent: {"type":"entity_state","version":1,"source":"minecraft","entity_type":"minecraft:player","entity_id":"2b5d33df-ba0f-4e79-993a-835569712da3","stream_id":"713531ef-e23c-4b5f-a07f-bfff2b852dd0","world_id":"mc-cf4dce40-2be1-372b-b914-917f5dcc644c","dimension":"minecraft:overworld","sequence":45,"lifecycle":{"event":"update"},"metadata":{},"position":{"x":-47.582858151634014,"y":71.0,"z":72.96406756812999,"space":"minecraft"},"rotation":{"yaw":322.0500907897949,"pitch":10.199995994567871,"roll":0}}
[08:17:24] [MC7DTD-websocket/INFO]: 7DTD entity received: {"authority":"7dtd","dimension":"7dtd:main","entity_id":"1844a553-9729-44e9-a434-c9a33a617d07","entity_type":"7dtd:player","lifecycle":{"event":"update"},"metadata":{},"origin":{"dimension":"7dtd:main","entity_id":"1844a553-9729-44e9-a434-c9a33a617d07","game":"7dtd","world_id":"td-0d917a4eff776d999148769266591579674d2c42de6557026893a1902834f11f"},"position":{"x":-273.03436279296875,"y":61.07999801635742,"z":446.87322998046875,"space":"minecraft"},"rotation":{"pitch":-5.25,"roll":0,"yaw":109.03790283203125},"sequence":56,"source":"7dtd","stream_id":"d7a4bfe8-e239-44a6-b23b-2ec527b4cf7e","type":"entity_state","version":2,"world_id":"td-0d917a4eff776d999148769266591579674d2c42de6557026893a1902834f11f","components":{"presentation":{"renderer":"humanoid","model":"survivor","scale":1.0,"variant":"default"}}}
[08:17:24] [MC7DTD-websocket/INFO]: [Presentation] entity=1844a553-9729-44e9-a434-c9a33a617d07 renderer=humanoid model=survivor variant=default scale=1.0
[08:17:24] [Render thread/INFO]: 7DTD proxy updated: id=1844a553-9729-44e9-a434-c9a33a617d07 sequence=56 x=-273.03436279296875 y=61.07999801635742 z=446.87322998046875 yaw=109.03790283203125 pitch=-5.25 roll=0.0
[08:17:24] [MC7DTD-entity-test-send/INFO]: Player proxy sent: {"type":"entity_state","version":1,"source":"minecraft","entity_type":"minecraft:player","entity_id":"2b5d33df-ba0f-4e79-993a-835569712da3","stream_id":"713531ef-e23c-4b5f-a07f-bfff2b852dd0","world_id":"mc-cf4dce40-2be1-372b-b914-917f5dcc644c","dimension":"minecraft:overworld","sequence":46,"lifecycle":{"event":"update"},"metadata":{},"position":{"x":-47.582858151634014,"y":71.0,"z":72.96406756812999,"space":"minecraft"},"rotation":{"yaw":322.0500907897949,"pitch":10.199995994567871,"roll":0}}
[08:17:25] [MC7DTD-websocket/INFO]: 7DTD entity received: {"authority":"7dtd","dimension":"7dtd:main","entity_id":"1844a553-9729-44e9-a434-c9a33a617d07","entity_type":"7dtd:player","lifecycle":{"event":"update"},"metadata":{},"origin":{"dimension":"7dtd:main","entity_id":"1844a553-9729-44e9-a434-c9a33a617d07","game":"7dtd","world_id":"td-0d917a4eff776d999148769266591579674d2c42de6557026893a1902834f11f"},"position":{"x":-273.03436279296875,"y":61.07999801635742,"z":446.87322998046875,"space":"minecraft"},"rotation":{"pitch":-5.25,"roll":0,"yaw":109.03790283203125},"sequence":57,"source":"7dtd","stream_id":"d7a4bfe8-e239-44a6-b23b-2ec527b4cf7e","type":"entity_state","version":2,"world_id":"td-0d917a4eff776d999148769266591579674d2c42de6557026893a1902834f11f","components":{"presentation":{"renderer":"humanoid","model":"survivor","scale":1.0,"variant":"default"}}}
[08:17:25] [MC7DTD-websocket/INFO]: [Presentation] entity=1844a553-9729-44e9-a434-c9a33a617d07 renderer=humanoid model=survivor variant=default scale=1.0
[08:17:25] [Render thread/INFO]: 7DTD proxy updated: id=1844a553-9729-44e9-a434-c9a33a617d07 sequence=57 x=-273.03436279296875 y=61.07999801635742 z=446.87322998046875 yaw=109.03790283203125 pitch=-5.25 roll=0.0
[08:17:25] [MC7DTD-entity-test-send/INFO]: Player proxy sent: {"type":"entity_state","version":1,"source":"minecraft","entity_type":"minecraft:player","entity_id":"2b5d33df-ba0f-4e79-993a-835569712da3","stream_id":"713531ef-e23c-4b5f-a07f-bfff2b852dd0","world_id":"mc-cf4dce40-2be1-372b-b914-917f5dcc644c","dimension":"minecraft:overworld","sequence":47,"lifecycle":{"event":"update"},"metadata":{},"position":{"x":-47.582858151634014,"y":71.0,"z":72.96406756812999,"space":"minecraft"},"rotation":{"yaw":322.0500907897949,"pitch":10.199995994567871,"roll":0}}
[08:17:25] [MC7DTD-websocket/INFO]: 7DTD entity received: {"authority":"7dtd","dimension":"7dtd:main","entity_id":"1844a553-9729-44e9-a434-c9a33a617d07","entity_type":"7dtd:player","lifecycle":{"event":"update"},"metadata":{},"origin":{"dimension":"7dtd:main","entity_id":"1844a553-9729-44e9-a434-c9a33a617d07","game":"7dtd","world_id":"td-0d917a4eff776d999148769266591579674d2c42de6557026893a1902834f11f"},"position":{"x":-273.03436279296875,"y":61.07999801635742,"z":446.87322998046875,"space":"minecraft"},"rotation":{"pitch":-5.25,"roll":0,"yaw":109.03790283203125},"sequence":58,"source":"7dtd","stream_id":"d7a4bfe8-e239-44a6-b23b-2ec527b4cf7e","type":"entity_state","version":2,"world_id":"td-0d917a4eff776d999148769266591579674d2c42de6557026893a1902834f11f","components":{"presentation":{"renderer":"humanoid","model":"survivor","scale":1.0,"variant":"default"}}}
[08:17:25] [MC7DTD-websocket/INFO]: [Presentation] entity=1844a553-9729-44e9-a434-c9a33a617d07 renderer=humanoid model=survivor variant=default scale=1.0
[08:17:25] [Render thread/INFO]: 7DTD proxy updated: id=1844a553-9729-44e9-a434-c9a33a617d07 sequence=58 x=-273.03436279296875 y=61.07999801635742 z=446.87322998046875 yaw=109.03790283203125 pitch=-5.25 roll=0.0
[08:17:25] [MC7DTD-entity-test-send/INFO]: Player proxy sent: {"type":"entity_state","version":1,"source":"minecraft","entity_type":"minecraft:player","entity_id":"2b5d33df-ba0f-4e79-993a-835569712da3","stream_id":"713531ef-e23c-4b5f-a07f-bfff2b852dd0","world_id":"mc-cf4dce40-2be1-372b-b914-917f5dcc644c","dimension":"minecraft:overworld","sequence":48,"lifecycle":{"event":"update"},"metadata":{},"position":{"x":-47.582858151634014,"y":71.0,"z":72.96406756812999,"space":"minecraft"},"rotation":{"yaw":322.0500907897949,"pitch":10.199995994567871,"roll":0}}
[08:17:26] [MC7DTD-websocket/INFO]: 7DTD entity received: {"authority":"7dtd","dimension":"7dtd:main","entity_id":"1844a553-9729-44e9-a434-c9a33a617d07","entity_type":"7dtd:player","lifecycle":{"event":"update"},"metadata":{},"origin":{"dimension":"7dtd:main","entity_id":"1844a553-9729-44e9-a434-c9a33a617d07","game":"7dtd","world_id":"td-0d917a4eff776d999148769266591579674d2c42de6557026893a1902834f11f"},"position":{"x":-273.03436279296875,"y":61.07999801635742,"z":446.87322998046875,"space":"minecraft"},"rotation":{"pitch":-5.25,"roll":0,"yaw":109.03790283203125},"sequence":59,"source":"7dtd","stream_id":"d7a4bfe8-e239-44a6-b23b-2ec527b4cf7e","type":"entity_state","version":2,"world_id":"td-0d917a4eff776d999148769266591579674d2c42de6557026893a1902834f11f","components":{"presentation":{"renderer":"humanoid","model":"survivor","scale":1.0,"variant":"default"}}}
[08:17:26] [MC7DTD-websocket/INFO]: [Presentation] entity=1844a553-9729-44e9-a434-c9a33a617d07 renderer=humanoid model=survivor variant=default scale=1.0
[08:17:26] [Render thread/INFO]: 7DTD proxy updated: id=1844a553-9729-44e9-a434-c9a33a617d07 sequence=59 x=-273.03436279296875 y=61.07999801635742 z=446.87322998046875 yaw=109.03790283203125 pitch=-5.25 roll=0.0
[08:17:26] [MC7DTD-entity-test-send/INFO]: Player proxy sent: {"type":"entity_state","version":1,"source":"minecraft","entity_type":"minecraft:player","entity_id":"2b5d33df-ba0f-4e79-993a-835569712da3","stream_id":"713531ef-e23c-4b5f-a07f-bfff2b852dd0","world_id":"mc-cf4dce40-2be1-372b-b914-917f5dcc644c","dimension":"minecraft:overworld","sequence":49,"lifecycle":{"event":"update"},"metadata":{},"position":{"x":-47.582858151634014,"y":71.0,"z":72.96406756812999,"space":"minecraft"},"rotation":{"yaw":322.0500907897949,"pitch":10.199995994567871,"roll":0}}
[08:17:26] [MC7DTD-websocket/INFO]: 7DTD entity received: {"authority":"7dtd","dimension":"7dtd:main","entity_id":"1844a553-9729-44e9-a434-c9a33a617d07","entity_type":"7dtd:player","lifecycle":{"event":"update"},"metadata":{},"origin":{"dimension":"7dtd:main","entity_id":"1844a553-9729-44e9-a434-c9a33a617d07","game":"7dtd","world_id":"td-0d917a4eff776d999148769266591579674d2c42de6557026893a1902834f11f"},"position":{"x":-273.03436279296875,"y":61.07999801635742,"z":446.87322998046875,"space":"minecraft"},"rotation":{"pitch":-5.25,"roll":0,"yaw":109.03790283203125},"sequence":60,"source":"7dtd","stream_id":"d7a4bfe8-e239-44a6-b23b-2ec527b4cf7e","type":"entity_state","version":2,"world_id":"td-0d917a4eff776d999148769266591579674d2c42de6557026893a1902834f11f","components":{"presentation":{"renderer":"humanoid","model":"survivor","scale":1.0,"variant":"default"}}}
[08:17:26] [MC7DTD-websocket/INFO]: [Presentation] entity=1844a553-9729-44e9-a434-c9a33a617d07 renderer=humanoid model=survivor variant=default scale=1.0
[08:17:26] [Render thread/INFO]: 7DTD proxy updated: id=1844a553-9729-44e9-a434-c9a33a617d07 sequence=60 x=-273.03436279296875 y=61.07999801635742 z=446.87322998046875 yaw=109.03790283203125 pitch=-5.25 roll=0.0
[08:17:27] [MC7DTD-entity-test-send/INFO]: Player proxy sent: {"type":"entity_state","version":1,"source":"minecraft","entity_type":"minecraft:player","entity_id":"2b5d33df-ba0f-4e79-993a-835569712da3","stream_id":"713531ef-e23c-4b5f-a07f-bfff2b852dd0","world_id":"mc-cf4dce40-2be1-372b-b914-917f5dcc644c","dimension":"minecraft:overworld","sequence":50,"lifecycle":{"event":"update"},"metadata":{},"position":{"x":-47.582858151634014,"y":71.0,"z":72.96406756812999,"space":"minecraft"},"rotation":{"yaw":322.0500907897949,"pitch":10.199995994567871,"roll":0}}
[08:17:27] [MC7DTD-websocket/INFO]: 7DTD entity received: {"authority":"7dtd","dimension":"7dtd:main","entity_id":"1844a553-9729-44e9-a434-c9a33a617d07","entity_type":"7dtd:player","lifecycle":{"event":"update"},"metadata":{},"origin":{"dimension":"7dtd:main","entity_id":"1844a553-9729-44e9-a434-c9a33a617d07","game":"7dtd","world_id":"td-0d917a4eff776d999148769266591579674d2c42de6557026893a1902834f11f"},"position":{"x":-273.03436279296875,"y":61.07999801635742,"z":446.87322998046875,"space":"minecraft"},"rotation":{"pitch":-5.25,"roll":0,"yaw":109.03790283203125},"sequence":61,"source":"7dtd","stream_id":"d7a4bfe8-e239-44a6-b23b-2ec527b4cf7e","type":"entity_state","version":2,"world_id":"td-0d917a4eff776d999148769266591579674d2c42de6557026893a1902834f11f","components":{"presentation":{"renderer":"humanoid","model":"survivor","scale":1.0,"variant":"default"}}}
[08:17:27] [MC7DTD-websocket/INFO]: [Presentation] entity=1844a553-9729-44e9-a434-c9a33a617d07 renderer=humanoid model=survivor variant=default scale=1.0
[08:17:27] [Render thread/INFO]: 7DTD proxy updated: id=1844a553-9729-44e9-a434-c9a33a617d07 sequence=61 x=-273.03436279296875 y=61.07999801635742 z=446.87322998046875 yaw=109.03790283203125 pitch=-5.25 roll=0.0
[08:17:27] [MC7DTD-entity-test-send/INFO]: Player proxy sent: {"type":"entity_state","version":1,"source":"minecraft","entity_type":"minecraft:player","entity_id":"2b5d33df-ba0f-4e79-993a-835569712da3","stream_id":"713531ef-e23c-4b5f-a07f-bfff2b852dd0","world_id":"mc-cf4dce40-2be1-372b-b914-917f5dcc644c","dimension":"minecraft:overworld","sequence":51,"lifecycle":{"event":"update"},"metadata":{},"position":{"x":-47.582858151634014,"y":71.0,"z":72.96406756812999,"space":"minecraft"},"rotation":{"yaw":322.0500907897949,"pitch":10.199995994567871,"roll":0}}
[08:17:27] [MC7DTD-websocket/INFO]: 7DTD entity received: {"authority":"7dtd","dimension":"7dtd:main","entity_id":"1844a553-9729-44e9-a434-c9a33a617d07","entity_type":"7dtd:player","lifecycle":{"event":"update"},"metadata":{},"origin":{"dimension":"7dtd:main","entity_id":"1844a553-9729-44e9-a434-c9a33a617d07","game":"7dtd","world_id":"td-0d917a4eff776d999148769266591579674d2c42de6557026893a1902834f11f"},"position":{"x":-273.03436279296875,"y":61.07999801635742,"z":446.87322998046875,"space":"minecraft"},"rotation":{"pitch":-5.25,"roll":0,"yaw":109.03790283203125},"sequence":62,"source":"7dtd","stream_id":"d7a4bfe8-e239-44a6-b23b-2ec527b4cf7e","type":"entity_state","version":2,"world_id":"td-0d917a4eff776d999148769266591579674d2c42de6557026893a1902834f11f","components":{"presentation":{"renderer":"humanoid","model":"survivor","scale":1.0,"variant":"default"}}}
[08:17:27] [MC7DTD-websocket/INFO]: [Presentation] entity=1844a553-9729-44e9-a434-c9a33a617d07 renderer=humanoid model=survivor variant=default scale=1.0
[08:17:27] [Render thread/INFO]: 7DTD proxy updated: id=1844a553-9729-44e9-a434-c9a33a617d07 sequence=62 x=-273.03436279296875 y=61.07999801635742 z=446.87322998046875 yaw=109.03790283203125 pitch=-5.25 roll=0.0
[08:17:28] [MC7DTD-entity-test-send/INFO]: Player proxy sent: {"type":"entity_state","version":1,"source":"minecraft","entity_type":"minecraft:player","entity_id":"2b5d33df-ba0f-4e79-993a-835569712da3","stream_id":"713531ef-e23c-4b5f-a07f-bfff2b852dd0","world_id":"mc-cf4dce40-2be1-372b-b914-917f5dcc644c","dimension":"minecraft:overworld","sequence":52,"lifecycle":{"event":"update"},"metadata":{},"position":{"x":-47.582858151634014,"y":71.0,"z":72.96406756812999,"space":"minecraft"},"rotation":{"yaw":322.0500907897949,"pitch":10.199995994567871,"roll":0}}
[08:17:28] [MC7DTD-websocket/INFO]: 7DTD entity received: {"authority":"7dtd","dimension":"7dtd:main","entity_id":"1844a553-9729-44e9-a434-c9a33a617d07","entity_type":"7dtd:player","lifecycle":{"event":"update"},"metadata":{},"origin":{"dimension":"7dtd:main","entity_id":"1844a553-9729-44e9-a434-c9a33a617d07","game":"7dtd","world_id":"td-0d917a4eff776d999148769266591579674d2c42de6557026893a1902834f11f"},"position":{"x":-273.03436279296875,"y":61.07999801635742,"z":446.87322998046875,"space":"minecraft"},"rotation":{"pitch":-5.25,"roll":0,"yaw":109.03790283203125},"sequence":63,"source":"7dtd","stream_id":"d7a4bfe8-e239-44a6-b23b-2ec527b4cf7e","type":"entity_state","version":2,"world_id":"td-0d917a4eff776d999148769266591579674d2c42de6557026893a1902834f11f","components":{"presentation":{"renderer":"humanoid","model":"survivor","scale":1.0,"variant":"default"}}}
[08:17:28] [MC7DTD-websocket/INFO]: [Presentation] entity=1844a553-9729-44e9-a434-c9a33a617d07 renderer=humanoid model=survivor variant=default scale=1.0
[08:17:28] [Render thread/INFO]: 7DTD proxy updated: id=1844a553-9729-44e9-a434-c9a33a617d07 sequence=63 x=-273.03436279296875 y=61.07999801635742 z=446.87322998046875 yaw=109.03790283203125 pitch=-5.25 roll=0.0
[08:17:28] [MC7DTD-entity-test-send/INFO]: Player proxy sent: {"type":"entity_state","version":1,"source":"minecraft","entity_type":"minecraft:player","entity_id":"2b5d33df-ba0f-4e79-993a-835569712da3","stream_id":"713531ef-e23c-4b5f-a07f-bfff2b852dd0","world_id":"mc-cf4dce40-2be1-372b-b914-917f5dcc644c","dimension":"minecraft:overworld","sequence":53,"lifecycle":{"event":"update"},"metadata":{},"position":{"x":-47.582858151634014,"y":71.0,"z":72.96406756812999,"space":"minecraft"},"rotation":{"yaw":322.0500907897949,"pitch":10.199995994567871,"roll":0}}
[08:17:28] [MC7DTD-websocket/INFO]: 7DTD entity received: {"authority":"7dtd","dimension":"7dtd:main","entity_id":"1844a553-9729-44e9-a434-c9a33a617d07","entity_type":"7dtd:player","lifecycle":{"event":"update"},"metadata":{},"origin":{"dimension":"7dtd:main","entity_id":"1844a553-9729-44e9-a434-c9a33a617d07","game":"7dtd","world_id":"td-0d917a4eff776d999148769266591579674d2c42de6557026893a1902834f11f"},"position":{"x":-273.03436279296875,"y":61.07999801635742,"z":446.87322998046875,"space":"minecraft"},"rotation":{"pitch":-5.25,"roll":0,"yaw":109.03790283203125},"sequence":64,"source":"7dtd","stream_id":"d7a4bfe8-e239-44a6-b23b-2ec527b4cf7e","type":"entity_state","version":2,"world_id":"td-0d917a4eff776d999148769266591579674d2c42de6557026893a1902834f11f","components":{"presentation":{"renderer":"humanoid","model":"survivor","scale":1.0,"variant":"default"}}}
[08:17:28] [MC7DTD-websocket/INFO]: [Presentation] entity=1844a553-9729-44e9-a434-c9a33a617d07 renderer=humanoid model=survivor variant=default scale=1.0
[08:17:28] [Render thread/INFO]: 7DTD proxy updated: id=1844a553-9729-44e9-a434-c9a33a617d07 sequence=64 x=-273.03436279296875 y=61.07999801635742 z=446.87322998046875 yaw=109.03790283203125 pitch=-5.25 roll=0.0
[08:17:29] [MC7DTD-entity-test-send/INFO]: Player proxy sent: {"type":"entity_state","version":1,"source":"minecraft","entity_type":"minecraft:player","entity_id":"2b5d33df-ba0f-4e79-993a-835569712da3","stream_id":"713531ef-e23c-4b5f-a07f-bfff2b852dd0","world_id":"mc-cf4dce40-2be1-372b-b914-917f5dcc644c","dimension":"minecraft:overworld","sequence":54,"lifecycle":{"event":"update"},"metadata":{},"position":{"x":-47.582858151634014,"y":71.0,"z":72.96406756812999,"space":"minecraft"},"rotation":{"yaw":322.0500907897949,"pitch":10.199995994567871,"roll":0}}
[08:17:29] [MC7DTD-websocket/INFO]: 7DTD entity received: {"authority":"7dtd","dimension":"7dtd:main","entity_id":"1844a553-9729-44e9-a434-c9a33a617d07","entity_type":"7dtd:player","lifecycle":{"event":"update"},"metadata":{},"origin":{"dimension":"7dtd:main","entity_id":"1844a553-9729-44e9-a434-c9a33a617d07","game":"7dtd","world_id":"td-0d917a4eff776d999148769266591579674d2c42de6557026893a1902834f11f"},"position":{"x":-273.03436279296875,"y":61.07999801635742,"z":446.87322998046875,"space":"minecraft"},"rotation":{"pitch":-5.25,"roll":0,"yaw":109.03790283203125},"sequence":65,"source":"7dtd","stream_id":"d7a4bfe8-e239-44a6-b23b-2ec527b4cf7e","type":"entity_state","version":2,"world_id":"td-0d917a4eff776d999148769266591579674d2c42de6557026893a1902834f11f","components":{"presentation":{"renderer":"humanoid","model":"survivor","scale":1.0,"variant":"default"}}}
[08:17:29] [MC7DTD-websocket/INFO]: [Presentation] entity=1844a553-9729-44e9-a434-c9a33a617d07 renderer=humanoid model=survivor variant=default scale=1.0
[08:17:29] [Render thread/INFO]: 7DTD proxy updated: id=1844a553-9729-44e9-a434-c9a33a617d07 sequence=65 x=-273.03436279296875 y=61.07999801635742 z=446.87322998046875 yaw=109.03790283203125 pitch=-5.25 roll=0.0
[08:17:29] [MC7DTD-websocket/INFO]: 7DTD entity received: {"authority":"7dtd","dimension":"7dtd:main","entity_id":"1844a553-9729-44e9-a434-c9a33a617d07","entity_type":"7dtd:player","lifecycle":{"event":"update"},"metadata":{},"origin":{"dimension":"7dtd:main","entity_id":"1844a553-9729-44e9-a434-c9a33a617d07","game":"7dtd","world_id":"td-0d917a4eff776d999148769266591579674d2c42de6557026893a1902834f11f"},"position":{"x":-273.03436279296875,"y":61.07999801635742,"z":446.87322998046875,"space":"minecraft"},"rotation":{"pitch":-5.25,"roll":0,"yaw":109.03790283203125},"sequence":66,"source":"7dtd","stream_id":"d7a4bfe8-e239-44a6-b23b-2ec527b4cf7e","type":"entity_state","version":2,"world_id":"td-0d917a4eff776d999148769266591579674d2c42de6557026893a1902834f11f","components":{"presentation":{"renderer":"humanoid","model":"survivor","scale":1.0,"variant":"default"}}}
[08:17:29] [MC7DTD-websocket/INFO]: [Presentation] entity=1844a553-9729-44e9-a434-c9a33a617d07 renderer=humanoid model=survivor variant=default scale=1.0
[08:17:29] [Render thread/INFO]: 7DTD proxy updated: id=1844a553-9729-44e9-a434-c9a33a617d07 sequence=66 x=-273.03436279296875 y=61.07999801635742 z=446.87322998046875 yaw=109.03790283203125 pitch=-5.25 roll=0.0
[08:17:29] [MC7DTD-entity-test-send/INFO]: Player proxy sent: {"type":"entity_state","version":1,"source":"minecraft","entity_type":"minecraft:player","entity_id":"2b5d33df-ba0f-4e79-993a-835569712da3","stream_id":"713531ef-e23c-4b5f-a07f-bfff2b852dd0","world_id":"mc-cf4dce40-2be1-372b-b914-917f5dcc644c","dimension":"minecraft:overworld","sequence":55,"lifecycle":{"event":"update"},"metadata":{},"position":{"x":-47.582858151634014,"y":71.0,"z":72.96406756812999,"space":"minecraft"},"rotation":{"yaw":322.0500907897949,"pitch":10.199995994567871,"roll":0}}
[08:17:30] [MC7DTD-entity-test-send/INFO]: Player proxy sent: {"type":"entity_state","version":1,"source":"minecraft","entity_type":"minecraft:player","entity_id":"2b5d33df-ba0f-4e79-993a-835569712da3","stream_id":"713531ef-e23c-4b5f-a07f-bfff2b852dd0","world_id":"mc-cf4dce40-2be1-372b-b914-917f5dcc644c","dimension":"minecraft:overworld","sequence":56,"lifecycle":{"event":"update"},"metadata":{},"position":{"x":-47.582858151634014,"y":71.0,"z":72.96406756812999,"space":"minecraft"},"rotation":{"yaw":322.0500907897949,"pitch":10.199995994567871,"roll":0}}
[08:17:30] [MC7DTD-websocket/INFO]: 7DTD entity received: {"authority":"7dtd","dimension":"7dtd:main","entity_id":"1844a553-9729-44e9-a434-c9a33a617d07","entity_type":"7dtd:player","lifecycle":{"event":"update"},"metadata":{},"origin":{"dimension":"7dtd:main","entity_id":"1844a553-9729-44e9-a434-c9a33a617d07","game":"7dtd","world_id":"td-0d917a4eff776d999148769266591579674d2c42de6557026893a1902834f11f"},"position":{"x":-273.03436279296875,"y":61.07999801635742,"z":446.87322998046875,"space":"minecraft"},"rotation":{"pitch":-5.25,"roll":0,"yaw":109.03790283203125},"sequence":67,"source":"7dtd","stream_id":"d7a4bfe8-e239-44a6-b23b-2ec527b4cf7e","type":"entity_state","version":2,"world_id":"td-0d917a4eff776d999148769266591579674d2c42de6557026893a1902834f11f","components":{"presentation":{"renderer":"humanoid","model":"survivor","scale":1.0,"variant":"default"}}}
[08:17:30] [MC7DTD-websocket/INFO]: [Presentation] entity=1844a553-9729-44e9-a434-c9a33a617d07 renderer=humanoid model=survivor variant=default scale=1.0
[08:17:30] [Render thread/INFO]: 7DTD proxy updated: id=1844a553-9729-44e9-a434-c9a33a617d07 sequence=67 x=-273.03436279296875 y=61.07999801635742 z=446.87322998046875 yaw=109.03790283203125 pitch=-5.25 roll=0.0
[08:17:30] [MC7DTD-websocket/INFO]: 7DTD entity received: {"authority":"7dtd","dimension":"7dtd:main","entity_id":"1844a553-9729-44e9-a434-c9a33a617d07","entity_type":"7dtd:player","lifecycle":{"event":"update"},"metadata":{},"origin":{"dimension":"7dtd:main","entity_id":"1844a553-9729-44e9-a434-c9a33a617d07","game":"7dtd","world_id":"td-0d917a4eff776d999148769266591579674d2c42de6557026893a1902834f11f"},"position":{"x":-273.03436279296875,"y":61.07999801635742,"z":446.87322998046875,"space":"minecraft"},"rotation":{"pitch":-5.25,"roll":0,"yaw":109.03790283203125},"sequence":68,"source":"7dtd","stream_id":"d7a4bfe8-e239-44a6-b23b-2ec527b4cf7e","type":"entity_state","version":2,"world_id":"td-0d917a4eff776d999148769266591579674d2c42de6557026893a1902834f11f","components":{"presentation":{"renderer":"humanoid","model":"survivor","scale":1.0,"variant":"default"}}}
[08:17:30] [MC7DTD-websocket/INFO]: [Presentation] entity=1844a553-9729-44e9-a434-c9a33a617d07 renderer=humanoid model=survivor variant=default scale=1.0
[08:17:30] [Render thread/INFO]: 7DTD proxy updated: id=1844a553-9729-44e9-a434-c9a33a617d07 sequence=68 x=-273.03436279296875 y=61.07999801635742 z=446.87322998046875 yaw=109.03790283203125 pitch=-5.25 roll=0.0
[08:17:30] [MC7DTD-entity-test-send/INFO]: Player proxy sent: {"type":"entity_state","version":1,"source":"minecraft","entity_type":"minecraft:player","entity_id":"2b5d33df-ba0f-4e79-993a-835569712da3","stream_id":"713531ef-e23c-4b5f-a07f-bfff2b852dd0","world_id":"mc-cf4dce40-2be1-372b-b914-917f5dcc644c","dimension":"minecraft:overworld","sequence":57,"lifecycle":{"event":"update"},"metadata":{},"position":{"x":-47.582858151634014,"y":71.0,"z":72.96406756812999,"space":"minecraft"},"rotation":{"yaw":322.0500907897949,"pitch":10.199995994567871,"roll":0}}
[08:17:31] [MC7DTD-websocket/INFO]: 7DTD entity received: {"authority":"7dtd","dimension":"7dtd:main","entity_id":"1844a553-9729-44e9-a434-c9a33a617d07","entity_type":"7dtd:player","lifecycle":{"event":"update"},"metadata":{},"origin":{"dimension":"7dtd:main","entity_id":"1844a553-9729-44e9-a434-c9a33a617d07","game":"7dtd","world_id":"td-0d917a4eff776d999148769266591579674d2c42de6557026893a1902834f11f"},"position":{"x":-273.03436279296875,"y":61.07999801635742,"z":446.87322998046875,"space":"minecraft"},"rotation":{"pitch":-5.25,"roll":0,"yaw":109.03790283203125},"sequence":69,"source":"7dtd","stream_id":"d7a4bfe8-e239-44a6-b23b-2ec527b4cf7e","type":"entity_state","version":2,"world_id":"td-0d917a4eff776d999148769266591579674d2c42de6557026893a1902834f11f","components":{"presentation":{"renderer":"humanoid","model":"survivor","scale":1.0,"variant":"default"}}}
[08:17:31] [MC7DTD-websocket/INFO]: [Presentation] entity=1844a553-9729-44e9-a434-c9a33a617d07 renderer=humanoid model=survivor variant=default scale=1.0
[08:17:31] [Render thread/INFO]: 7DTD proxy updated: id=1844a553-9729-44e9-a434-c9a33a617d07 sequence=69 x=-273.03436279296875 y=61.07999801635742 z=446.87322998046875 yaw=109.03790283203125 pitch=-5.25 roll=0.0
[08:17:31] [MC7DTD-entity-test-send/INFO]: Player proxy sent: {"type":"entity_state","version":1,"source":"minecraft","entity_type":"minecraft:player","entity_id":"2b5d33df-ba0f-4e79-993a-835569712da3","stream_id":"713531ef-e23c-4b5f-a07f-bfff2b852dd0","world_id":"mc-cf4dce40-2be1-372b-b914-917f5dcc644c","dimension":"minecraft:overworld","sequence":58,"lifecycle":{"event":"update"},"metadata":{},"position":{"x":-47.582858151634014,"y":71.0,"z":72.96406756812999,"space":"minecraft"},"rotation":{"yaw":322.0500907897949,"pitch":10.199995994567871,"roll":0}}
[08:17:31] [MC7DTD-websocket/INFO]: 7DTD entity received: {"authority":"7dtd","dimension":"7dtd:main","entity_id":"1844a553-9729-44e9-a434-c9a33a617d07","entity_type":"7dtd:player","lifecycle":{"event":"update"},"metadata":{},"origin":{"dimension":"7dtd:main","entity_id":"1844a553-9729-44e9-a434-c9a33a617d07","game":"7dtd","world_id":"td-0d917a4eff776d999148769266591579674d2c42de6557026893a1902834f11f"},"position":{"x":-273.03436279296875,"y":61.07999801635742,"z":446.87322998046875,"space":"minecraft"},"rotation":{"pitch":-5.25,"roll":0,"yaw":109.03790283203125},"sequence":70,"source":"7dtd","stream_id":"d7a4bfe8-e239-44a6-b23b-2ec527b4cf7e","type":"entity_state","version":2,"world_id":"td-0d917a4eff776d999148769266591579674d2c42de6557026893a1902834f11f","components":{"presentation":{"renderer":"humanoid","model":"survivor","scale":1.0,"variant":"default"}}}
[08:17:31] [MC7DTD-websocket/INFO]: [Presentation] entity=1844a553-9729-44e9-a434-c9a33a617d07 renderer=humanoid model=survivor variant=default scale=1.0
[08:17:31] [Render thread/INFO]: 7DTD proxy updated: id=1844a553-9729-44e9-a434-c9a33a617d07 sequence=70 x=-273.03436279296875 y=61.07999801635742 z=446.87322998046875 yaw=109.03790283203125 pitch=-5.25 roll=0.0
[08:17:31] [MC7DTD-entity-test-send/INFO]: Player proxy sent: {"type":"entity_state","version":1,"source":"minecraft","entity_type":"minecraft:player","entity_id":"2b5d33df-ba0f-4e79-993a-835569712da3","stream_id":"713531ef-e23c-4b5f-a07f-bfff2b852dd0","world_id":"mc-cf4dce40-2be1-372b-b914-917f5dcc644c","dimension":"minecraft:overworld","sequence":59,"lifecycle":{"event":"update"},"metadata":{},"position":{"x":-47.582858151634014,"y":71.0,"z":72.96406756812999,"space":"minecraft"},"rotation":{"yaw":322.0500907897949,"pitch":10.199995994567871,"roll":0}}
[08:17:32] [MC7DTD-websocket/INFO]: 7DTD entity received: {"authority":"7dtd","dimension":"7dtd:main","entity_id":"1844a553-9729-44e9-a434-c9a33a617d07","entity_type":"7dtd:player","lifecycle":{"event":"update"},"metadata":{},"origin":{"dimension":"7dtd:main","entity_id":"1844a553-9729-44e9-a434-c9a33a617d07","game":"7dtd","world_id":"td-0d917a4eff776d999148769266591579674d2c42de6557026893a1902834f11f"},"position":{"x":-273.03436279296875,"y":61.07999801635742,"z":446.87322998046875,"space":"minecraft"},"rotation":{"pitch":-5.25,"roll":0,"yaw":109.03790283203125},"sequence":71,"source":"7dtd","stream_id":"d7a4bfe8-e239-44a6-b23b-2ec527b4cf7e","type":"entity_state","version":2,"world_id":"td-0d917a4eff776d999148769266591579674d2c42de6557026893a1902834f11f","components":{"presentation":{"renderer":"humanoid","model":"survivor","scale":1.0,"variant":"default"}}}
[08:17:32] [MC7DTD-websocket/INFO]: [Presentation] entity=1844a553-9729-44e9-a434-c9a33a617d07 renderer=humanoid model=survivor variant=default scale=1.0
[08:17:32] [Render thread/INFO]: 7DTD proxy updated: id=1844a553-9729-44e9-a434-c9a33a617d07 sequence=71 x=-273.03436279296875 y=61.07999801635742 z=446.87322998046875 yaw=109.03790283203125 pitch=-5.25 roll=0.0
[08:17:32] [MC7DTD-entity-test-send/INFO]: Player proxy sent: {"type":"entity_state","version":1,"source":"minecraft","entity_type":"minecraft:player","entity_id":"2b5d33df-ba0f-4e79-993a-835569712da3","stream_id":"713531ef-e23c-4b5f-a07f-bfff2b852dd0","world_id":"mc-cf4dce40-2be1-372b-b914-917f5dcc644c","dimension":"minecraft:overworld","sequence":60,"lifecycle":{"event":"update"},"metadata":{},"position":{"x":-47.582858151634014,"y":71.0,"z":72.96406756812999,"space":"minecraft"},"rotation":{"yaw":322.0500907897949,"pitch":10.199995994567871,"roll":0}}
[08:17:32] [MC7DTD-websocket/INFO]: 7DTD entity received: {"authority":"7dtd","dimension":"7dtd:main","entity_id":"1844a553-9729-44e9-a434-c9a33a617d07","entity_type":"7dtd:player","lifecycle":{"event":"update"},"metadata":{},"origin":{"dimension":"7dtd:main","entity_id":"1844a553-9729-44e9-a434-c9a33a617d07","game":"7dtd","world_id":"td-0d917a4eff776d999148769266591579674d2c42de6557026893a1902834f11f"},"position":{"x":-273.03436279296875,"y":61.07999801635742,"z":446.87322998046875,"space":"minecraft"},"rotation":{"pitch":-5.25,"roll":0,"yaw":109.03790283203125},"sequence":72,"source":"7dtd","stream_id":"d7a4bfe8-e239-44a6-b23b-2ec527b4cf7e","type":"entity_state","version":2,"world_id":"td-0d917a4eff776d999148769266591579674d2c42de6557026893a1902834f11f","components":{"presentation":{"renderer":"humanoid","model":"survivor","scale":1.0,"variant":"default"}}}
[08:17:32] [MC7DTD-websocket/INFO]: [Presentation] entity=1844a553-9729-44e9-a434-c9a33a617d07 renderer=humanoid model=survivor variant=default scale=1.0
[08:17:32] [Render thread/INFO]: 7DTD proxy updated: id=1844a553-9729-44e9-a434-c9a33a617d07 sequence=72 x=-273.03436279296875 y=61.07999801635742 z=446.87322998046875 yaw=109.03790283203125 pitch=-5.25 roll=0.0
[08:17:32] [MC7DTD-entity-test-send/INFO]: Player proxy sent: {"type":"entity_state","version":1,"source":"minecraft","entity_type":"minecraft:player","entity_id":"2b5d33df-ba0f-4e79-993a-835569712da3","stream_id":"713531ef-e23c-4b5f-a07f-bfff2b852dd0","world_id":"mc-cf4dce40-2be1-372b-b914-917f5dcc644c","dimension":"minecraft:overworld","sequence":61,"lifecycle":{"event":"update"},"metadata":{},"position":{"x":-47.582858151634014,"y":71.0,"z":72.96406756812999,"space":"minecraft"},"rotation":{"yaw":322.0500907897949,"pitch":10.199995994567871,"roll":0}}
[08:17:33] [MC7DTD-websocket/INFO]: 7DTD entity received: {"authority":"7dtd","dimension":"7dtd:main","entity_id":"1844a553-9729-44e9-a434-c9a33a617d07","entity_type":"7dtd:player","lifecycle":{"event":"update"},"metadata":{},"origin":{"dimension":"7dtd:main","entity_id":"1844a553-9729-44e9-a434-c9a33a617d07","game":"7dtd","world_id":"td-0d917a4eff776d999148769266591579674d2c42de6557026893a1902834f11f"},"position":{"x":-273.03436279296875,"y":61.07999801635742,"z":446.87322998046875,"space":"minecraft"},"rotation":{"pitch":-5.25,"roll":0,"yaw":109.03790283203125},"sequence":73,"source":"7dtd","stream_id":"d7a4bfe8-e239-44a6-b23b-2ec527b4cf7e","type":"entity_state","version":2,"world_id":"td-0d917a4eff776d999148769266591579674d2c42de6557026893a1902834f11f","components":{"presentation":{"renderer":"humanoid","model":"survivor","scale":1.0,"variant":"default"}}}
[08:17:33] [MC7DTD-websocket/INFO]: [Presentation] entity=1844a553-9729-44e9-a434-c9a33a617d07 renderer=humanoid model=survivor variant=default scale=1.0
[08:17:33] [Render thread/INFO]: 7DTD proxy updated: id=1844a553-9729-44e9-a434-c9a33a617d07 sequence=73 x=-273.03436279296875 y=61.07999801635742 z=446.87322998046875 yaw=109.03790283203125 pitch=-5.25 roll=0.0
[08:17:33] [MC7DTD-entity-test-send/INFO]: Player proxy sent: {"type":"entity_state","version":1,"source":"minecraft","entity_type":"minecraft:player","entity_id":"2b5d33df-ba0f-4e79-993a-835569712da3","stream_id":"713531ef-e23c-4b5f-a07f-bfff2b852dd0","world_id":"mc-cf4dce40-2be1-372b-b914-917f5dcc644c","dimension":"minecraft:overworld","sequence":62,"lifecycle":{"event":"update"},"metadata":{},"position":{"x":-47.582858151634014,"y":71.0,"z":72.96406756812999,"space":"minecraft"},"rotation":{"yaw":322.0500907897949,"pitch":10.199995994567871,"roll":0}}
[08:17:33] [MC7DTD-websocket/INFO]: 7DTD entity received: {"authority":"7dtd","dimension":"7dtd:main","entity_id":"1844a553-9729-44e9-a434-c9a33a617d07","entity_type":"7dtd:player","lifecycle":{"event":"update"},"metadata":{},"origin":{"dimension":"7dtd:main","entity_id":"1844a553-9729-44e9-a434-c9a33a617d07","game":"7dtd","world_id":"td-0d917a4eff776d999148769266591579674d2c42de6557026893a1902834f11f"},"position":{"x":-273.03436279296875,"y":61.07999801635742,"z":446.87322998046875,"space":"minecraft"},"rotation":{"pitch":-5.25,"roll":0,"yaw":109.03790283203125},"sequence":74,"source":"7dtd","stream_id":"d7a4bfe8-e239-44a6-b23b-2ec527b4cf7e","type":"entity_state","version":2,"world_id":"td-0d917a4eff776d999148769266591579674d2c42de6557026893a1902834f11f","components":{"presentation":{"renderer":"humanoid","model":"survivor","scale":1.0,"variant":"default"}}}
[08:17:33] [MC7DTD-websocket/INFO]: [Presentation] entity=1844a553-9729-44e9-a434-c9a33a617d07 renderer=humanoid model=survivor variant=default scale=1.0
[08:17:33] [Render thread/INFO]: 7DTD proxy updated: id=1844a553-9729-44e9-a434-c9a33a617d07 sequence=74 x=-273.03436279296875 y=61.07999801635742 z=446.87322998046875 yaw=109.03790283203125 pitch=-5.25 roll=0.0
[08:17:34] [MC7DTD-entity-test-send/INFO]: Player proxy sent: {"type":"entity_state","version":1,"source":"minecraft","entity_type":"minecraft:player","entity_id":"2b5d33df-ba0f-4e79-993a-835569712da3","stream_id":"713531ef-e23c-4b5f-a07f-bfff2b852dd0","world_id":"mc-cf4dce40-2be1-372b-b914-917f5dcc644c","dimension":"minecraft:overworld","sequence":63,"lifecycle":{"event":"update"},"metadata":{},"position":{"x":-47.582858151634014,"y":71.0,"z":72.96406756812999,"space":"minecraft"},"rotation":{"yaw":322.0500907897949,"pitch":10.199995994567871,"roll":0}}
[08:17:34] [MC7DTD-websocket/INFO]: 7DTD entity received: {"authority":"7dtd","dimension":"7dtd:main","entity_id":"1844a553-9729-44e9-a434-c9a33a617d07","entity_type":"7dtd:player","lifecycle":{"event":"update"},"metadata":{},"origin":{"dimension":"7dtd:main","entity_id":"1844a553-9729-44e9-a434-c9a33a617d07","game":"7dtd","world_id":"td-0d917a4eff776d999148769266591579674d2c42de6557026893a1902834f11f"},"position":{"x":-273.03436279296875,"y":61.07999801635742,"z":446.87322998046875,"space":"minecraft"},"rotation":{"pitch":-5.25,"roll":0,"yaw":109.03790283203125},"sequence":75,"source":"7dtd","stream_id":"d7a4bfe8-e239-44a6-b23b-2ec527b4cf7e","type":"entity_state","version":2,"world_id":"td-0d917a4eff776d999148769266591579674d2c42de6557026893a1902834f11f","components":{"presentation":{"renderer":"humanoid","model":"survivor","scale":1.0,"variant":"default"}}}
[08:17:34] [MC7DTD-websocket/INFO]: [Presentation] entity=1844a553-9729-44e9-a434-c9a33a617d07 renderer=humanoid model=survivor variant=default scale=1.0
[08:17:34] [Render thread/INFO]: 7DTD proxy updated: id=1844a553-9729-44e9-a434-c9a33a617d07 sequence=75 x=-273.03436279296875 y=61.07999801635742 z=446.87322998046875 yaw=109.03790283203125 pitch=-5.25 roll=0.0
[08:17:34] [MC7DTD-entity-test-send/INFO]: Player proxy sent: {"type":"entity_state","version":1,"source":"minecraft","entity_type":"minecraft:player","entity_id":"2b5d33df-ba0f-4e79-993a-835569712da3","stream_id":"713531ef-e23c-4b5f-a07f-bfff2b852dd0","world_id":"mc-cf4dce40-2be1-372b-b914-917f5dcc644c","dimension":"minecraft:overworld","sequence":64,"lifecycle":{"event":"update"},"metadata":{},"position":{"x":-47.582858151634014,"y":71.0,"z":72.96406756812999,"space":"minecraft"},"rotation":{"yaw":322.0500907897949,"pitch":10.199995994567871,"roll":0}}
[08:17:34] [MC7DTD-websocket/INFO]: 7DTD entity received: {"authority":"7dtd","dimension":"7dtd:main","entity_id":"1844a553-9729-44e9-a434-c9a33a617d07","entity_type":"7dtd:player","lifecycle":{"event":"update"},"metadata":{},"origin":{"dimension":"7dtd:main","entity_id":"1844a553-9729-44e9-a434-c9a33a617d07","game":"7dtd","world_id":"td-0d917a4eff776d999148769266591579674d2c42de6557026893a1902834f11f"},"position":{"x":-273.03436279296875,"y":61.07999801635742,"z":446.87322998046875,"space":"minecraft"},"rotation":{"pitch":-5.25,"roll":0,"yaw":109.03790283203125},"sequence":76,"source":"7dtd","stream_id":"d7a4bfe8-e239-44a6-b23b-2ec527b4cf7e","type":"entity_state","version":2,"world_id":"td-0d917a4eff776d999148769266591579674d2c42de6557026893a1902834f11f","components":{"presentation":{"renderer":"humanoid","model":"survivor","scale":1.0,"variant":"default"}}}
[08:17:34] [MC7DTD-websocket/INFO]: [Presentation] entity=1844a553-9729-44e9-a434-c9a33a617d07 renderer=humanoid model=survivor variant=default scale=1.0
[08:17:34] [Render thread/INFO]: 7DTD proxy updated: id=1844a553-9729-44e9-a434-c9a33a617d07 sequence=76 x=-273.03436279296875 y=61.07999801635742 z=446.87322998046875 yaw=109.03790283203125 pitch=-5.25 roll=0.0
[08:17:35] [MC7DTD-entity-test-send/INFO]: Player proxy sent: {"type":"entity_state","version":1,"source":"minecraft","entity_type":"minecraft:player","entity_id":"2b5d33df-ba0f-4e79-993a-835569712da3","stream_id":"713531ef-e23c-4b5f-a07f-bfff2b852dd0","world_id":"mc-cf4dce40-2be1-372b-b914-917f5dcc644c","dimension":"minecraft:overworld","sequence":65,"lifecycle":{"event":"update"},"metadata":{},"position":{"x":-47.582858151634014,"y":71.0,"z":72.96406756812999,"space":"minecraft"},"rotation":{"yaw":322.0500907897949,"pitch":10.199995994567871,"roll":0}}
[08:17:35] [MC7DTD-websocket/INFO]: 7DTD entity received: {"authority":"7dtd","dimension":"7dtd:main","entity_id":"1844a553-9729-44e9-a434-c9a33a617d07","entity_type":"7dtd:player","lifecycle":{"event":"update"},"metadata":{},"origin":{"dimension":"7dtd:main","entity_id":"1844a553-9729-44e9-a434-c9a33a617d07","game":"7dtd","world_id":"td-0d917a4eff776d999148769266591579674d2c42de6557026893a1902834f11f"},"position":{"x":-273.03436279296875,"y":61.07999801635742,"z":446.87322998046875,"space":"minecraft"},"rotation":{"pitch":-5.25,"roll":0,"yaw":109.03790283203125},"sequence":77,"source":"7dtd","stream_id":"d7a4bfe8-e239-44a6-b23b-2ec527b4cf7e","type":"entity_state","version":2,"world_id":"td-0d917a4eff776d999148769266591579674d2c42de6557026893a1902834f11f","components":{"presentation":{"renderer":"humanoid","model":"survivor","scale":1.0,"variant":"default"}}}
[08:17:35] [MC7DTD-websocket/INFO]: [Presentation] entity=1844a553-9729-44e9-a434-c9a33a617d07 renderer=humanoid model=survivor variant=default scale=1.0
[08:17:35] [Render thread/INFO]: 7DTD proxy updated: id=1844a553-9729-44e9-a434-c9a33a617d07 sequence=77 x=-273.03436279296875 y=61.07999801635742 z=446.87322998046875 yaw=109.03790283203125 pitch=-5.25 roll=0.0
[08:17:35] [MC7DTD-entity-test-send/INFO]: Player proxy sent: {"type":"entity_state","version":1,"source":"minecraft","entity_type":"minecraft:player","entity_id":"2b5d33df-ba0f-4e79-993a-835569712da3","stream_id":"713531ef-e23c-4b5f-a07f-bfff2b852dd0","world_id":"mc-cf4dce40-2be1-372b-b914-917f5dcc644c","dimension":"minecraft:overworld","sequence":66,"lifecycle":{"event":"update"},"metadata":{},"position":{"x":-47.582858151634014,"y":71.0,"z":72.96406756812999,"space":"minecraft"},"rotation":{"yaw":322.0500907897949,"pitch":10.199995994567871,"roll":0}}
[08:17:35] [MC7DTD-websocket/INFO]: 7DTD entity received: {"authority":"7dtd","dimension":"7dtd:main","entity_id":"1844a553-9729-44e9-a434-c9a33a617d07","entity_type":"7dtd:player","lifecycle":{"event":"update"},"metadata":{},"origin":{"dimension":"7dtd:main","entity_id":"1844a553-9729-44e9-a434-c9a33a617d07","game":"7dtd","world_id":"td-0d917a4eff776d999148769266591579674d2c42de6557026893a1902834f11f"},"position":{"x":-273.03436279296875,"y":61.07999801635742,"z":446.87322998046875,"space":"minecraft"},"rotation":{"pitch":-5.25,"roll":0,"yaw":109.03790283203125},"sequence":78,"source":"7dtd","stream_id":"d7a4bfe8-e239-44a6-b23b-2ec527b4cf7e","type":"entity_state","version":2,"world_id":"td-0d917a4eff776d999148769266591579674d2c42de6557026893a1902834f11f","components":{"presentation":{"renderer":"humanoid","model":"survivor","scale":1.0,"variant":"default"}}}
[08:17:35] [MC7DTD-websocket/INFO]: [Presentation] entity=1844a553-9729-44e9-a434-c9a33a617d07 renderer=humanoid model=survivor variant=default scale=1.0
[08:17:35] [Render thread/INFO]: 7DTD proxy updated: id=1844a553-9729-44e9-a434-c9a33a617d07 sequence=78 x=-273.03436279296875 y=61.07999801635742 z=446.87322998046875 yaw=109.03790283203125 pitch=-5.25 roll=0.0
[08:17:36] [MC7DTD-entity-test-send/INFO]: Player proxy sent: {"type":"entity_state","version":1,"source":"minecraft","entity_type":"minecraft:player","entity_id":"2b5d33df-ba0f-4e79-993a-835569712da3","stream_id":"713531ef-e23c-4b5f-a07f-bfff2b852dd0","world_id":"mc-cf4dce40-2be1-372b-b914-917f5dcc644c","dimension":"minecraft:overworld","sequence":67,"lifecycle":{"event":"update"},"metadata":{},"position":{"x":-47.582858151634014,"y":71.0,"z":72.96406756812999,"space":"minecraft"},"rotation":{"yaw":322.0500907897949,"pitch":10.199995994567871,"roll":0}}
[08:17:36] [MC7DTD-websocket/INFO]: 7DTD entity received: {"authority":"7dtd","dimension":"7dtd:main","entity_id":"1844a553-9729-44e9-a434-c9a33a617d07","entity_type":"7dtd:player","lifecycle":{"event":"update"},"metadata":{},"origin":{"dimension":"7dtd:main","entity_id":"1844a553-9729-44e9-a434-c9a33a617d07","game":"7dtd","world_id":"td-0d917a4eff776d999148769266591579674d2c42de6557026893a1902834f11f"},"position":{"x":-273.03436279296875,"y":61.07999801635742,"z":446.87322998046875,"space":"minecraft"},"rotation":{"pitch":-5.25,"roll":0,"yaw":109.03790283203125},"sequence":79,"source":"7dtd","stream_id":"d7a4bfe8-e239-44a6-b23b-2ec527b4cf7e","type":"entity_state","version":2,"world_id":"td-0d917a4eff776d999148769266591579674d2c42de6557026893a1902834f11f","components":{"presentation":{"renderer":"humanoid","model":"survivor","scale":1.0,"variant":"default"}}}
[08:17:36] [MC7DTD-websocket/INFO]: [Presentation] entity=1844a553-9729-44e9-a434-c9a33a617d07 renderer=humanoid model=survivor variant=default scale=1.0
[08:17:36] [Render thread/INFO]: 7DTD proxy updated: id=1844a553-9729-44e9-a434-c9a33a617d07 sequence=79 x=-273.03436279296875 y=61.07999801635742 z=446.87322998046875 yaw=109.03790283203125 pitch=-5.25 roll=0.0
[08:17:36] [MC7DTD-entity-test-send/INFO]: Player proxy sent: {"type":"entity_state","version":1,"source":"minecraft","entity_type":"minecraft:player","entity_id":"2b5d33df-ba0f-4e79-993a-835569712da3","stream_id":"713531ef-e23c-4b5f-a07f-bfff2b852dd0","world_id":"mc-cf4dce40-2be1-372b-b914-917f5dcc644c","dimension":"minecraft:overworld","sequence":68,"lifecycle":{"event":"update"},"metadata":{},"position":{"x":-47.582858151634014,"y":71.0,"z":72.96406756812999,"space":"minecraft"},"rotation":{"yaw":322.0500907897949,"pitch":10.199995994567871,"roll":0}}
[08:17:36] [MC7DTD-websocket/INFO]: 7DTD entity received: {"authority":"7dtd","dimension":"7dtd:main","entity_id":"1844a553-9729-44e9-a434-c9a33a617d07","entity_type":"7dtd:player","lifecycle":{"event":"update"},"metadata":{},"origin":{"dimension":"7dtd:main","entity_id":"1844a553-9729-44e9-a434-c9a33a617d07","game":"7dtd","world_id":"td-0d917a4eff776d999148769266591579674d2c42de6557026893a1902834f11f"},"position":{"x":-273.03436279296875,"y":61.07999801635742,"z":446.87322998046875,"space":"minecraft"},"rotation":{"pitch":-5.25,"roll":0,"yaw":109.03790283203125},"sequence":80,"source":"7dtd","stream_id":"d7a4bfe8-e239-44a6-b23b-2ec527b4cf7e","type":"entity_state","version":2,"world_id":"td-0d917a4eff776d999148769266591579674d2c42de6557026893a1902834f11f","components":{"presentation":{"renderer":"humanoid","model":"survivor","scale":1.0,"variant":"default"}}}
[08:17:36] [MC7DTD-websocket/INFO]: [Presentation] entity=1844a553-9729-44e9-a434-c9a33a617d07 renderer=humanoid model=survivor variant=default scale=1.0
[08:17:36] [Render thread/INFO]: 7DTD proxy updated: id=1844a553-9729-44e9-a434-c9a33a617d07 sequence=80 x=-273.03436279296875 y=61.07999801635742 z=446.87322998046875 yaw=109.03790283203125 pitch=-5.25 roll=0.0
[08:17:37] [MC7DTD-entity-test-send/INFO]: Player proxy sent: {"type":"entity_state","version":1,"source":"minecraft","entity_type":"minecraft:player","entity_id":"2b5d33df-ba0f-4e79-993a-835569712da3","stream_id":"713531ef-e23c-4b5f-a07f-bfff2b852dd0","world_id":"mc-cf4dce40-2be1-372b-b914-917f5dcc644c","dimension":"minecraft:overworld","sequence":69,"lifecycle":{"event":"update"},"metadata":{},"position":{"x":-47.582858151634014,"y":71.0,"z":72.96406756812999,"space":"minecraft"},"rotation":{"yaw":322.0500907897949,"pitch":10.199995994567871,"roll":0}}
[08:17:37] [MC7DTD-websocket/INFO]: 7DTD entity received: {"authority":"7dtd","dimension":"7dtd:main","entity_id":"1844a553-9729-44e9-a434-c9a33a617d07","entity_type":"7dtd:player","lifecycle":{"event":"update"},"metadata":{},"origin":{"dimension":"7dtd:main","entity_id":"1844a553-9729-44e9-a434-c9a33a617d07","game":"7dtd","world_id":"td-0d917a4eff776d999148769266591579674d2c42de6557026893a1902834f11f"},"position":{"x":-273.03436279296875,"y":61.07999801635742,"z":446.87322998046875,"space":"minecraft"},"rotation":{"pitch":-5.25,"roll":0,"yaw":109.03790283203125},"sequence":81,"source":"7dtd","stream_id":"d7a4bfe8-e239-44a6-b23b-2ec527b4cf7e","type":"entity_state","version":2,"world_id":"td-0d917a4eff776d999148769266591579674d2c42de6557026893a1902834f11f","components":{"presentation":{"renderer":"humanoid","model":"survivor","scale":1.0,"variant":"default"}}}
[08:17:37] [MC7DTD-websocket/INFO]: [Presentation] entity=1844a553-9729-44e9-a434-c9a33a617d07 renderer=humanoid model=survivor variant=default scale=1.0
[08:17:37] [Render thread/INFO]: 7DTD proxy updated: id=1844a553-9729-44e9-a434-c9a33a617d07 sequence=81 x=-273.03436279296875 y=61.07999801635742 z=446.87322998046875 yaw=109.03790283203125 pitch=-5.25 roll=0.0
[08:17:37] [MC7DTD-websocket/INFO]: 7DTD entity received: {"authority":"7dtd","dimension":"7dtd:main","entity_id":"1844a553-9729-44e9-a434-c9a33a617d07","entity_type":"7dtd:player","lifecycle":{"event":"update"},"metadata":{},"origin":{"dimension":"7dtd:main","entity_id":"1844a553-9729-44e9-a434-c9a33a617d07","game":"7dtd","world_id":"td-0d917a4eff776d999148769266591579674d2c42de6557026893a1902834f11f"},"position":{"x":-273.03436279296875,"y":61.07999801635742,"z":446.87322998046875,"space":"minecraft"},"rotation":{"pitch":-5.25,"roll":0,"yaw":109.03790283203125},"sequence":82,"source":"7dtd","stream_id":"d7a4bfe8-e239-44a6-b23b-2ec527b4cf7e","type":"entity_state","version":2,"world_id":"td-0d917a4eff776d999148769266591579674d2c42de6557026893a1902834f11f","components":{"presentation":{"renderer":"humanoid","model":"survivor","scale":1.0,"variant":"default"}}}
[08:17:37] [MC7DTD-entity-test-send/INFO]: Player proxy sent: {"type":"entity_state","version":1,"source":"minecraft","entity_type":"minecraft:player","entity_id":"2b5d33df-ba0f-4e79-993a-835569712da3","stream_id":"713531ef-e23c-4b5f-a07f-bfff2b852dd0","world_id":"mc-cf4dce40-2be1-372b-b914-917f5dcc644c","dimension":"minecraft:overworld","sequence":70,"lifecycle":{"event":"update"},"metadata":{},"position":{"x":-47.582858151634014,"y":71.0,"z":72.96406756812999,"space":"minecraft"},"rotation":{"yaw":322.0500907897949,"pitch":10.199995994567871,"roll":0}}
[08:17:37] [MC7DTD-websocket/INFO]: [Presentation] entity=1844a553-9729-44e9-a434-c9a33a617d07 renderer=humanoid model=survivor variant=default scale=1.0
[08:17:37] [Render thread/INFO]: 7DTD proxy updated: id=1844a553-9729-44e9-a434-c9a33a617d07 sequence=82 x=-273.03436279296875 y=61.07999801635742 z=446.87322998046875 yaw=109.03790283203125 pitch=-5.25 roll=0.0
[08:17:38] [MC7DTD-websocket/INFO]: 7DTD entity received: {"authority":"7dtd","dimension":"7dtd:main","entity_id":"1844a553-9729-44e9-a434-c9a33a617d07","entity_type":"7dtd:player","lifecycle":{"event":"update"},"metadata":{},"origin":{"dimension":"7dtd:main","entity_id":"1844a553-9729-44e9-a434-c9a33a617d07","game":"7dtd","world_id":"td-0d917a4eff776d999148769266591579674d2c42de6557026893a1902834f11f"},"position":{"x":-273.03436279296875,"y":61.07999801635742,"z":446.87322998046875,"space":"minecraft"},"rotation":{"pitch":-5.25,"roll":0,"yaw":109.03790283203125},"sequence":83,"source":"7dtd","stream_id":"d7a4bfe8-e239-44a6-b23b-2ec527b4cf7e","type":"entity_state","version":2,"world_id":"td-0d917a4eff776d999148769266591579674d2c42de6557026893a1902834f11f","components":{"presentation":{"renderer":"humanoid","model":"survivor","scale":1.0,"variant":"default"}}}
[08:17:38] [MC7DTD-websocket/INFO]: [Presentation] entity=1844a553-9729-44e9-a434-c9a33a617d07 renderer=humanoid model=survivor variant=default scale=1.0
[08:17:38] [Render thread/INFO]: 7DTD proxy updated: id=1844a553-9729-44e9-a434-c9a33a617d07 sequence=83 x=-273.03436279296875 y=61.07999801635742 z=446.87322998046875 yaw=109.03790283203125 pitch=-5.25 roll=0.0
[08:17:38] [MC7DTD-entity-test-send/INFO]: Player proxy sent: {"type":"entity_state","version":1,"source":"minecraft","entity_type":"minecraft:player","entity_id":"2b5d33df-ba0f-4e79-993a-835569712da3","stream_id":"713531ef-e23c-4b5f-a07f-bfff2b852dd0","world_id":"mc-cf4dce40-2be1-372b-b914-917f5dcc644c","dimension":"minecraft:overworld","sequence":71,"lifecycle":{"event":"update"},"metadata":{},"position":{"x":-47.582858151634014,"y":71.0,"z":72.96406756812999,"space":"minecraft"},"rotation":{"yaw":322.0500907897949,"pitch":10.199995994567871,"roll":0}}
[08:17:38] [Render thread/INFO]: [System] [CHAT] Presentation test queued: update (check Bridge and 7DTD logs)
[08:17:38] [MC7DTD-entity-test-send/INFO]: Entity test sent: {"type":"entity_state","version":1,"source":"minecraft","stream_id":"f78bcc0e-64a0-470d-a4d4-142fa20678be","entity_id":"92d5fc0a-2865-4267-9f17-eb661dbae119","entity_type":"minecraft:marker","world_id":"runtime-acceptance","dimension":"minecraft:overworld","sequence":2,"position":{"x":-47.582858151634014,"y":71.0,"z":72.96406756812999,"space":"minecraft"},"rotation":{"yaw":322.05008,"pitch":10.199996,"roll":0},"lifecycle":{"event":"update"},"metadata":{},"components":{"presentation":{"scale":1.5}}}
[08:17:38] [MC7DTD-websocket/INFO]: 7DTD entity received: {"authority":"7dtd","dimension":"7dtd:main","entity_id":"1844a553-9729-44e9-a434-c9a33a617d07","entity_type":"7dtd:player","lifecycle":{"event":"update"},"metadata":{},"origin":{"dimension":"7dtd:main","entity_id":"1844a553-9729-44e9-a434-c9a33a617d07","game":"7dtd","world_id":"td-0d917a4eff776d999148769266591579674d2c42de6557026893a1902834f11f"},"position":{"x":-273.03436279296875,"y":61.07999801635742,"z":446.87322998046875,"space":"minecraft"},"rotation":{"pitch":-5.25,"roll":0,"yaw":109.03790283203125},"sequence":84,"source":"7dtd","stream_id":"d7a4bfe8-e239-44a6-b23b-2ec527b4cf7e","type":"entity_state","version":2,"world_id":"td-0d917a4eff776d999148769266591579674d2c42de6557026893a1902834f11f","components":{"presentation":{"renderer":"humanoid","model":"survivor","scale":1.0,"variant":"default"}}}
[08:17:38] [MC7DTD-websocket/INFO]: [Presentation] entity=1844a553-9729-44e9-a434-c9a33a617d07 renderer=humanoid model=survivor variant=default scale=1.0
[08:17:38] [Render thread/INFO]: 7DTD proxy updated: id=1844a553-9729-44e9-a434-c9a33a617d07 sequence=84 x=-273.03436279296875 y=61.07999801635742 z=446.87322998046875 yaw=109.03790283203125 pitch=-5.25 roll=0.0
[08:17:38] [MC7DTD-entity-test-send/INFO]: Player proxy sent: {"type":"entity_state","version":1,"source":"minecraft","entity_type":"minecraft:player","entity_id":"2b5d33df-ba0f-4e79-993a-835569712da3","stream_id":"713531ef-e23c-4b5f-a07f-bfff2b852dd0","world_id":"mc-cf4dce40-2be1-372b-b914-917f5dcc644c","dimension":"minecraft:overworld","sequence":72,"lifecycle":{"event":"update"},"metadata":{},"position":{"x":-47.582858151634014,"y":71.0,"z":72.96406756812999,"space":"minecraft"},"rotation":{"yaw":322.0500907897949,"pitch":10.199995994567871,"roll":0}}
[08:17:39] [MC7DTD-websocket/INFO]: 7DTD entity received: {"authority":"7dtd","dimension":"7dtd:main","entity_id":"1844a553-9729-44e9-a434-c9a33a617d07","entity_type":"7dtd:player","lifecycle":{"event":"update"},"metadata":{},"origin":{"dimension":"7dtd:main","entity_id":"1844a553-9729-44e9-a434-c9a33a617d07","game":"7dtd","world_id":"td-0d917a4eff776d999148769266591579674d2c42de6557026893a1902834f11f"},"position":{"x":-273.03436279296875,"y":61.07999801635742,"z":446.87322998046875,"space":"minecraft"},"rotation":{"pitch":-5.25,"roll":0,"yaw":109.03790283203125},"sequence":85,"source":"7dtd","stream_id":"d7a4bfe8-e239-44a6-b23b-2ec527b4cf7e","type":"entity_state","version":2,"world_id":"td-0d917a4eff776d999148769266591579674d2c42de6557026893a1902834f11f","components":{"presentation":{"renderer":"humanoid","model":"survivor","scale":1.0,"variant":"default"}}}
[08:17:39] [MC7DTD-websocket/INFO]: [Presentation] entity=1844a553-9729-44e9-a434-c9a33a617d07 renderer=humanoid model=survivor variant=default scale=1.0
[08:17:39] [Render thread/INFO]: 7DTD proxy updated: id=1844a553-9729-44e9-a434-c9a33a617d07 sequence=85 x=-273.03436279296875 y=61.07999801635742 z=446.87322998046875 yaw=109.03790283203125 pitch=-5.25 roll=0.0
[08:17:39] [MC7DTD-entity-test-send/INFO]: Player proxy sent: {"type":"entity_state","version":1,"source":"minecraft","entity_type":"minecraft:player","entity_id":"2b5d33df-ba0f-4e79-993a-835569712da3","stream_id":"713531ef-e23c-4b5f-a07f-bfff2b852dd0","world_id":"mc-cf4dce40-2be1-372b-b914-917f5dcc644c","dimension":"minecraft:overworld","sequence":73,"lifecycle":{"event":"update"},"metadata":{},"position":{"x":-47.582858151634014,"y":71.0,"z":72.96406756812999,"space":"minecraft"},"rotation":{"yaw":322.0500907897949,"pitch":10.199995994567871,"roll":0}}
[08:17:39] [MC7DTD-websocket/INFO]: 7DTD entity received: {"authority":"7dtd","dimension":"7dtd:main","entity_id":"1844a553-9729-44e9-a434-c9a33a617d07","entity_type":"7dtd:player","lifecycle":{"event":"update"},"metadata":{},"origin":{"dimension":"7dtd:main","entity_id":"1844a553-9729-44e9-a434-c9a33a617d07","game":"7dtd","world_id":"td-0d917a4eff776d999148769266591579674d2c42de6557026893a1902834f11f"},"position":{"x":-273.03436279296875,"y":61.07999801635742,"z":446.87322998046875,"space":"minecraft"},"rotation":{"pitch":-5.25,"roll":0,"yaw":109.03790283203125},"sequence":86,"source":"7dtd","stream_id":"d7a4bfe8-e239-44a6-b23b-2ec527b4cf7e","type":"entity_state","version":2,"world_id":"td-0d917a4eff776d999148769266591579674d2c42de6557026893a1902834f11f","components":{"presentation":{"renderer":"humanoid","model":"survivor","scale":1.0,"variant":"default"}}}
[08:17:39] [MC7DTD-websocket/INFO]: [Presentation] entity=1844a553-9729-44e9-a434-c9a33a617d07 renderer=humanoid model=survivor variant=default scale=1.0
[08:17:39] [Render thread/INFO]: 7DTD proxy updated: id=1844a553-9729-44e9-a434-c9a33a617d07 sequence=86 x=-273.03436279296875 y=61.07999801635742 z=446.87322998046875 yaw=109.03790283203125 pitch=-5.25 roll=0.0
[08:17:39] [MC7DTD-entity-test-send/INFO]: Player proxy sent: {"type":"entity_state","version":1,"source":"minecraft","entity_type":"minecraft:player","entity_id":"2b5d33df-ba0f-4e79-993a-835569712da3","stream_id":"713531ef-e23c-4b5f-a07f-bfff2b852dd0","world_id":"mc-cf4dce40-2be1-372b-b914-917f5dcc644c","dimension":"minecraft:overworld","sequence":74,"lifecycle":{"event":"update"},"metadata":{},"position":{"x":-47.582858151634014,"y":71.0,"z":72.96406756812999,"space":"minecraft"},"rotation":{"yaw":321.900089263916,"pitch":10.349995613098145,"roll":0}}
[08:17:40] [MC7DTD-websocket/INFO]: 7DTD entity received: {"authority":"7dtd","dimension":"7dtd:main","entity_id":"1844a553-9729-44e9-a434-c9a33a617d07","entity_type":"7dtd:player","lifecycle":{"event":"update"},"metadata":{},"origin":{"dimension":"7dtd:main","entity_id":"1844a553-9729-44e9-a434-c9a33a617d07","game":"7dtd","world_id":"td-0d917a4eff776d999148769266591579674d2c42de6557026893a1902834f11f"},"position":{"x":-273.03436279296875,"y":61.07999801635742,"z":446.87322998046875,"space":"minecraft"},"rotation":{"pitch":-5.25,"roll":0,"yaw":109.03790283203125},"sequence":87,"source":"7dtd","stream_id":"d7a4bfe8-e239-44a6-b23b-2ec527b4cf7e","type":"entity_state","version":2,"world_id":"td-0d917a4eff776d999148769266591579674d2c42de6557026893a1902834f11f","components":{"presentation":{"renderer":"humanoid","model":"survivor","scale":1.0,"variant":"default"}}}
[08:17:40] [MC7DTD-websocket/INFO]: [Presentation] entity=1844a553-9729-44e9-a434-c9a33a617d07 renderer=humanoid model=survivor variant=default scale=1.0
[08:17:40] [Render thread/INFO]: 7DTD proxy updated: id=1844a553-9729-44e9-a434-c9a33a617d07 sequence=87 x=-273.03436279296875 y=61.07999801635742 z=446.87322998046875 yaw=109.03790283203125 pitch=-5.25 roll=0.0
[08:17:40] [MC7DTD-entity-test-send/INFO]: Player proxy sent: {"type":"entity_state","version":1,"source":"minecraft","entity_type":"minecraft:player","entity_id":"2b5d33df-ba0f-4e79-993a-835569712da3","stream_id":"713531ef-e23c-4b5f-a07f-bfff2b852dd0","world_id":"mc-cf4dce40-2be1-372b-b914-917f5dcc644c","dimension":"minecraft:overworld","sequence":75,"lifecycle":{"event":"update"},"metadata":{},"position":{"x":-47.582858151634014,"y":71.0,"z":72.96406756812999,"space":"minecraft"},"rotation":{"yaw":319.35008239746094,"pitch":11.549994468688965,"roll":0}}
[08:17:40] [MC7DTD-websocket/INFO]: 7DTD entity received: {"authority":"7dtd","dimension":"7dtd:main","entity_id":"1844a553-9729-44e9-a434-c9a33a617d07","entity_type":"7dtd:player","lifecycle":{"event":"update"},"metadata":{},"origin":{"dimension":"7dtd:main","entity_id":"1844a553-9729-44e9-a434-c9a33a617d07","game":"7dtd","world_id":"td-0d917a4eff776d999148769266591579674d2c42de6557026893a1902834f11f"},"position":{"x":-273.03436279296875,"y":61.07999801635742,"z":446.87322998046875,"space":"minecraft"},"rotation":{"pitch":-5.25,"roll":0,"yaw":109.03790283203125},"sequence":88,"source":"7dtd","stream_id":"d7a4bfe8-e239-44a6-b23b-2ec527b4cf7e","type":"entity_state","version":2,"world_id":"td-0d917a4eff776d999148769266591579674d2c42de6557026893a1902834f11f","components":{"presentation":{"renderer":"humanoid","model":"survivor","scale":1.0,"variant":"default"}}}
[08:17:40] [MC7DTD-websocket/INFO]: [Presentation] entity=1844a553-9729-44e9-a434-c9a33a617d07 renderer=humanoid model=survivor variant=default scale=1.0
[08:17:40] [Render thread/INFO]: 7DTD proxy updated: id=1844a553-9729-44e9-a434-c9a33a617d07 sequence=88 x=-273.03436279296875 y=61.07999801635742 z=446.87322998046875 yaw=109.03790283203125 pitch=-5.25 roll=0.0
[08:17:40] [MC7DTD-entity-test-send/INFO]: Player proxy sent: {"type":"entity_state","version":1,"source":"minecraft","entity_type":"minecraft:player","entity_id":"2b5d33df-ba0f-4e79-993a-835569712da3","stream_id":"713531ef-e23c-4b5f-a07f-bfff2b852dd0","world_id":"mc-cf4dce40-2be1-372b-b914-917f5dcc644c","dimension":"minecraft:overworld","sequence":76,"lifecycle":{"event":"update"},"metadata":{},"position":{"x":-47.582858151634014,"y":71.0,"z":72.96406756812999,"space":"minecraft"},"rotation":{"yaw":319.35008239746094,"pitch":11.549994468688965,"roll":0}}
[08:17:41] [MC7DTD-websocket/INFO]: 7DTD entity received: {"authority":"7dtd","dimension":"7dtd:main","entity_id":"1844a553-9729-44e9-a434-c9a33a617d07","entity_type":"7dtd:player","lifecycle":{"event":"update"},"metadata":{},"origin":{"dimension":"7dtd:main","entity_id":"1844a553-9729-44e9-a434-c9a33a617d07","game":"7dtd","world_id":"td-0d917a4eff776d999148769266591579674d2c42de6557026893a1902834f11f"},"position":{"x":-273.03436279296875,"y":61.07999801635742,"z":446.87322998046875,"space":"minecraft"},"rotation":{"pitch":-5.25,"roll":0,"yaw":109.03790283203125},"sequence":89,"source":"7dtd","stream_id":"d7a4bfe8-e239-44a6-b23b-2ec527b4cf7e","type":"entity_state","version":2,"world_id":"td-0d917a4eff776d999148769266591579674d2c42de6557026893a1902834f11f","components":{"presentation":{"renderer":"humanoid","model":"survivor","scale":1.0,"variant":"default"}}}
[08:17:41] [MC7DTD-websocket/INFO]: [Presentation] entity=1844a553-9729-44e9-a434-c9a33a617d07 renderer=humanoid model=survivor variant=default scale=1.0
[08:17:41] [Render thread/INFO]: 7DTD proxy updated: id=1844a553-9729-44e9-a434-c9a33a617d07 sequence=89 x=-273.03436279296875 y=61.07999801635742 z=446.87322998046875 yaw=109.03790283203125 pitch=-5.25 roll=0.0
[08:17:41] [MC7DTD-entity-test-send/INFO]: Player proxy sent: {"type":"entity_state","version":1,"source":"minecraft","entity_type":"minecraft:player","entity_id":"2b5d33df-ba0f-4e79-993a-835569712da3","stream_id":"713531ef-e23c-4b5f-a07f-bfff2b852dd0","world_id":"mc-cf4dce40-2be1-372b-b914-917f5dcc644c","dimension":"minecraft:overworld","sequence":77,"lifecycle":{"event":"update"},"metadata":{},"position":{"x":-47.582858151634014,"y":71.0,"z":72.96406756812999,"space":"minecraft"},"rotation":{"yaw":319.35008239746094,"pitch":11.549994468688965,"roll":0}}
[08:17:41] [MC7DTD-websocket/INFO]: 7DTD entity received: {"authority":"7dtd","dimension":"7dtd:main","entity_id":"1844a553-9729-44e9-a434-c9a33a617d07","entity_type":"7dtd:player","lifecycle":{"event":"update"},"metadata":{},"origin":{"dimension":"7dtd:main","entity_id":"1844a553-9729-44e9-a434-c9a33a617d07","game":"7dtd","world_id":"td-0d917a4eff776d999148769266591579674d2c42de6557026893a1902834f11f"},"position":{"x":-273.03436279296875,"y":61.07999801635742,"z":446.87322998046875,"space":"minecraft"},"rotation":{"pitch":-5.25,"roll":0,"yaw":109.03790283203125},"sequence":90,"source":"7dtd","stream_id":"d7a4bfe8-e239-44a6-b23b-2ec527b4cf7e","type":"entity_state","version":2,"world_id":"td-0d917a4eff776d999148769266591579674d2c42de6557026893a1902834f11f","components":{"presentation":{"renderer":"humanoid","model":"survivor","scale":1.0,"variant":"default"}}}
[08:17:41] [MC7DTD-websocket/INFO]: [Presentation] entity=1844a553-9729-44e9-a434-c9a33a617d07 renderer=humanoid model=survivor variant=default scale=1.0
[08:17:41] [Render thread/INFO]: 7DTD proxy updated: id=1844a553-9729-44e9-a434-c9a33a617d07 sequence=90 x=-273.03436279296875 y=61.07999801635742 z=446.87322998046875 yaw=109.03790283203125 pitch=-5.25 roll=0.0
[08:17:42] [MC7DTD-entity-test-send/INFO]: Player proxy sent: {"type":"entity_state","version":1,"source":"minecraft","entity_type":"minecraft:player","entity_id":"2b5d33df-ba0f-4e79-993a-835569712da3","stream_id":"713531ef-e23c-4b5f-a07f-bfff2b852dd0","world_id":"mc-cf4dce40-2be1-372b-b914-917f5dcc644c","dimension":"minecraft:overworld","sequence":78,"lifecycle":{"event":"update"},"metadata":{},"position":{"x":-47.582858151634014,"y":71.0,"z":72.96406756812999,"space":"minecraft"},"rotation":{"yaw":319.35008239746094,"pitch":11.549994468688965,"roll":0}}
[08:17:42] [MC7DTD-websocket/INFO]: 7DTD entity received: {"authority":"7dtd","dimension":"7dtd:main","entity_id":"1844a553-9729-44e9-a434-c9a33a617d07","entity_type":"7dtd:player","lifecycle":{"event":"update"},"metadata":{},"origin":{"dimension":"7dtd:main","entity_id":"1844a553-9729-44e9-a434-c9a33a617d07","game":"7dtd","world_id":"td-0d917a4eff776d999148769266591579674d2c42de6557026893a1902834f11f"},"position":{"x":-273.03436279296875,"y":61.07999801635742,"z":446.87322998046875,"space":"minecraft"},"rotation":{"pitch":-5.25,"roll":0,"yaw":109.03790283203125},"sequence":91,"source":"7dtd","stream_id":"d7a4bfe8-e239-44a6-b23b-2ec527b4cf7e","type":"entity_state","version":2,"world_id":"td-0d917a4eff776d999148769266591579674d2c42de6557026893a1902834f11f","components":{"presentation":{"renderer":"humanoid","model":"survivor","scale":1.0,"variant":"default"}}}
[08:17:42] [MC7DTD-websocket/INFO]: [Presentation] entity=1844a553-9729-44e9-a434-c9a33a617d07 renderer=humanoid model=survivor variant=default scale=1.0
[08:17:42] [Render thread/INFO]: 7DTD proxy updated: id=1844a553-9729-44e9-a434-c9a33a617d07 sequence=91 x=-273.03436279296875 y=61.07999801635742 z=446.87322998046875 yaw=109.03790283203125 pitch=-5.25 roll=0.0
[08:17:42] [MC7DTD-entity-test-send/INFO]: Player proxy sent: {"type":"entity_state","version":1,"source":"minecraft","entity_type":"minecraft:player","entity_id":"2b5d33df-ba0f-4e79-993a-835569712da3","stream_id":"713531ef-e23c-4b5f-a07f-bfff2b852dd0","world_id":"mc-cf4dce40-2be1-372b-b914-917f5dcc644c","dimension":"minecraft:overworld","sequence":79,"lifecycle":{"event":"update"},"metadata":{},"position":{"x":-47.582858151634014,"y":71.0,"z":72.96406756812999,"space":"minecraft"},"rotation":{"yaw":319.35008239746094,"pitch":11.549994468688965,"roll":0}}
[08:17:42] [MC7DTD-websocket/INFO]: 7DTD entity received: {"authority":"7dtd","dimension":"7dtd:main","entity_id":"1844a553-9729-44e9-a434-c9a33a617d07","entity_type":"7dtd:player","lifecycle":{"event":"update"},"metadata":{},"origin":{"dimension":"7dtd:main","entity_id":"1844a553-9729-44e9-a434-c9a33a617d07","game":"7dtd","world_id":"td-0d917a4eff776d999148769266591579674d2c42de6557026893a1902834f11f"},"position":{"x":-273.03436279296875,"y":61.07999801635742,"z":446.87322998046875,"space":"minecraft"},"rotation":{"pitch":-5.25,"roll":0,"yaw":109.03790283203125},"sequence":92,"source":"7dtd","stream_id":"d7a4bfe8-e239-44a6-b23b-2ec527b4cf7e","type":"entity_state","version":2,"world_id":"td-0d917a4eff776d999148769266591579674d2c42de6557026893a1902834f11f","components":{"presentation":{"renderer":"humanoid","model":"survivor","scale":1.0,"variant":"default"}}}
[08:17:42] [MC7DTD-websocket/INFO]: [Presentation] entity=1844a553-9729-44e9-a434-c9a33a617d07 renderer=humanoid model=survivor variant=default scale=1.0
[08:17:42] [Render thread/INFO]: 7DTD proxy updated: id=1844a553-9729-44e9-a434-c9a33a617d07 sequence=92 x=-273.03436279296875 y=61.07999801635742 z=446.87322998046875 yaw=109.03790283203125 pitch=-5.25 roll=0.0
[08:17:43] [MC7DTD-entity-test-send/INFO]: Player proxy sent: {"type":"entity_state","version":1,"source":"minecraft","entity_type":"minecraft:player","entity_id":"2b5d33df-ba0f-4e79-993a-835569712da3","stream_id":"713531ef-e23c-4b5f-a07f-bfff2b852dd0","world_id":"mc-cf4dce40-2be1-372b-b914-917f5dcc644c","dimension":"minecraft:overworld","sequence":80,"lifecycle":{"event":"update"},"metadata":{},"position":{"x":-47.582858151634014,"y":71.0,"z":72.96406756812999,"space":"minecraft"},"rotation":{"yaw":319.35008239746094,"pitch":11.549994468688965,"roll":0}}
[08:17:43] [MC7DTD-websocket/INFO]: 7DTD entity received: {"authority":"7dtd","dimension":"7dtd:main","entity_id":"1844a553-9729-44e9-a434-c9a33a617d07","entity_type":"7dtd:player","lifecycle":{"event":"update"},"metadata":{},"origin":{"dimension":"7dtd:main","entity_id":"1844a553-9729-44e9-a434-c9a33a617d07","game":"7dtd","world_id":"td-0d917a4eff776d999148769266591579674d2c42de6557026893a1902834f11f"},"position":{"x":-273.03436279296875,"y":61.07999801635742,"z":446.87322998046875,"space":"minecraft"},"rotation":{"pitch":-5.25,"roll":0,"yaw":109.03790283203125},"sequence":93,"source":"7dtd","stream_id":"d7a4bfe8-e239-44a6-b23b-2ec527b4cf7e","type":"entity_state","version":2,"world_id":"td-0d917a4eff776d999148769266591579674d2c42de6557026893a1902834f11f","components":{"presentation":{"renderer":"humanoid","model":"survivor","scale":1.0,"variant":"default"}}}
[08:17:43] [MC7DTD-websocket/INFO]: [Presentation] entity=1844a553-9729-44e9-a434-c9a33a617d07 renderer=humanoid model=survivor variant=default scale=1.0
[08:17:43] [Render thread/INFO]: 7DTD proxy updated: id=1844a553-9729-44e9-a434-c9a33a617d07 sequence=93 x=-273.03436279296875 y=61.07999801635742 z=446.87322998046875 yaw=109.03790283203125 pitch=-5.25 roll=0.0
[08:17:43] [MC7DTD-entity-test-send/INFO]: Player proxy sent: {"type":"entity_state","version":1,"source":"minecraft","entity_type":"minecraft:player","entity_id":"2b5d33df-ba0f-4e79-993a-835569712da3","stream_id":"713531ef-e23c-4b5f-a07f-bfff2b852dd0","world_id":"mc-cf4dce40-2be1-372b-b914-917f5dcc644c","dimension":"minecraft:overworld","sequence":81,"lifecycle":{"event":"update"},"metadata":{},"position":{"x":-47.582858151634014,"y":71.0,"z":72.96406756812999,"space":"minecraft"},"rotation":{"yaw":319.35008239746094,"pitch":11.549994468688965,"roll":0}}
[08:17:43] [MC7DTD-websocket/INFO]: 7DTD entity received: {"authority":"7dtd","dimension":"7dtd:main","entity_id":"1844a553-9729-44e9-a434-c9a33a617d07","entity_type":"7dtd:player","lifecycle":{"event":"update"},"metadata":{},"origin":{"dimension":"7dtd:main","entity_id":"1844a553-9729-44e9-a434-c9a33a617d07","game":"7dtd","world_id":"td-0d917a4eff776d999148769266591579674d2c42de6557026893a1902834f11f"},"position":{"x":-273.03436279296875,"y":61.07999801635742,"z":446.87322998046875,"space":"minecraft"},"rotation":{"pitch":-5.25,"roll":0,"yaw":109.03790283203125},"sequence":94,"source":"7dtd","stream_id":"d7a4bfe8-e239-44a6-b23b-2ec527b4cf7e","type":"entity_state","version":2,"world_id":"td-0d917a4eff776d999148769266591579674d2c42de6557026893a1902834f11f","components":{"presentation":{"renderer":"humanoid","model":"survivor","scale":1.0,"variant":"default"}}}
[08:17:43] [MC7DTD-websocket/INFO]: [Presentation] entity=1844a553-9729-44e9-a434-c9a33a617d07 renderer=humanoid model=survivor variant=default scale=1.0
[08:17:43] [Render thread/INFO]: 7DTD proxy updated: id=1844a553-9729-44e9-a434-c9a33a617d07 sequence=94 x=-273.03436279296875 y=61.07999801635742 z=446.87322998046875 yaw=109.03790283203125 pitch=-5.25 roll=0.0
[08:17:44] [MC7DTD-entity-test-send/INFO]: Player proxy sent: {"type":"entity_state","version":1,"source":"minecraft","entity_type":"minecraft:player","entity_id":"2b5d33df-ba0f-4e79-993a-835569712da3","stream_id":"713531ef-e23c-4b5f-a07f-bfff2b852dd0","world_id":"mc-cf4dce40-2be1-372b-b914-917f5dcc644c","dimension":"minecraft:overworld","sequence":82,"lifecycle":{"event":"update"},"metadata":{},"position":{"x":-47.582858151634014,"y":71.0,"z":72.96406756812999,"space":"minecraft"},"rotation":{"yaw":319.35008239746094,"pitch":11.549994468688965,"roll":0}}
[08:17:44] [MC7DTD-websocket/INFO]: 7DTD entity received: {"authority":"7dtd","dimension":"7dtd:main","entity_id":"1844a553-9729-44e9-a434-c9a33a617d07","entity_type":"7dtd:player","lifecycle":{"event":"update"},"metadata":{},"origin":{"dimension":"7dtd:main","entity_id":"1844a553-9729-44e9-a434-c9a33a617d07","game":"7dtd","world_id":"td-0d917a4eff776d999148769266591579674d2c42de6557026893a1902834f11f"},"position":{"x":-273.03436279296875,"y":61.07999801635742,"z":446.87322998046875,"space":"minecraft"},"rotation":{"pitch":-5.25,"roll":0,"yaw":109.03790283203125},"sequence":95,"source":"7dtd","stream_id":"d7a4bfe8-e239-44a6-b23b-2ec527b4cf7e","type":"entity_state","version":2,"world_id":"td-0d917a4eff776d999148769266591579674d2c42de6557026893a1902834f11f","components":{"presentation":{"renderer":"humanoid","model":"survivor","scale":1.0,"variant":"default"}}}
[08:17:44] [MC7DTD-websocket/INFO]: [Presentation] entity=1844a553-9729-44e9-a434-c9a33a617d07 renderer=humanoid model=survivor variant=default scale=1.0
[08:17:44] [Render thread/INFO]: 7DTD proxy updated: id=1844a553-9729-44e9-a434-c9a33a617d07 sequence=95 x=-273.03436279296875 y=61.07999801635742 z=446.87322998046875 yaw=109.03790283203125 pitch=-5.25 roll=0.0
[08:17:44] [Render thread/INFO]: [System] [CHAT] Presentation test queued: remove (check Bridge and 7DTD logs)
[08:17:44] [MC7DTD-entity-test-send/INFO]: Entity test sent: {"type":"entity_state","version":1,"source":"minecraft","stream_id":"f78bcc0e-64a0-470d-a4d4-142fa20678be","entity_id":"92d5fc0a-2865-4267-9f17-eb661dbae119","entity_type":"minecraft:marker","world_id":"runtime-acceptance","dimension":"minecraft:overworld","sequence":3,"position":{"x":-47.582858151634014,"y":71.0,"z":72.96406756812999,"space":"minecraft"},"rotation":{"yaw":319.3501,"pitch":11.549994,"roll":0},"lifecycle":{"event":"update"},"metadata":{},"components":{"presentation":null}}
[08:17:44] [MC7DTD-entity-test-send/INFO]: Player proxy sent: {"type":"entity_state","version":1,"source":"minecraft","entity_type":"minecraft:player","entity_id":"2b5d33df-ba0f-4e79-993a-835569712da3","stream_id":"713531ef-e23c-4b5f-a07f-bfff2b852dd0","world_id":"mc-cf4dce40-2be1-372b-b914-917f5dcc644c","dimension":"minecraft:overworld","sequence":83,"lifecycle":{"event":"update"},"metadata":{},"position":{"x":-47.582858151634014,"y":71.0,"z":72.96406756812999,"space":"minecraft"},"rotation":{"yaw":319.35008239746094,"pitch":11.549994468688965,"roll":0}}
[08:17:44] [MC7DTD-websocket/INFO]: 7DTD entity received: {"authority":"7dtd","dimension":"7dtd:main","entity_id":"1844a553-9729-44e9-a434-c9a33a617d07","entity_type":"7dtd:player","lifecycle":{"event":"update"},"metadata":{},"origin":{"dimension":"7dtd:main","entity_id":"1844a553-9729-44e9-a434-c9a33a617d07","game":"7dtd","world_id":"td-0d917a4eff776d999148769266591579674d2c42de6557026893a1902834f11f"},"position":{"x":-273.03436279296875,"y":61.07999801635742,"z":446.87322998046875,"space":"minecraft"},"rotation":{"pitch":-5.25,"roll":0,"yaw":109.03790283203125},"sequence":96,"source":"7dtd","stream_id":"d7a4bfe8-e239-44a6-b23b-2ec527b4cf7e","type":"entity_state","version":2,"world_id":"td-0d917a4eff776d999148769266591579674d2c42de6557026893a1902834f11f","components":{"presentation":{"renderer":"humanoid","model":"survivor","scale":1.0,"variant":"default"}}}
[08:17:44] [MC7DTD-websocket/INFO]: [Presentation] entity=1844a553-9729-44e9-a434-c9a33a617d07 renderer=humanoid model=survivor variant=default scale=1.0
[08:17:44] [Render thread/INFO]: 7DTD proxy updated: id=1844a553-9729-44e9-a434-c9a33a617d07 sequence=96 x=-273.03436279296875 y=61.07999801635742 z=446.87322998046875 yaw=109.03790283203125 pitch=-5.25 roll=0.0
[08:17:45] [MC7DTD-entity-test-send/INFO]: Player proxy sent: {"type":"entity_state","version":1,"source":"minecraft","entity_type":"minecraft:player","entity_id":"2b5d33df-ba0f-4e79-993a-835569712da3","stream_id":"713531ef-e23c-4b5f-a07f-bfff2b852dd0","world_id":"mc-cf4dce40-2be1-372b-b914-917f5dcc644c","dimension":"minecraft:overworld","sequence":84,"lifecycle":{"event":"update"},"metadata":{},"position":{"x":-47.582858151634014,"y":71.0,"z":72.96406756812999,"space":"minecraft"},"rotation":{"yaw":319.35008239746094,"pitch":11.549994468688965,"roll":0}}
[08:17:45] [MC7DTD-websocket/INFO]: 7DTD entity received: {"authority":"7dtd","dimension":"7dtd:main","entity_id":"1844a553-9729-44e9-a434-c9a33a617d07","entity_type":"7dtd:player","lifecycle":{"event":"update"},"metadata":{},"origin":{"dimension":"7dtd:main","entity_id":"1844a553-9729-44e9-a434-c9a33a617d07","game":"7dtd","world_id":"td-0d917a4eff776d999148769266591579674d2c42de6557026893a1902834f11f"},"position":{"x":-273.03436279296875,"y":61.07999801635742,"z":446.87322998046875,"space":"minecraft"},"rotation":{"pitch":-5.25,"roll":0,"yaw":109.03790283203125},"sequence":97,"source":"7dtd","stream_id":"d7a4bfe8-e239-44a6-b23b-2ec527b4cf7e","type":"entity_state","version":2,"world_id":"td-0d917a4eff776d999148769266591579674d2c42de6557026893a1902834f11f","components":{"presentation":{"renderer":"humanoid","model":"survivor","scale":1.0,"variant":"default"}}}
[08:17:45] [MC7DTD-websocket/INFO]: [Presentation] entity=1844a553-9729-44e9-a434-c9a33a617d07 renderer=humanoid model=survivor variant=default scale=1.0
[08:17:45] [Render thread/INFO]: 7DTD proxy updated: id=1844a553-9729-44e9-a434-c9a33a617d07 sequence=97 x=-273.03436279296875 y=61.07999801635742 z=446.87322998046875 yaw=109.03790283203125 pitch=-5.25 roll=0.0
[08:17:45] [MC7DTD-entity-test-send/INFO]: Player proxy sent: {"type":"entity_state","version":1,"source":"minecraft","entity_type":"minecraft:player","entity_id":"2b5d33df-ba0f-4e79-993a-835569712da3","stream_id":"713531ef-e23c-4b5f-a07f-bfff2b852dd0","world_id":"mc-cf4dce40-2be1-372b-b914-917f5dcc644c","dimension":"minecraft:overworld","sequence":85,"lifecycle":{"event":"update"},"metadata":{},"position":{"x":-47.582858151634014,"y":71.0,"z":72.96406756812999,"space":"minecraft"},"rotation":{"yaw":319.35008239746094,"pitch":11.549994468688965,"roll":0}}
[08:17:45] [MC7DTD-websocket/INFO]: 7DTD entity received: {"authority":"7dtd","dimension":"7dtd:main","entity_id":"1844a553-9729-44e9-a434-c9a33a617d07","entity_type":"7dtd:player","lifecycle":{"event":"update"},"metadata":{},"origin":{"dimension":"7dtd:main","entity_id":"1844a553-9729-44e9-a434-c9a33a617d07","game":"7dtd","world_id":"td-0d917a4eff776d999148769266591579674d2c42de6557026893a1902834f11f"},"position":{"x":-273.03436279296875,"y":61.07999801635742,"z":446.87322998046875,"space":"minecraft"},"rotation":{"pitch":-5.25,"roll":0,"yaw":109.03790283203125},"sequence":98,"source":"7dtd","stream_id":"d7a4bfe8-e239-44a6-b23b-2ec527b4cf7e","type":"entity_state","version":2,"world_id":"td-0d917a4eff776d999148769266591579674d2c42de6557026893a1902834f11f","components":{"presentation":{"renderer":"humanoid","model":"survivor","scale":1.0,"variant":"default"}}}
[08:17:45] [MC7DTD-websocket/INFO]: [Presentation] entity=1844a553-9729-44e9-a434-c9a33a617d07 renderer=humanoid model=survivor variant=default scale=1.0
[08:17:45] [Render thread/INFO]: 7DTD proxy updated: id=1844a553-9729-44e9-a434-c9a33a617d07 sequence=98 x=-273.03436279296875 y=61.07999801635742 z=446.87322998046875 yaw=109.03790283203125 pitch=-5.25 roll=0.0
[08:17:46] [MC7DTD-websocket/INFO]: 7DTD entity received: {"authority":"7dtd","dimension":"7dtd:main","entity_id":"1844a553-9729-44e9-a434-c9a33a617d07","entity_type":"7dtd:player","lifecycle":{"event":"update"},"metadata":{},"origin":{"dimension":"7dtd:main","entity_id":"1844a553-9729-44e9-a434-c9a33a617d07","game":"7dtd","world_id":"td-0d917a4eff776d999148769266591579674d2c42de6557026893a1902834f11f"},"position":{"x":-273.03436279296875,"y":61.07999801635742,"z":446.87322998046875,"space":"minecraft"},"rotation":{"pitch":-5.25,"roll":0,"yaw":109.03790283203125},"sequence":99,"source":"7dtd","stream_id":"d7a4bfe8-e239-44a6-b23b-2ec527b4cf7e","type":"entity_state","version":2,"world_id":"td-0d917a4eff776d999148769266591579674d2c42de6557026893a1902834f11f","components":{"presentation":{"renderer":"humanoid","model":"survivor","scale":1.0,"variant":"default"}}}
[08:17:46] [MC7DTD-websocket/INFO]: [Presentation] entity=1844a553-9729-44e9-a434-c9a33a617d07 renderer=humanoid model=survivor variant=default scale=1.0
[08:17:46] [Render thread/INFO]: 7DTD proxy updated: id=1844a553-9729-44e9-a434-c9a33a617d07 sequence=99 x=-273.03436279296875 y=61.07999801635742 z=446.87322998046875 yaw=109.03790283203125 pitch=-5.25 roll=0.0
[08:17:46] [MC7DTD-entity-test-send/INFO]: Player proxy sent: {"type":"entity_state","version":1,"source":"minecraft","entity_type":"minecraft:player","entity_id":"2b5d33df-ba0f-4e79-993a-835569712da3","stream_id":"713531ef-e23c-4b5f-a07f-bfff2b852dd0","world_id":"mc-cf4dce40-2be1-372b-b914-917f5dcc644c","dimension":"minecraft:overworld","sequence":86,"lifecycle":{"event":"update"},"metadata":{},"position":{"x":-47.582858151634014,"y":71.0,"z":72.96406756812999,"space":"minecraft"},"rotation":{"yaw":319.35008239746094,"pitch":11.549994468688965,"roll":0}}
[08:17:46] [MC7DTD-entity-test-send/INFO]: Player proxy sent: {"type":"entity_state","version":1,"source":"minecraft","entity_type":"minecraft:player","entity_id":"2b5d33df-ba0f-4e79-993a-835569712da3","stream_id":"713531ef-e23c-4b5f-a07f-bfff2b852dd0","world_id":"mc-cf4dce40-2be1-372b-b914-917f5dcc644c","dimension":"minecraft:overworld","sequence":87,"lifecycle":{"event":"update"},"metadata":{},"position":{"x":-47.582858151634014,"y":71.0,"z":72.96406756812999,"space":"minecraft"},"rotation":{"yaw":319.35008239746094,"pitch":11.549994468688965,"roll":0}}
[08:17:46] [MC7DTD-websocket/INFO]: 7DTD entity received: {"authority":"7dtd","dimension":"7dtd:main","entity_id":"1844a553-9729-44e9-a434-c9a33a617d07","entity_type":"7dtd:player","lifecycle":{"event":"update"},"metadata":{},"origin":{"dimension":"7dtd:main","entity_id":"1844a553-9729-44e9-a434-c9a33a617d07","game":"7dtd","world_id":"td-0d917a4eff776d999148769266591579674d2c42de6557026893a1902834f11f"},"position":{"x":-273.03436279296875,"y":61.07999801635742,"z":446.87322998046875,"space":"minecraft"},"rotation":{"pitch":-5.25,"roll":0,"yaw":109.03790283203125},"sequence":100,"source":"7dtd","stream_id":"d7a4bfe8-e239-44a6-b23b-2ec527b4cf7e","type":"entity_state","version":2,"world_id":"td-0d917a4eff776d999148769266591579674d2c42de6557026893a1902834f11f","components":{"presentation":{"renderer":"humanoid","model":"survivor","scale":1.0,"variant":"default"}}}
[08:17:46] [MC7DTD-websocket/INFO]: [Presentation] entity=1844a553-9729-44e9-a434-c9a33a617d07 renderer=humanoid model=survivor variant=default scale=1.0
[08:17:46] [Render thread/INFO]: 7DTD proxy updated: id=1844a553-9729-44e9-a434-c9a33a617d07 sequence=100 x=-273.03436279296875 y=61.07999801635742 z=446.87322998046875 yaw=109.03790283203125 pitch=-5.25 roll=0.0
[08:17:47] [MC7DTD-websocket/INFO]: 7DTD entity received: {"authority":"7dtd","dimension":"7dtd:main","entity_id":"1844a553-9729-44e9-a434-c9a33a617d07","entity_type":"7dtd:player","lifecycle":{"event":"update"},"metadata":{},"origin":{"dimension":"7dtd:main","entity_id":"1844a553-9729-44e9-a434-c9a33a617d07","game":"7dtd","world_id":"td-0d917a4eff776d999148769266591579674d2c42de6557026893a1902834f11f"},"position":{"x":-273.03436279296875,"y":61.07999801635742,"z":446.87322998046875,"space":"minecraft"},"rotation":{"pitch":-5.25,"roll":0,"yaw":109.03790283203125},"sequence":101,"source":"7dtd","stream_id":"d7a4bfe8-e239-44a6-b23b-2ec527b4cf7e","type":"entity_state","version":2,"world_id":"td-0d917a4eff776d999148769266591579674d2c42de6557026893a1902834f11f","components":{"presentation":{"renderer":"humanoid","model":"survivor","scale":1.0,"variant":"default"}}}
[08:17:47] [MC7DTD-websocket/INFO]: [Presentation] entity=1844a553-9729-44e9-a434-c9a33a617d07 renderer=humanoid model=survivor variant=default scale=1.0
[08:17:47] [Render thread/INFO]: 7DTD proxy updated: id=1844a553-9729-44e9-a434-c9a33a617d07 sequence=101 x=-273.03436279296875 y=61.07999801635742 z=446.87322998046875 yaw=109.03790283203125 pitch=-5.25 roll=0.0
[08:17:47] [MC7DTD-entity-test-send/INFO]: Player proxy sent: {"type":"entity_state","version":1,"source":"minecraft","entity_type":"minecraft:player","entity_id":"2b5d33df-ba0f-4e79-993a-835569712da3","stream_id":"713531ef-e23c-4b5f-a07f-bfff2b852dd0","world_id":"mc-cf4dce40-2be1-372b-b914-917f5dcc644c","dimension":"minecraft:overworld","sequence":88,"lifecycle":{"event":"update"},"metadata":{},"position":{"x":-47.582858151634014,"y":71.0,"z":72.96406756812999,"space":"minecraft"},"rotation":{"yaw":319.35008239746094,"pitch":11.549994468688965,"roll":0}}
[08:17:47] [MC7DTD-websocket/INFO]: 7DTD entity received: {"authority":"7dtd","dimension":"7dtd:main","entity_id":"1844a553-9729-44e9-a434-c9a33a617d07","entity_type":"7dtd:player","lifecycle":{"event":"update"},"metadata":{},"origin":{"dimension":"7dtd:main","entity_id":"1844a553-9729-44e9-a434-c9a33a617d07","game":"7dtd","world_id":"td-0d917a4eff776d999148769266591579674d2c42de6557026893a1902834f11f"},"position":{"x":-273.03436279296875,"y":61.07999801635742,"z":446.87322998046875,"space":"minecraft"},"rotation":{"pitch":-5.25,"roll":0,"yaw":109.03790283203125},"sequence":102,"source":"7dtd","stream_id":"d7a4bfe8-e239-44a6-b23b-2ec527b4cf7e","type":"entity_state","version":2,"world_id":"td-0d917a4eff776d999148769266591579674d2c42de6557026893a1902834f11f","components":{"presentation":{"renderer":"humanoid","model":"survivor","scale":1.0,"variant":"default"}}}
[08:17:47] [MC7DTD-websocket/INFO]: [Presentation] entity=1844a553-9729-44e9-a434-c9a33a617d07 renderer=humanoid model=survivor variant=default scale=1.0
[08:17:47] [Render thread/INFO]: 7DTD proxy updated: id=1844a553-9729-44e9-a434-c9a33a617d07 sequence=102 x=-273.03436279296875 y=61.07999801635742 z=446.87322998046875 yaw=109.03790283203125 pitch=-5.25 roll=0.0
[08:17:47] [MC7DTD-entity-test-send/INFO]: Player proxy sent: {"type":"entity_state","version":1,"source":"minecraft","entity_type":"minecraft:player","entity_id":"2b5d33df-ba0f-4e79-993a-835569712da3","stream_id":"713531ef-e23c-4b5f-a07f-bfff2b852dd0","world_id":"mc-cf4dce40-2be1-372b-b914-917f5dcc644c","dimension":"minecraft:overworld","sequence":89,"lifecycle":{"event":"update"},"metadata":{},"position":{"x":-47.582858151634014,"y":71.0,"z":72.96406756812999,"space":"minecraft"},"rotation":{"yaw":319.35008239746094,"pitch":11.549994468688965,"roll":0}}
[08:17:48] [MC7DTD-websocket/INFO]: 7DTD entity received: {"authority":"7dtd","dimension":"7dtd:main","entity_id":"1844a553-9729-44e9-a434-c9a33a617d07","entity_type":"7dtd:player","lifecycle":{"event":"update"},"metadata":{},"origin":{"dimension":"7dtd:main","entity_id":"1844a553-9729-44e9-a434-c9a33a617d07","game":"7dtd","world_id":"td-0d917a4eff776d999148769266591579674d2c42de6557026893a1902834f11f"},"position":{"x":-273.03436279296875,"y":61.07999801635742,"z":446.87322998046875,"space":"minecraft"},"rotation":{"pitch":-5.25,"roll":0,"yaw":109.03790283203125},"sequence":103,"source":"7dtd","stream_id":"d7a4bfe8-e239-44a6-b23b-2ec527b4cf7e","type":"entity_state","version":2,"world_id":"td-0d917a4eff776d999148769266591579674d2c42de6557026893a1902834f11f","components":{"presentation":{"renderer":"humanoid","model":"survivor","scale":1.0,"variant":"default"}}}
[08:17:48] [MC7DTD-websocket/INFO]: [Presentation] entity=1844a553-9729-44e9-a434-c9a33a617d07 renderer=humanoid model=survivor variant=default scale=1.0
[08:17:48] [Render thread/INFO]: 7DTD proxy updated: id=1844a553-9729-44e9-a434-c9a33a617d07 sequence=103 x=-273.03436279296875 y=61.07999801635742 z=446.87322998046875 yaw=109.03790283203125 pitch=-5.25 roll=0.0
[08:17:48] [MC7DTD-entity-test-send/INFO]: Player proxy sent: {"type":"entity_state","version":1,"source":"minecraft","entity_type":"minecraft:player","entity_id":"2b5d33df-ba0f-4e79-993a-835569712da3","stream_id":"713531ef-e23c-4b5f-a07f-bfff2b852dd0","world_id":"mc-cf4dce40-2be1-372b-b914-917f5dcc644c","dimension":"minecraft:overworld","sequence":90,"lifecycle":{"event":"update"},"metadata":{},"position":{"x":-47.582858151634014,"y":71.0,"z":72.96406756812999,"space":"minecraft"},"rotation":{"yaw":319.35008239746094,"pitch":11.549994468688965,"roll":0}}
[08:17:48] [MC7DTD-websocket/INFO]: 7DTD entity received: {"authority":"7dtd","dimension":"7dtd:main","entity_id":"1844a553-9729-44e9-a434-c9a33a617d07","entity_type":"7dtd:player","lifecycle":{"event":"update"},"metadata":{},"origin":{"dimension":"7dtd:main","entity_id":"1844a553-9729-44e9-a434-c9a33a617d07","game":"7dtd","world_id":"td-0d917a4eff776d999148769266591579674d2c42de6557026893a1902834f11f"},"position":{"x":-273.03436279296875,"y":61.07999801635742,"z":446.87322998046875,"space":"minecraft"},"rotation":{"pitch":-5.25,"roll":0,"yaw":109.03790283203125},"sequence":104,"source":"7dtd","stream_id":"d7a4bfe8-e239-44a6-b23b-2ec527b4cf7e","type":"entity_state","version":2,"world_id":"td-0d917a4eff776d999148769266591579674d2c42de6557026893a1902834f11f","components":{"presentation":{"renderer":"humanoid","model":"survivor","scale":1.0,"variant":"default"}}}
[08:17:48] [MC7DTD-websocket/INFO]: [Presentation] entity=1844a553-9729-44e9-a434-c9a33a617d07 renderer=humanoid model=survivor variant=default scale=1.0
[08:17:48] [Render thread/INFO]: 7DTD proxy updated: id=1844a553-9729-44e9-a434-c9a33a617d07 sequence=104 x=-273.03436279296875 y=61.07999801635742 z=446.87322998046875 yaw=109.03790283203125 pitch=-5.25 roll=0.0
[08:17:48] [MC7DTD-entity-test-send/INFO]: Player proxy sent: {"type":"entity_state","version":1,"source":"minecraft","entity_type":"minecraft:player","entity_id":"2b5d33df-ba0f-4e79-993a-835569712da3","stream_id":"713531ef-e23c-4b5f-a07f-bfff2b852dd0","world_id":"mc-cf4dce40-2be1-372b-b914-917f5dcc644c","dimension":"minecraft:overworld","sequence":91,"lifecycle":{"event":"update"},"metadata":{},"position":{"x":-47.582858151634014,"y":71.0,"z":72.96406756812999,"space":"minecraft"},"rotation":{"yaw":319.35008239746094,"pitch":11.549994468688965,"roll":0}}
[08:17:49] [MC7DTD-websocket/INFO]: 7DTD entity received: {"authority":"7dtd","dimension":"7dtd:main","entity_id":"1844a553-9729-44e9-a434-c9a33a617d07","entity_type":"7dtd:player","lifecycle":{"event":"update"},"metadata":{},"origin":{"dimension":"7dtd:main","entity_id":"1844a553-9729-44e9-a434-c9a33a617d07","game":"7dtd","world_id":"td-0d917a4eff776d999148769266591579674d2c42de6557026893a1902834f11f"},"position":{"x":-273.03436279296875,"y":61.07999801635742,"z":446.87322998046875,"space":"minecraft"},"rotation":{"pitch":-5.25,"roll":0,"yaw":109.03790283203125},"sequence":105,"source":"7dtd","stream_id":"d7a4bfe8-e239-44a6-b23b-2ec527b4cf7e","type":"entity_state","version":2,"world_id":"td-0d917a4eff776d999148769266591579674d2c42de6557026893a1902834f11f","components":{"presentation":{"renderer":"humanoid","model":"survivor","scale":1.0,"variant":"default"}}}
[08:17:49] [MC7DTD-websocket/INFO]: [Presentation] entity=1844a553-9729-44e9-a434-c9a33a617d07 renderer=humanoid model=survivor variant=default scale=1.0
[08:17:49] [Render thread/INFO]: 7DTD proxy updated: id=1844a553-9729-44e9-a434-c9a33a617d07 sequence=105 x=-273.03436279296875 y=61.07999801635742 z=446.87322998046875 yaw=109.03790283203125 pitch=-5.25 roll=0.0
[08:17:49] [MC7DTD-entity-test-send/INFO]: Player proxy sent: {"type":"entity_state","version":1,"source":"minecraft","entity_type":"minecraft:player","entity_id":"2b5d33df-ba0f-4e79-993a-835569712da3","stream_id":"713531ef-e23c-4b5f-a07f-bfff2b852dd0","world_id":"mc-cf4dce40-2be1-372b-b914-917f5dcc644c","dimension":"minecraft:overworld","sequence":92,"lifecycle":{"event":"update"},"metadata":{},"position":{"x":-47.582858151634014,"y":71.0,"z":72.96406756812999,"space":"minecraft"},"rotation":{"yaw":319.35008239746094,"pitch":11.549994468688965,"roll":0}}
[08:17:49] [MC7DTD-websocket/INFO]: 7DTD entity received: {"authority":"7dtd","dimension":"7dtd:main","entity_id":"1844a553-9729-44e9-a434-c9a33a617d07","entity_type":"7dtd:player","lifecycle":{"event":"update"},"metadata":{},"origin":{"dimension":"7dtd:main","entity_id":"1844a553-9729-44e9-a434-c9a33a617d07","game":"7dtd","world_id":"td-0d917a4eff776d999148769266591579674d2c42de6557026893a1902834f11f"},"position":{"x":-273.03436279296875,"y":61.07999801635742,"z":446.87322998046875,"space":"minecraft"},"rotation":{"pitch":-5.25,"roll":0,"yaw":109.03790283203125},"sequence":106,"source":"7dtd","stream_id":"d7a4bfe8-e239-44a6-b23b-2ec527b4cf7e","type":"entity_state","version":2,"world_id":"td-0d917a4eff776d999148769266591579674d2c42de6557026893a1902834f11f","components":{"presentation":{"renderer":"humanoid","model":"survivor","scale":1.0,"variant":"default"}}}
[08:17:49] [MC7DTD-websocket/INFO]: [Presentation] entity=1844a553-9729-44e9-a434-c9a33a617d07 renderer=humanoid model=survivor variant=default scale=1.0
[08:17:49] [Render thread/INFO]: 7DTD proxy updated: id=1844a553-9729-44e9-a434-c9a33a617d07 sequence=106 x=-273.03436279296875 y=61.07999801635742 z=446.87322998046875 yaw=109.03790283203125 pitch=-5.25 roll=0.0
[08:17:50] [MC7DTD-entity-test-send/INFO]: Player proxy sent: {"type":"entity_state","version":1,"source":"minecraft","entity_type":"minecraft:player","entity_id":"2b5d33df-ba0f-4e79-993a-835569712da3","stream_id":"713531ef-e23c-4b5f-a07f-bfff2b852dd0","world_id":"mc-cf4dce40-2be1-372b-b914-917f5dcc644c","dimension":"minecraft:overworld","sequence":93,"lifecycle":{"event":"update"},"metadata":{},"position":{"x":-47.582858151634014,"y":71.0,"z":72.96406756812999,"space":"minecraft"},"rotation":{"yaw":319.35008239746094,"pitch":11.549994468688965,"roll":0}}
[08:17:50] [MC7DTD-websocket/INFO]: 7DTD entity received: {"authority":"7dtd","dimension":"7dtd:main","entity_id":"1844a553-9729-44e9-a434-c9a33a617d07","entity_type":"7dtd:player","lifecycle":{"event":"update"},"metadata":{},"origin":{"dimension":"7dtd:main","entity_id":"1844a553-9729-44e9-a434-c9a33a617d07","game":"7dtd","world_id":"td-0d917a4eff776d999148769266591579674d2c42de6557026893a1902834f11f"},"position":{"x":-273.03436279296875,"y":61.07999801635742,"z":446.87322998046875,"space":"minecraft"},"rotation":{"pitch":-5.25,"roll":0,"yaw":109.03790283203125},"sequence":107,"source":"7dtd","stream_id":"d7a4bfe8-e239-44a6-b23b-2ec527b4cf7e","type":"entity_state","version":2,"world_id":"td-0d917a4eff776d999148769266591579674d2c42de6557026893a1902834f11f","components":{"presentation":{"renderer":"humanoid","model":"survivor","scale":1.0,"variant":"default"}}}
[08:17:50] [MC7DTD-websocket/INFO]: [Presentation] entity=1844a553-9729-44e9-a434-c9a33a617d07 renderer=humanoid model=survivor variant=default scale=1.0
[08:17:50] [Render thread/INFO]: 7DTD proxy updated: id=1844a553-9729-44e9-a434-c9a33a617d07 sequence=107 x=-273.03436279296875 y=61.07999801635742 z=446.87322998046875 yaw=109.03790283203125 pitch=-5.25 roll=0.0
[08:17:50] [MC7DTD-entity-test-send/INFO]: Player proxy sent: {"type":"entity_state","version":1,"source":"minecraft","entity_type":"minecraft:player","entity_id":"2b5d33df-ba0f-4e79-993a-835569712da3","stream_id":"713531ef-e23c-4b5f-a07f-bfff2b852dd0","world_id":"mc-cf4dce40-2be1-372b-b914-917f5dcc644c","dimension":"minecraft:overworld","sequence":94,"lifecycle":{"event":"update"},"metadata":{},"position":{"x":-47.582858151634014,"y":71.0,"z":72.96406756812999,"space":"minecraft"},"rotation":{"yaw":319.35008239746094,"pitch":11.549994468688965,"roll":0}}
[08:17:50] [MC7DTD-websocket/INFO]: 7DTD entity received: {"authority":"7dtd","dimension":"7dtd:main","entity_id":"1844a553-9729-44e9-a434-c9a33a617d07","entity_type":"7dtd:player","lifecycle":{"event":"update"},"metadata":{},"origin":{"dimension":"7dtd:main","entity_id":"1844a553-9729-44e9-a434-c9a33a617d07","game":"7dtd","world_id":"td-0d917a4eff776d999148769266591579674d2c42de6557026893a1902834f11f"},"position":{"x":-273.03436279296875,"y":61.07999801635742,"z":446.87322998046875,"space":"minecraft"},"rotation":{"pitch":-5.25,"roll":0,"yaw":109.03790283203125},"sequence":108,"source":"7dtd","stream_id":"d7a4bfe8-e239-44a6-b23b-2ec527b4cf7e","type":"entity_state","version":2,"world_id":"td-0d917a4eff776d999148769266591579674d2c42de6557026893a1902834f11f","components":{"presentation":{"renderer":"humanoid","model":"survivor","scale":1.0,"variant":"default"}}}
[08:17:50] [MC7DTD-websocket/INFO]: [Presentation] entity=1844a553-9729-44e9-a434-c9a33a617d07 renderer=humanoid model=survivor variant=default scale=1.0
[08:17:50] [Render thread/INFO]: 7DTD proxy updated: id=1844a553-9729-44e9-a434-c9a33a617d07 sequence=108 x=-273.03436279296875 y=61.07999801635742 z=446.87322998046875 yaw=109.03790283203125 pitch=-5.25 roll=0.0
[08:17:51] [MC7DTD-entity-test-send/INFO]: Player proxy sent: {"type":"entity_state","version":1,"source":"minecraft","entity_type":"minecraft:player","entity_id":"2b5d33df-ba0f-4e79-993a-835569712da3","stream_id":"713531ef-e23c-4b5f-a07f-bfff2b852dd0","world_id":"mc-cf4dce40-2be1-372b-b914-917f5dcc644c","dimension":"minecraft:overworld","sequence":95,"lifecycle":{"event":"update"},"metadata":{},"position":{"x":-47.582858151634014,"y":71.0,"z":72.96406756812999,"space":"minecraft"},"rotation":{"yaw":319.35008239746094,"pitch":11.549994468688965,"roll":0}}
[08:17:51] [Render thread/INFO]: [System] [CHAT] Presentation test queued: add (check Bridge and 7DTD logs)
[08:17:51] [MC7DTD-entity-test-send/INFO]: Entity test sent: {"type":"entity_state","version":1,"source":"minecraft","stream_id":"f78bcc0e-64a0-470d-a4d4-142fa20678be","entity_id":"92d5fc0a-2865-4267-9f17-eb661dbae119","entity_type":"minecraft:marker","world_id":"runtime-acceptance","dimension":"minecraft:overworld","sequence":4,"position":{"x":-47.582858151634014,"y":71.0,"z":72.96406756812999,"space":"minecraft"},"rotation":{"yaw":319.3501,"pitch":11.549994,"roll":0},"lifecycle":{"event":"update"},"metadata":{},"components":{"presentation":{"renderer":"humanoid","model":"survivor","variant":"test","scale":1.0}}}
[08:17:51] [MC7DTD-websocket/INFO]: 7DTD entity received: {"authority":"7dtd","dimension":"7dtd:main","entity_id":"1844a553-9729-44e9-a434-c9a33a617d07","entity_type":"7dtd:player","lifecycle":{"event":"update"},"metadata":{},"origin":{"dimension":"7dtd:main","entity_id":"1844a553-9729-44e9-a434-c9a33a617d07","game":"7dtd","world_id":"td-0d917a4eff776d999148769266591579674d2c42de6557026893a1902834f11f"},"position":{"x":-273.03436279296875,"y":61.07999801635742,"z":446.87322998046875,"space":"minecraft"},"rotation":{"pitch":-5.25,"roll":0,"yaw":109.03790283203125},"sequence":109,"source":"7dtd","stream_id":"d7a4bfe8-e239-44a6-b23b-2ec527b4cf7e","type":"entity_state","version":2,"world_id":"td-0d917a4eff776d999148769266591579674d2c42de6557026893a1902834f11f","components":{"presentation":{"renderer":"humanoid","model":"survivor","scale":1.0,"variant":"default"}}}
[08:17:51] [MC7DTD-websocket/INFO]: [Presentation] entity=1844a553-9729-44e9-a434-c9a33a617d07 renderer=humanoid model=survivor variant=default scale=1.0
[08:17:51] [Render thread/INFO]: 7DTD proxy updated: id=1844a553-9729-44e9-a434-c9a33a617d07 sequence=109 x=-273.03436279296875 y=61.07999801635742 z=446.87322998046875 yaw=109.03790283203125 pitch=-5.25 roll=0.0
[08:17:51] [MC7DTD-entity-test-send/INFO]: Player proxy sent: {"type":"entity_state","version":1,"source":"minecraft","entity_type":"minecraft:player","entity_id":"2b5d33df-ba0f-4e79-993a-835569712da3","stream_id":"713531ef-e23c-4b5f-a07f-bfff2b852dd0","world_id":"mc-cf4dce40-2be1-372b-b914-917f5dcc644c","dimension":"minecraft:overworld","sequence":96,"lifecycle":{"event":"update"},"metadata":{},"position":{"x":-47.582858151634014,"y":71.0,"z":72.96406756812999,"space":"minecraft"},"rotation":{"yaw":319.35008239746094,"pitch":11.549994468688965,"roll":0}}
[08:17:51] [MC7DTD-websocket/INFO]: 7DTD entity received: {"authority":"7dtd","dimension":"7dtd:main","entity_id":"1844a553-9729-44e9-a434-c9a33a617d07","entity_type":"7dtd:player","lifecycle":{"event":"update"},"metadata":{},"origin":{"dimension":"7dtd:main","entity_id":"1844a553-9729-44e9-a434-c9a33a617d07","game":"7dtd","world_id":"td-0d917a4eff776d999148769266591579674d2c42de6557026893a1902834f11f"},"position":{"x":-273.03436279296875,"y":61.07999801635742,"z":446.87322998046875,"space":"minecraft"},"rotation":{"pitch":-5.25,"roll":0,"yaw":109.03790283203125},"sequence":110,"source":"7dtd","stream_id":"d7a4bfe8-e239-44a6-b23b-2ec527b4cf7e","type":"entity_state","version":2,"world_id":"td-0d917a4eff776d999148769266591579674d2c42de6557026893a1902834f11f","components":{"presentation":{"renderer":"humanoid","model":"survivor","scale":1.0,"variant":"default"}}}
[08:17:51] [MC7DTD-websocket/INFO]: [Presentation] entity=1844a553-9729-44e9-a434-c9a33a617d07 renderer=humanoid model=survivor variant=default scale=1.0
[08:17:51] [Render thread/INFO]: 7DTD proxy updated: id=1844a553-9729-44e9-a434-c9a33a617d07 sequence=110 x=-273.03436279296875 y=61.07999801635742 z=446.87322998046875 yaw=109.03790283203125 pitch=-5.25 roll=0.0
[08:17:52] [MC7DTD-entity-test-send/INFO]: Player proxy sent: {"type":"entity_state","version":1,"source":"minecraft","entity_type":"minecraft:player","entity_id":"2b5d33df-ba0f-4e79-993a-835569712da3","stream_id":"713531ef-e23c-4b5f-a07f-bfff2b852dd0","world_id":"mc-cf4dce40-2be1-372b-b914-917f5dcc644c","dimension":"minecraft:overworld","sequence":97,"lifecycle":{"event":"update"},"metadata":{},"position":{"x":-47.582858151634014,"y":71.0,"z":72.96406756812999,"space":"minecraft"},"rotation":{"yaw":319.35008239746094,"pitch":11.549994468688965,"roll":0}}
[08:17:52] [MC7DTD-websocket/INFO]: 7DTD entity received: {"authority":"7dtd","dimension":"7dtd:main","entity_id":"1844a553-9729-44e9-a434-c9a33a617d07","entity_type":"7dtd:player","lifecycle":{"event":"update"},"metadata":{},"origin":{"dimension":"7dtd:main","entity_id":"1844a553-9729-44e9-a434-c9a33a617d07","game":"7dtd","world_id":"td-0d917a4eff776d999148769266591579674d2c42de6557026893a1902834f11f"},"position":{"x":-273.03436279296875,"y":61.07999801635742,"z":446.87322998046875,"space":"minecraft"},"rotation":{"pitch":-5.25,"roll":0,"yaw":109.03790283203125},"sequence":111,"source":"7dtd","stream_id":"d7a4bfe8-e239-44a6-b23b-2ec527b4cf7e","type":"entity_state","version":2,"world_id":"td-0d917a4eff776d999148769266591579674d2c42de6557026893a1902834f11f","components":{"presentation":{"renderer":"humanoid","model":"survivor","scale":1.0,"variant":"default"}}}
[08:17:52] [MC7DTD-websocket/INFO]: [Presentation] entity=1844a553-9729-44e9-a434-c9a33a617d07 renderer=humanoid model=survivor variant=default scale=1.0
[08:17:52] [Render thread/INFO]: 7DTD proxy updated: id=1844a553-9729-44e9-a434-c9a33a617d07 sequence=111 x=-273.03436279296875 y=61.07999801635742 z=446.87322998046875 yaw=109.03790283203125 pitch=-5.25 roll=0.0
[08:17:52] [MC7DTD-entity-test-send/INFO]: Player proxy sent: {"type":"entity_state","version":1,"source":"minecraft","entity_type":"minecraft:player","entity_id":"2b5d33df-ba0f-4e79-993a-835569712da3","stream_id":"713531ef-e23c-4b5f-a07f-bfff2b852dd0","world_id":"mc-cf4dce40-2be1-372b-b914-917f5dcc644c","dimension":"minecraft:overworld","sequence":98,"lifecycle":{"event":"update"},"metadata":{},"position":{"x":-47.582858151634014,"y":71.0,"z":72.96406756812999,"space":"minecraft"},"rotation":{"yaw":319.35008239746094,"pitch":11.549994468688965,"roll":0}}
[08:17:52] [MC7DTD-websocket/INFO]: 7DTD entity received: {"authority":"7dtd","dimension":"7dtd:main","entity_id":"1844a553-9729-44e9-a434-c9a33a617d07","entity_type":"7dtd:player","lifecycle":{"event":"update"},"metadata":{},"origin":{"dimension":"7dtd:main","entity_id":"1844a553-9729-44e9-a434-c9a33a617d07","game":"7dtd","world_id":"td-0d917a4eff776d999148769266591579674d2c42de6557026893a1902834f11f"},"position":{"x":-273.03436279296875,"y":61.07999801635742,"z":446.87322998046875,"space":"minecraft"},"rotation":{"pitch":-5.25,"roll":0,"yaw":109.03790283203125},"sequence":112,"source":"7dtd","stream_id":"d7a4bfe8-e239-44a6-b23b-2ec527b4cf7e","type":"entity_state","version":2,"world_id":"td-0d917a4eff776d999148769266591579674d2c42de6557026893a1902834f11f","components":{"presentation":{"renderer":"humanoid","model":"survivor","scale":1.0,"variant":"default"}}}
[08:17:52] [MC7DTD-websocket/INFO]: [Presentation] entity=1844a553-9729-44e9-a434-c9a33a617d07 renderer=humanoid model=survivor variant=default scale=1.0
[08:17:52] [Render thread/INFO]: 7DTD proxy updated: id=1844a553-9729-44e9-a434-c9a33a617d07 sequence=112 x=-273.03436279296875 y=61.07999801635742 z=446.87322998046875 yaw=109.03790283203125 pitch=-5.25 roll=0.0
[08:17:53] [MC7DTD-entity-test-send/INFO]: Player proxy sent: {"type":"entity_state","version":1,"source":"minecraft","entity_type":"minecraft:player","entity_id":"2b5d33df-ba0f-4e79-993a-835569712da3","stream_id":"713531ef-e23c-4b5f-a07f-bfff2b852dd0","world_id":"mc-cf4dce40-2be1-372b-b914-917f5dcc644c","dimension":"minecraft:overworld","sequence":99,"lifecycle":{"event":"update"},"metadata":{},"position":{"x":-47.582858151634014,"y":71.0,"z":72.96406756812999,"space":"minecraft"},"rotation":{"yaw":319.35008239746094,"pitch":11.549994468688965,"roll":0}}
[08:17:53] [MC7DTD-websocket/INFO]: 7DTD entity received: {"authority":"7dtd","dimension":"7dtd:main","entity_id":"1844a553-9729-44e9-a434-c9a33a617d07","entity_type":"7dtd:player","lifecycle":{"event":"update"},"metadata":{},"origin":{"dimension":"7dtd:main","entity_id":"1844a553-9729-44e9-a434-c9a33a617d07","game":"7dtd","world_id":"td-0d917a4eff776d999148769266591579674d2c42de6557026893a1902834f11f"},"position":{"x":-273.03436279296875,"y":61.07999801635742,"z":446.87322998046875,"space":"minecraft"},"rotation":{"pitch":-5.25,"roll":0,"yaw":109.03790283203125},"sequence":113,"source":"7dtd","stream_id":"d7a4bfe8-e239-44a6-b23b-2ec527b4cf7e","type":"entity_state","version":2,"world_id":"td-0d917a4eff776d999148769266591579674d2c42de6557026893a1902834f11f","components":{"presentation":{"renderer":"humanoid","model":"survivor","scale":1.0,"variant":"default"}}}
[08:17:53] [MC7DTD-websocket/INFO]: [Presentation] entity=1844a553-9729-44e9-a434-c9a33a617d07 renderer=humanoid model=survivor variant=default scale=1.0
[08:17:53] [Render thread/INFO]: 7DTD proxy updated: id=1844a553-9729-44e9-a434-c9a33a617d07 sequence=113 x=-273.03436279296875 y=61.07999801635742 z=446.87322998046875 yaw=109.03790283203125 pitch=-5.25 roll=0.0
[08:17:53] [MC7DTD-entity-test-send/INFO]: Player proxy sent: {"type":"entity_state","version":1,"source":"minecraft","entity_type":"minecraft:player","entity_id":"2b5d33df-ba0f-4e79-993a-835569712da3","stream_id":"713531ef-e23c-4b5f-a07f-bfff2b852dd0","world_id":"mc-cf4dce40-2be1-372b-b914-917f5dcc644c","dimension":"minecraft:overworld","sequence":100,"lifecycle":{"event":"update"},"metadata":{},"position":{"x":-47.582858151634014,"y":71.0,"z":72.96406756812999,"space":"minecraft"},"rotation":{"yaw":319.35008239746094,"pitch":11.549994468688965,"roll":0}}
[08:17:53] [MC7DTD-websocket/INFO]: 7DTD entity received: {"authority":"7dtd","dimension":"7dtd:main","entity_id":"1844a553-9729-44e9-a434-c9a33a617d07","entity_type":"7dtd:player","lifecycle":{"event":"update"},"metadata":{},"origin":{"dimension":"7dtd:main","entity_id":"1844a553-9729-44e9-a434-c9a33a617d07","game":"7dtd","world_id":"td-0d917a4eff776d999148769266591579674d2c42de6557026893a1902834f11f"},"position":{"x":-273.03436279296875,"y":61.07999801635742,"z":446.87322998046875,"space":"minecraft"},"rotation":{"pitch":-5.25,"roll":0,"yaw":109.03790283203125},"sequence":114,"source":"7dtd","stream_id":"d7a4bfe8-e239-44a6-b23b-2ec527b4cf7e","type":"entity_state","version":2,"world_id":"td-0d917a4eff776d999148769266591579674d2c42de6557026893a1902834f11f","components":{"presentation":{"renderer":"humanoid","model":"survivor","scale":1.0,"variant":"default"}}}
[08:17:53] [MC7DTD-websocket/INFO]: [Presentation] entity=1844a553-9729-44e9-a434-c9a33a617d07 renderer=humanoid model=survivor variant=default scale=1.0
[08:17:53] [Render thread/INFO]: 7DTD proxy updated: id=1844a553-9729-44e9-a434-c9a33a617d07 sequence=114 x=-273.03436279296875 y=61.07999801635742 z=446.87322998046875 yaw=109.03790283203125 pitch=-5.25 roll=0.0
[08:17:54] [MC7DTD-entity-test-send/INFO]: Player proxy sent: {"type":"entity_state","version":1,"source":"minecraft","entity_type":"minecraft:player","entity_id":"2b5d33df-ba0f-4e79-993a-835569712da3","stream_id":"713531ef-e23c-4b5f-a07f-bfff2b852dd0","world_id":"mc-cf4dce40-2be1-372b-b914-917f5dcc644c","dimension":"minecraft:overworld","sequence":101,"lifecycle":{"event":"update"},"metadata":{},"position":{"x":-47.582858151634014,"y":71.0,"z":72.96406756812999,"space":"minecraft"},"rotation":{"yaw":319.35008239746094,"pitch":11.549994468688965,"roll":0}}
[08:17:54] [MC7DTD-websocket/INFO]: 7DTD entity received: {"authority":"7dtd","dimension":"7dtd:main","entity_id":"1844a553-9729-44e9-a434-c9a33a617d07","entity_type":"7dtd:player","lifecycle":{"event":"update"},"metadata":{},"origin":{"dimension":"7dtd:main","entity_id":"1844a553-9729-44e9-a434-c9a33a617d07","game":"7dtd","world_id":"td-0d917a4eff776d999148769266591579674d2c42de6557026893a1902834f11f"},"position":{"x":-273.03436279296875,"y":61.07999801635742,"z":446.87322998046875,"space":"minecraft"},"rotation":{"pitch":-5.25,"roll":0,"yaw":109.03790283203125},"sequence":115,"source":"7dtd","stream_id":"d7a4bfe8-e239-44a6-b23b-2ec527b4cf7e","type":"entity_state","version":2,"world_id":"td-0d917a4eff776d999148769266591579674d2c42de6557026893a1902834f11f","components":{"presentation":{"renderer":"humanoid","model":"survivor","scale":1.0,"variant":"default"}}}
[08:17:54] [MC7DTD-websocket/INFO]: [Presentation] entity=1844a553-9729-44e9-a434-c9a33a617d07 renderer=humanoid model=survivor variant=default scale=1.0
[08:17:54] [Render thread/INFO]: 7DTD proxy updated: id=1844a553-9729-44e9-a434-c9a33a617d07 sequence=115 x=-273.03436279296875 y=61.07999801635742 z=446.87322998046875 yaw=109.03790283203125 pitch=-5.25 roll=0.0
[08:17:54] [MC7DTD-websocket/INFO]: 7DTD entity received: {"authority":"7dtd","dimension":"7dtd:main","entity_id":"1844a553-9729-44e9-a434-c9a33a617d07","entity_type":"7dtd:player","lifecycle":{"event":"update"},"metadata":{},"origin":{"dimension":"7dtd:main","entity_id":"1844a553-9729-44e9-a434-c9a33a617d07","game":"7dtd","world_id":"td-0d917a4eff776d999148769266591579674d2c42de6557026893a1902834f11f"},"position":{"x":-273.03436279296875,"y":61.07999801635742,"z":446.87322998046875,"space":"minecraft"},"rotation":{"pitch":-5.25,"roll":0,"yaw":109.03790283203125},"sequence":116,"source":"7dtd","stream_id":"d7a4bfe8-e239-44a6-b23b-2ec527b4cf7e","type":"entity_state","version":2,"world_id":"td-0d917a4eff776d999148769266591579674d2c42de6557026893a1902834f11f","components":{"presentation":{"renderer":"humanoid","model":"survivor","scale":1.0,"variant":"default"}}}
[08:17:54] [MC7DTD-websocket/INFO]: [Presentation] entity=1844a553-9729-44e9-a434-c9a33a617d07 renderer=humanoid model=survivor variant=default scale=1.0
[08:17:54] [Render thread/INFO]: 7DTD proxy updated: id=1844a553-9729-44e9-a434-c9a33a617d07 sequence=116 x=-273.03436279296875 y=61.07999801635742 z=446.87322998046875 yaw=109.03790283203125 pitch=-5.25 roll=0.0
[08:17:54] [MC7DTD-entity-test-send/INFO]: Player proxy sent: {"type":"entity_state","version":1,"source":"minecraft","entity_type":"minecraft:player","entity_id":"2b5d33df-ba0f-4e79-993a-835569712da3","stream_id":"713531ef-e23c-4b5f-a07f-bfff2b852dd0","world_id":"mc-cf4dce40-2be1-372b-b914-917f5dcc644c","dimension":"minecraft:overworld","sequence":102,"lifecycle":{"event":"update"},"metadata":{},"position":{"x":-47.582858151634014,"y":71.0,"z":72.96406756812999,"space":"minecraft"},"rotation":{"yaw":319.35008239746094,"pitch":11.549994468688965,"roll":0}}
[08:17:55] [MC7DTD-entity-test-send/INFO]: Player proxy sent: {"type":"entity_state","version":1,"source":"minecraft","entity_type":"minecraft:player","entity_id":"2b5d33df-ba0f-4e79-993a-835569712da3","stream_id":"713531ef-e23c-4b5f-a07f-bfff2b852dd0","world_id":"mc-cf4dce40-2be1-372b-b914-917f5dcc644c","dimension":"minecraft:overworld","sequence":103,"lifecycle":{"event":"update"},"metadata":{},"position":{"x":-47.582858151634014,"y":71.0,"z":72.96406756812999,"space":"minecraft"},"rotation":{"yaw":319.35008239746094,"pitch":11.549994468688965,"roll":0}}
[08:17:55] [MC7DTD-websocket/INFO]: 7DTD entity received: {"authority":"7dtd","dimension":"7dtd:main","entity_id":"1844a553-9729-44e9-a434-c9a33a617d07","entity_type":"7dtd:player","lifecycle":{"event":"update"},"metadata":{},"origin":{"dimension":"7dtd:main","entity_id":"1844a553-9729-44e9-a434-c9a33a617d07","game":"7dtd","world_id":"td-0d917a4eff776d999148769266591579674d2c42de6557026893a1902834f11f"},"position":{"x":-273.03436279296875,"y":61.07999801635742,"z":446.87322998046875,"space":"minecraft"},"rotation":{"pitch":-5.25,"roll":0,"yaw":109.03790283203125},"sequence":117,"source":"7dtd","stream_id":"d7a4bfe8-e239-44a6-b23b-2ec527b4cf7e","type":"entity_state","version":2,"world_id":"td-0d917a4eff776d999148769266591579674d2c42de6557026893a1902834f11f","components":{"presentation":{"renderer":"humanoid","model":"survivor","scale":1.0,"variant":"default"}}}
[08:17:55] [MC7DTD-websocket/INFO]: [Presentation] entity=1844a553-9729-44e9-a434-c9a33a617d07 renderer=humanoid model=survivor variant=default scale=1.0
[08:17:55] [Render thread/INFO]: 7DTD proxy updated: id=1844a553-9729-44e9-a434-c9a33a617d07 sequence=117 x=-273.03436279296875 y=61.07999801635742 z=446.87322998046875 yaw=109.03790283203125 pitch=-5.25 roll=0.0
[08:17:55] [MC7DTD-websocket/INFO]: 7DTD entity received: {"authority":"7dtd","dimension":"7dtd:main","entity_id":"1844a553-9729-44e9-a434-c9a33a617d07","entity_type":"7dtd:player","lifecycle":{"event":"update"},"metadata":{},"origin":{"dimension":"7dtd:main","entity_id":"1844a553-9729-44e9-a434-c9a33a617d07","game":"7dtd","world_id":"td-0d917a4eff776d999148769266591579674d2c42de6557026893a1902834f11f"},"position":{"x":-273.03436279296875,"y":61.07999801635742,"z":446.87322998046875,"space":"minecraft"},"rotation":{"pitch":-5.25,"roll":0,"yaw":109.03790283203125},"sequence":118,"source":"7dtd","stream_id":"d7a4bfe8-e239-44a6-b23b-2ec527b4cf7e","type":"entity_state","version":2,"world_id":"td-0d917a4eff776d999148769266591579674d2c42de6557026893a1902834f11f","components":{"presentation":{"renderer":"humanoid","model":"survivor","scale":1.0,"variant":"default"}}}
[08:17:55] [MC7DTD-websocket/INFO]: [Presentation] entity=1844a553-9729-44e9-a434-c9a33a617d07 renderer=humanoid model=survivor variant=default scale=1.0
[08:17:55] [Render thread/INFO]: 7DTD proxy updated: id=1844a553-9729-44e9-a434-c9a33a617d07 sequence=118 x=-273.03436279296875 y=61.07999801635742 z=446.87322998046875 yaw=109.03790283203125 pitch=-5.25 roll=0.0
[08:17:55] [MC7DTD-entity-test-send/INFO]: Player proxy sent: {"type":"entity_state","version":1,"source":"minecraft","entity_type":"minecraft:player","entity_id":"2b5d33df-ba0f-4e79-993a-835569712da3","stream_id":"713531ef-e23c-4b5f-a07f-bfff2b852dd0","world_id":"mc-cf4dce40-2be1-372b-b914-917f5dcc644c","dimension":"minecraft:overworld","sequence":104,"lifecycle":{"event":"update"},"metadata":{},"position":{"x":-47.582858151634014,"y":71.0,"z":72.96406756812999,"space":"minecraft"},"rotation":{"yaw":319.35008239746094,"pitch":11.549994468688965,"roll":0}}
[08:17:56] [Render thread/INFO]: [System] [CHAT] Presentation test queued: despawn (check Bridge and 7DTD logs)
[08:17:56] [MC7DTD-entity-test-send/INFO]: Entity test sent: {"type":"entity_state","version":1,"source":"minecraft","stream_id":"f78bcc0e-64a0-470d-a4d4-142fa20678be","entity_id":"92d5fc0a-2865-4267-9f17-eb661dbae119","entity_type":"minecraft:marker","world_id":"runtime-acceptance","dimension":"minecraft:overworld","sequence":5,"position":null,"rotation":null,"lifecycle":{"event":"despawn","reason":"out_of_scope"},"metadata":{}}
[08:17:56] [MC7DTD-websocket/INFO]: 7DTD entity received: {"authority":"7dtd","dimension":"7dtd:main","entity_id":"1844a553-9729-44e9-a434-c9a33a617d07","entity_type":"7dtd:player","lifecycle":{"event":"update"},"metadata":{},"origin":{"dimension":"7dtd:main","entity_id":"1844a553-9729-44e9-a434-c9a33a617d07","game":"7dtd","world_id":"td-0d917a4eff776d999148769266591579674d2c42de6557026893a1902834f11f"},"position":{"x":-273.03436279296875,"y":61.07999801635742,"z":446.87322998046875,"space":"minecraft"},"rotation":{"pitch":-5.25,"roll":0,"yaw":109.03790283203125},"sequence":119,"source":"7dtd","stream_id":"d7a4bfe8-e239-44a6-b23b-2ec527b4cf7e","type":"entity_state","version":2,"world_id":"td-0d917a4eff776d999148769266591579674d2c42de6557026893a1902834f11f","components":{"presentation":{"renderer":"humanoid","model":"survivor","scale":1.0,"variant":"default"}}}
[08:17:56] [MC7DTD-websocket/INFO]: [Presentation] entity=1844a553-9729-44e9-a434-c9a33a617d07 renderer=humanoid model=survivor variant=default scale=1.0
[08:17:56] [Render thread/INFO]: 7DTD proxy updated: id=1844a553-9729-44e9-a434-c9a33a617d07 sequence=119 x=-273.03436279296875 y=61.07999801635742 z=446.87322998046875 yaw=109.03790283203125 pitch=-5.25 roll=0.0
[08:17:56] [MC7DTD-entity-test-send/INFO]: Player proxy sent: {"type":"entity_state","version":1,"source":"minecraft","entity_type":"minecraft:player","entity_id":"2b5d33df-ba0f-4e79-993a-835569712da3","stream_id":"713531ef-e23c-4b5f-a07f-bfff2b852dd0","world_id":"mc-cf4dce40-2be1-372b-b914-917f5dcc644c","dimension":"minecraft:overworld","sequence":105,"lifecycle":{"event":"update"},"metadata":{},"position":{"x":-47.582858151634014,"y":71.0,"z":72.96406756812999,"space":"minecraft"},"rotation":{"yaw":319.35008239746094,"pitch":11.549994468688965,"roll":0}}
[08:17:56] [MC7DTD-websocket/INFO]: 7DTD entity received: {"authority":"7dtd","dimension":"7dtd:main","entity_id":"1844a553-9729-44e9-a434-c9a33a617d07","entity_type":"7dtd:player","lifecycle":{"event":"update"},"metadata":{},"origin":{"dimension":"7dtd:main","entity_id":"1844a553-9729-44e9-a434-c9a33a617d07","game":"7dtd","world_id":"td-0d917a4eff776d999148769266591579674d2c42de6557026893a1902834f11f"},"position":{"x":-273.03436279296875,"y":61.07999801635742,"z":446.87322998046875,"space":"minecraft"},"rotation":{"pitch":-5.25,"roll":0,"yaw":109.03790283203125},"sequence":120,"source":"7dtd","stream_id":"d7a4bfe8-e239-44a6-b23b-2ec527b4cf7e","type":"entity_state","version":2,"world_id":"td-0d917a4eff776d999148769266591579674d2c42de6557026893a1902834f11f","components":{"presentation":{"renderer":"humanoid","model":"survivor","scale":1.0,"variant":"default"}}}
[08:17:56] [MC7DTD-websocket/INFO]: [Presentation] entity=1844a553-9729-44e9-a434-c9a33a617d07 renderer=humanoid model=survivor variant=default scale=1.0
[08:17:56] [Render thread/INFO]: 7DTD proxy updated: id=1844a553-9729-44e9-a434-c9a33a617d07 sequence=120 x=-273.03436279296875 y=61.07999801635742 z=446.87322998046875 yaw=109.03790283203125 pitch=-5.25 roll=0.0
[08:17:56] [MC7DTD-entity-test-send/INFO]: Player proxy sent: {"type":"entity_state","version":1,"source":"minecraft","entity_type":"minecraft:player","entity_id":"2b5d33df-ba0f-4e79-993a-835569712da3","stream_id":"713531ef-e23c-4b5f-a07f-bfff2b852dd0","world_id":"mc-cf4dce40-2be1-372b-b914-917f5dcc644c","dimension":"minecraft:overworld","sequence":106,"lifecycle":{"event":"update"},"metadata":{},"position":{"x":-47.582858151634014,"y":71.0,"z":72.96406756812999,"space":"minecraft"},"rotation":{"yaw":319.35008239746094,"pitch":11.549994468688965,"roll":0}}
[08:17:57] [MC7DTD-websocket/INFO]: 7DTD entity received: {"authority":"7dtd","dimension":"7dtd:main","entity_id":"1844a553-9729-44e9-a434-c9a33a617d07","entity_type":"7dtd:player","lifecycle":{"event":"update"},"metadata":{},"origin":{"dimension":"7dtd:main","entity_id":"1844a553-9729-44e9-a434-c9a33a617d07","game":"7dtd","world_id":"td-0d917a4eff776d999148769266591579674d2c42de6557026893a1902834f11f"},"position":{"x":-273.03436279296875,"y":61.07999801635742,"z":446.87322998046875,"space":"minecraft"},"rotation":{"pitch":-5.25,"roll":0,"yaw":109.03790283203125},"sequence":121,"source":"7dtd","stream_id":"d7a4bfe8-e239-44a6-b23b-2ec527b4cf7e","type":"entity_state","version":2,"world_id":"td-0d917a4eff776d999148769266591579674d2c42de6557026893a1902834f11f","components":{"presentation":{"renderer":"humanoid","model":"survivor","scale":1.0,"variant":"default"}}}
[08:17:57] [MC7DTD-websocket/INFO]: [Presentation] entity=1844a553-9729-44e9-a434-c9a33a617d07 renderer=humanoid model=survivor variant=default scale=1.0
[08:17:57] [Render thread/INFO]: 7DTD proxy updated: id=1844a553-9729-44e9-a434-c9a33a617d07 sequence=121 x=-273.03436279296875 y=61.07999801635742 z=446.87322998046875 yaw=109.03790283203125 pitch=-5.25 roll=0.0
[08:17:57] [MC7DTD-entity-test-send/INFO]: Player proxy sent: {"type":"entity_state","version":1,"source":"minecraft","entity_type":"minecraft:player","entity_id":"2b5d33df-ba0f-4e79-993a-835569712da3","stream_id":"713531ef-e23c-4b5f-a07f-bfff2b852dd0","world_id":"mc-cf4dce40-2be1-372b-b914-917f5dcc644c","dimension":"minecraft:overworld","sequence":107,"lifecycle":{"event":"update"},"metadata":{},"position":{"x":-47.582858151634014,"y":71.0,"z":72.96406756812999,"space":"minecraft"},"rotation":{"yaw":319.35008239746094,"pitch":11.549994468688965,"roll":0}}
[08:17:57] [MC7DTD-websocket/INFO]: 7DTD entity received: {"authority":"7dtd","dimension":"7dtd:main","entity_id":"1844a553-9729-44e9-a434-c9a33a617d07","entity_type":"7dtd:player","lifecycle":{"event":"update"},"metadata":{},"origin":{"dimension":"7dtd:main","entity_id":"1844a553-9729-44e9-a434-c9a33a617d07","game":"7dtd","world_id":"td-0d917a4eff776d999148769266591579674d2c42de6557026893a1902834f11f"},"position":{"x":-273.03436279296875,"y":61.07999801635742,"z":446.87322998046875,"space":"minecraft"},"rotation":{"pitch":-5.25,"roll":0,"yaw":109.03790283203125},"sequence":122,"source":"7dtd","stream_id":"d7a4bfe8-e239-44a6-b23b-2ec527b4cf7e","type":"entity_state","version":2,"world_id":"td-0d917a4eff776d999148769266591579674d2c42de6557026893a1902834f11f","components":{"presentation":{"renderer":"humanoid","model":"survivor","scale":1.0,"variant":"default"}}}
[08:17:57] [MC7DTD-websocket/INFO]: [Presentation] entity=1844a553-9729-44e9-a434-c9a33a617d07 renderer=humanoid model=survivor variant=default scale=1.0
[08:17:57] [Render thread/INFO]: 7DTD proxy updated: id=1844a553-9729-44e9-a434-c9a33a617d07 sequence=122 x=-273.03436279296875 y=61.07999801635742 z=446.87322998046875 yaw=109.03790283203125 pitch=-5.25 roll=0.0
[08:17:57] [MC7DTD-entity-test-send/INFO]: Player proxy sent: {"type":"entity_state","version":1,"source":"minecraft","entity_type":"minecraft:player","entity_id":"2b5d33df-ba0f-4e79-993a-835569712da3","stream_id":"713531ef-e23c-4b5f-a07f-bfff2b852dd0","world_id":"mc-cf4dce40-2be1-372b-b914-917f5dcc644c","dimension":"minecraft:overworld","sequence":108,"lifecycle":{"event":"update"},"metadata":{},"position":{"x":-47.582858151634014,"y":71.0,"z":72.96406756812999,"space":"minecraft"},"rotation":{"yaw":319.35008239746094,"pitch":11.549994468688965,"roll":0}}
[08:17:58] [MC7DTD-websocket/INFO]: 7DTD entity received: {"authority":"7dtd","dimension":"7dtd:main","entity_id":"1844a553-9729-44e9-a434-c9a33a617d07","entity_type":"7dtd:player","lifecycle":{"event":"update"},"metadata":{},"origin":{"dimension":"7dtd:main","entity_id":"1844a553-9729-44e9-a434-c9a33a617d07","game":"7dtd","world_id":"td-0d917a4eff776d999148769266591579674d2c42de6557026893a1902834f11f"},"position":{"x":-273.03436279296875,"y":61.07999801635742,"z":446.87322998046875,"space":"minecraft"},"rotation":{"pitch":-5.25,"roll":0,"yaw":109.03790283203125},"sequence":123,"source":"7dtd","stream_id":"d7a4bfe8-e239-44a6-b23b-2ec527b4cf7e","type":"entity_state","version":2,"world_id":"td-0d917a4eff776d999148769266591579674d2c42de6557026893a1902834f11f","components":{"presentation":{"renderer":"humanoid","model":"survivor","scale":1.0,"variant":"default"}}}
[08:17:58] [MC7DTD-websocket/INFO]: [Presentation] entity=1844a553-9729-44e9-a434-c9a33a617d07 renderer=humanoid model=survivor variant=default scale=1.0
[08:17:58] [Render thread/INFO]: 7DTD proxy updated: id=1844a553-9729-44e9-a434-c9a33a617d07 sequence=123 x=-273.03436279296875 y=61.07999801635742 z=446.87322998046875 yaw=109.03790283203125 pitch=-5.25 roll=0.0
[08:17:58] [MC7DTD-entity-test-send/INFO]: Player proxy sent: {"type":"entity_state","version":1,"source":"minecraft","entity_type":"minecraft:player","entity_id":"2b5d33df-ba0f-4e79-993a-835569712da3","stream_id":"713531ef-e23c-4b5f-a07f-bfff2b852dd0","world_id":"mc-cf4dce40-2be1-372b-b914-917f5dcc644c","dimension":"minecraft:overworld","sequence":109,"lifecycle":{"event":"update"},"metadata":{},"position":{"x":-47.582858151634014,"y":71.0,"z":72.96406756812999,"space":"minecraft"},"rotation":{"yaw":319.35008239746094,"pitch":11.549994468688965,"roll":0}}
[08:17:58] [MC7DTD-websocket/INFO]: 7DTD entity received: {"authority":"7dtd","dimension":"7dtd:main","entity_id":"1844a553-9729-44e9-a434-c9a33a617d07","entity_type":"7dtd:player","lifecycle":{"event":"update"},"metadata":{},"origin":{"dimension":"7dtd:main","entity_id":"1844a553-9729-44e9-a434-c9a33a617d07","game":"7dtd","world_id":"td-0d917a4eff776d999148769266591579674d2c42de6557026893a1902834f11f"},"position":{"x":-273.03436279296875,"y":61.07999801635742,"z":446.87322998046875,"space":"minecraft"},"rotation":{"pitch":-5.25,"roll":0,"yaw":109.03790283203125},"sequence":124,"source":"7dtd","stream_id":"d7a4bfe8-e239-44a6-b23b-2ec527b4cf7e","type":"entity_state","version":2,"world_id":"td-0d917a4eff776d999148769266591579674d2c42de6557026893a1902834f11f","components":{"presentation":{"renderer":"humanoid","model":"survivor","scale":1.0,"variant":"default"}}}
[08:17:58] [MC7DTD-websocket/INFO]: [Presentation] entity=1844a553-9729-44e9-a434-c9a33a617d07 renderer=humanoid model=survivor variant=default scale=1.0
[08:17:58] [Render thread/INFO]: 7DTD proxy updated: id=1844a553-9729-44e9-a434-c9a33a617d07 sequence=124 x=-273.03436279296875 y=61.07999801635742 z=446.87322998046875 yaw=109.03790283203125 pitch=-5.25 roll=0.0
[08:17:59] [MC7DTD-entity-test-send/INFO]: Player proxy sent: {"type":"entity_state","version":1,"source":"minecraft","entity_type":"minecraft:player","entity_id":"2b5d33df-ba0f-4e79-993a-835569712da3","stream_id":"713531ef-e23c-4b5f-a07f-bfff2b852dd0","world_id":"mc-cf4dce40-2be1-372b-b914-917f5dcc644c","dimension":"minecraft:overworld","sequence":110,"lifecycle":{"event":"update"},"metadata":{},"position":{"x":-47.582858151634014,"y":71.0,"z":72.96406756812999,"space":"minecraft"},"rotation":{"yaw":319.35008239746094,"pitch":11.549994468688965,"roll":0}}
[08:17:59] [MC7DTD-websocket/INFO]: 7DTD entity received: {"authority":"7dtd","dimension":"7dtd:main","entity_id":"1844a553-9729-44e9-a434-c9a33a617d07","entity_type":"7dtd:player","lifecycle":{"event":"update"},"metadata":{},"origin":{"dimension":"7dtd:main","entity_id":"1844a553-9729-44e9-a434-c9a33a617d07","game":"7dtd","world_id":"td-0d917a4eff776d999148769266591579674d2c42de6557026893a1902834f11f"},"position":{"x":-273.03436279296875,"y":61.07999801635742,"z":446.87322998046875,"space":"minecraft"},"rotation":{"pitch":-5.25,"roll":0,"yaw":109.03790283203125},"sequence":125,"source":"7dtd","stream_id":"d7a4bfe8-e239-44a6-b23b-2ec527b4cf7e","type":"entity_state","version":2,"world_id":"td-0d917a4eff776d999148769266591579674d2c42de6557026893a1902834f11f","components":{"presentation":{"renderer":"humanoid","model":"survivor","scale":1.0,"variant":"default"}}}
[08:17:59] [MC7DTD-websocket/INFO]: [Presentation] entity=1844a553-9729-44e9-a434-c9a33a617d07 renderer=humanoid model=survivor variant=default scale=1.0
[08:17:59] [Render thread/INFO]: 7DTD proxy updated: id=1844a553-9729-44e9-a434-c9a33a617d07 sequence=125 x=-273.03436279296875 y=61.07999801635742 z=446.87322998046875 yaw=109.03790283203125 pitch=-5.25 roll=0.0
[08:17:59] [MC7DTD-entity-test-send/INFO]: Player proxy sent: {"type":"entity_state","version":1,"source":"minecraft","entity_type":"minecraft:player","entity_id":"2b5d33df-ba0f-4e79-993a-835569712da3","stream_id":"713531ef-e23c-4b5f-a07f-bfff2b852dd0","world_id":"mc-cf4dce40-2be1-372b-b914-917f5dcc644c","dimension":"minecraft:overworld","sequence":111,"lifecycle":{"event":"update"},"metadata":{},"position":{"x":-47.582858151634014,"y":71.0,"z":72.96406756812999,"space":"minecraft"},"rotation":{"yaw":319.35008239746094,"pitch":11.549994468688965,"roll":0}}
[08:17:59] [MC7DTD-websocket/INFO]: 7DTD entity received: {"authority":"7dtd","dimension":"7dtd:main","entity_id":"1844a553-9729-44e9-a434-c9a33a617d07","entity_type":"7dtd:player","lifecycle":{"event":"update"},"metadata":{},"origin":{"dimension":"7dtd:main","entity_id":"1844a553-9729-44e9-a434-c9a33a617d07","game":"7dtd","world_id":"td-0d917a4eff776d999148769266591579674d2c42de6557026893a1902834f11f"},"position":{"x":-273.03436279296875,"y":61.07999801635742,"z":446.87322998046875,"space":"minecraft"},"rotation":{"pitch":-5.25,"roll":0,"yaw":109.03790283203125},"sequence":126,"source":"7dtd","stream_id":"d7a4bfe8-e239-44a6-b23b-2ec527b4cf7e","type":"entity_state","version":2,"world_id":"td-0d917a4eff776d999148769266591579674d2c42de6557026893a1902834f11f","components":{"presentation":{"renderer":"humanoid","model":"survivor","scale":1.0,"variant":"default"}}}
[08:17:59] [MC7DTD-websocket/INFO]: [Presentation] entity=1844a553-9729-44e9-a434-c9a33a617d07 renderer=humanoid model=survivor variant=default scale=1.0
[08:17:59] [Render thread/INFO]: 7DTD proxy updated: id=1844a553-9729-44e9-a434-c9a33a617d07 sequence=126 x=-273.03436279296875 y=61.07999801635742 z=446.87322998046875 yaw=109.03790283203125 pitch=-5.25 roll=0.0
[08:18:00] [MC7DTD-entity-test-send/INFO]: Player proxy sent: {"type":"entity_state","version":1,"source":"minecraft","entity_type":"minecraft:player","entity_id":"2b5d33df-ba0f-4e79-993a-835569712da3","stream_id":"713531ef-e23c-4b5f-a07f-bfff2b852dd0","world_id":"mc-cf4dce40-2be1-372b-b914-917f5dcc644c","dimension":"minecraft:overworld","sequence":112,"lifecycle":{"event":"update"},"metadata":{},"position":{"x":-47.582858151634014,"y":71.0,"z":72.96406756812999,"space":"minecraft"},"rotation":{"yaw":319.35008239746094,"pitch":11.549994468688965,"roll":0}}
[08:18:00] [MC7DTD-websocket/INFO]: 7DTD entity received: {"authority":"7dtd","dimension":"7dtd:main","entity_id":"1844a553-9729-44e9-a434-c9a33a617d07","entity_type":"7dtd:player","lifecycle":{"event":"update"},"metadata":{},"origin":{"dimension":"7dtd:main","entity_id":"1844a553-9729-44e9-a434-c9a33a617d07","game":"7dtd","world_id":"td-0d917a4eff776d999148769266591579674d2c42de6557026893a1902834f11f"},"position":{"x":-273.03436279296875,"y":61.07999801635742,"z":446.87322998046875,"space":"minecraft"},"rotation":{"pitch":-5.25,"roll":0,"yaw":109.03790283203125},"sequence":127,"source":"7dtd","stream_id":"d7a4bfe8-e239-44a6-b23b-2ec527b4cf7e","type":"entity_state","version":2,"world_id":"td-0d917a4eff776d999148769266591579674d2c42de6557026893a1902834f11f","components":{"presentation":{"renderer":"humanoid","model":"survivor","scale":1.0,"variant":"default"}}}
[08:18:00] [MC7DTD-websocket/INFO]: [Presentation] entity=1844a553-9729-44e9-a434-c9a33a617d07 renderer=humanoid model=survivor variant=default scale=1.0
[08:18:00] [Render thread/INFO]: 7DTD proxy updated: id=1844a553-9729-44e9-a434-c9a33a617d07 sequence=127 x=-273.03436279296875 y=61.07999801635742 z=446.87322998046875 yaw=109.03790283203125 pitch=-5.25 roll=0.0
[08:18:00] [MC7DTD-entity-test-send/INFO]: Player proxy sent: {"type":"entity_state","version":1,"source":"minecraft","entity_type":"minecraft:player","entity_id":"2b5d33df-ba0f-4e79-993a-835569712da3","stream_id":"713531ef-e23c-4b5f-a07f-bfff2b852dd0","world_id":"mc-cf4dce40-2be1-372b-b914-917f5dcc644c","dimension":"minecraft:overworld","sequence":113,"lifecycle":{"event":"update"},"metadata":{},"position":{"x":-47.582858151634014,"y":71.0,"z":72.96406756812999,"space":"minecraft"},"rotation":{"yaw":319.35008239746094,"pitch":11.549994468688965,"roll":0}}
[08:18:00] [MC7DTD-websocket/INFO]: 7DTD entity received: {"authority":"7dtd","dimension":"7dtd:main","entity_id":"1844a553-9729-44e9-a434-c9a33a617d07","entity_type":"7dtd:player","lifecycle":{"event":"update"},"metadata":{},"origin":{"dimension":"7dtd:main","entity_id":"1844a553-9729-44e9-a434-c9a33a617d07","game":"7dtd","world_id":"td-0d917a4eff776d999148769266591579674d2c42de6557026893a1902834f11f"},"position":{"x":-273.03436279296875,"y":61.07999801635742,"z":446.87322998046875,"space":"minecraft"},"rotation":{"pitch":-5.25,"roll":0,"yaw":109.03790283203125},"sequence":128,"source":"7dtd","stream_id":"d7a4bfe8-e239-44a6-b23b-2ec527b4cf7e","type":"entity_state","version":2,"world_id":"td-0d917a4eff776d999148769266591579674d2c42de6557026893a1902834f11f","components":{"presentation":{"renderer":"humanoid","model":"survivor","scale":1.0,"variant":"default"}}}
[08:18:00] [MC7DTD-websocket/INFO]: [Presentation] entity=1844a553-9729-44e9-a434-c9a33a617d07 renderer=humanoid model=survivor variant=default scale=1.0
[08:18:00] [Render thread/INFO]: 7DTD proxy updated: id=1844a553-9729-44e9-a434-c9a33a617d07 sequence=128 x=-273.03436279296875 y=61.07999801635742 z=446.87322998046875 yaw=109.03790283203125 pitch=-5.25 roll=0.0
[08:18:01] [MC7DTD-entity-test-send/INFO]: Player proxy sent: {"type":"entity_state","version":1,"source":"minecraft","entity_type":"minecraft:player","entity_id":"2b5d33df-ba0f-4e79-993a-835569712da3","stream_id":"713531ef-e23c-4b5f-a07f-bfff2b852dd0","world_id":"mc-cf4dce40-2be1-372b-b914-917f5dcc644c","dimension":"minecraft:overworld","sequence":114,"lifecycle":{"event":"update"},"metadata":{},"position":{"x":-47.582858151634014,"y":71.0,"z":72.96406756812999,"space":"minecraft"},"rotation":{"yaw":319.35008239746094,"pitch":11.549994468688965,"roll":0}}
[08:18:01] [MC7DTD-websocket/INFO]: 7DTD entity received: {"authority":"7dtd","dimension":"7dtd:main","entity_id":"1844a553-9729-44e9-a434-c9a33a617d07","entity_type":"7dtd:player","lifecycle":{"event":"update"},"metadata":{},"origin":{"dimension":"7dtd:main","entity_id":"1844a553-9729-44e9-a434-c9a33a617d07","game":"7dtd","world_id":"td-0d917a4eff776d999148769266591579674d2c42de6557026893a1902834f11f"},"position":{"x":-273.03436279296875,"y":61.07999801635742,"z":446.87322998046875,"space":"minecraft"},"rotation":{"pitch":-5.25,"roll":0,"yaw":109.03790283203125},"sequence":129,"source":"7dtd","stream_id":"d7a4bfe8-e239-44a6-b23b-2ec527b4cf7e","type":"entity_state","version":2,"world_id":"td-0d917a4eff776d999148769266591579674d2c42de6557026893a1902834f11f","components":{"presentation":{"renderer":"humanoid","model":"survivor","scale":1.0,"variant":"default"}}}
[08:18:01] [MC7DTD-websocket/INFO]: [Presentation] entity=1844a553-9729-44e9-a434-c9a33a617d07 renderer=humanoid model=survivor variant=default scale=1.0
[08:18:01] [Render thread/INFO]: 7DTD proxy updated: id=1844a553-9729-44e9-a434-c9a33a617d07 sequence=129 x=-273.03436279296875 y=61.07999801635742 z=446.87322998046875 yaw=109.03790283203125 pitch=-5.25 roll=0.0
[08:18:01] [MC7DTD-entity-test-send/INFO]: Player proxy sent: {"type":"entity_state","version":1,"source":"minecraft","entity_type":"minecraft:player","entity_id":"2b5d33df-ba0f-4e79-993a-835569712da3","stream_id":"713531ef-e23c-4b5f-a07f-bfff2b852dd0","world_id":"mc-cf4dce40-2be1-372b-b914-917f5dcc644c","dimension":"minecraft:overworld","sequence":115,"lifecycle":{"event":"update"},"metadata":{},"position":{"x":-47.582858151634014,"y":71.0,"z":72.96406756812999,"space":"minecraft"},"rotation":{"yaw":319.35008239746094,"pitch":11.549994468688965,"roll":0}}
[08:18:01] [MC7DTD-websocket/INFO]: 7DTD entity received: {"authority":"7dtd","dimension":"7dtd:main","entity_id":"1844a553-9729-44e9-a434-c9a33a617d07","entity_type":"7dtd:player","lifecycle":{"event":"update"},"metadata":{},"origin":{"dimension":"7dtd:main","entity_id":"1844a553-9729-44e9-a434-c9a33a617d07","game":"7dtd","world_id":"td-0d917a4eff776d999148769266591579674d2c42de6557026893a1902834f11f"},"position":{"x":-273.03436279296875,"y":61.07999801635742,"z":446.87322998046875,"space":"minecraft"},"rotation":{"pitch":-5.25,"roll":0,"yaw":109.03790283203125},"sequence":130,"source":"7dtd","stream_id":"d7a4bfe8-e239-44a6-b23b-2ec527b4cf7e","type":"entity_state","version":2,"world_id":"td-0d917a4eff776d999148769266591579674d2c42de6557026893a1902834f11f","components":{"presentation":{"renderer":"humanoid","model":"survivor","scale":1.0,"variant":"default"}}}
[08:18:01] [MC7DTD-websocket/INFO]: [Presentation] entity=1844a553-9729-44e9-a434-c9a33a617d07 renderer=humanoid model=survivor variant=default scale=1.0
[08:18:01] [Render thread/INFO]: 7DTD proxy updated: id=1844a553-9729-44e9-a434-c9a33a617d07 sequence=130 x=-273.03436279296875 y=61.07999801635742 z=446.87322998046875 yaw=109.03790283203125 pitch=-5.25 roll=0.0
[08:18:02] [MC7DTD-entity-test-send/INFO]: Player proxy sent: {"type":"entity_state","version":1,"source":"minecraft","entity_type":"minecraft:player","entity_id":"2b5d33df-ba0f-4e79-993a-835569712da3","stream_id":"713531ef-e23c-4b5f-a07f-bfff2b852dd0","world_id":"mc-cf4dce40-2be1-372b-b914-917f5dcc644c","dimension":"minecraft:overworld","sequence":116,"lifecycle":{"event":"update"},"metadata":{},"position":{"x":-47.582858151634014,"y":71.0,"z":72.96406756812999,"space":"minecraft"},"rotation":{"yaw":319.35008239746094,"pitch":11.549994468688965,"roll":0}}
[08:18:02] [MC7DTD-websocket/INFO]: 7DTD entity received: {"authority":"7dtd","dimension":"7dtd:main","entity_id":"1844a553-9729-44e9-a434-c9a33a617d07","entity_type":"7dtd:player","lifecycle":{"event":"update"},"metadata":{},"origin":{"dimension":"7dtd:main","entity_id":"1844a553-9729-44e9-a434-c9a33a617d07","game":"7dtd","world_id":"td-0d917a4eff776d999148769266591579674d2c42de6557026893a1902834f11f"},"position":{"x":-273.03436279296875,"y":61.07999801635742,"z":446.87322998046875,"space":"minecraft"},"rotation":{"pitch":-5.25,"roll":0,"yaw":109.03790283203125},"sequence":131,"source":"7dtd","stream_id":"d7a4bfe8-e239-44a6-b23b-2ec527b4cf7e","type":"entity_state","version":2,"world_id":"td-0d917a4eff776d999148769266591579674d2c42de6557026893a1902834f11f","components":{"presentation":{"renderer":"humanoid","model":"survivor","scale":1.0,"variant":"default"}}}
[08:18:02] [MC7DTD-websocket/INFO]: [Presentation] entity=1844a553-9729-44e9-a434-c9a33a617d07 renderer=humanoid model=survivor variant=default scale=1.0
[08:18:02] [Render thread/INFO]: 7DTD proxy updated: id=1844a553-9729-44e9-a434-c9a33a617d07 sequence=131 x=-273.03436279296875 y=61.07999801635742 z=446.87322998046875 yaw=109.03790283203125 pitch=-5.25 roll=0.0
[08:18:02] [MC7DTD-entity-test-send/INFO]: Player proxy sent: {"type":"entity_state","version":1,"source":"minecraft","entity_type":"minecraft:player","entity_id":"2b5d33df-ba0f-4e79-993a-835569712da3","stream_id":"713531ef-e23c-4b5f-a07f-bfff2b852dd0","world_id":"mc-cf4dce40-2be1-372b-b914-917f5dcc644c","dimension":"minecraft:overworld","sequence":117,"lifecycle":{"event":"update"},"metadata":{},"position":{"x":-47.582858151634014,"y":71.0,"z":72.96406756812999,"space":"minecraft"},"rotation":{"yaw":319.35008239746094,"pitch":11.549994468688965,"roll":0}}
[08:18:02] [MC7DTD-websocket/INFO]: 7DTD entity received: {"authority":"7dtd","dimension":"7dtd:main","entity_id":"1844a553-9729-44e9-a434-c9a33a617d07","entity_type":"7dtd:player","lifecycle":{"event":"update"},"metadata":{},"origin":{"dimension":"7dtd:main","entity_id":"1844a553-9729-44e9-a434-c9a33a617d07","game":"7dtd","world_id":"td-0d917a4eff776d999148769266591579674d2c42de6557026893a1902834f11f"},"position":{"x":-273.03436279296875,"y":61.07999801635742,"z":446.87322998046875,"space":"minecraft"},"rotation":{"pitch":-5.25,"roll":0,"yaw":109.03790283203125},"sequence":132,"source":"7dtd","stream_id":"d7a4bfe8-e239-44a6-b23b-2ec527b4cf7e","type":"entity_state","version":2,"world_id":"td-0d917a4eff776d999148769266591579674d2c42de6557026893a1902834f11f","components":{"presentation":{"renderer":"humanoid","model":"survivor","scale":1.0,"variant":"default"}}}
[08:18:02] [MC7DTD-websocket/INFO]: [Presentation] entity=1844a553-9729-44e9-a434-c9a33a617d07 renderer=humanoid model=survivor variant=default scale=1.0
[08:18:02] [Render thread/INFO]: 7DTD proxy updated: id=1844a553-9729-44e9-a434-c9a33a617d07 sequence=132 x=-273.03436279296875 y=61.07999801635742 z=446.87322998046875 yaw=109.03790283203125 pitch=-5.25 roll=0.0
[08:18:03] [MC7DTD-entity-test-send/INFO]: Player proxy sent: {"type":"entity_state","version":1,"source":"minecraft","entity_type":"minecraft:player","entity_id":"2b5d33df-ba0f-4e79-993a-835569712da3","stream_id":"713531ef-e23c-4b5f-a07f-bfff2b852dd0","world_id":"mc-cf4dce40-2be1-372b-b914-917f5dcc644c","dimension":"minecraft:overworld","sequence":118,"lifecycle":{"event":"update"},"metadata":{},"position":{"x":-47.582858151634014,"y":71.0,"z":72.96406756812999,"space":"minecraft"},"rotation":{"yaw":319.35008239746094,"pitch":11.549994468688965,"roll":0}}
[08:18:03] [MC7DTD-websocket/INFO]: 7DTD entity received: {"authority":"7dtd","dimension":"7dtd:main","entity_id":"1844a553-9729-44e9-a434-c9a33a617d07","entity_type":"7dtd:player","lifecycle":{"event":"update"},"metadata":{},"origin":{"dimension":"7dtd:main","entity_id":"1844a553-9729-44e9-a434-c9a33a617d07","game":"7dtd","world_id":"td-0d917a4eff776d999148769266591579674d2c42de6557026893a1902834f11f"},"position":{"x":-273.03436279296875,"y":61.07999801635742,"z":446.87322998046875,"space":"minecraft"},"rotation":{"pitch":-5.25,"roll":0,"yaw":109.03790283203125},"sequence":133,"source":"7dtd","stream_id":"d7a4bfe8-e239-44a6-b23b-2ec527b4cf7e","type":"entity_state","version":2,"world_id":"td-0d917a4eff776d999148769266591579674d2c42de6557026893a1902834f11f","components":{"presentation":{"renderer":"humanoid","model":"survivor","scale":1.0,"variant":"default"}}}
[08:18:03] [MC7DTD-websocket/INFO]: [Presentation] entity=1844a553-9729-44e9-a434-c9a33a617d07 renderer=humanoid model=survivor variant=default scale=1.0
[08:18:03] [Render thread/INFO]: 7DTD proxy updated: id=1844a553-9729-44e9-a434-c9a33a617d07 sequence=133 x=-273.03436279296875 y=61.07999801635742 z=446.87322998046875 yaw=109.03790283203125 pitch=-5.25 roll=0.0
[08:18:03] [MC7DTD-websocket/INFO]: 7DTD entity received: {"authority":"7dtd","dimension":"7dtd:main","entity_id":"1844a553-9729-44e9-a434-c9a33a617d07","entity_type":"7dtd:player","lifecycle":{"event":"update"},"metadata":{},"origin":{"dimension":"7dtd:main","entity_id":"1844a553-9729-44e9-a434-c9a33a617d07","game":"7dtd","world_id":"td-0d917a4eff776d999148769266591579674d2c42de6557026893a1902834f11f"},"position":{"x":-273.03436279296875,"y":61.07999801635742,"z":446.87322998046875,"space":"minecraft"},"rotation":{"pitch":-5.25,"roll":0,"yaw":109.03790283203125},"sequence":134,"source":"7dtd","stream_id":"d7a4bfe8-e239-44a6-b23b-2ec527b4cf7e","type":"entity_state","version":2,"world_id":"td-0d917a4eff776d999148769266591579674d2c42de6557026893a1902834f11f","components":{"presentation":{"renderer":"humanoid","model":"survivor","scale":1.0,"variant":"default"}}}
[08:18:03] [MC7DTD-websocket/INFO]: [Presentation] entity=1844a553-9729-44e9-a434-c9a33a617d07 renderer=humanoid model=survivor variant=default scale=1.0
[08:18:03] [Render thread/INFO]: 7DTD proxy updated: id=1844a553-9729-44e9-a434-c9a33a617d07 sequence=134 x=-273.03436279296875 y=61.07999801635742 z=446.87322998046875 yaw=109.03790283203125 pitch=-5.25 roll=0.0
[08:18:03] [MC7DTD-entity-test-send/INFO]: Player proxy sent: {"type":"entity_state","version":1,"source":"minecraft","entity_type":"minecraft:player","entity_id":"2b5d33df-ba0f-4e79-993a-835569712da3","stream_id":"713531ef-e23c-4b5f-a07f-bfff2b852dd0","world_id":"mc-cf4dce40-2be1-372b-b914-917f5dcc644c","dimension":"minecraft:overworld","sequence":119,"lifecycle":{"event":"update"},"metadata":{},"position":{"x":-47.582858151634014,"y":71.0,"z":72.96406756812999,"space":"minecraft"},"rotation":{"yaw":319.35008239746094,"pitch":11.549994468688965,"roll":0}}
[08:18:04] [MC7DTD-websocket/INFO]: 7DTD entity received: {"authority":"7dtd","dimension":"7dtd:main","entity_id":"1844a553-9729-44e9-a434-c9a33a617d07","entity_type":"7dtd:player","lifecycle":{"event":"update"},"metadata":{},"origin":{"dimension":"7dtd:main","entity_id":"1844a553-9729-44e9-a434-c9a33a617d07","game":"7dtd","world_id":"td-0d917a4eff776d999148769266591579674d2c42de6557026893a1902834f11f"},"position":{"x":-273.03436279296875,"y":61.07999801635742,"z":446.87322998046875,"space":"minecraft"},"rotation":{"pitch":-5.25,"roll":0,"yaw":109.03790283203125},"sequence":135,"source":"7dtd","stream_id":"d7a4bfe8-e239-44a6-b23b-2ec527b4cf7e","type":"entity_state","version":2,"world_id":"td-0d917a4eff776d999148769266591579674d2c42de6557026893a1902834f11f","components":{"presentation":{"renderer":"humanoid","model":"survivor","scale":1.0,"variant":"default"}}}
[08:18:04] [MC7DTD-websocket/INFO]: [Presentation] entity=1844a553-9729-44e9-a434-c9a33a617d07 renderer=humanoid model=survivor variant=default scale=1.0
[08:18:04] [Render thread/INFO]: 7DTD proxy updated: id=1844a553-9729-44e9-a434-c9a33a617d07 sequence=135 x=-273.03436279296875 y=61.07999801635742 z=446.87322998046875 yaw=109.03790283203125 pitch=-5.25 roll=0.0
[08:18:04] [MC7DTD-entity-test-send/INFO]: Player proxy sent: {"type":"entity_state","version":1,"source":"minecraft","entity_type":"minecraft:player","entity_id":"2b5d33df-ba0f-4e79-993a-835569712da3","stream_id":"713531ef-e23c-4b5f-a07f-bfff2b852dd0","world_id":"mc-cf4dce40-2be1-372b-b914-917f5dcc644c","dimension":"minecraft:overworld","sequence":120,"lifecycle":{"event":"update"},"metadata":{},"position":{"x":-47.582858151634014,"y":71.0,"z":72.96406756812999,"space":"minecraft"},"rotation":{"yaw":319.35008239746094,"pitch":11.549994468688965,"roll":0}}
[08:18:04] [MC7DTD-websocket/INFO]: 7DTD entity received: {"authority":"7dtd","dimension":"7dtd:main","entity_id":"1844a553-9729-44e9-a434-c9a33a617d07","entity_type":"7dtd:player","lifecycle":{"event":"update"},"metadata":{},"origin":{"dimension":"7dtd:main","entity_id":"1844a553-9729-44e9-a434-c9a33a617d07","game":"7dtd","world_id":"td-0d917a4eff776d999148769266591579674d2c42de6557026893a1902834f11f"},"position":{"x":-273.03436279296875,"y":61.07999801635742,"z":446.87322998046875,"space":"minecraft"},"rotation":{"pitch":-5.25,"roll":0,"yaw":109.03790283203125},"sequence":136,"source":"7dtd","stream_id":"d7a4bfe8-e239-44a6-b23b-2ec527b4cf7e","type":"entity_state","version":2,"world_id":"td-0d917a4eff776d999148769266591579674d2c42de6557026893a1902834f11f","components":{"presentation":{"renderer":"humanoid","model":"survivor","scale":1.0,"variant":"default"}}}
[08:18:04] [MC7DTD-websocket/INFO]: [Presentation] entity=1844a553-9729-44e9-a434-c9a33a617d07 renderer=humanoid model=survivor variant=default scale=1.0
[08:18:04] [Render thread/INFO]: 7DTD proxy updated: id=1844a553-9729-44e9-a434-c9a33a617d07 sequence=136 x=-273.03436279296875 y=61.07999801635742 z=446.87322998046875 yaw=109.03790283203125 pitch=-5.25 roll=0.0
[08:18:04] [MC7DTD-entity-test-send/INFO]: Player proxy sent: {"type":"entity_state","version":1,"source":"minecraft","entity_type":"minecraft:player","entity_id":"2b5d33df-ba0f-4e79-993a-835569712da3","stream_id":"713531ef-e23c-4b5f-a07f-bfff2b852dd0","world_id":"mc-cf4dce40-2be1-372b-b914-917f5dcc644c","dimension":"minecraft:overworld","sequence":121,"lifecycle":{"event":"update"},"metadata":{},"position":{"x":-47.582858151634014,"y":71.0,"z":72.96406756812999,"space":"minecraft"},"rotation":{"yaw":319.35008239746094,"pitch":11.549994468688965,"roll":0}}
[08:18:05] [MC7DTD-websocket/INFO]: 7DTD entity received: {"authority":"7dtd","dimension":"7dtd:main","entity_id":"1844a553-9729-44e9-a434-c9a33a617d07","entity_type":"7dtd:player","lifecycle":{"event":"update"},"metadata":{},"origin":{"dimension":"7dtd:main","entity_id":"1844a553-9729-44e9-a434-c9a33a617d07","game":"7dtd","world_id":"td-0d917a4eff776d999148769266591579674d2c42de6557026893a1902834f11f"},"position":{"x":-273.03436279296875,"y":61.07999801635742,"z":446.87322998046875,"space":"minecraft"},"rotation":{"pitch":-5.25,"roll":0,"yaw":109.03790283203125},"sequence":137,"source":"7dtd","stream_id":"d7a4bfe8-e239-44a6-b23b-2ec527b4cf7e","type":"entity_state","version":2,"world_id":"td-0d917a4eff776d999148769266591579674d2c42de6557026893a1902834f11f","components":{"presentation":{"renderer":"humanoid","model":"survivor","scale":1.0,"variant":"default"}}}
[08:18:05] [MC7DTD-websocket/INFO]: [Presentation] entity=1844a553-9729-44e9-a434-c9a33a617d07 renderer=humanoid model=survivor variant=default scale=1.0
[08:18:05] [Render thread/INFO]: 7DTD proxy updated: id=1844a553-9729-44e9-a434-c9a33a617d07 sequence=137 x=-273.03436279296875 y=61.07999801635742 z=446.87322998046875 yaw=109.03790283203125 pitch=-5.25 roll=0.0
[08:18:05] [MC7DTD-entity-test-send/INFO]: Player proxy sent: {"type":"entity_state","version":1,"source":"minecraft","entity_type":"minecraft:player","entity_id":"2b5d33df-ba0f-4e79-993a-835569712da3","stream_id":"713531ef-e23c-4b5f-a07f-bfff2b852dd0","world_id":"mc-cf4dce40-2be1-372b-b914-917f5dcc644c","dimension":"minecraft:overworld","sequence":122,"lifecycle":{"event":"update"},"metadata":{},"position":{"x":-47.582858151634014,"y":71.0,"z":72.96406756812999,"space":"minecraft"},"rotation":{"yaw":319.35008239746094,"pitch":11.549994468688965,"roll":0}}
[08:18:05] [MC7DTD-websocket/INFO]: 7DTD entity received: {"authority":"7dtd","dimension":"7dtd:main","entity_id":"1844a553-9729-44e9-a434-c9a33a617d07","entity_type":"7dtd:player","lifecycle":{"event":"update"},"metadata":{},"origin":{"dimension":"7dtd:main","entity_id":"1844a553-9729-44e9-a434-c9a33a617d07","game":"7dtd","world_id":"td-0d917a4eff776d999148769266591579674d2c42de6557026893a1902834f11f"},"position":{"x":-273.03436279296875,"y":61.07999801635742,"z":446.87322998046875,"space":"minecraft"},"rotation":{"pitch":-5.25,"roll":0,"yaw":109.03790283203125},"sequence":138,"source":"7dtd","stream_id":"d7a4bfe8-e239-44a6-b23b-2ec527b4cf7e","type":"entity_state","version":2,"world_id":"td-0d917a4eff776d999148769266591579674d2c42de6557026893a1902834f11f","components":{"presentation":{"renderer":"humanoid","model":"survivor","scale":1.0,"variant":"default"}}}
[08:18:05] [MC7DTD-websocket/INFO]: [Presentation] entity=1844a553-9729-44e9-a434-c9a33a617d07 renderer=humanoid model=survivor variant=default scale=1.0
[08:18:05] [Render thread/INFO]: 7DTD proxy updated: id=1844a553-9729-44e9-a434-c9a33a617d07 sequence=138 x=-273.03436279296875 y=61.07999801635742 z=446.87322998046875 yaw=109.03790283203125 pitch=-5.25 roll=0.0
[08:18:05] [MC7DTD-entity-test-send/INFO]: Player proxy sent: {"type":"entity_state","version":1,"source":"minecraft","entity_type":"minecraft:player","entity_id":"2b5d33df-ba0f-4e79-993a-835569712da3","stream_id":"713531ef-e23c-4b5f-a07f-bfff2b852dd0","world_id":"mc-cf4dce40-2be1-372b-b914-917f5dcc644c","dimension":"minecraft:overworld","sequence":123,"lifecycle":{"event":"update"},"metadata":{},"position":{"x":-47.582858151634014,"y":71.0,"z":72.96406756812999,"space":"minecraft"},"rotation":{"yaw":319.35008239746094,"pitch":11.549994468688965,"roll":0}}
[08:18:06] [MC7DTD-websocket/INFO]: 7DTD entity received: {"authority":"7dtd","dimension":"7dtd:main","entity_id":"1844a553-9729-44e9-a434-c9a33a617d07","entity_type":"7dtd:player","lifecycle":{"event":"update"},"metadata":{},"origin":{"dimension":"7dtd:main","entity_id":"1844a553-9729-44e9-a434-c9a33a617d07","game":"7dtd","world_id":"td-0d917a4eff776d999148769266591579674d2c42de6557026893a1902834f11f"},"position":{"x":-273.03436279296875,"y":61.07999801635742,"z":446.87322998046875,"space":"minecraft"},"rotation":{"pitch":-5.25,"roll":0,"yaw":109.03790283203125},"sequence":139,"source":"7dtd","stream_id":"d7a4bfe8-e239-44a6-b23b-2ec527b4cf7e","type":"entity_state","version":2,"world_id":"td-0d917a4eff776d999148769266591579674d2c42de6557026893a1902834f11f","components":{"presentation":{"renderer":"humanoid","model":"survivor","scale":1.0,"variant":"default"}}}
[08:18:06] [MC7DTD-websocket/INFO]: [Presentation] entity=1844a553-9729-44e9-a434-c9a33a617d07 renderer=humanoid model=survivor variant=default scale=1.0
[08:18:06] [Render thread/INFO]: 7DTD proxy updated: id=1844a553-9729-44e9-a434-c9a33a617d07 sequence=139 x=-273.03436279296875 y=61.07999801635742 z=446.87322998046875 yaw=109.03790283203125 pitch=-5.25 roll=0.0
[08:18:06] [MC7DTD-entity-test-send/INFO]: Player proxy sent: {"type":"entity_state","version":1,"source":"minecraft","entity_type":"minecraft:player","entity_id":"2b5d33df-ba0f-4e79-993a-835569712da3","stream_id":"713531ef-e23c-4b5f-a07f-bfff2b852dd0","world_id":"mc-cf4dce40-2be1-372b-b914-917f5dcc644c","dimension":"minecraft:overworld","sequence":124,"lifecycle":{"event":"update"},"metadata":{},"position":{"x":-47.582858151634014,"y":71.0,"z":72.96406756812999,"space":"minecraft"},"rotation":{"yaw":319.35008239746094,"pitch":11.549994468688965,"roll":0}}
[08:18:06] [MC7DTD-websocket/INFO]: 7DTD entity received: {"authority":"7dtd","dimension":"7dtd:main","entity_id":"1844a553-9729-44e9-a434-c9a33a617d07","entity_type":"7dtd:player","lifecycle":{"event":"update"},"metadata":{},"origin":{"dimension":"7dtd:main","entity_id":"1844a553-9729-44e9-a434-c9a33a617d07","game":"7dtd","world_id":"td-0d917a4eff776d999148769266591579674d2c42de6557026893a1902834f11f"},"position":{"x":-273.03436279296875,"y":61.07999801635742,"z":446.87322998046875,"space":"minecraft"},"rotation":{"pitch":-5.25,"roll":0,"yaw":109.03790283203125},"sequence":140,"source":"7dtd","stream_id":"d7a4bfe8-e239-44a6-b23b-2ec527b4cf7e","type":"entity_state","version":2,"world_id":"td-0d917a4eff776d999148769266591579674d2c42de6557026893a1902834f11f","components":{"presentation":{"renderer":"humanoid","model":"survivor","scale":1.0,"variant":"default"}}}
[08:18:06] [MC7DTD-websocket/INFO]: [Presentation] entity=1844a553-9729-44e9-a434-c9a33a617d07 renderer=humanoid model=survivor variant=default scale=1.0
[08:18:06] [Render thread/INFO]: 7DTD proxy updated: id=1844a553-9729-44e9-a434-c9a33a617d07 sequence=140 x=-273.03436279296875 y=61.07999801635742 z=446.87322998046875 yaw=109.03790283203125 pitch=-5.25 roll=0.0
[08:18:07] [MC7DTD-entity-test-send/INFO]: Player proxy sent: {"type":"entity_state","version":1,"source":"minecraft","entity_type":"minecraft:player","entity_id":"2b5d33df-ba0f-4e79-993a-835569712da3","stream_id":"713531ef-e23c-4b5f-a07f-bfff2b852dd0","world_id":"mc-cf4dce40-2be1-372b-b914-917f5dcc644c","dimension":"minecraft:overworld","sequence":125,"lifecycle":{"event":"update"},"metadata":{},"position":{"x":-47.582858151634014,"y":71.0,"z":72.96406756812999,"space":"minecraft"},"rotation":{"yaw":319.35008239746094,"pitch":11.549994468688965,"roll":0}}
[08:18:07] [MC7DTD-websocket/INFO]: 7DTD entity received: {"authority":"7dtd","dimension":"7dtd:main","entity_id":"1844a553-9729-44e9-a434-c9a33a617d07","entity_type":"7dtd:player","lifecycle":{"event":"update"},"metadata":{},"origin":{"dimension":"7dtd:main","entity_id":"1844a553-9729-44e9-a434-c9a33a617d07","game":"7dtd","world_id":"td-0d917a4eff776d999148769266591579674d2c42de6557026893a1902834f11f"},"position":{"x":-273.03436279296875,"y":61.07999801635742,"z":446.87322998046875,"space":"minecraft"},"rotation":{"pitch":-5.25,"roll":0,"yaw":109.03790283203125},"sequence":141,"source":"7dtd","stream_id":"d7a4bfe8-e239-44a6-b23b-2ec527b4cf7e","type":"entity_state","version":2,"world_id":"td-0d917a4eff776d999148769266591579674d2c42de6557026893a1902834f11f","components":{"presentation":{"renderer":"humanoid","model":"survivor","scale":1.0,"variant":"default"}}}
[08:18:07] [MC7DTD-websocket/INFO]: [Presentation] entity=1844a553-9729-44e9-a434-c9a33a617d07 renderer=humanoid model=survivor variant=default scale=1.0
[08:18:07] [Render thread/INFO]: 7DTD proxy updated: id=1844a553-9729-44e9-a434-c9a33a617d07 sequence=141 x=-273.03436279296875 y=61.07999801635742 z=446.87322998046875 yaw=109.03790283203125 pitch=-5.25 roll=0.0
[08:18:07] [MC7DTD-entity-test-send/INFO]: Player proxy sent: {"type":"entity_state","version":1,"source":"minecraft","entity_type":"minecraft:player","entity_id":"2b5d33df-ba0f-4e79-993a-835569712da3","stream_id":"713531ef-e23c-4b5f-a07f-bfff2b852dd0","world_id":"mc-cf4dce40-2be1-372b-b914-917f5dcc644c","dimension":"minecraft:overworld","sequence":126,"lifecycle":{"event":"update"},"metadata":{},"position":{"x":-47.582858151634014,"y":71.0,"z":72.96406756812999,"space":"minecraft"},"rotation":{"yaw":319.35008239746094,"pitch":11.549994468688965,"roll":0}}
[08:18:07] [MC7DTD-websocket/INFO]: 7DTD entity received: {"authority":"7dtd","dimension":"7dtd:main","entity_id":"1844a553-9729-44e9-a434-c9a33a617d07","entity_type":"7dtd:player","lifecycle":{"event":"update"},"metadata":{},"origin":{"dimension":"7dtd:main","entity_id":"1844a553-9729-44e9-a434-c9a33a617d07","game":"7dtd","world_id":"td-0d917a4eff776d999148769266591579674d2c42de6557026893a1902834f11f"},"position":{"x":-273.03436279296875,"y":61.07999801635742,"z":446.87322998046875,"space":"minecraft"},"rotation":{"pitch":-5.25,"roll":0,"yaw":109.03790283203125},"sequence":142,"source":"7dtd","stream_id":"d7a4bfe8-e239-44a6-b23b-2ec527b4cf7e","type":"entity_state","version":2,"world_id":"td-0d917a4eff776d999148769266591579674d2c42de6557026893a1902834f11f","components":{"presentation":{"renderer":"humanoid","model":"survivor","scale":1.0,"variant":"default"}}}
[08:18:07] [MC7DTD-websocket/INFO]: [Presentation] entity=1844a553-9729-44e9-a434-c9a33a617d07 renderer=humanoid model=survivor variant=default scale=1.0
[08:18:07] [Render thread/INFO]: 7DTD proxy updated: id=1844a553-9729-44e9-a434-c9a33a617d07 sequence=142 x=-273.03436279296875 y=61.07999801635742 z=446.87322998046875 yaw=109.03790283203125 pitch=-5.25 roll=0.0
[08:18:08] [MC7DTD-entity-test-send/INFO]: Player proxy sent: {"type":"entity_state","version":1,"source":"minecraft","entity_type":"minecraft:player","entity_id":"2b5d33df-ba0f-4e79-993a-835569712da3","stream_id":"713531ef-e23c-4b5f-a07f-bfff2b852dd0","world_id":"mc-cf4dce40-2be1-372b-b914-917f5dcc644c","dimension":"minecraft:overworld","sequence":127,"lifecycle":{"event":"update"},"metadata":{},"position":{"x":-47.582858151634014,"y":71.0,"z":72.96406756812999,"space":"minecraft"},"rotation":{"yaw":319.35008239746094,"pitch":11.549994468688965,"roll":0}}
[08:18:08] [MC7DTD-websocket/INFO]: 7DTD entity received: {"authority":"7dtd","dimension":"7dtd:main","entity_id":"1844a553-9729-44e9-a434-c9a33a617d07","entity_type":"7dtd:player","lifecycle":{"event":"update"},"metadata":{},"origin":{"dimension":"7dtd:main","entity_id":"1844a553-9729-44e9-a434-c9a33a617d07","game":"7dtd","world_id":"td-0d917a4eff776d999148769266591579674d2c42de6557026893a1902834f11f"},"position":{"x":-273.03436279296875,"y":61.07999801635742,"z":446.87322998046875,"space":"minecraft"},"rotation":{"pitch":-5.25,"roll":0,"yaw":109.03790283203125},"sequence":143,"source":"7dtd","stream_id":"d7a4bfe8-e239-44a6-b23b-2ec527b4cf7e","type":"entity_state","version":2,"world_id":"td-0d917a4eff776d999148769266591579674d2c42de6557026893a1902834f11f","components":{"presentation":{"renderer":"humanoid","model":"survivor","scale":1.0,"variant":"default"}}}
[08:18:08] [MC7DTD-websocket/INFO]: [Presentation] entity=1844a553-9729-44e9-a434-c9a33a617d07 renderer=humanoid model=survivor variant=default scale=1.0
[08:18:08] [Render thread/INFO]: 7DTD proxy updated: id=1844a553-9729-44e9-a434-c9a33a617d07 sequence=143 x=-273.03436279296875 y=61.07999801635742 z=446.87322998046875 yaw=109.03790283203125 pitch=-5.25 roll=0.0
[08:18:08] [MC7DTD-entity-test-send/INFO]: Player proxy sent: {"type":"entity_state","version":1,"source":"minecraft","entity_type":"minecraft:player","entity_id":"2b5d33df-ba0f-4e79-993a-835569712da3","stream_id":"713531ef-e23c-4b5f-a07f-bfff2b852dd0","world_id":"mc-cf4dce40-2be1-372b-b914-917f5dcc644c","dimension":"minecraft:overworld","sequence":128,"lifecycle":{"event":"update"},"metadata":{},"position":{"x":-47.582858151634014,"y":71.0,"z":72.96406756812999,"space":"minecraft"},"rotation":{"yaw":319.35008239746094,"pitch":11.549994468688965,"roll":0}}
[08:18:08] [MC7DTD-websocket/INFO]: 7DTD entity received: {"authority":"7dtd","dimension":"7dtd:main","entity_id":"1844a553-9729-44e9-a434-c9a33a617d07","entity_type":"7dtd:player","lifecycle":{"event":"update"},"metadata":{},"origin":{"dimension":"7dtd:main","entity_id":"1844a553-9729-44e9-a434-c9a33a617d07","game":"7dtd","world_id":"td-0d917a4eff776d999148769266591579674d2c42de6557026893a1902834f11f"},"position":{"x":-273.03436279296875,"y":61.07999801635742,"z":446.87322998046875,"space":"minecraft"},"rotation":{"pitch":-5.25,"roll":0,"yaw":109.03790283203125},"sequence":144,"source":"7dtd","stream_id":"d7a4bfe8-e239-44a6-b23b-2ec527b4cf7e","type":"entity_state","version":2,"world_id":"td-0d917a4eff776d999148769266591579674d2c42de6557026893a1902834f11f","components":{"presentation":{"renderer":"humanoid","model":"survivor","scale":1.0,"variant":"default"}}}
[08:18:08] [MC7DTD-websocket/INFO]: [Presentation] entity=1844a553-9729-44e9-a434-c9a33a617d07 renderer=humanoid model=survivor variant=default scale=1.0
[08:18:09] [Render thread/INFO]: 7DTD proxy updated: id=1844a553-9729-44e9-a434-c9a33a617d07 sequence=144 x=-273.03436279296875 y=61.07999801635742 z=446.87322998046875 yaw=109.03790283203125 pitch=-5.25 roll=0.0
[08:18:09] [MC7DTD-entity-test-send/INFO]: Player proxy sent: {"type":"entity_state","version":1,"source":"minecraft","entity_type":"minecraft:player","entity_id":"2b5d33df-ba0f-4e79-993a-835569712da3","stream_id":"713531ef-e23c-4b5f-a07f-bfff2b852dd0","world_id":"mc-cf4dce40-2be1-372b-b914-917f5dcc644c","dimension":"minecraft:overworld","sequence":129,"lifecycle":{"event":"update"},"metadata":{},"position":{"x":-47.582858151634014,"y":71.0,"z":72.96406756812999,"space":"minecraft"},"rotation":{"yaw":319.35008239746094,"pitch":11.549994468688965,"roll":0}}
[08:18:09] [MC7DTD-websocket/INFO]: 7DTD entity received: {"authority":"7dtd","dimension":"7dtd:main","entity_id":"1844a553-9729-44e9-a434-c9a33a617d07","entity_type":"7dtd:player","lifecycle":{"event":"update"},"metadata":{},"origin":{"dimension":"7dtd:main","entity_id":"1844a553-9729-44e9-a434-c9a33a617d07","game":"7dtd","world_id":"td-0d917a4eff776d999148769266591579674d2c42de6557026893a1902834f11f"},"position":{"x":-273.03436279296875,"y":61.07999801635742,"z":446.87322998046875,"space":"minecraft"},"rotation":{"pitch":-5.25,"roll":0,"yaw":109.03790283203125},"sequence":145,"source":"7dtd","stream_id":"d7a4bfe8-e239-44a6-b23b-2ec527b4cf7e","type":"entity_state","version":2,"world_id":"td-0d917a4eff776d999148769266591579674d2c42de6557026893a1902834f11f","components":{"presentation":{"renderer":"humanoid","model":"survivor","scale":1.0,"variant":"default"}}}
[08:18:09] [MC7DTD-websocket/INFO]: [Presentation] entity=1844a553-9729-44e9-a434-c9a33a617d07 renderer=humanoid model=survivor variant=default scale=1.0
[08:18:09] [Render thread/INFO]: 7DTD proxy updated: id=1844a553-9729-44e9-a434-c9a33a617d07 sequence=145 x=-273.03436279296875 y=61.07999801635742 z=446.87322998046875 yaw=109.03790283203125 pitch=-5.25 roll=0.0
[08:18:09] [MC7DTD-websocket/INFO]: 7DTD entity received: {"authority":"7dtd","dimension":"7dtd:main","entity_id":"1844a553-9729-44e9-a434-c9a33a617d07","entity_type":"7dtd:player","lifecycle":{"event":"update"},"metadata":{},"origin":{"dimension":"7dtd:main","entity_id":"1844a553-9729-44e9-a434-c9a33a617d07","game":"7dtd","world_id":"td-0d917a4eff776d999148769266591579674d2c42de6557026893a1902834f11f"},"position":{"x":-273.03436279296875,"y":61.07999801635742,"z":446.87322998046875,"space":"minecraft"},"rotation":{"pitch":-5.25,"roll":0,"yaw":109.03790283203125},"sequence":146,"source":"7dtd","stream_id":"d7a4bfe8-e239-44a6-b23b-2ec527b4cf7e","type":"entity_state","version":2,"world_id":"td-0d917a4eff776d999148769266591579674d2c42de6557026893a1902834f11f","components":{"presentation":{"renderer":"humanoid","model":"survivor","scale":1.0,"variant":"default"}}}
[08:18:09] [MC7DTD-websocket/INFO]: [Presentation] entity=1844a553-9729-44e9-a434-c9a33a617d07 renderer=humanoid model=survivor variant=default scale=1.0
[08:18:09] [Render thread/INFO]: 7DTD proxy updated: id=1844a553-9729-44e9-a434-c9a33a617d07 sequence=146 x=-273.03436279296875 y=61.07999801635742 z=446.87322998046875 yaw=109.03790283203125 pitch=-5.25 roll=0.0
[08:18:09] [MC7DTD-entity-test-send/INFO]: Player proxy sent: {"type":"entity_state","version":1,"source":"minecraft","entity_type":"minecraft:player","entity_id":"2b5d33df-ba0f-4e79-993a-835569712da3","stream_id":"713531ef-e23c-4b5f-a07f-bfff2b852dd0","world_id":"mc-cf4dce40-2be1-372b-b914-917f5dcc644c","dimension":"minecraft:overworld","sequence":130,"lifecycle":{"event":"update"},"metadata":{},"position":{"x":-47.582858151634014,"y":71.0,"z":72.96406756812999,"space":"minecraft"},"rotation":{"yaw":319.35008239746094,"pitch":11.549994468688965,"roll":0}}
[08:18:10] [MC7DTD-websocket/INFO]: 7DTD entity received: {"authority":"7dtd","dimension":"7dtd:main","entity_id":"1844a553-9729-44e9-a434-c9a33a617d07","entity_type":"7dtd:player","lifecycle":{"event":"update"},"metadata":{},"origin":{"dimension":"7dtd:main","entity_id":"1844a553-9729-44e9-a434-c9a33a617d07","game":"7dtd","world_id":"td-0d917a4eff776d999148769266591579674d2c42de6557026893a1902834f11f"},"position":{"x":-273.03436279296875,"y":61.07999801635742,"z":446.87322998046875,"space":"minecraft"},"rotation":{"pitch":-5.25,"roll":0,"yaw":109.03790283203125},"sequence":147,"source":"7dtd","stream_id":"d7a4bfe8-e239-44a6-b23b-2ec527b4cf7e","type":"entity_state","version":2,"world_id":"td-0d917a4eff776d999148769266591579674d2c42de6557026893a1902834f11f","components":{"presentation":{"renderer":"humanoid","model":"survivor","scale":1.0,"variant":"default"}}}
[08:18:10] [MC7DTD-websocket/INFO]: [Presentation] entity=1844a553-9729-44e9-a434-c9a33a617d07 renderer=humanoid model=survivor variant=default scale=1.0
[08:18:10] [Render thread/INFO]: 7DTD proxy updated: id=1844a553-9729-44e9-a434-c9a33a617d07 sequence=147 x=-273.03436279296875 y=61.07999801635742 z=446.87322998046875 yaw=109.03790283203125 pitch=-5.25 roll=0.0
[08:18:10] [MC7DTD-entity-test-send/INFO]: Player proxy sent: {"type":"entity_state","version":1,"source":"minecraft","entity_type":"minecraft:player","entity_id":"2b5d33df-ba0f-4e79-993a-835569712da3","stream_id":"713531ef-e23c-4b5f-a07f-bfff2b852dd0","world_id":"mc-cf4dce40-2be1-372b-b914-917f5dcc644c","dimension":"minecraft:overworld","sequence":131,"lifecycle":{"event":"update"},"metadata":{},"position":{"x":-47.582858151634014,"y":71.0,"z":72.96406756812999,"space":"minecraft"},"rotation":{"yaw":319.35008239746094,"pitch":11.549994468688965,"roll":0}}
[08:18:10] [MC7DTD-websocket/INFO]: 7DTD entity received: {"authority":"7dtd","dimension":"7dtd:main","entity_id":"1844a553-9729-44e9-a434-c9a33a617d07","entity_type":"7dtd:player","lifecycle":{"event":"update"},"metadata":{},"origin":{"dimension":"7dtd:main","entity_id":"1844a553-9729-44e9-a434-c9a33a617d07","game":"7dtd","world_id":"td-0d917a4eff776d999148769266591579674d2c42de6557026893a1902834f11f"},"position":{"x":-273.03436279296875,"y":61.07999801635742,"z":446.87322998046875,"space":"minecraft"},"rotation":{"pitch":-5.25,"roll":0,"yaw":109.03790283203125},"sequence":148,"source":"7dtd","stream_id":"d7a4bfe8-e239-44a6-b23b-2ec527b4cf7e","type":"entity_state","version":2,"world_id":"td-0d917a4eff776d999148769266591579674d2c42de6557026893a1902834f11f","components":{"presentation":{"renderer":"humanoid","model":"survivor","scale":1.0,"variant":"default"}}}
[08:18:10] [MC7DTD-websocket/INFO]: [Presentation] entity=1844a553-9729-44e9-a434-c9a33a617d07 renderer=humanoid model=survivor variant=default scale=1.0
[08:18:10] [Render thread/INFO]: 7DTD proxy updated: id=1844a553-9729-44e9-a434-c9a33a617d07 sequence=148 x=-273.03436279296875 y=61.07999801635742 z=446.87322998046875 yaw=109.03790283203125 pitch=-5.25 roll=0.0
[08:18:10] [MC7DTD-entity-test-send/INFO]: Player proxy sent: {"type":"entity_state","version":1,"source":"minecraft","entity_type":"minecraft:player","entity_id":"2b5d33df-ba0f-4e79-993a-835569712da3","stream_id":"713531ef-e23c-4b5f-a07f-bfff2b852dd0","world_id":"mc-cf4dce40-2be1-372b-b914-917f5dcc644c","dimension":"minecraft:overworld","sequence":132,"lifecycle":{"event":"update"},"metadata":{},"position":{"x":-47.582858151634014,"y":71.0,"z":72.96406756812999,"space":"minecraft"},"rotation":{"yaw":319.35008239746094,"pitch":11.549994468688965,"roll":0}}
[08:18:11] [MC7DTD-websocket/INFO]: 7DTD entity received: {"authority":"7dtd","dimension":"7dtd:main","entity_id":"1844a553-9729-44e9-a434-c9a33a617d07","entity_type":"7dtd:player","lifecycle":{"event":"update"},"metadata":{},"origin":{"dimension":"7dtd:main","entity_id":"1844a553-9729-44e9-a434-c9a33a617d07","game":"7dtd","world_id":"td-0d917a4eff776d999148769266591579674d2c42de6557026893a1902834f11f"},"position":{"x":-273.03436279296875,"y":61.07999801635742,"z":446.87322998046875,"space":"minecraft"},"rotation":{"pitch":-5.25,"roll":0,"yaw":109.03790283203125},"sequence":149,"source":"7dtd","stream_id":"d7a4bfe8-e239-44a6-b23b-2ec527b4cf7e","type":"entity_state","version":2,"world_id":"td-0d917a4eff776d999148769266591579674d2c42de6557026893a1902834f11f","components":{"presentation":{"renderer":"humanoid","model":"survivor","scale":1.0,"variant":"default"}}}
[08:18:11] [MC7DTD-websocket/INFO]: [Presentation] entity=1844a553-9729-44e9-a434-c9a33a617d07 renderer=humanoid model=survivor variant=default scale=1.0
[08:18:11] [Render thread/INFO]: 7DTD proxy updated: id=1844a553-9729-44e9-a434-c9a33a617d07 sequence=149 x=-273.03436279296875 y=61.07999801635742 z=446.87322998046875 yaw=109.03790283203125 pitch=-5.25 roll=0.0
[08:18:11] [MC7DTD-entity-test-send/INFO]: Player proxy sent: {"type":"entity_state","version":1,"source":"minecraft","entity_type":"minecraft:player","entity_id":"2b5d33df-ba0f-4e79-993a-835569712da3","stream_id":"713531ef-e23c-4b5f-a07f-bfff2b852dd0","world_id":"mc-cf4dce40-2be1-372b-b914-917f5dcc644c","dimension":"minecraft:overworld","sequence":133,"lifecycle":{"event":"update"},"metadata":{},"position":{"x":-47.582858151634014,"y":71.0,"z":72.96406756812999,"space":"minecraft"},"rotation":{"yaw":319.35008239746094,"pitch":11.549994468688965,"roll":0}}
[08:18:11] [MC7DTD-websocket/INFO]: 7DTD entity received: {"authority":"7dtd","dimension":"7dtd:main","entity_id":"1844a553-9729-44e9-a434-c9a33a617d07","entity_type":"7dtd:player","lifecycle":{"event":"update"},"metadata":{},"origin":{"dimension":"7dtd:main","entity_id":"1844a553-9729-44e9-a434-c9a33a617d07","game":"7dtd","world_id":"td-0d917a4eff776d999148769266591579674d2c42de6557026893a1902834f11f"},"position":{"x":-273.03436279296875,"y":61.07999801635742,"z":446.87322998046875,"space":"minecraft"},"rotation":{"pitch":-5.25,"roll":0,"yaw":109.03790283203125},"sequence":150,"source":"7dtd","stream_id":"d7a4bfe8-e239-44a6-b23b-2ec527b4cf7e","type":"entity_state","version":2,"world_id":"td-0d917a4eff776d999148769266591579674d2c42de6557026893a1902834f11f","components":{"presentation":{"renderer":"humanoid","model":"survivor","scale":1.0,"variant":"default"}}}
[08:18:11] [MC7DTD-websocket/INFO]: [Presentation] entity=1844a553-9729-44e9-a434-c9a33a617d07 renderer=humanoid model=survivor variant=default scale=1.0
[08:18:11] [Render thread/INFO]: 7DTD proxy updated: id=1844a553-9729-44e9-a434-c9a33a617d07 sequence=150 x=-273.03436279296875 y=61.07999801635742 z=446.87322998046875 yaw=109.03790283203125 pitch=-5.25 roll=0.0
[08:18:12] [MC7DTD-entity-test-send/INFO]: Player proxy sent: {"type":"entity_state","version":1,"source":"minecraft","entity_type":"minecraft:player","entity_id":"2b5d33df-ba0f-4e79-993a-835569712da3","stream_id":"713531ef-e23c-4b5f-a07f-bfff2b852dd0","world_id":"mc-cf4dce40-2be1-372b-b914-917f5dcc644c","dimension":"minecraft:overworld","sequence":134,"lifecycle":{"event":"update"},"metadata":{},"position":{"x":-47.582858151634014,"y":71.0,"z":72.96406756812999,"space":"minecraft"},"rotation":{"yaw":319.35008239746094,"pitch":11.549994468688965,"roll":0}}
[08:18:12] [MC7DTD-websocket/INFO]: 7DTD entity received: {"authority":"7dtd","dimension":"7dtd:main","entity_id":"1844a553-9729-44e9-a434-c9a33a617d07","entity_type":"7dtd:player","lifecycle":{"event":"update"},"metadata":{},"origin":{"dimension":"7dtd:main","entity_id":"1844a553-9729-44e9-a434-c9a33a617d07","game":"7dtd","world_id":"td-0d917a4eff776d999148769266591579674d2c42de6557026893a1902834f11f"},"position":{"x":-273.03436279296875,"y":61.07999801635742,"z":446.87322998046875,"space":"minecraft"},"rotation":{"pitch":-5.25,"roll":0,"yaw":109.03790283203125},"sequence":151,"source":"7dtd","stream_id":"d7a4bfe8-e239-44a6-b23b-2ec527b4cf7e","type":"entity_state","version":2,"world_id":"td-0d917a4eff776d999148769266591579674d2c42de6557026893a1902834f11f","components":{"presentation":{"renderer":"humanoid","model":"survivor","scale":1.0,"variant":"default"}}}
[08:18:12] [MC7DTD-websocket/INFO]: [Presentation] entity=1844a553-9729-44e9-a434-c9a33a617d07 renderer=humanoid model=survivor variant=default scale=1.0
[08:18:12] [Render thread/INFO]: 7DTD proxy updated: id=1844a553-9729-44e9-a434-c9a33a617d07 sequence=151 x=-273.03436279296875 y=61.07999801635742 z=446.87322998046875 yaw=109.03790283203125 pitch=-5.25 roll=0.0
[08:18:12] [MC7DTD-entity-test-send/INFO]: Player proxy sent: {"type":"entity_state","version":1,"source":"minecraft","entity_type":"minecraft:player","entity_id":"2b5d33df-ba0f-4e79-993a-835569712da3","stream_id":"713531ef-e23c-4b5f-a07f-bfff2b852dd0","world_id":"mc-cf4dce40-2be1-372b-b914-917f5dcc644c","dimension":"minecraft:overworld","sequence":135,"lifecycle":{"event":"update"},"metadata":{},"position":{"x":-47.582858151634014,"y":71.0,"z":72.96406756812999,"space":"minecraft"},"rotation":{"yaw":319.35008239746094,"pitch":11.549994468688965,"roll":0}}
[08:18:12] [MC7DTD-websocket/INFO]: 7DTD entity received: {"authority":"7dtd","dimension":"7dtd:main","entity_id":"1844a553-9729-44e9-a434-c9a33a617d07","entity_type":"7dtd:player","lifecycle":{"event":"update"},"metadata":{},"origin":{"dimension":"7dtd:main","entity_id":"1844a553-9729-44e9-a434-c9a33a617d07","game":"7dtd","world_id":"td-0d917a4eff776d999148769266591579674d2c42de6557026893a1902834f11f"},"position":{"x":-273.03436279296875,"y":61.07999801635742,"z":446.87322998046875,"space":"minecraft"},"rotation":{"pitch":-5.25,"roll":0,"yaw":109.03790283203125},"sequence":152,"source":"7dtd","stream_id":"d7a4bfe8-e239-44a6-b23b-2ec527b4cf7e","type":"entity_state","version":2,"world_id":"td-0d917a4eff776d999148769266591579674d2c42de6557026893a1902834f11f","components":{"presentation":{"renderer":"humanoid","model":"survivor","scale":1.0,"variant":"default"}}}
[08:18:12] [MC7DTD-websocket/INFO]: [Presentation] entity=1844a553-9729-44e9-a434-c9a33a617d07 renderer=humanoid model=survivor variant=default scale=1.0
[08:18:12] [Render thread/INFO]: 7DTD proxy updated: id=1844a553-9729-44e9-a434-c9a33a617d07 sequence=152 x=-273.03436279296875 y=61.07999801635742 z=446.87322998046875 yaw=109.03790283203125 pitch=-5.25 roll=0.0
[08:18:13] [MC7DTD-entity-test-send/INFO]: Player proxy sent: {"type":"entity_state","version":1,"source":"minecraft","entity_type":"minecraft:player","entity_id":"2b5d33df-ba0f-4e79-993a-835569712da3","stream_id":"713531ef-e23c-4b5f-a07f-bfff2b852dd0","world_id":"mc-cf4dce40-2be1-372b-b914-917f5dcc644c","dimension":"minecraft:overworld","sequence":136,"lifecycle":{"event":"update"},"metadata":{},"position":{"x":-47.582858151634014,"y":71.0,"z":72.96406756812999,"space":"minecraft"},"rotation":{"yaw":319.35008239746094,"pitch":11.549994468688965,"roll":0}}
[08:18:13] [MC7DTD-websocket/INFO]: 7DTD entity received: {"authority":"7dtd","dimension":"7dtd:main","entity_id":"1844a553-9729-44e9-a434-c9a33a617d07","entity_type":"7dtd:player","lifecycle":{"event":"update"},"metadata":{},"origin":{"dimension":"7dtd:main","entity_id":"1844a553-9729-44e9-a434-c9a33a617d07","game":"7dtd","world_id":"td-0d917a4eff776d999148769266591579674d2c42de6557026893a1902834f11f"},"position":{"x":-273.03436279296875,"y":61.07999801635742,"z":446.87322998046875,"space":"minecraft"},"rotation":{"pitch":-5.25,"roll":0,"yaw":109.03790283203125},"sequence":153,"source":"7dtd","stream_id":"d7a4bfe8-e239-44a6-b23b-2ec527b4cf7e","type":"entity_state","version":2,"world_id":"td-0d917a4eff776d999148769266591579674d2c42de6557026893a1902834f11f","components":{"presentation":{"renderer":"humanoid","model":"survivor","scale":1.0,"variant":"default"}}}
[08:18:13] [MC7DTD-websocket/INFO]: [Presentation] entity=1844a553-9729-44e9-a434-c9a33a617d07 renderer=humanoid model=survivor variant=default scale=1.0
[08:18:13] [Render thread/INFO]: 7DTD proxy updated: id=1844a553-9729-44e9-a434-c9a33a617d07 sequence=153 x=-273.03436279296875 y=61.07999801635742 z=446.87322998046875 yaw=109.03790283203125 pitch=-5.25 roll=0.0
[08:18:13] [MC7DTD-entity-test-send/INFO]: Player proxy sent: {"type":"entity_state","version":1,"source":"minecraft","entity_type":"minecraft:player","entity_id":"2b5d33df-ba0f-4e79-993a-835569712da3","stream_id":"713531ef-e23c-4b5f-a07f-bfff2b852dd0","world_id":"mc-cf4dce40-2be1-372b-b914-917f5dcc644c","dimension":"minecraft:overworld","sequence":137,"lifecycle":{"event":"update"},"metadata":{},"position":{"x":-47.582858151634014,"y":71.0,"z":72.96406756812999,"space":"minecraft"},"rotation":{"yaw":319.35008239746094,"pitch":11.549994468688965,"roll":0}}
[08:18:13] [MC7DTD-websocket/INFO]: 7DTD entity received: {"authority":"7dtd","dimension":"7dtd:main","entity_id":"1844a553-9729-44e9-a434-c9a33a617d07","entity_type":"7dtd:player","lifecycle":{"event":"update"},"metadata":{},"origin":{"dimension":"7dtd:main","entity_id":"1844a553-9729-44e9-a434-c9a33a617d07","game":"7dtd","world_id":"td-0d917a4eff776d999148769266591579674d2c42de6557026893a1902834f11f"},"position":{"x":-273.03436279296875,"y":61.07999801635742,"z":446.87322998046875,"space":"minecraft"},"rotation":{"pitch":-5.25,"roll":0,"yaw":109.03790283203125},"sequence":154,"source":"7dtd","stream_id":"d7a4bfe8-e239-44a6-b23b-2ec527b4cf7e","type":"entity_state","version":2,"world_id":"td-0d917a4eff776d999148769266591579674d2c42de6557026893a1902834f11f","components":{"presentation":{"renderer":"humanoid","model":"survivor","scale":1.0,"variant":"default"}}}
[08:18:13] [MC7DTD-websocket/INFO]: [Presentation] entity=1844a553-9729-44e9-a434-c9a33a617d07 renderer=humanoid model=survivor variant=default scale=1.0
[08:18:13] [Render thread/INFO]: 7DTD proxy updated: id=1844a553-9729-44e9-a434-c9a33a617d07 sequence=154 x=-273.03436279296875 y=61.07999801635742 z=446.87322998046875 yaw=109.03790283203125 pitch=-5.25 roll=0.0
[08:18:14] [MC7DTD-entity-test-send/INFO]: Player proxy sent: {"type":"entity_state","version":1,"source":"minecraft","entity_type":"minecraft:player","entity_id":"2b5d33df-ba0f-4e79-993a-835569712da3","stream_id":"713531ef-e23c-4b5f-a07f-bfff2b852dd0","world_id":"mc-cf4dce40-2be1-372b-b914-917f5dcc644c","dimension":"minecraft:overworld","sequence":138,"lifecycle":{"event":"update"},"metadata":{},"position":{"x":-47.582858151634014,"y":71.0,"z":72.96406756812999,"space":"minecraft"},"rotation":{"yaw":319.35008239746094,"pitch":11.549994468688965,"roll":0}}
[08:18:14] [MC7DTD-websocket/INFO]: 7DTD entity received: {"authority":"7dtd","dimension":"7dtd:main","entity_id":"1844a553-9729-44e9-a434-c9a33a617d07","entity_type":"7dtd:player","lifecycle":{"event":"update"},"metadata":{},"origin":{"dimension":"7dtd:main","entity_id":"1844a553-9729-44e9-a434-c9a33a617d07","game":"7dtd","world_id":"td-0d917a4eff776d999148769266591579674d2c42de6557026893a1902834f11f"},"position":{"x":-273.03436279296875,"y":61.07999801635742,"z":446.87322998046875,"space":"minecraft"},"rotation":{"pitch":-5.25,"roll":0,"yaw":109.03790283203125},"sequence":155,"source":"7dtd","stream_id":"d7a4bfe8-e239-44a6-b23b-2ec527b4cf7e","type":"entity_state","version":2,"world_id":"td-0d917a4eff776d999148769266591579674d2c42de6557026893a1902834f11f","components":{"presentation":{"renderer":"humanoid","model":"survivor","scale":1.0,"variant":"default"}}}
[08:18:14] [MC7DTD-websocket/INFO]: [Presentation] entity=1844a553-9729-44e9-a434-c9a33a617d07 renderer=humanoid model=survivor variant=default scale=1.0
[08:18:14] [Render thread/INFO]: 7DTD proxy updated: id=1844a553-9729-44e9-a434-c9a33a617d07 sequence=155 x=-273.03436279296875 y=61.07999801635742 z=446.87322998046875 yaw=109.03790283203125 pitch=-5.25 roll=0.0
[08:18:14] [MC7DTD-entity-test-send/INFO]: Player proxy sent: {"type":"entity_state","version":1,"source":"minecraft","entity_type":"minecraft:player","entity_id":"2b5d33df-ba0f-4e79-993a-835569712da3","stream_id":"713531ef-e23c-4b5f-a07f-bfff2b852dd0","world_id":"mc-cf4dce40-2be1-372b-b914-917f5dcc644c","dimension":"minecraft:overworld","sequence":139,"lifecycle":{"event":"update"},"metadata":{},"position":{"x":-47.582858151634014,"y":71.0,"z":72.96406756812999,"space":"minecraft"},"rotation":{"yaw":319.35008239746094,"pitch":11.549994468688965,"roll":0}}
[08:18:14] [MC7DTD-websocket/INFO]: 7DTD entity received: {"authority":"7dtd","dimension":"7dtd:main","entity_id":"1844a553-9729-44e9-a434-c9a33a617d07","entity_type":"7dtd:player","lifecycle":{"event":"update"},"metadata":{},"origin":{"dimension":"7dtd:main","entity_id":"1844a553-9729-44e9-a434-c9a33a617d07","game":"7dtd","world_id":"td-0d917a4eff776d999148769266591579674d2c42de6557026893a1902834f11f"},"position":{"x":-273.03436279296875,"y":61.07999801635742,"z":446.87322998046875,"space":"minecraft"},"rotation":{"pitch":-5.25,"roll":0,"yaw":109.03790283203125},"sequence":156,"source":"7dtd","stream_id":"d7a4bfe8-e239-44a6-b23b-2ec527b4cf7e","type":"entity_state","version":2,"world_id":"td-0d917a4eff776d999148769266591579674d2c42de6557026893a1902834f11f","components":{"presentation":{"renderer":"humanoid","model":"survivor","scale":1.0,"variant":"default"}}}
[08:18:14] [MC7DTD-websocket/INFO]: [Presentation] entity=1844a553-9729-44e9-a434-c9a33a617d07 renderer=humanoid model=survivor variant=default scale=1.0
[08:18:14] [Render thread/INFO]: 7DTD proxy updated: id=1844a553-9729-44e9-a434-c9a33a617d07 sequence=156 x=-273.03436279296875 y=61.07999801635742 z=446.87322998046875 yaw=109.03790283203125 pitch=-5.25 roll=0.0
[08:18:15] [MC7DTD-entity-test-send/INFO]: Player proxy sent: {"type":"entity_state","version":1,"source":"minecraft","entity_type":"minecraft:player","entity_id":"2b5d33df-ba0f-4e79-993a-835569712da3","stream_id":"713531ef-e23c-4b5f-a07f-bfff2b852dd0","world_id":"mc-cf4dce40-2be1-372b-b914-917f5dcc644c","dimension":"minecraft:overworld","sequence":140,"lifecycle":{"event":"update"},"metadata":{},"position":{"x":-47.582858151634014,"y":71.0,"z":72.96406756812999,"space":"minecraft"},"rotation":{"yaw":27.750089645385742,"pitch":22.04999351501465,"roll":0}}
[08:18:15] [MC7DTD-websocket/INFO]: 7DTD entity received: {"authority":"7dtd","dimension":"7dtd:main","entity_id":"1844a553-9729-44e9-a434-c9a33a617d07","entity_type":"7dtd:player","lifecycle":{"event":"update"},"metadata":{},"origin":{"dimension":"7dtd:main","entity_id":"1844a553-9729-44e9-a434-c9a33a617d07","game":"7dtd","world_id":"td-0d917a4eff776d999148769266591579674d2c42de6557026893a1902834f11f"},"position":{"x":-273.03436279296875,"y":61.07999801635742,"z":446.87322998046875,"space":"minecraft"},"rotation":{"pitch":-5.25,"roll":0,"yaw":109.03790283203125},"sequence":157,"source":"7dtd","stream_id":"d7a4bfe8-e239-44a6-b23b-2ec527b4cf7e","type":"entity_state","version":2,"world_id":"td-0d917a4eff776d999148769266591579674d2c42de6557026893a1902834f11f","components":{"presentation":{"renderer":"humanoid","model":"survivor","scale":1.0,"variant":"default"}}}
[08:18:15] [MC7DTD-websocket/INFO]: [Presentation] entity=1844a553-9729-44e9-a434-c9a33a617d07 renderer=humanoid model=survivor variant=default scale=1.0
[08:18:15] [Render thread/INFO]: 7DTD proxy updated: id=1844a553-9729-44e9-a434-c9a33a617d07 sequence=157 x=-273.03436279296875 y=61.07999801635742 z=446.87322998046875 yaw=109.03790283203125 pitch=-5.25 roll=0.0
[08:18:15] [MC7DTD-entity-test-send/INFO]: Player proxy sent: {"type":"entity_state","version":1,"source":"minecraft","entity_type":"minecraft:player","entity_id":"2b5d33df-ba0f-4e79-993a-835569712da3","stream_id":"713531ef-e23c-4b5f-a07f-bfff2b852dd0","world_id":"mc-cf4dce40-2be1-372b-b914-917f5dcc644c","dimension":"minecraft:overworld","sequence":141,"lifecycle":{"event":"update"},"metadata":{},"position":{"x":-47.582858151634014,"y":71.0,"z":72.96406756812999,"space":"minecraft"},"rotation":{"yaw":288.0000915527344,"pitch":35.10000991821289,"roll":0}}
[08:18:15] [MC7DTD-websocket/INFO]: 7DTD entity received: {"authority":"7dtd","dimension":"7dtd:main","entity_id":"1844a553-9729-44e9-a434-c9a33a617d07","entity_type":"7dtd:player","lifecycle":{"event":"update"},"metadata":{},"origin":{"dimension":"7dtd:main","entity_id":"1844a553-9729-44e9-a434-c9a33a617d07","game":"7dtd","world_id":"td-0d917a4eff776d999148769266591579674d2c42de6557026893a1902834f11f"},"position":{"x":-273.03436279296875,"y":61.07999801635742,"z":446.87322998046875,"space":"minecraft"},"rotation":{"pitch":-5.25,"roll":0,"yaw":109.03790283203125},"sequence":158,"source":"7dtd","stream_id":"d7a4bfe8-e239-44a6-b23b-2ec527b4cf7e","type":"entity_state","version":2,"world_id":"td-0d917a4eff776d999148769266591579674d2c42de6557026893a1902834f11f","components":{"presentation":{"renderer":"humanoid","model":"survivor","scale":1.0,"variant":"default"}}}
[08:18:15] [MC7DTD-websocket/INFO]: [Presentation] entity=1844a553-9729-44e9-a434-c9a33a617d07 renderer=humanoid model=survivor variant=default scale=1.0
[08:18:15] [Render thread/INFO]: 7DTD proxy updated: id=1844a553-9729-44e9-a434-c9a33a617d07 sequence=158 x=-273.03436279296875 y=61.07999801635742 z=446.87322998046875 yaw=109.03790283203125 pitch=-5.25 roll=0.0
[08:18:16] [MC7DTD-entity-test-send/INFO]: Player proxy sent: {"type":"entity_state","version":1,"source":"minecraft","entity_type":"minecraft:player","entity_id":"2b5d33df-ba0f-4e79-993a-835569712da3","stream_id":"713531ef-e23c-4b5f-a07f-bfff2b852dd0","world_id":"mc-cf4dce40-2be1-372b-b914-917f5dcc644c","dimension":"minecraft:overworld","sequence":142,"lifecycle":{"event":"update"},"metadata":{},"position":{"x":-46.68536098026386,"y":71.0,"z":73.49076507040225,"space":"minecraft"},"rotation":{"yaw":267.00008392333984,"pitch":31.649991989135742,"roll":0}}
[08:18:16] [MC7DTD-websocket/INFO]: 7DTD entity received: {"authority":"7dtd","dimension":"7dtd:main","entity_id":"1844a553-9729-44e9-a434-c9a33a617d07","entity_type":"7dtd:player","lifecycle":{"event":"update"},"metadata":{},"origin":{"dimension":"7dtd:main","entity_id":"1844a553-9729-44e9-a434-c9a33a617d07","game":"7dtd","world_id":"td-0d917a4eff776d999148769266591579674d2c42de6557026893a1902834f11f"},"position":{"x":-273.03436279296875,"y":61.07999801635742,"z":446.87322998046875,"space":"minecraft"},"rotation":{"pitch":-5.25,"roll":0,"yaw":109.03790283203125},"sequence":159,"source":"7dtd","stream_id":"d7a4bfe8-e239-44a6-b23b-2ec527b4cf7e","type":"entity_state","version":2,"world_id":"td-0d917a4eff776d999148769266591579674d2c42de6557026893a1902834f11f","components":{"presentation":{"renderer":"humanoid","model":"survivor","scale":1.0,"variant":"default"}}}
[08:18:16] [MC7DTD-websocket/INFO]: [Presentation] entity=1844a553-9729-44e9-a434-c9a33a617d07 renderer=humanoid model=survivor variant=default scale=1.0
[08:18:16] [Render thread/INFO]: 7DTD proxy updated: id=1844a553-9729-44e9-a434-c9a33a617d07 sequence=159 x=-273.03436279296875 y=61.07999801635742 z=446.87322998046875 yaw=109.03790283203125 pitch=-5.25 roll=0.0
[08:18:16] [MC7DTD-entity-test-send/INFO]: Player proxy sent: {"type":"entity_state","version":1,"source":"minecraft","entity_type":"minecraft:player","entity_id":"2b5d33df-ba0f-4e79-993a-835569712da3","stream_id":"713531ef-e23c-4b5f-a07f-bfff2b852dd0","world_id":"mc-cf4dce40-2be1-372b-b914-917f5dcc644c","dimension":"minecraft:overworld","sequence":143,"lifecycle":{"event":"update"},"metadata":{},"position":{"x":-44.96815935708846,"y":71.0,"z":73.38148949208633,"space":"minecraft"},"rotation":{"yaw":325.20008087158203,"pitch":35.399993896484375,"roll":0}}
[08:18:16] [MC7DTD-websocket/INFO]: 7DTD entity received: {"authority":"7dtd","dimension":"7dtd:main","entity_id":"1844a553-9729-44e9-a434-c9a33a617d07","entity_type":"7dtd:player","lifecycle":{"event":"update"},"metadata":{},"origin":{"dimension":"7dtd:main","entity_id":"1844a553-9729-44e9-a434-c9a33a617d07","game":"7dtd","world_id":"td-0d917a4eff776d999148769266591579674d2c42de6557026893a1902834f11f"},"position":{"x":-273.03436279296875,"y":61.07999801635742,"z":446.87322998046875,"space":"minecraft"},"rotation":{"pitch":-5.25,"roll":0,"yaw":109.03790283203125},"sequence":160,"source":"7dtd","stream_id":"d7a4bfe8-e239-44a6-b23b-2ec527b4cf7e","type":"entity_state","version":2,"world_id":"td-0d917a4eff776d999148769266591579674d2c42de6557026893a1902834f11f","components":{"presentation":{"renderer":"humanoid","model":"survivor","scale":1.0,"variant":"default"}}}
[08:18:16] [MC7DTD-websocket/INFO]: [Presentation] entity=1844a553-9729-44e9-a434-c9a33a617d07 renderer=humanoid model=survivor variant=default scale=1.0
[08:18:16] [Render thread/INFO]: 7DTD proxy updated: id=1844a553-9729-44e9-a434-c9a33a617d07 sequence=160 x=-273.03436279296875 y=61.07999801635742 z=446.87322998046875 yaw=109.03790283203125 pitch=-5.25 roll=0.0
[08:18:17] [MC7DTD-entity-test-send/INFO]: Player proxy sent: {"type":"entity_state","version":1,"source":"minecraft","entity_type":"minecraft:player","entity_id":"2b5d33df-ba0f-4e79-993a-835569712da3","stream_id":"713531ef-e23c-4b5f-a07f-bfff2b852dd0","world_id":"mc-cf4dce40-2be1-372b-b914-917f5dcc644c","dimension":"minecraft:overworld","sequence":144,"lifecycle":{"event":"update"},"metadata":{},"position":{"x":-44.94894084356134,"y":71.0,"z":73.37986770756773,"space":"minecraft"},"rotation":{"yaw":93.15010070800781,"pitch":32.699981689453125,"roll":0}}
[08:18:17] [MC7DTD-websocket/INFO]: 7DTD entity received: {"authority":"7dtd","dimension":"7dtd:main","entity_id":"1844a553-9729-44e9-a434-c9a33a617d07","entity_type":"7dtd:player","lifecycle":{"event":"update"},"metadata":{},"origin":{"dimension":"7dtd:main","entity_id":"1844a553-9729-44e9-a434-c9a33a617d07","game":"7dtd","world_id":"td-0d917a4eff776d999148769266591579674d2c42de6557026893a1902834f11f"},"position":{"x":-273.03436279296875,"y":61.07999801635742,"z":446.87322998046875,"space":"minecraft"},"rotation":{"pitch":-5.25,"roll":0,"yaw":109.03790283203125},"sequence":161,"source":"7dtd","stream_id":"d7a4bfe8-e239-44a6-b23b-2ec527b4cf7e","type":"entity_state","version":2,"world_id":"td-0d917a4eff776d999148769266591579674d2c42de6557026893a1902834f11f","components":{"presentation":{"renderer":"humanoid","model":"survivor","scale":1.0,"variant":"default"}}}
[08:18:17] [MC7DTD-websocket/INFO]: [Presentation] entity=1844a553-9729-44e9-a434-c9a33a617d07 renderer=humanoid model=survivor variant=default scale=1.0
[08:18:17] [Render thread/INFO]: 7DTD proxy updated: id=1844a553-9729-44e9-a434-c9a33a617d07 sequence=161 x=-273.03436279296875 y=61.07999801635742 z=446.87322998046875 yaw=109.03790283203125 pitch=-5.25 roll=0.0
[08:18:17] [MC7DTD-entity-test-send/INFO]: Player proxy sent: {"type":"entity_state","version":1,"source":"minecraft","entity_type":"minecraft:player","entity_id":"2b5d33df-ba0f-4e79-993a-835569712da3","stream_id":"713531ef-e23c-4b5f-a07f-bfff2b852dd0","world_id":"mc-cf4dce40-2be1-372b-b914-917f5dcc644c","dimension":"minecraft:overworld","sequence":145,"lifecycle":{"event":"update"},"metadata":{},"position":{"x":-46.80226414659209,"y":71.0,"z":73.30000001192093,"space":"minecraft"},"rotation":{"yaw":96.1501235961914,"pitch":32.249977111816406,"roll":0}}
[08:18:17] [MC7DTD-websocket/INFO]: 7DTD entity received: {"authority":"7dtd","dimension":"7dtd:main","entity_id":"1844a553-9729-44e9-a434-c9a33a617d07","entity_type":"7dtd:player","lifecycle":{"event":"update"},"metadata":{},"origin":{"dimension":"7dtd:main","entity_id":"1844a553-9729-44e9-a434-c9a33a617d07","game":"7dtd","world_id":"td-0d917a4eff776d999148769266591579674d2c42de6557026893a1902834f11f"},"position":{"x":-273.03436279296875,"y":61.07999801635742,"z":446.87322998046875,"space":"minecraft"},"rotation":{"pitch":-5.25,"roll":0,"yaw":109.03790283203125},"sequence":162,"source":"7dtd","stream_id":"d7a4bfe8-e239-44a6-b23b-2ec527b4cf7e","type":"entity_state","version":2,"world_id":"td-0d917a4eff776d999148769266591579674d2c42de6557026893a1902834f11f","components":{"presentation":{"renderer":"humanoid","model":"survivor","scale":1.0,"variant":"default"}}}
[08:18:17] [MC7DTD-websocket/INFO]: [Presentation] entity=1844a553-9729-44e9-a434-c9a33a617d07 renderer=humanoid model=survivor variant=default scale=1.0
[08:18:17] [Render thread/INFO]: 7DTD proxy updated: id=1844a553-9729-44e9-a434-c9a33a617d07 sequence=162 x=-273.03436279296875 y=61.07999801635742 z=446.87322998046875 yaw=109.03790283203125 pitch=-5.25 roll=0.0
[08:18:18] [MC7DTD-websocket/INFO]: 7DTD entity received: {"authority":"7dtd","dimension":"7dtd:main","entity_id":"1844a553-9729-44e9-a434-c9a33a617d07","entity_type":"7dtd:player","lifecycle":{"event":"update"},"metadata":{},"origin":{"dimension":"7dtd:main","entity_id":"1844a553-9729-44e9-a434-c9a33a617d07","game":"7dtd","world_id":"td-0d917a4eff776d999148769266591579674d2c42de6557026893a1902834f11f"},"position":{"x":-273.03436279296875,"y":61.07999801635742,"z":446.87322998046875,"space":"minecraft"},"rotation":{"pitch":-5.25,"roll":0,"yaw":109.03790283203125},"sequence":163,"source":"7dtd","stream_id":"d7a4bfe8-e239-44a6-b23b-2ec527b4cf7e","type":"entity_state","version":2,"world_id":"td-0d917a4eff776d999148769266591579674d2c42de6557026893a1902834f11f","components":{"presentation":{"renderer":"humanoid","model":"survivor","scale":1.0,"variant":"default"}}}
[08:18:18] [MC7DTD-websocket/INFO]: [Presentation] entity=1844a553-9729-44e9-a434-c9a33a617d07 renderer=humanoid model=survivor variant=default scale=1.0
[08:18:18] [MC7DTD-entity-test-send/INFO]: Player proxy sent: {"type":"entity_state","version":1,"source":"minecraft","entity_type":"minecraft:player","entity_id":"2b5d33df-ba0f-4e79-993a-835569712da3","stream_id":"713531ef-e23c-4b5f-a07f-bfff2b852dd0","world_id":"mc-cf4dce40-2be1-372b-b914-917f5dcc644c","dimension":"minecraft:overworld","sequence":146,"lifecycle":{"event":"update"},"metadata":{},"position":{"x":-46.8749861880846,"y":71.0,"z":73.30000001192093,"space":"minecraft"},"rotation":{"yaw":97.95012664794922,"pitch":28.499984741210938,"roll":0}}
[08:18:18] [Render thread/INFO]: 7DTD proxy updated: id=1844a553-9729-44e9-a434-c9a33a617d07 sequence=163 x=-273.03436279296875 y=61.07999801635742 z=446.87322998046875 yaw=109.03790283203125 pitch=-5.25 roll=0.0
[08:18:18] [MC7DTD-websocket/INFO]: 7DTD entity received: {"authority":"7dtd","dimension":"7dtd:main","entity_id":"1844a553-9729-44e9-a434-c9a33a617d07","entity_type":"7dtd:player","lifecycle":{"event":"update"},"metadata":{},"origin":{"dimension":"7dtd:main","entity_id":"1844a553-9729-44e9-a434-c9a33a617d07","game":"7dtd","world_id":"td-0d917a4eff776d999148769266591579674d2c42de6557026893a1902834f11f"},"position":{"x":-273.03436279296875,"y":61.07999801635742,"z":446.87322998046875,"space":"minecraft"},"rotation":{"pitch":-5.25,"roll":0,"yaw":109.03790283203125},"sequence":164,"source":"7dtd","stream_id":"d7a4bfe8-e239-44a6-b23b-2ec527b4cf7e","type":"entity_state","version":2,"world_id":"td-0d917a4eff776d999148769266591579674d2c42de6557026893a1902834f11f","components":{"presentation":{"renderer":"humanoid","model":"survivor","scale":1.0,"variant":"default"}}}
[08:18:18] [MC7DTD-websocket/INFO]: [Presentation] entity=1844a553-9729-44e9-a434-c9a33a617d07 renderer=humanoid model=survivor variant=default scale=1.0
[08:18:18] [Render thread/INFO]: 7DTD proxy updated: id=1844a553-9729-44e9-a434-c9a33a617d07 sequence=164 x=-273.03436279296875 y=61.07999801635742 z=446.87322998046875 yaw=109.03790283203125 pitch=-5.25 roll=0.0
[08:18:18] [MC7DTD-entity-test-send/INFO]: Player proxy sent: {"type":"entity_state","version":1,"source":"minecraft","entity_type":"minecraft:player","entity_id":"2b5d33df-ba0f-4e79-993a-835569712da3","stream_id":"713531ef-e23c-4b5f-a07f-bfff2b852dd0","world_id":"mc-cf4dce40-2be1-372b-b914-917f5dcc644c","dimension":"minecraft:overworld","sequence":147,"lifecycle":{"event":"update"},"metadata":{},"position":{"x":-46.8749861880846,"y":71.0,"z":73.30000001192093,"space":"minecraft"},"rotation":{"yaw":138.90016174316406,"pitch":27.599985122680664,"roll":0}}
[08:18:19] [MC7DTD-websocket/INFO]: 7DTD entity received: {"authority":"7dtd","dimension":"7dtd:main","entity_id":"1844a553-9729-44e9-a434-c9a33a617d07","entity_type":"7dtd:player","lifecycle":{"event":"update"},"metadata":{},"origin":{"dimension":"7dtd:main","entity_id":"1844a553-9729-44e9-a434-c9a33a617d07","game":"7dtd","world_id":"td-0d917a4eff776d999148769266591579674d2c42de6557026893a1902834f11f"},"position":{"x":-273.03436279296875,"y":61.07999801635742,"z":446.87322998046875,"space":"minecraft"},"rotation":{"pitch":-5.25,"roll":0,"yaw":109.03790283203125},"sequence":165,"source":"7dtd","stream_id":"d7a4bfe8-e239-44a6-b23b-2ec527b4cf7e","type":"entity_state","version":2,"world_id":"td-0d917a4eff776d999148769266591579674d2c42de6557026893a1902834f11f","components":{"presentation":{"renderer":"humanoid","model":"survivor","scale":1.0,"variant":"default"}}}
[08:18:19] [MC7DTD-websocket/INFO]: [Presentation] entity=1844a553-9729-44e9-a434-c9a33a617d07 renderer=humanoid model=survivor variant=default scale=1.0
[08:18:19] [Render thread/INFO]: 7DTD proxy updated: id=1844a553-9729-44e9-a434-c9a33a617d07 sequence=165 x=-273.03436279296875 y=61.07999801635742 z=446.87322998046875 yaw=109.03790283203125 pitch=-5.25 roll=0.0
[08:18:19] [MC7DTD-entity-test-send/INFO]: Player proxy sent: {"type":"entity_state","version":1,"source":"minecraft","entity_type":"minecraft:player","entity_id":"2b5d33df-ba0f-4e79-993a-835569712da3","stream_id":"713531ef-e23c-4b5f-a07f-bfff2b852dd0","world_id":"mc-cf4dce40-2be1-372b-b914-917f5dcc644c","dimension":"minecraft:overworld","sequence":148,"lifecycle":{"event":"update"},"metadata":{},"position":{"x":-46.8749861880846,"y":71.0,"z":73.30000001192093,"space":"minecraft"},"rotation":{"yaw":288.4501266479492,"pitch":25.049989700317383,"roll":0}}
[08:18:19] [MC7DTD-websocket/INFO]: 7DTD entity received: {"authority":"7dtd","dimension":"7dtd:main","entity_id":"1844a553-9729-44e9-a434-c9a33a617d07","entity_type":"7dtd:player","lifecycle":{"event":"update"},"metadata":{},"origin":{"dimension":"7dtd:main","entity_id":"1844a553-9729-44e9-a434-c9a33a617d07","game":"7dtd","world_id":"td-0d917a4eff776d999148769266591579674d2c42de6557026893a1902834f11f"},"position":{"x":-273.03436279296875,"y":61.07999801635742,"z":446.87322998046875,"space":"minecraft"},"rotation":{"pitch":-5.25,"roll":0,"yaw":109.03790283203125},"sequence":166,"source":"7dtd","stream_id":"d7a4bfe8-e239-44a6-b23b-2ec527b4cf7e","type":"entity_state","version":2,"world_id":"td-0d917a4eff776d999148769266591579674d2c42de6557026893a1902834f11f","components":{"presentation":{"renderer":"humanoid","model":"survivor","scale":1.0,"variant":"default"}}}
[08:18:19] [MC7DTD-websocket/INFO]: [Presentation] entity=1844a553-9729-44e9-a434-c9a33a617d07 renderer=humanoid model=survivor variant=default scale=1.0
[08:18:19] [Render thread/INFO]: 7DTD proxy updated: id=1844a553-9729-44e9-a434-c9a33a617d07 sequence=166 x=-273.03436279296875 y=61.07999801635742 z=446.87322998046875 yaw=109.03790283203125 pitch=-5.25 roll=0.0
[08:18:19] [MC7DTD-entity-test-send/INFO]: Player proxy sent: {"type":"entity_state","version":1,"source":"minecraft","entity_type":"minecraft:player","entity_id":"2b5d33df-ba0f-4e79-993a-835569712da3","stream_id":"713531ef-e23c-4b5f-a07f-bfff2b852dd0","world_id":"mc-cf4dce40-2be1-372b-b914-917f5dcc644c","dimension":"minecraft:overworld","sequence":149,"lifecycle":{"event":"update"},"metadata":{},"position":{"x":-45.49549719822605,"y":71.0,"z":73.37977746239227,"space":"minecraft"},"rotation":{"yaw":285.75011444091797,"pitch":25.049989700317383,"roll":0}}
[08:18:20] [MC7DTD-websocket/INFO]: 7DTD entity received: {"authority":"7dtd","dimension":"7dtd:main","entity_id":"1844a553-9729-44e9-a434-c9a33a617d07","entity_type":"7dtd:player","lifecycle":{"event":"update"},"metadata":{},"origin":{"dimension":"7dtd:main","entity_id":"1844a553-9729-44e9-a434-c9a33a617d07","game":"7dtd","world_id":"td-0d917a4eff776d999148769266591579674d2c42de6557026893a1902834f11f"},"position":{"x":-273.03436279296875,"y":61.07999801635742,"z":446.87322998046875,"space":"minecraft"},"rotation":{"pitch":-5.25,"roll":0,"yaw":109.03790283203125},"sequence":167,"source":"7dtd","stream_id":"d7a4bfe8-e239-44a6-b23b-2ec527b4cf7e","type":"entity_state","version":2,"world_id":"td-0d917a4eff776d999148769266591579674d2c42de6557026893a1902834f11f","components":{"presentation":{"renderer":"humanoid","model":"survivor","scale":1.0,"variant":"default"}}}
[08:18:20] [MC7DTD-websocket/INFO]: [Presentation] entity=1844a553-9729-44e9-a434-c9a33a617d07 renderer=humanoid model=survivor variant=default scale=1.0
[08:18:20] [Render thread/INFO]: 7DTD proxy updated: id=1844a553-9729-44e9-a434-c9a33a617d07 sequence=167 x=-273.03436279296875 y=61.07999801635742 z=446.87322998046875 yaw=109.03790283203125 pitch=-5.25 roll=0.0
[08:18:20] [MC7DTD-entity-test-send/INFO]: Player proxy sent: {"type":"entity_state","version":1,"source":"minecraft","entity_type":"minecraft:player","entity_id":"2b5d33df-ba0f-4e79-993a-835569712da3","stream_id":"713531ef-e23c-4b5f-a07f-bfff2b852dd0","world_id":"mc-cf4dce40-2be1-372b-b914-917f5dcc644c","dimension":"minecraft:overworld","sequence":150,"lifecycle":{"event":"update"},"metadata":{},"position":{"x":-44.48544277647238,"y":71.0,"z":73.35774136392625,"space":"minecraft"},"rotation":{"yaw":49.95012283325195,"pitch":24.44999122619629,"roll":0}}
[08:18:20] [MC7DTD-websocket/INFO]: 7DTD entity received: {"authority":"7dtd","dimension":"7dtd:main","entity_id":"1844a553-9729-44e9-a434-c9a33a617d07","entity_type":"7dtd:player","lifecycle":{"event":"update"},"metadata":{},"origin":{"dimension":"7dtd:main","entity_id":"1844a553-9729-44e9-a434-c9a33a617d07","game":"7dtd","world_id":"td-0d917a4eff776d999148769266591579674d2c42de6557026893a1902834f11f"},"position":{"x":-273.03436279296875,"y":61.07999801635742,"z":446.87322998046875,"space":"minecraft"},"rotation":{"pitch":-5.25,"roll":0,"yaw":109.03790283203125},"sequence":168,"source":"7dtd","stream_id":"d7a4bfe8-e239-44a6-b23b-2ec527b4cf7e","type":"entity_state","version":2,"world_id":"td-0d917a4eff776d999148769266591579674d2c42de6557026893a1902834f11f","components":{"presentation":{"renderer":"humanoid","model":"survivor","scale":1.0,"variant":"default"}}}
[08:18:20] [MC7DTD-websocket/INFO]: [Presentation] entity=1844a553-9729-44e9-a434-c9a33a617d07 renderer=humanoid model=survivor variant=default scale=1.0
[08:18:20] [Render thread/INFO]: 7DTD proxy updated: id=1844a553-9729-44e9-a434-c9a33a617d07 sequence=168 x=-273.03436279296875 y=61.07999801635742 z=446.87322998046875 yaw=109.03790283203125 pitch=-5.25 roll=0.0
[08:18:21] [MC7DTD-entity-test-send/INFO]: Player proxy sent: {"type":"entity_state","version":1,"source":"minecraft","entity_type":"minecraft:player","entity_id":"2b5d33df-ba0f-4e79-993a-835569712da3","stream_id":"713531ef-e23c-4b5f-a07f-bfff2b852dd0","world_id":"mc-cf4dce40-2be1-372b-b914-917f5dcc644c","dimension":"minecraft:overworld","sequence":151,"lifecycle":{"event":"update"},"metadata":{},"position":{"x":-45.738104920647594,"y":71.0,"z":73.41086566424995,"space":"minecraft"},"rotation":{"yaw":90.45014953613281,"pitch":22.199996948242188,"roll":0}}
[08:18:21] [MC7DTD-websocket/INFO]: 7DTD entity received: {"authority":"7dtd","dimension":"7dtd:main","entity_id":"1844a553-9729-44e9-a434-c9a33a617d07","entity_type":"7dtd:player","lifecycle":{"event":"update"},"metadata":{},"origin":{"dimension":"7dtd:main","entity_id":"1844a553-9729-44e9-a434-c9a33a617d07","game":"7dtd","world_id":"td-0d917a4eff776d999148769266591579674d2c42de6557026893a1902834f11f"},"position":{"x":-273.03436279296875,"y":61.07999801635742,"z":446.87322998046875,"space":"minecraft"},"rotation":{"pitch":-5.25,"roll":0,"yaw":109.03790283203125},"sequence":169,"source":"7dtd","stream_id":"d7a4bfe8-e239-44a6-b23b-2ec527b4cf7e","type":"entity_state","version":2,"world_id":"td-0d917a4eff776d999148769266591579674d2c42de6557026893a1902834f11f","components":{"presentation":{"renderer":"humanoid","model":"survivor","scale":1.0,"variant":"default"}}}
[08:18:21] [MC7DTD-websocket/INFO]: [Presentation] entity=1844a553-9729-44e9-a434-c9a33a617d07 renderer=humanoid model=survivor variant=default scale=1.0
[08:18:21] [Render thread/INFO]: 7DTD proxy updated: id=1844a553-9729-44e9-a434-c9a33a617d07 sequence=169 x=-273.03436279296875 y=61.07999801635742 z=446.87322998046875 yaw=109.03790283203125 pitch=-5.25 roll=0.0
[08:18:21] [MC7DTD-entity-test-send/INFO]: Player proxy sent: {"type":"entity_state","version":1,"source":"minecraft","entity_type":"minecraft:player","entity_id":"2b5d33df-ba0f-4e79-993a-835569712da3","stream_id":"713531ef-e23c-4b5f-a07f-bfff2b852dd0","world_id":"mc-cf4dce40-2be1-372b-b914-917f5dcc644c","dimension":"minecraft:overworld","sequence":152,"lifecycle":{"event":"update"},"metadata":{},"position":{"x":-47.06627014953705,"y":71.0,"z":73.40253904326353,"space":"minecraft"},"rotation":{"yaw":90.45014953613281,"pitch":22.199996948242188,"roll":0}}
[08:18:21] [MC7DTD-websocket/INFO]: 7DTD entity received: {"authority":"7dtd","dimension":"7dtd:main","entity_id":"1844a553-9729-44e9-a434-c9a33a617d07","entity_type":"7dtd:player","lifecycle":{"event":"update"},"metadata":{},"origin":{"dimension":"7dtd:main","entity_id":"1844a553-9729-44e9-a434-c9a33a617d07","game":"7dtd","world_id":"td-0d917a4eff776d999148769266591579674d2c42de6557026893a1902834f11f"},"position":{"x":-273.03436279296875,"y":61.07999801635742,"z":446.87322998046875,"space":"minecraft"},"rotation":{"pitch":-5.25,"roll":0,"yaw":109.03790283203125},"sequence":170,"source":"7dtd","stream_id":"d7a4bfe8-e239-44a6-b23b-2ec527b4cf7e","type":"entity_state","version":2,"world_id":"td-0d917a4eff776d999148769266591579674d2c42de6557026893a1902834f11f","components":{"presentation":{"renderer":"humanoid","model":"survivor","scale":1.0,"variant":"default"}}}
[08:18:21] [MC7DTD-websocket/INFO]: [Presentation] entity=1844a553-9729-44e9-a434-c9a33a617d07 renderer=humanoid model=survivor variant=default scale=1.0
[08:18:21] [Render thread/INFO]: 7DTD proxy updated: id=1844a553-9729-44e9-a434-c9a33a617d07 sequence=170 x=-273.03436279296875 y=61.07999801635742 z=446.87322998046875 yaw=109.03790283203125 pitch=-5.25 roll=0.0
[08:18:22] [MC7DTD-entity-test-send/INFO]: Player proxy sent: {"type":"entity_state","version":1,"source":"minecraft","entity_type":"minecraft:player","entity_id":"2b5d33df-ba0f-4e79-993a-835569712da3","stream_id":"713531ef-e23c-4b5f-a07f-bfff2b852dd0","world_id":"mc-cf4dce40-2be1-372b-b914-917f5dcc644c","dimension":"minecraft:overworld","sequence":153,"lifecycle":{"event":"update"},"metadata":{},"position":{"x":-47.06939044676948,"y":71.0,"z":73.40251597298894,"space":"minecraft"},"rotation":{"yaw":332.10014724731445,"pitch":20.84999656677246,"roll":0}}
[08:18:22] [MC7DTD-websocket/INFO]: 7DTD entity received: {"authority":"7dtd","dimension":"7dtd:main","entity_id":"1844a553-9729-44e9-a434-c9a33a617d07","entity_type":"7dtd:player","lifecycle":{"event":"update"},"metadata":{},"origin":{"dimension":"7dtd:main","entity_id":"1844a553-9729-44e9-a434-c9a33a617d07","game":"7dtd","world_id":"td-0d917a4eff776d999148769266591579674d2c42de6557026893a1902834f11f"},"position":{"x":-273.03436279296875,"y":61.07999801635742,"z":446.87322998046875,"space":"minecraft"},"rotation":{"pitch":-5.25,"roll":0,"yaw":109.03790283203125},"sequence":171,"source":"7dtd","stream_id":"d7a4bfe8-e239-44a6-b23b-2ec527b4cf7e","type":"entity_state","version":2,"world_id":"td-0d917a4eff776d999148769266591579674d2c42de6557026893a1902834f11f","components":{"presentation":{"renderer":"humanoid","model":"survivor","scale":1.0,"variant":"default"}}}
[08:18:22] [MC7DTD-websocket/INFO]: [Presentation] entity=1844a553-9729-44e9-a434-c9a33a617d07 renderer=humanoid model=survivor variant=default scale=1.0
[08:18:22] [Render thread/INFO]: 7DTD proxy updated: id=1844a553-9729-44e9-a434-c9a33a617d07 sequence=171 x=-273.03436279296875 y=61.07999801635742 z=446.87322998046875 yaw=109.03790283203125 pitch=-5.25 roll=0.0
[08:18:22] [MC7DTD-entity-test-send/INFO]: Player proxy sent: {"type":"entity_state","version":1,"source":"minecraft","entity_type":"minecraft:player","entity_id":"2b5d33df-ba0f-4e79-993a-835569712da3","stream_id":"713531ef-e23c-4b5f-a07f-bfff2b852dd0","world_id":"mc-cf4dce40-2be1-372b-b914-917f5dcc644c","dimension":"minecraft:overworld","sequence":154,"lifecycle":{"event":"update"},"metadata":{},"position":{"x":-47.06939044676948,"y":71.0,"z":73.40251597298894,"space":"minecraft"},"rotation":{"yaw":287.8501434326172,"pitch":14.549994468688965,"roll":0}}
[08:18:22] [MC7DTD-websocket/INFO]: 7DTD entity received: {"authority":"7dtd","dimension":"7dtd:main","entity_id":"1844a553-9729-44e9-a434-c9a33a617d07","entity_type":"7dtd:player","lifecycle":{"event":"update"},"metadata":{},"origin":{"dimension":"7dtd:main","entity_id":"1844a553-9729-44e9-a434-c9a33a617d07","game":"7dtd","world_id":"td-0d917a4eff776d999148769266591579674d2c42de6557026893a1902834f11f"},"position":{"x":-273.03436279296875,"y":61.07999801635742,"z":446.87322998046875,"space":"minecraft"},"rotation":{"pitch":-5.25,"roll":0,"yaw":109.03790283203125},"sequence":172,"source":"7dtd","stream_id":"d7a4bfe8-e239-44a6-b23b-2ec527b4cf7e","type":"entity_state","version":2,"world_id":"td-0d917a4eff776d999148769266591579674d2c42de6557026893a1902834f11f","components":{"presentation":{"renderer":"humanoid","model":"survivor","scale":1.0,"variant":"default"}}}
[08:18:22] [MC7DTD-websocket/INFO]: [Presentation] entity=1844a553-9729-44e9-a434-c9a33a617d07 renderer=humanoid model=survivor variant=default scale=1.0
[08:18:22] [Render thread/INFO]: 7DTD proxy updated: id=1844a553-9729-44e9-a434-c9a33a617d07 sequence=172 x=-273.03436279296875 y=61.07999801635742 z=446.87322998046875 yaw=109.03790283203125 pitch=-5.25 roll=0.0
[08:18:23] [MC7DTD-entity-test-send/INFO]: Player proxy sent: {"type":"entity_state","version":1,"source":"minecraft","entity_type":"minecraft:player","entity_id":"2b5d33df-ba0f-4e79-993a-835569712da3","stream_id":"713531ef-e23c-4b5f-a07f-bfff2b852dd0","world_id":"mc-cf4dce40-2be1-372b-b914-917f5dcc644c","dimension":"minecraft:overworld","sequence":155,"lifecycle":{"event":"update"},"metadata":{},"position":{"x":-47.06939044676948,"y":71.0,"z":73.40251597298894,"space":"minecraft"},"rotation":{"yaw":287.8501434326172,"pitch":14.549994468688965,"roll":0}}
[08:18:23] [MC7DTD-websocket/INFO]: 7DTD entity received: {"authority":"7dtd","dimension":"7dtd:main","entity_id":"1844a553-9729-44e9-a434-c9a33a617d07","entity_type":"7dtd:player","lifecycle":{"event":"update"},"metadata":{},"origin":{"dimension":"7dtd:main","entity_id":"1844a553-9729-44e9-a434-c9a33a617d07","game":"7dtd","world_id":"td-0d917a4eff776d999148769266591579674d2c42de6557026893a1902834f11f"},"position":{"x":-273.03436279296875,"y":61.07999801635742,"z":446.87322998046875,"space":"minecraft"},"rotation":{"pitch":-5.25,"roll":0,"yaw":109.03790283203125},"sequence":173,"source":"7dtd","stream_id":"d7a4bfe8-e239-44a6-b23b-2ec527b4cf7e","type":"entity_state","version":2,"world_id":"td-0d917a4eff776d999148769266591579674d2c42de6557026893a1902834f11f","components":{"presentation":{"renderer":"humanoid","model":"survivor","scale":1.0,"variant":"default"}}}
[08:18:23] [MC7DTD-websocket/INFO]: [Presentation] entity=1844a553-9729-44e9-a434-c9a33a617d07 renderer=humanoid model=survivor variant=default scale=1.0
[08:18:23] [Render thread/INFO]: 7DTD proxy updated: id=1844a553-9729-44e9-a434-c9a33a617d07 sequence=173 x=-273.03436279296875 y=61.07999801635742 z=446.87322998046875 yaw=109.03790283203125 pitch=-5.25 roll=0.0
[08:18:23] [MC7DTD-entity-test-send/INFO]: Player proxy sent: {"type":"entity_state","version":1,"source":"minecraft","entity_type":"minecraft:player","entity_id":"2b5d33df-ba0f-4e79-993a-835569712da3","stream_id":"713531ef-e23c-4b5f-a07f-bfff2b852dd0","world_id":"mc-cf4dce40-2be1-372b-b914-917f5dcc644c","dimension":"minecraft:overworld","sequence":156,"lifecycle":{"event":"update"},"metadata":{},"position":{"x":-47.06939044676948,"y":71.0,"z":73.40251597298894,"space":"minecraft"},"rotation":{"yaw":287.8501434326172,"pitch":14.549994468688965,"roll":0}}
[08:18:23] [MC7DTD-websocket/INFO]: 7DTD entity received: {"authority":"7dtd","dimension":"7dtd:main","entity_id":"1844a553-9729-44e9-a434-c9a33a617d07","entity_type":"7dtd:player","lifecycle":{"event":"update"},"metadata":{},"origin":{"dimension":"7dtd:main","entity_id":"1844a553-9729-44e9-a434-c9a33a617d07","game":"7dtd","world_id":"td-0d917a4eff776d999148769266591579674d2c42de6557026893a1902834f11f"},"position":{"x":-273.03436279296875,"y":61.07999801635742,"z":446.87322998046875,"space":"minecraft"},"rotation":{"pitch":-5.25,"roll":0,"yaw":109.03790283203125},"sequence":174,"source":"7dtd","stream_id":"d7a4bfe8-e239-44a6-b23b-2ec527b4cf7e","type":"entity_state","version":2,"world_id":"td-0d917a4eff776d999148769266591579674d2c42de6557026893a1902834f11f","components":{"presentation":{"renderer":"humanoid","model":"survivor","scale":1.0,"variant":"default"}}}
[08:18:23] [MC7DTD-websocket/INFO]: [Presentation] entity=1844a553-9729-44e9-a434-c9a33a617d07 renderer=humanoid model=survivor variant=default scale=1.0
[08:18:23] [Render thread/INFO]: 7DTD proxy updated: id=1844a553-9729-44e9-a434-c9a33a617d07 sequence=174 x=-273.03436279296875 y=61.07999801635742 z=446.87322998046875 yaw=109.03790283203125 pitch=-5.25 roll=0.0
[08:18:24] [MC7DTD-entity-test-send/INFO]: Player proxy sent: {"type":"entity_state","version":1,"source":"minecraft","entity_type":"minecraft:player","entity_id":"2b5d33df-ba0f-4e79-993a-835569712da3","stream_id":"713531ef-e23c-4b5f-a07f-bfff2b852dd0","world_id":"mc-cf4dce40-2be1-372b-b914-917f5dcc644c","dimension":"minecraft:overworld","sequence":157,"lifecycle":{"event":"update"},"metadata":{},"position":{"x":-47.06939044676948,"y":71.0,"z":73.40251597298894,"space":"minecraft"},"rotation":{"yaw":287.8501434326172,"pitch":14.549994468688965,"roll":0}}
[08:18:24] [MC7DTD-websocket/INFO]: 7DTD entity received: {"authority":"7dtd","dimension":"7dtd:main","entity_id":"1844a553-9729-44e9-a434-c9a33a617d07","entity_type":"7dtd:player","lifecycle":{"event":"update"},"metadata":{},"origin":{"dimension":"7dtd:main","entity_id":"1844a553-9729-44e9-a434-c9a33a617d07","game":"7dtd","world_id":"td-0d917a4eff776d999148769266591579674d2c42de6557026893a1902834f11f"},"position":{"x":-273.03436279296875,"y":61.07999801635742,"z":446.87322998046875,"space":"minecraft"},"rotation":{"pitch":-5.25,"roll":0,"yaw":109.03790283203125},"sequence":175,"source":"7dtd","stream_id":"d7a4bfe8-e239-44a6-b23b-2ec527b4cf7e","type":"entity_state","version":2,"world_id":"td-0d917a4eff776d999148769266591579674d2c42de6557026893a1902834f11f","components":{"presentation":{"renderer":"humanoid","model":"survivor","scale":1.0,"variant":"default"}}}
[08:18:24] [MC7DTD-websocket/INFO]: [Presentation] entity=1844a553-9729-44e9-a434-c9a33a617d07 renderer=humanoid model=survivor variant=default scale=1.0
[08:18:24] [Render thread/INFO]: 7DTD proxy updated: id=1844a553-9729-44e9-a434-c9a33a617d07 sequence=175 x=-273.03436279296875 y=61.07999801635742 z=446.87322998046875 yaw=109.03790283203125 pitch=-5.25 roll=0.0
[08:18:24] [MC7DTD-entity-test-send/INFO]: Player proxy sent: {"type":"entity_state","version":1,"source":"minecraft","entity_type":"minecraft:player","entity_id":"2b5d33df-ba0f-4e79-993a-835569712da3","stream_id":"713531ef-e23c-4b5f-a07f-bfff2b852dd0","world_id":"mc-cf4dce40-2be1-372b-b914-917f5dcc644c","dimension":"minecraft:overworld","sequence":158,"lifecycle":{"event":"update"},"metadata":{},"position":{"x":-47.06939044676948,"y":71.0,"z":73.40251597298894,"space":"minecraft"},"rotation":{"yaw":287.8501434326172,"pitch":14.549994468688965,"roll":0}}
[08:18:24] [MC7DTD-websocket/INFO]: 7DTD entity received: {"authority":"7dtd","dimension":"7dtd:main","entity_id":"1844a553-9729-44e9-a434-c9a33a617d07","entity_type":"7dtd:player","lifecycle":{"event":"update"},"metadata":{},"origin":{"dimension":"7dtd:main","entity_id":"1844a553-9729-44e9-a434-c9a33a617d07","game":"7dtd","world_id":"td-0d917a4eff776d999148769266591579674d2c42de6557026893a1902834f11f"},"position":{"x":-273.03436279296875,"y":61.07999801635742,"z":446.87322998046875,"space":"minecraft"},"rotation":{"pitch":-5.25,"roll":0,"yaw":109.03790283203125},"sequence":176,"source":"7dtd","stream_id":"d7a4bfe8-e239-44a6-b23b-2ec527b4cf7e","type":"entity_state","version":2,"world_id":"td-0d917a4eff776d999148769266591579674d2c42de6557026893a1902834f11f","components":{"presentation":{"renderer":"humanoid","model":"survivor","scale":1.0,"variant":"default"}}}
[08:18:24] [MC7DTD-websocket/INFO]: [Presentation] entity=1844a553-9729-44e9-a434-c9a33a617d07 renderer=humanoid model=survivor variant=default scale=1.0
[08:18:25] [Render thread/INFO]: 7DTD proxy updated: id=1844a553-9729-44e9-a434-c9a33a617d07 sequence=176 x=-273.03436279296875 y=61.07999801635742 z=446.87322998046875 yaw=109.03790283203125 pitch=-5.25 roll=0.0
[08:18:25] [MC7DTD-entity-test-send/INFO]: Player proxy sent: {"type":"entity_state","version":1,"source":"minecraft","entity_type":"minecraft:player","entity_id":"2b5d33df-ba0f-4e79-993a-835569712da3","stream_id":"713531ef-e23c-4b5f-a07f-bfff2b852dd0","world_id":"mc-cf4dce40-2be1-372b-b914-917f5dcc644c","dimension":"minecraft:overworld","sequence":159,"lifecycle":{"event":"update"},"metadata":{},"position":{"x":-47.06939044676948,"y":71.0,"z":73.40251597298894,"space":"minecraft"},"rotation":{"yaw":287.8501434326172,"pitch":14.549994468688965,"roll":0}}
[08:18:25] [MC7DTD-websocket/INFO]: 7DTD entity received: {"authority":"7dtd","dimension":"7dtd:main","entity_id":"1844a553-9729-44e9-a434-c9a33a617d07","entity_type":"7dtd:player","lifecycle":{"event":"update"},"metadata":{},"origin":{"dimension":"7dtd:main","entity_id":"1844a553-9729-44e9-a434-c9a33a617d07","game":"7dtd","world_id":"td-0d917a4eff776d999148769266591579674d2c42de6557026893a1902834f11f"},"position":{"x":-273.03436279296875,"y":61.07999801635742,"z":446.87322998046875,"space":"minecraft"},"rotation":{"pitch":-6.3125,"roll":0,"yaw":102.66290283203125},"sequence":177,"source":"7dtd","stream_id":"d7a4bfe8-e239-44a6-b23b-2ec527b4cf7e","type":"entity_state","version":2,"world_id":"td-0d917a4eff776d999148769266591579674d2c42de6557026893a1902834f11f","components":{"presentation":{"renderer":"humanoid","model":"survivor","scale":1.0,"variant":"default"}}}
[08:18:25] [MC7DTD-websocket/INFO]: [Presentation] entity=1844a553-9729-44e9-a434-c9a33a617d07 renderer=humanoid model=survivor variant=default scale=1.0
[08:18:25] [Render thread/INFO]: 7DTD proxy updated: id=1844a553-9729-44e9-a434-c9a33a617d07 sequence=177 x=-273.03436279296875 y=61.07999801635742 z=446.87322998046875 yaw=102.66290283203125 pitch=-6.3125 roll=0.0
[08:18:25] [MC7DTD-entity-test-send/INFO]: Player proxy sent: {"type":"entity_state","version":1,"source":"minecraft","entity_type":"minecraft:player","entity_id":"2b5d33df-ba0f-4e79-993a-835569712da3","stream_id":"713531ef-e23c-4b5f-a07f-bfff2b852dd0","world_id":"mc-cf4dce40-2be1-372b-b914-917f5dcc644c","dimension":"minecraft:overworld","sequence":160,"lifecycle":{"event":"update"},"metadata":{},"position":{"x":-47.06939044676948,"y":71.0,"z":73.40251597298894,"space":"minecraft"},"rotation":{"yaw":287.8501434326172,"pitch":14.549994468688965,"roll":0}}
[08:18:25] [MC7DTD-websocket/INFO]: 7DTD entity received: {"authority":"7dtd","dimension":"7dtd:main","entity_id":"1844a553-9729-44e9-a434-c9a33a617d07","entity_type":"7dtd:player","lifecycle":{"event":"update"},"metadata":{},"origin":{"dimension":"7dtd:main","entity_id":"1844a553-9729-44e9-a434-c9a33a617d07","game":"7dtd","world_id":"td-0d917a4eff776d999148769266591579674d2c42de6557026893a1902834f11f"},"position":{"x":-273.03436279296875,"y":61.07999801635742,"z":446.87322998046875,"space":"minecraft"},"rotation":{"pitch":-11.8125,"roll":0,"yaw":346.91290187835693},"sequence":178,"source":"7dtd","stream_id":"d7a4bfe8-e239-44a6-b23b-2ec527b4cf7e","type":"entity_state","version":2,"world_id":"td-0d917a4eff776d999148769266591579674d2c42de6557026893a1902834f11f","components":{"presentation":{"renderer":"humanoid","model":"survivor","scale":1.0,"variant":"default"}}}
[08:18:25] [MC7DTD-websocket/INFO]: [Presentation] entity=1844a553-9729-44e9-a434-c9a33a617d07 renderer=humanoid model=survivor variant=default scale=1.0
[08:18:25] [Render thread/INFO]: 7DTD proxy updated: id=1844a553-9729-44e9-a434-c9a33a617d07 sequence=178 x=-273.03436279296875 y=61.07999801635742 z=446.87322998046875 yaw=346.91290187835693 pitch=-11.8125 roll=0.0
[08:18:26] [MC7DTD-entity-test-send/INFO]: Player proxy sent: {"type":"entity_state","version":1,"source":"minecraft","entity_type":"minecraft:player","entity_id":"2b5d33df-ba0f-4e79-993a-835569712da3","stream_id":"713531ef-e23c-4b5f-a07f-bfff2b852dd0","world_id":"mc-cf4dce40-2be1-372b-b914-917f5dcc644c","dimension":"minecraft:overworld","sequence":161,"lifecycle":{"event":"update"},"metadata":{},"position":{"x":-47.06939044676948,"y":71.0,"z":73.40251597298894,"space":"minecraft"},"rotation":{"yaw":287.8501434326172,"pitch":14.549994468688965,"roll":0}}
[08:18:26] [MC7DTD-websocket/INFO]: 7DTD entity received: {"authority":"7dtd","dimension":"7dtd:main","entity_id":"1844a553-9729-44e9-a434-c9a33a617d07","entity_type":"7dtd:player","lifecycle":{"event":"update"},"metadata":{},"origin":{"dimension":"7dtd:main","entity_id":"1844a553-9729-44e9-a434-c9a33a617d07","game":"7dtd","world_id":"td-0d917a4eff776d999148769266591579674d2c42de6557026893a1902834f11f"},"position":{"x":-273.03436279296875,"y":61.07999801635742,"z":446.87322998046875,"space":"minecraft"},"rotation":{"pitch":-11.75,"roll":0,"yaw":331.66290092468262},"sequence":179,"source":"7dtd","stream_id":"d7a4bfe8-e239-44a6-b23b-2ec527b4cf7e","type":"entity_state","version":2,"world_id":"td-0d917a4eff776d999148769266591579674d2c42de6557026893a1902834f11f","components":{"presentation":{"renderer":"humanoid","model":"survivor","scale":1.0,"variant":"default"}}}
[08:18:26] [MC7DTD-websocket/INFO]: [Presentation] entity=1844a553-9729-44e9-a434-c9a33a617d07 renderer=humanoid model=survivor variant=default scale=1.0
[08:18:26] [Render thread/INFO]: 7DTD proxy updated: id=1844a553-9729-44e9-a434-c9a33a617d07 sequence=179 x=-273.03436279296875 y=61.07999801635742 z=446.87322998046875 yaw=331.6629009246826 pitch=-11.75 roll=0.0
[08:18:26] [MC7DTD-entity-test-send/INFO]: Player proxy sent: {"type":"entity_state","version":1,"source":"minecraft","entity_type":"minecraft:player","entity_id":"2b5d33df-ba0f-4e79-993a-835569712da3","stream_id":"713531ef-e23c-4b5f-a07f-bfff2b852dd0","world_id":"mc-cf4dce40-2be1-372b-b914-917f5dcc644c","dimension":"minecraft:overworld","sequence":162,"lifecycle":{"event":"update"},"metadata":{},"position":{"x":-47.06939044676948,"y":71.0,"z":73.40251597298894,"space":"minecraft"},"rotation":{"yaw":287.8501434326172,"pitch":14.549994468688965,"roll":0}}
[08:18:26] [MC7DTD-websocket/INFO]: 7DTD entity received: {"authority":"7dtd","dimension":"7dtd:main","entity_id":"1844a553-9729-44e9-a434-c9a33a617d07","entity_type":"7dtd:player","lifecycle":{"event":"update"},"metadata":{},"origin":{"dimension":"7dtd:main","entity_id":"1844a553-9729-44e9-a434-c9a33a617d07","game":"7dtd","world_id":"td-0d917a4eff776d999148769266591579674d2c42de6557026893a1902834f11f"},"position":{"x":-273.03436279296875,"y":61.07999801635742,"z":446.87322998046875,"space":"minecraft"},"rotation":{"pitch":-15.25,"roll":0,"yaw":274.28790283203125},"sequence":180,"source":"7dtd","stream_id":"d7a4bfe8-e239-44a6-b23b-2ec527b4cf7e","type":"entity_state","version":2,"world_id":"td-0d917a4eff776d999148769266591579674d2c42de6557026893a1902834f11f","components":{"presentation":{"renderer":"humanoid","model":"survivor","scale":1.0,"variant":"default"}}}
[08:18:26] [MC7DTD-websocket/INFO]: [Presentation] entity=1844a553-9729-44e9-a434-c9a33a617d07 renderer=humanoid model=survivor variant=default scale=1.0
[08:18:27] [Render thread/INFO]: 7DTD proxy updated: id=1844a553-9729-44e9-a434-c9a33a617d07 sequence=180 x=-273.03436279296875 y=61.07999801635742 z=446.87322998046875 yaw=274.28790283203125 pitch=-15.25 roll=0.0
[08:18:27] [MC7DTD-entity-test-send/INFO]: Player proxy sent: {"type":"entity_state","version":1,"source":"minecraft","entity_type":"minecraft:player","entity_id":"2b5d33df-ba0f-4e79-993a-835569712da3","stream_id":"713531ef-e23c-4b5f-a07f-bfff2b852dd0","world_id":"mc-cf4dce40-2be1-372b-b914-917f5dcc644c","dimension":"minecraft:overworld","sequence":163,"lifecycle":{"event":"update"},"metadata":{},"position":{"x":-47.06939044676948,"y":71.0,"z":73.40251597298894,"space":"minecraft"},"rotation":{"yaw":287.8501434326172,"pitch":14.549994468688965,"roll":0}}
[08:18:27] [MC7DTD-websocket/INFO]: 7DTD entity received: {"authority":"7dtd","dimension":"7dtd:main","entity_id":"1844a553-9729-44e9-a434-c9a33a617d07","entity_type":"7dtd:player","lifecycle":{"event":"update"},"metadata":{},"origin":{"dimension":"7dtd:main","entity_id":"1844a553-9729-44e9-a434-c9a33a617d07","game":"7dtd","world_id":"td-0d917a4eff776d999148769266591579674d2c42de6557026893a1902834f11f"},"position":{"x":-273.03436279296875,"y":61.07999801635742,"z":446.87322998046875,"space":"minecraft"},"rotation":{"pitch":-30.125,"roll":0,"yaw":11.97540283203125},"sequence":181,"source":"7dtd","stream_id":"d7a4bfe8-e239-44a6-b23b-2ec527b4cf7e","type":"entity_state","version":2,"world_id":"td-0d917a4eff776d999148769266591579674d2c42de6557026893a1902834f11f","components":{"presentation":{"renderer":"humanoid","model":"survivor","scale":1.0,"variant":"default"}}}
[08:18:27] [MC7DTD-websocket/INFO]: [Presentation] entity=1844a553-9729-44e9-a434-c9a33a617d07 renderer=humanoid model=survivor variant=default scale=1.0
[08:18:27] [Render thread/INFO]: 7DTD proxy updated: id=1844a553-9729-44e9-a434-c9a33a617d07 sequence=181 x=-273.03436279296875 y=61.07999801635742 z=446.87322998046875 yaw=11.97540283203125 pitch=-30.125 roll=0.0
[08:18:27] [MC7DTD-websocket/INFO]: 7DTD entity received: {"authority":"7dtd","dimension":"7dtd:main","entity_id":"1844a553-9729-44e9-a434-c9a33a617d07","entity_type":"7dtd:player","lifecycle":{"event":"update"},"metadata":{},"origin":{"dimension":"7dtd:main","entity_id":"1844a553-9729-44e9-a434-c9a33a617d07","game":"7dtd","world_id":"td-0d917a4eff776d999148769266591579674d2c42de6557026893a1902834f11f"},"position":{"x":-273.03436279296875,"y":61.07999801635742,"z":446.87322998046875,"space":"minecraft"},"rotation":{"pitch":-31.625,"roll":0,"yaw":29.66290283203125},"sequence":182,"source":"7dtd","stream_id":"d7a4bfe8-e239-44a6-b23b-2ec527b4cf7e","type":"entity_state","version":2,"world_id":"td-0d917a4eff776d999148769266591579674d2c42de6557026893a1902834f11f","components":{"presentation":{"renderer":"humanoid","model":"survivor","scale":1.0,"variant":"default"}}}
[08:18:27] [MC7DTD-websocket/INFO]: [Presentation] entity=1844a553-9729-44e9-a434-c9a33a617d07 renderer=humanoid model=survivor variant=default scale=1.0
[08:18:27] [Render thread/INFO]: 7DTD proxy updated: id=1844a553-9729-44e9-a434-c9a33a617d07 sequence=182 x=-273.03436279296875 y=61.07999801635742 z=446.87322998046875 yaw=29.66290283203125 pitch=-31.625 roll=0.0
[08:18:27] [MC7DTD-entity-test-send/INFO]: Player proxy sent: {"type":"entity_state","version":1,"source":"minecraft","entity_type":"minecraft:player","entity_id":"2b5d33df-ba0f-4e79-993a-835569712da3","stream_id":"713531ef-e23c-4b5f-a07f-bfff2b852dd0","world_id":"mc-cf4dce40-2be1-372b-b914-917f5dcc644c","dimension":"minecraft:overworld","sequence":164,"lifecycle":{"event":"update"},"metadata":{},"position":{"x":-47.06939044676948,"y":71.0,"z":73.40251597298894,"space":"minecraft"},"rotation":{"yaw":287.8501434326172,"pitch":14.549994468688965,"roll":0}}
[08:18:28] [MC7DTD-websocket/INFO]: 7DTD entity received: {"authority":"7dtd","dimension":"7dtd:main","entity_id":"1844a553-9729-44e9-a434-c9a33a617d07","entity_type":"7dtd:player","lifecycle":{"event":"update"},"metadata":{},"origin":{"dimension":"7dtd:main","entity_id":"1844a553-9729-44e9-a434-c9a33a617d07","game":"7dtd","world_id":"td-0d917a4eff776d999148769266591579674d2c42de6557026893a1902834f11f"},"position":{"x":-273.03436279296875,"y":61.07999801635742,"z":446.87322998046875,"space":"minecraft"},"rotation":{"pitch":-31.625,"roll":0,"yaw":29.66290283203125},"sequence":183,"source":"7dtd","stream_id":"d7a4bfe8-e239-44a6-b23b-2ec527b4cf7e","type":"entity_state","version":2,"world_id":"td-0d917a4eff776d999148769266591579674d2c42de6557026893a1902834f11f","components":{"presentation":{"renderer":"humanoid","model":"survivor","scale":1.0,"variant":"default"}}}
[08:18:28] [MC7DTD-websocket/INFO]: [Presentation] entity=1844a553-9729-44e9-a434-c9a33a617d07 renderer=humanoid model=survivor variant=default scale=1.0
[08:18:28] [Render thread/INFO]: 7DTD proxy updated: id=1844a553-9729-44e9-a434-c9a33a617d07 sequence=183 x=-273.03436279296875 y=61.07999801635742 z=446.87322998046875 yaw=29.66290283203125 pitch=-31.625 roll=0.0
[08:18:28] [MC7DTD-entity-test-send/INFO]: Player proxy sent: {"type":"entity_state","version":1,"source":"minecraft","entity_type":"minecraft:player","entity_id":"2b5d33df-ba0f-4e79-993a-835569712da3","stream_id":"713531ef-e23c-4b5f-a07f-bfff2b852dd0","world_id":"mc-cf4dce40-2be1-372b-b914-917f5dcc644c","dimension":"minecraft:overworld","sequence":165,"lifecycle":{"event":"update"},"metadata":{},"position":{"x":-47.06939044676948,"y":71.0,"z":73.40251597298894,"space":"minecraft"},"rotation":{"yaw":287.8501434326172,"pitch":14.549994468688965,"roll":0}}
[08:18:28] [MC7DTD-websocket/INFO]: 7DTD entity received: {"authority":"7dtd","dimension":"7dtd:main","entity_id":"1844a553-9729-44e9-a434-c9a33a617d07","entity_type":"7dtd:player","lifecycle":{"event":"update"},"metadata":{},"origin":{"dimension":"7dtd:main","entity_id":"1844a553-9729-44e9-a434-c9a33a617d07","game":"7dtd","world_id":"td-0d917a4eff776d999148769266591579674d2c42de6557026893a1902834f11f"},"position":{"x":-273.03436279296875,"y":61.07999801635742,"z":446.87322998046875,"space":"minecraft"},"rotation":{"pitch":-31.625,"roll":0,"yaw":29.66290283203125},"sequence":184,"source":"7dtd","stream_id":"d7a4bfe8-e239-44a6-b23b-2ec527b4cf7e","type":"entity_state","version":2,"world_id":"td-0d917a4eff776d999148769266591579674d2c42de6557026893a1902834f11f","components":{"presentation":{"renderer":"humanoid","model":"survivor","scale":1.0,"variant":"default"}}}
[08:18:28] [MC7DTD-websocket/INFO]: [Presentation] entity=1844a553-9729-44e9-a434-c9a33a617d07 renderer=humanoid model=survivor variant=default scale=1.0
[08:18:28] [Render thread/INFO]: 7DTD proxy updated: id=1844a553-9729-44e9-a434-c9a33a617d07 sequence=184 x=-273.03436279296875 y=61.07999801635742 z=446.87322998046875 yaw=29.66290283203125 pitch=-31.625 roll=0.0
[08:18:29] [MC7DTD-entity-test-send/INFO]: Player proxy sent: {"type":"entity_state","version":1,"source":"minecraft","entity_type":"minecraft:player","entity_id":"2b5d33df-ba0f-4e79-993a-835569712da3","stream_id":"713531ef-e23c-4b5f-a07f-bfff2b852dd0","world_id":"mc-cf4dce40-2be1-372b-b914-917f5dcc644c","dimension":"minecraft:overworld","sequence":166,"lifecycle":{"event":"update"},"metadata":{},"position":{"x":-47.06939044676948,"y":71.0,"z":73.40251597298894,"space":"minecraft"},"rotation":{"yaw":287.8501434326172,"pitch":14.549994468688965,"roll":0}}
[08:18:29] [MC7DTD-websocket/INFO]: 7DTD entity received: {"authority":"7dtd","dimension":"7dtd:main","entity_id":"1844a553-9729-44e9-a434-c9a33a617d07","entity_type":"7dtd:player","lifecycle":{"event":"update"},"metadata":{},"origin":{"dimension":"7dtd:main","entity_id":"1844a553-9729-44e9-a434-c9a33a617d07","game":"7dtd","world_id":"td-0d917a4eff776d999148769266591579674d2c42de6557026893a1902834f11f"},"position":{"x":-273.03436279296875,"y":61.07999801635742,"z":446.87322998046875,"space":"minecraft"},"rotation":{"pitch":-20.8125,"roll":0,"yaw":70.03790283203125},"sequence":185,"source":"7dtd","stream_id":"d7a4bfe8-e239-44a6-b23b-2ec527b4cf7e","type":"entity_state","version":2,"world_id":"td-0d917a4eff776d999148769266591579674d2c42de6557026893a1902834f11f","components":{"presentation":{"renderer":"humanoid","model":"survivor","scale":1.0,"variant":"default"}}}
[08:18:29] [MC7DTD-websocket/INFO]: [Presentation] entity=1844a553-9729-44e9-a434-c9a33a617d07 renderer=humanoid model=survivor variant=default scale=1.0
[08:18:29] [Render thread/INFO]: 7DTD proxy updated: id=1844a553-9729-44e9-a434-c9a33a617d07 sequence=185 x=-273.03436279296875 y=61.07999801635742 z=446.87322998046875 yaw=70.03790283203125 pitch=-20.8125 roll=0.0
[08:18:29] [MC7DTD-entity-test-send/INFO]: Player proxy sent: {"type":"entity_state","version":1,"source":"minecraft","entity_type":"minecraft:player","entity_id":"2b5d33df-ba0f-4e79-993a-835569712da3","stream_id":"713531ef-e23c-4b5f-a07f-bfff2b852dd0","world_id":"mc-cf4dce40-2be1-372b-b914-917f5dcc644c","dimension":"minecraft:overworld","sequence":167,"lifecycle":{"event":"update"},"metadata":{},"position":{"x":-47.06939044676948,"y":71.0,"z":73.40251597298894,"space":"minecraft"},"rotation":{"yaw":287.8501434326172,"pitch":14.549994468688965,"roll":0}}
[08:18:29] [MC7DTD-websocket/INFO]: 7DTD entity received: {"authority":"7dtd","dimension":"7dtd:main","entity_id":"1844a553-9729-44e9-a434-c9a33a617d07","entity_type":"7dtd:player","lifecycle":{"event":"update"},"metadata":{},"origin":{"dimension":"7dtd:main","entity_id":"1844a553-9729-44e9-a434-c9a33a617d07","game":"7dtd","world_id":"td-0d917a4eff776d999148769266591579674d2c42de6557026893a1902834f11f"},"position":{"x":-273.03436279296875,"y":61.07999801635742,"z":446.87322998046875,"space":"minecraft"},"rotation":{"pitch":-10,"roll":0,"yaw":116.91290283203125},"sequence":186,"source":"7dtd","stream_id":"d7a4bfe8-e239-44a6-b23b-2ec527b4cf7e","type":"entity_state","version":2,"world_id":"td-0d917a4eff776d999148769266591579674d2c42de6557026893a1902834f11f","components":{"presentation":{"renderer":"humanoid","model":"survivor","scale":1.0,"variant":"default"}}}
[08:18:29] [MC7DTD-websocket/INFO]: [Presentation] entity=1844a553-9729-44e9-a434-c9a33a617d07 renderer=humanoid model=survivor variant=default scale=1.0
[08:18:30] [Render thread/INFO]: 7DTD proxy updated: id=1844a553-9729-44e9-a434-c9a33a617d07 sequence=186 x=-273.03436279296875 y=61.07999801635742 z=446.87322998046875 yaw=116.91290283203125 pitch=-10.0 roll=0.0
[08:18:30] [MC7DTD-entity-test-send/INFO]: Player proxy sent: {"type":"entity_state","version":1,"source":"minecraft","entity_type":"minecraft:player","entity_id":"2b5d33df-ba0f-4e79-993a-835569712da3","stream_id":"713531ef-e23c-4b5f-a07f-bfff2b852dd0","world_id":"mc-cf4dce40-2be1-372b-b914-917f5dcc644c","dimension":"minecraft:overworld","sequence":168,"lifecycle":{"event":"update"},"metadata":{},"position":{"x":-47.06939044676948,"y":71.0,"z":73.40251597298894,"space":"minecraft"},"rotation":{"yaw":287.8501434326172,"pitch":14.549994468688965,"roll":0}}
[08:18:30] [MC7DTD-websocket/INFO]: 7DTD entity received: {"authority":"7dtd","dimension":"7dtd:main","entity_id":"1844a553-9729-44e9-a434-c9a33a617d07","entity_type":"7dtd:player","lifecycle":{"event":"update"},"metadata":{},"origin":{"dimension":"7dtd:main","entity_id":"1844a553-9729-44e9-a434-c9a33a617d07","game":"7dtd","world_id":"td-0d917a4eff776d999148769266591579674d2c42de6557026893a1902834f11f"},"position":{"x":-273.03436279296875,"y":61.07999801635742,"z":446.87322998046875,"space":"minecraft"},"rotation":{"pitch":-10.375,"roll":0,"yaw":158.78791809082031},"sequence":187,"source":"7dtd","stream_id":"d7a4bfe8-e239-44a6-b23b-2ec527b4cf7e","type":"entity_state","version":2,"world_id":"td-0d917a4eff776d999148769266591579674d2c42de6557026893a1902834f11f","components":{"presentation":{"renderer":"humanoid","model":"survivor","scale":1.0,"variant":"default"}}}
[08:18:30] [MC7DTD-websocket/INFO]: [Presentation] entity=1844a553-9729-44e9-a434-c9a33a617d07 renderer=humanoid model=survivor variant=default scale=1.0
[08:18:30] [Render thread/INFO]: 7DTD proxy updated: id=1844a553-9729-44e9-a434-c9a33a617d07 sequence=187 x=-273.03436279296875 y=61.07999801635742 z=446.87322998046875 yaw=158.7879180908203 pitch=-10.375 roll=0.0
[08:18:30] [MC7DTD-entity-test-send/INFO]: Player proxy sent: {"type":"entity_state","version":1,"source":"minecraft","entity_type":"minecraft:player","entity_id":"2b5d33df-ba0f-4e79-993a-835569712da3","stream_id":"713531ef-e23c-4b5f-a07f-bfff2b852dd0","world_id":"mc-cf4dce40-2be1-372b-b914-917f5dcc644c","dimension":"minecraft:overworld","sequence":169,"lifecycle":{"event":"update"},"metadata":{},"position":{"x":-47.06939044676948,"y":71.0,"z":73.40251597298894,"space":"minecraft"},"rotation":{"yaw":287.8501434326172,"pitch":14.549994468688965,"roll":0}}
[08:18:30] [MC7DTD-websocket/INFO]: 7DTD entity received: {"authority":"7dtd","dimension":"7dtd:main","entity_id":"1844a553-9729-44e9-a434-c9a33a617d07","entity_type":"7dtd:player","lifecycle":{"event":"update"},"metadata":{},"origin":{"dimension":"7dtd:main","entity_id":"1844a553-9729-44e9-a434-c9a33a617d07","game":"7dtd","world_id":"td-0d917a4eff776d999148769266591579674d2c42de6557026893a1902834f11f"},"position":{"x":-273.533935546875,"y":61.07999801635742,"z":446.88677978515625,"space":"minecraft"},"rotation":{"pitch":-11,"roll":0,"yaw":223.78791809082031},"sequence":188,"source":"7dtd","stream_id":"d7a4bfe8-e239-44a6-b23b-2ec527b4cf7e","type":"entity_state","version":2,"world_id":"td-0d917a4eff776d999148769266591579674d2c42de6557026893a1902834f11f","components":{"presentation":{"renderer":"humanoid","model":"survivor","scale":1.0,"variant":"default"}}}
[08:18:30] [MC7DTD-websocket/INFO]: [Presentation] entity=1844a553-9729-44e9-a434-c9a33a617d07 renderer=humanoid model=survivor variant=default scale=1.0
[08:18:30] [Render thread/INFO]: 7DTD proxy updated: id=1844a553-9729-44e9-a434-c9a33a617d07 sequence=188 x=-273.533935546875 y=61.07999801635742 z=446.88677978515625 yaw=223.7879180908203 pitch=-11.0 roll=0.0
[08:18:31] [MC7DTD-entity-test-send/INFO]: Player proxy sent: {"type":"entity_state","version":1,"source":"minecraft","entity_type":"minecraft:player","entity_id":"2b5d33df-ba0f-4e79-993a-835569712da3","stream_id":"713531ef-e23c-4b5f-a07f-bfff2b852dd0","world_id":"mc-cf4dce40-2be1-372b-b914-917f5dcc644c","dimension":"minecraft:overworld","sequence":170,"lifecycle":{"event":"update"},"metadata":{},"position":{"x":-47.06939044676948,"y":71.0,"z":73.40251597298894,"space":"minecraft"},"rotation":{"yaw":287.8501434326172,"pitch":14.549994468688965,"roll":0}}
[08:18:31] [MC7DTD-websocket/INFO]: 7DTD entity received: {"authority":"7dtd","dimension":"7dtd:main","entity_id":"1844a553-9729-44e9-a434-c9a33a617d07","entity_type":"7dtd:player","lifecycle":{"event":"update"},"metadata":{},"origin":{"dimension":"7dtd:main","entity_id":"1844a553-9729-44e9-a434-c9a33a617d07","game":"7dtd","world_id":"td-0d917a4eff776d999148769266591579674d2c42de6557026893a1902834f11f"},"position":{"x":-274.59869384765625,"y":61.07999801635742,"z":446.7148132324219,"space":"minecraft"},"rotation":{"pitch":-10.125,"roll":0,"yaw":286.10039520263672},"sequence":189,"source":"7dtd","stream_id":"d7a4bfe8-e239-44a6-b23b-2ec527b4cf7e","type":"entity_state","version":2,"world_id":"td-0d917a4eff776d999148769266591579674d2c42de6557026893a1902834f11f","components":{"presentation":{"renderer":"humanoid","model":"survivor","scale":1.0,"variant":"default"}}}
[08:18:31] [MC7DTD-websocket/INFO]: [Presentation] entity=1844a553-9729-44e9-a434-c9a33a617d07 renderer=humanoid model=survivor variant=default scale=1.0
[08:18:31] [Render thread/INFO]: 7DTD proxy updated: id=1844a553-9729-44e9-a434-c9a33a617d07 sequence=189 x=-274.59869384765625 y=61.07999801635742 z=446.7148132324219 yaw=286.1003952026367 pitch=-10.125 roll=0.0
[08:18:31] [MC7DTD-entity-test-send/INFO]: Player proxy sent: {"type":"entity_state","version":1,"source":"minecraft","entity_type":"minecraft:player","entity_id":"2b5d33df-ba0f-4e79-993a-835569712da3","stream_id":"713531ef-e23c-4b5f-a07f-bfff2b852dd0","world_id":"mc-cf4dce40-2be1-372b-b914-917f5dcc644c","dimension":"minecraft:overworld","sequence":171,"lifecycle":{"event":"update"},"metadata":{},"position":{"x":-47.06939044676948,"y":71.0,"z":73.40251597298894,"space":"minecraft"},"rotation":{"yaw":287.8501434326172,"pitch":14.549994468688965,"roll":0}}
[08:18:31] [MC7DTD-websocket/INFO]: 7DTD entity received: {"authority":"7dtd","dimension":"7dtd:main","entity_id":"1844a553-9729-44e9-a434-c9a33a617d07","entity_type":"7dtd:player","lifecycle":{"event":"update"},"metadata":{},"origin":{"dimension":"7dtd:main","entity_id":"1844a553-9729-44e9-a434-c9a33a617d07","game":"7dtd","world_id":"td-0d917a4eff776d999148769266591579674d2c42de6557026893a1902834f11f"},"position":{"x":-275.16998291015625,"y":61.07999801635742,"z":447.21990966796875,"space":"minecraft"},"rotation":{"pitch":-10,"roll":0,"yaw":286.72541809082031},"sequence":190,"source":"7dtd","stream_id":"d7a4bfe8-e239-44a6-b23b-2ec527b4cf7e","type":"entity_state","version":2,"world_id":"td-0d917a4eff776d999148769266591579674d2c42de6557026893a1902834f11f","components":{"presentation":{"renderer":"humanoid","model":"survivor","scale":1.0,"variant":"default"}}}
[08:18:31] [MC7DTD-websocket/INFO]: [Presentation] entity=1844a553-9729-44e9-a434-c9a33a617d07 renderer=humanoid model=survivor variant=default scale=1.0
[08:18:31] [Render thread/INFO]: 7DTD proxy updated: id=1844a553-9729-44e9-a434-c9a33a617d07 sequence=190 x=-275.16998291015625 y=61.07999801635742 z=447.21990966796875 yaw=286.7254180908203 pitch=-10.0 roll=0.0
[08:18:32] [MC7DTD-entity-test-send/INFO]: Player proxy sent: {"type":"entity_state","version":1,"source":"minecraft","entity_type":"minecraft:player","entity_id":"2b5d33df-ba0f-4e79-993a-835569712da3","stream_id":"713531ef-e23c-4b5f-a07f-bfff2b852dd0","world_id":"mc-cf4dce40-2be1-372b-b914-917f5dcc644c","dimension":"minecraft:overworld","sequence":172,"lifecycle":{"event":"update"},"metadata":{},"position":{"x":-47.06939044676948,"y":71.0,"z":73.40251597298894,"space":"minecraft"},"rotation":{"yaw":287.8501434326172,"pitch":14.549994468688965,"roll":0}}
[08:18:32] [MC7DTD-websocket/INFO]: 7DTD entity received: {"authority":"7dtd","dimension":"7dtd:main","entity_id":"1844a553-9729-44e9-a434-c9a33a617d07","entity_type":"7dtd:player","lifecycle":{"event":"update"},"metadata":{},"origin":{"dimension":"7dtd:main","entity_id":"1844a553-9729-44e9-a434-c9a33a617d07","game":"7dtd","world_id":"td-0d917a4eff776d999148769266591579674d2c42de6557026893a1902834f11f"},"position":{"x":-274.7507019042969,"y":61.08000183105469,"z":446.91094970703125,"space":"minecraft"},"rotation":{"pitch":-9,"roll":0,"yaw":323.53792190551758},"sequence":191,"source":"7dtd","stream_id":"d7a4bfe8-e239-44a6-b23b-2ec527b4cf7e","type":"entity_state","version":2,"world_id":"td-0d917a4eff776d999148769266591579674d2c42de6557026893a1902834f11f","components":{"presentation":{"renderer":"humanoid","model":"survivor","scale":1.0,"variant":"default"}}}
[08:18:32] [MC7DTD-websocket/INFO]: [Presentation] entity=1844a553-9729-44e9-a434-c9a33a617d07 renderer=humanoid model=survivor variant=default scale=1.0
[08:18:32] [Render thread/INFO]: 7DTD proxy updated: id=1844a553-9729-44e9-a434-c9a33a617d07 sequence=191 x=-274.7507019042969 y=61.08000183105469 z=446.91094970703125 yaw=323.5379219055176 pitch=-9.0 roll=0.0
[08:18:32] [MC7DTD-entity-test-send/INFO]: Player proxy sent: {"type":"entity_state","version":1,"source":"minecraft","entity_type":"minecraft:player","entity_id":"2b5d33df-ba0f-4e79-993a-835569712da3","stream_id":"713531ef-e23c-4b5f-a07f-bfff2b852dd0","world_id":"mc-cf4dce40-2be1-372b-b914-917f5dcc644c","dimension":"minecraft:overworld","sequence":173,"lifecycle":{"event":"update"},"metadata":{},"position":{"x":-47.06939044676948,"y":71.0,"z":73.40251597298894,"space":"minecraft"},"rotation":{"yaw":287.8501434326172,"pitch":14.549994468688965,"roll":0}}
[08:18:32] [MC7DTD-websocket/INFO]: 7DTD entity received: {"authority":"7dtd","dimension":"7dtd:main","entity_id":"1844a553-9729-44e9-a434-c9a33a617d07","entity_type":"7dtd:player","lifecycle":{"event":"update"},"metadata":{},"origin":{"dimension":"7dtd:main","entity_id":"1844a553-9729-44e9-a434-c9a33a617d07","game":"7dtd","world_id":"td-0d917a4eff776d999148769266591579674d2c42de6557026893a1902834f11f"},"position":{"x":-274.0190734863281,"y":61.07999801635742,"z":447.6531066894531,"space":"minecraft"},"rotation":{"pitch":-12,"roll":0,"yaw":247.22541046142578},"sequence":192,"source":"7dtd","stream_id":"d7a4bfe8-e239-44a6-b23b-2ec527b4cf7e","type":"entity_state","version":2,"world_id":"td-0d917a4eff776d999148769266591579674d2c42de6557026893a1902834f11f","components":{"presentation":{"renderer":"humanoid","model":"survivor","scale":1.0,"variant":"default"}}}
[08:18:32] [MC7DTD-websocket/INFO]: [Presentation] entity=1844a553-9729-44e9-a434-c9a33a617d07 renderer=humanoid model=survivor variant=default scale=1.0
[08:18:33] [Render thread/INFO]: 7DTD proxy updated: id=1844a553-9729-44e9-a434-c9a33a617d07 sequence=192 x=-274.0190734863281 y=61.07999801635742 z=447.6531066894531 yaw=247.22541046142578 pitch=-12.0 roll=0.0
[08:18:33] [MC7DTD-entity-test-send/INFO]: Player proxy sent: {"type":"entity_state","version":1,"source":"minecraft","entity_type":"minecraft:player","entity_id":"2b5d33df-ba0f-4e79-993a-835569712da3","stream_id":"713531ef-e23c-4b5f-a07f-bfff2b852dd0","world_id":"mc-cf4dce40-2be1-372b-b914-917f5dcc644c","dimension":"minecraft:overworld","sequence":174,"lifecycle":{"event":"update"},"metadata":{},"position":{"x":-47.06939044676948,"y":71.0,"z":73.40251597298894,"space":"minecraft"},"rotation":{"yaw":287.8501434326172,"pitch":14.549994468688965,"roll":0}}
[08:18:33] [MC7DTD-websocket/INFO]: 7DTD entity received: {"authority":"7dtd","dimension":"7dtd:main","entity_id":"1844a553-9729-44e9-a434-c9a33a617d07","entity_type":"7dtd:player","lifecycle":{"event":"update"},"metadata":{},"origin":{"dimension":"7dtd:main","entity_id":"1844a553-9729-44e9-a434-c9a33a617d07","game":"7dtd","world_id":"td-0d917a4eff776d999148769266591579674d2c42de6557026893a1902834f11f"},"position":{"x":-273.98870849609375,"y":61.07999801635742,"z":447.6858215332031,"space":"minecraft"},"rotation":{"pitch":-11.8125,"roll":0,"yaw":161.03790283203125},"sequence":193,"source":"7dtd","stream_id":"d7a4bfe8-e239-44a6-b23b-2ec527b4cf7e","type":"entity_state","version":2,"world_id":"td-0d917a4eff776d999148769266591579674d2c42de6557026893a1902834f11f","components":{"presentation":{"renderer":"humanoid","model":"survivor","scale":1.0,"variant":"default"}}}
[08:18:33] [MC7DTD-websocket/INFO]: [Presentation] entity=1844a553-9729-44e9-a434-c9a33a617d07 renderer=humanoid model=survivor variant=default scale=1.0
[08:18:33] [Render thread/INFO]: 7DTD proxy updated: id=1844a553-9729-44e9-a434-c9a33a617d07 sequence=193 x=-273.98870849609375 y=61.07999801635742 z=447.6858215332031 yaw=161.03790283203125 pitch=-11.8125 roll=0.0
[08:18:33] [MC7DTD-entity-test-send/INFO]: Player proxy sent: {"type":"entity_state","version":1,"source":"minecraft","entity_type":"minecraft:player","entity_id":"2b5d33df-ba0f-4e79-993a-835569712da3","stream_id":"713531ef-e23c-4b5f-a07f-bfff2b852dd0","world_id":"mc-cf4dce40-2be1-372b-b914-917f5dcc644c","dimension":"minecraft:overworld","sequence":175,"lifecycle":{"event":"update"},"metadata":{},"position":{"x":-47.06939044676948,"y":71.0,"z":73.40251597298894,"space":"minecraft"},"rotation":{"yaw":287.8501434326172,"pitch":14.549994468688965,"roll":0}}
[08:18:33] [MC7DTD-websocket/INFO]: 7DTD entity received: {"authority":"7dtd","dimension":"7dtd:main","entity_id":"1844a553-9729-44e9-a434-c9a33a617d07","entity_type":"7dtd:player","lifecycle":{"event":"update"},"metadata":{},"origin":{"dimension":"7dtd:main","entity_id":"1844a553-9729-44e9-a434-c9a33a617d07","game":"7dtd","world_id":"td-0d917a4eff776d999148769266591579674d2c42de6557026893a1902834f11f"},"position":{"x":-273.98870849609375,"y":61.07999801635742,"z":447.6858215332031,"space":"minecraft"},"rotation":{"pitch":-11.25,"roll":0,"yaw":152.22541809082031},"sequence":194,"source":"7dtd","stream_id":"d7a4bfe8-e239-44a6-b23b-2ec527b4cf7e","type":"entity_state","version":2,"world_id":"td-0d917a4eff776d999148769266591579674d2c42de6557026893a1902834f11f","components":{"presentation":{"renderer":"humanoid","model":"survivor","scale":1.0,"variant":"default"}}}
[08:18:33] [MC7DTD-websocket/INFO]: [Presentation] entity=1844a553-9729-44e9-a434-c9a33a617d07 renderer=humanoid model=survivor variant=default scale=1.0
[08:18:33] [Render thread/INFO]: 7DTD proxy updated: id=1844a553-9729-44e9-a434-c9a33a617d07 sequence=194 x=-273.98870849609375 y=61.07999801635742 z=447.6858215332031 yaw=152.2254180908203 pitch=-11.25 roll=0.0
[08:18:34] [MC7DTD-entity-test-send/INFO]: Player proxy sent: {"type":"entity_state","version":1,"source":"minecraft","entity_type":"minecraft:player","entity_id":"2b5d33df-ba0f-4e79-993a-835569712da3","stream_id":"713531ef-e23c-4b5f-a07f-bfff2b852dd0","world_id":"mc-cf4dce40-2be1-372b-b914-917f5dcc644c","dimension":"minecraft:overworld","sequence":176,"lifecycle":{"event":"update"},"metadata":{},"position":{"x":-47.06939044676948,"y":71.0,"z":73.40251597298894,"space":"minecraft"},"rotation":{"yaw":287.8501434326172,"pitch":14.549994468688965,"roll":0}}
[08:18:34] [MC7DTD-websocket/INFO]: 7DTD entity received: {"authority":"7dtd","dimension":"7dtd:main","entity_id":"1844a553-9729-44e9-a434-c9a33a617d07","entity_type":"7dtd:player","lifecycle":{"event":"update"},"metadata":{},"origin":{"dimension":"7dtd:main","entity_id":"1844a553-9729-44e9-a434-c9a33a617d07","game":"7dtd","world_id":"td-0d917a4eff776d999148769266591579674d2c42de6557026893a1902834f11f"},"position":{"x":-273.98162841796875,"y":61.07999801635742,"z":447.6558837890625,"space":"minecraft"},"rotation":{"pitch":-12,"roll":0,"yaw":103.28790283203125},"sequence":195,"source":"7dtd","stream_id":"d7a4bfe8-e239-44a6-b23b-2ec527b4cf7e","type":"entity_state","version":2,"world_id":"td-0d917a4eff776d999148769266591579674d2c42de6557026893a1902834f11f","components":{"presentation":{"renderer":"humanoid","model":"survivor","scale":1.0,"variant":"default"}}}
[08:18:34] [MC7DTD-websocket/INFO]: [Presentation] entity=1844a553-9729-44e9-a434-c9a33a617d07 renderer=humanoid model=survivor variant=default scale=1.0
[08:18:34] [Render thread/INFO]: 7DTD proxy updated: id=1844a553-9729-44e9-a434-c9a33a617d07 sequence=195 x=-273.98162841796875 y=61.07999801635742 z=447.6558837890625 yaw=103.28790283203125 pitch=-12.0 roll=0.0
[08:18:34] [MC7DTD-entity-test-send/INFO]: Player proxy sent: {"type":"entity_state","version":1,"source":"minecraft","entity_type":"minecraft:player","entity_id":"2b5d33df-ba0f-4e79-993a-835569712da3","stream_id":"713531ef-e23c-4b5f-a07f-bfff2b852dd0","world_id":"mc-cf4dce40-2be1-372b-b914-917f5dcc644c","dimension":"minecraft:overworld","sequence":177,"lifecycle":{"event":"update"},"metadata":{},"position":{"x":-47.06939044676948,"y":71.0,"z":73.40251597298894,"space":"minecraft"},"rotation":{"yaw":287.8501434326172,"pitch":14.549994468688965,"roll":0}}
[08:18:35] [MC7DTD-websocket/INFO]: 7DTD entity received: {"authority":"7dtd","dimension":"7dtd:main","entity_id":"1844a553-9729-44e9-a434-c9a33a617d07","entity_type":"7dtd:player","lifecycle":{"event":"update"},"metadata":{},"origin":{"dimension":"7dtd:main","entity_id":"1844a553-9729-44e9-a434-c9a33a617d07","game":"7dtd","world_id":"td-0d917a4eff776d999148769266591579674d2c42de6557026893a1902834f11f"},"position":{"x":-274.0814514160156,"y":61.07999801635742,"z":446.737060546875,"space":"minecraft"},"rotation":{"pitch":-16.625,"roll":0,"yaw":41.41290283203125},"sequence":196,"source":"7dtd","stream_id":"d7a4bfe8-e239-44a6-b23b-2ec527b4cf7e","type":"entity_state","version":2,"world_id":"td-0d917a4eff776d999148769266591579674d2c42de6557026893a1902834f11f","components":{"presentation":{"renderer":"humanoid","model":"survivor","scale":1.0,"variant":"default"}}}
[08:18:35] [MC7DTD-websocket/INFO]: [Presentation] entity=1844a553-9729-44e9-a434-c9a33a617d07 renderer=humanoid model=survivor variant=default scale=1.0
[08:18:35] [Render thread/INFO]: 7DTD proxy updated: id=1844a553-9729-44e9-a434-c9a33a617d07 sequence=196 x=-274.0814514160156 y=61.07999801635742 z=446.737060546875 yaw=41.41290283203125 pitch=-16.625 roll=0.0
[08:18:35] [MC7DTD-entity-test-send/INFO]: Player proxy sent: {"type":"entity_state","version":1,"source":"minecraft","entity_type":"minecraft:player","entity_id":"2b5d33df-ba0f-4e79-993a-835569712da3","stream_id":"713531ef-e23c-4b5f-a07f-bfff2b852dd0","world_id":"mc-cf4dce40-2be1-372b-b914-917f5dcc644c","dimension":"minecraft:overworld","sequence":178,"lifecycle":{"event":"update"},"metadata":{},"position":{"x":-47.06939044676948,"y":71.0,"z":73.40251597298894,"space":"minecraft"},"rotation":{"yaw":287.8501434326172,"pitch":14.549994468688965,"roll":0}}
[08:18:35] [MC7DTD-websocket/INFO]: 7DTD entity received: {"authority":"7dtd","dimension":"7dtd:main","entity_id":"1844a553-9729-44e9-a434-c9a33a617d07","entity_type":"7dtd:player","lifecycle":{"event":"update"},"metadata":{},"origin":{"dimension":"7dtd:main","entity_id":"1844a553-9729-44e9-a434-c9a33a617d07","game":"7dtd","world_id":"td-0d917a4eff776d999148769266591579674d2c42de6557026893a1902834f11f"},"position":{"x":-273.4374084472656,"y":61.07999801635742,"z":447.24737548828125,"space":"minecraft"},"rotation":{"pitch":-16.75,"roll":0,"yaw":38.78790283203125},"sequence":197,"source":"7dtd","stream_id":"d7a4bfe8-e239-44a6-b23b-2ec527b4cf7e","type":"entity_state","version":2,"world_id":"td-0d917a4eff776d999148769266591579674d2c42de6557026893a1902834f11f","components":{"presentation":{"renderer":"humanoid","model":"survivor","scale":1.0,"variant":"default"}}}
[08:18:35] [MC7DTD-websocket/INFO]: [Presentation] entity=1844a553-9729-44e9-a434-c9a33a617d07 renderer=humanoid model=survivor variant=default scale=1.0
[08:18:35] [Render thread/INFO]: 7DTD proxy updated: id=1844a553-9729-44e9-a434-c9a33a617d07 sequence=197 x=-273.4374084472656 y=61.07999801635742 z=447.24737548828125 yaw=38.78790283203125 pitch=-16.75 roll=0.0
[08:18:35] [MC7DTD-entity-test-send/INFO]: Player proxy sent: {"type":"entity_state","version":1,"source":"minecraft","entity_type":"minecraft:player","entity_id":"2b5d33df-ba0f-4e79-993a-835569712da3","stream_id":"713531ef-e23c-4b5f-a07f-bfff2b852dd0","world_id":"mc-cf4dce40-2be1-372b-b914-917f5dcc644c","dimension":"minecraft:overworld","sequence":179,"lifecycle":{"event":"update"},"metadata":{},"position":{"x":-47.06939044676948,"y":71.0,"z":73.40251597298894,"space":"minecraft"},"rotation":{"yaw":287.8501434326172,"pitch":14.549994468688965,"roll":0}}
[08:18:35] [MC7DTD-websocket/INFO]: 7DTD entity received: {"authority":"7dtd","dimension":"7dtd:main","entity_id":"1844a553-9729-44e9-a434-c9a33a617d07","entity_type":"7dtd:player","lifecycle":{"event":"update"},"metadata":{},"origin":{"dimension":"7dtd:main","entity_id":"1844a553-9729-44e9-a434-c9a33a617d07","game":"7dtd","world_id":"td-0d917a4eff776d999148769266591579674d2c42de6557026893a1902834f11f"},"position":{"x":-273.1689453125,"y":61.08000183105469,"z":448.3932189941406,"space":"minecraft"},"rotation":{"pitch":-15.8125,"roll":0,"yaw":44.72540283203125},"sequence":198,"source":"7dtd","stream_id":"d7a4bfe8-e239-44a6-b23b-2ec527b4cf7e","type":"entity_state","version":2,"world_id":"td-0d917a4eff776d999148769266591579674d2c42de6557026893a1902834f11f","components":{"presentation":{"renderer":"humanoid","model":"survivor","scale":1.0,"variant":"default"}}}
[08:18:35] [MC7DTD-websocket/INFO]: [Presentation] entity=1844a553-9729-44e9-a434-c9a33a617d07 renderer=humanoid model=survivor variant=default scale=1.0
[08:18:36] [Render thread/INFO]: 7DTD proxy updated: id=1844a553-9729-44e9-a434-c9a33a617d07 sequence=198 x=-273.1689453125 y=61.08000183105469 z=448.3932189941406 yaw=44.72540283203125 pitch=-15.8125 roll=0.0
[08:18:36] [MC7DTD-websocket/INFO]: 7DTD entity received: {"authority":"7dtd","dimension":"7dtd:main","entity_id":"1844a553-9729-44e9-a434-c9a33a617d07","entity_type":"7dtd:player","lifecycle":{"event":"update"},"metadata":{},"origin":{"dimension":"7dtd:main","entity_id":"1844a553-9729-44e9-a434-c9a33a617d07","game":"7dtd","world_id":"td-0d917a4eff776d999148769266591579674d2c42de6557026893a1902834f11f"},"position":{"x":-273.24359130859375,"y":61.07999801635742,"z":447.72723388671875,"space":"minecraft"},"rotation":{"pitch":-15.8125,"roll":0,"yaw":91.35040283203125},"sequence":199,"source":"7dtd","stream_id":"d7a4bfe8-e239-44a6-b23b-2ec527b4cf7e","type":"entity_state","version":2,"world_id":"td-0d917a4eff776d999148769266591579674d2c42de6557026893a1902834f11f","components":{"presentation":{"renderer":"humanoid","model":"survivor","scale":1.0,"variant":"default"}}}
[08:18:36] [MC7DTD-websocket/INFO]: [Presentation] entity=1844a553-9729-44e9-a434-c9a33a617d07 renderer=humanoid model=survivor variant=default scale=1.0
[08:18:36] [Render thread/INFO]: 7DTD proxy updated: id=1844a553-9729-44e9-a434-c9a33a617d07 sequence=199 x=-273.24359130859375 y=61.07999801635742 z=447.72723388671875 yaw=91.35040283203125 pitch=-15.8125 roll=0.0
[08:18:36] [MC7DTD-entity-test-send/INFO]: Player proxy sent: {"type":"entity_state","version":1,"source":"minecraft","entity_type":"minecraft:player","entity_id":"2b5d33df-ba0f-4e79-993a-835569712da3","stream_id":"713531ef-e23c-4b5f-a07f-bfff2b852dd0","world_id":"mc-cf4dce40-2be1-372b-b914-917f5dcc644c","dimension":"minecraft:overworld","sequence":180,"lifecycle":{"event":"update"},"metadata":{},"position":{"x":-47.06939044676948,"y":71.0,"z":73.40251597298894,"space":"minecraft"},"rotation":{"yaw":287.8501434326172,"pitch":14.549994468688965,"roll":0}}
[08:18:37] [MC7DTD-websocket/INFO]: 7DTD entity received: {"authority":"7dtd","dimension":"7dtd:main","entity_id":"1844a553-9729-44e9-a434-c9a33a617d07","entity_type":"7dtd:player","lifecycle":{"event":"update"},"metadata":{},"origin":{"dimension":"7dtd:main","entity_id":"1844a553-9729-44e9-a434-c9a33a617d07","game":"7dtd","world_id":"td-0d917a4eff776d999148769266591579674d2c42de6557026893a1902834f11f"},"position":{"x":-273.27911376953125,"y":61.08000183105469,"z":447.337158203125,"space":"minecraft"},"rotation":{"pitch":-11.8125,"roll":0,"yaw":110.03790283203125},"sequence":200,"source":"7dtd","stream_id":"d7a4bfe8-e239-44a6-b23b-2ec527b4cf7e","type":"entity_state","version":2,"world_id":"td-0d917a4eff776d999148769266591579674d2c42de6557026893a1902834f11f","components":{"presentation":{"renderer":"humanoid","model":"survivor","scale":1.0,"variant":"default"}}}
[08:18:37] [MC7DTD-websocket/INFO]: [Presentation] entity=1844a553-9729-44e9-a434-c9a33a617d07 renderer=humanoid model=survivor variant=default scale=1.0
[08:18:37] [MC7DTD-entity-test-send/INFO]: Player proxy sent: {"type":"entity_state","version":1,"source":"minecraft","entity_type":"minecraft:player","entity_id":"2b5d33df-ba0f-4e79-993a-835569712da3","stream_id":"713531ef-e23c-4b5f-a07f-bfff2b852dd0","world_id":"mc-cf4dce40-2be1-372b-b914-917f5dcc644c","dimension":"minecraft:overworld","sequence":181,"lifecycle":{"event":"update"},"metadata":{},"position":{"x":-47.06939044676948,"y":71.0,"z":73.40251597298894,"space":"minecraft"},"rotation":{"yaw":287.8501434326172,"pitch":14.549994468688965,"roll":0}}
[08:18:37] [Render thread/INFO]: 7DTD proxy updated: id=1844a553-9729-44e9-a434-c9a33a617d07 sequence=200 x=-273.27911376953125 y=61.08000183105469 z=447.337158203125 yaw=110.03790283203125 pitch=-11.8125 roll=0.0
[08:18:37] [MC7DTD-websocket/INFO]: 7DTD entity received: {"authority":"7dtd","dimension":"7dtd:main","entity_id":"1844a553-9729-44e9-a434-c9a33a617d07","entity_type":"7dtd:player","lifecycle":{"event":"update"},"metadata":{},"origin":{"dimension":"7dtd:main","entity_id":"1844a553-9729-44e9-a434-c9a33a617d07","game":"7dtd","world_id":"td-0d917a4eff776d999148769266591579674d2c42de6557026893a1902834f11f"},"position":{"x":-273.3487243652344,"y":61.07999801635742,"z":447.5339050292969,"space":"minecraft"},"rotation":{"pitch":-2.875,"roll":0,"yaw":113.03790283203125},"sequence":201,"source":"7dtd","stream_id":"d7a4bfe8-e239-44a6-b23b-2ec527b4cf7e","type":"entity_state","version":2,"world_id":"td-0d917a4eff776d999148769266591579674d2c42de6557026893a1902834f11f","components":{"presentation":{"renderer":"humanoid","model":"survivor","scale":1.0,"variant":"default"}}}
[08:18:37] [MC7DTD-websocket/INFO]: [Presentation] entity=1844a553-9729-44e9-a434-c9a33a617d07 renderer=humanoid model=survivor variant=default scale=1.0
[08:18:37] [Render thread/INFO]: 7DTD proxy updated: id=1844a553-9729-44e9-a434-c9a33a617d07 sequence=201 x=-273.3487243652344 y=61.07999801635742 z=447.5339050292969 yaw=113.03790283203125 pitch=-2.875 roll=0.0
[08:18:37] [MC7DTD-entity-test-send/INFO]: Player proxy sent: {"type":"entity_state","version":1,"source":"minecraft","entity_type":"minecraft:player","entity_id":"2b5d33df-ba0f-4e79-993a-835569712da3","stream_id":"713531ef-e23c-4b5f-a07f-bfff2b852dd0","world_id":"mc-cf4dce40-2be1-372b-b914-917f5dcc644c","dimension":"minecraft:overworld","sequence":182,"lifecycle":{"event":"update"},"metadata":{},"position":{"x":-47.06939044676948,"y":71.0,"z":73.40251597298894,"space":"minecraft"},"rotation":{"yaw":287.8501434326172,"pitch":14.549994468688965,"roll":0}}
[08:18:37] [MC7DTD-websocket/INFO]: 7DTD entity received: {"authority":"7dtd","dimension":"7dtd:main","entity_id":"1844a553-9729-44e9-a434-c9a33a617d07","entity_type":"7dtd:player","lifecycle":{"event":"update"},"metadata":{},"origin":{"dimension":"7dtd:main","entity_id":"1844a553-9729-44e9-a434-c9a33a617d07","game":"7dtd","world_id":"td-0d917a4eff776d999148769266591579674d2c42de6557026893a1902834f11f"},"position":{"x":-273.3487243652344,"y":61.07999801635742,"z":447.5339050292969,"space":"minecraft"},"rotation":{"pitch":-2.375,"roll":0,"yaw":113.41290283203125},"sequence":202,"source":"7dtd","stream_id":"d7a4bfe8-e239-44a6-b23b-2ec527b4cf7e","type":"entity_state","version":2,"world_id":"td-0d917a4eff776d999148769266591579674d2c42de6557026893a1902834f11f","components":{"presentation":{"renderer":"humanoid","model":"survivor","scale":1.0,"variant":"default"}}}
[08:18:37] [MC7DTD-websocket/INFO]: [Presentation] entity=1844a553-9729-44e9-a434-c9a33a617d07 renderer=humanoid model=survivor variant=default scale=1.0
[08:18:38] [Render thread/INFO]: 7DTD proxy updated: id=1844a553-9729-44e9-a434-c9a33a617d07 sequence=202 x=-273.3487243652344 y=61.07999801635742 z=447.5339050292969 yaw=113.41290283203125 pitch=-2.375 roll=0.0
[08:18:38] [MC7DTD-entity-test-send/INFO]: Player proxy sent: {"type":"entity_state","version":1,"source":"minecraft","entity_type":"minecraft:player","entity_id":"2b5d33df-ba0f-4e79-993a-835569712da3","stream_id":"713531ef-e23c-4b5f-a07f-bfff2b852dd0","world_id":"mc-cf4dce40-2be1-372b-b914-917f5dcc644c","dimension":"minecraft:overworld","sequence":183,"lifecycle":{"event":"update"},"metadata":{},"position":{"x":-47.06939044676948,"y":71.0,"z":73.40251597298894,"space":"minecraft"},"rotation":{"yaw":287.8501434326172,"pitch":14.549994468688965,"roll":0}}
[08:18:38] [MC7DTD-websocket/INFO]: 7DTD entity received: {"authority":"7dtd","dimension":"7dtd:main","entity_id":"1844a553-9729-44e9-a434-c9a33a617d07","entity_type":"7dtd:player","lifecycle":{"event":"update"},"metadata":{},"origin":{"dimension":"7dtd:main","entity_id":"1844a553-9729-44e9-a434-c9a33a617d07","game":"7dtd","world_id":"td-0d917a4eff776d999148769266591579674d2c42de6557026893a1902834f11f"},"position":{"x":-273.3487243652344,"y":61.07999801635742,"z":447.5339050292969,"space":"minecraft"},"rotation":{"pitch":-2.375,"roll":0,"yaw":113.41290283203125},"sequence":203,"source":"7dtd","stream_id":"d7a4bfe8-e239-44a6-b23b-2ec527b4cf7e","type":"entity_state","version":2,"world_id":"td-0d917a4eff776d999148769266591579674d2c42de6557026893a1902834f11f","components":{"presentation":{"renderer":"humanoid","model":"survivor","scale":1.0,"variant":"default"}}}
[08:18:38] [MC7DTD-websocket/INFO]: [Presentation] entity=1844a553-9729-44e9-a434-c9a33a617d07 renderer=humanoid model=survivor variant=default scale=1.0
[08:18:38] [Render thread/INFO]: 7DTD proxy updated: id=1844a553-9729-44e9-a434-c9a33a617d07 sequence=203 x=-273.3487243652344 y=61.07999801635742 z=447.5339050292969 yaw=113.41290283203125 pitch=-2.375 roll=0.0
[08:18:38] [MC7DTD-entity-test-send/INFO]: Player proxy sent: {"type":"entity_state","version":1,"source":"minecraft","entity_type":"minecraft:player","entity_id":"2b5d33df-ba0f-4e79-993a-835569712da3","stream_id":"713531ef-e23c-4b5f-a07f-bfff2b852dd0","world_id":"mc-cf4dce40-2be1-372b-b914-917f5dcc644c","dimension":"minecraft:overworld","sequence":184,"lifecycle":{"event":"update"},"metadata":{},"position":{"x":-47.06939044676948,"y":71.0,"z":73.40251597298894,"space":"minecraft"},"rotation":{"yaw":287.8501434326172,"pitch":14.549994468688965,"roll":0}}
[08:18:38] [MC7DTD-websocket/INFO]: 7DTD entity received: {"authority":"7dtd","dimension":"7dtd:main","entity_id":"1844a553-9729-44e9-a434-c9a33a617d07","entity_type":"7dtd:player","lifecycle":{"event":"update"},"metadata":{},"origin":{"dimension":"7dtd:main","entity_id":"1844a553-9729-44e9-a434-c9a33a617d07","game":"7dtd","world_id":"td-0d917a4eff776d999148769266591579674d2c42de6557026893a1902834f11f"},"position":{"x":-273.3487243652344,"y":61.07999801635742,"z":447.5339050292969,"space":"minecraft"},"rotation":{"pitch":-2.375,"roll":0,"yaw":113.41290283203125},"sequence":204,"source":"7dtd","stream_id":"d7a4bfe8-e239-44a6-b23b-2ec527b4cf7e","type":"entity_state","version":2,"world_id":"td-0d917a4eff776d999148769266591579674d2c42de6557026893a1902834f11f","components":{"presentation":{"renderer":"humanoid","model":"survivor","scale":1.0,"variant":"default"}}}
[08:18:38] [MC7DTD-websocket/INFO]: [Presentation] entity=1844a553-9729-44e9-a434-c9a33a617d07 renderer=humanoid model=survivor variant=default scale=1.0
[08:18:39] [Render thread/INFO]: 7DTD proxy updated: id=1844a553-9729-44e9-a434-c9a33a617d07 sequence=204 x=-273.3487243652344 y=61.07999801635742 z=447.5339050292969 yaw=113.41290283203125 pitch=-2.375 roll=0.0
[08:18:39] [MC7DTD-entity-test-send/INFO]: Player proxy sent: {"type":"entity_state","version":1,"source":"minecraft","entity_type":"minecraft:player","entity_id":"2b5d33df-ba0f-4e79-993a-835569712da3","stream_id":"713531ef-e23c-4b5f-a07f-bfff2b852dd0","world_id":"mc-cf4dce40-2be1-372b-b914-917f5dcc644c","dimension":"minecraft:overworld","sequence":185,"lifecycle":{"event":"update"},"metadata":{},"position":{"x":-47.06939044676948,"y":71.0,"z":73.40251597298894,"space":"minecraft"},"rotation":{"yaw":287.8501434326172,"pitch":14.549994468688965,"roll":0}}
[08:18:39] [MC7DTD-websocket/INFO]: 7DTD entity received: {"authority":"7dtd","dimension":"7dtd:main","entity_id":"1844a553-9729-44e9-a434-c9a33a617d07","entity_type":"7dtd:player","lifecycle":{"event":"update"},"metadata":{},"origin":{"dimension":"7dtd:main","entity_id":"1844a553-9729-44e9-a434-c9a33a617d07","game":"7dtd","world_id":"td-0d917a4eff776d999148769266591579674d2c42de6557026893a1902834f11f"},"position":{"x":-273.3487243652344,"y":61.07999801635742,"z":447.5339050292969,"space":"minecraft"},"rotation":{"pitch":-2.375,"roll":0,"yaw":113.41290283203125},"sequence":205,"source":"7dtd","stream_id":"d7a4bfe8-e239-44a6-b23b-2ec527b4cf7e","type":"entity_state","version":2,"world_id":"td-0d917a4eff776d999148769266591579674d2c42de6557026893a1902834f11f","components":{"presentation":{"renderer":"humanoid","model":"survivor","scale":1.0,"variant":"default"}}}
[08:18:39] [MC7DTD-websocket/INFO]: [Presentation] entity=1844a553-9729-44e9-a434-c9a33a617d07 renderer=humanoid model=survivor variant=default scale=1.0
[08:18:39] [Render thread/INFO]: 7DTD proxy updated: id=1844a553-9729-44e9-a434-c9a33a617d07 sequence=205 x=-273.3487243652344 y=61.07999801635742 z=447.5339050292969 yaw=113.41290283203125 pitch=-2.375 roll=0.0
[08:18:39] [MC7DTD-entity-test-send/INFO]: Player proxy sent: {"type":"entity_state","version":1,"source":"minecraft","entity_type":"minecraft:player","entity_id":"2b5d33df-ba0f-4e79-993a-835569712da3","stream_id":"713531ef-e23c-4b5f-a07f-bfff2b852dd0","world_id":"mc-cf4dce40-2be1-372b-b914-917f5dcc644c","dimension":"minecraft:overworld","sequence":186,"lifecycle":{"event":"update"},"metadata":{},"position":{"x":-47.06939044676948,"y":71.0,"z":73.40251597298894,"space":"minecraft"},"rotation":{"yaw":287.8501434326172,"pitch":14.549994468688965,"roll":0}}
[08:18:40] [MC7DTD-websocket/INFO]: 7DTD entity received: {"authority":"7dtd","dimension":"7dtd:main","entity_id":"1844a553-9729-44e9-a434-c9a33a617d07","entity_type":"7dtd:player","lifecycle":{"event":"update"},"metadata":{},"origin":{"dimension":"7dtd:main","entity_id":"1844a553-9729-44e9-a434-c9a33a617d07","game":"7dtd","world_id":"td-0d917a4eff776d999148769266591579674d2c42de6557026893a1902834f11f"},"position":{"x":-273.3487243652344,"y":61.07999801635742,"z":447.5339050292969,"space":"minecraft"},"rotation":{"pitch":-2.375,"roll":0,"yaw":113.41290283203125},"sequence":206,"source":"7dtd","stream_id":"d7a4bfe8-e239-44a6-b23b-2ec527b4cf7e","type":"entity_state","version":2,"world_id":"td-0d917a4eff776d999148769266591579674d2c42de6557026893a1902834f11f","components":{"presentation":{"renderer":"humanoid","model":"survivor","scale":1.0,"variant":"default"}}}
[08:18:40] [MC7DTD-websocket/INFO]: [Presentation] entity=1844a553-9729-44e9-a434-c9a33a617d07 renderer=humanoid model=survivor variant=default scale=1.0
[08:18:40] [Render thread/INFO]: 7DTD proxy updated: id=1844a553-9729-44e9-a434-c9a33a617d07 sequence=206 x=-273.3487243652344 y=61.07999801635742 z=447.5339050292969 yaw=113.41290283203125 pitch=-2.375 roll=0.0
[08:18:40] [MC7DTD-entity-test-send/INFO]: Player proxy sent: {"type":"entity_state","version":1,"source":"minecraft","entity_type":"minecraft:player","entity_id":"2b5d33df-ba0f-4e79-993a-835569712da3","stream_id":"713531ef-e23c-4b5f-a07f-bfff2b852dd0","world_id":"mc-cf4dce40-2be1-372b-b914-917f5dcc644c","dimension":"minecraft:overworld","sequence":187,"lifecycle":{"event":"update"},"metadata":{},"position":{"x":-47.06939044676948,"y":71.0,"z":73.40251597298894,"space":"minecraft"},"rotation":{"yaw":287.8501434326172,"pitch":14.549994468688965,"roll":0}}
[08:18:40] [MC7DTD-websocket/INFO]: 7DTD entity received: {"authority":"7dtd","dimension":"7dtd:main","entity_id":"1844a553-9729-44e9-a434-c9a33a617d07","entity_type":"7dtd:player","lifecycle":{"event":"update"},"metadata":{},"origin":{"dimension":"7dtd:main","entity_id":"1844a553-9729-44e9-a434-c9a33a617d07","game":"7dtd","world_id":"td-0d917a4eff776d999148769266591579674d2c42de6557026893a1902834f11f"},"position":{"x":-273.3487243652344,"y":61.07999801635742,"z":447.5339050292969,"space":"minecraft"},"rotation":{"pitch":-2.375,"roll":0,"yaw":113.41290283203125},"sequence":207,"source":"7dtd","stream_id":"d7a4bfe8-e239-44a6-b23b-2ec527b4cf7e","type":"entity_state","version":2,"world_id":"td-0d917a4eff776d999148769266591579674d2c42de6557026893a1902834f11f","components":{"presentation":{"renderer":"humanoid","model":"survivor","scale":1.0,"variant":"default"}}}
[08:18:40] [MC7DTD-websocket/INFO]: [Presentation] entity=1844a553-9729-44e9-a434-c9a33a617d07 renderer=humanoid model=survivor variant=default scale=1.0
[08:18:40] [Render thread/INFO]: 7DTD proxy updated: id=1844a553-9729-44e9-a434-c9a33a617d07 sequence=207 x=-273.3487243652344 y=61.07999801635742 z=447.5339050292969 yaw=113.41290283203125 pitch=-2.375 roll=0.0
[08:18:40] [MC7DTD-entity-test-send/INFO]: Player proxy sent: {"type":"entity_state","version":1,"source":"minecraft","entity_type":"minecraft:player","entity_id":"2b5d33df-ba0f-4e79-993a-835569712da3","stream_id":"713531ef-e23c-4b5f-a07f-bfff2b852dd0","world_id":"mc-cf4dce40-2be1-372b-b914-917f5dcc644c","dimension":"minecraft:overworld","sequence":188,"lifecycle":{"event":"update"},"metadata":{},"position":{"x":-47.06939044676948,"y":71.0,"z":73.40251597298894,"space":"minecraft"},"rotation":{"yaw":287.8501434326172,"pitch":14.549994468688965,"roll":0}}
[08:18:41] [MC7DTD-websocket/INFO]: 7DTD entity received: {"authority":"7dtd","dimension":"7dtd:main","entity_id":"1844a553-9729-44e9-a434-c9a33a617d07","entity_type":"7dtd:player","lifecycle":{"event":"update"},"metadata":{},"origin":{"dimension":"7dtd:main","entity_id":"1844a553-9729-44e9-a434-c9a33a617d07","game":"7dtd","world_id":"td-0d917a4eff776d999148769266591579674d2c42de6557026893a1902834f11f"},"position":{"x":-273.3487243652344,"y":61.07999801635742,"z":447.5339050292969,"space":"minecraft"},"rotation":{"pitch":-2.375,"roll":0,"yaw":113.41290283203125},"sequence":208,"source":"7dtd","stream_id":"d7a4bfe8-e239-44a6-b23b-2ec527b4cf7e","type":"entity_state","version":2,"world_id":"td-0d917a4eff776d999148769266591579674d2c42de6557026893a1902834f11f","components":{"presentation":{"renderer":"humanoid","model":"survivor","scale":1.0,"variant":"default"}}}
[08:18:41] [MC7DTD-websocket/INFO]: [Presentation] entity=1844a553-9729-44e9-a434-c9a33a617d07 renderer=humanoid model=survivor variant=default scale=1.0
[08:18:41] [Render thread/INFO]: 7DTD proxy updated: id=1844a553-9729-44e9-a434-c9a33a617d07 sequence=208 x=-273.3487243652344 y=61.07999801635742 z=447.5339050292969 yaw=113.41290283203125 pitch=-2.375 roll=0.0
[08:18:41] [MC7DTD-entity-test-send/INFO]: Player proxy sent: {"type":"entity_state","version":1,"source":"minecraft","entity_type":"minecraft:player","entity_id":"2b5d33df-ba0f-4e79-993a-835569712da3","stream_id":"713531ef-e23c-4b5f-a07f-bfff2b852dd0","world_id":"mc-cf4dce40-2be1-372b-b914-917f5dcc644c","dimension":"minecraft:overworld","sequence":189,"lifecycle":{"event":"update"},"metadata":{},"position":{"x":-47.06939044676948,"y":71.0,"z":73.40251597298894,"space":"minecraft"},"rotation":{"yaw":287.8501434326172,"pitch":14.549994468688965,"roll":0}}
[08:18:41] [MC7DTD-websocket/INFO]: 7DTD entity received: {"authority":"7dtd","dimension":"7dtd:main","entity_id":"1844a553-9729-44e9-a434-c9a33a617d07","entity_type":"7dtd:player","lifecycle":{"event":"update"},"metadata":{},"origin":{"dimension":"7dtd:main","entity_id":"1844a553-9729-44e9-a434-c9a33a617d07","game":"7dtd","world_id":"td-0d917a4eff776d999148769266591579674d2c42de6557026893a1902834f11f"},"position":{"x":-273.3487243652344,"y":61.07999801635742,"z":447.5339050292969,"space":"minecraft"},"rotation":{"pitch":-2.375,"roll":0,"yaw":113.41290283203125},"sequence":209,"source":"7dtd","stream_id":"d7a4bfe8-e239-44a6-b23b-2ec527b4cf7e","type":"entity_state","version":2,"world_id":"td-0d917a4eff776d999148769266591579674d2c42de6557026893a1902834f11f","components":{"presentation":{"renderer":"humanoid","model":"survivor","scale":1.0,"variant":"default"}}}
[08:18:41] [MC7DTD-websocket/INFO]: [Presentation] entity=1844a553-9729-44e9-a434-c9a33a617d07 renderer=humanoid model=survivor variant=default scale=1.0
[08:18:41] [Render thread/INFO]: 7DTD proxy updated: id=1844a553-9729-44e9-a434-c9a33a617d07 sequence=209 x=-273.3487243652344 y=61.07999801635742 z=447.5339050292969 yaw=113.41290283203125 pitch=-2.375 roll=0.0
[08:18:41] [MC7DTD-entity-test-send/INFO]: Player proxy sent: {"type":"entity_state","version":1,"source":"minecraft","entity_type":"minecraft:player","entity_id":"2b5d33df-ba0f-4e79-993a-835569712da3","stream_id":"713531ef-e23c-4b5f-a07f-bfff2b852dd0","world_id":"mc-cf4dce40-2be1-372b-b914-917f5dcc644c","dimension":"minecraft:overworld","sequence":190,"lifecycle":{"event":"update"},"metadata":{},"position":{"x":-47.06939044676948,"y":71.0,"z":73.40251597298894,"space":"minecraft"},"rotation":{"yaw":287.8501434326172,"pitch":14.549994468688965,"roll":0}}
[08:18:42] [MC7DTD-websocket/INFO]: 7DTD entity received: {"authority":"7dtd","dimension":"7dtd:main","entity_id":"1844a553-9729-44e9-a434-c9a33a617d07","entity_type":"7dtd:player","lifecycle":{"event":"update"},"metadata":{},"origin":{"dimension":"7dtd:main","entity_id":"1844a553-9729-44e9-a434-c9a33a617d07","game":"7dtd","world_id":"td-0d917a4eff776d999148769266591579674d2c42de6557026893a1902834f11f"},"position":{"x":-273.3487243652344,"y":61.07999801635742,"z":447.5339050292969,"space":"minecraft"},"rotation":{"pitch":-2.375,"roll":0,"yaw":113.41290283203125},"sequence":210,"source":"7dtd","stream_id":"d7a4bfe8-e239-44a6-b23b-2ec527b4cf7e","type":"entity_state","version":2,"world_id":"td-0d917a4eff776d999148769266591579674d2c42de6557026893a1902834f11f","components":{"presentation":{"renderer":"humanoid","model":"survivor","scale":1.0,"variant":"default"}}}
[08:18:42] [MC7DTD-websocket/INFO]: [Presentation] entity=1844a553-9729-44e9-a434-c9a33a617d07 renderer=humanoid model=survivor variant=default scale=1.0
[08:18:42] [Render thread/INFO]: 7DTD proxy updated: id=1844a553-9729-44e9-a434-c9a33a617d07 sequence=210 x=-273.3487243652344 y=61.07999801635742 z=447.5339050292969 yaw=113.41290283203125 pitch=-2.375 roll=0.0
[08:18:42] [MC7DTD-entity-test-send/INFO]: Player proxy sent: {"type":"entity_state","version":1,"source":"minecraft","entity_type":"minecraft:player","entity_id":"2b5d33df-ba0f-4e79-993a-835569712da3","stream_id":"713531ef-e23c-4b5f-a07f-bfff2b852dd0","world_id":"mc-cf4dce40-2be1-372b-b914-917f5dcc644c","dimension":"minecraft:overworld","sequence":191,"lifecycle":{"event":"update"},"metadata":{},"position":{"x":-47.06939044676948,"y":71.0,"z":73.40251597298894,"space":"minecraft"},"rotation":{"yaw":287.8501434326172,"pitch":14.549994468688965,"roll":0}}
[08:18:42] [MC7DTD-websocket/INFO]: 7DTD entity received: {"authority":"7dtd","dimension":"7dtd:main","entity_id":"1844a553-9729-44e9-a434-c9a33a617d07","entity_type":"7dtd:player","lifecycle":{"event":"update"},"metadata":{},"origin":{"dimension":"7dtd:main","entity_id":"1844a553-9729-44e9-a434-c9a33a617d07","game":"7dtd","world_id":"td-0d917a4eff776d999148769266591579674d2c42de6557026893a1902834f11f"},"position":{"x":-273.3487243652344,"y":61.07999801635742,"z":447.5339050292969,"space":"minecraft"},"rotation":{"pitch":-2.375,"roll":0,"yaw":113.41290283203125},"sequence":211,"source":"7dtd","stream_id":"d7a4bfe8-e239-44a6-b23b-2ec527b4cf7e","type":"entity_state","version":2,"world_id":"td-0d917a4eff776d999148769266591579674d2c42de6557026893a1902834f11f","components":{"presentation":{"renderer":"humanoid","model":"survivor","scale":1.0,"variant":"default"}}}
[08:18:42] [MC7DTD-websocket/INFO]: [Presentation] entity=1844a553-9729-44e9-a434-c9a33a617d07 renderer=humanoid model=survivor variant=default scale=1.0
[08:18:42] [Render thread/INFO]: 7DTD proxy updated: id=1844a553-9729-44e9-a434-c9a33a617d07 sequence=211 x=-273.3487243652344 y=61.07999801635742 z=447.5339050292969 yaw=113.41290283203125 pitch=-2.375 roll=0.0
[08:18:42] [MC7DTD-entity-test-send/INFO]: Player proxy sent: {"type":"entity_state","version":1,"source":"minecraft","entity_type":"minecraft:player","entity_id":"2b5d33df-ba0f-4e79-993a-835569712da3","stream_id":"713531ef-e23c-4b5f-a07f-bfff2b852dd0","world_id":"mc-cf4dce40-2be1-372b-b914-917f5dcc644c","dimension":"minecraft:overworld","sequence":192,"lifecycle":{"event":"update"},"metadata":{},"position":{"x":-47.06939044676948,"y":71.0,"z":73.40251597298894,"space":"minecraft"},"rotation":{"yaw":287.8501434326172,"pitch":14.549994468688965,"roll":0}}
[08:18:42] [MC7DTD-websocket/INFO]: 7DTD entity received: {"authority":"7dtd","dimension":"7dtd:main","entity_id":"1844a553-9729-44e9-a434-c9a33a617d07","entity_type":"7dtd:player","lifecycle":{"event":"update"},"metadata":{},"origin":{"dimension":"7dtd:main","entity_id":"1844a553-9729-44e9-a434-c9a33a617d07","game":"7dtd","world_id":"td-0d917a4eff776d999148769266591579674d2c42de6557026893a1902834f11f"},"position":{"x":-273.3487243652344,"y":61.07999801635742,"z":447.5339050292969,"space":"minecraft"},"rotation":{"pitch":-2.375,"roll":0,"yaw":113.41290283203125},"sequence":212,"source":"7dtd","stream_id":"d7a4bfe8-e239-44a6-b23b-2ec527b4cf7e","type":"entity_state","version":2,"world_id":"td-0d917a4eff776d999148769266591579674d2c42de6557026893a1902834f11f","components":{"presentation":{"renderer":"humanoid","model":"survivor","scale":1.0,"variant":"default"}}}
[08:18:42] [MC7DTD-websocket/INFO]: [Presentation] entity=1844a553-9729-44e9-a434-c9a33a617d07 renderer=humanoid model=survivor variant=default scale=1.0
[08:18:43] [Render thread/INFO]: 7DTD proxy updated: id=1844a553-9729-44e9-a434-c9a33a617d07 sequence=212 x=-273.3487243652344 y=61.07999801635742 z=447.5339050292969 yaw=113.41290283203125 pitch=-2.375 roll=0.0
[08:18:43] [MC7DTD-websocket/INFO]: 7DTD entity received: {"authority":"7dtd","dimension":"7dtd:main","entity_id":"1844a553-9729-44e9-a434-c9a33a617d07","entity_type":"7dtd:player","lifecycle":{"event":"update"},"metadata":{},"origin":{"dimension":"7dtd:main","entity_id":"1844a553-9729-44e9-a434-c9a33a617d07","game":"7dtd","world_id":"td-0d917a4eff776d999148769266591579674d2c42de6557026893a1902834f11f"},"position":{"x":-273.3487243652344,"y":61.07999801635742,"z":447.5339050292969,"space":"minecraft"},"rotation":{"pitch":-2.375,"roll":0,"yaw":113.41290283203125},"sequence":213,"source":"7dtd","stream_id":"d7a4bfe8-e239-44a6-b23b-2ec527b4cf7e","type":"entity_state","version":2,"world_id":"td-0d917a4eff776d999148769266591579674d2c42de6557026893a1902834f11f","components":{"presentation":{"renderer":"humanoid","model":"survivor","scale":1.0,"variant":"default"}}}
[08:18:43] [MC7DTD-websocket/INFO]: [Presentation] entity=1844a553-9729-44e9-a434-c9a33a617d07 renderer=humanoid model=survivor variant=default scale=1.0
[08:18:43] [Render thread/INFO]: 7DTD proxy updated: id=1844a553-9729-44e9-a434-c9a33a617d07 sequence=213 x=-273.3487243652344 y=61.07999801635742 z=447.5339050292969 yaw=113.41290283203125 pitch=-2.375 roll=0.0
[08:18:43] [MC7DTD-entity-test-send/INFO]: Player proxy sent: {"type":"entity_state","version":1,"source":"minecraft","entity_type":"minecraft:player","entity_id":"2b5d33df-ba0f-4e79-993a-835569712da3","stream_id":"713531ef-e23c-4b5f-a07f-bfff2b852dd0","world_id":"mc-cf4dce40-2be1-372b-b914-917f5dcc644c","dimension":"minecraft:overworld","sequence":193,"lifecycle":{"event":"update"},"metadata":{},"position":{"x":-47.06939044676948,"y":71.0,"z":73.40251597298894,"space":"minecraft"},"rotation":{"yaw":287.8501434326172,"pitch":14.549994468688965,"roll":0}}
[08:18:44] [MC7DTD-websocket/INFO]: 7DTD entity received: {"authority":"7dtd","dimension":"7dtd:main","entity_id":"1844a553-9729-44e9-a434-c9a33a617d07","entity_type":"7dtd:player","lifecycle":{"event":"update"},"metadata":{},"origin":{"dimension":"7dtd:main","entity_id":"1844a553-9729-44e9-a434-c9a33a617d07","game":"7dtd","world_id":"td-0d917a4eff776d999148769266591579674d2c42de6557026893a1902834f11f"},"position":{"x":-273.3487243652344,"y":61.07999801635742,"z":447.5339050292969,"space":"minecraft"},"rotation":{"pitch":-2.375,"roll":0,"yaw":113.41290283203125},"sequence":214,"source":"7dtd","stream_id":"d7a4bfe8-e239-44a6-b23b-2ec527b4cf7e","type":"entity_state","version":2,"world_id":"td-0d917a4eff776d999148769266591579674d2c42de6557026893a1902834f11f","components":{"presentation":{"renderer":"humanoid","model":"survivor","scale":1.0,"variant":"default"}}}
[08:18:44] [MC7DTD-websocket/INFO]: [Presentation] entity=1844a553-9729-44e9-a434-c9a33a617d07 renderer=humanoid model=survivor variant=default scale=1.0
[08:18:44] [Render thread/INFO]: 7DTD proxy updated: id=1844a553-9729-44e9-a434-c9a33a617d07 sequence=214 x=-273.3487243652344 y=61.07999801635742 z=447.5339050292969 yaw=113.41290283203125 pitch=-2.375 roll=0.0
[08:18:44] [MC7DTD-entity-test-send/INFO]: Player proxy sent: {"type":"entity_state","version":1,"source":"minecraft","entity_type":"minecraft:player","entity_id":"2b5d33df-ba0f-4e79-993a-835569712da3","stream_id":"713531ef-e23c-4b5f-a07f-bfff2b852dd0","world_id":"mc-cf4dce40-2be1-372b-b914-917f5dcc644c","dimension":"minecraft:overworld","sequence":194,"lifecycle":{"event":"update"},"metadata":{},"position":{"x":-47.06939044676948,"y":71.0,"z":73.40251597298894,"space":"minecraft"},"rotation":{"yaw":287.8501434326172,"pitch":14.549994468688965,"roll":0}}
[08:18:44] [MC7DTD-websocket/INFO]: 7DTD entity received: {"authority":"7dtd","dimension":"7dtd:main","entity_id":"1844a553-9729-44e9-a434-c9a33a617d07","entity_type":"7dtd:player","lifecycle":{"event":"update"},"metadata":{},"origin":{"dimension":"7dtd:main","entity_id":"1844a553-9729-44e9-a434-c9a33a617d07","game":"7dtd","world_id":"td-0d917a4eff776d999148769266591579674d2c42de6557026893a1902834f11f"},"position":{"x":-273.3487243652344,"y":61.07999801635742,"z":447.5339050292969,"space":"minecraft"},"rotation":{"pitch":-2.375,"roll":0,"yaw":113.41290283203125},"sequence":215,"source":"7dtd","stream_id":"d7a4bfe8-e239-44a6-b23b-2ec527b4cf7e","type":"entity_state","version":2,"world_id":"td-0d917a4eff776d999148769266591579674d2c42de6557026893a1902834f11f","components":{"presentation":{"renderer":"humanoid","model":"survivor","scale":1.0,"variant":"default"}}}
[08:18:44] [MC7DTD-websocket/INFO]: [Presentation] entity=1844a553-9729-44e9-a434-c9a33a617d07 renderer=humanoid model=survivor variant=default scale=1.0
[08:18:44] [Render thread/INFO]: 7DTD proxy updated: id=1844a553-9729-44e9-a434-c9a33a617d07 sequence=215 x=-273.3487243652344 y=61.07999801635742 z=447.5339050292969 yaw=113.41290283203125 pitch=-2.375 roll=0.0
[08:18:44] [MC7DTD-entity-test-send/INFO]: Player proxy sent: {"type":"entity_state","version":1,"source":"minecraft","entity_type":"minecraft:player","entity_id":"2b5d33df-ba0f-4e79-993a-835569712da3","stream_id":"713531ef-e23c-4b5f-a07f-bfff2b852dd0","world_id":"mc-cf4dce40-2be1-372b-b914-917f5dcc644c","dimension":"minecraft:overworld","sequence":195,"lifecycle":{"event":"update"},"metadata":{},"position":{"x":-47.06939044676948,"y":71.0,"z":73.40251597298894,"space":"minecraft"},"rotation":{"yaw":287.8501434326172,"pitch":14.549994468688965,"roll":0}}
[08:18:45] [MC7DTD-websocket/INFO]: 7DTD entity received: {"authority":"7dtd","dimension":"7dtd:main","entity_id":"1844a553-9729-44e9-a434-c9a33a617d07","entity_type":"7dtd:player","lifecycle":{"event":"update"},"metadata":{},"origin":{"dimension":"7dtd:main","entity_id":"1844a553-9729-44e9-a434-c9a33a617d07","game":"7dtd","world_id":"td-0d917a4eff776d999148769266591579674d2c42de6557026893a1902834f11f"},"position":{"x":-273.3487243652344,"y":61.07999801635742,"z":447.5339050292969,"space":"minecraft"},"rotation":{"pitch":-2.375,"roll":0,"yaw":113.41290283203125},"sequence":216,"source":"7dtd","stream_id":"d7a4bfe8-e239-44a6-b23b-2ec527b4cf7e","type":"entity_state","version":2,"world_id":"td-0d917a4eff776d999148769266591579674d2c42de6557026893a1902834f11f","components":{"presentation":{"renderer":"humanoid","model":"survivor","scale":1.0,"variant":"default"}}}
[08:18:45] [MC7DTD-websocket/INFO]: [Presentation] entity=1844a553-9729-44e9-a434-c9a33a617d07 renderer=humanoid model=survivor variant=default scale=1.0
[08:18:45] [Render thread/INFO]: 7DTD proxy updated: id=1844a553-9729-44e9-a434-c9a33a617d07 sequence=216 x=-273.3487243652344 y=61.07999801635742 z=447.5339050292969 yaw=113.41290283203125 pitch=-2.375 roll=0.0
[08:18:45] [MC7DTD-entity-test-send/INFO]: Player proxy sent: {"type":"entity_state","version":1,"source":"minecraft","entity_type":"minecraft:player","entity_id":"2b5d33df-ba0f-4e79-993a-835569712da3","stream_id":"713531ef-e23c-4b5f-a07f-bfff2b852dd0","world_id":"mc-cf4dce40-2be1-372b-b914-917f5dcc644c","dimension":"minecraft:overworld","sequence":196,"lifecycle":{"event":"update"},"metadata":{},"position":{"x":-47.06939044676948,"y":71.0,"z":73.40251597298894,"space":"minecraft"},"rotation":{"yaw":287.8501434326172,"pitch":14.549994468688965,"roll":0}}
[08:18:45] [MC7DTD-websocket/INFO]: 7DTD entity received: {"authority":"7dtd","dimension":"7dtd:main","entity_id":"1844a553-9729-44e9-a434-c9a33a617d07","entity_type":"7dtd:player","lifecycle":{"event":"update"},"metadata":{},"origin":{"dimension":"7dtd:main","entity_id":"1844a553-9729-44e9-a434-c9a33a617d07","game":"7dtd","world_id":"td-0d917a4eff776d999148769266591579674d2c42de6557026893a1902834f11f"},"position":{"x":-273.3487243652344,"y":61.07999801635742,"z":447.5339050292969,"space":"minecraft"},"rotation":{"pitch":-2.375,"roll":0,"yaw":113.41290283203125},"sequence":217,"source":"7dtd","stream_id":"d7a4bfe8-e239-44a6-b23b-2ec527b4cf7e","type":"entity_state","version":2,"world_id":"td-0d917a4eff776d999148769266591579674d2c42de6557026893a1902834f11f","components":{"presentation":{"renderer":"humanoid","model":"survivor","scale":1.0,"variant":"default"}}}
[08:18:45] [MC7DTD-websocket/INFO]: [Presentation] entity=1844a553-9729-44e9-a434-c9a33a617d07 renderer=humanoid model=survivor variant=default scale=1.0
[08:18:45] [Render thread/INFO]: 7DTD proxy updated: id=1844a553-9729-44e9-a434-c9a33a617d07 sequence=217 x=-273.3487243652344 y=61.07999801635742 z=447.5339050292969 yaw=113.41290283203125 pitch=-2.375 roll=0.0
[08:18:45] [MC7DTD-entity-test-send/INFO]: Player proxy sent: {"type":"entity_state","version":1,"source":"minecraft","entity_type":"minecraft:player","entity_id":"2b5d33df-ba0f-4e79-993a-835569712da3","stream_id":"713531ef-e23c-4b5f-a07f-bfff2b852dd0","world_id":"mc-cf4dce40-2be1-372b-b914-917f5dcc644c","dimension":"minecraft:overworld","sequence":197,"lifecycle":{"event":"update"},"metadata":{},"position":{"x":-47.06939044676948,"y":71.0,"z":73.40251597298894,"space":"minecraft"},"rotation":{"yaw":287.8501434326172,"pitch":14.549994468688965,"roll":0}}
[08:18:46] [MC7DTD-websocket/INFO]: 7DTD entity received: {"authority":"7dtd","dimension":"7dtd:main","entity_id":"1844a553-9729-44e9-a434-c9a33a617d07","entity_type":"7dtd:player","lifecycle":{"event":"update"},"metadata":{},"origin":{"dimension":"7dtd:main","entity_id":"1844a553-9729-44e9-a434-c9a33a617d07","game":"7dtd","world_id":"td-0d917a4eff776d999148769266591579674d2c42de6557026893a1902834f11f"},"position":{"x":-273.3487243652344,"y":61.07999801635742,"z":447.5339050292969,"space":"minecraft"},"rotation":{"pitch":-2.375,"roll":0,"yaw":113.41290283203125},"sequence":218,"source":"7dtd","stream_id":"d7a4bfe8-e239-44a6-b23b-2ec527b4cf7e","type":"entity_state","version":2,"world_id":"td-0d917a4eff776d999148769266591579674d2c42de6557026893a1902834f11f","components":{"presentation":{"renderer":"humanoid","model":"survivor","scale":1.0,"variant":"default"}}}
[08:18:46] [MC7DTD-websocket/INFO]: [Presentation] entity=1844a553-9729-44e9-a434-c9a33a617d07 renderer=humanoid model=survivor variant=default scale=1.0
[08:18:46] [Render thread/INFO]: 7DTD proxy updated: id=1844a553-9729-44e9-a434-c9a33a617d07 sequence=218 x=-273.3487243652344 y=61.07999801635742 z=447.5339050292969 yaw=113.41290283203125 pitch=-2.375 roll=0.0
[08:18:46] [MC7DTD-entity-test-send/INFO]: Player proxy sent: {"type":"entity_state","version":1,"source":"minecraft","entity_type":"minecraft:player","entity_id":"2b5d33df-ba0f-4e79-993a-835569712da3","stream_id":"713531ef-e23c-4b5f-a07f-bfff2b852dd0","world_id":"mc-cf4dce40-2be1-372b-b914-917f5dcc644c","dimension":"minecraft:overworld","sequence":198,"lifecycle":{"event":"update"},"metadata":{},"position":{"x":-47.06939044676948,"y":71.0,"z":73.40251597298894,"space":"minecraft"},"rotation":{"yaw":287.8501434326172,"pitch":14.549994468688965,"roll":0}}
[08:18:46] [MC7DTD-websocket/INFO]: 7DTD entity received: {"authority":"7dtd","dimension":"7dtd:main","entity_id":"1844a553-9729-44e9-a434-c9a33a617d07","entity_type":"7dtd:player","lifecycle":{"event":"update"},"metadata":{},"origin":{"dimension":"7dtd:main","entity_id":"1844a553-9729-44e9-a434-c9a33a617d07","game":"7dtd","world_id":"td-0d917a4eff776d999148769266591579674d2c42de6557026893a1902834f11f"},"position":{"x":-273.3487243652344,"y":61.07999801635742,"z":447.5339050292969,"space":"minecraft"},"rotation":{"pitch":-2.375,"roll":0,"yaw":113.41290283203125},"sequence":219,"source":"7dtd","stream_id":"d7a4bfe8-e239-44a6-b23b-2ec527b4cf7e","type":"entity_state","version":2,"world_id":"td-0d917a4eff776d999148769266591579674d2c42de6557026893a1902834f11f","components":{"presentation":{"renderer":"humanoid","model":"survivor","scale":1.0,"variant":"default"}}}
[08:18:46] [MC7DTD-websocket/INFO]: [Presentation] entity=1844a553-9729-44e9-a434-c9a33a617d07 renderer=humanoid model=survivor variant=default scale=1.0
[08:18:46] [Render thread/INFO]: 7DTD proxy updated: id=1844a553-9729-44e9-a434-c9a33a617d07 sequence=219 x=-273.3487243652344 y=61.07999801635742 z=447.5339050292969 yaw=113.41290283203125 pitch=-2.375 roll=0.0
[08:18:46] [MC7DTD-entity-test-send/INFO]: Player proxy sent: {"type":"entity_state","version":1,"source":"minecraft","entity_type":"minecraft:player","entity_id":"2b5d33df-ba0f-4e79-993a-835569712da3","stream_id":"713531ef-e23c-4b5f-a07f-bfff2b852dd0","world_id":"mc-cf4dce40-2be1-372b-b914-917f5dcc644c","dimension":"minecraft:overworld","sequence":199,"lifecycle":{"event":"update"},"metadata":{},"position":{"x":-47.06939044676948,"y":71.0,"z":73.40251597298894,"space":"minecraft"},"rotation":{"yaw":287.8501434326172,"pitch":14.549994468688965,"roll":0}}
[08:18:47] [MC7DTD-websocket/INFO]: 7DTD entity received: {"authority":"7dtd","dimension":"7dtd:main","entity_id":"1844a553-9729-44e9-a434-c9a33a617d07","entity_type":"7dtd:player","lifecycle":{"event":"update"},"metadata":{},"origin":{"dimension":"7dtd:main","entity_id":"1844a553-9729-44e9-a434-c9a33a617d07","game":"7dtd","world_id":"td-0d917a4eff776d999148769266591579674d2c42de6557026893a1902834f11f"},"position":{"x":-273.3487243652344,"y":61.07999801635742,"z":447.5339050292969,"space":"minecraft"},"rotation":{"pitch":-2.375,"roll":0,"yaw":113.41290283203125},"sequence":220,"source":"7dtd","stream_id":"d7a4bfe8-e239-44a6-b23b-2ec527b4cf7e","type":"entity_state","version":2,"world_id":"td-0d917a4eff776d999148769266591579674d2c42de6557026893a1902834f11f","components":{"presentation":{"renderer":"humanoid","model":"survivor","scale":1.0,"variant":"default"}}}
[08:18:47] [MC7DTD-websocket/INFO]: [Presentation] entity=1844a553-9729-44e9-a434-c9a33a617d07 renderer=humanoid model=survivor variant=default scale=1.0
[08:18:47] [Render thread/INFO]: 7DTD proxy updated: id=1844a553-9729-44e9-a434-c9a33a617d07 sequence=220 x=-273.3487243652344 y=61.07999801635742 z=447.5339050292969 yaw=113.41290283203125 pitch=-2.375 roll=0.0
[08:18:47] [MC7DTD-entity-test-send/INFO]: Player proxy sent: {"type":"entity_state","version":1,"source":"minecraft","entity_type":"minecraft:player","entity_id":"2b5d33df-ba0f-4e79-993a-835569712da3","stream_id":"713531ef-e23c-4b5f-a07f-bfff2b852dd0","world_id":"mc-cf4dce40-2be1-372b-b914-917f5dcc644c","dimension":"minecraft:overworld","sequence":200,"lifecycle":{"event":"update"},"metadata":{},"position":{"x":-47.06939044676948,"y":71.0,"z":73.40251597298894,"space":"minecraft"},"rotation":{"yaw":287.8501434326172,"pitch":14.549994468688965,"roll":0}}
[08:18:47] [MC7DTD-websocket/INFO]: 7DTD entity received: {"authority":"7dtd","dimension":"7dtd:main","entity_id":"1844a553-9729-44e9-a434-c9a33a617d07","entity_type":"7dtd:player","lifecycle":{"event":"update"},"metadata":{},"origin":{"dimension":"7dtd:main","entity_id":"1844a553-9729-44e9-a434-c9a33a617d07","game":"7dtd","world_id":"td-0d917a4eff776d999148769266591579674d2c42de6557026893a1902834f11f"},"position":{"x":-273.3487243652344,"y":61.07999801635742,"z":447.5339050292969,"space":"minecraft"},"rotation":{"pitch":-2.375,"roll":0,"yaw":113.41290283203125},"sequence":221,"source":"7dtd","stream_id":"d7a4bfe8-e239-44a6-b23b-2ec527b4cf7e","type":"entity_state","version":2,"world_id":"td-0d917a4eff776d999148769266591579674d2c42de6557026893a1902834f11f","components":{"presentation":{"renderer":"humanoid","model":"survivor","scale":1.0,"variant":"default"}}}
[08:18:47] [MC7DTD-websocket/INFO]: [Presentation] entity=1844a553-9729-44e9-a434-c9a33a617d07 renderer=humanoid model=survivor variant=default scale=1.0
[08:18:47] [Render thread/INFO]: 7DTD proxy updated: id=1844a553-9729-44e9-a434-c9a33a617d07 sequence=221 x=-273.3487243652344 y=61.07999801635742 z=447.5339050292969 yaw=113.41290283203125 pitch=-2.375 roll=0.0
[08:18:47] [MC7DTD-entity-test-send/INFO]: Player proxy sent: {"type":"entity_state","version":1,"source":"minecraft","entity_type":"minecraft:player","entity_id":"2b5d33df-ba0f-4e79-993a-835569712da3","stream_id":"713531ef-e23c-4b5f-a07f-bfff2b852dd0","world_id":"mc-cf4dce40-2be1-372b-b914-917f5dcc644c","dimension":"minecraft:overworld","sequence":201,"lifecycle":{"event":"update"},"metadata":{},"position":{"x":-47.06939044676948,"y":71.0,"z":73.40251597298894,"space":"minecraft"},"rotation":{"yaw":287.8501434326172,"pitch":14.549994468688965,"roll":0}}
[08:18:48] [MC7DTD-websocket/INFO]: 7DTD entity received: {"authority":"7dtd","dimension":"7dtd:main","entity_id":"1844a553-9729-44e9-a434-c9a33a617d07","entity_type":"7dtd:player","lifecycle":{"event":"update"},"metadata":{},"origin":{"dimension":"7dtd:main","entity_id":"1844a553-9729-44e9-a434-c9a33a617d07","game":"7dtd","world_id":"td-0d917a4eff776d999148769266591579674d2c42de6557026893a1902834f11f"},"position":{"x":-273.3487243652344,"y":61.07999801635742,"z":447.5339050292969,"space":"minecraft"},"rotation":{"pitch":-2.375,"roll":0,"yaw":113.41290283203125},"sequence":222,"source":"7dtd","stream_id":"d7a4bfe8-e239-44a6-b23b-2ec527b4cf7e","type":"entity_state","version":2,"world_id":"td-0d917a4eff776d999148769266591579674d2c42de6557026893a1902834f11f","components":{"presentation":{"renderer":"humanoid","model":"survivor","scale":1.0,"variant":"default"}}}
[08:18:48] [MC7DTD-websocket/INFO]: [Presentation] entity=1844a553-9729-44e9-a434-c9a33a617d07 renderer=humanoid model=survivor variant=default scale=1.0
[08:18:48] [Render thread/INFO]: 7DTD proxy updated: id=1844a553-9729-44e9-a434-c9a33a617d07 sequence=222 x=-273.3487243652344 y=61.07999801635742 z=447.5339050292969 yaw=113.41290283203125 pitch=-2.375 roll=0.0
[08:18:48] [MC7DTD-entity-test-send/INFO]: Player proxy sent: {"type":"entity_state","version":1,"source":"minecraft","entity_type":"minecraft:player","entity_id":"2b5d33df-ba0f-4e79-993a-835569712da3","stream_id":"713531ef-e23c-4b5f-a07f-bfff2b852dd0","world_id":"mc-cf4dce40-2be1-372b-b914-917f5dcc644c","dimension":"minecraft:overworld","sequence":202,"lifecycle":{"event":"update"},"metadata":{},"position":{"x":-47.06939044676948,"y":71.0,"z":73.40251597298894,"space":"minecraft"},"rotation":{"yaw":287.8501434326172,"pitch":14.549994468688965,"roll":0}}
[08:18:48] [MC7DTD-websocket/INFO]: 7DTD entity received: {"authority":"7dtd","dimension":"7dtd:main","entity_id":"1844a553-9729-44e9-a434-c9a33a617d07","entity_type":"7dtd:player","lifecycle":{"event":"update"},"metadata":{},"origin":{"dimension":"7dtd:main","entity_id":"1844a553-9729-44e9-a434-c9a33a617d07","game":"7dtd","world_id":"td-0d917a4eff776d999148769266591579674d2c42de6557026893a1902834f11f"},"position":{"x":-273.3487243652344,"y":61.07999801635742,"z":447.5339050292969,"space":"minecraft"},"rotation":{"pitch":-2.375,"roll":0,"yaw":113.41290283203125},"sequence":223,"source":"7dtd","stream_id":"d7a4bfe8-e239-44a6-b23b-2ec527b4cf7e","type":"entity_state","version":2,"world_id":"td-0d917a4eff776d999148769266591579674d2c42de6557026893a1902834f11f","components":{"presentation":{"renderer":"humanoid","model":"survivor","scale":1.0,"variant":"default"}}}
[08:18:48] [MC7DTD-websocket/INFO]: [Presentation] entity=1844a553-9729-44e9-a434-c9a33a617d07 renderer=humanoid model=survivor variant=default scale=1.0
[08:18:48] [Render thread/INFO]: 7DTD proxy updated: id=1844a553-9729-44e9-a434-c9a33a617d07 sequence=223 x=-273.3487243652344 y=61.07999801635742 z=447.5339050292969 yaw=113.41290283203125 pitch=-2.375 roll=0.0
[08:18:48] [MC7DTD-entity-test-send/INFO]: Player proxy sent: {"type":"entity_state","version":1,"source":"minecraft","entity_type":"minecraft:player","entity_id":"2b5d33df-ba0f-4e79-993a-835569712da3","stream_id":"713531ef-e23c-4b5f-a07f-bfff2b852dd0","world_id":"mc-cf4dce40-2be1-372b-b914-917f5dcc644c","dimension":"minecraft:overworld","sequence":203,"lifecycle":{"event":"update"},"metadata":{},"position":{"x":-47.06939044676948,"y":71.0,"z":73.40251597298894,"space":"minecraft"},"rotation":{"yaw":287.8501434326172,"pitch":14.549994468688965,"roll":0}}
[08:18:49] [MC7DTD-websocket/INFO]: 7DTD entity received: {"authority":"7dtd","dimension":"7dtd:main","entity_id":"1844a553-9729-44e9-a434-c9a33a617d07","entity_type":"7dtd:player","lifecycle":{"event":"update"},"metadata":{},"origin":{"dimension":"7dtd:main","entity_id":"1844a553-9729-44e9-a434-c9a33a617d07","game":"7dtd","world_id":"td-0d917a4eff776d999148769266591579674d2c42de6557026893a1902834f11f"},"position":{"x":-273.3487243652344,"y":61.07999801635742,"z":447.5339050292969,"space":"minecraft"},"rotation":{"pitch":-2.375,"roll":0,"yaw":113.41290283203125},"sequence":224,"source":"7dtd","stream_id":"d7a4bfe8-e239-44a6-b23b-2ec527b4cf7e","type":"entity_state","version":2,"world_id":"td-0d917a4eff776d999148769266591579674d2c42de6557026893a1902834f11f","components":{"presentation":{"renderer":"humanoid","model":"survivor","scale":1.0,"variant":"default"}}}
[08:18:49] [MC7DTD-websocket/INFO]: [Presentation] entity=1844a553-9729-44e9-a434-c9a33a617d07 renderer=humanoid model=survivor variant=default scale=1.0
[08:18:49] [Render thread/INFO]: 7DTD proxy updated: id=1844a553-9729-44e9-a434-c9a33a617d07 sequence=224 x=-273.3487243652344 y=61.07999801635742 z=447.5339050292969 yaw=113.41290283203125 pitch=-2.375 roll=0.0
[08:18:49] [MC7DTD-entity-test-send/INFO]: Player proxy sent: {"type":"entity_state","version":1,"source":"minecraft","entity_type":"minecraft:player","entity_id":"2b5d33df-ba0f-4e79-993a-835569712da3","stream_id":"713531ef-e23c-4b5f-a07f-bfff2b852dd0","world_id":"mc-cf4dce40-2be1-372b-b914-917f5dcc644c","dimension":"minecraft:overworld","sequence":204,"lifecycle":{"event":"update"},"metadata":{},"position":{"x":-47.06939044676948,"y":71.0,"z":73.40251597298894,"space":"minecraft"},"rotation":{"yaw":287.8501434326172,"pitch":14.549994468688965,"roll":0}}
[08:18:49] [MC7DTD-websocket/INFO]: 7DTD entity received: {"authority":"7dtd","dimension":"7dtd:main","entity_id":"1844a553-9729-44e9-a434-c9a33a617d07","entity_type":"7dtd:player","lifecycle":{"event":"update"},"metadata":{},"origin":{"dimension":"7dtd:main","entity_id":"1844a553-9729-44e9-a434-c9a33a617d07","game":"7dtd","world_id":"td-0d917a4eff776d999148769266591579674d2c42de6557026893a1902834f11f"},"position":{"x":-273.3487243652344,"y":61.07999801635742,"z":447.5339050292969,"space":"minecraft"},"rotation":{"pitch":-2.375,"roll":0,"yaw":113.41290283203125},"sequence":225,"source":"7dtd","stream_id":"d7a4bfe8-e239-44a6-b23b-2ec527b4cf7e","type":"entity_state","version":2,"world_id":"td-0d917a4eff776d999148769266591579674d2c42de6557026893a1902834f11f","components":{"presentation":{"renderer":"humanoid","model":"survivor","scale":1.0,"variant":"default"}}}
[08:18:49] [MC7DTD-websocket/INFO]: [Presentation] entity=1844a553-9729-44e9-a434-c9a33a617d07 renderer=humanoid model=survivor variant=default scale=1.0
[08:18:49] [Render thread/INFO]: 7DTD proxy updated: id=1844a553-9729-44e9-a434-c9a33a617d07 sequence=225 x=-273.3487243652344 y=61.07999801635742 z=447.5339050292969 yaw=113.41290283203125 pitch=-2.375 roll=0.0
[08:18:49] [MC7DTD-entity-test-send/INFO]: Player proxy sent: {"type":"entity_state","version":1,"source":"minecraft","entity_type":"minecraft:player","entity_id":"2b5d33df-ba0f-4e79-993a-835569712da3","stream_id":"713531ef-e23c-4b5f-a07f-bfff2b852dd0","world_id":"mc-cf4dce40-2be1-372b-b914-917f5dcc644c","dimension":"minecraft:overworld","sequence":205,"lifecycle":{"event":"update"},"metadata":{},"position":{"x":-47.06939044676948,"y":71.0,"z":73.40251597298894,"space":"minecraft"},"rotation":{"yaw":287.8501434326172,"pitch":14.549994468688965,"roll":0}}
[08:18:50] [MC7DTD-websocket/INFO]: 7DTD entity received: {"authority":"7dtd","dimension":"7dtd:main","entity_id":"1844a553-9729-44e9-a434-c9a33a617d07","entity_type":"7dtd:player","lifecycle":{"event":"update"},"metadata":{},"origin":{"dimension":"7dtd:main","entity_id":"1844a553-9729-44e9-a434-c9a33a617d07","game":"7dtd","world_id":"td-0d917a4eff776d999148769266591579674d2c42de6557026893a1902834f11f"},"position":{"x":-273.3487243652344,"y":61.07999801635742,"z":447.5339050292969,"space":"minecraft"},"rotation":{"pitch":-2.375,"roll":0,"yaw":113.41290283203125},"sequence":226,"source":"7dtd","stream_id":"d7a4bfe8-e239-44a6-b23b-2ec527b4cf7e","type":"entity_state","version":2,"world_id":"td-0d917a4eff776d999148769266591579674d2c42de6557026893a1902834f11f","components":{"presentation":{"renderer":"humanoid","model":"survivor","scale":1.0,"variant":"default"}}}
[08:18:50] [MC7DTD-websocket/INFO]: [Presentation] entity=1844a553-9729-44e9-a434-c9a33a617d07 renderer=humanoid model=survivor variant=default scale=1.0
[08:18:50] [Render thread/INFO]: 7DTD proxy updated: id=1844a553-9729-44e9-a434-c9a33a617d07 sequence=226 x=-273.3487243652344 y=61.07999801635742 z=447.5339050292969 yaw=113.41290283203125 pitch=-2.375 roll=0.0
[08:18:50] [MC7DTD-entity-test-send/INFO]: Player proxy sent: {"type":"entity_state","version":1,"source":"minecraft","entity_type":"minecraft:player","entity_id":"2b5d33df-ba0f-4e79-993a-835569712da3","stream_id":"713531ef-e23c-4b5f-a07f-bfff2b852dd0","world_id":"mc-cf4dce40-2be1-372b-b914-917f5dcc644c","dimension":"minecraft:overworld","sequence":206,"lifecycle":{"event":"update"},"metadata":{},"position":{"x":-47.06939044676948,"y":71.0,"z":73.40251597298894,"space":"minecraft"},"rotation":{"yaw":287.8501434326172,"pitch":14.549994468688965,"roll":0}}
[08:18:50] [MC7DTD-websocket/INFO]: 7DTD entity received: {"authority":"7dtd","dimension":"7dtd:main","entity_id":"1844a553-9729-44e9-a434-c9a33a617d07","entity_type":"7dtd:player","lifecycle":{"event":"update"},"metadata":{},"origin":{"dimension":"7dtd:main","entity_id":"1844a553-9729-44e9-a434-c9a33a617d07","game":"7dtd","world_id":"td-0d917a4eff776d999148769266591579674d2c42de6557026893a1902834f11f"},"position":{"x":-273.3487243652344,"y":61.07999801635742,"z":447.5339050292969,"space":"minecraft"},"rotation":{"pitch":-2.375,"roll":0,"yaw":113.41290283203125},"sequence":227,"source":"7dtd","stream_id":"d7a4bfe8-e239-44a6-b23b-2ec527b4cf7e","type":"entity_state","version":2,"world_id":"td-0d917a4eff776d999148769266591579674d2c42de6557026893a1902834f11f","components":{"presentation":{"renderer":"humanoid","model":"survivor","scale":1.0,"variant":"default"}}}
[08:18:50] [MC7DTD-websocket/INFO]: [Presentation] entity=1844a553-9729-44e9-a434-c9a33a617d07 renderer=humanoid model=survivor variant=default scale=1.0
[08:18:50] [Render thread/INFO]: 7DTD proxy updated: id=1844a553-9729-44e9-a434-c9a33a617d07 sequence=227 x=-273.3487243652344 y=61.07999801635742 z=447.5339050292969 yaw=113.41290283203125 pitch=-2.375 roll=0.0
[08:18:50] [MC7DTD-entity-test-send/INFO]: Player proxy sent: {"type":"entity_state","version":1,"source":"minecraft","entity_type":"minecraft:player","entity_id":"2b5d33df-ba0f-4e79-993a-835569712da3","stream_id":"713531ef-e23c-4b5f-a07f-bfff2b852dd0","world_id":"mc-cf4dce40-2be1-372b-b914-917f5dcc644c","dimension":"minecraft:overworld","sequence":207,"lifecycle":{"event":"update"},"metadata":{},"position":{"x":-47.06939044676948,"y":71.0,"z":73.40251597298894,"space":"minecraft"},"rotation":{"yaw":287.8501434326172,"pitch":14.549994468688965,"roll":0}}
[08:18:51] [MC7DTD-websocket/INFO]: 7DTD entity received: {"authority":"7dtd","dimension":"7dtd:main","entity_id":"1844a553-9729-44e9-a434-c9a33a617d07","entity_type":"7dtd:player","lifecycle":{"event":"update"},"metadata":{},"origin":{"dimension":"7dtd:main","entity_id":"1844a553-9729-44e9-a434-c9a33a617d07","game":"7dtd","world_id":"td-0d917a4eff776d999148769266591579674d2c42de6557026893a1902834f11f"},"position":{"x":-273.3487243652344,"y":61.07999801635742,"z":447.5339050292969,"space":"minecraft"},"rotation":{"pitch":-2.375,"roll":0,"yaw":113.41290283203125},"sequence":228,"source":"7dtd","stream_id":"d7a4bfe8-e239-44a6-b23b-2ec527b4cf7e","type":"entity_state","version":2,"world_id":"td-0d917a4eff776d999148769266591579674d2c42de6557026893a1902834f11f","components":{"presentation":{"renderer":"humanoid","model":"survivor","scale":1.0,"variant":"default"}}}
[08:18:51] [MC7DTD-websocket/INFO]: [Presentation] entity=1844a553-9729-44e9-a434-c9a33a617d07 renderer=humanoid model=survivor variant=default scale=1.0
[08:18:51] [Render thread/INFO]: 7DTD proxy updated: id=1844a553-9729-44e9-a434-c9a33a617d07 sequence=228 x=-273.3487243652344 y=61.07999801635742 z=447.5339050292969 yaw=113.41290283203125 pitch=-2.375 roll=0.0
[08:18:51] [MC7DTD-entity-test-send/INFO]: Player proxy sent: {"type":"entity_state","version":1,"source":"minecraft","entity_type":"minecraft:player","entity_id":"2b5d33df-ba0f-4e79-993a-835569712da3","stream_id":"713531ef-e23c-4b5f-a07f-bfff2b852dd0","world_id":"mc-cf4dce40-2be1-372b-b914-917f5dcc644c","dimension":"minecraft:overworld","sequence":208,"lifecycle":{"event":"update"},"metadata":{},"position":{"x":-47.06939044676948,"y":71.0,"z":73.40251597298894,"space":"minecraft"},"rotation":{"yaw":287.8501434326172,"pitch":14.549994468688965,"roll":0}}
[08:18:51] [MC7DTD-websocket/INFO]: 7DTD entity received: {"authority":"7dtd","dimension":"7dtd:main","entity_id":"1844a553-9729-44e9-a434-c9a33a617d07","entity_type":"7dtd:player","lifecycle":{"event":"update"},"metadata":{},"origin":{"dimension":"7dtd:main","entity_id":"1844a553-9729-44e9-a434-c9a33a617d07","game":"7dtd","world_id":"td-0d917a4eff776d999148769266591579674d2c42de6557026893a1902834f11f"},"position":{"x":-273.3487243652344,"y":61.07999801635742,"z":447.5339050292969,"space":"minecraft"},"rotation":{"pitch":-2.375,"roll":0,"yaw":113.41290283203125},"sequence":229,"source":"7dtd","stream_id":"d7a4bfe8-e239-44a6-b23b-2ec527b4cf7e","type":"entity_state","version":2,"world_id":"td-0d917a4eff776d999148769266591579674d2c42de6557026893a1902834f11f","components":{"presentation":{"renderer":"humanoid","model":"survivor","scale":1.0,"variant":"default"}}}
[08:18:51] [MC7DTD-websocket/INFO]: [Presentation] entity=1844a553-9729-44e9-a434-c9a33a617d07 renderer=humanoid model=survivor variant=default scale=1.0
[08:18:51] [Render thread/INFO]: 7DTD proxy updated: id=1844a553-9729-44e9-a434-c9a33a617d07 sequence=229 x=-273.3487243652344 y=61.07999801635742 z=447.5339050292969 yaw=113.41290283203125 pitch=-2.375 roll=0.0
[08:18:52] [MC7DTD-entity-test-send/INFO]: Player proxy sent: {"type":"entity_state","version":1,"source":"minecraft","entity_type":"minecraft:player","entity_id":"2b5d33df-ba0f-4e79-993a-835569712da3","stream_id":"713531ef-e23c-4b5f-a07f-bfff2b852dd0","world_id":"mc-cf4dce40-2be1-372b-b914-917f5dcc644c","dimension":"minecraft:overworld","sequence":209,"lifecycle":{"event":"update"},"metadata":{},"position":{"x":-47.06939044676948,"y":71.0,"z":73.40251597298894,"space":"minecraft"},"rotation":{"yaw":287.8501434326172,"pitch":14.549994468688965,"roll":0}}
[08:18:52] [MC7DTD-websocket/INFO]: 7DTD entity received: {"authority":"7dtd","dimension":"7dtd:main","entity_id":"1844a553-9729-44e9-a434-c9a33a617d07","entity_type":"7dtd:player","lifecycle":{"event":"update"},"metadata":{},"origin":{"dimension":"7dtd:main","entity_id":"1844a553-9729-44e9-a434-c9a33a617d07","game":"7dtd","world_id":"td-0d917a4eff776d999148769266591579674d2c42de6557026893a1902834f11f"},"position":{"x":-273.3487243652344,"y":61.07999801635742,"z":447.5339050292969,"space":"minecraft"},"rotation":{"pitch":-2.375,"roll":0,"yaw":113.41290283203125},"sequence":230,"source":"7dtd","stream_id":"d7a4bfe8-e239-44a6-b23b-2ec527b4cf7e","type":"entity_state","version":2,"world_id":"td-0d917a4eff776d999148769266591579674d2c42de6557026893a1902834f11f","components":{"presentation":{"renderer":"humanoid","model":"survivor","scale":1.0,"variant":"default"}}}
[08:18:52] [MC7DTD-websocket/INFO]: [Presentation] entity=1844a553-9729-44e9-a434-c9a33a617d07 renderer=humanoid model=survivor variant=default scale=1.0
[08:18:52] [Render thread/INFO]: 7DTD proxy updated: id=1844a553-9729-44e9-a434-c9a33a617d07 sequence=230 x=-273.3487243652344 y=61.07999801635742 z=447.5339050292969 yaw=113.41290283203125 pitch=-2.375 roll=0.0
[08:18:52] [MC7DTD-websocket/INFO]: 7DTD entity received: {"authority":"7dtd","dimension":"7dtd:main","entity_id":"1844a553-9729-44e9-a434-c9a33a617d07","entity_type":"7dtd:player","lifecycle":{"event":"update"},"metadata":{},"origin":{"dimension":"7dtd:main","entity_id":"1844a553-9729-44e9-a434-c9a33a617d07","game":"7dtd","world_id":"td-0d917a4eff776d999148769266591579674d2c42de6557026893a1902834f11f"},"position":{"x":-273.3487243652344,"y":61.07999801635742,"z":447.5339050292969,"space":"minecraft"},"rotation":{"pitch":-2.375,"roll":0,"yaw":113.41290283203125},"sequence":231,"source":"7dtd","stream_id":"d7a4bfe8-e239-44a6-b23b-2ec527b4cf7e","type":"entity_state","version":2,"world_id":"td-0d917a4eff776d999148769266591579674d2c42de6557026893a1902834f11f","components":{"presentation":{"renderer":"humanoid","model":"survivor","scale":1.0,"variant":"default"}}}
[08:18:52] [MC7DTD-websocket/INFO]: [Presentation] entity=1844a553-9729-44e9-a434-c9a33a617d07 renderer=humanoid model=survivor variant=default scale=1.0
[08:18:52] [Render thread/INFO]: 7DTD proxy updated: id=1844a553-9729-44e9-a434-c9a33a617d07 sequence=231 x=-273.3487243652344 y=61.07999801635742 z=447.5339050292969 yaw=113.41290283203125 pitch=-2.375 roll=0.0
[08:18:52] [MC7DTD-entity-test-send/INFO]: Player proxy sent: {"type":"entity_state","version":1,"source":"minecraft","entity_type":"minecraft:player","entity_id":"2b5d33df-ba0f-4e79-993a-835569712da3","stream_id":"713531ef-e23c-4b5f-a07f-bfff2b852dd0","world_id":"mc-cf4dce40-2be1-372b-b914-917f5dcc644c","dimension":"minecraft:overworld","sequence":210,"lifecycle":{"event":"update"},"metadata":{},"position":{"x":-47.06939044676948,"y":71.0,"z":73.40251597298894,"space":"minecraft"},"rotation":{"yaw":287.8501434326172,"pitch":14.549994468688965,"roll":0}}
[08:18:53] [MC7DTD-websocket/INFO]: 7DTD entity received: {"authority":"7dtd","dimension":"7dtd:main","entity_id":"1844a553-9729-44e9-a434-c9a33a617d07","entity_type":"7dtd:player","lifecycle":{"event":"update"},"metadata":{},"origin":{"dimension":"7dtd:main","entity_id":"1844a553-9729-44e9-a434-c9a33a617d07","game":"7dtd","world_id":"td-0d917a4eff776d999148769266591579674d2c42de6557026893a1902834f11f"},"position":{"x":-273.3487243652344,"y":61.07999801635742,"z":447.5339050292969,"space":"minecraft"},"rotation":{"pitch":-2.375,"roll":0,"yaw":113.41290283203125},"sequence":232,"source":"7dtd","stream_id":"d7a4bfe8-e239-44a6-b23b-2ec527b4cf7e","type":"entity_state","version":2,"world_id":"td-0d917a4eff776d999148769266591579674d2c42de6557026893a1902834f11f","components":{"presentation":{"renderer":"humanoid","model":"survivor","scale":1.0,"variant":"default"}}}
[08:18:53] [MC7DTD-websocket/INFO]: [Presentation] entity=1844a553-9729-44e9-a434-c9a33a617d07 renderer=humanoid model=survivor variant=default scale=1.0
[08:18:53] [Render thread/INFO]: 7DTD proxy updated: id=1844a553-9729-44e9-a434-c9a33a617d07 sequence=232 x=-273.3487243652344 y=61.07999801635742 z=447.5339050292969 yaw=113.41290283203125 pitch=-2.375 roll=0.0
[08:18:53] [MC7DTD-entity-test-send/INFO]: Player proxy sent: {"type":"entity_state","version":1,"source":"minecraft","entity_type":"minecraft:player","entity_id":"2b5d33df-ba0f-4e79-993a-835569712da3","stream_id":"713531ef-e23c-4b5f-a07f-bfff2b852dd0","world_id":"mc-cf4dce40-2be1-372b-b914-917f5dcc644c","dimension":"minecraft:overworld","sequence":211,"lifecycle":{"event":"update"},"metadata":{},"position":{"x":-47.06939044676948,"y":71.0,"z":73.40251597298894,"space":"minecraft"},"rotation":{"yaw":287.8501434326172,"pitch":14.549994468688965,"roll":0}}
[08:18:53] [MC7DTD-websocket/INFO]: 7DTD entity received: {"authority":"7dtd","dimension":"7dtd:main","entity_id":"1844a553-9729-44e9-a434-c9a33a617d07","entity_type":"7dtd:player","lifecycle":{"event":"update"},"metadata":{},"origin":{"dimension":"7dtd:main","entity_id":"1844a553-9729-44e9-a434-c9a33a617d07","game":"7dtd","world_id":"td-0d917a4eff776d999148769266591579674d2c42de6557026893a1902834f11f"},"position":{"x":-273.3487243652344,"y":61.07999801635742,"z":447.5339050292969,"space":"minecraft"},"rotation":{"pitch":-2.375,"roll":0,"yaw":113.41290283203125},"sequence":233,"source":"7dtd","stream_id":"d7a4bfe8-e239-44a6-b23b-2ec527b4cf7e","type":"entity_state","version":2,"world_id":"td-0d917a4eff776d999148769266591579674d2c42de6557026893a1902834f11f","components":{"presentation":{"renderer":"humanoid","model":"survivor","scale":1.0,"variant":"default"}}}
[08:18:53] [MC7DTD-websocket/INFO]: [Presentation] entity=1844a553-9729-44e9-a434-c9a33a617d07 renderer=humanoid model=survivor variant=default scale=1.0
[08:18:53] [Render thread/INFO]: 7DTD proxy updated: id=1844a553-9729-44e9-a434-c9a33a617d07 sequence=233 x=-273.3487243652344 y=61.07999801635742 z=447.5339050292969 yaw=113.41290283203125 pitch=-2.375 roll=0.0
[08:18:53] [MC7DTD-entity-test-send/INFO]: Player proxy sent: {"type":"entity_state","version":1,"source":"minecraft","entity_type":"minecraft:player","entity_id":"2b5d33df-ba0f-4e79-993a-835569712da3","stream_id":"713531ef-e23c-4b5f-a07f-bfff2b852dd0","world_id":"mc-cf4dce40-2be1-372b-b914-917f5dcc644c","dimension":"minecraft:overworld","sequence":212,"lifecycle":{"event":"update"},"metadata":{},"position":{"x":-47.06939044676948,"y":71.0,"z":73.40251597298894,"space":"minecraft"},"rotation":{"yaw":287.8501434326172,"pitch":14.549994468688965,"roll":0}}
[08:18:54] [MC7DTD-websocket/INFO]: 7DTD entity received: {"authority":"7dtd","dimension":"7dtd:main","entity_id":"1844a553-9729-44e9-a434-c9a33a617d07","entity_type":"7dtd:player","lifecycle":{"event":"update"},"metadata":{},"origin":{"dimension":"7dtd:main","entity_id":"1844a553-9729-44e9-a434-c9a33a617d07","game":"7dtd","world_id":"td-0d917a4eff776d999148769266591579674d2c42de6557026893a1902834f11f"},"position":{"x":-273.3487243652344,"y":61.07999801635742,"z":447.5339050292969,"space":"minecraft"},"rotation":{"pitch":-2.375,"roll":0,"yaw":113.41290283203125},"sequence":234,"source":"7dtd","stream_id":"d7a4bfe8-e239-44a6-b23b-2ec527b4cf7e","type":"entity_state","version":2,"world_id":"td-0d917a4eff776d999148769266591579674d2c42de6557026893a1902834f11f","components":{"presentation":{"renderer":"humanoid","model":"survivor","scale":1.0,"variant":"default"}}}
[08:18:54] [MC7DTD-websocket/INFO]: [Presentation] entity=1844a553-9729-44e9-a434-c9a33a617d07 renderer=humanoid model=survivor variant=default scale=1.0
[08:18:54] [Render thread/INFO]: 7DTD proxy updated: id=1844a553-9729-44e9-a434-c9a33a617d07 sequence=234 x=-273.3487243652344 y=61.07999801635742 z=447.5339050292969 yaw=113.41290283203125 pitch=-2.375 roll=0.0
[08:18:54] [MC7DTD-entity-test-send/INFO]: Player proxy sent: {"type":"entity_state","version":1,"source":"minecraft","entity_type":"minecraft:player","entity_id":"2b5d33df-ba0f-4e79-993a-835569712da3","stream_id":"713531ef-e23c-4b5f-a07f-bfff2b852dd0","world_id":"mc-cf4dce40-2be1-372b-b914-917f5dcc644c","dimension":"minecraft:overworld","sequence":213,"lifecycle":{"event":"update"},"metadata":{},"position":{"x":-47.06939044676948,"y":71.0,"z":73.40251597298894,"space":"minecraft"},"rotation":{"yaw":287.8501434326172,"pitch":14.549994468688965,"roll":0}}
[08:18:54] [MC7DTD-websocket/INFO]: 7DTD entity received: {"authority":"7dtd","dimension":"7dtd:main","entity_id":"1844a553-9729-44e9-a434-c9a33a617d07","entity_type":"7dtd:player","lifecycle":{"event":"update"},"metadata":{},"origin":{"dimension":"7dtd:main","entity_id":"1844a553-9729-44e9-a434-c9a33a617d07","game":"7dtd","world_id":"td-0d917a4eff776d999148769266591579674d2c42de6557026893a1902834f11f"},"position":{"x":-273.3487243652344,"y":61.07999801635742,"z":447.5339050292969,"space":"minecraft"},"rotation":{"pitch":-2.375,"roll":0,"yaw":113.41290283203125},"sequence":235,"source":"7dtd","stream_id":"d7a4bfe8-e239-44a6-b23b-2ec527b4cf7e","type":"entity_state","version":2,"world_id":"td-0d917a4eff776d999148769266591579674d2c42de6557026893a1902834f11f","components":{"presentation":{"renderer":"humanoid","model":"survivor","scale":1.0,"variant":"default"}}}
[08:18:54] [MC7DTD-websocket/INFO]: [Presentation] entity=1844a553-9729-44e9-a434-c9a33a617d07 renderer=humanoid model=survivor variant=default scale=1.0
[08:18:54] [Render thread/INFO]: 7DTD proxy updated: id=1844a553-9729-44e9-a434-c9a33a617d07 sequence=235 x=-273.3487243652344 y=61.07999801635742 z=447.5339050292969 yaw=113.41290283203125 pitch=-2.375 roll=0.0
[08:18:54] [MC7DTD-entity-test-send/INFO]: Player proxy sent: {"type":"entity_state","version":1,"source":"minecraft","entity_type":"minecraft:player","entity_id":"2b5d33df-ba0f-4e79-993a-835569712da3","stream_id":"713531ef-e23c-4b5f-a07f-bfff2b852dd0","world_id":"mc-cf4dce40-2be1-372b-b914-917f5dcc644c","dimension":"minecraft:overworld","sequence":214,"lifecycle":{"event":"update"},"metadata":{},"position":{"x":-47.06939044676948,"y":71.0,"z":73.40251597298894,"space":"minecraft"},"rotation":{"yaw":287.8501434326172,"pitch":14.549994468688965,"roll":0}}
[08:18:55] [MC7DTD-websocket/INFO]: 7DTD entity received: {"authority":"7dtd","dimension":"7dtd:main","entity_id":"1844a553-9729-44e9-a434-c9a33a617d07","entity_type":"7dtd:player","lifecycle":{"event":"update"},"metadata":{},"origin":{"dimension":"7dtd:main","entity_id":"1844a553-9729-44e9-a434-c9a33a617d07","game":"7dtd","world_id":"td-0d917a4eff776d999148769266591579674d2c42de6557026893a1902834f11f"},"position":{"x":-273.3487243652344,"y":61.07999801635742,"z":447.5339050292969,"space":"minecraft"},"rotation":{"pitch":-2.375,"roll":0,"yaw":113.41290283203125},"sequence":236,"source":"7dtd","stream_id":"d7a4bfe8-e239-44a6-b23b-2ec527b4cf7e","type":"entity_state","version":2,"world_id":"td-0d917a4eff776d999148769266591579674d2c42de6557026893a1902834f11f","components":{"presentation":{"renderer":"humanoid","model":"survivor","scale":1.0,"variant":"default"}}}
[08:18:55] [MC7DTD-websocket/INFO]: [Presentation] entity=1844a553-9729-44e9-a434-c9a33a617d07 renderer=humanoid model=survivor variant=default scale=1.0
[08:18:55] [Render thread/INFO]: 7DTD proxy updated: id=1844a553-9729-44e9-a434-c9a33a617d07 sequence=236 x=-273.3487243652344 y=61.07999801635742 z=447.5339050292969 yaw=113.41290283203125 pitch=-2.375 roll=0.0
[08:18:55] [MC7DTD-entity-test-send/INFO]: Player proxy sent: {"type":"entity_state","version":1,"source":"minecraft","entity_type":"minecraft:player","entity_id":"2b5d33df-ba0f-4e79-993a-835569712da3","stream_id":"713531ef-e23c-4b5f-a07f-bfff2b852dd0","world_id":"mc-cf4dce40-2be1-372b-b914-917f5dcc644c","dimension":"minecraft:overworld","sequence":215,"lifecycle":{"event":"update"},"metadata":{},"position":{"x":-47.06939044676948,"y":71.0,"z":73.40251597298894,"space":"minecraft"},"rotation":{"yaw":287.8501434326172,"pitch":14.549994468688965,"roll":0}}
[08:18:55] [MC7DTD-websocket/INFO]: 7DTD entity received: {"authority":"7dtd","dimension":"7dtd:main","entity_id":"1844a553-9729-44e9-a434-c9a33a617d07","entity_type":"7dtd:player","lifecycle":{"event":"update"},"metadata":{},"origin":{"dimension":"7dtd:main","entity_id":"1844a553-9729-44e9-a434-c9a33a617d07","game":"7dtd","world_id":"td-0d917a4eff776d999148769266591579674d2c42de6557026893a1902834f11f"},"position":{"x":-273.3487243652344,"y":61.07999801635742,"z":447.5339050292969,"space":"minecraft"},"rotation":{"pitch":-2.375,"roll":0,"yaw":113.41290283203125},"sequence":237,"source":"7dtd","stream_id":"d7a4bfe8-e239-44a6-b23b-2ec527b4cf7e","type":"entity_state","version":2,"world_id":"td-0d917a4eff776d999148769266591579674d2c42de6557026893a1902834f11f","components":{"presentation":{"renderer":"humanoid","model":"survivor","scale":1.0,"variant":"default"}}}
[08:18:55] [MC7DTD-websocket/INFO]: [Presentation] entity=1844a553-9729-44e9-a434-c9a33a617d07 renderer=humanoid model=survivor variant=default scale=1.0
[08:18:55] [Render thread/INFO]: 7DTD proxy updated: id=1844a553-9729-44e9-a434-c9a33a617d07 sequence=237 x=-273.3487243652344 y=61.07999801635742 z=447.5339050292969 yaw=113.41290283203125 pitch=-2.375 roll=0.0
[08:18:55] [MC7DTD-entity-test-send/INFO]: Player proxy sent: {"type":"entity_state","version":1,"source":"minecraft","entity_type":"minecraft:player","entity_id":"2b5d33df-ba0f-4e79-993a-835569712da3","stream_id":"713531ef-e23c-4b5f-a07f-bfff2b852dd0","world_id":"mc-cf4dce40-2be1-372b-b914-917f5dcc644c","dimension":"minecraft:overworld","sequence":216,"lifecycle":{"event":"update"},"metadata":{},"position":{"x":-47.06939044676948,"y":71.0,"z":73.40251597298894,"space":"minecraft"},"rotation":{"yaw":287.8501434326172,"pitch":14.549994468688965,"roll":0}}
[08:18:56] [MC7DTD-websocket/INFO]: 7DTD entity received: {"authority":"7dtd","dimension":"7dtd:main","entity_id":"1844a553-9729-44e9-a434-c9a33a617d07","entity_type":"7dtd:player","lifecycle":{"event":"update"},"metadata":{},"origin":{"dimension":"7dtd:main","entity_id":"1844a553-9729-44e9-a434-c9a33a617d07","game":"7dtd","world_id":"td-0d917a4eff776d999148769266591579674d2c42de6557026893a1902834f11f"},"position":{"x":-273.3487243652344,"y":61.07999801635742,"z":447.5339050292969,"space":"minecraft"},"rotation":{"pitch":-2.375,"roll":0,"yaw":113.41290283203125},"sequence":238,"source":"7dtd","stream_id":"d7a4bfe8-e239-44a6-b23b-2ec527b4cf7e","type":"entity_state","version":2,"world_id":"td-0d917a4eff776d999148769266591579674d2c42de6557026893a1902834f11f","components":{"presentation":{"renderer":"humanoid","model":"survivor","scale":1.0,"variant":"default"}}}
[08:18:56] [MC7DTD-websocket/INFO]: [Presentation] entity=1844a553-9729-44e9-a434-c9a33a617d07 renderer=humanoid model=survivor variant=default scale=1.0
[08:18:56] [Render thread/INFO]: 7DTD proxy updated: id=1844a553-9729-44e9-a434-c9a33a617d07 sequence=238 x=-273.3487243652344 y=61.07999801635742 z=447.5339050292969 yaw=113.41290283203125 pitch=-2.375 roll=0.0
[08:18:56] [MC7DTD-entity-test-send/INFO]: Player proxy sent: {"type":"entity_state","version":1,"source":"minecraft","entity_type":"minecraft:player","entity_id":"2b5d33df-ba0f-4e79-993a-835569712da3","stream_id":"713531ef-e23c-4b5f-a07f-bfff2b852dd0","world_id":"mc-cf4dce40-2be1-372b-b914-917f5dcc644c","dimension":"minecraft:overworld","sequence":217,"lifecycle":{"event":"update"},"metadata":{},"position":{"x":-47.06939044676948,"y":71.0,"z":73.40251597298894,"space":"minecraft"},"rotation":{"yaw":287.8501434326172,"pitch":14.549994468688965,"roll":0}}
[08:18:56] [MC7DTD-websocket/INFO]: 7DTD entity received: {"authority":"7dtd","dimension":"7dtd:main","entity_id":"1844a553-9729-44e9-a434-c9a33a617d07","entity_type":"7dtd:player","lifecycle":{"event":"update"},"metadata":{},"origin":{"dimension":"7dtd:main","entity_id":"1844a553-9729-44e9-a434-c9a33a617d07","game":"7dtd","world_id":"td-0d917a4eff776d999148769266591579674d2c42de6557026893a1902834f11f"},"position":{"x":-273.3487243652344,"y":61.07999801635742,"z":447.5339050292969,"space":"minecraft"},"rotation":{"pitch":-2.375,"roll":0,"yaw":113.41290283203125},"sequence":239,"source":"7dtd","stream_id":"d7a4bfe8-e239-44a6-b23b-2ec527b4cf7e","type":"entity_state","version":2,"world_id":"td-0d917a4eff776d999148769266591579674d2c42de6557026893a1902834f11f","components":{"presentation":{"renderer":"humanoid","model":"survivor","scale":1.0,"variant":"default"}}}
[08:18:56] [MC7DTD-websocket/INFO]: [Presentation] entity=1844a553-9729-44e9-a434-c9a33a617d07 renderer=humanoid model=survivor variant=default scale=1.0
[08:18:56] [Render thread/INFO]: 7DTD proxy updated: id=1844a553-9729-44e9-a434-c9a33a617d07 sequence=239 x=-273.3487243652344 y=61.07999801635742 z=447.5339050292969 yaw=113.41290283203125 pitch=-2.375 roll=0.0
[08:18:56] [MC7DTD-entity-test-send/INFO]: Player proxy sent: {"type":"entity_state","version":1,"source":"minecraft","entity_type":"minecraft:player","entity_id":"2b5d33df-ba0f-4e79-993a-835569712da3","stream_id":"713531ef-e23c-4b5f-a07f-bfff2b852dd0","world_id":"mc-cf4dce40-2be1-372b-b914-917f5dcc644c","dimension":"minecraft:overworld","sequence":218,"lifecycle":{"event":"update"},"metadata":{},"position":{"x":-47.06939044676948,"y":71.0,"z":73.40251597298894,"space":"minecraft"},"rotation":{"yaw":287.8501434326172,"pitch":14.549994468688965,"roll":0}}
[08:18:57] [MC7DTD-websocket/INFO]: 7DTD entity received: {"authority":"7dtd","dimension":"7dtd:main","entity_id":"1844a553-9729-44e9-a434-c9a33a617d07","entity_type":"7dtd:player","lifecycle":{"event":"update"},"metadata":{},"origin":{"dimension":"7dtd:main","entity_id":"1844a553-9729-44e9-a434-c9a33a617d07","game":"7dtd","world_id":"td-0d917a4eff776d999148769266591579674d2c42de6557026893a1902834f11f"},"position":{"x":-273.3487243652344,"y":61.07999801635742,"z":447.5339050292969,"space":"minecraft"},"rotation":{"pitch":-2.375,"roll":0,"yaw":113.41290283203125},"sequence":240,"source":"7dtd","stream_id":"d7a4bfe8-e239-44a6-b23b-2ec527b4cf7e","type":"entity_state","version":2,"world_id":"td-0d917a4eff776d999148769266591579674d2c42de6557026893a1902834f11f","components":{"presentation":{"renderer":"humanoid","model":"survivor","scale":1.0,"variant":"default"}}}
[08:18:57] [MC7DTD-websocket/INFO]: [Presentation] entity=1844a553-9729-44e9-a434-c9a33a617d07 renderer=humanoid model=survivor variant=default scale=1.0
[08:18:57] [Render thread/INFO]: 7DTD proxy updated: id=1844a553-9729-44e9-a434-c9a33a617d07 sequence=240 x=-273.3487243652344 y=61.07999801635742 z=447.5339050292969 yaw=113.41290283203125 pitch=-2.375 roll=0.0
[08:18:57] [MC7DTD-entity-test-send/INFO]: Player proxy sent: {"type":"entity_state","version":1,"source":"minecraft","entity_type":"minecraft:player","entity_id":"2b5d33df-ba0f-4e79-993a-835569712da3","stream_id":"713531ef-e23c-4b5f-a07f-bfff2b852dd0","world_id":"mc-cf4dce40-2be1-372b-b914-917f5dcc644c","dimension":"minecraft:overworld","sequence":219,"lifecycle":{"event":"update"},"metadata":{},"position":{"x":-47.06939044676948,"y":71.0,"z":73.40251597298894,"space":"minecraft"},"rotation":{"yaw":287.8501434326172,"pitch":14.549994468688965,"roll":0}}
[08:18:57] [MC7DTD-websocket/INFO]: 7DTD entity received: {"authority":"7dtd","dimension":"7dtd:main","entity_id":"1844a553-9729-44e9-a434-c9a33a617d07","entity_type":"7dtd:player","lifecycle":{"event":"update"},"metadata":{},"origin":{"dimension":"7dtd:main","entity_id":"1844a553-9729-44e9-a434-c9a33a617d07","game":"7dtd","world_id":"td-0d917a4eff776d999148769266591579674d2c42de6557026893a1902834f11f"},"position":{"x":-273.3487243652344,"y":61.07999801635742,"z":447.5339050292969,"space":"minecraft"},"rotation":{"pitch":-2.375,"roll":0,"yaw":113.41290283203125},"sequence":241,"source":"7dtd","stream_id":"d7a4bfe8-e239-44a6-b23b-2ec527b4cf7e","type":"entity_state","version":2,"world_id":"td-0d917a4eff776d999148769266591579674d2c42de6557026893a1902834f11f","components":{"presentation":{"renderer":"humanoid","model":"survivor","scale":1.0,"variant":"default"}}}
[08:18:57] [MC7DTD-websocket/INFO]: [Presentation] entity=1844a553-9729-44e9-a434-c9a33a617d07 renderer=humanoid model=survivor variant=default scale=1.0
[08:18:57] [Render thread/INFO]: 7DTD proxy updated: id=1844a553-9729-44e9-a434-c9a33a617d07 sequence=241 x=-273.3487243652344 y=61.07999801635742 z=447.5339050292969 yaw=113.41290283203125 pitch=-2.375 roll=0.0
[08:18:57] [MC7DTD-entity-test-send/INFO]: Player proxy sent: {"type":"entity_state","version":1,"source":"minecraft","entity_type":"minecraft:player","entity_id":"2b5d33df-ba0f-4e79-993a-835569712da3","stream_id":"713531ef-e23c-4b5f-a07f-bfff2b852dd0","world_id":"mc-cf4dce40-2be1-372b-b914-917f5dcc644c","dimension":"minecraft:overworld","sequence":220,"lifecycle":{"event":"update"},"metadata":{},"position":{"x":-47.06939044676948,"y":71.0,"z":73.40251597298894,"space":"minecraft"},"rotation":{"yaw":287.8501434326172,"pitch":14.549994468688965,"roll":0}}
[08:18:58] [MC7DTD-websocket/INFO]: 7DTD entity received: {"authority":"7dtd","dimension":"7dtd:main","entity_id":"1844a553-9729-44e9-a434-c9a33a617d07","entity_type":"7dtd:player","lifecycle":{"event":"update"},"metadata":{},"origin":{"dimension":"7dtd:main","entity_id":"1844a553-9729-44e9-a434-c9a33a617d07","game":"7dtd","world_id":"td-0d917a4eff776d999148769266591579674d2c42de6557026893a1902834f11f"},"position":{"x":-273.3487243652344,"y":61.07999801635742,"z":447.5339050292969,"space":"minecraft"},"rotation":{"pitch":-2.375,"roll":0,"yaw":113.41290283203125},"sequence":242,"source":"7dtd","stream_id":"d7a4bfe8-e239-44a6-b23b-2ec527b4cf7e","type":"entity_state","version":2,"world_id":"td-0d917a4eff776d999148769266591579674d2c42de6557026893a1902834f11f","components":{"presentation":{"renderer":"humanoid","model":"survivor","scale":1.0,"variant":"default"}}}
[08:18:58] [MC7DTD-websocket/INFO]: [Presentation] entity=1844a553-9729-44e9-a434-c9a33a617d07 renderer=humanoid model=survivor variant=default scale=1.0
[08:18:58] [Render thread/INFO]: 7DTD proxy updated: id=1844a553-9729-44e9-a434-c9a33a617d07 sequence=242 x=-273.3487243652344 y=61.07999801635742 z=447.5339050292969 yaw=113.41290283203125 pitch=-2.375 roll=0.0
[08:18:58] [MC7DTD-entity-test-send/INFO]: Player proxy sent: {"type":"entity_state","version":1,"source":"minecraft","entity_type":"minecraft:player","entity_id":"2b5d33df-ba0f-4e79-993a-835569712da3","stream_id":"713531ef-e23c-4b5f-a07f-bfff2b852dd0","world_id":"mc-cf4dce40-2be1-372b-b914-917f5dcc644c","dimension":"minecraft:overworld","sequence":221,"lifecycle":{"event":"update"},"metadata":{},"position":{"x":-47.06939044676948,"y":71.0,"z":73.40251597298894,"space":"minecraft"},"rotation":{"yaw":287.8501434326172,"pitch":14.549994468688965,"roll":0}}
[08:18:58] [MC7DTD-websocket/INFO]: 7DTD entity received: {"authority":"7dtd","dimension":"7dtd:main","entity_id":"1844a553-9729-44e9-a434-c9a33a617d07","entity_type":"7dtd:player","lifecycle":{"event":"update"},"metadata":{},"origin":{"dimension":"7dtd:main","entity_id":"1844a553-9729-44e9-a434-c9a33a617d07","game":"7dtd","world_id":"td-0d917a4eff776d999148769266591579674d2c42de6557026893a1902834f11f"},"position":{"x":-273.3487243652344,"y":61.07999801635742,"z":447.5339050292969,"space":"minecraft"},"rotation":{"pitch":-2.375,"roll":0,"yaw":113.41290283203125},"sequence":243,"source":"7dtd","stream_id":"d7a4bfe8-e239-44a6-b23b-2ec527b4cf7e","type":"entity_state","version":2,"world_id":"td-0d917a4eff776d999148769266591579674d2c42de6557026893a1902834f11f","components":{"presentation":{"renderer":"humanoid","model":"survivor","scale":1.0,"variant":"default"}}}
[08:18:58] [MC7DTD-websocket/INFO]: [Presentation] entity=1844a553-9729-44e9-a434-c9a33a617d07 renderer=humanoid model=survivor variant=default scale=1.0
[08:18:58] [Render thread/INFO]: 7DTD proxy updated: id=1844a553-9729-44e9-a434-c9a33a617d07 sequence=243 x=-273.3487243652344 y=61.07999801635742 z=447.5339050292969 yaw=113.41290283203125 pitch=-2.375 roll=0.0
[08:18:59] [MC7DTD-entity-test-send/INFO]: Player proxy sent: {"type":"entity_state","version":1,"source":"minecraft","entity_type":"minecraft:player","entity_id":"2b5d33df-ba0f-4e79-993a-835569712da3","stream_id":"713531ef-e23c-4b5f-a07f-bfff2b852dd0","world_id":"mc-cf4dce40-2be1-372b-b914-917f5dcc644c","dimension":"minecraft:overworld","sequence":222,"lifecycle":{"event":"update"},"metadata":{},"position":{"x":-47.06939044676948,"y":71.0,"z":73.40251597298894,"space":"minecraft"},"rotation":{"yaw":287.8501434326172,"pitch":14.549994468688965,"roll":0}}
[08:18:59] [MC7DTD-websocket/INFO]: 7DTD entity received: {"authority":"7dtd","dimension":"7dtd:main","entity_id":"1844a553-9729-44e9-a434-c9a33a617d07","entity_type":"7dtd:player","lifecycle":{"event":"update"},"metadata":{},"origin":{"dimension":"7dtd:main","entity_id":"1844a553-9729-44e9-a434-c9a33a617d07","game":"7dtd","world_id":"td-0d917a4eff776d999148769266591579674d2c42de6557026893a1902834f11f"},"position":{"x":-273.3487243652344,"y":61.07999801635742,"z":447.5339050292969,"space":"minecraft"},"rotation":{"pitch":-2.375,"roll":0,"yaw":113.41290283203125},"sequence":244,"source":"7dtd","stream_id":"d7a4bfe8-e239-44a6-b23b-2ec527b4cf7e","type":"entity_state","version":2,"world_id":"td-0d917a4eff776d999148769266591579674d2c42de6557026893a1902834f11f","components":{"presentation":{"renderer":"humanoid","model":"survivor","scale":1.0,"variant":"default"}}}
[08:18:59] [MC7DTD-websocket/INFO]: [Presentation] entity=1844a553-9729-44e9-a434-c9a33a617d07 renderer=humanoid model=survivor variant=default scale=1.0
[08:18:59] [Render thread/INFO]: 7DTD proxy updated: id=1844a553-9729-44e9-a434-c9a33a617d07 sequence=244 x=-273.3487243652344 y=61.07999801635742 z=447.5339050292969 yaw=113.41290283203125 pitch=-2.375 roll=0.0
[08:18:59] [MC7DTD-entity-test-send/INFO]: Player proxy sent: {"type":"entity_state","version":1,"source":"minecraft","entity_type":"minecraft:player","entity_id":"2b5d33df-ba0f-4e79-993a-835569712da3","stream_id":"713531ef-e23c-4b5f-a07f-bfff2b852dd0","world_id":"mc-cf4dce40-2be1-372b-b914-917f5dcc644c","dimension":"minecraft:overworld","sequence":223,"lifecycle":{"event":"update"},"metadata":{},"position":{"x":-47.06939044676948,"y":71.0,"z":73.40251597298894,"space":"minecraft"},"rotation":{"yaw":287.8501434326172,"pitch":14.549994468688965,"roll":0}}
[08:18:59] [MC7DTD-websocket/INFO]: 7DTD entity received: {"authority":"7dtd","dimension":"7dtd:main","entity_id":"1844a553-9729-44e9-a434-c9a33a617d07","entity_type":"7dtd:player","lifecycle":{"event":"update"},"metadata":{},"origin":{"dimension":"7dtd:main","entity_id":"1844a553-9729-44e9-a434-c9a33a617d07","game":"7dtd","world_id":"td-0d917a4eff776d999148769266591579674d2c42de6557026893a1902834f11f"},"position":{"x":-273.3487243652344,"y":61.07999801635742,"z":447.5339050292969,"space":"minecraft"},"rotation":{"pitch":-2.375,"roll":0,"yaw":113.41290283203125},"sequence":245,"source":"7dtd","stream_id":"d7a4bfe8-e239-44a6-b23b-2ec527b4cf7e","type":"entity_state","version":2,"world_id":"td-0d917a4eff776d999148769266591579674d2c42de6557026893a1902834f11f","components":{"presentation":{"renderer":"humanoid","model":"survivor","scale":1.0,"variant":"default"}}}
[08:18:59] [MC7DTD-websocket/INFO]: [Presentation] entity=1844a553-9729-44e9-a434-c9a33a617d07 renderer=humanoid model=survivor variant=default scale=1.0
[08:18:59] [Render thread/INFO]: 7DTD proxy updated: id=1844a553-9729-44e9-a434-c9a33a617d07 sequence=245 x=-273.3487243652344 y=61.07999801635742 z=447.5339050292969 yaw=113.41290283203125 pitch=-2.375 roll=0.0
[08:19:00] [MC7DTD-entity-test-send/INFO]: Player proxy sent: {"type":"entity_state","version":1,"source":"minecraft","entity_type":"minecraft:player","entity_id":"2b5d33df-ba0f-4e79-993a-835569712da3","stream_id":"713531ef-e23c-4b5f-a07f-bfff2b852dd0","world_id":"mc-cf4dce40-2be1-372b-b914-917f5dcc644c","dimension":"minecraft:overworld","sequence":224,"lifecycle":{"event":"update"},"metadata":{},"position":{"x":-47.06939044676948,"y":71.0,"z":73.40251597298894,"space":"minecraft"},"rotation":{"yaw":287.8501434326172,"pitch":14.549994468688965,"roll":0}}
[08:19:00] [MC7DTD-websocket/INFO]: 7DTD entity received: {"authority":"7dtd","dimension":"7dtd:main","entity_id":"1844a553-9729-44e9-a434-c9a33a617d07","entity_type":"7dtd:player","lifecycle":{"event":"update"},"metadata":{},"origin":{"dimension":"7dtd:main","entity_id":"1844a553-9729-44e9-a434-c9a33a617d07","game":"7dtd","world_id":"td-0d917a4eff776d999148769266591579674d2c42de6557026893a1902834f11f"},"position":{"x":-273.3487243652344,"y":61.07999801635742,"z":447.5339050292969,"space":"minecraft"},"rotation":{"pitch":-2.375,"roll":0,"yaw":113.41290283203125},"sequence":246,"source":"7dtd","stream_id":"d7a4bfe8-e239-44a6-b23b-2ec527b4cf7e","type":"entity_state","version":2,"world_id":"td-0d917a4eff776d999148769266591579674d2c42de6557026893a1902834f11f","components":{"presentation":{"renderer":"humanoid","model":"survivor","scale":1.0,"variant":"default"}}}
[08:19:00] [MC7DTD-websocket/INFO]: [Presentation] entity=1844a553-9729-44e9-a434-c9a33a617d07 renderer=humanoid model=survivor variant=default scale=1.0
[08:19:00] [Render thread/INFO]: 7DTD proxy updated: id=1844a553-9729-44e9-a434-c9a33a617d07 sequence=246 x=-273.3487243652344 y=61.07999801635742 z=447.5339050292969 yaw=113.41290283203125 pitch=-2.375 roll=0.0
[08:19:00] [MC7DTD-websocket/INFO]: 7DTD entity received: {"authority":"7dtd","dimension":"7dtd:main","entity_id":"1844a553-9729-44e9-a434-c9a33a617d07","entity_type":"7dtd:player","lifecycle":{"event":"update"},"metadata":{},"origin":{"dimension":"7dtd:main","entity_id":"1844a553-9729-44e9-a434-c9a33a617d07","game":"7dtd","world_id":"td-0d917a4eff776d999148769266591579674d2c42de6557026893a1902834f11f"},"position":{"x":-273.3487243652344,"y":61.07999801635742,"z":447.5339050292969,"space":"minecraft"},"rotation":{"pitch":-2.375,"roll":0,"yaw":113.41290283203125},"sequence":247,"source":"7dtd","stream_id":"d7a4bfe8-e239-44a6-b23b-2ec527b4cf7e","type":"entity_state","version":2,"world_id":"td-0d917a4eff776d999148769266591579674d2c42de6557026893a1902834f11f","components":{"presentation":{"renderer":"humanoid","model":"survivor","scale":1.0,"variant":"default"}}}
[08:19:00] [MC7DTD-websocket/INFO]: [Presentation] entity=1844a553-9729-44e9-a434-c9a33a617d07 renderer=humanoid model=survivor variant=default scale=1.0
[08:19:00] [Render thread/INFO]: 7DTD proxy updated: id=1844a553-9729-44e9-a434-c9a33a617d07 sequence=247 x=-273.3487243652344 y=61.07999801635742 z=447.5339050292969 yaw=113.41290283203125 pitch=-2.375 roll=0.0
[08:19:00] [MC7DTD-entity-test-send/INFO]: Player proxy sent: {"type":"entity_state","version":1,"source":"minecraft","entity_type":"minecraft:player","entity_id":"2b5d33df-ba0f-4e79-993a-835569712da3","stream_id":"713531ef-e23c-4b5f-a07f-bfff2b852dd0","world_id":"mc-cf4dce40-2be1-372b-b914-917f5dcc644c","dimension":"minecraft:overworld","sequence":225,"lifecycle":{"event":"update"},"metadata":{},"position":{"x":-47.06939044676948,"y":71.0,"z":73.40251597298894,"space":"minecraft"},"rotation":{"yaw":287.8501434326172,"pitch":14.549994468688965,"roll":0}}
[08:19:01] [MC7DTD-entity-test-send/INFO]: Player proxy sent: {"type":"entity_state","version":1,"source":"minecraft","entity_type":"minecraft:player","entity_id":"2b5d33df-ba0f-4e79-993a-835569712da3","stream_id":"713531ef-e23c-4b5f-a07f-bfff2b852dd0","world_id":"mc-cf4dce40-2be1-372b-b914-917f5dcc644c","dimension":"minecraft:overworld","sequence":226,"lifecycle":{"event":"update"},"metadata":{},"position":{"x":-47.06939044676948,"y":71.0,"z":73.40251597298894,"space":"minecraft"},"rotation":{"yaw":287.8501434326172,"pitch":14.549994468688965,"roll":0}}
[08:19:01] [MC7DTD-websocket/INFO]: 7DTD entity received: {"authority":"7dtd","dimension":"7dtd:main","entity_id":"1844a553-9729-44e9-a434-c9a33a617d07","entity_type":"7dtd:player","lifecycle":{"event":"update"},"metadata":{},"origin":{"dimension":"7dtd:main","entity_id":"1844a553-9729-44e9-a434-c9a33a617d07","game":"7dtd","world_id":"td-0d917a4eff776d999148769266591579674d2c42de6557026893a1902834f11f"},"position":{"x":-273.3487243652344,"y":61.07999801635742,"z":447.5339050292969,"space":"minecraft"},"rotation":{"pitch":-2.375,"roll":0,"yaw":113.41290283203125},"sequence":248,"source":"7dtd","stream_id":"d7a4bfe8-e239-44a6-b23b-2ec527b4cf7e","type":"entity_state","version":2,"world_id":"td-0d917a4eff776d999148769266591579674d2c42de6557026893a1902834f11f","components":{"presentation":{"renderer":"humanoid","model":"survivor","scale":1.0,"variant":"default"}}}
[08:19:01] [MC7DTD-websocket/INFO]: [Presentation] entity=1844a553-9729-44e9-a434-c9a33a617d07 renderer=humanoid model=survivor variant=default scale=1.0
[08:19:01] [Render thread/INFO]: 7DTD proxy updated: id=1844a553-9729-44e9-a434-c9a33a617d07 sequence=248 x=-273.3487243652344 y=61.07999801635742 z=447.5339050292969 yaw=113.41290283203125 pitch=-2.375 roll=0.0
[08:19:01] [Server thread/INFO]: Saving and pausing game...
[08:19:01] [Server thread/INFO]: Saving chunks for level 'ServerLevel[Demo World]'/minecraft:overworld
[08:19:01] [Server thread/INFO]: Saving chunks for level 'ServerLevel[Demo World]'/minecraft:the_nether
[08:19:01] [Server thread/INFO]: Saving chunks for level 'ServerLevel[Demo World]'/minecraft:the_end
[08:19:01] [MC7DTD-websocket/INFO]: 7DTD entity received: {"authority":"7dtd","dimension":"7dtd:main","entity_id":"1844a553-9729-44e9-a434-c9a33a617d07","entity_type":"7dtd:player","lifecycle":{"event":"update"},"metadata":{},"origin":{"dimension":"7dtd:main","entity_id":"1844a553-9729-44e9-a434-c9a33a617d07","game":"7dtd","world_id":"td-0d917a4eff776d999148769266591579674d2c42de6557026893a1902834f11f"},"position":{"x":-273.3487243652344,"y":61.07999801635742,"z":447.5339050292969,"space":"minecraft"},"rotation":{"pitch":-2.375,"roll":0,"yaw":113.41290283203125},"sequence":249,"source":"7dtd","stream_id":"d7a4bfe8-e239-44a6-b23b-2ec527b4cf7e","type":"entity_state","version":2,"world_id":"td-0d917a4eff776d999148769266591579674d2c42de6557026893a1902834f11f","components":{"presentation":{"renderer":"humanoid","model":"survivor","scale":1.0,"variant":"default"}}}
[08:19:01] [MC7DTD-websocket/INFO]: [Presentation] entity=1844a553-9729-44e9-a434-c9a33a617d07 renderer=humanoid model=survivor variant=default scale=1.0
[08:19:01] [Render thread/INFO]: 7DTD proxy updated: id=1844a553-9729-44e9-a434-c9a33a617d07 sequence=249 x=-273.3487243652344 y=61.07999801635742 z=447.5339050292969 yaw=113.41290283203125 pitch=-2.375 roll=0.0
[08:19:02] [Server thread/INFO]: MC7DTD-Test lost connection: 连接中断
[08:19:02] [Server thread/INFO]: MC7DTD-Test退出了游戏
[08:19:02] [Server thread/INFO]: Stopping singleplayer server as player logged out
[08:19:02] [Server thread/INFO]: Stopping server
[08:19:02] [Server thread/INFO]: Saving players
[08:19:02] [Server thread/INFO]: Saving worlds
[08:19:02] [MC7DTD-websocket/INFO]: 7DTD entity received: {"authority":"7dtd","dimension":"7dtd:main","entity_id":"1844a553-9729-44e9-a434-c9a33a617d07","entity_type":"7dtd:player","lifecycle":{"event":"update"},"metadata":{},"origin":{"dimension":"7dtd:main","entity_id":"1844a553-9729-44e9-a434-c9a33a617d07","game":"7dtd","world_id":"td-0d917a4eff776d999148769266591579674d2c42de6557026893a1902834f11f"},"position":{"x":-273.3487243652344,"y":61.07999801635742,"z":447.5339050292969,"space":"minecraft"},"rotation":{"pitch":-2.375,"roll":0,"yaw":113.41290283203125},"sequence":250,"source":"7dtd","stream_id":"d7a4bfe8-e239-44a6-b23b-2ec527b4cf7e","type":"entity_state","version":2,"world_id":"td-0d917a4eff776d999148769266591579674d2c42de6557026893a1902834f11f","components":{"presentation":{"renderer":"humanoid","model":"survivor","scale":1.0,"variant":"default"}}}
[08:19:02] [MC7DTD-websocket/INFO]: [Presentation] entity=1844a553-9729-44e9-a434-c9a33a617d07 renderer=humanoid model=survivor variant=default scale=1.0
[08:19:02] [Server thread/INFO]: Saving chunks for level 'ServerLevel[Demo World]'/minecraft:overworld
[08:19:02] [Server thread/INFO]: Saving chunks for level 'ServerLevel[Demo World]'/minecraft:the_nether
[08:19:02] [Server thread/INFO]: Saving chunks for level 'ServerLevel[Demo World]'/minecraft:the_end
[08:19:02] [Server thread/INFO]: ThreadedAnvilChunkStorage (Demo_World): All chunks are saved
[08:19:02] [Server thread/INFO]: ThreadedAnvilChunkStorage (DIM-1): All chunks are saved
[08:19:02] [Server thread/INFO]: ThreadedAnvilChunkStorage (DIM1): All chunks are saved
[08:19:02] [Server thread/INFO]: ThreadedAnvilChunkStorage: All dimensions are saved
[08:19:02] [Render thread/INFO]: 7DTD proxy display deleted: body=-1000000 nose=-1000001 removed=true thread=Render thread
[08:19:02] [Render thread/INFO]: 7DTD proxy reset: connection=false worldReady=false
[08:19:02] [MC7DTD-entity-test-send/INFO]: Player proxy sent: {"type":"entity_state","version":1,"source":"minecraft","entity_type":"minecraft:player","entity_id":"2b5d33df-ba0f-4e79-993a-835569712da3","stream_id":"713531ef-e23c-4b5f-a07f-bfff2b852dd0","world_id":"mc-cf4dce40-2be1-372b-b914-917f5dcc644c","dimension":"minecraft:overworld","sequence":227,"lifecycle":{"event":"despawn","reason":"world_unloaded"},"metadata":{},"position":null,"rotation":null}
[08:19:02] [MC7DTD-websocket/INFO]: 7DTD entity received: {"authority":"7dtd","dimension":"7dtd:main","entity_id":"1844a553-9729-44e9-a434-c9a33a617d07","entity_type":"7dtd:player","lifecycle":{"event":"update"},"metadata":{},"origin":{"dimension":"7dtd:main","entity_id":"1844a553-9729-44e9-a434-c9a33a617d07","game":"7dtd","world_id":"td-0d917a4eff776d999148769266591579674d2c42de6557026893a1902834f11f"},"position":{"x":-273.3487243652344,"y":61.07999801635742,"z":447.5339050292969,"space":"minecraft"},"rotation":{"pitch":-2.375,"roll":0,"yaw":113.41290283203125},"sequence":251,"source":"7dtd","stream_id":"d7a4bfe8-e239-44a6-b23b-2ec527b4cf7e","type":"entity_state","version":2,"world_id":"td-0d917a4eff776d999148769266591579674d2c42de6557026893a1902834f11f","components":{"presentation":{"renderer":"humanoid","model":"survivor","scale":1.0,"variant":"default"}}}
[08:19:02] [MC7DTD-websocket/INFO]: [Presentation] entity=1844a553-9729-44e9-a434-c9a33a617d07 renderer=humanoid model=survivor variant=default scale=1.0
[08:19:03] [MC7DTD-websocket/INFO]: 7DTD entity received: {"authority":"7dtd","dimension":"7dtd:main","entity_id":"1844a553-9729-44e9-a434-c9a33a617d07","entity_type":"7dtd:player","lifecycle":{"event":"update"},"metadata":{},"origin":{"dimension":"7dtd:main","entity_id":"1844a553-9729-44e9-a434-c9a33a617d07","game":"7dtd","world_id":"td-0d917a4eff776d999148769266591579674d2c42de6557026893a1902834f11f"},"position":{"x":-273.3487243652344,"y":61.07999801635742,"z":447.5339050292969,"space":"minecraft"},"rotation":{"pitch":-2.375,"roll":0,"yaw":113.41290283203125},"sequence":252,"source":"7dtd","stream_id":"d7a4bfe8-e239-44a6-b23b-2ec527b4cf7e","type":"entity_state","version":2,"world_id":"td-0d917a4eff776d999148769266591579674d2c42de6557026893a1902834f11f","components":{"presentation":{"renderer":"humanoid","model":"survivor","scale":1.0,"variant":"default"}}}
[08:19:03] [MC7DTD-websocket/INFO]: [Presentation] entity=1844a553-9729-44e9-a434-c9a33a617d07 renderer=humanoid model=survivor variant=default scale=1.0
[08:19:03] [MC7DTD-websocket/INFO]: 7DTD entity received: {"authority":"7dtd","dimension":"7dtd:main","entity_id":"1844a553-9729-44e9-a434-c9a33a617d07","entity_type":"7dtd:player","lifecycle":{"event":"update"},"metadata":{},"origin":{"dimension":"7dtd:main","entity_id":"1844a553-9729-44e9-a434-c9a33a617d07","game":"7dtd","world_id":"td-0d917a4eff776d999148769266591579674d2c42de6557026893a1902834f11f"},"position":{"x":-273.3487243652344,"y":61.07999801635742,"z":447.5339050292969,"space":"minecraft"},"rotation":{"pitch":-2.375,"roll":0,"yaw":113.41290283203125},"sequence":253,"source":"7dtd","stream_id":"d7a4bfe8-e239-44a6-b23b-2ec527b4cf7e","type":"entity_state","version":2,"world_id":"td-0d917a4eff776d999148769266591579674d2c42de6557026893a1902834f11f","components":{"presentation":{"renderer":"humanoid","model":"survivor","scale":1.0,"variant":"default"}}}
[08:19:03] [MC7DTD-websocket/INFO]: [Presentation] entity=1844a553-9729-44e9-a434-c9a33a617d07 renderer=humanoid model=survivor variant=default scale=1.0
[08:19:03] [MC7DTD-websocket/INFO]: 7DTD health received: id=1844a553-9729-44e9-a434-c9a33a617d07 revision=2 mode=patch removed=true
[08:19:03] [MC7DTD-websocket/INFO]: 7DTD identity received: id=1844a553-9729-44e9-a434-c9a33a617d07 revision=2 mode=patch identity={} removed=true
[08:19:03] [MC7DTD-websocket/INFO]: 7DTD entity received: {"authority":"7dtd","dimension":"7dtd:main","entity_id":"1844a553-9729-44e9-a434-c9a33a617d07","entity_type":"7dtd:player","lifecycle":{"event":"despawn","reason":"world_unloaded"},"metadata":{},"origin":{"dimension":"7dtd:main","entity_id":"1844a553-9729-44e9-a434-c9a33a617d07","game":"7dtd","world_id":"td-0d917a4eff776d999148769266591579674d2c42de6557026893a1902834f11f"},"position":null,"rotation":null,"sequence":254,"source":"7dtd","stream_id":"d7a4bfe8-e239-44a6-b23b-2ec527b4cf7e","type":"entity_state","version":2,"world_id":"td-0d917a4eff776d999148769266591579674d2c42de6557026893a1902834f11f"}
[08:19:03] [Render thread/INFO]: 7DTD proxy despawned: id=1844a553-9729-44e9-a434-c9a33a617d07 sequence=254 count=0
[08:19:04] [Render thread/INFO]: Stopping!
[08:19:04] [Render thread/INFO]: 7DTD proxy reset: connection=true worldReady=false
